"status","current_exists","achievement_id","title","description","category_id","category_name","criteria_tree_id","reward_item_id","flags","points"
"shadowlands_category_confirmed","True","13878","The Master of Revendreth","Complete the Revendreth storylines listed below.","15422","Shadowlands","81920","0","0","10"
"shadowlands_category_confirmed","True","14164","Awaken, Ardenweald","Complete the Ardenweald storylines listed below.","15422","Shadowlands","83602","0","0","10"
"shadowlands_category_confirmed","True","14197","Sanguine Depths","Defeat General Kaal in Sanguine Depths.","15428","Shadowlands Dungeon","84701","0","0","10"
"shadowlands_category_confirmed","True","14198","Heroic: Sanguine Depths","Defeat General Kaal in Sanguine Depths on Heroic difficulty or higher.","15428","Shadowlands Dungeon","84703","0","0","10"
"shadowlands_category_confirmed","True","14199","Mythic: Sanguine Depths","Defeat General Kaal in Sanguine Depths on Mythic or Mythic Keystone difficulty.","15428","Shadowlands Dungeon","84705","0","0","10"
"snapshot_candidate","True","14200","Mythic: Sanguine Depths Guild Run","Defeat General Kaal in Sanguine Depths on Mythic difficulty while in a guild group.","15429","Shadowlands Dungeon","84711","0","49152","10"
"snapshot_candidate","True","14201","General Kaal kills (Normal Sanguine Depths)","","15430","Shadowlands","84713","0","1","0"
"snapshot_candidate","True","14202","General Kaal kills (Heroic Sanguine Depths)","","15430","Shadowlands","84715","0","1","0"
"snapshot_candidate","True","14205","General Kaal kills (Mythic Sanguine Depths)","","15430","Shadowlands","84717","0","1","0"
"shadowlands_category_confirmed","True","14206","Blade of the Primus","Complete the Maldraxxus storylines listed below.","15422","Shadowlands","84731","0","0","10"
"snapshot_candidate","True","14213","9.0 - Covenant - Night Fae - Soulshape Selected","Soulshape form currently selected if you have joined the Night Fae covenant.","130","Character","84764","0","3145733","0"
"snapshot_candidate","True","14221","<Hidden> - NPE - Sold Item","","96","Quests","84853","0","1048576","0"
"snapshot_candidate","True","14222","Exile's Reach","Escape the isle of Exile's Reach and embark upon a greater adventure.","96","Quests","84901","0","131072","10"
"snapshot_candidate","True","14223","<Hidden> - NPE - Bought Item","","96","Quests","84857","0","1048576","0"
"shadowlands_category_confirmed","True","14233","Tea Tales","Hear every side of the story at Theotar's tea party.","15422","Shadowlands","84917","0","0","10"
"snapshot_candidate","True","14235","9.0 Shadowlands - Expansion Quest Launch - Prologue","","92","Character","85059","0","1310724","0"
"snapshot_candidate","True","14271","WoW's 16th Anniversary","Logged in during WoW's 16th Anniversary.","15274","Events","85171","178513","2048","0"
"shadowlands_category_confirmed","True","14272","Best Bud With Benefits","Earn Stonehead's friendship in Revendreth.","15436","Shadowlands","85204","0","0","5"
"shadowlands_category_confirmed","True","14273","Crypt Kicker","Open 50 Atonement Crypts in Revendreth.","15436","Shadowlands","85208","0","0","5"
"shadowlands_category_confirmed","True","14274","Absolution for All","Help 100 fugitive souls complete a ritual of absolution in Revendreth.","15436","Shadowlands","85210","0","0","5"
"shadowlands_category_confirmed","True","14276","It's Always Sinny in Revendreth","Defeat the following inquisitors in Revendreth.","15436","Shadowlands","85212","0","0","5"
"shadowlands_category_confirmed","True","14277","The Accuser's Avowed","Complete the Revendreth achievements listed below.","15436","Shadowlands","85225","0","131072","15"
"shadowlands_category_confirmed","True","14280","Loremaster of Shadowlands","Complete the Shadowlands quest achievements listed below.","15422","Shadowlands","85294","0","131072","10"
"shadowlands_category_confirmed","True","14281","The Path to Ascension","Complete the Bastion storylines listed below.","15422","Shadowlands","85231","0","0","10"
"snapshot_candidate","True","14283","Heroic Edition: Ensorcelled Everwyrm","Owner of the Shadowlands Heroic Edition Ensorcelled Everwyrm mount.","15268","Promotions","85314","0","133120","0"
"shadowlands_category_confirmed","True","14284","Breaking Bad","Defeat Echelon after shattering 18 or more Undying Stonefiends at one time in the Halls of Atonement on Mythic difficulty.","15428","Shadowlands Dungeon","85320","0","0","10"
"shadowlands_category_confirmed","True","14285","Ready for Raiding VII","Defeat Nalthor the Rimebinder without being struck by Comet Storm, Blizzard, or the secondary effect of Frozen Binds in the Necrotic Wake on Mythic difficulty.","15428","Shadowlands Dungeon","85466","0","0","10"
"shadowlands_category_confirmed","True","14286","Residue Evil","Defeat Executor Tarvold after slaying 8 Forlorn Captives with the effects of Residue in Sanguine Depths on Mythic difficulty.","15428","Shadowlands Dungeon","85470","0","0","10"
"snapshot_candidate","True","14287","<Hidden> Completed New Player Experience (Account)","Once earned, the player is no longer considered ""new"" and is allowed to choose between Exlie's Reach and the racial starting experience when creating a new character.","96","Quests","85509","0","11665412","0"
"shadowlands_category_hidden","True","14288","<Hidden> - The Master of Lies - Scenario Complete","","15422","Shadowlands","85532","0","1048576","0"
"shadowlands_category_confirmed","True","14289","Kaal-ed Shot","Defeat General Kaal while affected by Slammed! in the Sanguine Depths on Mythic difficulty.","15428","Shadowlands Dungeon","85555","0","0","10"
"shadowlands_category_confirmed","True","14290","I Only Have Eyes For You","Defeat Duraka the Unbreakable in the Sanguine Depths on Mythic difficulty.","15428","Shadowlands Dungeon","85557","0","0","10"
"shadowlands_category_confirmed","True","14291","Someone Could Trip on These!","Find Mistcaller's 6 toys in the Mists of Tirna Scithe on Mythic difficulty.","15428","Shadowlands Dungeon","85592","0","0","10"
"shadowlands_category_confirmed","True","14292","Riding with my Slimes","Defeat all bosses while affected by Plaguefallen within a single visit in Plaguefall on Mythic difficulty.","15428","Shadowlands Dungeon","85642","0","0","10"
"shadowlands_category_confirmed","True","14293","Blind as a Bat","Defeat Shriekwing after she kills six Sneaky Servitors in Castle Nathria on Normal difficulty or higher.","15438","Shadowlands Raid","85647","0","0","10"
"shadowlands_category_confirmed","True","14294","Dirtflap's Revenge","Defeat Sludgefist after he collides with pillars in Dirtflap's preferred order in Castle Nathria on Normal difficulty or higher.","15438","Shadowlands Raid","85644","0","0","10"
"shadowlands_category_confirmed","True","14295","Bountiful Harvest","Defeat Amarth the Harvester after he's consumed the corpse of a Grisly Colossus using Final Harvest  in the Necrotic Wake on Mythic difficulty.","15428","Shadowlands Dungeon","85735","0","0","10"
"shadowlands_category_confirmed","True","14296","Going Viral","Defeat Doctor Ickus after destroying 2 Volatile Plague Bombs in Plaguefall on Mythic difficulty.","15428","Shadowlands Dungeon","85653","0","0","10"
"shadowlands_category_confirmed","True","14297","Three Choose One","Defeat each of the combatants last throughout multiple completions of the Affront of Challengers encounter in the Theater of Pain on Mythic difficulty.","15428","Shadowlands Dungeon","85712","0","0","10"
"shadowlands_category_confirmed","True","14303","Explore Bastion","Explore Bastion, revealing the covered areas of the world map.","15436","Shadowlands","85720","0","0","10"
"shadowlands_category_confirmed","True","14304","Explore Ardenweald","Explore Ardenweald, revealing the covered areas of the world map.","15436","Shadowlands","85721","0","0","10"
"shadowlands_category_confirmed","True","14305","Explore Maldraxxus","Explore Maldraxxus, revealing the covered areas of the world map.","15436","Shadowlands","85722","0","0","10"
"shadowlands_category_confirmed","True","14306","Explore Revendreth","Explore Revendreth, revealing the covered areas of the world map.","15436","Shadowlands","85723","0","0","10"
"shadowlands_category_confirmed","True","14307","Adventurer of Bastion","Complete 15 of the following special encounters in Bastion.","15436","Shadowlands","85724","0","0","10"
"shadowlands_category_confirmed","True","14308","Adventurer of Maldraxxus","Complete 15 of the following special encounters in Maldraxxus.","15436","Shadowlands","85725","0","0","10"
"shadowlands_category_confirmed","True","14309","Adventurer of Ardenweald","Complete 15 of the following special encounters in Ardenweald.","15436","Shadowlands","85726","0","0","10"
"shadowlands_category_confirmed","True","14310","Adventurer of Revendreth","Complete 15 of the following special encounters in Revendreth.","15436","Shadowlands","85727","0","0","10"
"shadowlands_category_confirmed","True","14311","Treasures of Bastion","Discover the hidden treasures of Bastion.","15436","Shadowlands","85728","0","0","10"
"shadowlands_category_confirmed","True","14312","Treasures of Maldraxxus","Discover the hidden treasures of Maldraxxus.","15436","Shadowlands","85729","0","0","10"
"shadowlands_category_confirmed","True","14313","Treasures of Ardenweald","Discover the hidden treasures of Ardenweald.","15436","Shadowlands","85730","0","0","10"
"shadowlands_category_confirmed","True","14314","Treasures of Revendreth","Discover the hidden treasures of Revendreth.","15436","Shadowlands","85731","0","0","10"
"shadowlands_category_confirmed","True","14315","Shadowlands Diplomat","Earn Revered with all of the reputations listed below.","15439","Shadowlands","85732","0","131072","10"
"shadowlands_category_confirmed","True","14320","Surgeon's Supplies","Defeat Surgeon Stitchflesh after destroying two barrels of spare parts in the Necrotic Wake on Mythic difficulty.","15428","Shadowlands Dungeon","85846","0","0","10"
"snapshot_candidate","True","14322","Glory of the Shadowlands Hero","Complete the Shadowlands Mythic dungeon achievements listed below.","168","Dungeons & Raids","85849","184183","143360","25"
"shadowlands_category_confirmed","True","14323","ExSPEARiential","Defeat Devos, Paragon of Doubt after hitting her with five Spears of Duty in the Spires of Ascension on Mythic difficulty.","15428","Shadowlands Dungeon","85861","0","0","10"
"shadowlands_category_confirmed","True","14324","Heroic: Spires of Ascension","Defeat Devos, Paragon of Doubt in Spires of Ascension on Heroic difficulty or higher","15428","Shadowlands Dungeon","85863","0","0","10"
"shadowlands_category_confirmed","True","14325","Mythic: Spires of Ascension","Defeat Devos, Paragon of Doubt in Spires of Ascension on Mythic or Mythic Keystone difficulty.","15428","Shadowlands Dungeon","85865","0","0","10"
"shadowlands_category_confirmed","True","14326","Spires of Ascension","Defeat Devos, Paragon of Doubt in Spires of Ascension.","15428","Shadowlands Dungeon","85867","0","0","10"
"shadowlands_category_confirmed","True","14327","I Can See My House From Here","Gather all five orbs within 60 seconds of each other in Spires of Ascension after defeating Devos, Paragon of Doubt in the Spires of Ascension on Mythic difficulty.","15428","Shadowlands Dungeon","85884","0","0","10"
"snapshot_candidate","True","14328","Professional Shadowlands Master","Obtain the maximum skill points in a ""Shadowlands"" category of a profession.","169","Professions","85886","0","4096","10"
"snapshot_candidate","True","14329","Working the Afterlife","Obtain maximum skill points in a ""Shadowlands"" category of two primary professions.","169","Professions","85898","0","0","10"
"snapshot_candidate","True","14330","Shadowlands Master of All","Raise all primary professions to maximum skill points in the ""Shadowlands"" category.","169","Professions","85910","0","143360","50"
"shadowlands_category_confirmed","True","14331","Goliath Offline","Defeat Oryphrion after activating and destroying all three Shattered Devastators in the Spires of Ascension on Mythic difficulty.","15428","Shadowlands Dungeon","85922","0","0","10"
"snapshot_candidate","True","14332","Shadowlands Cook","Obtain 75 skill points in the ""Shadowlands"" category of cooking.","170","Cooking","85926","0","0","10"
"snapshot_candidate","True","14333","Shadowlands Fisherman","Obtain 200 skill points in the ""Shadowlands"" category of fishing.","171","Fishing","85928","0","0","10"
"shadowlands_category_confirmed","True","14334","Into the Maw","Complete the introduction to Shadowlands.","15422","Shadowlands","85939","0","0","10"
"shadowlands_category_confirmed","True","14335","The Ascended","Earn Exalted status with the Ascended.","15439","Shadowlands","85988","0","0","5"
"shadowlands_category_confirmed","True","14336","Undying Army","Earn Exalted status with the Undying Army.","15439","Shadowlands","85990","0","0","5"
"shadowlands_category_confirmed","True","14337","The Wild Hunt","Earn Exalted status with the Wild Hunt.","15439","Shadowlands","85992","0","0","5"
"shadowlands_category_confirmed","True","14338","Court of Harvesters","Earn Exalted status with the Court of Harvesters.","15439","Shadowlands","85994","0","0","5"
"shadowlands_category_confirmed","True","14339","Shard Labor","Find all of the lost anima crystal shards in Bastion.","15436","Shadowlands","86020","0","131200","10"
"shadowlands_category_hidden","True","14340","The Path Towards Ascension 1","Defeat a boss in the Path of Ascension.","15441","Covenant Sanctums","86021","0","1048576","0"
"shadowlands_category_hidden","True","14342","The Path Towards Ascension 3","Defeat three bosses in the Path of Ascension.","15441","Covenant Sanctums","86062","0","1048576","0"
"shadowlands_category_hidden","True","14343","The Path Towards Ascension 5","Defeat five bosses in the Path of Ascension.","15441","Covenant Sanctums","86103","0","1048576","0"
"shadowlands_category_hidden","True","14344","The Path Towards Ascension 7","Defeat seven bosses in the Path of Ascension.","15441","Covenant Sanctums","86144","0","1048576","0"
"shadowlands_category_hidden","True","14345","The Path Towards Ascension 12","Defeat 12 bosses in the Path of Ascension.","15441","Covenant Sanctums","86185","0","1048576","0"
"shadowlands_category_hidden","True","14346","The Path Towards Ascension 16","Defeat 16 bosses in the Path of Ascension.","15441","Covenant Sanctums","86226","0","1048576","0"
"shadowlands_category_confirmed","True","14347","Full Gores Meal","Defeat Globgrog after feeding him a three course meal in Plaguefall on Mythic difficulty.","15428","Shadowlands Dungeon","86268","0","0","10"
"shadowlands_category_hidden","True","14348","The Path Towards Ascension 20","Defeat 20 bosses in the Path of Ascension.","15441","Covenant Sanctums","86276","0","1048576","0"
"shadowlands_category_hidden","True","14349","The Path Towards Ascension 24","Defeat 24 bosses in the Path of Ascension.","15441","Covenant Sanctums","86318","0","1048576","0"
"shadowlands_category_hidden","True","14351","The Path Towards Ascension 39","Defeat 39 bosses in the Path of Ascension.","15441","Covenant Sanctums","86360","0","1048576","0"
"shadowlands_category_confirmed","True","14352","Nobody Puts Denathrius in a Corner","Defeat Lord Chamberlain with 3 Sinstone Statues in corners of the room in the Halls of Atonement on Mythic difficulty.","15428","Shadowlands Dungeon","86413","0","0","10"
"shadowlands_category_confirmed","True","14353","Ardenweald's a Stage","Participate in the following plays at the Star Lake Amphitheater:","15436","Shadowlands","86446","0","0","5"
"shadowlands_category_confirmed","True","14354","Highly Communicable","Defeat Hakkar, the Manastorms, Dealer Xy'exa, and Mueh'zala while at least one party member is afflicted with Corrupted Blood within a single visit to in De Other Side on Mythic difficulty.","15428","Shadowlands Dungeon","86458","0","0","10"
"snapshot_candidate","True","14355","Glory of the Nathria Raider","Complete the Castle Nathria raid achievements listed below.","168","Dungeons & Raids","86465","182596","143360","25"
"shadowlands_category_confirmed","True","14356","Mythic: Shriekwing","Defeat Shriekwing in Castle Nathria on Mythic difficulty.","15438","Shadowlands Raid","86470","0","4096","10"
"shadowlands_category_confirmed","True","14357","Mythic: Huntsman Altimor","Defeat Huntsman Altimor in Castle Nathria on Mythic difficulty.","15438","Shadowlands Raid","86472","0","4096","10"
"shadowlands_category_confirmed","True","14358","Mythic: Hungering Destroyer","Defeat the Hungering Destroyer in Castle Nathria on Mythic difficulty.","15438","Shadowlands Raid","86474","0","4096","10"
"shadowlands_category_confirmed","True","14359","Mythic: Artificer Xy'mox","Defeat Artificer Xy'mox in Castle Nathria on Mythic difficulty.","15438","Shadowlands Raid","86476","0","4096","10"
"shadowlands_category_confirmed","True","14360","Mythic: Sun King's Salvation","Defeat Sun King's Salvation in Castle Nathria on Mythic difficulty.","15438","Shadowlands Raid","86478","0","4096","10"
"shadowlands_category_confirmed","True","14361","Mythic: Lady Inerva Darkvein","Defeat Lady Inerva Darkvein in Castle Nathria on Mythic difficulty.","15438","Shadowlands Raid","86480","0","4096","10"
"shadowlands_category_confirmed","True","14362","Mythic: The Council of Blood","Defeat The Council of Blood in Castle Nathria on Mythic difficulty.","15438","Shadowlands Raid","86482","0","4096","10"
"shadowlands_category_confirmed","True","14363","Mythic: Sludgefist","Defeat Sludgefist in Castle Nathria on Mythic difficulty.","15438","Shadowlands Raid","86484","0","4096","10"
"shadowlands_category_confirmed","True","14364","Mythic: Stone Legion Generals","Defeat the Stone Legion Generals in Castle Nathria on Mythic difficulty.","15438","Shadowlands Raid","86486","0","4096","10"
"shadowlands_category_confirmed","True","14365","Mythic: Sire Denathrius","Defeat Sire Denathrius in Castle Nathria on Mythic difficulty.","15438","Shadowlands Raid","86488","0","4096","10"
"shadowlands_category_confirmed","True","14366","The Necrotic Wake","Defeat Nalthor the Rimebinder in The Necrotic Wake.","15428","Shadowlands Dungeon","86490","0","0","10"
"shadowlands_category_confirmed","True","14367","Heroic: The Necrotic Wake","Defeat Nalthor the Rimebinder in The Necrotic Wake on Heroic difficulty or higher.","15428","Shadowlands Dungeon","86492","0","0","10"
"shadowlands_category_confirmed","True","14368","Mythic: The Necrotic Wake","Defeat Nalthor the Rimebinder in The Necrotic Wake on Mythic or Mythic Keystone difficulty.","15428","Shadowlands Dungeon","86494","0","0","10"
"shadowlands_category_confirmed","True","14369","Plaguefall","Defeat Margrave Stradama in Plaguefall.","15428","Shadowlands Dungeon","86496","0","0","10"
"shadowlands_category_confirmed","True","14370","Halls of Atonement","Defeat Lord Chamberlain in the Halls of Atonement.","15428","Shadowlands Dungeon","86498","0","0","10"
"shadowlands_category_confirmed","True","14371","Mists of Tirna Scithe","Defeat Tred'ova in Mists of Tirna Scithe.","15428","Shadowlands Dungeon","86501","0","0","10"
"shadowlands_category_confirmed","True","14372","Theater of Pain","Defeat Mordretha, the Endless Empress in Theater of Pain.","15428","Shadowlands Dungeon","86503","0","0","10"
"shadowlands_category_confirmed","True","14373","De Other Side","Defeat Mueh'zala in De Other Side.","15428","Shadowlands Dungeon","86505","0","0","10"
"shadowlands_category_confirmed","True","14374","Couple's Therapy","Cause Millhouse and Millificent to strike each other with each Shadowfury and Echo Finger Laser X-treme cast and defeat the Manastorms in De Other Side on Mythic difficulty.","15428","Shadowlands Dungeon","86507","0","0","10"
"shadowlands_category_confirmed","True","14375","Hunger for Knowledge","Defeat Tred'ova after defeating an Enlightened Spinemaw Gorger in the Mists of Tirna Scithe on Mythic difficulty.","15428","Shadowlands Dungeon","86528","0","0","10"
"shadowlands_category_confirmed","True","14376","Feed the Beast","Defeat the Hungering Destroyer after draining all of the large anima canisters with Volatile Ejection in Castle Nathria on Normal difficulty or higher.","15438","Shadowlands Raid","86530","0","0","10"
"internal_dnt","True","14377","<Hidden> 9.0 Prologue - Dailies Unlocked [DNT]","","15284","Battle for Azeroth","86676","0","1179652","0"
"snapshot_candidate","True","14379","Mythic: De Other Side Guild Run","Defeat Mueh'zala in De Other Side on Mythic difficulty while in a guild group.","15429","Shadowlands Dungeon","86790","0","49152","10"
"snapshot_candidate","True","14380","Mythic: Halls of Atonement Guild Run","Defeat the Lord Chamberlain in the Halls of Atonement on Mythic difficulty while in a guild group.","15429","Shadowlands Dungeon","86792","0","49152","10"
"snapshot_candidate","True","14381","Mythic: The Necrotic Wake Guild Run","Defeat Nalthor the Rimebinder in the Necrotic Wake on Mythic difficulty while in a guild group.","15429","Shadowlands Dungeon","86800","0","49152","10"
"snapshot_candidate","True","14382","Mythic: Mists of Tirna Scithe Guild Run","Defeat Tred'ova in the Mists of Tirna Scithe on Mythic difficulty while in a guild group.","15429","Shadowlands Dungeon","86794","0","49152","10"
"snapshot_candidate","True","14383","Mythic: Plaguefall Guild Run","Defeat Margrave Stradama in Plaguefall on Mythic difficulty while in a guild group.","15429","Shadowlands Dungeon","86796","0","49152","10"
"snapshot_candidate","True","14384","Mythic: Spires of Ascension Guild Run","Defeat Devos, Paragon of Doubt, in the Spires of Ascension on Mythic difficulty while in a guild group.","15429","Shadowlands Dungeon","86798","0","49152","10"
"snapshot_candidate","True","14385","Mythic: Theater of Pain Guild Run","Defeat Mordretha, the Endless Empress, in the Theater of Pain on Mythic difficulty while in a guild group.","15429","Shadowlands Dungeon","86802","0","49152","10"
"snapshot_candidate","True","14387","Muah'zala kills (Normal De Other Side)","","15430","Shadowlands","86827","0","1","0"
"snapshot_candidate","True","14388","Muah'zala kills (Heroic De Other Side)","","15430","Shadowlands","86829","0","1","0"
"snapshot_candidate","True","14389","Muah'zala kills (Mythic De Other Side)","","15430","Shadowlands","86831","0","1","0"
"snapshot_candidate","True","14390","Lord Chamberlain kills (Normal Halls of Atonement)","","15430","Shadowlands","86833","0","1","0"
"snapshot_candidate","True","14391","Lord Chamberlain kills (Heroic Halls of Atonement)","","15430","Shadowlands","86835","0","1","0"
"snapshot_candidate","True","14392","Lord Chamberlain kills (Mythic Halls of Atonement)","","15430","Shadowlands","86837","0","1","0"
"snapshot_candidate","True","14393","Tred'ova kills (Normal Mists of Tirna Scithe)","","15430","Shadowlands","86839","0","1","0"
"snapshot_candidate","True","14394","Tred'ova kills (Heroic Mists of Tirna Scithe)","","15430","Shadowlands","86841","0","1","0"
"snapshot_candidate","True","14395","Tred'ova kills (Mythic Mists of Tirna Scithe)","","15430","Shadowlands","86843","0","1","0"
"snapshot_candidate","True","14396","Margrave Stradama kills (Normal Plaguefall)","","15430","Shadowlands","86845","0","1","0"
"snapshot_candidate","True","14397","Margrave Stradama kills (Heroic Plaguefall)","","15430","Shadowlands","86847","0","1","0"
"snapshot_candidate","True","14398","Margrave Stradama kills (Mythic Plaguefall)","","15430","Shadowlands","86849","0","1","0"
"snapshot_candidate","True","14399","Devos kills (Normal Spires of Ascension)","","15430","Shadowlands","86851","0","1","0"
"snapshot_candidate","True","14400","Devos kills (Heroic Spires of Ascension)","","15430","Shadowlands","86853","0","1","0"
"snapshot_candidate","True","14401","Devos kills (Mythic Spires of Ascension)","","15430","Shadowlands","86855","0","1","0"
"snapshot_candidate","True","14402","Nalthor the Rimebinder kills (Normal The Necrotic Wake)","","15430","Shadowlands","86857","0","1","0"
"snapshot_candidate","True","14403","Nalthor the Rimebinder kills (Heroic The Necrotic Wake)","","15430","Shadowlands","86859","0","1","0"
"snapshot_candidate","True","14404","Nalthor the Rimebinder kills (Mythic The Necrotic Wake)","","15430","Shadowlands","86861","0","1","0"
"snapshot_candidate","True","14405","Mordretha kills (Normal Theater of Pain)","","15430","Shadowlands","86863","0","1","0"
"snapshot_candidate","True","14406","Mordretha kills (Heroic Theater of Pain)","","15430","Shadowlands","86865","0","1","0"
"snapshot_candidate","True","14407","Mordretha kills (Mythic Theater of Pain)","","15430","Shadowlands","86867","0","1","0"
"shadowlands_category_confirmed","True","14408","Heroic: De Other Side","Defeat Mueh'zala in De Other Side on Heroic difficulty or higher.","15428","Shadowlands Dungeon","86869","0","0","10"
"shadowlands_category_confirmed","True","14409","Mythic: De Other Side","Defeat Mueh'zala in De Other Side on Mythic or Mythic Keystone difficulty.","15428","Shadowlands Dungeon","86871","0","0","10"
"shadowlands_category_confirmed","True","14410","Heroic: Halls of Atonement","Defeat the Lord Chamberlain in the Halls of Atonement on Heroic difficulty or higher.","15428","Shadowlands Dungeon","86873","0","0","10"
"shadowlands_category_confirmed","True","14411","Mythic: Halls of Atonement","Defeat the Lord Chamberlain in the Halls of Atonement on Mythic or Mythic Keystone difficulty.","15428","Shadowlands Dungeon","86875","0","0","10"
"shadowlands_category_confirmed","True","14412","Heroic: Mists of Tirna Scithe","Defeat Tred'ova in Mists of Tirna Scithe on Heroic difficulty or higher.","15428","Shadowlands Dungeon","86877","0","0","10"
"shadowlands_category_confirmed","True","14413","Mythic: Mists of Tirna Scithe","Defeat Tred'ova in Mists of Tirna Scithe on Mythic or Mythic Keystone difficulty.","15428","Shadowlands Dungeon","86879","0","0","10"
"shadowlands_category_confirmed","True","14414","Heroic: Plaguefall","Defeat Margrave Stradama in Plaguefall on Heroic difficulty or higher.","15428","Shadowlands Dungeon","86881","0","0","10"
"shadowlands_category_confirmed","True","14415","Mythic: Plaguefall","Defeat Margrave Stradama in Plaguefall on Mythic or Mythic Keystone difficulty.","15428","Shadowlands Dungeon","86883","0","0","10"
"shadowlands_category_confirmed","True","14416","Heroic: Theater of Pain","Defeat Mordretha, the Endless Empress in Theater of Pain on Heroic difficutly or higher.","15428","Shadowlands Dungeon","86885","0","0","10"
"shadowlands_category_confirmed","True","14417","Mythic: Theater of Pain","Defeat Mordretha, the Endless Empress in Theater of Pain on Mythic or Mythic Keystone difficulty.","15428","Shadowlands Dungeon","86887","0","0","10"
"snapshot_candidate","True","14418","Shadowlands Dungeon Hero","Complete the Shadowlands Heroic dungeon achievements listed below.","168","Dungeons & Raids","86915","0","135168","20"
"snapshot_candidate","True","14419","Shriekwing Kills (Normal Castle Nathria)","","15430","Shadowlands","86940","0","1","0"
"snapshot_candidate","True","14420","Shriekwing Kills (Heroic Castle Nathria)","","15430","Shadowlands","86944","0","1","0"
"snapshot_candidate","True","14421","Shriekwing Kills (Mythic Castle Nathria)","","15430","Shadowlands","86942","0","1","0"
"snapshot_candidate","True","14422","Shriekwing Kills (Raid Finder Castle Nathria)","","15430","Shadowlands","86938","0","1","0"
"snapshot_candidate","True","14423","Huntsman Altimor Kills (Normal Castle Nathria)","","15430","Shadowlands","86956","0","1","0"
"snapshot_candidate","True","14424","Huntsman Altimor Kills (Heroic Castle Nathria)","","15430","Shadowlands","86960","0","1","0"
"snapshot_candidate","True","14425","Huntsman Altimor Kills (Mythic Castle Nathria)","","15430","Shadowlands","86958","0","1","0"
"snapshot_candidate","True","14426","Huntsman Altimor Kills (Raid Finder Castle Nathria)","","15430","Shadowlands","86954","0","1","0"
"snapshot_candidate","True","14427","Hungering Destroyer Kills (Normal Castle Nathria)","","15430","Shadowlands","86972","0","1","0"
"snapshot_candidate","True","14428","Hungering Destroyer Kills (Heroic Castle Nathria)","","15430","Shadowlands","86976","0","1","0"
"snapshot_candidate","True","14429","Hungering Destroyer Kills (Mythic Castle Nathria)","","15430","Shadowlands","86974","0","1","0"
"snapshot_candidate","True","14430","Hungering Destroyer Kills (Raid Finder Castle Nathria)","","15430","Shadowlands","86970","0","1","0"
"snapshot_candidate","True","14431","Artificer Xy'mox Kills (Normal Castle Nathria)","","15430","Shadowlands","86907","0","1","0"
"snapshot_candidate","True","14432","Artificer Xy'mox Kills (Heroic Castle Nathria)","","15430","Shadowlands","86911","0","1","0"
"snapshot_candidate","True","14433","Artificer Xy'mox Kills (Mythic Castle Nathria)","","15430","Shadowlands","86909","0","1","0"
"snapshot_candidate","True","14434","Artificer Xy'mox Kills (Raid Finder Castle Nathria)","","15430","Shadowlands","86905","0","1","0"
"snapshot_candidate","True","14435","Sun King's Salvation Kills (Normal Castle Nathria)","","15430","Shadowlands","86964","0","1","0"
"snapshot_candidate","True","14436","Sun King's Salvation Kills (Heroic Castle Nathria)","","15430","Shadowlands","86968","0","1","0"
"snapshot_candidate","True","14437","Sun King's Salvation Kills (Mythic Castle Nathria)","","15430","Shadowlands","86966","0","1","0"
"snapshot_candidate","True","14438","Sun King's Salvation Kills (Raid Finder Castle Nathria)","","15430","Shadowlands","86962","0","1","0"
"snapshot_candidate","True","14439","Lady Inerva Darkvein Kills (Normal Castle Nathria)","","15430","Shadowlands","86889","0","1","0"
"snapshot_candidate","True","14440","Lady Inerva Darkvein Kills (Heroic Castle Nathria)","","15430","Shadowlands","86893","0","1","0"
"snapshot_candidate","True","14441","Lady Inerva Darkvein Kills (Mythic Castle Nathria)","","15430","Shadowlands","86891","0","1","0"
"snapshot_candidate","True","14442","Lady Inerva Darkvein Kills (Raid Finder Castle Nathria)","","15430","Shadowlands","86895","0","1","0"
"snapshot_candidate","True","14443","The Council of Blood Kills (Normal Castle Nathria)","","15430","Shadowlands","86899","0","1","0"
"snapshot_candidate","True","14444","The Council of Blood Kills (Heroic Castle Nathria)","","15430","Shadowlands","86903","0","1","0"
"snapshot_candidate","True","14445","The Council of Blood Kills (Mythic Castle Nathria)","","15430","Shadowlands","86901","0","1","0"
"snapshot_candidate","True","14446","The Council of Blood Kills (Raid Finder Castle Nathria)","","15430","Shadowlands","86897","0","1","0"
"snapshot_candidate","True","14447","Sludgefist Kills (Normal Castle Nathria)","","15430","Shadowlands","86932","0","1","0"
"snapshot_candidate","True","14448","Sludgefist Kills (Heroic Castle Nathria)","","15430","Shadowlands","86936","0","1","0"
"snapshot_candidate","True","14449","Sludgefist Kills (Mythic Castle Nathria)","","15430","Shadowlands","86934","0","1","0"
"snapshot_candidate","True","14450","Sludgefist Kills (Raid Finder Castle Nathria)","","15430","Shadowlands","86930","0","1","0"
"snapshot_candidate","True","14451","Stone Legion Generals Kills (Normal Castle Nathria)","","15430","Shadowlands","86948","0","1","0"
"snapshot_candidate","True","14452","Stone Legion Generals Kills (Heroic Castle Nathria)","","15430","Shadowlands","86952","0","1","0"
"snapshot_candidate","True","14453","Stone Legion Generals Kills (Mythic Castle Nathria)","","15430","Shadowlands","86950","0","1","0"
"snapshot_candidate","True","14454","Stone Legion Generals Kills (Raid Finder Castle Nathria)","","15430","Shadowlands","86946","0","1","0"
"snapshot_candidate","True","14455","Sire Denathrius Kills (Normal Castle Nathria)","","15430","Shadowlands","86924","0","1","0"
"snapshot_candidate","True","14456","Sire Denathrius Kills (Heroic Castle Nathria)","","15430","Shadowlands","86928","0","1","0"
"snapshot_candidate","True","14457","Sire Denathrius Kills (Mythic Castle Nathria)","","15430","Shadowlands","86926","0","1","0"
"snapshot_candidate","True","14458","Sire Denathrius Kills (Raid Finder Castle Nathria)","","15430","Shadowlands","86913","0","1","0"
"snapshot_candidate","True","14459","Castle Nathria Guild Run","Defeat the following bosses in Castle Nathria on Normal difficulty or higher while in a guild group.","15442","Shadowlands Raid","87577","0","61440","10"
"snapshot_candidate","True","14460","Ahead of the Curve: Sire Denathrius","Defeat Sire Denathrius in Castle Nathria on Heroic difficulty or higher, before the release of the next raid tier.","15271","Raids","87008","0","6144","0"
"snapshot_candidate","True","14461","Cutting Edge: Sire Denathrius","Defeat Sire Denathrius in Castle Nathria on Mythic difficulty, before the release of the next raid tier.","15271","Raids","87010","0","6144","0"
"shadowlands_category_confirmed","True","14463","Skoldus Hall","Successfully complete the first Layer of Skoldus Hall in Torghast, Tower of the Damned.","15440","Torghast","0","0","0","10"
"shadowlands_category_confirmed","True","14468","Twisting Corridors: Layer 1","Complete Layer 1 of Twisting Corridors in Torghast, Tower of the Damned.","15440","Torghast","0","0","131072","10"
"shadowlands_category_confirmed","True","14469","Twisting Corridors: Layer 2","Complete Layer 2 of Twisting Corridors in Torghast, Tower of the Damned.","15440","Torghast","0","183412","131072","10"
"shadowlands_category_confirmed","True","14470","Twisting Corridors: Layer 3","Complete Layer 3 of Twisting Corridors in Torghast, Tower of the Damned.","15440","Torghast","0","0","131072","10"
"shadowlands_category_confirmed","True","14471","Twisting Corridors: Layer 4","Complete Layer 4 of Twisting Corridors in Torghast, Tower of the Damned.","15440","Torghast","0","184223","131072","10"
"shadowlands_category_confirmed","True","14472","Twisting Corridors: Layer 5","Complete Layer 5 of Twisting Corridors in Torghast, Tower of the Damned.","15440","Torghast","0","0","131072","10"
"shadowlands_category_confirmed","True","14473","Fracture Chambers","Successfully complete the first Layer of Fracture Chambers in Torghast, Tower of the Damned.","15440","Torghast","0","0","0","10"
"shadowlands_category_confirmed","True","14478","The Soulforges","Successfully complete the first Layer of The Soulforges in Torghast, Tower of the Damned.","15440","Torghast","0","0","0","10"
"shadowlands_category_confirmed","True","14483","Coldheart Interstitia","Successfully complete the first Layer of Coldheart Interstitia in Torghast, Tower of the Damned.","15440","Torghast","0","0","0","10"
"shadowlands_category_confirmed","True","14488","Mort'regar","Successfully complete the first Layer of Mort'regar in Torghast, Tower of the Damned.","15440","Torghast","0","0","0","10"
"shadowlands_category_confirmed","True","14493","The Upper Reaches","Successfully complete the first Layer of The Upper Reaches in Torghast, Tower of the Damned.","15440","Torghast","0","0","0","10"
"shadowlands_category_confirmed","True","14498","Gatekeepers of Torghast","Defeat the following bosses in Torghast.","15440","Torghast","87061","0","0","10"
"shadowlands_category_confirmed","True","14499","Phanciful","Collect 2500 Phantasma.","15440","Torghast","87078","0","0","5"
"shadowlands_category_confirmed","True","14500","Phantastic","Collect 25000 Phantasma.","15440","Torghast","87080","0","0","5"
"shadowlands_category_confirmed","True","14501","Phanatical","Collect 250000 Phantasma.","15440","Torghast","87082","0","0","5"
"shadowlands_category_confirmed","True","14502","Pursuing Loyalty","Overcome the first eight Trials of Loyalty.","15441","Covenant Sanctums","87084","0","65536","10"
"shadowlands_category_confirmed","True","14503","Hooked On Hydroponics","Defeat Ingra Maloch after defeating an Overgrown Hydra in the Mists of Tirna Scithe on Mythic difficulty.","15428","Shadowlands Dungeon","87108","0","0","10"
"shadowlands_category_hidden","True","14504","Niya, As Xavius","Defeat Niya, As Xavius at the Star Lake Amphitheater in Ardenweald.","15436","Shadowlands","87144","0","1048576","0"
"shadowlands_category_hidden","True","14505","Senthii, As Gul'dan","Defeat Senthii, As Gul'dan at the Star Lake Amphitheater in Ardenweald.","15436","Shadowlands","87146","0","1048576","0"
"shadowlands_category_hidden","True","14506","Glimmerdust, As Kil'jaeden","Defeat Glimmerdust, As Kil'jaeden at the Star Lake Amphitheater in Ardenweald.","15436","Shadowlands","87148","0","1048576","0"
"shadowlands_category_hidden","True","14507","Mi'kai, As Argus","Defeat Mi'kai, As Argus at the Star Lake Amphitheater in Ardenweald.","15436","Shadowlands","87152","0","1048576","0"
"shadowlands_category_hidden","True","14508","Glimmerdust, As Jaina","Defeat Glimmerdust, As Jaina at the Star Lake Amphitheater in Ardenweald.","15436","Shadowlands","87154","0","1048576","0"
"shadowlands_category_hidden","True","14509","Astra, As Azshara","Defeat Astra, As Azshara at the Star Lake Amphitheater in Ardenweald.","15436","Shadowlands","87156","0","1048576","0"
"shadowlands_category_hidden","True","14510","Dreamweaver, As N'Zoth","Defeat Dreamweaver, As N'Zoth at the Star Lake Amphitheater in Ardenweald.","15436","Shadowlands","87158","0","1048576","0"
"snapshot_candidate","True","14511","Tour of Duty: Ardenweald","Earn 1000 honor in Ardenweald while in War Mode.","15283","World","87162","0","0","10"
"snapshot_candidate","True","14512","Tour of Duty: Revendreth","Earn 1000 honor in Revendreth while in War Mode.","15283","World","87164","0","0","10"
"snapshot_candidate","True","14513","Tour of Duty: Maldraxxus","Earn 1000 honor in Maldraxxus while in War Mode.","15283","World","87166","0","0","10"
"snapshot_candidate","True","14514","Tour of Duty: Bastion","Earn 1000 honor in Bastion while in War Mode.","15283","World","87168","0","0","10"
"snapshot_candidate","True","14515","Zo'Sorg's Bidding","Complete the World PVP World Quests in Shadowlands below.","15283","World","87170","0","0","5"
"snapshot_candidate","True","14516","Impressing Zo'Sorg","Complete each of the following World PVP World Quests 20 times in Shadowlands below.","15283","World","87175","0","0","20"
"snapshot_candidate","True","14519","Covenant Combat","Kill 20 Enemy Players who follow each of the following Covenants.","15283","World","87188","0","0","10"
"shadowlands_category_hidden","True","14521","Torghast: Into Torghast","Shared Achievement for unlocking Torghast. Hidden.","15440","Torghast","87217","0","3276804","0"
"snapshot_candidate","True","14522","9.0 Shadowlands - Expansion Quest Launch - Intro - TSH","","92","Character","87219","0","1310724","0"
"shadowlands_category_confirmed","True","14523","Taking Care of Business","Defeat Huntsman Altimor after walking Margore, Bargast, and Hecutis to the corners of The Kennels in Castle Nathria on Normal difficulty or higher.","15438","Shadowlands Raid","87288","0","0","10"
"shadowlands_category_confirmed","True","14524","I Don't Know What I Expected","Defeat Lady Inerva Darkvein after defeating the Dark Animus in Castle Nathria on Normal difficulty or higher.","15438","Shadowlands Raid","87294","0","0","10"
"shadowlands_category_confirmed","True","14525","Feed Me, Seymour!","Defeat the Stone Legion Generals while all players are carrying a Bouquet of Blooming Sanguine Roses in Castle Nathria on Normal difficulty or higher.","15438","Shadowlands Raid","87296","0","0","10"
"snapshot_candidate","True","14527","Empyrean Domain matches","Empyrean Domain matches","152","Rated Arenas","87307","0","1","0"
"snapshot_candidate","True","14528","Empyrean Domain victories","Empyrean Domain victories","152","Rated Arenas","87309","0","1","0"
"snapshot_candidate","True","14531","Shadowlands Keystone Conqueror: Season One","Complete all Shadowlands Season One dungeons at Mythic Level 10 or higher, within the time limit.","15272","Dungeons","87323","0","133120","0"
"snapshot_candidate","True","14532","Shadowlands Keystone Master: Season One","Complete all Shadowlands Season One dungeons at Mythic Level 15 or higher, within the time limit.","15272","Dungeons","87336","182717","133120","0"
"shadowlands_category_confirmed","True","14533","Royal Rumble","Defeat Mordretha, the Endless Empress, after performing a /challenge and defeating 2 Ghostly Contenders in the Theater of Pain on Mythic difficulty.","15428","Shadowlands Dungeon","87367","0","0","10"
"snapshot_candidate","True","14555","Vicious Saddle (31)","","15270","Player vs. Player","87345","103533","1179648","0"
"snapshot_candidate","True","14557","Vicious Saddle (32)","","15270","Player vs. Player","87347","103533","1179648","0"
"snapshot_candidate","True","14558","Vicious Saddle (33)","","15270","Player vs. Player","87349","103533","1179648","0"
"snapshot_candidate","True","14559","Vicious Saddle (34)","","15270","Player vs. Player","87351","103533","1179648","0"
"snapshot_candidate","True","14560","Vicious Saddle (35)","","15270","Player vs. Player","87353","103533","1179648","0"
"snapshot_candidate","True","14561","Vicious Saddle (31)","","15270","Player vs. Player","87355","103533","1179648","0"
"snapshot_candidate","True","14563","Vicious Saddle (32)","","15270","Player vs. Player","87357","103533","1179648","0"
"snapshot_candidate","True","14564","Vicious Saddle (33)","","15270","Player vs. Player","87359","103533","1179648","0"
"snapshot_candidate","True","14565","Vicious Saddle (34)","","15270","Player vs. Player","87361","103533","1179648","0"
"snapshot_candidate","True","14566","Vicious Saddle (35)","","15270","Player vs. Player","87363","103533","1179648","0"
"shadowlands_category_confirmed","True","14567","Picking Up the Pieces","Defeat Halkias after he reabsorbs all three Shards of Halkias in the Halls of Atonement on Mythic difficulty.","15428","Shadowlands Dungeon","87365","0","0","10"
"shadowlands_category_confirmed","True","14568","Twisting Corridors: Layer 6","Complete Layer 6 of Twisting Corridors in Torghast, Tower of the Damned.","15440","Torghast","0","0","131072","10"
"shadowlands_category_confirmed","True","14569","Twisting Corridors: Layer 7","Complete Layer 7 of Twisting Corridors in Torghast, Tower of the Damned.","15440","Torghast","0","0","131072","10"
"shadowlands_category_confirmed","True","14570","Twisting Corridors: Layer 8","Complete Layer 8 of Twisting Corridors in Torghast, Tower of the Damned.","15440","Torghast","0","184166","131072","10"
"shadowlands_category_hidden","True","14596","Torghast: Tracking - Completed Layer 1","Complete Layer 1 of any run. Hidden.","15440","Torghast","0","0","1048580","0"
"shadowlands_category_hidden","True","14597","Torghast: Tracking - Completed Layer 2","Complete Layer 2 of any run. Hidden.","15440","Torghast","0","0","1048580","0"
"shadowlands_category_hidden","True","14598","Torghast: Tracking - Completed Layer 3","Complete Layer 3 of any run. Hidden.","15440","Torghast","0","0","1048580","0"
"shadowlands_category_hidden","True","14599","Torghast: Tracking - Completed Layer 4","Complete Layer 4 of any run. Hidden.","15440","Torghast","0","0","1048580","0"
"shadowlands_category_hidden","True","14600","Torghast: Tracking - Completed Layer 5","Complete Layer 5 of any run. Hidden.","15440","Torghast","0","0","1048580","0"
"shadowlands_category_hidden","True","14601","Torghast: Tracking - Completed Layer 6","Complete Layer 6 of any run. Hidden.","15440","Torghast","0","0","1048580","0"
"shadowlands_category_hidden","True","14602","Torghast: Tracking - Completed Layer 7","Complete Layer 7 of any run. Hidden.","15440","Torghast","0","0","1048580","0"
"shadowlands_category_hidden","True","14603","Torghast: Tracking - Completed Layer 8","Complete Layer 8 of any run. Hidden.","15440","Torghast","0","0","1048580","0"
"shadowlands_category_confirmed","True","14606","Thinking with...","Defeat Dealer Xy'exa after collecting all 5 orbs floating above her in De Other Side on Mythic Difficulty.","15428","Shadowlands Dungeon","87375","0","0","10"
"shadowlands_category_confirmed","True","14607","Fresh Meat!","Defeat Gorechop after tenderizing 2 hunks of meat with Tenderizing Smash in the Theater of Pain on Mythic difficulty.","15428","Shadowlands Dungeon","87377","0","0","10"
"shadowlands_category_confirmed","True","14608","Burning Bright","Redeem Kael'thas after lighting all four of the room's braziers in Castle Nathria on Normal difficulty or higher.","15438","Shadowlands Raid","87381","0","0","10"
"shadowlands_category_hidden","True","14609","<Hidden> Shadowlands Alt - Hit Max Level, Covenant Breadcrumb","","15422","Shadowlands","87379","0","1048580","0"
"shadowlands_category_confirmed","True","14610","Clear Conscience","Defeat Sire Denathrius after removing Burden of Sin from all players before March of the Penitent is cast in Castle Nathria on Normal difficulty or higher.","15438","Shadowlands Raid","87401","0","0","10"
"snapshot_candidate","True","14611","Sinful Combatant","","15270","Player vs. Player","87403","184013","1179648","0"
"snapshot_candidate","True","14612","Sinful Combatant","","15270","Player vs. Player","87407","184014","1179648","0"
"removed_after_shadowlands","False","14613","<Hidden> Chromie Time - Hit 49 While In Chromie Time","","15422","Shadowlands","87411","0","1048580","0"
"snapshot_candidate","True","14614","Castle Vain","Collect an armor set from Castle Nathria.","15259","Appearances","87413","0","131072","10"
"removed_after_shadowlands","False","14615","<Hidden> Chromie Time - Hit 50 While In Chromie Time","","15422","Shadowlands","87419","0","1048580","0"
"shadowlands_category_confirmed","True","14617","Private Stock","Defeat Artificer Xy'mox after returning loose Maldraxxus, Ardenweald, and Maw Anima to their display cases in Castle Nathria on Normal difficulty or higher.","15438","Shadowlands Raid","87423","0","0","10"
"snapshot_candidate","True","14618","Forged through Conquest: Shadowlands Season 1","Earn 5000 Conquest during Shadowlands Season 1.","165","Arena","87442","0","1048576","0"
"shadowlands_category_confirmed","True","14619","Pour Decision Making","Defeat the Council of Blood after throwing four bottles of wine in Castle Nathria on Normal difficulty or higher.","15438","Shadowlands Raid","87449","0","0","10"
"snapshot_candidate","True","14625","Battle in the Shadowlands","Complete 14 Pet Battle World Quests throughout the Shadowlands with a full team of level 25 pets.","15119","Battle","87483","184508","135168","10"
"shadowlands_category_confirmed","True","14626","Harvester of Sorrow","Obtain Sorrowbane from the Theater of Pain.","15436","Shadowlands","87540","0","0","5"
"shadowlands_category_confirmed","True","14627","Choosing Your Purpose","Pledge your allegiance to one of the covenants in the Shadowlands.","15441","Covenant Sanctums","87510","0","0","10"
"shadowlands_category_confirmed","True","14628","The Road to Renown","Reach Renown level 10.","15441","Covenant Sanctums","87514","0","0","10"
"shadowlands_category_confirmed","True","14629","Gaining Respect","Reach Renown level 20.","15441","Covenant Sanctums","87516","0","0","10"
"shadowlands_category_confirmed","True","14630","Becoming a Hero","Reach Renown level 30.","15441","Covenant Sanctums","87518","0","0","10"
"shadowlands_category_confirmed","True","14631","Champion of the Covenant","Reach Renown level 40.","15441","Covenant Sanctums","87520","0","0","10"
"shadowlands_category_confirmed","True","14632","Conducting Anima","Unlock Rank III of your Anima Conductor","15441","Covenant Sanctums","87522","0","0","10"
"shadowlands_category_confirmed","True","14633","Master Navigator","Unlock Rank III of your Sanctum's Travel Network.","15441","Covenant Sanctums","87536","0","0","10"
"shadowlands_category_confirmed","True","14634","Nine Afterlives","Find and pet all of the kittens in Maldraxxus.","15436","Shadowlands","87526","184449","131072","10"
"shadowlands_category_confirmed","True","14636","Adventurer in Chief","Unlock Rank III of your Sanctum's Adventures Command Table.","15441","Covenant Sanctums","87524","0","0","10"
"shadowlands_category_confirmed","True","14637","Your Covenant's Flavor","Unlock Rank V of your Sanctum's Special Feature","15441","Covenant Sanctums","87538","0","0","10"
"shadowlands_category_confirmed","True","14638","The Anima Must Flow","Unlock all of the locations connected to your Anima Conductor.","15441","Covenant Sanctums","87542","0","0","10"
"shadowlands_category_confirmed","True","14639","Dedication to the Restoration","Use your Anima Conductor 50 times.","15441","Covenant Sanctums","87544","0","0","10"
"snapshot_candidate","True","14649","Hall of Fame: Sire Denathrius (Alliance)","Among the first one hundred Alliance guilds worldwide to defeat Sire Denathrius on Mythic difficulty.","15093","Guild Feats of Strength","87575","0","4258304","0"
"snapshot_candidate","True","14650","Hall of Fame: Sire Denathrius (Horde)","Among the first one hundred Horde guilds worldwide to defeat Sire Denathrius on Mythic difficulty.","15093","Guild Feats of Strength","87567","0","4258304","0"
"snapshot_candidate","True","14652","Mythic: Sire Denathrius Guild Run","Defeat Sire Denathrius in Castle Nathria on Mythic Difficutly while in a guild group.","15442","Shadowlands Raid","86979","0","61440","10"
"internal_dnt","True","14653","<Hidden> (Druid) Unlocked Dolphin Form [DNT]","Used to control availability of the Dolphin druid form customization choice.","15259","Appearances","87592","0","9568260","0"
"internal_dnt","True","14654","<Hidden> (Druid) Unlocked Orca Form [DNT]","Used to control availability of the Orca druid form customization choice.","15259","Appearances","87594","0","9568260","0"
"internal_dnt","True","14655","<Hidden> (Druid) Unlocked Tideskipper Form [DNT]","Used to control availability of the Tideskipper druid form customization choice.","15259","Appearances","87596","0","9568260","0"
"shadowlands_category_confirmed","True","14656","Trading Partners","Earn Appreciated reputation with Ve'nari in The Maw.","15439","Shadowlands","87598","0","0","10"
"shadowlands_category_confirmed","True","14658","Soulkeeper's Burden","Rescue 200 Souls from The Maw.","15436","Shadowlands","87602","0","0","10"
"shadowlands_category_confirmed","True","14659","Handling His Henchmen","Complete 5 of the following special encounters in The Maw.","15436","Shadowlands","87607","0","0","5"
"shadowlands_category_confirmed","True","14660","It's About Sending a Message","Complete all of the following special encounters in The Maw.","15436","Shadowlands","87624","0","0","10"
"snapshot_candidate","True","14662","Realm First! Shadowlands Keystone Master","Participated in the realm-first completion of a Level 15 or higher Shadowlands Mythic dungeon within the time limit.","81","Feats of Strength","87641","0","12544","0"
"shadowlands_category_confirmed","True","14663","Explore The Maw","Explore The Maw, revealing the covered areas of the world map.","15436","Shadowlands","87650","0","0","10"
"internal_dnt","True","14664","<Hidden> (Druid) Unlocked Cheetah Form [DNT]","Used to control availability of the Cheetah druid travel form customization choice.","15259","Appearances","87663","0","9568260","0"
"internal_dnt","True","14665","<Hidden> (Druid) Unlocked Doe Form [DNT]","Used to control availability of the Doe druid travel form customization choice.","15259","Appearances","87665","0","9568260","0"
"internal_dnt","True","14666","<Hidden> (Druid) Unlocked Sentinel Form [DNT]","Used to control availability of the Sentinel druid flight form customization choice.","15259","Appearances","87667","0","9568260","0"
"internal_dnt","True","14667","<Hidden> (Druid) Unlocked Humble Flyer Form [DNT]","Used to control availability of the Humble Flyer druid flight form customization choice.","15259","Appearances","87669","0","9568260","0"
"shadowlands_category_confirmed","True","14670","That's the Spirit","Incubate one of each type of spirit in the Queen's Conservatory.","15441","Covenant Sanctums","87714","0","0","10"
"shadowlands_category_confirmed","True","14671","Something's Not Quite Right....","Successfully accuse and expose 8 boggarts in a row during the World Quest ""Tough Crowd"" in under 20 minutes without guessing incorrectly.","15422","Shadowlands","87712","0","0","10"
"shadowlands_category_confirmed","True","14672","A Bit of This, A Bit of That","Obtain each of the artisan's gifts from the world quest ""We'll Workshop It.""","15422","Shadowlands","87716","0","0","10"
"shadowlands_category_confirmed","True","14675","Spirit Talker","Incubate one of each type of greater spirit in the Queen's Conservatory.","15441","Covenant Sanctums","87726","0","0","10"
"shadowlands_category_confirmed","True","14676","Divine Spirit Savior","Incubate one of each type of divine spirit in the Queen's Conservatory.","15441","Covenant Sanctums","87731","0","0","15"
"shadowlands_category_confirmed","True","14677","Spiritual Observations","Complete each of Falir's spirit observation quests in the Queen's Conservatory.","15441","Covenant Sanctums","87736","0","0","5"
"shadowlands_category_confirmed","True","14678","Court Favors","Unlock the following favors for your Ember Court.","15441","Covenant Sanctums","87782","0","0","10"
"shadowlands_category_confirmed","True","14679","Party Palace","Unlock the following upgrades for your Ember Court.","15441","Covenant Sanctums","87764","0","0","10"
"shadowlands_category_confirmed","True","14680","Something for Everyone","Unlock the following amenities for your Ember Court.","15441","Covenant Sanctums","87746","0","0","10"
"shadowlands_category_confirmed","True","14681","Dredger Academy","Train your Ember Court dredger in the following arts of butlery.","15441","Covenant Sanctums","87804","0","0","5"
"shadowlands_category_confirmed","True","14682","The Party Herald","Complete the Ember Court achievements listed below.","15441","Covenant Sanctums","87741","0","131072","5"
"shadowlands_category_confirmed","True","14683","Dredger Style","Unlock the following cosmetic options for your Ember Court dredger.","15441","Covenant Sanctums","87806","0","0","5"
"shadowlands_category_confirmed","True","14684","Abominable Lives","Complete all of the following Abominable Stitching Quests","15441","Covenant Sanctums","87819","0","0","10"
"snapshot_candidate","True","14685","Combatant: Shadowlands Season 1","Earn the rank of Combatant during Shadowlands Season 1.","15270","Player vs. Player","87827","0","2048","0"
"snapshot_candidate","True","14686","Challenger: Shadowlands Season 1","Earn the rank of Challenger during Shadowlands Season 1.","15270","Player vs. Player","87831","0","14336","0"
"snapshot_candidate","True","14687","Rival: Shadowlands Season 1","Earn the rank of Rival during Shadowlands Season 1.","15270","Player vs. Player","87835","0","14336","0"
"snapshot_candidate","True","14688","Duelist: Shadowlands Season 1","Earn the rank of Duelist during Shadowlands Season 1.","15270","Player vs. Player","87839","0","14336","0"
"snapshot_candidate","True","14689","Gladiator: Shadowlands Season 1","Win 50 3v3 games while at Elite rank during Shadowlands Season 1.","15270","Player vs. Player","87843","183937","14336","0"
"snapshot_candidate","True","14690","Sinful Gladiator: Shadowlands Season 1","End Shadowlands PvP Season 1 in the top 0.1% of the 3v3 arena ladder (requires 150 games won on your current faction in Shadowlands Season 1).","15270","Player vs. Player","0","0","14336","0"
"snapshot_candidate","True","14691","Elite: Shadowlands Season 1","Earn the rank of Elite during Shadowlands Season 1.","15270","Player vs. Player","87845","0","14336","0"
"snapshot_candidate","True","14692","Hero of the Alliance: Sinful","End Shadowlands Season 1 in the top 0.5% of the rated battleground ladder (requires 50 games won on your current faction in Shadowlands Season 1).","15270","Player vs. Player","0","0","14336","0"
"snapshot_candidate","True","14693","Hero of the Horde: Sinful","End Shadowlands Season 1 in the top 0.5% of the rated battleground ladder (requires 50 games won on your current faction in Shadowlands Season 1).","15270","Player vs. Player","0","0","14336","0"
"shadowlands_category_confirmed","True","14715","Castle Nathria","Defeat the following bosses on any difficulty.","15438","Shadowlands Raid","87900","0","0","10"
"shadowlands_category_confirmed","True","14717","Heroic: Castle Nathria","Defeat the following bosses on Heroic difficulty.","15438","Shadowlands Raid","87911","0","0","10"
"shadowlands_category_confirmed","True","14718","Mythic: Castle Nathria","Defeat the following bosses on Mythic difficulty.","15438","Shadowlands Raid","87922","0","0","10"
"snapshot_candidate","True","14720","Heroic: Castle Nathria Guild Run","Defeat the following bosses in Castle Nathria on Heroic difficulty while in a guild group.","15442","Shadowlands Raid","87933","0","61440","10"
"shadowlands_category_confirmed","True","14721","It's In The Mix","Defeat all seven creations from the Pool of Mixed Monstrosities.","15436","Shadowlands","87970","183903","0","10"
"shadowlands_category_confirmed","True","14723","Be Our Guest","Host the following guests at your Ember Court.","15441","Covenant Sanctums","87983","0","0","5"
"shadowlands_category_confirmed","True","14724","People Pleaser","Help the following guests reach the Elated mood level at your Ember Court.","15441","Covenant Sanctums","88000","0","0","5"
"shadowlands_category_confirmed","True","14725","We Happy Few","Host an Ember Court with four Elated guests.","15441","Covenant Sanctums","88017","0","0","5"
"shadowlands_category_confirmed","True","14726","It's Certainly Never Boring","Host Ember Courts with the following attributes at high levels.","15441","Covenant Sanctums","88023","0","0","5"
"shadowlands_category_confirmed","True","14727","Master of Ceremonies","Complete 10 Events during a single Ember Court.","15441","Covenant Sanctums","89092","0","0","5"
"snapshot_candidate","True","14728","To All the Squirrels Through Time and Space","Draenor is home to many familiar, but different critters, who have been waiting to get some /love.","15235","Draenor","88034","0","0","10"
"snapshot_candidate","True","14729","To All the Squirrels I Love Despite Their Scars","The critters of the Broken Shore need /love.","15257","Legion","88673","0","0","10"
"snapshot_candidate","True","14730","To All the Squirrels I Set Sail to See","The critters of Kul Tiras and Zandalar are worthy of /love as well.","15298","Battle for Azeroth","88687","0","0","10"
"shadowlands_category_confirmed","True","14731","To All the Squirrels I've Loved and Lost","The critters of the Shadowlands have been loved, but need more /love.","15436","Shadowlands","88701","0","0","10"
"shadowlands_category_confirmed","True","14733","In the Hot Seat","Survive Sundancer's wrath and earn the right to challenge him to a trial by combat.","15436","Shadowlands","88074","0","2048","10"
"shadowlands_category_confirmed","True","14734","Rallying Cry of the Ascended","Ring all five temple vespers within Bastion to summon the Ascended Council.","15436","Shadowlands","88076","0","0","5"
"shadowlands_category_confirmed","True","14735","Flight School Graduate","Complete all of the Flight School World Quests in Bastion listed below.","15422","Shadowlands","88082","0","0","5"
"shadowlands_category_confirmed","True","14737","What Bastion Remembered","Read the tales recounted in the Things Remembered World Quest by each of the following characters:","15422","Shadowlands","88089","0","0","10"
"shadowlands_category_confirmed","True","14738","Hunting Party","Complete all four Hunt types in The Maw.","15436","Shadowlands","88100","0","0","10"
"shadowlands_category_confirmed","True","14741","Aerial Ace","Complete the Paragon's Challenge during the Bastion World Quest ""Flight School: Flapping Frenzy.""","15422","Shadowlands","88104","0","0","5"
"shadowlands_category_confirmed","True","14742","Who Sent You?","Kill 100 Assassins sent to kill you via the Eye of the Jailer in The Maw.","15436","Shadowlands","88106","0","0","10"
"shadowlands_category_confirmed","True","14743","Deadly Serious","Kill 5 Rare or Rare Elite enemies in The Maw.","15436","Shadowlands","88108","0","0","5"
"shadowlands_category_confirmed","True","14744","Better to Be Lucky Than Dead","Kill all of the Rare or Rare Elite bosses in The Maw.","15436","Shadowlands","88129","0","0","10"
"shadowlands_category_confirmed","True","14745","Grand Theft Shadehound","Steal 50 Shadehounds from Mawsworn Outriders in The Maw.","15436","Shadowlands","88150","0","0","10"
"shadowlands_category_confirmed","True","14746","Prepare for Trouble!","Gain access to Perdition Hold in The Maw.","15436","Shadowlands","88152","0","0","10"
"shadowlands_category_confirmed","True","14747","Make it Double!","Gain access to The Beastwarrens in The Maw.","15436","Shadowlands","88154","0","0","10"
"shadowlands_category_confirmed","True","14748","Wardrobe Makeover","Create 25 of these Fashion Accessories with Abominable Stitching.","15441","Covenant Sanctums","88156","0","0","10"
"shadowlands_category_confirmed","True","14749","Rendle's Big Day","Help Rendle find the following hats to wear to the Ember Court.","15441","Covenant Sanctums","88170","0","0","5"
"snapshot_candidate","True","14750","Death Rising","Complete the Death Rising storyline leading up to the events of Shadowlands.","15274","Events","88175","0","2048","0"
"shadowlands_category_confirmed","True","14751","The Gang's All Here","Build each of the following constructs with Abominable Stitching.","15441","Covenant Sanctums","88195","182074","0","15"
"shadowlands_category_confirmed","True","14752","Things To Do When You're Dead","Complete the Abominable Stitching achievements listed below.","15441","Covenant Sanctums","88178","181820","0","15"
"shadowlands_category_confirmed","True","14753","It's a Wrap","Contribute 100 Anima-Bound Wraps to Summoner Gerard to help summon Visectus, Specter Of War.","15441","Covenant Sanctums","88182","0","0","5"
"shadowlands_category_confirmed","True","14754","The Forgotten One","Help the Runecarver free himself from one of his bonds.","15440","Torghast","88185","0","0","10"
"shadowlands_category_confirmed","True","14755","Legendary Accord","Craft a legendary piece of equipment with the Runecarver.","15440","Torghast","88187","0","0","10"
"shadowlands_category_confirmed","True","14758","The World Beyond","Complete 100 different World Quests in the Shadowlands.","15422","Shadowlands","88193","0","131200","10"
"shadowlands_category_confirmed","True","14759","It's Coming Back to Me...","Return another memory to the Runecarver.","15440","Torghast","88197","0","131072","5"
"shadowlands_category_confirmed","True","14760","Recollection Collection","Return 10 memories to the Runecarver.","15440","Torghast","88199","0","131072","10"
"shadowlands_category_confirmed","True","14761","Deciphering Death's Intentions","Collect all of the Maw Lore items in The Maw.","15436","Shadowlands","88216","0","0","10"
"shadowlands_category_confirmed","True","14762","Breaking the Stratus Fear","Complete the Paragon's Challenge during the Bastion World Quest ""Flight School: Up and Away!""","15422","Shadowlands","88250","0","0","5"
"shadowlands_category_confirmed","True","14763","Crypt Couture","Collect every customization for the Necrotic Acolyte disguise in Maldraxxus.","15441","Covenant Sanctums","88258","0","0","10"
"shadowlands_category_confirmed","True","14764","The Great Luckydo","With Chordy's help, obtain the great Luckydo.","15441","Covenant Sanctums","88266","0","0","10"
"shadowlands_category_confirmed","True","14765","Ramparts Racer","Win ""It's Race Day in the Ramparts!"" World Quest 10 times.","15422","Shadowlands","88591","0","128","10"
"shadowlands_category_confirmed","True","14766","Parasoling","Master the art of Parasoling by completing the World Quest ""Parasol Peril"" 10 times.","15422","Shadowlands","88268","182695","0","10"
"shadowlands_category_confirmed","True","14767","Count Your Blessings","Be affected by all of the Purified Blessings in Bastion listed below.","15436","Shadowlands","88270","0","0","10"
"shadowlands_category_confirmed","True","14768","What is that Melody?","Be affected by each of the Hymns in Bastion's temples listed below.","15436","Shadowlands","88274","0","0","10"
"shadowlands_category_confirmed","True","14769","Bat!","Use infused rubies to animate each Dredbat Statue in Revendreth.","15436","Shadowlands","88585","0","0","10"
"shadowlands_category_confirmed","True","14770","What We Ride in the Shadows","Rent Castle Sinrunners to give you a ride to each of the following locations in Revendreth.","15436","Shadowlands","88580","0","0","10"
"shadowlands_category_confirmed","True","14771","The Afterlife Express","Ride each of the following carriages in Revendreth.","15436","Shadowlands","88573","0","0","10"
"shadowlands_category_confirmed","True","14772","Caught in a Bat Romance","Finish the world quest ""Secret Service"" without losing your disguise.","15422","Shadowlands","88593","0","0","5"
"shadowlands_category_confirmed","True","14773","Explosive Extermination","Use the Bloating Fodder Anima Power to explode 100 Mawrats in Torghast.","15440","Torghast","88279","0","0","10"
"shadowlands_category_confirmed","True","14774","Ardenweald Gourmand","Try each of Ardenweald's delicious delicacies.","15436","Shadowlands","88281","0","0","10"
"shadowlands_category_confirmed","True","14775","Mush Appreciated","Earn Exalted status with Marasmius.","15441","Covenant Sanctums","88298","0","0","5"
"shadowlands_category_confirmed","True","14776","For the Hoarder!","Complete any Torghast Cell block with 1000 unspent Phantasma.","15440","Torghast","0","0","0","10"
"shadowlands_category_confirmed","True","14777","Restoration Expert","Upgrade all of your Covenant Sanctum features.","15441","Covenant Sanctums","88299","0","0","25"
"shadowlands_category_confirmed","True","14778","Extremely Ravenous","Obtain the following Anima Powers by using a Ravenous Anima Cell:","15440","Torghast","88304","0","0","10"
"shadowlands_category_confirmed","True","14779","Wild Hunting","Slay the following Ardenweald beasts:","15436","Shadowlands","88318","0","0","10"
"shadowlands_category_confirmed","True","14780","Meditation Master","Complete all of Ohm's meditation quests in the Queen's Conservatory and become one with your inner calm.","15441","Covenant Sanctums","88331","0","0","15"
"snapshot_candidate","True","14782","Level 50","Reach level 50.","92","Character","2053","0","2101252","10"
"snapshot_candidate","True","14783","Level 60","Reach level 60.","92","Character","2056","0","2101252","10"
"snapshot_candidate","True","14784","Total deaths in raids","Total deaths in raids","122","Deaths","38346","0","1","0"
"snapshot_candidate","True","14785","Total deaths in PvP arenas","","122","Deaths","88343","0","1","0"
"snapshot_candidate","True","14786","Total deaths in PvP battlegrounds","","122","Deaths","88346","0","1","0"
"snapshot_candidate","True","14787","Total deaths in dungeons","","122","Deaths","3074","0","1","0"
"shadowlands_category_confirmed","True","14788","Fractured Faerie Tales","Return the following lost books in Ardenweald.","15436","Shadowlands","88368","0","0","10"
"shadowlands_category_confirmed","True","14789","All Spirits Great and Small","Complete Lia's questline to restore all of the animal spirits to the Queen's Conservatory.","15441","Covenant Sanctums","88458","0","0","15"
"shadowlands_category_confirmed","True","14790","Covenant Campaign","Complete your Covenant campaign.","15422","Shadowlands","88528","0","131072","10"
"shadowlands_category_confirmed","True","14791","Toss a Seed to Your Hunter...","Toss a Faintly Glowing Seed at Gwynceirw, The Winter Wolf, during or after combat with the mire boggart.","15436","Shadowlands","89283","0","2048","5"
"shadowlands_category_confirmed","True","14795","Clearing the Fog","Return 15 memories to the Runecarver.","15440","Torghast","88645","0","131072","15"
"snapshot_candidate","True","14796","Superior","Equip an item of at least Superior quality, with a minimum item level of 158, in every slot.","92","Character","88740","0","0","10"
"snapshot_candidate","True","14797","Epic","Equip an item of at least Epic quality, with a minimum item level of 183, in every slot.","92","Character","88756","0","0","10"
"shadowlands_category_confirmed","True","14798","Sojourner of Revendreth","Complete the optional Revendreth storylines listed below.","15422","Shadowlands","88788","0","0","10"
"shadowlands_category_confirmed","True","14799","Sojourner of Maldraxxus","Complete the optional Maldraxxus storylines listed below.","15422","Shadowlands","88794","0","0","10"
"shadowlands_category_confirmed","True","14800","Sojourner of Ardenweald","Complete the optional Ardenweald storylines listed below.","15422","Shadowlands","88801","0","0","10"
"shadowlands_category_confirmed","True","14801","Sojourner of Bastion","Complete the optional Bastion storylines listed below.","15422","Shadowlands","88806","0","0","10"
"shadowlands_category_confirmed","True","14802","Bloodsport","Defeat all seven champions in the Theater of Pain.","15436","Shadowlands","88920","0","0","10"
"snapshot_candidate","True","14804","<Hidden> Exile's Reach RAF Bag","Complete the Exile's Reach introductory experience while a recruit of the Recruit-A-Friend program.","96","Quests","88949","184033","11534340","0"
"internal_dnt","True","14807","<Hidden> Completed Shadowlands Story (DNT) <Account>","Once earned, a player's alt can access the Shadowlands Time Skip mode. (DNT)","96","Quests","88985","0","9568260","0"
"shadowlands_category_confirmed","True","14808","Touring Torghast","Successfully complete the first Layer of each of the following sections of Torghast, Tower of the Damned:","15440","Torghast","88987","0","0","10"
"shadowlands_category_confirmed","True","14809","Traversing Torghast","Successfully complete Layer 4 of each of the following sections of Torghast, Tower of the Damned:","15440","Torghast","88994","0","0","10"
"shadowlands_category_confirmed","True","14810","Terror of Torghast","Successfully complete Layer 8 of each of the following sections of Torghast, Tower of the Damned:","15440","Torghast","89001","0","0","10"
"internal_dnt","True","14811","<Hidden> Shadowlands Alt - Launch Chromie if Shadowlands in Progress (DNT)","","15422","Shadowlands","89008","0","1048580","0"
"internal_dnt","True","14813","<Hidden> HoA Catch All <DNT>","","15422","Shadowlands","89010","0","1048580","0"
"snapshot_candidate","True","14815","Executing the Exarch","Kill High Exarch Turalyon.","95","Player vs. Player","89024","0","0","10"
"snapshot_candidate","True","14816","Sinful Gladiator's Soul Eater","Obtain the Sinful Gladiator's Soul Eater from Shadowlands Season 1.","15269","Mounts","89029","0","145408","0"
"snapshot_candidate","True","14817","Opposing Orgrimmar","Kill Rokhan.","95","Player vs. Player","89022","0","0","10"
"snapshot_candidate","True","14819","Seething Shore Killing Blows","Seething Shore Killing Blows","137","Killing Blows","89059","0","1","0"
"snapshot_candidate","True","14820","Battle of Wintergrasp Killing Blows","Battle of Wintergrasp Killing Blows","137","Killing Blows","89061","0","1","0"
"snapshot_candidate","True","14821","Ashran Killing Blows","Ashran Killing Blows","137","Killing Blows","89063","0","1","0"
"snapshot_candidate","True","14822","Seething Shore Honorable Kills","Seething Shore Honorable Kills","136","Honorable Kills","89065","0","1","0"
"snapshot_candidate","True","14823","Battle for Wintergrasp Honorable Kills","Battle for Wintergrasp Honorable Kills","136","Honorable Kills","89067","0","1","0"
"snapshot_candidate","True","14824","Ashran Honorable Kills","Ashran Honorable Kills","136","Honorable Kills","89069","0","1","0"
"shadowlands_category_confirmed","True","14825","Shadowlands Voyager","Complete the Shadowlands achievements listed below.","15436","Shadowlands","89071","0","131072","25"
"snapshot_candidate","True","14831","I Live, I Die, I Queue Again","Collect any armor set from Shadowlands PvP Season 1.","15259","Appearances","89187","0","131072","10"
"shadowlands_category_confirmed","True","14833","Fashion Abomination","Create each of these Fashion Accessories with Abominable Stitching.","15441","Covenant Sanctums","89190","0","0","10"
"shadowlands_category_confirmed","True","14834","Bound with Purpose","Unlock your covenant's first soulbind.","15441","Covenant Sanctums","89252","0","0","10"
"shadowlands_category_confirmed","True","14835","A Resolute Bond","Unlock your covenant's second soulbind.","15441","Covenant Sanctums","89261","0","0","10"
"shadowlands_category_confirmed","True","14836","Unwavering Bond","Unlock your covenant's third soulbind.","15441","Covenant Sanctums","89266","0","0","10"
"shadowlands_category_confirmed","True","14837","Nexus of Bonds","Unlock all rows in all three of your covenant's soulbinds.","15441","Covenant Sanctums","89271","0","0","10"
"shadowlands_category_confirmed","True","14839","Adventures: Off To Adventure","Raise three adventurers to level 60 in Adventures.","15441","Covenant Sanctums","89774","0","0","10"
"shadowlands_category_confirmed","True","14840","Adventures: Learning the Ropes","Level an adventurer to level 20.","15441","Covenant Sanctums","89777","0","0","10"
"shadowlands_category_confirmed","True","14841","Adventures: Now You're Cooking","Level an adventurer to level 40.","15441","Covenant Sanctums","89779","0","0","10"
"shadowlands_category_confirmed","True","14842","Adventures: Strength and Resilience","Level an adventurer to level 60.","15441","Covenant Sanctums","89781","0","0","10"
"shadowlands_category_confirmed","True","14843","Adventures: Harmony of Purpose","Collect all 12 adventurers from your Covenant.","15441","Covenant Sanctums","89783","0","0","10"
"shadowlands_category_confirmed","True","14844","Adventures: Into the Breach","Complete the following Maw adventures.","15441","Covenant Sanctums","89844","0","0","10"
"shadowlands_category_confirmed","True","14845","Adventures: A Step in the Right Direction","Complete an adventure.","15441","Covenant Sanctums","89838","0","0","10"
"shadowlands_category_confirmed","True","14846","Adventures: Leaves in the Forest","Complete 10 adventures.","15441","Covenant Sanctums","89840","0","0","10"
"shadowlands_category_confirmed","True","14847","Adventures: Protector of the Shadowlands","Complete 100 adventures.","15441","Covenant Sanctums","89842","0","0","10"
"shadowlands_category_hidden","True","14848","Torghast: Tracking - Twisting Corridors Unlocked","Shared Achievement for Tracking Twisting Corridors Unlock. Hidden","15440","Torghast","89480","0","3276804","0"
"shadowlands_category_confirmed","True","14851","Bastion of Protection","Defeat Kalisthene and Craven Corinth while using the Spiritforged Aegis.","15441","Covenant Sanctums","90071","0","0","5"
"shadowlands_category_confirmed","True","14852","The Hoot of the Issue","Defeat Alderyn and Myn'ir, and Splinterbark Nightmare in a Trial of Loyalty as Mikanikos.","15441","Covenant Sanctums","90074","0","0","5"
"shadowlands_category_confirmed","True","14853","All The Colors of the Painbow","Defeat Mad Mortimer after being afflicted by Fiery Veins, Frozen, and Uncontrolled Vomiting.","15441","Covenant Sanctums","0","0","0","5"
"shadowlands_category_confirmed","True","14854","It's Not What You Wear","Overcome a Trial of Loyalty using each piece of soulbind equipment.","15441","Covenant Sanctums","90077","0","0","5"
"snapshot_candidate","True","14855","<Hidden> - NPE Restrictions Removed","","96","Quests","89866","0","11534340","0"
"shadowlands_category_confirmed","True","14856","Charmed, I'm Sure","Overcome a Trial of Wisdom with five Charms equipped.","15441","Covenant Sanctums","0","0","0","5"
"shadowlands_category_confirmed","True","14857","Itsy Bitsy Fighters","Defeat Echthra in a Trial of Wisdom after killing 20 Crawlers.","15441","Covenant Sanctums","0","0","0","5"
"shadowlands_category_confirmed","True","14858","Curse of Thirst","Defeat Craven Corinth in a Trial of Wisdom after he has consumed two anima orbs.","15441","Covenant Sanctums","0","0","0","5"
"shadowlands_category_confirmed","True","14859","Inside the Park Home Run","Defeat Athanos in a Trial of Wisdom after surviving five Power Swings.","15441","Covenant Sanctums","0","0","0","5"
"shadowlands_category_confirmed","True","14860","Bare Necessities","Overcome a Trial of Wisdom without equipping any soulbind equipment.","15441","Covenant Sanctums","0","0","0","5"
"shadowlands_category_confirmed","True","14861","Learning from the Masters","Defeat Kalisthene and Athanos in the Trial of Wisdom using with Pelagos, Kleia, and Mikanikos.","15441","Covenant Sanctums","90096","0","0","5"
"shadowlands_category_confirmed","True","14862","It's How You Wear It","Overcome a Trial of Humility using each soulbind equipment.","15441","Covenant Sanctums","90078","0","0","5"
"shadowlands_category_confirmed","True","14863","Death Foursworn","Defeat Thran'tiok in a Trial of Wisdom without damaging her before destroying all phylacteries.","15441","Covenant Sanctums","0","0","0","5"
"shadowlands_category_confirmed","True","14864","Personal Nightmare","Defeat Azaruux in a Trial of Wisdom as Pelagos, without confronting any memories.","15441","Covenant Sanctums","0","0","0","5"
"shadowlands_category_confirmed","True","14865","Disciple of Humility","Defeat all ten Trials of Humility with Pelagos, Kleia, and Mikanikos.","15441","Covenant Sanctums","90105","0","0","5"
"shadowlands_category_confirmed","True","14866","Master of the Path","Defeat all ten Trials of Humility without any charms or active braziers.","15441","Covenant Sanctums","90136","0","0","5"
"snapshot_candidate","True","14867","Shadowlands Safari","Catch every battle pet in the Shadowlands.","15118","Collect","89868","0","131072","5"
"snapshot_candidate","True","14868","Aquatic Apparitions","Defeat 9 Master Tamers in the Shadowlands with a team of all level 25 Aquatic pets.","15119","Battle","89900","0","131072","5"
"snapshot_candidate","True","14869","Beast Busters","Defeat 9 Master Tamers in the Shadowlands with a team of all level 25 Beast pets.","15119","Battle","89912","0","131072","5"
"snapshot_candidate","True","14870","Creepy Critters","Defeat 9 Master Tamers in the Shadowlands with a team of all level 25 Critter pets.","15119","Battle","89924","0","131072","5"
"snapshot_candidate","True","14871","Deathly Dragonkin","Defeat 9 Master Tamers in the Shadowlands with a team of all level 25 Dragonkin pets.","15119","Battle","89936","0","131072","5"
"snapshot_candidate","True","14872","Eerie Elementals","Defeat 9 Master Tamers in the Shadowlands with a team of all level 25 Elemental pets.","15119","Battle","89948","0","131072","5"
"snapshot_candidate","True","14873","Flickering Fliers","Defeat 9 Master Tamers in the Shadowlands with a team of all level 25 Flying pets.","15119","Battle","89960","0","131072","5"
"snapshot_candidate","True","14874","Haunted Humanoids","Defeat 9 Master Tamers in the Shadowlands with a team of all level 25 Humanoid pets.","15119","Battle","89972","0","131072","5"
"snapshot_candidate","True","14875","Mummified Magics","Defeat 9 Master Tamers in the Shadowlands with a team of all level 25 Magic pets.","15119","Battle","89984","0","131072","5"
"snapshot_candidate","True","14876","Macabre Mechanicals","Defeat 9 Master Tamers in the Shadowlands with a team of all level 25 Mechanical pets.","15119","Battle","89996","0","131072","5"
"snapshot_candidate","True","14877","Unholy Undead","Defeat 9 Master Tamers in the Shadowlands with a team of all level 25 Undead pets.","15119","Battle","90008","0","131072","5"
"snapshot_candidate","True","14879","Family Exorcist","Complete the following achievements.","15119","Battle","90020","184509","135168","10"
"snapshot_candidate","True","14881","Abhorrent Adversaries of the Afterlife","Defeat the following afterlife atrocities of the Shadowlands.","15119","Battle","90031","184512","131072","10"
"snapshot_candidate","True","14884","Level 45","Reach level 45.","92","Character","90069","0","3149828","10"
"internal_dnt","True","14886","<Hidden> HoA Catch All <DNT> (copy)","","15422","Shadowlands","90103","0","1048580","0"
"shadowlands_category_confirmed","True","14887","To the Moon","Wave goodbye to Athanos after he waves to you.","15441","Covenant Sanctums","90147","0","2048","0"
"internal_dnt","True","14888","Torghast: Tracking - Vendor - Uncommons Unlocked [DNT]","Hidden shared Achievement for vendor option tracking. [DNT]","15440","Torghast","90259","0","3276804","0"
"internal_dnt","True","14889","Torghast: Tracking - Vendor - Rares Unlocked [DNT]","Hidden shared Achievement for vendor option tracking. [DNT]","15440","Torghast","90261","0","3276804","0"
"internal_dnt","True","14890","Torghast: Tracking - Vendor - Free Cache Unlocked [DNT]","Hidden shared Achievement for vendor option tracking. [DNT]","15440","Torghast","90263","0","3276804","0"
"internal_dnt","True","14891","Torghast: Tracking - Vendor - Extra Life Unlocked [DNT]","Hidden shared Achievement for vendor option tracking. [DNT]","15440","Torghast","90265","0","3276804","0"
"internal_dnt","True","14892","Torghast: Tracking - Vendor - Higher Epic Chance Unlocked [DNT]","Hidden shared Achievement for anima cache higher epic chance. [DNT]","15440","Torghast","90267","0","3276804","0"
"internal_dnt","True","14893","Torghast: Tracking - Vendor - Obleron Armaments Unlocked [DNT]","Hidden shared Achievement for Obleron Armaments stacking. [DNT]","15440","Torghast","90269","0","3276804","0"
"shadowlands_category_confirmed","True","14894","To 'Ghast, Two Curios","Unlock any two of the permanent upgrades from Ve'nari.","15436","Shadowlands","90492","0","131072","10"
"shadowlands_category_confirmed","True","14895","'Ghast Five","Unlock any five of the permanent upgrades from Ve'nari.","15436","Shadowlands","90504","0","131072","10"
"snapshot_candidate","True","14897","Item slots equipped with Uncommon items","","130","Character","45147","0","1","0"
"snapshot_candidate","True","14898","Item slots equipped with Rare items","","130","Character","45148","0","1","0"
"snapshot_candidate","True","14899","Item slots equipped with Epic items","","130","Character","45149","0","1","0"
"snapshot_candidate","True","14900","Item slots equipped with Legendary items","","130","Character","45150","0","1","0"
"snapshot_candidate","True","14901","Item slots equipped with Heirloom items","","130","Character","45151","0","1","0"
"internal_dnt","True","14902","Torghast: Tracking - Vendor - No Single Choices [DNT]","Hidden shared Achievement for No Single Choices. [DNT]","15440","Torghast","90560","0","3276804","0"
"snapshot_candidate","True","14904","Netherwhelp Online","Proud owner of the Moon-Touched Netherwhelp from BlizzConline.","15268","Promotions","90614","0","133120","0"
"internal_dnt","True","14905","Torghast Tracking - Complete Layer 4 - Skoldus Hall  [DNT]","","15440","Torghast","0","0","3145732","0"
"internal_dnt","True","14906","Torghast Tracking - Complete Layer 4 - Fracture Chambers [DNT]","","15440","Torghast","0","0","3145732","0"
"internal_dnt","True","14907","Torghast Tracking - Complete Layer 4 - Soulforges [DNT]","","15440","Torghast","0","0","3145732","0"
"internal_dnt","True","14908","Torghast Tracking - Complete Layer 4 - Coldheart Interstitia  [DNT]","","15440","Torghast","0","0","3145732","0"
"internal_dnt","True","14909","Torghast Tracking - Complete Layer 4 - Mort'regar  [DNT]","","15440","Torghast","0","0","3145732","0"
"internal_dnt","True","14910","Torghast Tracking - Complete Layer 4 - Upper Reaches [DNT]","","15440","Torghast","0","0","3145732","0"
"internal_dnt","True","14911","Torghast Tracking - Complete Layer 8 - Skoldus Hall  [DNT]","","15440","Torghast","0","0","3145732","0"
"internal_dnt","True","14912","Torghast Tracking - Complete Layer 8 - Fracture Chambers [DNT]","","15440","Torghast","0","0","3145732","0"
"internal_dnt","True","14913","Torghast Tracking - Complete Layer 8 - Soulforges [DNT]","","15440","Torghast","0","0","3145732","0"
"internal_dnt","True","14914","Torghast Tracking - Complete Layer 8 - Coldheart Interstitia  [DNT]","","15440","Torghast","0","0","3145732","0"
"internal_dnt","True","14915","Torghast Tracking - Complete Layer 8 - Mort'regar  [DNT]","","15440","Torghast","0","0","3145732","0"
"internal_dnt","True","14916","Torghast Tracking - Complete Layer 8 - Upper Reaches [DNT]","","15440","Torghast","0","0","3145732","0"
"internal_dnt","True","14917","Torghast: Tracking - Completed Layer 1 - Account [DNT]","Complete Layer 1 of any run. Account. [DNT]","15440","Torghast","0","0","3276804","0"
"internal_dnt","True","14918","Torghast: Tracking - Completed Layer 2 - Account [DNT]","Complete Layer 2 of any run. Account. [DNT]","15440","Torghast","0","0","3276804","0"
"internal_dnt","True","14919","Torghast: Tracking - Completed Layer 3 - Account [DNT]","Complete Layer 3 of any run. Account. [DNT]","15440","Torghast","0","0","3276804","0"
"internal_dnt","True","14920","Torghast: Tracking - Completed Layer 4 - Account [DNT]","Complete Layer 4 of any run. Account. [DNT]","15440","Torghast","0","0","3276804","0"
"internal_dnt","True","14921","Torghast: Tracking - Completed Layer 5 - Account [DNT]","Complete Layer 5 of any run. Account. [DNT]","15440","Torghast","0","0","3276804","0"
"internal_dnt","True","14922","Torghast: Tracking - Completed Layer 6 - Account [DNT]","Complete Layer 6 of any run. Account. [DNT]","15440","Torghast","0","0","3276804","0"
"internal_dnt","True","14923","Torghast: Tracking - Completed Layer 7 - Account [DNT]","Complete Layer 7 of any run. Account. [DNT]","15440","Torghast","0","0","3276804","0"
"internal_dnt","True","14924","Torghast: Tracking - Completed Layer 8 - Account [DNT]","Complete Layer 8 of any run. Account. [DNT]","15440","Torghast","0","0","3276804","0"
"internal_dnt","True","14930","Torghast: Tracking - Vendor - Show Teleport Points [DNT]","Hidden shared Achievement for Show Teleport Points. [DNT]","15440","Torghast","90673","0","3276804","0"
"snapshot_candidate","True","14931","Flying Festivities","Proud owner of the 2020 Vintage Winter Veil gift, the Wreath-A-Rang.","15274","Events","90677","0","2048","0"
"snapshot_candidate","True","14933","9.0 - Covenant - Night Fae - Small Shape Selected","Small Shape form currently selected if you have earned small shapes.","130","Character","90679","0","3145733","0"
"snapshot_candidate","True","14934","9.1 Campaign - Quest Launch","","92","Character","90682","0","3407876","0"
"internal_dnt","True","14936","Torghast - Into Torghast Character [DNT]","Torghast - Into Torghast Character Tracking Achivement [DNT]","15440","Torghast","90691","0","1048580","0"
"internal_dnt","True","14937","Torghast - Twisting Corridor Unlock - Character [DNT]","Achievement for Tracking Twisting Corridors Unlock. Character. Hidden","15440","Torghast","90693","0","1048580","0"
"snapshot_candidate","True","14938","Shadowlands Keystone Explorer: Season One","Complete all Shadowlands Season One dungeons at Mythic Level 5 or higher, within the time limit.","15272","Dungeons","90763","0","133120","0"
"snapshot_candidate","True","14942","WoW's 17th Anniversary","Logged in during WoW's 17th Anniversary.","15274","Events","90928","185906","2048","0"
"shadowlands_category_confirmed","True","14943","Guarmageddon","Defeat Ylva, the Mate of Guarm in the Maw while having five stacks of Blood of the Pack active.","15436","Shadowlands","90966","0","0","10"
"internal_dnt","True","14944","Torghast Tracking 9.1 - Layer 9 Unlocked - Account [DNT]","Unlocked Layer 9 (Achieved 5+ Gems on Layer 8) Hidden.","15440","Torghast","0","0","3276804","0"
"internal_dnt","True","14945","Torghast Tracking 9.1 - Layer 10 Unlocked - Account [DNT]","Unlocked Layer 10 (Achieved 5+ Gems on Layer 9) Hidden.","15440","Torghast","0","0","3276804","0"
"internal_dnt","True","14946","Torghast Tracking 9.1 - Layer 11 Unlocked - Account [DNT]","Unlocked Layer 11 (Achieved 4+ Gems on Layer 10) Hidden.","15440","Torghast","0","0","3276804","0"
"internal_dnt","True","14947","Torghast Tracking 9.1 - Layer 12 Unlocked - Account [DNT]","Unlocked Layer 12 (Achieved 4+ Gems on Layer 11) Hidden.","15440","Torghast","0","0","3276804","0"
"internal_dnt","True","14954","Torghast Tracking 9.1 - Layer 9 Unlocked - Character [DNT]","Unlock Layer 9 (4+ Gem Layer 8) Hidden.","15440","Torghast","0","0","3145732","0"
"internal_dnt","True","14955","Torghast Tracking 9.1 - Layer 10 Unlocked - Character [DNT]","Unlock Layer 10 (4+ Gem Layer 9) Hidden.","15440","Torghast","0","0","3145732","0"
"internal_dnt","True","14956","Torghast Tracking 9.1 - Layer 11 Unlocked - Character [DNT]","Unlock Layer 11 (4+ Gem Layer 10) Hidden.","15440","Torghast","0","0","3145732","0"
"internal_dnt","True","14957","Torghast Tracking 9.1 - Layer 12 Unlocked - Character [DNT]","Unlock Layer 12 (4+ Gem Layer 11) Hidden.","15440","Torghast","0","0","3145732","0"
"shadowlands_category_confirmed","True","14961","Chains of Domination","Complete the storylines listed below.","15422","Shadowlands","91088","0","0","10"
"snapshot_candidate","True","14966","Unchained Combatant","","15270","Player vs. Player","91098","186179","1179648","0"
"snapshot_candidate","True","14967","Unchained Combatant","","15270","Player vs. Player","91096","186178","1179648","0"
"snapshot_candidate","True","14968","Combatant I: Shadowlands Season 2","Earn the rank of Combatant I during Shadowlands Season 2.","15270","Player vs. Player","91100","0","2048","0"
"snapshot_candidate","True","14969","Challenger I: Shadowlands Season 2","Earn the rank of Challenger I during Shadowlands Season 2.","15270","Player vs. Player","91104","0","14336","0"
"snapshot_candidate","True","14970","Rival I: Shadowlands Season 2","Earn the rank of Rival I during Shadowlands Season 2.","15270","Player vs. Player","91108","0","14336","0"
"snapshot_candidate","True","14971","Duelist: Shadowlands Season 2","Earn the rank of Duelist during Shadowlands Season 2.","15270","Player vs. Player","91112","0","14336","0"
"snapshot_candidate","True","14972","Gladiator: Shadowlands Season 2","Win 50 3v3 games while at Elite rank during Shadowlands Season 2.","15270","Player vs. Player","91116","186177","14336","0"
"snapshot_candidate","True","14973","Unchained Gladiator: Shadowlands Season 2","End Shadowlands PvP Season 2 in the top 0.1% of the 3v3 arena ladder (requires 150 games won on your current faction in Shadowlands Season 2).","15270","Player vs. Player","0","0","14336","0"
"snapshot_candidate","True","14974","Elite: Shadowlands Season 2","Earn the rank of Elite during Shadowlands Season 2.","15270","Player vs. Player","91118","0","14336","0"
"snapshot_candidate","True","14975","Hero of the Alliance: Unchained","End Shadowlands Season 2 in the top 0.5% of the rated battleground ladder (requires 50 games won on your current faction in Shadowlands Season 2).","15270","Player vs. Player","0","0","14336","0"
"snapshot_candidate","True","14976","Hero of the Horde: Unchained","End Shadowlands Season 2 in the top 0.5% of the rated battleground ladder (requires 50 games won on your current faction in Shadowlands Season 2).","15270","Player vs. Player","0","0","14336","0"
"shadowlands_category_confirmed","True","14998","Name A Better Duo, I'll Wait","Defeat The Tarragrue after entering the mists and reuniting Moriaz with Buttons in the Sanctum of Domination on Normal difficulty or higher.","15438","Shadowlands Raid","91166","0","0","10"
"snapshot_candidate","True","14999","Unchained Gladiator's Soul Eater","Obtain the Unchained Gladiator's Soul Eater from Shadowlands Season 2.","15269","Mounts","91170","0","145408","0"
"shadowlands_category_confirmed","True","15000","United Front","Complete all four covenant assaults in the Maw.","15422","Shadowlands","91173","0","0","10"
"shadowlands_category_confirmed","True","15001","Jailer's Personal Stash","Open ten Rift Hidden Caches during the Night Fae assault on the Crucible of the Damned.","15422","Shadowlands","91178","0","128","5"
"shadowlands_category_confirmed","True","15003","To the Nines","Defeat The Nine after forming a Shard of Destiny from 9 or more Fragments of Destiny in the Sanctum of Domination on Normal difficulty or higher.","15438","Shadowlands Raid","91188","0","0","10"
"snapshot_candidate","True","15004","A Sly Fox","Find ""Sly"" each time he runs away.","15118","Collect","91194","186539","0","5"
"internal_dnt","True","15010","Maw Tracking - Vendor - Items Unlocked - Apprehensive [DNT]","Hidden account-wide tracking achievement allowing access to Ve'nari's goods which require Apprehensive standing [DNT]","15440","Torghast","91386","0","3276804","0"
"internal_dnt","True","15011","Maw Tracking - Vendor - Items Unlocked - Tentative [DNT]","Hidden account-wide tracking achievement allowing access to Ve'nari's goods which require Tentative standing [DNT]","15440","Torghast","91388","0","3276804","0"
"internal_dnt","True","15012","Maw Tracking - Vendor - Items Unlocked - Ambivalent [DNT]","Hidden account-wide tracking achievement allowing access to Ve'nari's goods which require Ambivalent standing [DNT]","15440","Torghast","91390","0","3276804","0"
"internal_dnt","True","15013","Maw Tracking - Vendor - Items Unlocked - Cordial [DNT]","Hidden account-wide tracking achievement allowing access to Ve'nari's goods which require Cordial standing [DNT]","15440","Torghast","91392","0","3276804","0"
"shadowlands_category_confirmed","True","15023","We Can Rebuild","Unlock Rank I of all four Covenant Upgrades.","15441","Covenant Sanctums","91503","0","0","10"
"shadowlands_category_confirmed","True","15024","Denying the Drought","Unlock Rank II of all four Covenant Upgrades.","15441","Covenant Sanctums","91506","0","0","10"
"shadowlands_category_confirmed","True","15025","Sanctum Superior","Unlock Rank III of all four Covenant Upgrades.","15441","Covenant Sanctums","91509","0","0","10"
"shadowlands_category_confirmed","True","15032","Breaking Their Hold","Complete the following quests during the Necrolord assault on Perdition Hold.","15422","Shadowlands","91556","0","0","10"
"shadowlands_category_confirmed","True","15033","Taking the Tremaculum","Complete the following quests during the Venthyr assault on the Tremaculum.","15422","Shadowlands","91574","0","0","10"
"shadowlands_category_confirmed","True","15034","Wings Against the Flames","Complete the following quests during the Kyrian assault on Zovaal's Cauldron.","15422","Shadowlands","91585","0","0","10"
"shadowlands_category_confirmed","True","15035","On the Offensive","Complete four of the covenant assault achievements listed below.","15422","Shadowlands","91593","0","131072","15"
"shadowlands_category_confirmed","True","15036","Rooting Out the Evil","Complete the following quests during the Night Fae assault on Crucible of the Damned.","15422","Shadowlands","91598","0","0","10"
"shadowlands_category_confirmed","True","15037","This Army","Complete the quest ""You and What Army"" once with each of the unique champions.","15422","Shadowlands","91612","0","0","5"
"shadowlands_category_confirmed","True","15039","Up For Grabs","Open ten Mawsworn Caches during the Necrolord assault on Perdition Hold.","15422","Shadowlands","91618","0","128","5"
"shadowlands_category_confirmed","True","15040","Flawless Fate","Defeat Fatescribe Roh-Kalo without taking damage from Fate Fragments, Fated Conjunction, or the explosions from Call of Eternity and Echo of Eternity on Normal difficulty or higher.","15438","Shadowlands Raid","91625","0","0","10"
"shadowlands_category_confirmed","True","15041","The Zovaal Shuffle","Dance near five different forges in Zovaal's Cauldron while holding a Mawproof Parasol.","15422","Shadowlands","91627","0","128","5"
"shadowlands_category_confirmed","True","15042","Tea for the Troubled","Serve tea to the following characters during the Venthyr assault on the Tremaculum.","15422","Shadowlands","91637","0","0","5"
"shadowlands_category_confirmed","True","15043","Hoarder of Torghast","Make use of items Fangcrack pulls out of the Portal to Torghast.","15422","Shadowlands","91646","0","128","5"
"shadowlands_category_confirmed","True","15044","Krrprripripkraak's Heroes","Aid each of the following characters during the Night Fae assault quest ""Just Don't Ask Me to Spell It"".","15422","Shadowlands","91652","0","0","5"
"snapshot_candidate","True","15045","Keystone Hero: The Necrotic Wake","Complete The Necrotic Wake at Mythic Level 20 or higher, within the time limit.","15272","Dungeons","91659","0","2048","0"
"snapshot_candidate","True","15046","Keystone Hero: Plaguefall","Complete Plaguefall at Mythic Level 20 or higher, within the time limit.","15272","Dungeons","91661","0","2048","0"
"snapshot_candidate","True","15047","Keystone Hero: Mists of Tirna Scithe","Complete Mists of Tirna Scithe at Mythic Level 20 or higher, within the time limit.","15272","Dungeons","91663","0","2048","0"
"snapshot_candidate","True","15048","Keystone Hero: Halls of Atonement","Complete Halls of Atonement at Mythic Level 20 or higher, within the time limit.","15272","Dungeons","91665","0","2048","0"
"snapshot_candidate","True","15049","Keystone Hero: Spires of Ascension","Complete Spires of Ascension at Mythic Level 20 or higher, within the time limit.","15272","Dungeons","91667","0","2048","0"
"snapshot_candidate","True","15050","Keystone Hero: Theater of Pain","Complete Theater of Pain at Mythic Level 20 or higher, within the time limit.","15272","Dungeons","91669","0","2048","0"
"snapshot_candidate","True","15051","Keystone Hero: De Other Side","Complete De Other Side at Mythic Level 20 or higher, within the time limit.","15272","Dungeons","91671","0","2048","0"
"snapshot_candidate","True","15052","Keystone Hero: Sanguine Depths","Complete Sanguine Depths at Mythic Level 20 or higher, within the time limit.","15272","Dungeons","91673","0","2048","0"
"shadowlands_category_confirmed","True","15053","Explore Korthia","Explore Korthia, revealing the covered areas of the world map.","15436","Shadowlands","91675","0","0","10"
"shadowlands_category_confirmed","True","15054","Minions of the Cold Dark","Defeat all of the Tormentors of Torghast special encounters in The Maw.","15436","Shadowlands","91685","0","0","15"
"shadowlands_category_confirmed","True","15055","Friend of Ooz","Complete the ""Oozing with Character"" daily quest, with Ooz, 3 times.","15422","Shadowlands","91706","0","128","10"
"shadowlands_category_confirmed","True","15056","Friend of Bloop","Complete the ""Oozing with Character"" daily quest, with Bloop, 3 times.","15422","Shadowlands","91708","0","128","10"
"shadowlands_category_confirmed","True","15057","Friend of Plaguey","Complete the ""Oozing with Character"" daily quest, with Plaguey, 3 times.","15422","Shadowlands","91710","0","128","10"
"shadowlands_category_confirmed","True","15058","I Used to Bullseye Deeprun Rats Back Home","Defeat the Remnant of Ner'zhul after scoring three goals in the Sanctum of Domination on Normal difficulty or higher.","15438","Shadowlands Raid","91712","0","0","10"
"shadowlands_category_confirmed","True","15059","Death's Advance","Earn Exalted status with Death's Advance.","15439","Shadowlands","91715","0","0","5"
"shadowlands_category_confirmed","True","15064","Breaking the Chains","Complete the achievements listed below.","15422","Shadowlands","91730","186654","131072","10"
"shadowlands_category_confirmed","True","15065","Eye Wish You Were Here","Defeat the Eye of the Jailer after using the Scavenged S.E.L.F.I.E. Camera to take a picture of the Eye of the Jailer and the entire raid after it has cast Immediate Extermination in the Sanctum of Domination on Normal difficulty or higher.","15438","Shadowlands Raid","91735","0","0","10"
"shadowlands_category_confirmed","True","15066","Reliquary Restoration","Collect all of the Archivist's relics in Korthia.","15422","Shadowlands","91738","0","0","10"
"shadowlands_category_confirmed","True","15067","Adamant Vaults","Successfully complete the Adamant Vaults on any layer in Torghast, Tower of the Damned.","15440","Torghast","0","0","0","10"
"shadowlands_category_hidden","True","15068","<Hidden> Covenant Campaign Chapter 2 - Torghast","","15422","Shadowlands","91748","0","1048580","0"
"shadowlands_category_confirmed","True","15069","The Archivists' Codex","Unlock Tier 6 Research with The Archivists' Codex.","15439","Shadowlands","91751","0","0","5"
"shadowlands_category_hidden","True","15071","<Hidden> Covenant Campaign Chapter 3 - Peering Into Darkness","","15422","Shadowlands","91753","0","1048580","0"
"snapshot_candidate","True","15073","Shadowlands Keystone Explorer: Season Two","Attain a Mythic+ Rating of at least 750 during Shadowlands Season Two.","15272","Dungeons","91761","0","133120","0"
"shadowlands_category_confirmed","True","15075","Infiltrators","Defeat each of the following rare encounters in Torghast, Tower of the Damned:","15440","Torghast","91791","0","0","10"
"shadowlands_category_confirmed","True","15076","The Box of Many Things","Obtain the Box of Many Things in Torghast, Tower of the Damned.","15440","Torghast","91795","0","0","5"
"snapshot_candidate","True","15077","Shadowlands Keystone Conqueror: Season Two","Attain a Mythic+ Rating of at least 1500 during Shadowlands Season Two.","15272","Dungeons","91797","0","133120","0"
"snapshot_candidate","True","15078","Shadowlands Keystone Master: Season Two","Attain a Mythic+ Rating of at least 2000 during Shadowlands Season Two.","15272","Dungeons","91799","187525","133120","0"
"shadowlands_category_confirmed","True","15079","Many, Many Things","Research every talent in the Box of Many Things.","15440","Torghast","91801","186551","131072","10"
"shadowlands_category_confirmed","True","15080","So Blessed","Research rank 3 of Blessing of the Ancients in the Box of Many Things.","15440","Torghast","91819","0","0","10"
"shadowlands_category_confirmed","True","15081","Flawless: Skoldus Hall (Layer 12)","Achieve a Flawless run on layer 12 in Skoldus Hall.","15440","Torghast","0","0","0","10"
"shadowlands_category_confirmed","True","15082","Flawless: Fracture Chambers (Layer 12)","Achieve a Flawless run on layer 12 in Fracture Chambers.","15440","Torghast","0","0","0","10"
"shadowlands_category_confirmed","True","15083","Flawless: Coldheart Interstitia (Layer 12)","Achieve a Flawless run on layer 12 in Coldheart Interstitia.","15440","Torghast","0","0","0","10"
"shadowlands_category_confirmed","True","15084","Flawless: The Soulforges (Layer 12)","Achieve a Flawless run on layer 12 in The Soulforges.","15440","Torghast","0","0","0","10"
"shadowlands_category_confirmed","True","15087","Flawless: Mort'regar (Layer 12)","Achieve a Flawless run on layer 12 in Mort'regar.","15440","Torghast","0","0","0","10"
"shadowlands_category_confirmed","True","15088","Flawless: The Upper Reaches (Layer 12)","Achieve a Flawless run on layer 12 in The Upper Reaches.","15440","Torghast","0","0","0","10"
"shadowlands_category_confirmed","True","15089","Flawless Master (Layer 12)","Achieve a Flawless run on layer 12 in each wing of Torghast, Tower of the Damned.","15440","Torghast","91833","186655","131072","20"
"shadowlands_category_confirmed","True","15091","A Taste of Perfection","Achieve a Flawless run in Torghast, Tower of the Damned.","15440","Torghast","0","0","0","10"
"shadowlands_category_confirmed","True","15092","Master of Torment","Complete the achievements listed below:","15440","Torghast","91852","0","0","20"
"shadowlands_category_confirmed","True","15093","Avenge Me!","Slay an elite enemy with 10 stacks of Vengeance while the Torment ""Avenger"" is active in Torghast, Tower of the Damned.","15440","Torghast","91844","0","0","10"
"shadowlands_category_confirmed","True","15094","Rampage","Maintain maximum stacks of Rampaging for 30 consecutive seconds while the Blessing ""Rampage"" is active in Torghast, Tower of the Damned.","15440","Torghast","91846","0","0","10"
"shadowlands_category_confirmed","True","15095","No Doubt","Defeat a boss without ever killing or interrupting any of the Mawsworn Doubtcaller's spells while the Torment ""Backup"" is active during a single run in Torghast, Tower of the Damned.","15440","Torghast","91848","0","0","10"
"shadowlands_category_confirmed","True","15096","Crowd Pleaser","Be under the effects of Claustrophobia for 30 consecutive seconds while the Torment ""Claustrophobic"" is active in Torghast, Tower of the Damned.","15440","Torghast","91850","0","0","10"
"shadowlands_category_confirmed","True","15099","Treasures of Korthia","Discover the hidden treasures of Korthia and Desmotaeron.","15436","Shadowlands","91890","0","0","10"
"snapshot_candidate","True","15102","It's Off the Chain!","Collect any armor set from Shadowlands PvP Season 2.","15259","Appearances","91904","0","131072","10"
"shadowlands_category_confirmed","True","15105","Tormentor's Tango","Defeat Soulrender Dormazain after /taunting Garrosh Hellscream before combat begins and avoiding all Torment impacts in the Sanctum of Domination on Normal difficulty or higher.","15438","Shadowlands Raid","91907","0","0","10"
"shadowlands_category_confirmed","True","15106","Quality Control","Defeat the P.O.S.T. Master after passing all Unstable Goods to at least one other player before delivery in Tazavesh, the Veiled Market on Mythic difficulty.","15428","Shadowlands Dungeon","91926","0","0","10"
"shadowlands_category_confirmed","True","15107","Conquering Korthia","Complete the following special encounters in Korthia and the Maw.","15422","Shadowlands","91928","0","0","10"
"shadowlands_category_confirmed","True","15108","Together Forever","Defeat Kel'Thuzad after thawing the Remnant's heart in the Sanctum of Domination on Normal difficulty or higher.","15438","Shadowlands Raid","91938","0","0","10"
"shadowlands_category_confirmed","True","15109","Will it Blend?","Defeat Zo'phex the Sentinel while covered in 4 different blended substances in Tazavesh, the Veiled Market on Mythic difficulty.","15428","Shadowlands Dungeon","91945","0","0","10"
"snapshot_candidate","True","15110","Dominating the Catwalk","Collect an armor set from Sanctum of Domination.","15259","Appearances","91984","0","131072","10"
"shadowlands_category_hidden","True","15111","<Hidden> Tazavesh Intro Complete","","15422","Shadowlands","91986","0","1179652","0"
"shadowlands_category_confirmed","True","15112","Mythic: The Tarragrue","Defeat The Tarragrue in the Sanctum of Domination on Mythic difficulty.","15438","Shadowlands Raid","92010","0","4096","10"
"shadowlands_category_confirmed","True","15113","Mythic: The Eye of the Jailer","Defeat The Eye of the Jailer in the Sanctum of Domination on Mythic difficulty.","15438","Shadowlands Raid","92012","0","4096","10"
"shadowlands_category_confirmed","True","15114","Mythic: The Nine","Defeat The Nine in the Sanctum of Domination on Mythic difficulty.","15438","Shadowlands Raid","92014","0","4096","10"
"shadowlands_category_confirmed","True","15115","Mythic: Remnant of Ner'zhul","Defeat Remnant of Ner'zhul in the Sanctum of Domination on Mythic difficulty.","15438","Shadowlands Raid","92016","0","4096","10"
"shadowlands_category_confirmed","True","15116","Mythic: Soulrender Dormazain","Defeat Soulrender Dormazain in the Sanctum of Domination on Mythic difficulty.","15438","Shadowlands Raid","92018","0","4096","10"
"shadowlands_category_confirmed","True","15117","Mythic: Painsmith Raznal","Defeat Painsmith Raznal in the Sanctum of Domination on Mythic difficulty.","15438","Shadowlands Raid","92020","0","4096","10"
"shadowlands_category_confirmed","True","15118","Mythic: Guardian of the First Ones","Defeat Guardian of the First Ones in the Sanctum of Domination on Mythic difficulty.","15438","Shadowlands Raid","92022","0","4096","10"
"shadowlands_category_confirmed","True","15119","Mythic: Fatescribe Roh-Kalo","Defeat Fatescribe Roh-Kalo in the Sanctum of Domination on Mythic difficulty.","15438","Shadowlands Raid","92024","0","4096","10"
"shadowlands_category_confirmed","True","15120","Mythic: Kel'Thuzad","Defeat Kel'Thuzad in the Sanctum of Domination on Mythic difficulty.","15438","Shadowlands Raid","92026","0","4096","10"
"shadowlands_category_confirmed","True","15121","Mythic: Sylvanas Windrunner","Defeat Sylvanas Windrunner in the Sanctum of Domination on Mythic difficulty.","15438","Shadowlands Raid","92028","0","4096","10"
"shadowlands_category_confirmed","True","15122","The Jailer's Vanguard","Defeat the following bosses in the lower floors of the Sanctum of Domination.","15438","Shadowlands Raid","92030","0","0","10"
"shadowlands_category_confirmed","True","15123","The Dark Bastille","Defeat the following bosses in the wings of the Sanctum of Domination.","15438","Shadowlands Raid","92034","0","0","10"
"shadowlands_category_confirmed","True","15124","Shackles of Fate","Defeat the following bosses in the upper tiers of the Sanctum of Domination.","15438","Shadowlands Raid","92038","0","0","10"
"shadowlands_category_confirmed","True","15125","The Reckoning","Ascend to the summit and confront Sylvanas Windrunner in the Sanctum of Domination.","15438","Shadowlands Raid","92042","0","0","10"
"shadowlands_category_confirmed","True","15126","Sanctum of Domination","Defeat the following bosses on any difficulty.","15438","Shadowlands Raid","92044","0","0","10"
"shadowlands_category_confirmed","True","15127","Heroic: Sanctum of Domination","Defeat the following bosses on Heroic difficulty.","15438","Shadowlands Raid","92055","0","0","10"
"shadowlands_category_confirmed","True","15128","Mythic: Sanctum of Domination","Defeat the following bosses on Mythic difficulty.","15438","Shadowlands Raid","92066","0","0","10"
"snapshot_candidate","True","15130","Glory of the Dominant Raider","Complete the Sanctum of Domination raid achievements listed below.","168","Dungeons & Raids","92077","186653","143360","25"
"shadowlands_category_confirmed","True","15131","Whack-A-Soul","Defeat Painsmith Raznal after activating the Burning Gibbets in the Sanctum of Domination on Normal difficulty or higher.","15438","Shadowlands Raid","92217","0","0","10"
"shadowlands_category_confirmed","True","15132","Knowledge is Power","Defeat the Guardian of the First Ones after enlightening and defeating Vazzaren the Seeker in the Sanctum of Domination in Normal difficulty or higher.","15438","Shadowlands Raid","92239","0","0","10"
"shadowlands_category_confirmed","True","15133","This World is a Prism","Defeat Sylvanas Windrunner after activating the Focusing Prism in the Sanctum of Domination on Normal difficulty or higher.","15438","Shadowlands Raid","92219","0","0","10"
"snapshot_candidate","True","15134","Ahead of the Curve: Sylvanas Windrunner","Defeat Sylvanas Windrunner in the Sanctum of Domination on Heroic difficulty or higher, before the release of the next raid tier.","15271","Raids","92088","0","6144","0"
"snapshot_candidate","True","15135","Cutting Edge: Sylvanas Windrunner","Defeat Sylvanas Windrunner in the Sanctum of Domination on Mythic difficulty, before the release of the next raid tier.","15271","Raids","92090","0","6144","0"
"snapshot_candidate","True","15136","The Tarragrue Kills (Raid Finder Sanctum of Domination)","","15430","Shadowlands","92093","0","1","0"
"snapshot_candidate","True","15137","The Tarragrue Kills (Normal Sanctum of Domination)","","15430","Shadowlands","92095","0","1","0"
"snapshot_candidate","True","15138","The Tarragrue Kills (Heroic Sanctum of Domination)","","15430","Shadowlands","92097","0","1","0"
"snapshot_candidate","True","15139","The Tarragrue Kills (Mythic Sanctum of Domination)","","15430","Shadowlands","92099","0","1","0"
"snapshot_candidate","True","15140","The Eye of the Jailer Kills (Raid Finder Sanctum of Domination)","","15430","Shadowlands","92101","0","1","0"
"snapshot_candidate","True","15141","The Eye of the Jailer Kills (Normal Sanctum of Domination)","","15430","Shadowlands","92103","0","1","0"
"snapshot_candidate","True","15142","The Eye of the Jailer Kills (Heroic Sanctum of Domination)","","15430","Shadowlands","92105","0","1","0"
"snapshot_candidate","True","15143","The Eye of the Jailer Kills (Mythic Sanctum of Domination)","","15430","Shadowlands","92107","0","1","0"
"snapshot_candidate","True","15144","The Nine Kills (Raid Finder Sanctum of Domination)","","15430","Shadowlands","92109","0","1","0"
"snapshot_candidate","True","15145","The Nine Kills (Normal Finder Sanctum of Domination)","","15430","Shadowlands","92111","0","1","0"
"snapshot_candidate","True","15146","The Nine Kills (Heroic Finder Sanctum of Domination)","","15430","Shadowlands","92113","0","1","0"
"snapshot_candidate","True","15147","The Nine Kills (Mythic Finder Sanctum of Domination)","","15430","Shadowlands","92115","0","1","0"
"snapshot_candidate","True","15148","Remnant of Ner'zhul Kills (Raid Finder Sanctum of Domination)","","15430","Shadowlands","92117","0","1","0"
"snapshot_candidate","True","15149","Remnant of Ner'zhul Kills (Normal Sanctum of Domination)","","15430","Shadowlands","92119","0","1","0"
"snapshot_candidate","True","15150","Remnant of Ner'zhul Kills (Heroic Sanctum of Domination)","","15430","Shadowlands","92121","0","1","0"
"snapshot_candidate","True","15151","Remnant of Ner'zhul Kills (Mythic Sanctum of Domination)","","15430","Shadowlands","92123","0","1","0"
"snapshot_candidate","True","15152","Soulrender Dormazain Kills (Raid Finder Sanctum of Domination)","","15430","Shadowlands","92125","0","1","0"
"snapshot_candidate","True","15153","Soulrender Dormazain Kills (Normal Sanctum of Domination)","","15430","Shadowlands","92127","0","1","0"
"snapshot_candidate","True","15154","Soulrender Dormazain Kills (Heroic Sanctum of Domination)","","15430","Shadowlands","92129","0","1","0"
"snapshot_candidate","True","15155","Soulrender Dormazain Kills (Mythic Sanctum of Domination)","","15430","Shadowlands","92131","0","1","0"
"snapshot_candidate","True","15156","Painsmith Raznal Kills (Raid Finder Sanctum of Domination)","","15430","Shadowlands","92133","0","1","0"
"snapshot_candidate","True","15157","Painsmith Raznal Kills (Normal Sanctum of Domination)","","15430","Shadowlands","92135","0","1","0"
"snapshot_candidate","True","15158","Painsmith Raznal Kills (Heroic Sanctum of Domination)","","15430","Shadowlands","92137","0","1","0"
"snapshot_candidate","True","15159","Painsmith Raznal Kills (Mythic Sanctum of Domination)","","15430","Shadowlands","92139","0","1","0"
"snapshot_candidate","True","15160","Guardian of the First Ones Kills (Raid Finder Sanctum of Domination)","","15430","Shadowlands","92141","0","1","0"
"snapshot_candidate","True","15161","Guardian of the First Ones Kills (Normal Sanctum of Domination)","","15430","Shadowlands","92143","0","1","0"
"snapshot_candidate","True","15162","Guardian of the First Ones Kills (Heroic Sanctum of Domination)","","15430","Shadowlands","92145","0","1","0"
"snapshot_candidate","True","15163","Guardian of the First Ones Kills (Mythic Sanctum of Domination)","","15430","Shadowlands","92147","0","1","0"
"snapshot_candidate","True","15164","Fatescribe Roh-Kalo Kills (Raid Finder Sanctum of Domination)","","15430","Shadowlands","92149","0","1","0"
"snapshot_candidate","True","15165","Fatescribe Roh-Kalo Kills (Normal Sanctum of Domination)","","15430","Shadowlands","92151","0","1","0"
"snapshot_candidate","True","15166","Fatescribe Roh-Kalo Kills (Heroic Sanctum of Domination)","","15430","Shadowlands","92153","0","1","0"
"snapshot_candidate","True","15167","Fatescribe Roh-Kalo Kills (Mythic Sanctum of Domination)","","15430","Shadowlands","92155","0","1","0"
"snapshot_candidate","True","15168","So'leah kills (Tazavesh, the Veiled Market)","","15430","Shadowlands","92157","0","1","0"
"snapshot_candidate","True","15169","Kel'Thuzad Kills (Raid Finder Sanctum of Domination)","","15430","Shadowlands","92159","0","1","0"
"snapshot_candidate","True","15170","Kel'Thuzad Kills (Normal Sanctum of Domination)","","15430","Shadowlands","92161","0","1","0"
"snapshot_candidate","True","15171","Kel'Thuzad Kills (Heroic Sanctum of Domination)","","15430","Shadowlands","92163","0","1","0"
"snapshot_candidate","True","15172","Kel'Thuzad Kills (Mythic Sanctum of Domination)","","15430","Shadowlands","92165","0","1","0"
"snapshot_candidate","True","15173","Sylvanas Windrunner Kills (Raid Finder Sanctum of Domination)","","15430","Shadowlands","92167","0","1","0"
"snapshot_candidate","True","15174","Sylvanas Windrunner Kills (Normal Sanctum of Domination)","","15430","Shadowlands","92169","0","1","0"
"snapshot_candidate","True","15175","Sylvanas Windrunner Kills (Heroic Sanctum of Domination)","","15430","Shadowlands","92171","0","1","0"
"snapshot_candidate","True","15176","Sylvanas Windrunner Kills (Mythic Sanctum of Domination)","","15430","Shadowlands","92173","0","1","0"
"shadowlands_category_confirmed","True","15177","Tazavesh, the Veiled Market","Defeat So'leah in Tazavesh, the Veiled Market on Mythic difficulty.","15428","Shadowlands Dungeon","92205","0","0","10"
"shadowlands_category_confirmed","True","15178","Fake It 'Til You Make It","Defeat So'leah in Tazavesh, the Veiled Market after being caught using forged credentials on Mythic Difficulty.","15428","Shadowlands Dungeon","92207","186637","131072","10"
"shadowlands_category_confirmed","True","15179","This is Fine","Defeat Hylbrande after only inserting Bypass Codes while afflicted with Sanitizing Field in Tazavesh, the Veiled Market on Mythic Difficulty.","15428","Shadowlands Dungeon","92269","0","0","10"
"snapshot_candidate","True","15181","Rock n' Roll","Use Lightning Nitro while listening to Rockin' Tunes in your Rockin' Rollin' Racer.","156","Winter Veil","92226","0","0","10"
"snapshot_candidate","True","15182","Sanctum of Domination Guild Run","Defeat the following bosses in the Sanctum of Domination on Normal difficulty or higher while in a guild group.","15442","Shadowlands Raid","92228","0","61440","10"
"snapshot_candidate","True","15183","Heroic: Sanctum of Domination Guild Run","Defeat the following bosses in the Sanctum of Domination on Heroic difficulty or higher while in a guild group.","15442","Shadowlands Raid","92241","0","94208","10"
"snapshot_candidate","True","15184","Mythic: Sylvanas Windrunner Guild Run","Defeat Sylvanas Windrunner in the Sanctum of Donination on Mythic difficulty while in a guild group.","15442","Shadowlands Raid","92252","0","94208","10"
"snapshot_candidate","True","15185","Mythic: Tazavesh, the Veiled Market Guild Run","Defeat So'leah in Tazavesh, the Veiled Market on Mythic difficulty while in a guild group.","15429","Shadowlands Dungeon","92254","0","81920","10"
"internal_dnt","True","15186","The Archivists' Codex Tier 2 [DNT]","Hidden account-wide tracking achievement for Archivists' Codex Tier 2.","15439","Shadowlands","92256","0","3278848","5"
"internal_dnt","True","15187","The Archivists' Codex Tier 3 [DNT]","Hidden account-wide tracking achievement for Archivists' Codex Tier 3.","15439","Shadowlands","92258","0","3278848","5"
"internal_dnt","True","15188","The Archivists' Codex Tier 4 [DNT]","Hidden account-wide tracking achievement for Archivists' Codex Tier 4.","15439","Shadowlands","92260","0","3278848","5"
"internal_dnt","True","15189","The Archivists' Codex Tier 5 [DNT]","Hidden account-wide tracking achievement for Archivists' Codex Tier 5.","15439","Shadowlands","92262","0","3278848","5"
"shadowlands_category_confirmed","True","15190","Mischief!","Tickle the following broker rats in Tazavesh, the Veiled Market on Mythic Difficulty.","15428","Shadowlands Dungeon","92280","0","0","10"
"snapshot_candidate","True","15191","Rae'shalare, Death's Whisper","Wielder of Rae'shalare, Death's Whisper.","15271","Raids","92287","0","2048","0"
"internal_dnt","True","15192","<Hidden> 9.1 Flying Unlock [DNT]","","15422","Shadowlands","92290","0","1048580","0"
"internal_dnt","True","15193","<Hidden> 9.1 Content Skip Unlock [DNT]","","15422","Shadowlands","92292","0","1048580","0"
"snapshot_candidate","True","15196","Hall of Fame: Sylvanas (Horde)","Among the first one hundred Horde guilds worldwide to defeat Sylvanas Windrunner on Mythic difficulty.","15093","Guild Feats of Strength","92297","0","4258304","0"
"snapshot_candidate","True","15197","Hall of Fame: Sylvanas (Alliance)","Among the first one hundred Alliance guilds worldwide to defeat Sylvanas Windrunner on Mythic difficulty.","15093","Guild Feats of Strength","92299","0","4258304","0"
"shadowlands_category_confirmed","True","15211","Completing the Code","Using the Containment Trap. Retrieve research data from the following creatures.","15436","Shadowlands","92376","187793","131072","5"
"snapshot_candidate","True","15212","First Dance","Successfully participate in the Darkmoon Faire Dance game.","15101","Darkmoon Faire","92380","0","0","5"
"snapshot_candidate","True","15213","Don't Stop Dancing","Successfully participate in 30 Darkmoon Faire Dance games.","15101","Darkmoon Faire","92387","0","0","10"
"snapshot_candidate","True","15214","What a Feeling","Earn a perfect score in the Darkmoon Faire Dance game on the medium difficulty.","15101","Darkmoon Faire","92394","0","0","5"
"snapshot_candidate","True","15215","Can't Stop the Feeling","Earn a perfect score in the Darkmoon Faire Dance game on the medium difficulty 10 times.","15101","Darkmoon Faire","92396","0","0","10"
"snapshot_candidate","True","15216","Make You Sweat","Earn a perfect score in the Darkmoon Faire Dance game on the hardest difficulty.","15101","Darkmoon Faire","92398","0","0","5"
"snapshot_candidate","True","15217","Maniac on the Dance Floor","Earn a perfect score in the Darkmoon Faire Dance game on the hardest difficulty 10 times.","15101","Darkmoon Faire","92400","0","0","10"
"snapshot_candidate","True","15218","WoW's 18th Anniversary","Logged in during WoW's 18th Anniversary.","15274","Events","92411","187710","2048","0"
"shadowlands_category_confirmed","True","15220","The Enlightened","Earn Exalted status with the Enlightened.","15439","Shadowlands","92463","0","0","5"
"snapshot_candidate","True","15221","Dancing Machine","Complete the Darkmoon Faire achievements listed below.","15101","Darkmoon Faire","92465","0","0","10"
"snapshot_candidate","True","15222","You Got the Beat","Earn a perfect score in the Darkmoon Faire Dance game on the easiest difficulty.","15101","Darkmoon Faire","92468","0","0","5"
"snapshot_candidate","True","15223","Feeling It","Earn a perfect score in the Darkmoon Faire Dance game on the easiest difficulty 10 times.","15101","Darkmoon Faire","92470","0","0","10"
"shadowlands_category_confirmed","True","15224","Explore Zereth Mortis","Explore Zereth Mortis, revealing the covered areas of the world map.","15436","Shadowlands","92478","0","0","10"
"internal_dnt","True","15226","<Hidden> 9.1.5 Maw Intro Skip [DNT]","","15422","Shadowlands","92531","0","1048580","0"
"internal_dnt","True","15227","<Hidden> (Druid) Unlocked Twilight Runestag Form [DNT]","Used to control availability of the Twilight Runestag druid travel form customization choice.","15259","Appearances","92562","0","9568260","0"
"internal_dnt","True","15228","<Hidden> (Druid) Unlocked Shimmering Ardenmoth Form [DNT]","Used to control availability of the Shimmering Ardenmoth druid travel form customization choice.","15259","Appearances","92564","0","9568260","0"
"shadowlands_category_confirmed","True","15229","Traversing the Spheres","Use Firim's Forge-Tap on Progenitor Forges throughout Zereth Mortis to obtain the following rare proto-materials.","15436","Shadowlands","92567","187860","131072","10"
"internal_dnt","True","15230","<Hidden> (Druid) Unlocked Nightwing Raven Form [DNT]","Used to control availability of the Nightwing Raven druid travel form customization choice.","15259","Appearances","93780","0","9568260","0"
"internal_dnt","True","15231","<Hidden> (Druid) Unlocked Gloomstalker Dredbat Form [DNT]","Used to control availability of the Gloomstalker Dredbat druid travel form customization choice.","15259","Appearances","93782","0","9568260","0"
"snapshot_candidate","True","15232","Combatant II: Shadowlands Season 2","Earn the rank of Combatant II during Shadowlands Season 2.","15270","Player vs. Player","93784","0","2048","0"
"snapshot_candidate","True","15233","Challenger II: Shadowlands Season 2","Earn the rank of Challenger II during Shadowlands Season 2.","15270","Player vs. Player","93788","0","14336","0"
"snapshot_candidate","True","15234","Rival II: Shadowlands Season 2","Earn the rank of Rival II during Shadowlands Season 2.","15270","Player vs. Player","93792","0","14336","0"
"internal_dnt","True","15235","<Hidden> (Druid) Unlocked Duskwing Raven Form [DNT]","Used to control availability of the Duskwing Raven druid travel form customization choice.","15259","Appearances","93796","0","9568260","0"
"internal_dnt","True","15236","<Hidden> (Druid) Unlocked Regal Dredbat Form [DNT]","Used to control availability of the Regal Dredbat druid travel form customization choice.","15259","Appearances","93798","0","9568260","0"
"internal_dnt","True","15237","<Hidden> (Druid) Unlocked Midnight Runestag Form [DNT]","Used to control availability of the Midnight Runestag druid travel form customization choice.","15259","Appearances","93800","0","9568260","0"
"internal_dnt","True","15238","<Hidden> (Druid) Unlocked Sable Ardenmoth Form [DNT]","Used to control availability of the Sable Ardenmoth druid travel form customization choice.","15259","Appearances","93802","0","9568260","0"
"shadowlands_category_confirmed","True","15241","Renowned","Reach Renown level 80.","15441","Covenant Sanctums","93810","0","0","10"
"shadowlands_category_hidden","True","15242","Renowned - Kyrian","Reach Renown level 80 with the Kyrian. [DNT]","15441","Covenant Sanctums","93828","0","3276804","0"
"shadowlands_category_hidden","True","15243","Renowned - Necrolords","Reach Renown level 80 with the Necrolords. [DNT]","15441","Covenant Sanctums","93830","0","3276804","0"
"shadowlands_category_hidden","True","15244","Renowned - Night Fae","Reach Renown level 80 with the Night Fae. [DNT]","15441","Covenant Sanctums","93832","0","3276804","0"
"shadowlands_category_hidden","True","15245","Renowned - Venthyr","Reach Renown level 80 with the Venthyr. [DNT]","15441","Covenant Sanctums","93834","0","3276804","0"
"shadowlands_category_hidden","True","15247","Third Soulbind Unlocked - Kyrian","","15441","Covenant Sanctums","93836","0","1179648","0"
"shadowlands_category_hidden","True","15248","Third Soulbind Unlocked - Necrolord","","15441","Covenant Sanctums","93862","0","1179648","0"
"shadowlands_category_hidden","True","15249","Third Soulbind Unlocked - Night Fae","","15441","Covenant Sanctums","93864","0","1179648","0"
"shadowlands_category_hidden","True","15250","Third Soulbind Unlocked - Venthyr","","15441","Covenant Sanctums","93866","0","1179648","0"
"shadowlands_category_confirmed","True","15251","The Jailer's Gauntlet: Layer 1","Complete Layer 1 of The Jailer's Gauntlet in Torghast, Tower of the Damned.","15440","Torghast","95453","188679","131072","10"
"shadowlands_category_confirmed","True","15252","The Jailer's Gauntlet: Layer 2","Complete Layer 2 of The Jailer's Gauntlet in Torghast, Tower of the Damned.","15440","Torghast","95455","188952","131072","10"
"shadowlands_category_confirmed","True","15253","The Jailer's Gauntlet: Layer 3","Complete Layer 3 of The Jailer's Gauntlet in Torghast, Tower of the Damned.","15440","Torghast","95457","0","131072","10"
"shadowlands_category_confirmed","True","15254","The Jailer's Gauntlet: Layer 4","Complete Layer 4 of The Jailer's Gauntlet in Torghast, Tower of the Damned.","15440","Torghast","95459","188696","131072","10"
"shadowlands_category_confirmed","True","15255","The Jailer's Gauntlet: Layer 5","Complete Layer 5 of The Jailer's Gauntlet in Torghast, Tower of the Damned.","15440","Torghast","95461","0","131072","10"
"shadowlands_category_confirmed","True","15256","The Jailer's Gauntlet: Layer 6","Complete Layer 6 of The Jailer's Gauntlet in Torghast, Tower of the Damned.","15440","Torghast","95463","0","131072","10"
"shadowlands_category_confirmed","True","15257","The Jailer's Gauntlet: Layer 7","Complete Layer 7 of The Jailer's Gauntlet in Torghast, Tower of the Damned.","15440","Torghast","95465","0","131072","10"
"shadowlands_category_confirmed","True","15258","The Jailer's Gauntlet: Layer 8","Complete Layer 8 of The Jailer's Gauntlet in Torghast, Tower of the Damned.","15440","Torghast","95467","0","131072","10"
"shadowlands_category_confirmed","True","15259","Secrets of the First Ones","Complete the storylines listed below.","15422","Shadowlands","93882","0","0","10"
"internal_dnt","True","15282","Torghast Tracking 9.2 - Layer 13 Unlocked - Account [DNT]","Unlocked Layer 13 (Achieved 4+ Gems on Layer 12) Hidden.","15440","Torghast","0","0","3276804","0"
"internal_dnt","True","15283","Torghast Tracking 9.2 - Layer 14 Unlocked - Account [DNT]","Unlocked Layer 14 (Achieved 4+ Gems on Layer 13) Hidden.","15440","Torghast","0","0","3276804","0"
"internal_dnt","True","15284","Torghast Tracking 9.2 - Layer 15 Unlocked - Account [DNT]","Unlocked Layer 15 (Achieved 4+ Gems on Layer 14) Hidden.","15440","Torghast","0","0","3276804","0"
"internal_dnt","True","15285","Torghast Tracking 9.2 - Layer 16 Unlocked - Account [DNT]","Unlocked Layer 16 (Achieved 4+ Gems on Layer 15) Hidden.","15440","Torghast","0","0","3276804","0"
"internal_dnt","True","15286","Torghast Tracking 9.2 - Layer 13 Unlocked - Character [DNT]","Unlock Layer 13 (4+ Gem Layer 12) Hidden.","15440","Torghast","0","0","3145732","0"
"internal_dnt","True","15287","Torghast Tracking 9.2 - Layer 14 Unlocked - Character [DNT]","Unlock Layer 14 (4+ Gem Layer 13) Hidden.","15440","Torghast","0","0","3145732","0"
"internal_dnt","True","15288","Torghast Tracking 9.2 - Layer 15 Unlocked - Character [DNT]","Unlock Layer 15 (4+ Gem Layer 14) Hidden.","15440","Torghast","0","0","3145732","0"
"internal_dnt","True","15289","Torghast Tracking 9.2 - Layer 16 Unlocked - Character [DNT]","Unlock Layer 16 (4+ Gem Layer 15) Hidden.","15440","Torghast","0","0","3145732","0"
"internal_dnt","True","15307","9.2 Campaign - Quest Launch [DNT]","","92","Character","94110","0","3407876","0"
"snapshot_candidate","True","15308","Tower Overwhelming","Completed every challenge at the Mage Tower across all classes and specializations during the Legion Timewalking event.","15274","Events","94114","0","2048","0"
"snapshot_candidate","True","15309","A Towering Success","Complete a challenge for any specialization at the Mage Tower during Legion Timewalking.","15454","Timewalking","94181","0","0","10"
"snapshot_candidate","True","15310","A Tour of Towers","Complete every unique challenge available at the Mage Tower during Legion Timewalking.","15454","Timewalking","94127","188674","131072","20"
"internal_dnt","True","15312","<Hidden> (Druid) Unlocked Blight of the Grizlemaw Form [DNT]","Used to control availability of the Blight of the Grizzlemaw druid bear form customization choice.","15259","Appearances","94196","0","9568260","0"
"snapshot_candidate","True","15313","Rockin' Rollin' Racer","Proud owner of the 2021 Vintage Winter Veil gift, the Rockin' Rollin' Racer Customizer 19.9.3.","15274","Events","94208","0","2048","0"
"shadowlands_category_confirmed","True","15314","Flawless: Skoldus Hall (Layer 16)","Achieve a Flawless run on layer 16 in Skoldus Hall.","15440","Torghast","0","0","0","10"
"shadowlands_category_confirmed","True","15315","Amidst Ourselves","Defeat the Lords of Dread after finding and completing one simple task during Infiltration of Dread in the Sepulcher of the First Ones on Normal difficulty or higher.","15438","Shadowlands Raid","94245","0","0","10"
"shadowlands_category_confirmed","True","15316","Flawless: Fracture Chambers (Layer 16)","Achieve a Flawless run on layer 16 in Fracture Chambers.","15440","Torghast","0","0","0","10"
"shadowlands_category_confirmed","True","15317","Flawless: The Soulforges (Layer 16)","Achieve a Flawless run on layer 16 in The Soulforges.","15440","Torghast","0","0","0","10"
"shadowlands_category_confirmed","True","15318","Flawless: Coldheart Interstitia (Layer 16)","Achieve a Flawless run on layer 16 in Coldheart Interstitia.","15440","Torghast","0","0","0","10"
"shadowlands_category_confirmed","True","15319","Flawless: Mort'regar (Layer 16)","Achieve a Flawless run on layer 16 in Mort'regar.","15440","Torghast","0","0","0","10"
"shadowlands_category_confirmed","True","15320","Flawless: The Upper Reaches (Layer 16)","Achieve a Flawless run on layer 16 in The Upper Reaches.","15440","Torghast","0","0","0","10"
"shadowlands_category_confirmed","True","15322","Flawless Master (Layer 16)","Achieve a Flawless run on layer 16 in each wing of Torghast, Tower of the Damned.","15440","Torghast","94238","188736","131072","20"
"snapshot_candidate","True","15323","Sarge's Tale","Owner of the Sarge mount from the Hearthstone: Mercenaries promotion.","15268","Promotions","94249","0","133120","0"
"shadowlands_category_confirmed","True","15324","Tower Ranger","Complete the following Torghast Achievements:","15440","Torghast","94268","0","131072","20"
"snapshot_candidate","True","15327","Tormented Hero: Shadowlands Season 2","End Shadowlands Mythic+ Season 2 with a Mythic+ Rating in the top 0.1% for your faction.","15272","Dungeons","95383","0","14336","0"
"shadowlands_category_confirmed","True","15331","Treasures of Zereth Mortis","Discover the hidden treasures of Zereth Mortis.","15436","Shadowlands","94298","0","0","10"
"shadowlands_category_confirmed","True","15336","From A to Zereth","Complete all of the Zereth Mortis achivements listed below.","15422","Shadowlands","94326","187673","131072","25"
"snapshot_candidate","True","15344","""S.A.F.E"" Pilot","Owner of the Gnomelia Gearheart pet from the <promotionname>  promotion.","15268","Promotions","94386","0","133120","0"
"internal_dnt","True","15345","<Hidden> 9.2 Content Skip Unlock [DNT]","","15422","Shadowlands","94393","0","3276804","0"
"snapshot_candidate","True","15346","Cosmic Combatant","","15270","Player vs. Player","94396","187680","1179648","0"
"snapshot_candidate","True","15347","Cosmic Combatant","","15270","Player vs. Player","94398","187681","1179648","0"
"snapshot_candidate","True","15348","Combatant I: Shadowlands Season 3","Earn the rank of Combatant I during Shadowlands Season 3.","15270","Player vs. Player","94400","0","2048","0"
"snapshot_candidate","True","15349","Challenger I: Shadowlands Season 3","Earn the rank of Challenger I during Shadowlands Season 3.","15270","Player vs. Player","94404","0","14336","0"
"snapshot_candidate","True","15350","Rival I: Shadowlands Season 3","Earn the rank of Rival I during Shadowlands Season 3.","15270","Player vs. Player","94408","0","14336","0"
"snapshot_candidate","True","15351","Duelist: Shadowlands Season 3","Earn the rank of Duelist during Shadowlands Season 3.","15270","Player vs. Player","94412","0","14336","0"
"snapshot_candidate","True","15352","Gladiator: Shadowlands Season 3","Win 50 3v3 games while at Elite rank during Shadowlands Season 3.","15270","Player vs. Player","94416","189507","14336","0"
"snapshot_candidate","True","15353","Cosmic Gladiator: Shadowlands Season 3","End Shadowlands PvP Season 3 in the top 0.1% of the 3v3 arena ladder (requires 150 games won on your current faction in Shadowlands Season 3).","15270","Player vs. Player","0","0","14336","0"
"snapshot_candidate","True","15354","Elite: Shadowlands Season 3","Earn the rank of Elite during Shadowlands Season 3.","15270","Player vs. Player","94418","0","14336","0"
"snapshot_candidate","True","15355","Hero of the Alliance: Cosmic","End Shadowlands Season 3 in the top 0.5% of the rated battleground ladder (requires 50 games won on your current faction in Shadowlands Season 3).","15270","Player vs. Player","0","0","14336","0"
"snapshot_candidate","True","15356","Hero of the Horde: Cosmic","End Shadowlands Season 3 in the top 0.5% of the rated battleground ladder (requires 50 games won on your current faction in Shadowlands Season 3).","15270","Player vs. Player","0","0","14336","0"
"snapshot_candidate","True","15378","Rival II: Shadowlands Season 3","Earn the rank of Rival II during Shadowlands Season 3.","15270","Player vs. Player","94475","0","14336","0"
"snapshot_candidate","True","15379","Challenger II: Shadowlands Season 3","Earn the rank of Challenger II during Shadowlands Season 3.","15270","Player vs. Player","94483","0","14336","0"
"snapshot_candidate","True","15380","Combatant II: Shadowlands Season 3","Earn the rank of Combatant II during Shadowlands Season 3.","15270","Player vs. Player","94479","0","2048","0"
"shadowlands_category_confirmed","True","15381","Power ON","Defeat the Vigilant Guardian after defeating the Depleted Automa in the Sepulcher of the First Ones on Normal difficulty or higher.","15438","Shadowlands Raid","94487","0","0","10"
"snapshot_candidate","True","15384","Cosmic Gladiator's Soul Eater","Obtain the Cosmic Gladiator's Soul Eater from Shadowlands Season 3.","15269","Mounts","94489","0","145408","0"
"shadowlands_category_confirmed","True","15386","Shimmering Secrets","Defeat Halondrus the Reclaimer after collecting six strange artifacts and defeating their constructs in the Sepulcher of the First Ones on Normal difficulty or higher.","15438","Shadowlands Raid","94492","0","0","10"
"snapshot_candidate","True","15388","Shadowlands Explorer","Explore the regions of the Shadowlands.","97","Exploration","94494","0","131072","25"
"shadowlands_category_confirmed","True","15391","Adventurer of Zereth Mortis","Complete the following special encounters in Zereth Mortis.","15436","Shadowlands","94514","0","0","10"
"shadowlands_category_confirmed","True","15392","Dune Dominance","Complete the following special rare encounters in Zereth Mortis.","15436","Shadowlands","94536","0","0","10"
"internal_dnt","True","15395","Fae's Giving [DNT]","","14981","Pilgrim's Bounty","94556","0","1048580","0"
"shadowlands_category_confirmed","True","15396","We Are All Made of Stars","Defeat Rygelon with all players under the effects of Herald of the Cosmos in the Sepulcher of the First Ones on Normal Difficulty or higher.","15438","Shadowlands Raid","94558","0","0","10"
"shadowlands_category_confirmed","True","15397","Four Ring Circus","Defeat Dausegne, the Fallen Oracle, while a player is carrying the Afterlife Core in the Sepulcher of the First Ones on Normal difficulty or higher.","15438","Shadowlands Raid","94568","0","0","10"
"shadowlands_category_confirmed","True","15398","Xy Never, Ever Marks the Spot.","Defeat Xy'mox with all players under the effects of pilfered artifacts in the Sepulcher of the First Ones on Normal difficulty or higher.","15438","Shadowlands Raid","94562","0","0","10"
"shadowlands_category_confirmed","True","15399","Coming to Terms","Defeat Anduin Wrynn after defeating Anduin's Grief in the Sepulcher of the First Ones on Normal difficulty or higher.","15438","Shadowlands Raid","94560","0","0","10"
"shadowlands_category_confirmed","True","15400","Where the Wild Corgis Are","Defeat the Prototype Pantheon after each player has petted 5 Corgis during Wild Stampede in the Sepulcher of the First Ones on Normal difficulty or higher.","15438","Shadowlands Raid","94564","0","0","10"
"shadowlands_category_confirmed","True","15401","Wisdom Comes From the Desert","Defeat Skolex, the Insatiable Ravener after getting it to burrow under and destroy all four Memorial Pylons in the Sepulcher of the First Ones on Normal difficulty or higher.","15438","Shadowlands Raid","94566","0","0","10"
"shadowlands_category_confirmed","True","15402","Cyphers of the First Ones","Complete each of the Cyphers listed below.","15436","Shadowlands","94575","0","0","10"
"internal_dnt","True","15403","[DNT] <Hidden> Mythic+ Rating > 0 (Shadowlands, S2 or later)","","15428","Shadowlands Dungeon","94635","0","9568260","0"
"shadowlands_category_confirmed","True","15404","Cosmic Empowerment","Use the Cypher of the First Ones to cleanse one of Antros' Destruction Cores.","15436","Shadowlands","94640","0","0","10"
"shadowlands_category_confirmed","True","15406","Synthesized!","Craft a protoform creature at one of Zereth Mortis's protoform forges.","15436","Shadowlands","94683","0","131072","10"
"shadowlands_category_confirmed","True","15407","Synthe-fived!","Craft five different protoform creatures at Zereth Mortis's protoform forges.","15436","Shadowlands","94736","0","131072","10"
"snapshot_candidate","True","15408","Cosmic Chic","Collect any armor set from Shadowlands PvP Season 3.","15259","Appearances","94842","0","131072","10"
"snapshot_candidate","True","15409","First Wonders","Collect an armor set from Sepulcher of the First Ones.","15259","Appearances","94844","0","131072","10"
"shadowlands_category_confirmed","True","15410","Synthe-superfived!","Craft twenty-five different protoform creatures at Zereth Mortis's protoform forges.","15436","Shadowlands","94789","0","131072","10"
"shadowlands_category_confirmed","True","15411","Synthe-supersized!","Craft fifty different protoform creatures at Zereth Mortis's protoform forges.","15436","Shadowlands","94848","0","131072","20"
"internal_dnt","True","15412","Torghast Tracking 9.2 - Boss Rush Unlocked - Account [DNT]","Unlocked Boss Rush","15440","Torghast","94905","0","3276804","0"
"internal_dnt","True","15413","Torghast Tracking 9.2 - Boss Rush Plus Unlocked - Account [DNT]","Unlocked Boss Rush Plus","15440","Torghast","0","0","3276804","0"
"internal_dnt","True","15414","Torghast Tracking 9.2 - Boss Rush Unlocked - Character [DNT]","Unlocked Boss Rush","15440","Torghast","94901","0","3145732","0"
"internal_dnt","True","15415","Torghast Tracking 9.2 - Boss Rush Plus Unlocked - Character [DNT]","Unlocked Boss Rush Plus","15440","Torghast","94903","0","3145732","0"
"shadowlands_category_confirmed","True","15416","Domination's Grasp","Defeat the following bosses in the wing of the Sepulcher of the First Ones.","15438","Shadowlands Raid","94911","0","0","10"
"shadowlands_category_confirmed","True","15417","Sepulcher of the First Ones","Defeat the following bosses on any difficulty.","15438","Shadowlands Raid","94920","0","0","10"
"shadowlands_category_confirmed","True","15418","The Grand Design","Descend into the pattern and confront The Jailer within the Sepulcher of the First Ones.","15438","Shadowlands Raid","94907","0","0","10"
"shadowlands_category_confirmed","True","15419","The Protoform Matrix","Defeat Lihuvim after synthesizing and defeating a Reaving Automa: Neo in the Sepulcher of the First Ones on Normal difficulty or higher.","15438","Shadowlands Raid","94934","0","0","10"
"shadowlands_category_hidden","True","15423","<Hidden> Jailer Defeated","","15438","Shadowlands Raid","94932","0","1048580","0"
"snapshot_candidate","True","15424","Vigilant Guardian (Raid Finder Sepulcher of the First Ones)","","15430","Shadowlands","94936","0","1","0"
"snapshot_candidate","True","15425","Vigilant Guardian (Normal Sepulcher of the First Ones)","","15430","Shadowlands","94938","0","1","0"
"snapshot_candidate","True","15426","Vigilant Guardian (Heroic Sepulcher of the First Ones)","","15430","Shadowlands","94940","0","1","0"
"snapshot_candidate","True","15427","Vigilant Guardian (Mythic Sepulcher of the First Ones)","","15430","Shadowlands","94942","0","1","0"
"snapshot_candidate","True","15428","Skolex (Raid Finder Sepulcher of the First Ones)","","15430","Shadowlands","94944","0","1","0"
"snapshot_candidate","True","15429","Skolex (Normal Sepulcher of the First Ones)","","15430","Shadowlands","94946","0","1","0"
"snapshot_candidate","True","15430","Skolex (Heroic Sepulcher of the First Ones)","","15430","Shadowlands","94948","0","1","0"
"snapshot_candidate","True","15431","Skolex (Mythic Sepulcher of the First Ones)","","15430","Shadowlands","94950","0","1","0"
"snapshot_candidate","True","15432","Artificer Xy'mox (Raid Finder Sepulcher of the First Ones)","","15430","Shadowlands","94952","0","1","0"
"snapshot_candidate","True","15433","Artificer Xy'mox (Normal Sepulcher of the First Ones)","","15430","Shadowlands","94954","0","1","0"
"snapshot_candidate","True","15434","Artificer Xy'mox (Heroic Sepulcher of the First Ones)","","15430","Shadowlands","94956","0","1","0"
"snapshot_candidate","True","15435","Artificer Xy'mox (Mythic Sepulcher of the First Ones)","","15430","Shadowlands","94958","0","1","0"
"snapshot_candidate","True","15436","Dausegne (Raid Finder Sepulcher of the First Ones)","","15430","Shadowlands","94960","0","1","0"
"snapshot_candidate","True","15437","Dausegne (Normal Sepulcher of the First Ones)","","15430","Shadowlands","94962","0","1","0"
"snapshot_candidate","True","15438","Dausegne (Heroic Sepulcher of the First Ones)","","15430","Shadowlands","94964","0","1","0"
"snapshot_candidate","True","15439","Dausegne (Mythic Sepulcher of the First Ones)","","15430","Shadowlands","94966","0","1","0"
"snapshot_candidate","True","15440","Prototype Pantheon (Raid Finder Sepulcher of the First Ones)","","15430","Shadowlands","94968","0","1","0"
"snapshot_candidate","True","15441","Prototype Pantheon (Normal Sepulcher of the First Ones)","","15430","Shadowlands","94970","0","1","0"
"snapshot_candidate","True","15442","Prototype Pantheon (Heroic Sepulcher of the First Ones)","","15430","Shadowlands","94972","0","1","0"
"snapshot_candidate","True","15443","Prototype Pantheon (Mythic Sepulcher of the First Ones)","","15430","Shadowlands","94974","0","1","0"
"snapshot_candidate","True","15444","Lihuvim (Raid Finder Sepulcher of the First Ones)","","15430","Shadowlands","94976","0","1","0"
"snapshot_candidate","True","15445","Lihuvim (Normal Sepulcher of the First Ones)","","15430","Shadowlands","94978","0","1","0"
"snapshot_candidate","True","15446","Lihuvim (Heroic Sepulcher of the First Ones)","","15430","Shadowlands","94980","0","1","0"
"snapshot_candidate","True","15447","Lihuvim (Mythic Sepulcher of the First Ones)","","15430","Shadowlands","94982","0","1","0"
"snapshot_candidate","True","15448","Halondrus (Raid Finder Sepulcher of the First Ones)","","15430","Shadowlands","94984","0","1","0"
"snapshot_candidate","True","15449","Halondrus (Normal Sepulcher of the First Ones)","","15430","Shadowlands","94986","0","1","0"
"snapshot_candidate","True","15450","Halondrus (Heroic Sepulcher of the First Ones)","","15430","Shadowlands","94988","0","1","0"
"snapshot_candidate","True","15451","Halondrus (Mythic Sepulcher of the First Ones)","","15430","Shadowlands","94990","0","1","0"
"snapshot_candidate","True","15452","Anduin (Raid Finder Sepulcher of the First Ones)","","15430","Shadowlands","94992","0","1","0"
"snapshot_candidate","True","15453","Anduin (Normal Sepulcher of the First Ones)","","15430","Shadowlands","94994","0","1","0"
"snapshot_candidate","True","15454","Anduin (Heroic Sepulcher of the First Ones)","","15430","Shadowlands","94996","0","1","0"
"snapshot_candidate","True","15455","Anduin (Mythic Sepulcher of the First Ones)","","15430","Shadowlands","94998","0","1","0"
"snapshot_candidate","True","15456","Lords of Dread (Raid Finder Sepulcher of the First Ones)","","15430","Shadowlands","95000","0","1","0"
"snapshot_candidate","True","15457","Lords of Dread (Normal Sepulcher of the First Ones)","","15430","Shadowlands","95002","0","1","0"
"snapshot_candidate","True","15458","Lords of Dread (Heroic Sepulcher of the First Ones)","","15430","Shadowlands","95004","0","1","0"
"snapshot_candidate","True","15459","Lords of Dread (Mythic Sepulcher of the First Ones)","","15430","Shadowlands","95006","0","1","0"
"snapshot_candidate","True","15460","Rygelon (Raid Finder Sepulcher of the First Ones)","","15430","Shadowlands","95008","0","1","0"
"snapshot_candidate","True","15461","Rygelon (Normal Sepulcher of the First Ones)","","15430","Shadowlands","95010","0","1","0"
"snapshot_candidate","True","15462","Rygelon (Heroic Sepulcher of the First Ones)","","15430","Shadowlands","95012","0","1","0"
"snapshot_candidate","True","15463","Rygelon (Mythic Sepulcher of the First Ones)","","15430","Shadowlands","95014","0","1","0"
"snapshot_candidate","True","15464","The Jailer (Raid Finder Sepulcher of the First Ones)","","15430","Shadowlands","95016","0","1","0"
"snapshot_candidate","True","15465","The Jailer (Normal Sepulcher of the First Ones)","","15430","Shadowlands","95018","0","1","0"
"snapshot_candidate","True","15466","The Jailer (Heroic Sepulcher of the First Ones)","","15430","Shadowlands","95020","0","1","0"
"snapshot_candidate","True","15467","The Jailer (Mythic Sepulcher of the First Ones)","","15430","Shadowlands","95022","0","1","0"
"shadowlands_category_confirmed","True","15468","We Are All Made of Stars (Heroic)","Defeat Rygelon with all players under the effects of Herald of the Cosmos in the Sepulcher of the First Ones on Heroic Difficulty or higher, before the release of the next raid tier.","15438","Shadowlands Raid","95024","0","2048","0"
"shadowlands_category_confirmed","True","15469","We Are All Made of Stars (Mythic)","Defeat Rygelon with all players under the effects of Herald of the Cosmos in the Sepulcher of the First Ones on Mythic Difficulty, before the release of the next raid tier.","15438","Shadowlands Raid","95026","0","2048","0"
"snapshot_candidate","True","15470","Ahead of the Curve: The Jailer","Defeat The Jailer in the Sepulcher of the First Ones on Heroic difficulty or higher, before the release of the next raid tier.","15271","Raids","95028","0","6144","0"
"snapshot_candidate","True","15471","Cutting Edge: The Jailer","Defeat The Jailer in the Sepulcher of the First Ones on Mythic difficulty, before the release of the next raid tier.","15271","Raids","95030","0","6144","0"
"snapshot_candidate","True","15472","Sepulcher of the First Ones Guild Run","Defeat the following bosses in Sepulcher of the First Ones on Normal difficulty or higher while in a guild group.","15442","Shadowlands Raid","95032","0","61440","10"
"snapshot_candidate","True","15473","Heroic Sepulcher of the First Ones Guild Run","Defeat the following bosses in Sepulcher of the First Ones on Heroic difficulty or higher while in a guild group.","15442","Shadowlands Raid","95044","0","94208","10"
"snapshot_candidate","True","15474","Mythic The Jailer Guild Run","Defeat The Jailer in Sepulcher of the First Ones on Mythic difficulty while in a guild group.","15442","Shadowlands Raid","95056","0","94208","10"
"snapshot_candidate","True","15475","Hall of Fame: The Jailer (Horde)","Among the first one hundred Horde guilds worldwide to defeat The Jailer on Mythic difficulty.","15093","Guild Feats of Strength","95058","0","4258304","0"
"snapshot_candidate","True","15476","Hall of Fame: The Jailer (Alliance)","Among the first one hundred Alliance guilds worldwide to defeat The Jailer on Mythic difficulty.","15093","Guild Feats of Strength","95060","0","4258304","0"
"shadowlands_category_confirmed","True","15478","Heroic: Sepulcher of the First Ones","Defeat the following bosses on Heroic difficulty.","15438","Shadowlands Raid","95064","0","0","10"
"shadowlands_category_confirmed","True","15479","Mythic: Vigilant Guardian","Defeat the Vigilant Guardian in the Sepulcher of the First Ones on Mythic difficulty.","15438","Shadowlands Raid","95076","0","4096","10"
"shadowlands_category_confirmed","True","15480","Mythic: Skolex","Defeat Skolex in the Sepulcher of the First Ones on Mythic difficulty.","15438","Shadowlands Raid","95078","0","4096","10"
"shadowlands_category_confirmed","True","15481","Mythic: Artificer Xy'mox","Defeat Artificer Xy'mox in the Sepulcher of the First Ones on Mythic difficulty.","15438","Shadowlands Raid","95080","0","4096","10"
"shadowlands_category_confirmed","True","15482","Mythic: Dausegne","Defeat Dausegne in the Sepulcher of the First Ones on Mythic difficulty.","15438","Shadowlands Raid","95082","0","4096","10"
"shadowlands_category_confirmed","True","15483","Mythic: Prototype Pantheon","Defeat Prototype Pantheon in the Sepulcher of the First Ones on Mythic difficulty.","15438","Shadowlands Raid","95084","0","4096","10"
"shadowlands_category_confirmed","True","15484","Mythic: Lihuvim","Defeat Lihuvim in the Sepulcher of the First Ones on Mythic difficulty.","15438","Shadowlands Raid","95086","0","4096","10"
"shadowlands_category_confirmed","True","15485","Mythic: Halondrus","Defeat Halondrus in the Sepulcher of the First Ones on Mythic difficulty.","15438","Shadowlands Raid","95088","0","4096","10"
"shadowlands_category_confirmed","True","15486","Mythic: Anduin Wrynn","Defeat Anduin Wyrnn in the Sepulcher of the First Ones on Mythic difficulty.","15438","Shadowlands Raid","95090","0","4096","10"
"shadowlands_category_confirmed","True","15487","Mythic: Lords of Dread","Defeat the Lords of Dread in the Sepulcher of the First Ones on Mythic difficulty.","15438","Shadowlands Raid","95092","0","4096","10"
"shadowlands_category_confirmed","True","15488","Mythic: Rygelon","Defeat Rygelon in the Sepulcher of the First Ones on Mythic difficulty.","15438","Shadowlands Raid","95094","0","4096","10"
"shadowlands_category_confirmed","True","15489","Mythic: The Jailer","Defeat The Jailer in the Sepulcher of the First Ones on Mythic difficulty.","15438","Shadowlands Raid","95096","0","4096","10"
"shadowlands_category_confirmed","True","15490","Mythic: Sepulcher of the First Ones","Defeat the following bosses on Mythic Difficulty.","15438","Shadowlands Raid","95098","0","0","10"
"snapshot_candidate","True","15491","Glory of the Sepulcher Raider","Complete the Sepulcher of the First Ones raid achievements listed below.","168","Dungeons & Raids","95109","187675","143360","25"
"shadowlands_category_confirmed","True","15492","Cornerstone of Creation","Defeat the following bosses within the wing of the Sepulcher of the First Ones.","15438","Shadowlands Raid","95121","0","0","10"
"shadowlands_category_confirmed","True","15493","Ephemeral Plains","Defeat the following bosses within the wing of the Sepulcher of the First Ones.","15438","Shadowlands Raid","95125","0","0","10"
"shadowlands_category_confirmed","True","15494","Damnation Aviation","Defeat the Jailer after collecting 6 Progenitor Orbs in the Sepulcher of the First Ones on Normal difficulty or higher.","15438","Shadowlands Raid","95131","0","0","10"
"snapshot_candidate","True","15496","Shadowlands Keystone Explorer: Season Three","Attain a Mythic+ Rating of at least 900 during Shadowlands Season Three.","15272","Dungeons","95134","0","133120","0"
"snapshot_candidate","True","15498","Shadowlands Keystone Conqueror: Season Three","Attain a Mythic+ Rating of at least 1850 during Shadowlands Season Three.","15272","Dungeons","95136","0","133120","0"
"snapshot_candidate","True","15499","Shadowlands Keystone Master: Season Three","Attain a Mythic+ Rating of at least 2500 during Shadowlands Season Three.","15272","Dungeons","95138","187682","133120","0"
"snapshot_candidate","True","15500","Keystone Hero: Tazavesh, the Veiled Market","Complete Tazavesh: Streets of Wonder and Tazavesh: So'leah's Gambit at Mythic Level 20 or higher, within the time limit.","15272","Dungeons","95140","0","2048","0"
"shadowlands_category_confirmed","True","15502","Sand, Sand Everywhere!","Uncover treasures from piles of sand scattered throughout Zereth Mortis.","15436","Shadowlands","95142","0","0","10"
"internal_dnt","True","15503","9.2 Tracking - Legendary Crafting - Unity Learned [DNT]","Hidden account-wide tracking achievement which gets flagged when you learn the Unity legendary memory at the Runecarver [DNT]","15440","Torghast","95156","0","3276804","0"
"snapshot_candidate","True","15504","Maldraxxus Coliseum matches","Maldraxxus Coliseum matches","152","Rated Arenas","95158","0","1","0"
"snapshot_candidate","True","15505","Maldraxxus Coliseum victories","Maldraxxus Coliseum victories","152","Rated Arenas","95160","0","1","0"
"snapshot_candidate","True","15506","Shadowlands Keystone Hero: Season Three","Attain a Mythic+ Rating of at least 3000 during Shadowlands Season Three.","15272","Dungeons","95168","0","2048","0"
"shadowlands_category_confirmed","True","15508","Fashion of the First Ones","Collect all of the following Pocopoc costumes:","15436","Shadowlands","95176","190182","0","10"
"shadowlands_category_confirmed","True","15509","Tales of the Exile","Read the volumes of ""Firim in Exile"" found in Zereth Mortis listed below.","15436","Shadowlands","95193","0","0","5"
"internal_dnt","True","15510","9.2 Tracking - Protoform Synthesis - Mount Crafting Unlocked [DNT]","Hidden account-wide tracking achievement which gets flagged when you unlock mount crafting for the first time on any character [DNT]","15440","Torghast","95191","0","3276804","0"
"snapshot_candidate","True","15511","Solely Motivated","Complete 50 rounds of Solo Shuffle","165","Arena","95277","0","128","10"
"shadowlands_category_confirmed","True","15512","Adventures in Zereth Mortis","Complete 10 of the following special encounters in Zereth Mortis.","15436","Shadowlands","95201","0","0","5"
"shadowlands_category_confirmed","True","15513","Curious Collections","Discover 5 hidden treasures of Zereth Mortis.","15436","Shadowlands","95231","0","0","5"
"shadowlands_category_confirmed","True","15514","Unlocking the Secrets","Complete the Zereth Mortis achievements listed below.","15436","Shadowlands","95259","0","393216","15"
"shadowlands_category_confirmed","True","15515","Path to Enlightenment","Complete the storylines listed below.","15422","Shadowlands","95265","0","0","5"
"shadowlands_category_confirmed","True","15518","A Means to an End","Complete the storyline listed below.","15422","Shadowlands","95275","0","0","5"
"internal_dnt","True","15519","<Hidden> 9.2 Flying Unlock [DNT]","","15422","Shadowlands","95280","0","1048580","0"
"snapshot_candidate","True","15539","Solo Aspirations","Complete 15 rounds of Solo Shuffle","165","Arena","95282","0","128","10"
"snapshot_candidate","True","15540","Steadfast Soloist","Complete 150 rounds of Solo Shuffle","165","Arena","95285","0","128","20"
"snapshot_candidate","True","15541","Sole Survivor","Win 15 rounds of Solo Shuffle","165","Arena","95288","0","128","10"
"shadowlands_category_confirmed","True","15542","Apocopocolypse Now","Use Pocopoc to take over 100 wildlife automa in Zereth Mortis.","15436","Shadowlands","95294","0","0","10"
"snapshot_candidate","True","15543","Successful Solos","Win 50 rounds of Solo Shuffle","165","Arena","95290","0","128","10"
"snapshot_candidate","True","15544","Supreme Soloist","Win 150 rounds of Solo Shuffle","165","Arena","95292","0","128","20"
"shadowlands_category_hidden","True","15559","<Hidden> 9.2 ZM - Cypher System - Talent Unlocked - Aealic","","15422","Shadowlands","95343","0","1179652","0"
"shadowlands_category_hidden","True","15560","<Hidden> 9.2 ZM - Cypher System - Talent Unlocked - Dealic","","15422","Shadowlands","95345","0","1179652","0"
"shadowlands_category_hidden","True","15561","<Hidden> 9.2 ZM - Cypher System - Talent Unlocked - Trebalim","","15422","Shadowlands","95347","0","1179652","0"
"shadowlands_category_hidden","True","15562","<Hidden> 9.2 ZM - Cypher System - Talent Unlocked - Cachial","","15422","Shadowlands","95349","0","1179652","0"
"shadowlands_category_hidden","True","15563","<Hidden> 9.2 ZM - Cypher System - Talent Unlocked - Altonian","","15422","Shadowlands","95351","0","1179652","0"
"shadowlands_category_hidden","True","15564","<Hidden> 9.2 ZM - Cypher System - Talent Unlocked - Sopranian","","15422","Shadowlands","95353","0","1179652","0"
"shadowlands_category_hidden","True","15565","<Hidden> 9.2 ZM - Cypher System - Talent Unlocked - Bassalim","","15422","Shadowlands","95355","0","1179652","0"
"shadowlands_category_hidden","True","15566","<Hidden> 9.2 ZM - Cypher System - Talent Unlocked - Metrial","","15422","Shadowlands","95357","0","1179652","0"
"shadowlands_category_hidden","True","15568","<Hidden> 9.2 ZM - Cypher System - Talent Research Started - Metrial","","15422","Shadowlands","95375","0","1179652","0"
"shadowlands_category_hidden","True","15569","<Hidden> 9.2 ZM - Cypher System - Talent Research Started - Aealic","","15422","Shadowlands","95361","0","1179652","0"
"shadowlands_category_hidden","True","15570","<Hidden> 9.2 ZM - Cypher System - Talent Research Started - Dealic","","15422","Shadowlands","95363","0","1179652","0"
"shadowlands_category_hidden","True","15571","<Hidden> 9.2 ZM - Cypher System - Talent Research Started - Trebalim (old)","","15422","Shadowlands","95365","0","1179652","0"
"shadowlands_category_hidden","True","15572","<Hidden> 9.2 ZM - Cypher System - Talent Research Started - Cachial","","15422","Shadowlands","95367","0","1179652","0"
"shadowlands_category_hidden","True","15573","<Hidden> 9.2 ZM - Cypher System - Talent Research Started - Altonian","","15422","Shadowlands","95369","0","1179652","0"
"shadowlands_category_hidden","True","15574","<Hidden> 9.2 ZM - Cypher System - Talent Research Started - Sopranian","","15422","Shadowlands","95371","0","1179652","0"
"shadowlands_category_hidden","True","15575","<Hidden> 9.2 ZM - Cypher System - Talent Research Started - Bassalim","","15422","Shadowlands","95373","0","1179652","0"
"snapshot_candidate","True","15576","Enigma Crucible matches","Enigma Crucible matches","152","Rated Arenas","95379","0","1","0"
"snapshot_candidate","True","15577","Enigma Crucible victories","Enigma Crucible victories","152","Rated Arenas","95381","0","1","0"
"shadowlands_category_confirmed","True","15579","Return to Lordaeron","Complete the Return to Lordaeron storyline.","15422","Shadowlands","95416","0","131072","10"
"shadowlands_category_hidden","True","15592","<Hidden> 9.2 ZM - Cypher System - Talent Research Started - Trebalim (fixed)","","15422","Shadowlands","95478","0","1179652","0"
"shadowlands_category_hidden","True","15593","<Hidden> 9.2 ZM - Cypher System - Talent Research Started - Sopranian (copy)","","15422","Shadowlands","95500","0","1179652","0"
"snapshot_candidate","True","15594","Fearless Spectator","Witness the 2022 WoW Esports Finals!","15268","Promotions","95502","0","133120","0"
"shadowlands_category_hidden","True","15596","Return to Lordaeron (Hidden Character Achievement)","Complete the Return to Lordaeron storyline.","15422","Shadowlands","95504","0","1048580","0"
"snapshot_candidate","True","15598","Eternal Combatant","","15270","Player vs. Player","95519","187642","1179648","0"
"snapshot_candidate","True","15599","Eternal Combatant","","15270","Player vs. Player","95517","187644","1179648","0"
"snapshot_candidate","True","15600","Challenger I: Shadowlands Season 4","Earn the rank of Challenger I during Shadowlands Season 4.","15270","Player vs. Player","95521","0","14336","0"
"snapshot_candidate","True","15601","Challenger II: Shadowlands Season 4","Earn the rank of Challenger II during Shadowlands Season 4.","15270","Player vs. Player","95525","0","14336","0"
"snapshot_candidate","True","15602","Rival I: Shadowlands Season 4","Earn the rank of Rival I during Shadowlands Season 4.","15270","Player vs. Player","95529","0","14336","0"
"snapshot_candidate","True","15603","Rival II: Shadowlands Season 4","Earn the rank of Rival II during Shadowlands Season 4.","15270","Player vs. Player","95533","0","14336","0"
"snapshot_candidate","True","15604","Duelist: Shadowlands Season 4","Earn the rank of Duelist during Shadowlands Season 4.","15270","Player vs. Player","95537","0","14336","0"
"snapshot_candidate","True","15605","Gladiator: Shadowlands Season 4","Win 50 3v3 games while at Elite rank during Shadowlands Season 4.","15270","Player vs. Player","95541","191290","14336","0"
"snapshot_candidate","True","15606","Eternal Gladiator: Shadowlands Season 4","End Shadowlands PvP Season 4 in the top 0.1% of the 3v3 arena ladder (requires 150 games won on your current faction in Shadowlands Season 4).","15270","Player vs. Player","0","0","14336","0"
"snapshot_candidate","True","15607","Hero of the Horde: Eternal","End Shadowlands Season 4 in the top 0.5% of the rated battleground ladder (requires 50 games won on your current faction in Shadowlands Season 4).","15270","Player vs. Player","0","0","14336","0"
"snapshot_candidate","True","15608","Hero of the Alliance: Eternal","End Shadowlands Season 4 in the top 0.5% of the rated battleground ladder (requires 50 games won on your current faction in Shadowlands Season 4).","15270","Player vs. Player","0","0","14336","0"
"snapshot_candidate","True","15609","Combatant I: Shadowlands Season 4","Earn the rank of Combatant I during Shadowlands Season 4.","15270","Player vs. Player","95543","0","2048","0"
"snapshot_candidate","True","15610","Combatant II: Shadowlands Season 4","Earn the rank of Combatant II during Shadowlands Season 4.","15270","Player vs. Player","95547","0","2048","0"
"snapshot_candidate","True","15612","Eternal Gladiator's Soul Eater","Obtain the Eternal Gladiator's Soul Eater from Shadowlands Season 4.","15269","Mounts","95551","0","145408","0"
"snapshot_candidate","True","15639","Elite: Shadowlands Season 4","Earn the rank of Elite during Shadowlands Season 4.","15270","Player vs. Player","95606","0","14336","0"
"snapshot_candidate","True","15640","Return to Darkness","Owner of the Amalgam of Rage mount from the Diablo IV promotion.","15268","Promotions","95612","0","133120","0"
"snapshot_candidate","True","15645","To Catch Falling Stars","Proud owner of the 2022 Vintage Winter Veil gift, Falling Star Catcher.","15274","Events","134047","0","2048","0"
"shadowlands_category_confirmed","True","15646","Re-Re-Re-Renowned","Reach Renown level 80 with each of the four Covenants.","15441","Covenant Sanctums","134055","0","229376","10"
"shadowlands_category_confirmed","True","15647","Dead Men Tell Some Tales","Complete all four Covenant campaigns.","15422","Shadowlands","134068","0","131072","10"
"shadowlands_category_confirmed","True","15648","Walking in Maw-mphis","Complete the Maw achievements listed below.","15436","Shadowlands","134077","0","131072","10"
"shadowlands_category_confirmed","True","15649","Shadowlands Dilettante","Complete each of the Covenant Special Feature achievements below.","15441","Covenant Sanctums","134087","0","131072","10"
"shadowlands_category_confirmed","True","15650","Mythic: Streets of Wonder","Defeat So'azmi in Streets of Wonder on Mythic Keystone difficulty.","15428","Shadowlands Dungeon","134101","0","0","10"
"shadowlands_category_confirmed","True","15651","Myths of the Shadowlands Dungeons","Complete each of the following Shadowlands dungeons on Mythic or Mythic Keystone difficulty.","15428","Shadowlands Dungeon","134092","0","131072","10"
"shadowlands_category_confirmed","True","15652","Mythic: So'leah's Gambit","Defeat So'leah in So'leah's Gambit on Mythic Keystone difficulty.","15428","Shadowlands Dungeon","134105","0","0","10"
"snapshot_candidate","True","15653","The More You Know*","Catch 100 falling stars, using the 2022 Vintage Winter Veil gift, Falling Star Catcher.","15274","Events","134107","0","2048","0"
"snapshot_candidate","True","15654","Back from the Beyond","Leave the Shadowlands better than it was when you entered by completing the following achievements.","81","Feats of Strength","134118","0","229376","0"
"shadowlands_category_confirmed","True","15663","Fate of Nathria","Defeat the following bosses on Normal difficulty or higher while Nathria is a Fated raid.","15438","Shadowlands Raid","134237","0","0","10"
"shadowlands_category_confirmed","True","15664","Heroic: Fate of Nathria","Defeat the following bosses on Heroic difficulty or higher while Nathria is a Fated raid.","15438","Shadowlands Raid","134248","0","0","10"
"shadowlands_category_confirmed","True","15665","Mythic: Fate of Nathria","Defeat the following bosses on Mythic difficulty while Nathria is a Fated raid.","15438","Shadowlands Raid","134259","0","0","10"
"shadowlands_category_confirmed","True","15667","Fate of Domination","Defeat the following bosses on Normal difficulty or higher while Sanctum of Domination is a Fated raid.","15438","Shadowlands Raid","134276","0","0","10"
"shadowlands_category_confirmed","True","15668","Heroic: Fate of Domination","Defeat the following bosses on Heroic difficulty or higher while Sanctum of Domination is a Fated raid.","15438","Shadowlands Raid","134289","0","0","10"
"shadowlands_category_confirmed","True","15669","Mythic: Fate of Domination","Defeat the following bosses on Mythic difficulty while Sanctum of Domination is a Fated raid.","15438","Shadowlands Raid","134300","0","0","10"
"shadowlands_category_confirmed","True","15681","Fate of the Sepulcher","Defeat the following bosses on Normal difficulty or higher while Sepulcher of the First Ones is a Fated raid.","15438","Shadowlands Raid","134315","0","0","10"
"shadowlands_category_confirmed","True","15682","Heroic: Fate of the Sepulcher","Defeat the following bosses on Heroic difficulty or higher while Sepulcher of the First Ones is a Fated raid.","15438","Shadowlands Raid","134327","0","0","10"
"shadowlands_category_confirmed","True","15683","Mythic: Fate of the Sepulcher","Defeat the following bosses on Mythic difficulty while Sepulcher of the First Ones is a Fated raid.","15438","Shadowlands Raid","134339","0","0","10"
"shadowlands_category_confirmed","True","15684","Fates of the Shadowlands Raids","Complete all three Fated raids on Normal difficulty or higher in Shadowlands Season 4.","15438","Shadowlands Raid","134351","190170","229376","10"
"shadowlands_category_confirmed","True","15685","Heroic: Fates of the Shadowlands Raids","Complete all three Fated raids on Heroic difficulty or higher in Shadowlands Season 4.","15438","Shadowlands Raid","134355","0","229376","10"
"shadowlands_category_confirmed","True","15687","Mythic: Fates of the Shadowlands Raids","Complete all three Fated raids on Mythic difficulty in Shadowlands Season 4.","15438","Shadowlands Raid","134359","0","229376","10"
"snapshot_candidate","True","15688","Shadowlands Keystone Explorer: Season Four","Attain a Mythic+ Rating of at least 750 during Shadowlands Season Four.","15272","Dungeons","134363","0","133120","0"
"snapshot_candidate","True","15689","Shadowlands Keystone Conqueror: Season Four","Attain a Mythic+ Rating of at least 1500 during Shadowlands Season Four.","15272","Dungeons","134365","0","133120","0"
"snapshot_candidate","True","15690","Shadowlands Keystone Master: Season Four","Attain a Mythic+ Rating of at least 2000 during Shadowlands Season Four.","15272","Dungeons","134367","192557","133120","0"
"snapshot_candidate","True","15691","Cryptic Hero: Shadowlands Season 3","End Shadowlands Mythic+ Season 3 with a Mythic+ Rating in the top 0.1% of all players in your region.","15272","Dungeons","137874","0","14336","0"
"snapshot_candidate","True","15692","Keystone Hero: Return to Karazhan","Complete Return to Karazhan: Lower and Return to Karazhan: Upper at Mythic Level 20 or higher, within the time limit.","15272","Dungeons","134369","0","2048","0"
"snapshot_candidate","True","15693","Keystone Hero: Operation: Mechagon","Complete Operation: Mechagon - Junkyard and Operation: Mechagon - Workshop at Mythic Level 20 or higher, within the time limit.","15272","Dungeons","134372","0","2048","0"
"snapshot_candidate","True","15694","Keystone Hero: Iron Docks","Complete Iron Docks at Mythic Level 20 or higher, within the time limit.","15272","Dungeons","134375","0","2048","0"
"snapshot_candidate","True","15695","Keystone Hero: Grimrail Depot","Complete Grimrail Depot at Mythic Level 20 or higher, within the time limit.","15272","Dungeons","134377","0","2048","0"
"snapshot_candidate","True","15756","Shrouded Hero: Shadowlands Season 4","End Shadowlands Mythic+ Season 4 with a Mythic+ Rating in the top 0.1% of all players in your region.","15272","Dungeons","0","0","14336","0"
"shadowlands_category_hidden","True","16414","[HIDDEN] Fates of the Shadowlands Raid Portals","","15438","Shadowlands Raid","138399","0","1310720","0"
