"status","current_exists","achievement_id","title","description","category_id","category_name","criteria_tree_id","reward_item_id","flags","points"
"snapshot_non_legion_category","True","6","Level 10","Reach level 10.","92","General","2050",,"2101252","10"
"snapshot_non_legion_category","True","7","Level 20","Reach level 20.","92","General","2683",,"2101252","10"
"snapshot_non_legion_category","True","8","Level 30","Reach level 30.","92","General","1289",,"2101252","10"
"snapshot_non_legion_category","True","9","Level 40","Reach level 40.","92","General","942",,"2101252","10"
"snapshot_non_legion_category","True","10","Level 50","Reach level 50.","92","General","2053",,"2101252","10"
"snapshot_non_legion_category","True","11","Level 60","Reach level 60.","92","General","2056",,"2101252","10"
"snapshot_non_legion_category","True","12","Level 70","Reach level 70.","92","General","2059",,"2101252","10"
"snapshot_non_legion_category","True","13","Level 80","Reach level 80.","92","General","2262",,"2101252","10"
"snapshot_non_legion_category","True","15","Plenty of Pets","Collect 15 unique pets.","15118","Collect","22152",,"131072","10"
"snapshot_non_legion_category","True","16","Did Somebody Order a Knuckle Sandwich?","Raise your unarmed skill to 400.","15234","Legacy","6318",,"2048","0"
"snapshot_non_legion_category","True","31","A Simple Re-Quest","Complete a daily quest every day for five consecutive days.","96","Quests","2807",,"0","10"
"snapshot_non_legion_category","True","32","2000 Quests Completed","Complete 2000 quests.","96","Quests","2810",,"0","10"
"snapshot_non_legion_category","True","33","Nothing Boring About Borean","Complete the Borean Tundra storylines listed below.","14863","Northrend","1741",,"0","10"
"snapshot_non_legion_category","True","34","I've Toured the Fjord","Complete the Howling Fjord storylines listed below.","14863","Northrend","5287",,"0","10"
"snapshot_non_legion_category","True","35","Might of Dragonblight","Complete the Dragonblight storylines listed below.","14863","Northrend","1745",,"0","10"
"snapshot_non_legion_category","True","36","The Empire of Zul'Drak","Complete the Zul'Drak storylines listed below.","14863","Northrend","1881",,"0","10"
"snapshot_non_legion_category","True","37","Fo' Grizzle My Shizzle","Complete the Grizzly Hills storylines listed below.","14863","Northrend","5284",,"0","10"
"snapshot_non_legion_category","True","38","The Summit of Storm Peaks","Complete the Storm Peaks storylines listed below.","14863","Northrend","1884",,"0","10"
"snapshot_non_legion_category","True","39","Into the Basin","Complete the Sholazar Basin storylines listed below.","14863","Northrend","1887",,"0","10"
"snapshot_non_legion_category","True","40","Icecrown: The Final Goal","Complete the Icecrown storylines listed below.","14863","Northrend","3375",,"0","10"
"snapshot_non_legion_category","True","41","Loremaster of Northrend","Complete the Northrend quest achievements listed below.","14863","Northrend","5756",,"131072","10"
"snapshot_non_legion_category","True","42","Eastern Kingdoms Explorer","Explore the regions of Eastern Kingdoms.","97","Exploration","2402",,"131072","25"
"snapshot_non_legion_category","True","43","Kalimdor Explorer","Explore the regions of Kalimdor.","97","Exploration","3317",,"131072","25"
"snapshot_non_legion_category","True","44","Outland Explorer","Explore the regions of Outland.","97","Exploration","3340",,"131072","25"
"snapshot_non_legion_category","True","45","Northrend Explorer","Explore the regions of Northrend.","97","Exploration","12064",,"131072","25"
"snapshot_non_legion_category","True","46","Universal Explorer","Explore Eastern Kingdoms, Kalimdor, Outland, Northrend, the areas revealed by the Cataclysm, Pandaria, Draenor, and the Broken Isles.","97","Exploration","3257",,"131072","50"
"snapshot_non_legion_category","True","49","Alterac Valley victories","Alterac Valley victories","153","Battlegrounds","15889",,"1","0"
"snapshot_non_legion_category","True","50","Eye of the Storm victories","Eye of the Storm victories","153","Battlegrounds","9109",,"1","0"
"snapshot_non_legion_category","True","51","Arathi Basin victories","Arathi Basin victories","153","Battlegrounds","5504",,"1","0"
"snapshot_non_legion_category","True","52","Warsong Gulch battles","Warsong Gulch battles","153","Battlegrounds","5507",,"1","0"
"snapshot_non_legion_category","True","53","Alterac Valley battles","Alterac Valley battles","153","Battlegrounds","5510",,"1","0"
"snapshot_non_legion_category","True","54","Eye of the Storm battles","Eye of the Storm battles","153","Battlegrounds","1272",,"1","0"
"snapshot_non_legion_category","True","55","Arathi Basin battles","Arathi Basin battles","153","Battlegrounds","3391",,"1","0"
"removed_after_legion","False","56","Deaths in Warsong Gulch","Deaths in Warsong Gulch","124","Battlegrounds","140",,"1","0"
"removed_after_legion","False","57","Deaths in Alterac Valley","Deaths in Alterac Valley","124","Battlegrounds","2062",,"1","0"
"removed_after_legion","False","58","Deaths from Drek'Thar","Deaths from Drek'Thar","124","Battlegrounds","143",,"1","0"
"removed_after_legion","False","59","Deaths in Arathi Basin","Deaths in Arathi Basin","124","Battlegrounds","1064",,"1","0"
"snapshot_non_legion_category","True","60","Total deaths","Total deaths","122","Deaths","1189",,"1","0"
"snapshot_non_legion_category","True","73","Disgracin' The Basin","Assault 3 bases in a single Arathi Basin battle.","14802","Arathi Basin","7709",,"0","10"
"snapshot_non_legion_category","True","94","Quests abandoned","Quests abandoned","133","Quests","805",,"1","0"
"snapshot_non_legion_category","True","95","Average quests completed per day","Average quests completed per day","133","Quests","5199",,"65","0"
"snapshot_non_legion_category","True","97","Daily quests completed","Daily quests completed","133","Quests","5766",,"1","0"
"snapshot_non_legion_category","True","98","Quests completed","Quests completed","133","Quests","758",,"1","0"
"snapshot_non_legion_category","True","99","Ruins of Lordaeron matches","Ruins of Lordaeron matches","152","Rated Arenas","15898",,"1","0"
"snapshot_non_legion_category","True","100","Ring of Trials victories","Ring of Trials victories","152","Rated Arenas","836",,"1","0"
"snapshot_non_legion_category","True","101","Ring of Trials matches","Ring of Trials matches","152","Rated Arenas","945",,"1","0"
"snapshot_non_legion_category","True","102","Ruins of Lordaeron victories","Ruins of Lordaeron victories","152","Rated Arenas","8210",,"1","0"
"snapshot_non_legion_category","True","103","Circle of Blood matches","Circle of Blood matches","152","Rated Arenas","808",,"1","0"
"snapshot_non_legion_category","True","104","Circle of Blood victories","Circle of Blood victories","152","Rated Arenas","15892",,"1","0"
"snapshot_non_legion_category","True","105","Warsong Gulch victories","Warsong Gulch victories","153","Battlegrounds","3068",,"1","0"
"snapshot_non_legion_category","True","107","Creatures killed","Creatures killed","135","Creatures","762",,"9","0"
"snapshot_non_legion_category","True","108","Critters killed","Critters killed","135","Creatures","774",,"1","0"
"snapshot_non_legion_category","True","110","Lich King 5-player boss defeated the most","Lich King 5-player boss killed the most","14807","Dungeons & Raids","2277",,"1","0"
"snapshot_non_legion_category","True","112","Deaths from drowning","Deaths from drowning","126","World","9921",,"1","0"
"snapshot_non_legion_category","True","113","Deaths from fatigue","Deaths from fatigue","126","World","777",,"1","0"
"snapshot_non_legion_category","True","114","Deaths from falling","Deaths from falling","126","World","2429",,"1","0"
"snapshot_non_legion_category","True","115","Deaths from fire and lava","Deaths from fire and lava","126","World","1592",,"9","0"
"snapshot_non_legion_category","True","116","Professional Journeyman","Obtain 150 skill points in a profession.","169","Professions","1596",,"0","10"
"snapshot_non_legion_category","True","121","Journeyman Cook","Obtain 150 skill points in cooking.","170","Cooking","5281",,"0","10"
"snapshot_non_legion_category","True","122","Expert Cook","Obtain 225 skill points in cooking.","170","Cooking","2377",,"0","10"
"snapshot_non_legion_category","True","123","Artisan Cook","Obtain 300 skill points in cooking.","170","Cooking","4033",,"0","10"
"snapshot_non_legion_category","True","124","Master Cook","Obtain 375 skill points in cooking.","170","Cooking","2432",,"0","10"
"snapshot_non_legion_category","True","125","Grand Master Cook","Obtain 450 skill points in cooking.","170","Cooking","1578",,"0","10"
"snapshot_non_legion_category","True","126","Journeyman Fisherman","Obtain 150 skill points in fishing.","171","Fishing","1738",,"0","10"
"snapshot_non_legion_category","True","127","Expert Fisherman","Obtain 225 skill points in fishing.","171","Fishing","3071",,"0","10"
"snapshot_non_legion_category","True","128","Artisan Fisherman","Obtain 300 skill points in fishing.","171","Fishing","2467",,"0","10"
"snapshot_non_legion_category","True","129","Master Fisherman","Obtain 375 skill points in fishing.","171","Fishing","3667",,"0","10"
"snapshot_non_legion_category","True","130","Grand Master Fisherman","Obtain 450 skill points in fishing.","171","Fishing","2380",,"0","10"
"snapshot_non_legion_category","True","131","Journeyman Medic","Obtain 150 skill points in first aid.","172","First Aid","2435",,"2097152","10"
"snapshot_non_legion_category","True","132","Expert Medic","Obtain 225 skill points in first aid.","172","First Aid","149",,"2097152","10"
"snapshot_non_legion_category","True","133","Artisan Medic","Obtain 300 skill points in first aid.","172","First Aid","1620",,"0","10"
"snapshot_non_legion_category","True","134","Master Medic","Obtain 375 skill points in first aid.","172","First Aid","3355",,"0","10"
"snapshot_non_legion_category","True","135","Grand Master Medic","Obtain 450 skill points in first aid.","172","First Aid","2792",,"0","10"
"snapshot_non_legion_category","True","137","Stocking Up","Create 500 Heavy Frostweave Bandages.","172","First Aid","2804",,"0","10"
"snapshot_non_legion_category","True","141","Ultimate Triage","Use a Heavy Frostweave Bandage, or any Embersilk or Windwool Bandage, to heal a player who has less than 5% health.","172","First Aid","6753",,"0","10"
"snapshot_non_legion_category","True","144","The Lurker Above","Fish up The Lurker Below in Serpentshrine Cavern.","171","Fishing","2813",,"0","10"
"snapshot_non_legion_category","True","150","The Fishing Diplomat","Fish something up in Orgrimmar and Stormwind.","171","Fishing","1281",,"0","10"
"snapshot_non_legion_category","True","153","The Old Gnome and the Sea","Successfully fish from a school.","171","Fishing","609",,"0","10"
"snapshot_non_legion_category","True","154","Arathi Basin Victory","Win Arathi Basin.","14802","Arathi Basin","2065",,"0","10"
"snapshot_non_legion_category","True","155","Arathi Basin Veteran","Complete 100 victories in Arathi Basin.","14802","Arathi Basin","4715",,"0","10"
"snapshot_non_legion_category","True","156","Territorial Dominance","Win 10 Arathi Basin matches while controlling all 5 flags.","14802","Arathi Basin","117",,"0","10"
"snapshot_non_legion_category","True","157","To The Rescue!","Come to the defense of a base in Arathi Basin 50 times by recapping the flag.","14802","Arathi Basin","5243",,"0","10"
"snapshot_non_legion_category","True","158","Me and the Cappin' Makin' it Happen","Take 50 flags in Arathi Basin.","14802","Arathi Basin","1076",,"0","10"
"snapshot_non_legion_category","True","159","Let's Get This Done","Win Arathi Basin in 6 minutes.","14802","Arathi Basin","1079",,"0","10"
"snapshot_non_legion_category","True","161","Resilient Victory","Overcome a 500 resource disadvantage in a match of Arathi Basin and claim victory.","14802","Arathi Basin","4405",,"0","10"
"snapshot_non_legion_category","True","162","We Had It All Along *cough*","Win Arathi Basin by 50 points or less.","14802","Arathi Basin","129",,"0","10"
"snapshot_non_legion_category","True","165","Arathi Basin Perfection","Win Arathi Basin with a score of 1600 to 0.","14802","Arathi Basin","881",,"0","20"
"snapshot_non_legion_category","True","166","Warsong Gulch Victory","Win Warsong Gulch.","14804","Warsong Gulch","419",,"0","10"
"snapshot_non_legion_category","True","167","Warsong Gulch Veteran","Complete 100 victories in Warsong Gulch.","14804","Warsong Gulch","422",,"0","10"
"snapshot_non_legion_category","True","168","Warsong Gulch Perfection","Win Warsong Gulch with a score of 3 to 0.","14804","Warsong Gulch","9102",,"0","10"
"snapshot_non_legion_category","True","178","Enchanting formulae learned","Enchanting formulae learned","173","Professions","1285",,"1","0"
"snapshot_non_legion_category","True","181","Items disenchanted","Items disenchanted","173","Professions","146",,"1","0"
"snapshot_non_legion_category","True","183","Materials produced from disenchanting","Materials produced from disenchanting","173","Professions","2339",,"1","0"
"removed_after_legion","False","189","Largest heal cast","Largest heal cast","141","Combat","2038",,"1","0"
"removed_after_legion","False","193","Largest hit dealt","Largest hit dealt","141","Combat","2041",,"1","0"
"removed_after_legion","False","197","Total damage done","Total damage done","141","Combat","8207",,"1","0"
"removed_after_legion","False","198","Total healing done","Total healing done","141","Combat","14968",,"1","0"
"snapshot_non_legion_category","True","199","Capture the Flag","Personally carry and capture the flag in Warsong Gulch.","14804","Warsong Gulch","3500",,"0","10"
"snapshot_non_legion_category","True","200","Persistent Defender","Return 50 flags as a defender in Warsong Gulch.","14804","Warsong Gulch","2383",,"0","10"
"snapshot_non_legion_category","True","201","Warsong Expedience","Win Warsong Gulch in under 7 minutes.","14804","Warsong Gulch","8437",,"0","10"
"snapshot_non_legion_category","True","202","Quick Cap","Grab the flag and capture it in under 75 seconds.","14804","Warsong Gulch","2342",,"0","10"
"snapshot_non_legion_category","True","203","Not In My House","In a single Warsong Gulch battle, kill 2 flag carriers before they leave the Silverwing Flag Room.","14804","Warsong Gulch","2077",,"0","10"
"snapshot_non_legion_category","True","204","Ironman","In a single Warsong Gulch battle, carry and capture the flag 3 times without dying.","14804","Warsong Gulch","3655",,"0","10"
"snapshot_non_legion_category","True","206","Supreme Defender","Kill 100 flag carriers in Warsong Gulch.","14804","Warsong Gulch","3409",,"0","10"
"snapshot_non_legion_category","True","207","Save the Day","Kill the enemy who is carrying your flag in the opposing team's flag room while the opposing team's flag is at their base, within their control.","14804","Warsong Gulch","13704",,"0","10"
"snapshot_non_legion_category","True","208","Eye of the Storm Victory","Win Eye of the Storm.","14803","Eye of the Storm","1763",,"0","10"
"snapshot_non_legion_category","True","209","Eye of the Storm Veteran","Complete 100 victories in Eye of the Storm.","14803","Eye of the Storm","1766",,"128","10"
"snapshot_non_legion_category","True","211","Storm Glory","While your team holds 4 of the bases in Eye of the Storm, personally grab the flag and capture it.","14803","Eye of the Storm","183",,"0","10"
"snapshot_non_legion_category","True","212","Storm Capper","Personally carry and capture the flag in Eye of the Storm.","14803","Eye of the Storm","5265",,"128","10"
"snapshot_non_legion_category","True","213","Stormtrooper","Kill 5 flag carriers in a single Eye of the Storm battle.","14803","Eye of the Storm","5778",,"128","10"
"snapshot_non_legion_category","True","214","Flurry","Win Eye of the Storm in under 6 minutes.","14803","Eye of the Storm","3145",,"0","10"
"snapshot_non_legion_category","True","216","Bound for Glory","In a single Eye of the Storm match, capture the flag 3 times without dying.","14803","Eye of the Storm","5268",,"0","10"
"snapshot_non_legion_category","True","218","Alterac Valley Victory","Win Alterac Valley.","14801","Alterac Valley","6278",,"0","10"
"snapshot_non_legion_category","True","219","Alterac Valley Veteran","Complete 100 victories in Alterac Valley.","14801","Alterac Valley","3874",,"0","10"
"snapshot_non_legion_category","True","220","Stormpike Perfection","Win Alterac Valley without losing a tower or captain. You must also control all of the Horde's towers.","14801","Alterac Valley","3823",,"0","20"
"snapshot_non_legion_category","True","221","Alterac Grave Robber","Take 50 graveyards in Alterac Valley.","14801","Alterac Valley","186",,"0","10"
"snapshot_non_legion_category","True","222","Tower Defense","Defend 50 towers in Alterac Valley.","14801","Alterac Valley","3358",,"0","10"
"snapshot_non_legion_category","True","223","The Sickly Gazelle","In Alterac Valley, kill an enemy in the Field of Strife before they dismount.","14801","Alterac Valley","3412",,"0","10"
"snapshot_non_legion_category","True","224","Loyal Defender","In Alterac Valley, kill 50 enemy players in the Hall of the Frostwolf.","14801","Alterac Valley","4479",,"0","10"
"snapshot_non_legion_category","True","225","Everything Counts","Win Alterac Valley while your team controls both mines.","14801","Alterac Valley","3835",,"0","10"
"snapshot_non_legion_category","True","226","The Alterac Blitz","Win Alterac Valley in 6 minutes.","14801","Alterac Valley","7771",,"0","20"
"snapshot_non_legion_category","True","227","Damage Control","Do 300,000 damage or healing in a single battle in any battleground. The damage or healing must be done to a player.","95","Player vs. Player","990",,"0","10"
"snapshot_non_legion_category","True","229","The Grim Reaper","Get 30 Honorable Kills in a single battle in any battleground.","95","Player vs. Player","914",,"0","10"
"snapshot_non_legion_category","True","230","Battlemaster","Complete the battleground achievements listed below.","95","Player vs. Player","4965",,"143360","50"
"snapshot_non_legion_category","True","231","Wrecking Ball","Get 20 killing blows without dying in a single battle in any battleground.","95","Player vs. Player","3855",,"0","10"
"snapshot_non_legion_category","True","233","Bloodthirsty Berserker","Get a killing blow while under the effects of the berserker buff in Eye of the Storm.","14803","Eye of the Storm","5215",,"0","10"
"snapshot_non_legion_category","True","238","An Honorable Kill","Achieve an honorable kill.","95","Player vs. Player","5218",,"0","10"
"snapshot_non_legion_category","True","239","25000 Honorable Kills","Get 25000 honorable kills.","95","Player vs. Player","5221",,"135168","10"
"snapshot_non_legion_category","True","245","That Takes Class","Get an honorable, killing blow on one of each class.","95","Player vs. Player","6934",,"0","10"
"snapshot_non_legion_category","True","246","Know Thy Enemy","Get an honorable, killing blow against all Horde races.","95","Player vs. Player","6264",,"0","10"
"snapshot_non_legion_category","True","247","Make Love, Not Warcraft","Emote /hug on a dead enemy before they release corpse.","95","Player vs. Player","8295",,"0","10"
"snapshot_non_legion_category","True","248","Sunday's Finest","Discover the White Tuxedo Shirt and Black Tuxedo Pants by opening Brightly Colored Eggs during the Noblegarden celebration.","159","Noblegarden","8291",,"0","10"
"snapshot_non_legion_category","True","249","Dressed for the Occasion","Discover an Elegant Dress by opening Brightly Colored Eggs during the Noblegarden celebration.","159","Noblegarden","4669",,"0","10"
"snapshot_non_legion_category","True","252","With a Little Helper from My Friends","Earn 50 honorable kills as a Little Helper from the Winter Wondervolt machine.","156","Winter Veil","4724",,"128","10"
"snapshot_non_legion_category","True","255","Bring Me The Head of... Oh Wait","Kill the Headless Horseman.","158","Hallow's End","1673",,"0","10"
"snapshot_non_legion_category","True","259","Scrooge","Throw a snowball at Baine Bloodhoof during the Feast of Winter Veil.","156","Winter Veil","20082",,"0","10"
"snapshot_non_legion_category","True","260","Charming","Create 12 Lovely Charm Bracelets.","187","Love is in the Air","2103",,"0","10"
"snapshot_non_legion_category","True","263","Ice the Frost Lord","Slay Ahune in the Slave Pens.","161","Midsummer","5612",,"0","10"
"snapshot_non_legion_category","True","271","Burning Hot Pole Dance","Dance at the ribbon pole for 60 seconds while wearing completed Midsummer set.","161","Midsummer","7608",,"0","10"
"snapshot_non_legion_category","True","272","Torch Juggler","Juggle 40 torches in 15 seconds in Dalaran.","161","Midsummer","2097",,"0","10"
"snapshot_non_legion_category","True","273","On Metzen!","Save Metzen the Reindeer.","156","Winter Veil","5556",,"0","10"
"snapshot_non_legion_category","True","275","Veteran Nanny","Acquire Egbert's Egg, Sleepy Willy, and Elekk Training Collar on one character.","163","Children's Week","3662",,"0","50"
"snapshot_non_legion_category","True","277","'Tis the Season","During the Feast of Winter Veil, wear 3 pieces of winter clothing and eat Graccu's Mince Meat Fruitcake.","156","Winter Veil","4076",,"0","10"
"snapshot_non_legion_category","True","279","Simply Abominable","Complete the quest to retrieve Smokywood Pastures' stolen treats and receive a Smokywood Pastures' Thank You.","156","Winter Veil","14224",,"0","10"
"snapshot_non_legion_category","True","281","First Aid skill","First Aid skill","178","Secondary Skills","458",,"1","0"
"snapshot_non_legion_category","True","283","The Masquerade","Get transformed by the Hallowed Wands listed below.","158","Hallow's End","4423",,"0","10"
"snapshot_non_legion_category","True","284","A Mask for All Occasions","Collect the 24 unique Masks listed below.","158","Hallow's End","3964",,"0","20"
"snapshot_non_legion_category","True","288","Out With It","Eat so many Tricky Treats that you get an upset tummy.","158","Hallow's End","9018",,"0","10"
"snapshot_non_legion_category","True","289","The Savior of Hallow's End","Complete one of the quests to save a village from the Headless Horseman.","158","Hallow's End","3849",,"0","10"
"snapshot_non_legion_category","True","291","Check Your Head","Use Weighted Jack-o'-Lanterns to put pumpkin heads on each of the races listed below.","158","Hallow's End","8",,"0","10"
"snapshot_non_legion_category","True","292","Sinister Calling","Obtain a Sinister Squashling pet and Hallowed Helm through looting or Tricky Treats from the Hallow's end world events.","158","Hallow's End","5513",,"0","10"
"snapshot_non_legion_category","True","293","Disturbing the Peace","While wearing 3 pieces of Brewfest clothing, get completely smashed and dance in Dalaran.","162","Brewfest","448",,"0","10"
"snapshot_non_legion_category","True","295","Direbrewfest","Kill Coren Direbrew.","162","Brewfest","3232",,"0","10"
"snapshot_non_legion_category","True","303","Have Keg, Will Travel","Obtain a Brewfest mount, or transform yours into one using Brewfest Hops.","162","Brewfest","842",,"131072","10"
"snapshot_non_legion_category","True","306","Master Angler of Azeroth","Win the Booty Bay fishing contest.","171","Fishing","4432",,"0","20"
"snapshot_non_legion_category","True","318","Total deaths from opposite faction","","21","Player vs. Player","4712",,"1","0"
"snapshot_non_legion_category","True","319","Duels won","Duels won","154","World","8204",,"1","0"
"snapshot_non_legion_category","True","320","Duels lost","Duels lost","154","World","22",,"1","0"
"removed_after_legion","False","321","Total raid and dungeon deaths","Total raid and dungeon deaths","125","Dungeons","12717",,"1","0"
"snapshot_non_legion_category","True","326","Gold from quest rewards","Gold from quest rewards","140","Wealth","10543",,"1","0"
"snapshot_non_legion_category","True","328","Total gold acquired","Total gold acquired","140","Wealth","2744",,"1","0"
"snapshot_non_legion_category","True","329","Auctions posted","Auctions posted","140","Wealth","15895",,"1","0"
"snapshot_non_legion_category","True","330","Auction purchases","Auction purchases","140","Wealth","2083",,"1","0"
"snapshot_non_legion_category","True","331","Most expensive bid on auction","Most expensive bid on auction","140","Wealth","264",,"1","0"
"snapshot_non_legion_category","True","332","Most expensive auction sold","Most expensive auction sold","140","Wealth","2750",,"1","0"
"snapshot_non_legion_category","True","333","Gold looted","Gold looted","140","Wealth","2753",,"1","0"
"snapshot_non_legion_category","True","334","Most gold ever owned","Most gold ever owned","140","Wealth","2",,"1","0"
"snapshot_non_legion_category","True","338","Vanity pets owned","Vanity pets owned","15219","Pet Battles","5294",,"1","0"
"removed_after_legion","False","339","Mounts owned","Mounts owned","191","Gear","5",,"1","0"
"removed_after_legion","False","341","Epic items looted","Epic items looted","191","Gear","4036",,"1","0"
"removed_after_legion","False","342","Epic items acquired","Epic items acquired","191","Gear","2470",,"1","0"
"snapshot_non_legion_category","True","344","Bandages used","Bandages used","145","Consumables","1930",,"9","0"
"snapshot_non_legion_category","True","345","Health potions consumed","Health potions consumed","145","Consumables","5882",,"9","0"
"snapshot_non_legion_category","True","346","Beverages consumed","Beverages consumed","145","Consumables","5924",,"1","0"
"snapshot_non_legion_category","True","347","Food eaten","Food eaten","145","Consumables","15901",,"9","0"
"snapshot_non_legion_category","True","349","Flight paths taken","Flight paths taken","134","Travel","2442",,"1","0"
"snapshot_non_legion_category","True","350","Mage Portals taken","Mage Portals taken","134","Travel","921",,"1","0"
"snapshot_non_legion_category","True","353","Number of times hearthed","Number of times hearthed","134","Travel","467",,"1","0"
"snapshot_non_legion_category","True","362","5v5 victories","5v5 victories","152","Rated Arenas","532",,"1","0"
"snapshot_non_legion_category","True","363","5v5 matches","5v5 matches","152","Rated Arenas","6137",,"1","0"
"snapshot_non_legion_category","True","364","3v3 victories","3v3 victories","152","Rated Arenas","2445",,"1","0"
"snapshot_non_legion_category","True","365","3v3 matches","3v3 matches","152","Rated Arenas","6144",,"1","0"
"snapshot_non_legion_category","True","366","2v2 victories","2v2 victories","152","Rated Arenas","6151",,"1","0"
"snapshot_non_legion_category","True","367","2v2 matches","2v2 matches","152","Rated Arenas","539",,"1","0"
"snapshot_non_legion_category","True","370","Highest 2 man personal rating","Highest 2 man personal rating","152","Rated Arenas","10139",,"1","0"
"snapshot_non_legion_category","True","374","Highest 2 man team rating","Highest 2 man team rating","152","Rated Arenas","4040",,"524289","0"
"removed_after_legion","False","377","Most factions at Exalted","Most factions at Exalted","147","Reputation","4233",,"1","0"
"removed_after_legion","False","378","Most factions at Revered or higher","Most factions at Revered or higher","147","Reputation","546",,"1","0"
"snapshot_non_legion_category","True","381","World Honorable Kills","World Honorable Kills","136","Honorable Kills","6158",,"9","0"
"snapshot_non_legion_category","True","382","Battleground Honorable Kills","Battleground Honorable Kills","136","Honorable Kills","973",,"1","0"
"snapshot_non_legion_category","True","383","Arena Honorable Kills","Arena Honorable Kills","136","Honorable Kills","983",,"1","0"
"snapshot_non_legion_category","True","388","City Defender","Kill 50 enemy players in any of your home cities.","95","Player vs. Player","4372",,"128","10"
"snapshot_non_legion_category","True","389","Gurubashi Arena Master","Loot the Arena Master trinket from the Gurubashi Arena.","95","Player vs. Player","8047",,"0","10"
"snapshot_non_legion_category","True","393","Alterac Valley towers defended","Alterac Valley towers defended","153","Battlegrounds","2474",,"1","0"
"snapshot_non_legion_category","True","394","Alterac Valley towers captured","Alterac Valley towers captured","153","Battlegrounds","9924",,"1","0"
"snapshot_non_legion_category","True","395","Warsong Gulch flags captured","Warsong Gulch flags captured","153","Battlegrounds","4043",,"1","0"
"snapshot_non_legion_category","True","396","Gurubashi Arena Grand Master","Complete Short John Mithril's quest to obtain the Arena Grand Master trinket.","95","Player vs. Player","7014",,"0","10"
"snapshot_non_legion_category","True","397","Step Into The Arena","Win a ranked arena match.","165","Arena","2671",,"0","10"
"snapshot_non_legion_category","True","398","Mercilessly Dedicated","Win 100 ranked arena matches.","165","Arena","2674",,"0","10"
"snapshot_non_legion_category","True","399","Just the Two of Us: 1550","Earn a 1550 personal rating in the 2v2 bracket of the arena.","165","Arena","3229",,"0","10"
"snapshot_non_legion_category","True","400","Just the Two of Us: 1750","Earn a 1750 personal rating in the 2v2 bracket of the arena.","165","Arena","3251",,"0","10"
"snapshot_non_legion_category","True","401","Just the Two of Us: 2000","Earn a 2000 personal rating in the 2v2 bracket of the arena.","165","Arena","3744",,"0","10"
"snapshot_non_legion_category","True","402","Three's Company: 1550","Earn a 1550 personal rating in the 3v3 bracket of the arena.","165","Arena","2080",,"0","10"
"snapshot_non_legion_category","True","403","Three's Company: 1750","Earn a 1750 personal rating in the 3v3 bracket of the arena.","165","Arena","5747",,"0","10"
"snapshot_non_legion_category","True","404","High Five: 2000","Earn a 2000 personal rating in the 5v5 bracket of the arena.","15270","Player vs. Player","3349",,"2048","0"
"snapshot_non_legion_category","True","405","Three's Company: 2000","Earn a 2000 personal rating in the 3v3 bracket of the arena.","165","Arena","7093",,"0","10"
"snapshot_non_legion_category","True","406","High Five: 1550","Earn a 1550 personal rating in the 5v5 bracket of the arena.","15270","Player vs. Player","5297",,"2048","0"
"snapshot_non_legion_category","True","407","High Five: 1750","Earn a 1750 personal rating in the 5v5 bracket of the arena.","15270","Player vs. Player","2464",,"2048","0"
"snapshot_non_legion_category","True","408","Hot Streak","Win ten ranked matches in a row.","165","Arena","10115",,"0","10"
"snapshot_non_legion_category","True","409","Last Man Standing","Be the sole survivor at the end of a ranked 5v5 match.","15270","Player vs. Player","2071",,"2048","0"
"snapshot_non_legion_category","True","411","Murky","Proud owner of Murky from the 2005 BlizzCon in Anaheim, California.","15268","Promotions","4398",,"133120","0"
"snapshot_non_legion_category","True","412","Murloc Costume","Proud owner of the Murloc Costume from the 2007 BlizzCon in Anaheim, California.","15268","Promotions","4046",,"2048","0"
"snapshot_non_legion_category","True","414","Tyrael's Hilt","Proud owner of Tyrael's Hilt from the 2008 World Wide Invitational in Paris, France.","15268","Promotions","1119",,"133120","0"
"snapshot_non_legion_category","True","415","Big Blizzard Bear","Proud owner of the Big Blizzard Bear from the 2008 BlizzCon.","15268","Promotions","1043",,"133120","0"
"snapshot_non_legion_category","True","416","Scarab Lord","Opened the gates of Ahn'Qiraj.","15269","Mounts","1735",,"264192","0"
"snapshot_non_legion_category","True","418","Merciless Gladiator","Achieved Merciless Gladiator title.","15270","Player vs. Player","2936",,"2048","0"
"snapshot_non_legion_category","True","419","Vengeful Gladiator","Achieved Vengeful Gladiator title.","15270","Player vs. Player","189",,"2048","0"
"snapshot_non_legion_category","True","420","Brutal Gladiator","Achieved Brutal Gladiator title.","15270","Player vs. Player","4217",,"2048","0"
"snapshot_non_legion_category","True","424","Why? Because It's Red","Obtain a Red Qiraji Resonating Crystal.","15269","Mounts","3753",,"133120","0"
"snapshot_non_legion_category","True","425","Atiesh, Greatstaff of the Guardian","Wielder of Atiesh, Greatstaff of the Guardian.","15271","Raids","3394",,"2048","0"
"snapshot_non_legion_category","True","426","Warglaives of Azzinoth","Wielder of a set of Warglaives of Azzinoth.","15271","Raids","1875",,"2048","0"
"snapshot_non_legion_category","True","428","Thunderfury, Blessed Blade of the Windseeker","Wielder of Thunderfury, Blessed Blade of the Windseeker.","15271","Raids","3756",,"2048","0"
"snapshot_non_legion_category","True","429","Sulfuras, Hand of Ragnaros","Wielder of Sulfuras, Hand of Ragnaros.","15271","Raids","522",,"2048","0"
"snapshot_non_legion_category","True","430","Amani War Bear","Owner of Amani War Bear.","15269","Mounts","3254",,"133120","0"
"snapshot_non_legion_category","True","431","Hand of A'dal","Earned the title, ""Hand of A'dal"".","15278","Raids","2243",,"2048","0"
"snapshot_non_legion_category","True","432","Champion of the Naaru","Earned the title, ""Champion of the Naaru"".","15278","Raids","6551",,"2048","0"
"snapshot_non_legion_category","True","433","Grand Marshal","Earned the title, ""Grand Marshal"" at level 60.","15279","Player vs. Player","80",,"2048","0"
"snapshot_non_legion_category","True","434","Field Marshal","Earned the title, ""Field Marshal"" at level 60.","15279","Player vs. Player","5517",,"2048","0"
"snapshot_non_legion_category","True","435","Commander","Earned the title, ""Commander"" at level 60.","15279","Player vs. Player","3142",,"2048","0"
"snapshot_non_legion_category","True","436","Lieutenant Commander","Earned the title, ""Lieutenant Commander"" at level 60.","15279","Player vs. Player","83",,"2048","0"
"snapshot_non_legion_category","True","437","Knight-Champion","Earned the title, ""Knight-Champion"" at level 60.","15279","Player vs. Player","6353",,"2048","0"
"snapshot_non_legion_category","True","438","Knight-Captain","Earned the title, ""Knight-Captain"" at level 60.","15279","Player vs. Player","2477",,"2048","0"
"snapshot_non_legion_category","True","439","Knight","Earned the title, ""Knight"" at level 60.","15279","Player vs. Player","86",,"2048","0"
"snapshot_non_legion_category","True","440","Sergeant Major","Earned the title, ""Sergeant Major"" at level 60.","15279","Player vs. Player","2226",,"2048","0"
"snapshot_non_legion_category","True","441","Master Sergeant","Earned the title, ""Master Sergeant"" at level 60.","15279","Player vs. Player","3699",,"2048","0"
"snapshot_non_legion_category","True","442","Private","Earned the title, ""Private"" at level 60.","15279","Player vs. Player","6659",,"2048","0"
"snapshot_non_legion_category","True","443","High Warlord","Earned the title, ""High Warlord"" at level 60.","15279","Player vs. Player","2229",,"2048","0"
"snapshot_non_legion_category","True","444","Lieutenant General","Earned the title, ""Lieutenant General"" at level 60.","15279","Player vs. Player","5649",,"2048","0"
"snapshot_non_legion_category","True","445","Warlord","Earned the title, ""Warlord"" at level 60.","15279","Player vs. Player","279",,"2048","0"
"snapshot_non_legion_category","True","446","General","Earned the title, ""General"" at level 60.","15279","Player vs. Player","282",,"2048","0"
"snapshot_non_legion_category","True","447","Champion","Earned the title, ""Champion"" at level 60.","15279","Player vs. Player","6350",,"2048","0"
"snapshot_non_legion_category","True","448","Centurion","Earned the title, ""Centurion"" at level 60.","15279","Player vs. Player","2232",,"2048","0"
"snapshot_non_legion_category","True","449","Blood Guard","Earned the title, ""Blood Guard"" at level 60.","15279","Player vs. Player","7413",,"2048","0"
"snapshot_non_legion_category","True","450","Senior Sergeant","Earned the title, ""Senior Sergeant"" at level 60.","15279","Player vs. Player","4630",,"2048","0"
"snapshot_non_legion_category","True","451","Stone Guard","Earned the title, ""Stone Guard"" at level 60.","15279","Player vs. Player","3108",,"2048","0"
"snapshot_non_legion_category","True","452","First Sergeant","Earned the title, ""First Sergeant"" at level 60.","15279","Player vs. Player","1449",,"2048","0"
"snapshot_non_legion_category","True","453","Sergeant","Earned the title, ""Sergeant"" at level 60.","15279","Player vs. Player","6966",,"2048","0"
"snapshot_non_legion_category","True","454","Scout","Earned the title, ""Scout"" at level 60.","15279","Player vs. Player","3659",,"2048","0"
"snapshot_non_legion_category","True","456","Realm First! Obsidian Slayer","Participated in the realm first defeat of Sartharion the Onyx Guardian in 25-player mode.","81","Feats of Strength","10281",,"768","0"
"snapshot_non_legion_category","True","457","Realm First! Level 80","First person on the realm to achieve level 80.","81","Feats of Strength","1872",,"256","0"
"snapshot_non_legion_category","True","458","Realm First! Level 80 Rogue","First rogue on the realm to achieve level 80.","81","Feats of Strength","2694",,"256","0"
"snapshot_non_legion_category","True","459","Realm First! Level 80 Warrior","First warrior on the realm to achieve level 80.","81","Feats of Strength","3352",,"256","0"
"snapshot_non_legion_category","True","460","Realm First! Level 80 Mage","First mage on the realm to achieve level 80.","81","Feats of Strength","5109",,"256","0"
"snapshot_non_legion_category","True","461","Realm First! Level 80 Death Knight","First death knight on the realm to achieve level 80.","81","Feats of Strength","2169",,"256","0"
"snapshot_non_legion_category","True","462","Realm First! Level 80 Hunter","First hunter on the realm to achieve level 80.","81","Feats of Strength","3702",,"256","0"
"snapshot_non_legion_category","True","463","Realm First! Level 80 Warlock","First warlock on the realm to achieve level 80.","81","Feats of Strength","2697",,"256","0"
"snapshot_non_legion_category","True","464","Realm First! Level 80 Priest","First priest on the realm to achieve level 80.","81","Feats of Strength","1219",,"256","0"
"snapshot_non_legion_category","True","465","Realm First! Level 80 Paladin","First paladin on the realm to achieve level 80.","81","Feats of Strength","1760",,"256","0"
"snapshot_non_legion_category","True","466","Realm First! Level 80 Druid","First druid on the realm to achieve level 80.","81","Feats of Strength","1754",,"256","0"
"snapshot_non_legion_category","True","467","Realm First! Level 80 Shaman","First shaman on the realm to achieve level 80.","81","Feats of Strength","1769",,"256","0"
"snapshot_non_legion_category","True","468","Grunt","Earned the title, ""Grunt"" at level 60.","15279","Player vs. Player","1772",,"2048","0"
"snapshot_non_legion_category","True","469","Legionnaire","Earned the title, ""Legionnaire"" at level 60.","15279","Player vs. Player","439",,"2048","0"
"snapshot_non_legion_category","True","470","Corporal","Earned the title, ""Corporal"" at level 60.","15279","Player vs. Player","1775",,"2048","0"
"snapshot_non_legion_category","True","471","Sergeant","Earned the title, ""Sergeant"" at level 60.","15279","Player vs. Player","1667",,"2048","0"
"snapshot_non_legion_category","True","472","Knight-Lieutenant","Earned the title, ""Knight-Lieutenant"" at level 60.","15279","Player vs. Player","3561",,"2048","0"
"snapshot_non_legion_category","True","473","Marshal","Earned the title, ""Marshal"" at level 60.","15279","Player vs. Player","1008",,"2048","0"
"snapshot_non_legion_category","True","477","Utgarde Keep","Defeat the bosses in Utgarde Keep.","14806","Lich King Dungeon","4309",,"0","10"
"snapshot_non_legion_category","True","478","The Nexus","Defeat the bosses in The Nexus.","14806","Lich King Dungeon","1729",,"0","10"
"snapshot_non_legion_category","True","479","The Culling of Stratholme","Defeat the bosses in Caverns of Time: Stratholme.","14806","Lich King Dungeon","1704",,"0","10"
"snapshot_non_legion_category","True","480","Azjol-Nerub","Defeat the bosses in Azjol-Nerub.","14806","Lich King Dungeon","2172",,"0","10"
"snapshot_non_legion_category","True","481","Ahn'kahet: The Old Kingdom","Defeat the bosses in Ahn'kahet: The Old Kingdom.","14806","Lich King Dungeon","6281",,"0","10"
"snapshot_non_legion_category","True","482","Drak'Tharon Keep","Defeat the bosses in Drak'Tharon Keep.","14806","Lich King Dungeon","1748",,"0","10"
"snapshot_non_legion_category","True","483","The Violet Hold","Defeat Cyanigosa in The Violet Hold.","14806","Lich King Dungeon","1710",,"0","10"
"snapshot_non_legion_category","True","484","Gundrak","Defeat the bosses in Gundrak.","14806","Lich King Dungeon","1839",,"0","10"
"snapshot_non_legion_category","True","485","Halls of Stone","Defeat the boss encounters in Halls of Stone.","14806","Lich King Dungeon","901",,"0","10"
"snapshot_non_legion_category","True","486","Halls of Lightning","Defeat the bosses in Halls of Lightning.","14806","Lich King Dungeon","1011",,"0","10"
"snapshot_non_legion_category","True","487","The Oculus","Defeat the bosses in The Oculus.","14806","Lich King Dungeon","2177",,"0","10"
"snapshot_non_legion_category","True","488","Utgarde Pinnacle","Defeat the bosses in Utgarde Pinnacle.","14806","Lich King Dungeon","3760",,"0","10"
"snapshot_non_legion_category","True","489","Heroic: Utgarde Keep","Defeat the Utgarde Keep bosses on Heroic Difficulty.","14806","Lich King Dungeon","2774",,"0","10"
"snapshot_non_legion_category","True","490","Heroic: The Nexus","Defeat The Nexus bosses on Heroic Difficulty.","14806","Lich King Dungeon","7611",,"0","10"
"snapshot_non_legion_category","True","491","Heroic: Azjol-Nerub","Defeat the Azjol-Nerub bosses on Heroic Difficulty.","14806","Lich King Dungeon","896",,"0","10"
"snapshot_non_legion_category","True","492","Heroic: Ahn'kahet: The Old Kingdom","Defeat the Ahn'kahet: The Old Kingdom bosses on Heroic Difficulty.","14806","Lich King Dungeon","8999",,"0","10"
"snapshot_non_legion_category","True","493","Heroic: Drak'Tharon Keep","Defeat the Drak'Tharon Keep bosses on Heroic Difficulty.","14806","Lich King Dungeon","8381",,"0","10"
"snapshot_non_legion_category","True","494","Heroic: The Violet Hold","Defeat Cyanigosa in The Violet Hold on Heroic Difficulty.","14806","Lich King Dungeon","120",,"0","10"
"snapshot_non_legion_category","True","495","Heroic: Gundrak","Defeat the Gundrak bosses on Heroic Difficulty.","14806","Lich King Dungeon","14228",,"0","10"
"snapshot_non_legion_category","True","496","Heroic: Halls of Stone","Defeat the boss encounters in the Halls of Stone on Heroic Difficulty.","14806","Lich King Dungeon","3136",,"0","10"
"snapshot_non_legion_category","True","497","Heroic: Halls of Lightning","Defeat the Halls of Lightning bosses on Heroic Difficulty.","14806","Lich King Dungeon","2780",,"0","10"
"snapshot_non_legion_category","True","498","Heroic: The Oculus","Defeat The Oculus bosses on Heroic Difficulty.","14806","Lich King Dungeon","2786",,"0","10"
"snapshot_non_legion_category","True","499","Heroic: Utgarde Pinnacle","Defeat the Utgarde Pinnacle bosses on Heroic Difficulty.","14806","Lich King Dungeon","2183",,"0","10"
"snapshot_non_legion_category","True","500","Heroic: The Culling of Stratholme","Defeat the Caverns of Time: Stratholme bosses on Heroic Difficulty.","14806","Lich King Dungeon","5741",,"0","10"
"snapshot_non_legion_category","True","503","50 Quests Completed","Complete 50 quests.","96","Quests","4808",,"0","10"
"snapshot_non_legion_category","True","504","100 Quests Completed","Complete 100 quests.","96","Quests","1845",,"0","10"
"snapshot_non_legion_category","True","505","250 Quests Completed","Complete 250 quests.","96","Quests","4633",,"0","10"
"snapshot_non_legion_category","True","506","500 Quests Completed","Complete 500 quests.","96","Quests","7344",,"0","10"
"snapshot_non_legion_category","True","507","1000 Quests Completed","Complete 1000 quests.","96","Quests","1017",,"0","10"
"snapshot_non_legion_category","True","508","1500 Quests Completed","Complete 1500 quests.","96","Quests","1848",,"0","10"
"snapshot_non_legion_category","True","509","10000 Honorable Kills","Get 10000 honorable kills.","95","Player vs. Player","549",,"4096","10"
"snapshot_non_legion_category","True","512","5000 Honorable Kills","Get 5000 honorable kills.","95","Player vs. Player","5781",,"0","10"
"snapshot_non_legion_category","True","513","100 Honorable Kills","Get 100 honorable kills.","95","Player vs. Player","2547",,"0","10"
"snapshot_non_legion_category","True","515","500 Honorable Kills","Get 500 honorable kills.","95","Player vs. Player","1851",,"0","10"
"snapshot_non_legion_category","True","516","1000 Honorable Kills","Get 1000 honorable kills.","95","Player vs. Player","3652",,"0","10"
"snapshot_non_legion_category","True","518","30 Exalted Reputations","Raise 30 reputations to Exalted.","201","Reputation","4315",,"0","10"
"snapshot_non_legion_category","True","519","25 Exalted Reputations","Raise 25 reputations to Exalted.","201","Reputation","7350",,"0","10"
"snapshot_non_legion_category","True","520","20 Exalted Reputations","Raise 20 reputations to Exalted.","201","Reputation","1854",,"0","10"
"snapshot_non_legion_category","True","521","15 Exalted Reputations","Raise 15 reputations to Exalted.","201","Reputation","3361",,"0","10"
"snapshot_non_legion_category","True","522","Somebody Likes Me","Raise a reputation to Exalted.","201","Reputation","3364",,"0","10"
"snapshot_non_legion_category","True","523","5 Exalted Reputations","Raise 5 reputations to Exalted.","201","Reputation","4082",,"0","10"
"snapshot_non_legion_category","True","524","10 Exalted Reputations","Raise 10 reputations to Exalted.","201","Reputation","3367",,"0","10"
"removed_after_legion","False","527","Largest hit received","Largest hit received","141","Combat","7087",,"1","0"
"removed_after_legion","False","528","Total damage received","Total damage received","141","Combat","7090",,"1","0"
"removed_after_legion","False","529","Most factions at Honored or higher","Most factions at Honored or higher","147","Reputation","3406",,"1","0"
"snapshot_non_legion_category","True","545","Shave and a Haircut","Visit a Barber Shop and get your hair cut.","92","General","461",,"0","10"
"snapshot_non_legion_category","True","546","Safe Deposit","Buy 7 additional bank slots.","92","General","4070",,"0","10"
"snapshot_non_legion_category","True","547","Veteran of the Wrathgate","Complete the Dragonblight quests leading up to and including the Return to Angrathar.","14863","Northrend","8043",,"0","10"
"snapshot_non_legion_category","True","556","Epic","Equip an epic item in every slot with a minimum item level of 213.","92","General","6475",,"0","10"
"snapshot_non_legion_category","True","557","Superior","Equip a superior item in every slot with a minimum item level of 187.","92","General","5832",,"0","10"
"snapshot_non_legion_category","True","558","Greedy","Win a greed roll on a superior or better item above level 185 by rolling 100.","92","General","204",,"0","10"
"snapshot_non_legion_category","True","559","Needy","Win a need roll on a superior or better item above level 185 by rolling 100.","92","General","270",,"0","10"
"snapshot_non_legion_category","True","560","Deadliest Catch","Fish up Gahz'ranka in Zul'Gurub using the Mudskunk Lure.","15278","Raids","8133",,"2048","0"
"snapshot_non_legion_category","True","561","D.E.H.T.A's Little P.I.T.A.","Uphold D.E.H.T.A's beliefs by completing all of the quests up to and including the Assassination of Harold Lane.","14863","Northrend","6469",,"0","10"
"snapshot_non_legion_category","True","562","The Arachnid Quarter (10 player)","Defeat the bosses of The Arachnid Quarter of Naxxramas in 10-player mode.","14922","Lich King Raid","1082",,"0","10"
"snapshot_non_legion_category","True","563","The Arachnid Quarter (25 player)","Defeat the bosses of The Arachnid Quarter of Naxxramas in 25-player mode.","14922","Lich King Raid","1430",,"0","10"
"snapshot_non_legion_category","True","564","The Construct Quarter (10 player)","Defeat the bosses of The Construct Quarter of Naxxramas in 10-player mode.","14922","Lich King Raid","5750",,"0","10"
"snapshot_non_legion_category","True","565","The Construct Quarter (25 player)","Defeat the bosses of The Construct Quarter of Naxxramas in 25-player mode.","14922","Lich King Raid","3083",,"0","10"
"snapshot_non_legion_category","True","566","The Plague Quarter (10 player)","Defeat the bosses of The Plague Quarter of Naxxramas in 10-player mode.","14922","Lich King Raid","8192",,"0","10"
"snapshot_non_legion_category","True","567","The Plague Quarter (25 player)","Defeat the bosses of The Plague Quarter of Naxxramas in 25-player mode.","14922","Lich King Raid","3370",,"0","10"
"snapshot_non_legion_category","True","568","The Military Quarter (10 player)","Defeat the bosses of The Military Quarter of Naxxramas in 10 player mode.","14922","Lich King Raid","3204",,"0","10"
"snapshot_non_legion_category","True","569","The Military Quarter (25 player)","Defeat the bosses of The Military Quarter of Naxxramas in 25-player mode.","14922","Lich King Raid","5806",,"0","10"
"snapshot_non_legion_category","True","572","Sapphiron's Demise (10 player)","Defeat Sapphiron in Naxxramas in 10-player mode.","14922","Lich King Raid","5858",,"0","10"
"snapshot_non_legion_category","True","573","Sapphiron's Demise (25 player)","Defeat Sapphiron in Naxxramas in 25-player mode.","14922","Lich King Raid","951",,"0","10"
"snapshot_non_legion_category","True","574","Kel'Thuzad's Defeat (10 player)","Defeat Kel'Thuzad in Naxxramas in 10-player mode.","14922","Lich King Raid","3877",,"0","10"
"snapshot_non_legion_category","True","575","Kel'Thuzad's Defeat (25 player)","Defeat Kel'Thuzad in Naxxramas in 25-player mode.","14922","Lich King Raid","954",,"0","10"
"snapshot_non_legion_category","True","576","The Fall of Naxxramas (10 player)","Defeat every boss in Naxxramas in 10-player mode.","14922","Lich King Raid","14873",,"0","25"
"snapshot_non_legion_category","True","577","The Fall of Naxxramas (25 player)","Defeat every boss in Naxxramas in 25-player mode.","14922","Lich King Raid","8744",,"0","50"
"snapshot_non_legion_category","True","578","The Dedicated Few (10 player)","Defeat the bosses of Naxxramas with less than 9 people in the zone in 10-player mode.","14922","Lich King Raid","4487",,"0","25"
"snapshot_non_legion_category","True","579","The Dedicated Few (25 player)","Defeat the bosses of Naxxramas with less than 21 people in the zone in 25-player mode.","14922","Lich King Raid","4503",,"0","50"
"snapshot_non_legion_category","True","582","Alterac Valley All-Star","In a single Alterac Valley battle, assault a graveyard, defend a graveyard, assault a tower, defend a tower and slay someone in the Field of Strife.","14801","Alterac Valley","5560",,"0","20"
"snapshot_non_legion_category","True","583","Arathi Basin All-Star","Assault and Defend 2 bases in a single Arathi Basin match.","14802","Arathi Basin","7604",,"0","20"
"snapshot_non_legion_category","True","584","Arathi Basin Assassin","Get five honorable kills at each of the bases in a single Arathi Basin battle.","14802","Arathi Basin","4847",,"0","20"
"snapshot_non_legion_category","True","585","Eye of the Storm flags captured","Eye of the Storm flags captured","153","Battlegrounds","1278",,"1","0"
"snapshot_non_legion_category","True","586","Warsong Gulch flags returned","Warsong Gulch flags returned","153","Battlegrounds","5224",,"1","0"
"snapshot_non_legion_category","True","587","Stormy Assassin","In a single Eye of the Storm battle, get 5 honorable kills at each of the bases.","14803","Eye of the Storm","4060",,"0","10"
"snapshot_non_legion_category","True","588","Total Honorable Kills","Total Honorable Kills","136","Honorable Kills","1123",,"1","0"
"snapshot_non_legion_category","True","589","Highest 5 man team rating","Highest 5 man team rating","152","Rated Arenas","5227",,"524289","0"
"snapshot_non_legion_category","True","590","Highest 3 man team rating","Highest 3 man team rating","152","Rated Arenas","1857",,"524289","0"
"removed_after_legion","False","593","Deaths from Vanndar Stormpike","Deaths from Vanndar Stormpike","124","Battlegrounds","852",,"1","0"
"removed_after_legion","False","594","Deaths from Hogger","Deaths from Hogger","126","World","2480",,"1","0"
"snapshot_non_legion_category","True","595","Highest 3 man personal rating","Highest 3 man personal rating","152","Rated Arenas","5492",,"1","0"
"snapshot_non_legion_category","True","596","Highest 5 man personal rating","Highest 5 man personal rating","152","Rated Arenas","2156",,"1","0"
"snapshot_non_legion_category","True","603","Wrath of the Horde","Kill 5 Alliance players in each of the cities listed below.","95","Player vs. Player","5203",,"0","10"
"snapshot_non_legion_category","True","604","Wrath of the Alliance","Kill 5 Horde players in each of the cities listed below.","95","Player vs. Player","5209",,"0","10"
"snapshot_non_legion_category","True","605","A Coin of Ancestry","Receive a Coin of Ancestry.","160","Lunar Festival","1307",,"0","10"
"snapshot_non_legion_category","True","606","5 Coins of Ancestry","Receive 5 Coins of Ancestry.","160","Lunar Festival","192",,"0","10"
"snapshot_non_legion_category","True","607","10 Coins of Ancestry","Receive 10 Coins of Ancestry.","160","Lunar Festival","5495",,"0","10"
"snapshot_non_legion_category","True","608","25 Coins of Ancestry","Receive 25 Coins of Ancestry.","160","Lunar Festival","1818",,"0","10"
"snapshot_non_legion_category","True","609","50 Coins of Ancestry","Receive 50 Coins of Ancestry.","160","Lunar Festival","948",,"0","10"
"snapshot_non_legion_category","True","610","Orgrimmar Offensive","Damage High Overlord Saurfang until he humors you by pretending to die.","95","Player vs. Player","18950",,"0","10"
"snapshot_non_legion_category","True","611","Bleeding Bloodhoof","Kill Baine Bloodhoof.","95","Player vs. Player","5498",,"0","10"
"snapshot_non_legion_category","True","612","Downing the Dark Lady","Kill Lady Sylvanas Windrunner.","95","Player vs. Player","5501",,"0","10"
"snapshot_non_legion_category","True","613","Killed in Quel'Thalas","Kill Lor'themar Theron.","95","Player vs. Player","428",,"0","10"
"snapshot_non_legion_category","True","614","For the Alliance!","Slay the leaders of the Horde.","95","Player vs. Player","5769",,"131072","20"
"snapshot_non_legion_category","True","615","Storming Stormwind","Kill King Anduin Wrynn.","95","Player vs. Player","4369",,"0","10"
"snapshot_non_legion_category","True","616","Overthrow the Council","Kill Representatives Moira Thaurissan, Muradin Bronzebeard and Falstad Wildhammer.","95","Player vs. Player","1095",,"0","10"
"snapshot_non_legion_category","True","617","Immortal No More","Kill High Priestess Tyrande Whisperwind.","95","Player vs. Player","3209",,"0","10"
"snapshot_non_legion_category","True","618","Putting Out the Light","Kill Prophet Velen.","95","Player vs. Player","4909",,"0","10"
"snapshot_non_legion_category","True","619","For the Horde!","Slay the leaders of the Alliance.","95","Player vs. Player","2961",,"131072","20"
"snapshot_non_legion_category","True","621","Represent","Collect a tabard slot appearance.","15246","Collections","60642",,"131072","10"
"snapshot_non_legion_category","True","622","The Spellweaver's Downfall (10 player)","Defeat Malygos in 10-player mode.","14922","Lich King Raid","7617",,"0","10"
"snapshot_non_legion_category","True","623","The Spellweaver's Downfall (25 player)","Defeat Malygos in 25-player mode.","14922","Lich King Raid","1581",,"0","25"
"snapshot_non_legion_category","True","624","Less Is More (10 player)","Defeat Sartharion the Onyx Guardian and the Twilight Drakes with fewer than 9 players in 10-player mode.","14922","Lich King Raid","2265",,"0","10"
"snapshot_non_legion_category","True","625","Besting the Black Dragonflight (25 player)","Defeat Sartharion the Onyx Guardian in 25-player mode.","14922","Lich King Raid","2271",,"0","25"
"snapshot_non_legion_category","True","626","Lunar Festival Finery","Purchase a festive pant suit or festive dress with Coins of Ancestry.","160","Lunar Festival","4901",,"0","10"
"snapshot_non_legion_category","True","627","Explore Dun Morogh","Explore Dun Morogh, revealing the covered areas of the world map.","14777","Eastern Kingdoms","5681",,"0","10"
"snapshot_non_legion_category","True","628","Deadmines","Defeat ""Captain"" Cookie.","14808","Classic","3809",,"0","10"
"snapshot_non_legion_category","True","629","Ragefire Chasm","Defeat Lava Guard Gordoth.","14808","Classic","4327",,"0","10"
"snapshot_non_legion_category","True","630","Wailing Caverns","Defeat Mutanus the Devourer.","14808","Classic","7357",,"0","10"
"snapshot_non_legion_category","True","631","Shadowfang Keep","Defeat Lord Godfrey.","14808","Classic","3382",,"0","10"
"snapshot_non_legion_category","True","632","Blackfathom Deeps","Defeat Aku'mai.","14808","Classic","4230",,"0","10"
"snapshot_non_legion_category","True","633","Stormwind Stockade","Defeat Hogger.","14808","Classic","3385",,"0","10"
"snapshot_non_legion_category","True","634","Gnomeregan","Defeat Mekgineer Thermaplugg.","14808","Classic","3812",,"0","10"
"snapshot_non_legion_category","True","635","Razorfen Kraul","Defeat Charlga Razorflank.","14808","Classic","811",,"0","10"
"snapshot_non_legion_category","True","636","Razorfen Downs","Defeat Amnennar the Coldbringer.","14808","Classic","817",,"0","10"
"snapshot_non_legion_category","True","637","Scarlet Monastery","Defeat High Inquisitor Whitemane in Scarlet Monastery.","14808","Classic","3990",,"0","10"
"snapshot_non_legion_category","True","638","Uldaman","Defeat Archaedas.","14808","Classic","822",,"0","10"
"snapshot_non_legion_category","True","639","Zul'Farrak","Defeat Chief Ukorz Sandscalp.","14808","Classic","828",,"0","10"
"snapshot_non_legion_category","True","640","Maraudon","Defeat Princess Theradras.","14808","Classic","831",,"0","10"
"snapshot_non_legion_category","True","641","Sunken Temple","Defeat Shade of Eranikus.","14808","Classic","8188",,"0","10"
"snapshot_non_legion_category","True","642","Blackrock Depths","Defeat Emperor Dagran Thaurissan.","14808","Classic","248",,"0","10"
"snapshot_non_legion_category","True","643","Lower Blackrock Spire","Defeat Overlord Wyrmthalak.","14808","Classic","7684",,"0","10"
"snapshot_non_legion_category","True","644","King of Dire Maul","Defeat each wing of Dire Maul.","14808","Classic","4978",,"0","10"
"snapshot_non_legion_category","True","645","Scholomance","Defeat Darkmaster Gandling.","14808","Classic","253",,"0","10"
"snapshot_non_legion_category","True","646","Stratholme","Defeat the evil masterminds inhabiting Stratholme.","14808","Classic","257",,"0","10"
"snapshot_non_legion_category","True","647","Hellfire Ramparts","Defeat Omor the Unscarred.","14805","The Burning Crusade","957",,"0","10"
"snapshot_non_legion_category","True","648","The Blood Furnace","Defeat Keli'dan the Breaker.","14805","The Burning Crusade","962",,"0","10"
"snapshot_non_legion_category","True","649","The Slave Pens","Defeat Quagmirran.","14805","The Burning Crusade","1222",,"0","10"
"snapshot_non_legion_category","True","650","Underbog","Defeat The Black Stalker.","14805","The Burning Crusade","5290",,"0","10"
"snapshot_non_legion_category","True","651","Mana-Tombs","Defeat Nexus-Prince Shaffar.","14805","The Burning Crusade","2494",,"0","10"
"snapshot_non_legion_category","True","652","The Escape From Durnholde","Defeat Epoch Hunter.","14805","The Burning Crusade","1225",,"0","10"
"snapshot_non_legion_category","True","653","Sethekk Halls","Defeat Talon King Ikiss.","14805","The Burning Crusade","1229",,"0","10"
"snapshot_non_legion_category","True","654","Shadow Labyrinth","Defeat Murmur.","14805","The Burning Crusade","2498",,"0","10"
"snapshot_non_legion_category","True","655","Opening of the Dark Portal","Defeat Aeonus.","14805","The Burning Crusade","1233",,"0","10"
"snapshot_non_legion_category","True","656","The Steamvault","Defeat Warlord Kalithresh.","14805","The Burning Crusade","1148",,"0","10"
"snapshot_non_legion_category","True","657","The Shattered Halls","Defeat Warchief Kargath Bladefist.","14805","The Burning Crusade","2686",,"0","10"
"snapshot_non_legion_category","True","658","The Mechanar","Defeat Pathaleon the Calculator.","14805","The Burning Crusade","1238",,"0","10"
"snapshot_non_legion_category","True","659","The Botanica","Defeat Warp Splinter.","14805","The Burning Crusade","3592",,"0","10"
"snapshot_non_legion_category","True","660","The Arcatraz","Defeat Harbinger Skyriss.","14805","The Burning Crusade","4322",,"0","10"
"snapshot_non_legion_category","True","661","Magister's Terrace","Defeat Kael'thas Sunstrider.","14805","The Burning Crusade","4318",,"0","10"
"snapshot_non_legion_category","True","662","Collector's Edition: Mini-Diablo","Owner of the World of Warcraft Collector's Edition Mini-Diablo pet.","15268","Promotions","2247",,"133120","0"
"snapshot_non_legion_category","True","663","Collector's Edition: Panda","Owner of the World of Warcraft Collector's Edition Panda pet.","15268","Promotions","5799",,"133120","0"
"snapshot_non_legion_category","True","664","Collector's Edition: Zergling","Owner of the World of Warcraft Collector's Edition Zergling pet.","15268","Promotions","20087",,"133120","0"
"snapshot_non_legion_category","True","665","Collector's Edition: Netherwhelp","Owner of the The Burning Crusade's Collector's Edition Netherwhelp pet.","15268","Promotions","3740",,"133120","0"
"snapshot_non_legion_category","True","666","Auchenai Crypts","Defeat Exarch Maladaar.","14805","The Burning Crusade","1035",,"0","10"
"snapshot_non_legion_category","True","667","Heroic: Hellfire Ramparts","Defeat the leaders of Hellfire Ramparts on Heroic Difficulty.","14805","The Burning Crusade","8029",,"0","10"
"snapshot_non_legion_category","True","668","Heroic: The Blood Furnace","Defeat Keli'dan the Breaker on Heroic Difficulty.","14805","The Burning Crusade","529",,"0","10"
"snapshot_non_legion_category","True","669","Heroic: The Slave Pens","Defeat Quagmirran on Heroic Difficulty.","14805","The Burning Crusade","1040",,"0","10"
"snapshot_non_legion_category","True","670","Heroic: Underbog","Defeat The Black Stalker on Heroic Difficulty.","14805","The Burning Crusade","2370",,"0","10"
"snapshot_non_legion_category","True","671","Heroic: Mana-Tombs","Defeat Nexus-Prince Shaffar on Heroic Difficulty.","14805","The Burning Crusade","4438",,"0","10"
"snapshot_non_legion_category","True","672","Heroic: Auchenai Crypts","Defeat Exarch Maladaar on Heroic Difficulty.","14805","The Burning Crusade","2738",,"0","10"
"snapshot_non_legion_category","True","673","Heroic: The Escape From Durnholde","Defeat Epoch Hunter on Heroic Difficulty.","14805","The Burning Crusade","5803",,"0","10"
"snapshot_non_legion_category","True","674","Heroic: Sethekk Halls","Defeat Talon King Ikiss on Heroic Difficulty.","14805","The Burning Crusade","4975",,"0","10"
"snapshot_non_legion_category","True","675","Heroic: Shadow Labyrinth","Defeat Murmur on Heroic Difficulty.","14805","The Burning Crusade","6195",,"0","10"
"snapshot_non_legion_category","True","676","Heroic: Opening of the Dark Portal","Defeat Aeonus on Heroic Difficulty.","14805","The Burning Crusade","6166",,"0","10"
"snapshot_non_legion_category","True","677","Heroic: The Steamvault","Defeat Warlord Kalithresh on Heroic Difficulty.","14805","The Burning Crusade","2373",,"0","10"
"snapshot_non_legion_category","True","678","Heroic: The Shattered Halls","Defeat Warchief Kargath Bladefist on Heroic Difficulty.","14805","The Burning Crusade","936",,"0","10"
"snapshot_non_legion_category","True","679","Heroic: The Mechanar","Defeat Pathaleon the Calculator on Heroic Difficulty.","14805","The Burning Crusade","425",,"0","10"
"snapshot_non_legion_category","True","680","Heroic: The Botanica","Defeat Warp Splinter on Heroic Difficulty.","14805","The Burning Crusade","6207",,"0","10"
"snapshot_non_legion_category","True","681","Heroic: The Arcatraz","Defeat Harbinger Skyriss on Heroic Difficulty.","14805","The Burning Crusade","2235",,"0","10"
"snapshot_non_legion_category","True","682","Heroic: Magister's Terrace","Defeat Kael'thas Sunstrider on Heroic Difficulty.","14805","The Burning Crusade","3432",,"0","10"
"snapshot_non_legion_category","True","683","Collector's Edition: Frost Wyrm Whelp","Owner of the Wrath of the Lich King's Collector's Edition Frost Wyrm Whelp pet.","15268","Promotions","1020",,"133120","0"
"snapshot_non_legion_category","True","684","Onyxia's Lair (Level 60)","Defeat the classic, level 60 version of Onyxia.","15278","Raids","648",,"2048","0"
"snapshot_non_legion_category","True","685","Blackwing Lair","Defeat Nefarian.","14808","Classic","552",,"0","10"
"snapshot_non_legion_category","True","686","Molten Core","Defeat Ragnaros.","14808","Classic","579",,"0","10"
"snapshot_non_legion_category","True","687","Temple of Ahn'Qiraj","Defeat C'Thun.","14808","Classic","1521",,"0","10"
"snapshot_non_legion_category","True","688","Zul'Gurub","Defeat Hakkar.","15278","Raids","1559",,"2048","0"
"snapshot_non_legion_category","True","689","Ruins of Ahn'Qiraj","Defeat Ossirian the Unscarred.","14808","Classic","1725",,"0","10"
"snapshot_non_legion_category","True","690","Karazhan","Defeat Prince Malchezaar in Karazhan.","14805","The Burning Crusade","2555",,"0","10"
"snapshot_non_legion_category","True","691","Zul'Aman","Defeat Zul'jin in the Zul'Aman raid.","15278","Raids","2559",,"2048","0"
"snapshot_non_legion_category","True","692","Gruul's Lair","Defeat Gruul the Dragonkiller in Gruul's Lair.","14805","The Burning Crusade","3705",,"0","10"
"snapshot_non_legion_category","True","693","Magtheridon's Lair","Defeat Magtheridon in Magtheridon's Lair.","14805","The Burning Crusade","2561",,"0","10"
"snapshot_non_legion_category","True","694","Serpentshrine Cavern","Defeat Lady Vashj in Serpentshrine Cavern.","14805","The Burning Crusade","2703",,"0","10"
"snapshot_non_legion_category","True","695","The Battle for Mount Hyjal","Defeat Archimonde in The Battle for Mount Hyjal.","14805","The Burning Crusade","1489",,"0","10"
"snapshot_non_legion_category","True","696","Tempest Keep","Defeat Kael'thas Sunstrider in Tempest Keep.","14805","The Burning Crusade","2598",,"0","10"
"snapshot_non_legion_category","True","697","The Black Temple","Defeat Illidan Stormrage in The Black Temple.","14805","The Burning Crusade","2632",,"0","10"
"snapshot_non_legion_category","True","698","Sunwell Plateau","Defeat Kil'jaeden in Sunwell Plateau.","14805","The Burning Crusade","152",,"0","10"
"snapshot_non_legion_category","True","699","World Wide Winner","Win a ranked arena match in Blade's Edge, Nagrand, Dalaran Sewers, the Ruins of Lordaeron, Tol'Viron Arena and the Tiger's Peak.","165","Arena","8197",,"0","10"
"snapshot_non_legion_category","True","700","Freedom of the Horde","Obtain an Insignia or Medallion of the Horde.","15279","Player vs. Player","3435",,"2048","0"
"snapshot_non_legion_category","True","701","Freedom of the Alliance","Obtain an Insignia or Medallion of the Alliance.","15279","Player vs. Player","6492",,"2048","0"
"snapshot_non_legion_category","True","705","Master of Arms","Raise four weapon skills to 400.","15234","Legacy","6555",,"2048","0"
"snapshot_non_legion_category","True","706","Frostwolf Howler","Obtain a Frostwolf Howler.","14801","Alterac Valley","1486",,"131072","10"
"snapshot_non_legion_category","True","707","Stormpike Battle Charger","Obtain a Stormpike Battle Charger.","14801","Alterac Valley","6192",,"131072","10"
"snapshot_non_legion_category","True","708","Hero of the Frostwolf Clan","Gain exalted reputation with the Frostwolf Clan.","14801","Alterac Valley","4972",,"0","10"
"snapshot_non_legion_category","True","709","Hero of the Stormpike Guard","Gain exalted reputation with the Stormpike Guard.","14801","Alterac Valley","5698",,"0","10"
"snapshot_non_legion_category","True","710","The Defiler","Gain exalted reputation with The Forsaken Defilers.","14802","Arathi Basin","1713",,"0","10"
"snapshot_non_legion_category","True","711","Knight of Arathor","Gain exalted reputation with The League of Arathor.","14802","Arathi Basin","1584",,"0","10"
"snapshot_non_legion_category","True","712","Warsong Outrider","Gain exalted reputation with the Warsong Outriders.","14804","Warsong Gulch","526",,"0","10"
"snapshot_non_legion_category","True","713","Silverwing Sentinel","Gain exalted reputation with the Silverwing Sentinels.","14804","Warsong Gulch","7437",,"0","10"
"snapshot_non_legion_category","True","714","The Conqueror","Raise your reputation values in Warsong Gulch, Arathi Basin and Alterac Valley to Exalted.","95","Player vs. Player","7096",,"0","20"
"snapshot_non_legion_category","True","725","Thori'dal, the Stars' Fury","Wielder of Thori'dal, the Stars' Fury.","15271","Raids","2503",,"2048","0"
"snapshot_non_legion_category","True","726","Mr. Pinchy's Magical Crawdad Box","Fish your way to Mr. Pinchy's Magical Crawdad Box.","171","Fishing","2239",,"0","10"
"snapshot_non_legion_category","True","727","Call in the Cavalry","Obtain one of the war mounts through the honor system.","95","Player vs. Player","4159",,"131072","10"
"snapshot_non_legion_category","True","728","Explore Durotar","Explore Durotar, revealing the covered areas of the world map.","14778","Kalimdor","8158",,"0","10"
"snapshot_non_legion_category","True","729","Deathcharger's Reins","Obtain the Deathcharger's Reins from Rivendare in Stratholme.","15269","Mounts","4220",,"133120","0"
"snapshot_non_legion_category","True","730","Skills to Pay the Bills","Obtain 450 skill points in Fishing, First Aid, and Cooking.","169","Professions","2799",,"0","10"
"snapshot_non_legion_category","True","731","Professional Expert","Obtain 225 skill points in a profession.","169","Professions","3670",,"0","10"
"snapshot_non_legion_category","True","732","Professional Artisan","Obtain 300 skill points in a profession.","169","Professions","3111",,"0","10"
"snapshot_non_legion_category","True","733","Professional Master","Obtain 375 skill points in a profession.","169","Professions","1982",,"0","10"
"snapshot_non_legion_category","True","734","Professional Grand Master","Obtain 450 skill points in a profession.","169","Professions","1995",,"0","10"
"snapshot_non_legion_category","True","735","Working Day and Night","Obtain 450 skill points in two primary professions.","169","Professions","6762",,"0","10"
"snapshot_non_legion_category","True","736","Explore Mulgore","Explore Mulgore, revealing the covered areas of the world map.","14778","Kalimdor","2008",,"0","10"
"snapshot_non_legion_category","True","750","Explore Northern Barrens","Explore The Barrens, revealing the covered areas of the world map.","14778","Kalimdor","2386",,"0","10"
"snapshot_non_legion_category","True","753","Average gold earned per day","Average gold earned per day","140","Wealth","3477",,"65","0"
"snapshot_non_legion_category","True","759","Average daily quests completed per day","Average daily quests completed per day","133","Quests","1455",,"65","0"
"snapshot_non_legion_category","True","761","Explore Arathi Highlands","Explore Arathi Highlands, revealing the covered areas of the world map.","14777","Eastern Kingdoms","3503",,"0","10"
"snapshot_non_legion_category","True","762","Ambassador of the Horde","Earn Exalted reputation with all six Horde factions.","201","Reputation","4151",,"0","10"
"snapshot_non_legion_category","True","763","The Burning Crusader","Raise all of The Burning Crusade dungeon reputations to Exalted.","14865","The Burning Crusade","8077",,"0","20"
"snapshot_non_legion_category","True","764","The Burning Crusader","Raise all of The Burning Crusade dungeon reputations to Exalted.","14865","The Burning Crusade","4223",,"0","20"
"snapshot_non_legion_category","True","765","Explore Badlands","Explore Badlands, revealing the covered areas of the world map.","14777","Eastern Kingdoms","6631",,"0","10"
"snapshot_non_legion_category","True","766","Explore Blasted Lands","Explore Blasted Lands, revealing the covered areas of the world map.","14777","Eastern Kingdoms","6331",,"0","10"
"snapshot_non_legion_category","True","768","Explore Tirisfal Glades","Explore Tirisfal Glades, revealing the covered areas of the world map.","14777","Eastern Kingdoms","8352",,"0","10"
"snapshot_non_legion_category","True","769","Explore Silverpine Forest","Explore Silverpine Forest, revealing the covered areas of the world map.","14777","Eastern Kingdoms","4174",,"0","10"
"snapshot_non_legion_category","True","770","Explore Western Plaguelands","Explore Western Plaguelands, revealing the covered areas of the world map.","14777","Eastern Kingdoms","4017",,"0","10"
"snapshot_non_legion_category","True","771","Explore Eastern Plaguelands","Explore Eastern Plaguelands, revealing the covered areas of the world map.","14777","Eastern Kingdoms","3292",,"0","10"
"snapshot_non_legion_category","True","772","Explore Hillsbrad Foothills","Explore Hillsbrad Foothills, revealing the covered areas of the world map.","14777","Eastern Kingdoms","3264",,"0","10"
"snapshot_non_legion_category","True","773","Explore The Hinterlands","Explore The Hinterlands, revealing the covered areas of the world map.","14777","Eastern Kingdoms","8172",,"0","10"
"snapshot_non_legion_category","True","774","Explore Searing Gorge","Explore Searing Gorge, revealing the covered areas of the world map.","14777","Eastern Kingdoms","4854",,"0","10"
"snapshot_non_legion_category","True","775","Explore Burning Steppes","Explore Burning Steppes, revealing the covered areas of the world map.","14777","Eastern Kingdoms","4983",,"0","10"
"snapshot_non_legion_category","True","776","Explore Elwynn Forest","Explore Elwynn Forest, revealing the covered areas of the world map.","14777","Eastern Kingdoms","1676",,"0","10"
"snapshot_non_legion_category","True","777","Explore Deadwind Pass","Explore Deadwind Pass, revealing the covered areas of the world map.","14777","Eastern Kingdoms","4482",,"0","10"
"snapshot_non_legion_category","True","778","Explore Duskwood","Explore Duskwood, revealing the covered areas of the world map.","14777","Eastern Kingdoms","1689",,"0","10"
"snapshot_non_legion_category","True","779","Explore Loch Modan","Explore Loch Modan, revealing the covered areas of the world map.","14777","Eastern Kingdoms","1100",,"0","10"
"snapshot_non_legion_category","True","780","Explore Redridge Mountains","Explore Redridge Mountains, revealing the covered areas of the world map.","14777","Eastern Kingdoms","6910",,"0","10"
"snapshot_non_legion_category","True","781","Explore Northern Stranglethorn","Explore Northern Stranglethorn, revealing the covered areas of the world map.","14777","Eastern Kingdoms","1778",,"0","10"
"snapshot_non_legion_category","True","782","Explore Swamp of Sorrows","Explore Swamp of Sorrows, revealing the covered areas of the world map.","14777","Eastern Kingdoms","1796",,"0","10"
"snapshot_non_legion_category","True","783","The Perfect Storm","Win Eye of the Storm with a score of 1500 to 0.","14803","Eye of the Storm","267",,"0","10"
"snapshot_non_legion_category","True","784","Eye of the Storm Domination","Win Eye of the Storm 10 times while holding 4 bases.","14803","Eye of the Storm","2958",,"128","10"
"snapshot_non_legion_category","True","796","Resurrected by priests","Resurrected by priests","127","Resurrection","14914",,"9","0"
"snapshot_non_legion_category","True","798","Rebirthed by druids","Rebirthed by druids","127","Resurrection","2829",,"9","0"
"snapshot_non_legion_category","True","799","Spirit returned to body by shamans","Spirit returned to body by shamans","127","Resurrection","8034",,"1","0"
"snapshot_non_legion_category","True","800","Redeemed by paladins","Redeemed by paladins","127","Resurrection","2838",,"1","0"
"snapshot_non_legion_category","True","801","Resurrected by soulstones","Resurrected by soulstones","127","Resurrection","7739",,"1","0"
"snapshot_non_legion_category","True","802","Explore Westfall","Explore Westfall, revealing the covered areas of the world map.","14777","Eastern Kingdoms","7440",,"0","10"
"snapshot_non_legion_category","True","811","Flasks consumed","Flasks consumed","145","Consumables","2848",,"9","0"
"snapshot_non_legion_category","True","812","Healthstones used","Healthstones used","145","Consumables","2887",,"1","0"
"removed_after_legion","False","829","Largest heal received","Largest heal received","141","Combat","6925",,"1","0"
"removed_after_legion","False","830","Total healing received","Total healing received","141","Combat","2933",,"1","0"
"snapshot_non_legion_category","True","837","Arenas won","Arenas won","152","Rated Arenas","2919",,"1","0"
"snapshot_non_legion_category","True","838","Arenas played","Arenas played","152","Rated Arenas","2926",,"1","0"
"snapshot_non_legion_category","True","839","Battlegrounds played","Battlegrounds played","153","Battlegrounds","7774",,"1","0"
"snapshot_non_legion_category","True","840","Battlegrounds won","Battlegrounds won","153","Battlegrounds","1962",,"1","0"
"snapshot_non_legion_category","True","841","Explore Wetlands","Explore Wetlands, revealing the covered areas of the world map.","14777","Eastern Kingdoms","6356",,"0","10"
"snapshot_non_legion_category","True","842","Explore Teldrassil","Explore Teldrassil, revealing the covered areas of the world map.","14778","Kalimdor","405",,"0","10"
"snapshot_non_legion_category","True","843","Explore Netherstorm","Explore Netherstorm, revealing the covered areas of the world map.","14779","Outland","3148",,"0","10"
"snapshot_non_legion_category","True","844","Explore Darkshore","Explore Darkshore, revealing the covered areas of the world map.","14778","Kalimdor","6572",,"0","10"
"snapshot_non_legion_category","True","845","Explore Ashenvale","Explore Ashenvale, revealing the covered areas of the world map.","14778","Kalimdor","7455",,"0","10"
"snapshot_non_legion_category","True","846","Explore Thousand Needles","Explore Thousand Needles, revealing the covered areas of the world map.","14778","Kalimdor","6374",,"0","10"
"snapshot_non_legion_category","True","847","Explore Stonetalon Mountains","Explore Stonetalon Mountains, revealing the covered areas of the world map.","14778","Kalimdor","5167",,"0","10"
"snapshot_non_legion_category","True","848","Explore Desolace","Explore Desolace, revealing the covered areas of the world map.","14778","Kalimdor","3540",,"0","10"
"snapshot_non_legion_category","True","849","Explore Feralas","Explore Feralas, revealing the covered areas of the world map.","14778","Kalimdor","5784",,"0","10"
"snapshot_non_legion_category","True","850","Explore Dustwallow Marsh","Explore Dustwallow Marsh, revealing the covered areas of the world map.","14778","Kalimdor","6952",,"0","10"
"snapshot_non_legion_category","True","851","Explore Tanaris","Explore Tanaris, revealing the covered areas of the world map.","14778","Kalimdor","3172",,"0","10"
"snapshot_non_legion_category","True","852","Explore Azshara","Explore Azshara, revealing the covered areas of the world map.","14778","Kalimdor","4789",,"0","10"
"snapshot_non_legion_category","True","853","Explore Felwood","Explore Felwood, revealing the covered areas of the world map.","14778","Kalimdor","6617",,"0","10"
"snapshot_non_legion_category","True","854","Explore Un'Goro Crater","Explore Un'Goro Crater, revealing the covered areas of the world map.","14778","Kalimdor","3190",,"0","10"
"snapshot_non_legion_category","True","855","Explore Moonglade","Explore Moonglade, revealing the covered areas of the world map.","14778","Kalimdor","3880",,"0","10"
"snapshot_non_legion_category","True","856","Explore Silithus","Explore Silithus, revealing the covered areas of the world map.","14778","Kalimdor","6254",,"0","10"
"snapshot_non_legion_category","True","857","Explore Winterspring","Explore Winterspring, revealing the covered areas of the world map.","14778","Kalimdor","2533",,"0","10"
"snapshot_non_legion_category","True","858","Explore Ghostlands","Explore Ghostlands, revealing the covered areas of the world map.","14777","Eastern Kingdoms","3574",,"0","10"
"snapshot_non_legion_category","True","859","Explore Eversong Woods","Explore Eversong Woods, revealing the covered areas of the world map.","14777","Eastern Kingdoms","4522",,"0","10"
"snapshot_non_legion_category","True","860","Explore Azuremyst Isle","Explore Azuremyst Isle, revealing the covered areas of the world map.","14778","Kalimdor","5148",,"0","10"
"snapshot_non_legion_category","True","861","Explore Bloodmyst Isle","Explore Bloodmyst Isle, revealing the covered areas of the world map.","14778","Kalimdor","3599",,"0","10"
"snapshot_non_legion_category","True","862","Explore Hellfire Peninsula","Explore  Hellfire Peninsula, revealing the covered areas of the world map.","14779","Outland","4197",,"0","10"
"snapshot_non_legion_category","True","863","Explore Zangarmarsh","Explore Zangarmarsh, revealing the covered areas of the world map.","14779","Outland","472",,"0","10"
"snapshot_non_legion_category","True","864","Explore Shadowmoon Valley","Explore Shadowmoon Valley, revealing the covered areas of the world map.","14779","Outland","7065",,"0","10"
"snapshot_non_legion_category","True","865","Explore Blade's Edge Mountains","Explore Blade's Edge Mountains, revealing the covered areas of the world map.","14779","Outland","1458",,"0","10"
"snapshot_non_legion_category","True","866","Explore Nagrand","Explore Nagrand, revealing the covered areas of the world map.","14779","Outland","8008",,"0","10"
"snapshot_non_legion_category","True","867","Explore Terokkar Forest","Explore Terokkar Forest, revealing the covered areas of the world map.","14779","Outland","7042",,"0","10"
"snapshot_non_legion_category","True","868","Explore Isle of Quel'Danas","Explore Isle of Quel'Danas, revealing the covered areas of the world map.","14777","Eastern Kingdoms","7034",,"0","10"
"snapshot_non_legion_category","True","869","50000 Honorable Kills","Get 50000 honorable kills.","95","Player vs. Player","5145",,"135168","10"
"snapshot_non_legion_category","True","870","100000 Honorable Kills","Get 100000 honorable kills.","95","Player vs. Player","16791",,"143360","10"
"snapshot_non_legion_category","True","871","Avast Ye, Admiral!","Obtain the Bloodsail Admiral's Hat... and try to get some fresh air every now and then.","15273","Reputation","8576",,"2048","0"
"snapshot_non_legion_category","True","872","Frenzied Defender","Return 5 flags in a single Warsong Gulch battle.","14804","Warsong Gulch","8268",,"0","10"
"snapshot_non_legion_category","True","873","Frostwolf Perfection","Win Alterac Valley without losing a tower or captain. You must also control all of the Alliance's towers.","14801","Alterac Valley","5530",,"0","20"
"snapshot_non_legion_category","True","875","Vengefully Dedicated","Win 200 ranked arena matches.","165","Arena","5135",,"0","10"
"snapshot_non_legion_category","True","876","Brutally Dedicated","Win 300 ranked arena matches.","165","Arena","3775",,"0","10"
"snapshot_non_legion_category","True","877","The Cake Is Not A Lie","Bake a Delicious Chocolate Cake.","170","Cooking","2680",,"0","10"
"snapshot_non_legion_category","True","878","One That Didn't Get Away","Catch one of the rare fish in the list below.","171","Fishing","2452",,"0","10"
"snapshot_non_legion_category","True","879","Old School Ride","Owner of one of the original epic mounts that are no longer attainable.","15269","Mounts","4759",,"133120","0"
"snapshot_non_legion_category","True","880","Swift Zulian Tiger","Obtain the Swift Zulian Tiger from High Priest Thekal in Zul'Gurub.","15269","Mounts","4194",,"133120","0"
"snapshot_non_legion_category","True","881","Swift Razzashi Raptor","Obtain the Swift Razzashi Raptor from Bloodlord Mandokir in Zul'Gurub.","15269","Mounts","3056",,"133120","0"
"snapshot_non_legion_category","True","882","Fiery Warhorse's Reins","Obtain the Fiery Warhorse's Reins from Attumen the Huntsman in Karazhan.","15269","Mounts","2086",,"133120","0"
"snapshot_non_legion_category","True","883","Reins of the Raven Lord","Obtain the Reins of the Raven Lord from Anzu in Sethekk Halls.","15269","Mounts","6321",,"133120","0"
"snapshot_non_legion_category","True","884","Swift White Hawkstrider","Obtain the Swift White Hawkstrider from Kael'thas Sunstrider in Magister's Terrace.","15269","Mounts","3062",,"133120","0"
"snapshot_non_legion_category","True","885","Ashes of Al'ar","Obtain the Ashes of Al'ar from Kael'thas Sunstrider in Tempest Keep.","15269","Mounts","4007",,"133120","0"
"snapshot_non_legion_category","True","886","Swift Nether Drake","Obtain the Swift Nether Drake from Arena Season 1 of The Burning Crusade.","15269","Mounts","4879",,"2048","0"
"snapshot_non_legion_category","True","887","Merciless Nether Drake","Obtain the Merciless Nether Drake from Arena Season 2 of The Burning Crusade.","15269","Mounts","1126",,"2048","0"
"snapshot_non_legion_category","True","888","Vengeful Nether Drake","Obtain the Vengeful Nether Drake from Arena Season 3 of The Burning Crusade.","15269","Mounts","3997",,"2048","0"
"snapshot_non_legion_category","True","889","Fast and Furious","Learn the journeyman riding skill.","92","General","1130",,"2097152","10"
"snapshot_non_legion_category","True","890","Into The Wild Blue Yonder","Learn the expert riding skill.","92","General","1133",,"2097152","10"
"snapshot_non_legion_category","True","891","Giddy Up!","Learn the apprentice riding skill.","92","General","2816",,"2097152","10"
"snapshot_non_legion_category","True","892","The Right Stuff","Learn the artisan riding skill.","92","General","1136",,"2097152","10"
"snapshot_non_legion_category","True","893","Cenarion War Hippogryph","Obtain the Cenarion War Hippogryph from the Cenarion Expedition in Zangarmarsh.","14865","The Burning Crusade","5192",,"131072","10"
"snapshot_non_legion_category","True","894","Flying High Over Skettis","Earn Exalted status within the Sha'tari Skyguard.","14865","The Burning Crusade","9118",,"0","10"
"snapshot_non_legion_category","True","896","A Quest a Day Keeps the Ogres at Bay","Earn Exalted status within Ogri'la.","14865","The Burning Crusade","2820",,"0","10"
"snapshot_non_legion_category","True","897","You're So Offensive","Earn Exalted status with the Shattered Sun Offensive.","14865","The Burning Crusade","1139",,"0","10"
"snapshot_non_legion_category","True","898","On Wings of Nether","Earn Exalted status with Netherwing.","14865","The Burning Crusade","1757",,"0","10"
"snapshot_non_legion_category","True","899","Oh My, Kurenai","Earn Exalted status with the Kurenai.","14865","The Burning Crusade","7005",,"0","15"
"snapshot_non_legion_category","True","900","The Czar of Sporeggar","Earn Exalted status with Sporeggar.","14865","The Burning Crusade","4659",,"0","15"
"snapshot_non_legion_category","True","901","Mag'har of Draenor","Earn Exalted status with The Mag'har.","14865","The Burning Crusade","1142",,"0","15"
"snapshot_non_legion_category","True","902","Chief Exalted Officer","Earn Exalted status with The Consortium.","14865","The Burning Crusade","8375",,"0","10"
"snapshot_non_legion_category","True","903","Shattrath Divided","Earn Exalted status with The Scryers or The Aldor.","14865","The Burning Crusade","1810",,"0","10"
"snapshot_non_legion_category","True","905","Old Man Barlowned","Complete each of Old Man Barlo's 5 fishing daily quests listed below.","171","Fishing","6324",,"0","10"
"snapshot_non_legion_category","True","906","Kickin' It Up a Notch","Complete each of The Rokk's 4 cooking daily quests listed below.","170","Cooking","4837",,"0","10"
"snapshot_non_legion_category","True","907","The Justicar","Raise your reputation values in Warsong Gulch, Arathi Basin and Alterac Valley to Exalted.","95","Player vs. Player","10705",,"0","20"
"snapshot_non_legion_category","True","908","Call to Arms!","Complete 100 battlegrounds at max level.","95","Player vs. Player","6308",,"128","10"
"snapshot_non_legion_category","True","909","Call to Arms!","Complete 100 battlegrounds at max level.","95","Player vs. Player","3839",,"128","10"
"snapshot_non_legion_category","True","910","Elders of the Dungeons","Honor the Elders which are located inside the dungeons.","160","Lunar Festival","1292",,"0","10"
"snapshot_non_legion_category","True","911","Elders of Kalimdor","Honor the Elders which are located in Kalimdor.","160","Lunar Festival","4636",,"0","10"
"snapshot_non_legion_category","True","912","Elders of Eastern Kingdoms","Honor the Elders which are located in Eastern Kingdoms","160","Lunar Festival","5707",,"0","10"
"snapshot_non_legion_category","True","913","To Honor One's Elders","Complete the Lunar Festival achievements listed below.","155","World Events","4941",,"131072","30"
"snapshot_non_legion_category","True","914","Elders of the Horde","Honor the Elders which are located in the Horde capital cities.","160","Lunar Festival","8370",,"0","10"
"snapshot_non_legion_category","True","915","Elders of the Alliance","Honor the Elders which are located in the Alliance capital cities.","160","Lunar Festival","2550",,"0","10"
"removed_after_legion","False","918","Total deaths in 5-player dungeons","Total deaths in 5-player dungeons","125","Dungeons","3074",,"1","0"
"snapshot_non_legion_category","True","919","Gold earned from auctions","Gold earned from auctions","140","Wealth","9121",,"1","0"
"snapshot_non_legion_category","True","921","Gold from vendors","Gold from vendors","140","Wealth","10416",,"1","0"
"snapshot_non_legion_category","True","922","Mana potions consumed","Mana potions consumed","145","Consumables","3886",,"1","0"
"snapshot_non_legion_category","True","923","Elixirs consumed","Elixirs consumed","145","Consumables","285",,"9","0"
"removed_after_legion","False","924","Most Northrend factions at Exalted","Most Northrend factions at Exalted","147","Reputation","2106",,"33","0"
"removed_after_legion","False","925","Most Outland factions at Exalted","Most Outland factions at Exalted","147","Reputation","8679",,"33","0"
"removed_after_legion","False","926","Most Horde factions at Exalted","Most Horde factions at Exalted","147","Reputation","2121",,"1","0"
"removed_after_legion","False","928","Extra bank slots purchased","Extra bank slots purchased","191","Gear","1211",,"1","0"
"removed_after_legion","False","931","Total factions encountered","Total factions encountered","147","Reputation","10620",,"1","0"
"snapshot_non_legion_category","True","932","Total 5-player dungeons entered","Total 5-player dungeons entered","14807","Dungeons & Raids","6213",,"1","0"
"snapshot_non_legion_category","True","933","Total 10-player raids entered","Total 10-player raids entered","14807","Dungeons & Raids","2141",,"1","0"
"snapshot_non_legion_category","True","934","Total 25-player raids entered","Total 25-player raids entered","14807","Dungeons & Raids","884",,"1","0"
"snapshot_non_legion_category","True","937","Elune's Blessing","Complete the Elune's Blessing quest by defeating Omen.","160","Lunar Festival","6643",,"0","10"
"snapshot_non_legion_category","True","938","The Snows of Northrend","Complete all of Hemet Nesingwary quests in Northrend up to and including Post-partum Aggression.","14863","Northrend","6928",,"0","10"
"snapshot_non_legion_category","True","939","Hills Like White Elekk","Complete all of Hemet Nesingwary quests in Nagrand up to and including The Ultimate Bloodsport.","14862","Outland","4721",,"0","10"
"snapshot_non_legion_category","True","940","The Green Hills of Stranglethorn","Complete all of Hemet Nesingwary quests in Stranglethorn Vale up to and including Big Game Hunter.","14861","Eastern Kingdoms","5704",,"0","10"
"snapshot_non_legion_category","True","941","Hemet Nesingwary: The Collected Quests","Complete the Green Hills of Stranglethorn, Hills Like White Elekk and Snows of Northrend achievements.","96","Quests","2257",,"131072","10"
"snapshot_non_legion_category","True","942","The Diplomat","Raise your reputation level from Unfriendly to Exalted with Timbermaw Hold, Sporeggar and the Kurenai.","201","Reputation","431",,"0","25"
"snapshot_non_legion_category","True","943","The Diplomat","Raise your reputation level from Unfriendly to Exalted with Timbermaw Hold, Sporeggar and The Mag'har.","201","Reputation","4298",,"0","25"
"snapshot_non_legion_category","True","944","They Love Me In That Tunnel","Earn Exalted status with Timbermaw Hold.","14864","Classic","4662",,"0","15"
"snapshot_non_legion_category","True","945","The Argent Champion","Earn Exalted status with the Argent Dawn and the Argent Crusade.","201","Reputation","4010",,"0","25"
"snapshot_non_legion_category","True","946","The Argent Dawn","Earn Exalted status with the Argent Dawn.","14864","Classic","9124",,"0","15"
"snapshot_non_legion_category","True","947","The Argent Crusade","Earn Exalted status with the Argent Crusade.","14866","Wrath of the Lich King","4303",,"0","15"
"snapshot_non_legion_category","True","948","Ambassador of the Alliance","Earn Exalted reputation with all six Alliance factions.","201","Reputation","4867",,"0","10"
"snapshot_non_legion_category","True","949","Tuskarrmageddon","Earn Exalted status with The Kalu'ak.","14866","Wrath of the Lich King","3558",,"0","15"
"snapshot_non_legion_category","True","950","Frenzyheart Tribe","Earn Exalted status with the Frenzyheart Tribe.","14866","Wrath of the Lich King","6216",,"0","10"
"snapshot_non_legion_category","True","951","The Oracles","Earn Exalted status with the The Oracles.","14866","Wrath of the Lich King","4306",,"0","10"
"snapshot_non_legion_category","True","952","Mercenary of Sholazar","Earn Exalted status with the The Oracles and the Frenzyheart Tribe.","14866","Wrath of the Lich King","7353",,"131072","10"
"snapshot_non_legion_category","True","953","Guardian of Cenarius","Earn Exalted status with the Cenarion Circle and Cenarion Expedition.","201","Reputation","5138",,"0","25"
"snapshot_non_legion_category","True","955","Hydraxian Waterlords","Earn Exalted status with the Hydraxian Waterlords.","14864","Classic","2677",,"0","10"
"snapshot_non_legion_category","True","956","Brood of Nozdormu","Earn Exalted status with the Brood of Nozdormu.","14864","Classic","3747",,"0","10"
"snapshot_non_legion_category","True","957","Hero of the Zandalar Tribe","Earn exalted status with the Zandalar Tribe.","15234","Legacy","2507",,"2048","0"
"snapshot_non_legion_category","True","958","Sworn to the Deathsworn","Earn Exalted status with the Ashtongue Deathsworn.","14865","The Burning Crusade","1319",,"0","10"
"snapshot_non_legion_category","True","959","The Scale of the Sands","Earn Exalted status with The Scale of the Sands.","14865","The Burning Crusade","3750",,"0","10"
"snapshot_non_legion_category","True","960","The Violet Eye","Earn Exalted status with The Violet Eye.","14865","The Burning Crusade","5545",,"0","10"
"snapshot_non_legion_category","True","961","Honorary Frenzyheart","Complete the 8 daily quests for the Frenzyheart listed below.","14863","Northrend","1195",,"0","10"
"snapshot_non_legion_category","True","962","Savior of the Oracles","Complete the 8 daily quests for the Oracles listed below.","14863","Northrend","4050",,"0","10"
"snapshot_non_legion_category","True","963","Tricks and Treats of Kalimdor","Visit the Candy Buckets in Kalimdor.","158","Hallow's End","6219",,"0","10"
"snapshot_non_legion_category","True","964","Going Down?","Fall 65 yards without dying.","92","General","5142",,"0","10"
"snapshot_non_legion_category","True","965","Tricks and Treats of Kalimdor","Visit the Candy Buckets in Kalimdor.","158","Hallow's End","6585",,"0","10"
"snapshot_non_legion_category","True","966","Tricks and Treats of Eastern Kingdoms","Visit the Candy Buckets in Eastern Kingdoms.","158","Hallow's End","3778",,"0","10"
"snapshot_non_legion_category","True","967","Tricks and Treats of Eastern Kingdoms","Visit the Candy Buckets in Eastern Kingdoms.","158","Hallow's End","6677",,"0","10"
"snapshot_non_legion_category","True","968","Tricks and Treats of Outland","Visit the Candy Buckets in Outland.","158","Hallow's End","3683",,"0","10"
"snapshot_non_legion_category","True","969","Tricks and Treats of Outland","Visit the Candy Buckets in Outland.","158","Hallow's End","1561",,"0","10"
"snapshot_non_legion_category","True","971","Tricks and Treats of Azeroth","Complete the Kalimdor, Eastern Kingdoms and Outland Tricks and Treats achievements.","158","Hallow's End","1087",,"131072","20"
"snapshot_non_legion_category","True","972","Trick or Treat!","Receive a handful of treats from one of the Candy Buckets located in an inn.","158","Hallow's End","1092",,"0","10"
"snapshot_non_legion_category","True","973","5 Daily Quests Completed","Complete 5 daily quests.","96","Quests","6251",,"0","10"
"snapshot_non_legion_category","True","974","50 Daily Quests Completed","Complete 50 daily quests.","96","Quests","3065",,"0","10"
"snapshot_non_legion_category","True","975","200 Daily Quests Completed","Complete 200 daily quests.","96","Quests","3806",,"0","10"
"snapshot_non_legion_category","True","976","500 Daily Quests Completed","Complete 500 daily quests.","96","Quests","4718",,"0","10"
"snapshot_non_legion_category","True","977","1000 Daily Quests Completed","Complete 1000 daily quests.","96","Quests","2074",,"0","10"
"snapshot_non_legion_category","True","978","3000 Quests Completed","Complete 3000 quests.","96","Quests","6963",,"0","50"
"snapshot_non_legion_category","True","979","The Mask Task","Obtain a Mask during Hallow's End.","158","Hallow's End","1896",,"0","10"
"snapshot_non_legion_category","True","980","The Horseman's Reins","Obtain The Horseman's Reins from The Headless Horseman in the Scarlet Monastery during Hallow's End.","15269","Mounts","436",,"133120","0"
"snapshot_non_legion_category","True","981","That Sparkling Smile","Show off your sparkling smile by using a Tooth Pick.","158","Hallow's End","1609",,"0","10"
"snapshot_non_legion_category","True","1005","Know Thy Enemy","Get an honorable, killing blow against all Alliance races.","95","Player vs. Player","1612",,"0","10"
"snapshot_non_legion_category","True","1006","City Defender","Kill 50 enemy players in any of your home cities.","95","Player vs. Player","1024",,"128","10"
"snapshot_non_legion_category","True","1007","The Wyrmrest Accord","Earn Exalted status with The Wyrmrest Accord.","14866","Wrath of the Lich King","8378",,"0","10"
"snapshot_non_legion_category","True","1008","The Kirin Tor","Earn Exalted status with The Kirin Tor.","14866","Wrath of the Lich King","663",,"0","10"
"snapshot_non_legion_category","True","1009","Knights of the Ebon Blade","Earn Exalted status with the Knights of the Ebon Blade.","14866","Wrath of the Lich King","6674",,"0","10"
"snapshot_non_legion_category","True","1010","Northrend Vanguard","Gain Exalted reputation with the Argent Crusade, Wyrmrest Accord, Kirin Tor and Knights of the Ebon Blade.","14866","Wrath of the Lich King","7008",,"0","20"
"snapshot_non_legion_category","True","1011","The Winds of the North","Gain Exalted reputation with the Horde Expedition.","14866","Wrath of the Lich King","4730",,"0","20"
"snapshot_non_legion_category","True","1012","The Winds of the North","Gain Exalted reputation with the Alliance Vanguard.","14866","Wrath of the Lich King","8071",,"0","20"
"snapshot_non_legion_category","True","1014","35 Exalted Reputations","Raise 35 reputations to Exalted.","201","Reputation","7990",,"0","10"
"snapshot_non_legion_category","True","1015","40 Exalted Reputations","Raise 40 reputations to Exalted.","201","Reputation","8822",,"0","10"
"snapshot_non_legion_category","True","1017","Can I Keep Him?","Obtain a pet.","15118","Collect","22150",,"131072","10"
"snapshot_non_legion_category","True","1020","Ten Tabards","Collect 10 tabard slot appearances.","15246","Collections","60636",,"131072","10"
"snapshot_non_legion_category","True","1021","Twenty-Five Tabards","Collect 25 tabard slot appearances.","15246","Collections","60638",,"131072","10"
"snapshot_non_legion_category","True","1022","Flame Warden of Eastern Kingdoms","Honor the flames of Eastern Kingdoms.","161","Midsummer","3948",,"0","10"
"snapshot_non_legion_category","True","1023","Flame Warden of Kalimdor","Honor the flames of Kalimdor.","161","Midsummer","103",,"0","10"
"snapshot_non_legion_category","True","1024","Flame Warden of Outland","Honor the flames of Outland.","161","Midsummer","1821",,"0","10"
"snapshot_non_legion_category","True","1025","Flame Keeper of Eastern Kingdoms","Honor the flames of Eastern Kingdoms.","161","Midsummer","7316",,"0","10"
"snapshot_non_legion_category","True","1026","Flame Keeper of Kalimdor","Honor the flames of Kalimdor.","161","Midsummer","12374",,"0","10"
"snapshot_non_legion_category","True","1027","Flame Keeper of Outland","Honor the flames of Outland.","161","Midsummer","1830",,"0","10"
"snapshot_non_legion_category","True","1028","Extinguishing Eastern Kingdoms","Desecrate the Horde's bonfires in Eastern Kingdoms.","161","Midsummer","1242",,"0","10"
"snapshot_non_legion_category","True","1029","Extinguishing Kalimdor","Desecrate the Horde's bonfires in Kalimdor.","161","Midsummer","7330",,"0","10"
"snapshot_non_legion_category","True","1030","Extinguishing Outland","Desecrate the Horde's bonfires in Outland.","161","Midsummer","3925",,"0","10"
"snapshot_non_legion_category","True","1031","Extinguishing Eastern Kingdoms","Desecrate the Alliance's bonfires in Eastern Kingdoms.","161","Midsummer","1256",,"0","10"
"snapshot_non_legion_category","True","1032","Extinguishing Kalimdor","Desecrate the Alliance's bonfires in Kalimdor.","161","Midsummer","1435",,"0","10"
"snapshot_non_legion_category","True","1033","Extinguishing Outland","Desecrate the Alliance's bonfires in Outland.","161","Midsummer","2029",,"0","10"
"snapshot_non_legion_category","True","1034","The Fires of Azeroth","Complete the Flame Warden achievements.","161","Midsummer","4549",,"131072","10"
"snapshot_non_legion_category","True","1035","Desecration of the Horde","Complete all Extinguishing achievements.","161","Midsummer","2484",,"131072","10"
"snapshot_non_legion_category","True","1036","The Fires of Azeroth","Complete the Flame Keeper achievements.","161","Midsummer","515",,"131072","10"
"snapshot_non_legion_category","True","1037","Desecration of the Alliance","Complete all Extinguishing achievements.","161","Midsummer","5300",,"131072","10"
"snapshot_non_legion_category","True","1038","The Flame Warden","Complete the Midsummer achievements listed below.","155","World Events","6199",,"131072","20"
"snapshot_non_legion_category","True","1039","The Flame Keeper","Complete the Midsummer achievements listed below.","155","World Events","1623",,"131072","20"
"snapshot_non_legion_category","True","1040","Rotten Hallow","Ruin Hallow's End for the Horde and foil their attempts to wreck the Alliance celebration by completing the following quests.","158","Hallow's End","5735",,"0","10"
"snapshot_non_legion_category","True","1041","Rotten Hallow","Ruin Hallow's End for the Alliance and foil their attempts to wreck the Horde celebration by completing the following quests.","158","Hallow's End","7977",,"0","10"
"snapshot_non_legion_category","True","1042","Number of hugs","Number of hugs","131","Social","2491",,"1","0"
"removed_after_legion","False","1043","Greed rolls made on loot","Greed rolls made on loot","191","Gear","3378",,"1","0"
"removed_after_legion","False","1044","Need rolls made on loot","Need rolls made on loot","191","Gear","12364",,"1","0"
"snapshot_non_legion_category","True","1045","Total cheers","Total cheers","131","Social","3865",,"1","0"
"snapshot_non_legion_category","True","1047","Total facepalms","Total facepalms","131","Social","14995",,"1","0"
"removed_after_legion","False","1057","Deaths in 2v2","Deaths in 2v2","123","Arenas","1719",,"1","0"
"snapshot_non_legion_category","True","1065","Total waves","Total waves","131","Social","1722",,"1","0"
"snapshot_non_legion_category","True","1066","Total times LOL'd","Total times LOL'd","131","Social","398",,"9","0"
"snapshot_non_legion_category","True","1067","Total times playing world's smallest violin","Total times playing world's smallest violin","131","Social","8349",,"1","0"
"snapshot_non_legion_category","True","1068","Keli'dan the Breaker kills (The Blood Furnace)","Keli'dan the Breaker kills (The Blood Furnace)","14822","The Burning Crusade","210",,"1","5"
"snapshot_non_legion_category","True","1069","Nexus-Prince Shaffar kills (Mana Tombs)","Nexus-Prince Shaffar kills (Mana Tombs)","14822","The Burning Crusade","2756",,"1","5"
"snapshot_non_legion_category","True","1070","Epoch Hunter kills (The Escape From Durnholde)","Epoch Hunter kills (The Escape From Durnholde)","14822","The Burning Crusade","2144",,"1","5"
"snapshot_non_legion_category","True","1071","Quagmirran kills (Slave Pens)","Quagmirran kills (Slave Pens)","14822","The Burning Crusade","13773",,"1","5"
"snapshot_non_legion_category","True","1072","Black Stalker kills (Underbog)","Black Stalker kills (Underbog)","14822","The Burning Crusade","10413",,"1","5"
"snapshot_non_legion_category","True","1073","Exarch Maladaar kills (Auchenai Crypts)","Exarch Maladaar kills (Auchenai Crypts)","14822","The Burning Crusade","10142",,"1","5"
"snapshot_non_legion_category","True","1074","Talon King Ikiss kills (Sethekk Halls)","Talon King Ikiss kills (Sethekk Halls)","14822","The Burning Crusade","10405",,"1","5"
"snapshot_non_legion_category","True","1075","Murmur kills (Shadow Labyrinth)","Murmur kills (Shadow Labyrinth)","14822","The Burning Crusade","3564",,"1","5"
"snapshot_non_legion_category","True","1076","Aeonus kills (Opening of the Dark Portal)","Aeonus kills (Opening of the Dark Portal)","14822","The Burning Crusade","261",,"1","5"
"snapshot_non_legion_category","True","1077","Warlord Kalithresh kills (The Steamvault)","Warlord Kalithresh kills (The Steamvault)","14822","The Burning Crusade","8155",,"1","5"
"snapshot_non_legion_category","True","1078","Warchief Kargath Bladefist kills (The Shattered Halls)","Warchief Kargath Bladefist kills (The Shattered Halls)","14822","The Burning Crusade","5829",,"1","5"
"snapshot_non_legion_category","True","1079","Pathaleon the Calculator kills (The Mechanar)","Pathaleon the Calculator kills (The Mechanar)","14822","The Burning Crusade","2939",,"1","5"
"snapshot_non_legion_category","True","1080","Warp Splinter kills (The Botanica)","Warp Splinter kills (The Botanica)","14822","The Burning Crusade","10145",,"1","5"
"snapshot_non_legion_category","True","1081","Harbinger Skyriss kills (The Arcatraz)","Harbinger Skyriss kills (The Arcatraz)","14822","The Burning Crusade","3400",,"1","5"
"snapshot_non_legion_category","True","1082","Kael'thas Sunstrider kills (Magister's Terrace)","Kael'thas Sunstrider kills (Magister's Terrace)","14822","The Burning Crusade","8288",,"1","5"
"snapshot_non_legion_category","True","1083","Prince Malchezaar kills (Karazhan)","Prince Malchezaar kills (Karazhan)","14822","The Burning Crusade","273",,"1","5"
"snapshot_non_legion_category","True","1084","Zul'jin kills (Zul'Aman)","Zul'jin kills (Zul'Aman)","14822","The Burning Crusade","2942",,"1","5"
"snapshot_non_legion_category","True","1085","Gruul kills (Gruul's Lair)","Gruul kills (Gruul's Lair)","14822","The Burning Crusade","7021",,"1","5"
"snapshot_non_legion_category","True","1086","Magtheridon kills (Magtheridon's Lair)","Magtheridon kills (Magtheridon's Lair)","14822","The Burning Crusade","4519",,"1","5"
"snapshot_non_legion_category","True","1087","Lady Vashj kills (Serpentshrine Cavern)","Lady Vashj kills (Serpentshrine Cavern)","14822","The Burning Crusade","5652",,"1","5"
"snapshot_non_legion_category","True","1088","Kael'thas Sunstrider kills (Tempest Keep)","Kael'thas Sunstrider kills (Tempest Keep)","14822","The Burning Crusade","2945",,"1","5"
"snapshot_non_legion_category","True","1089","Illidan Stormrage kills (The Black Temple)","Illidan Stormrage kills (The Black Temple)","14822","The Burning Crusade","8898",,"1","5"
"snapshot_non_legion_category","True","1090","Kil'jaeden kills (Sunwell Plateau)","Kil'jaeden kills (Sunwell Plateau)","14822","The Burning Crusade","12347",,"1","5"
"snapshot_non_legion_category","True","1091","Captain Cookie kills (Deadmines)","","14821","Classic","8901",,"1","5"
"snapshot_non_legion_category","True","1092","Lord Godfrey kills (Shadowfang Keep)","","14821","Classic","6547",,"1","5"
"snapshot_non_legion_category","True","1093","High Inquisitor Whitemane kills (Scarlet Monastery)","","14821","Classic","2948",,"1","0"
"snapshot_non_legion_category","True","1094","Chief Ukorz Sandscalp kills (Zul'Farrak)","Chief Ukorz Sandscalp kills (Zul'Farrak)","14821","Classic","276",,"1","5"
"snapshot_non_legion_category","True","1095","Emperor Dagran Thaurissan kills (Blackrock Depths)","Emperor Dagran Thaurissan kills (Blackrock Depths)","14821","Classic","14324",,"1","5"
"snapshot_non_legion_category","True","1096","General Drakkisath kills (Upper Blackrock Spire)","General Drakkisath kills (Blackrock Spire)","14821","Classic","9942",,"1","5"
"snapshot_non_legion_category","True","1097","Rivendare kills (Stratholme)","Rivendare kills (Stratholme)","14821","Classic","3415",,"1","5"
"snapshot_non_legion_category","True","1098","Onyxia kills (Onyxia's Lair)","Onyxia kills (Onyxia's Lair)","14821","Classic","3820",,"1","5"
"snapshot_non_legion_category","True","1099","Ragnaros kills (Molten Core)","Ragnaros kills (Molten Core)","14821","Classic","1716",,"1","5"
"snapshot_non_legion_category","True","1100","Nefarian kills (Blackwing Lair)","Nefarian kills (Blackwing Lair)","14821","Classic","3403",,"1","5"
"snapshot_non_legion_category","True","1101","C'Thun kills (Temple of Ahn'Qiraj)","C'Thun kills (Temple of Ahn'Qiraj)","14821","Classic","6183",,"1","5"
"snapshot_non_legion_category","True","1102","Hakkar kills (Zul'Gurub)","Hakkar kills (Zul'Gurub)","15176","Legacy","3419",,"524289","5"
"snapshot_non_legion_category","True","1103","Lich King 5-player dungeons completed (final boss defeated)","Lich King 5-player dungeons completed (final boss killed)","14807","Dungeons & Raids","6738",,"1","0"
"snapshot_non_legion_category","True","1104","Lich King 10-player raids completed (final boss defeated)","Lich King 10-player raids completed (final boss killed)","14807","Dungeons & Raids","12356",,"9","0"
"removed_after_legion","False","1106","Deaths in Eye of the Storm","Deaths in Eye of the Storm","124","Battlegrounds","2765",,"1","0"
"removed_after_legion","False","1107","Deaths in 3v3","Deaths in 3v3","123","Arenas","3422",,"1","0"
"removed_after_legion","False","1108","Deaths in 5v5","Deaths in 5v5","123","Arenas","5775",,"1","0"
"snapshot_non_legion_category","True","1109","5v5 Arena Honorable Kills","5v5 Arena Honorable Kills","136","Honorable Kills","4236",,"1","0"
"snapshot_non_legion_category","True","1110","3v3 Arena Honorable Kills","3v3 Arena Honorable Kills","136","Honorable Kills","9677",,"1","0"
"snapshot_non_legion_category","True","1111","2v2 Arena Honorable Kills","2v2 Arena Honorable Kills","136","Honorable Kills","5873",,"1","0"
"snapshot_non_legion_category","True","1112","Eye of the Storm Honorable Kills","Eye of the Storm Honorable Kills","136","Honorable Kills","5876",,"1","0"
"snapshot_non_legion_category","True","1113","Alterac Valley Honorable Kills","Alterac Valley Honorable Kills","136","Honorable Kills","5879",,"1","0"
"snapshot_non_legion_category","True","1114","Arathi Basin Honorable Kills","Arathi Basin Honorable Kills","136","Honorable Kills","10112",,"1","0"
"snapshot_non_legion_category","True","1115","Warsong Gulch Honorable Kills","Warsong Gulch Honorable Kills","136","Honorable Kills","6946",,"1","0"
"snapshot_non_legion_category","True","1125","Bandage used most","Bandage used most","145","Consumables","24789",,"17","0"
"snapshot_non_legion_category","True","1145","King of the Fire Festival","Complete the quest, ""A Thief's Reward"", by stealing the flames from your enemy's capital cities.","161","Midsummer","2523",,"0","10"
"snapshot_non_legion_category","True","1146","Gold spent on travel","Gold spent on travel","140","Wealth","10623",,"1","0"
"snapshot_non_legion_category","True","1147","Gold spent at barber shops","Gold spent at barber shops","140","Wealth","5106",,"1","0"
"snapshot_non_legion_category","True","1148","Gold spent on postage","Gold spent on postage","140","Wealth","893",,"1","0"
"removed_after_legion","False","1149","Talent tree respecs","Talent tree respecs","130","Character","207",,"1","0"
"removed_after_legion","False","1150","Gold spent on talent tree respecs","Gold spent on talent tree respecs","140","Wealth","5570",,"1","0"
"snapshot_non_legion_category","True","1151","Loyal Defender","In Alterac Valley, kill 50 enemy players in the Hall of the Stormpike.","14801","Alterac Valley","4239",,"0","10"
"snapshot_non_legion_category","True","1153","Overly Defensive","Defend 3 bases in a single Arathi Basin battle.","14802","Arathi Basin","1153",,"0","10"
"snapshot_non_legion_category","True","1157","Duel-icious","Win a duel against another player.","95","Player vs. Player","1192",,"0","10"
"snapshot_non_legion_category","True","1159","Just the Two of Us: 2200","Earn a 2200 personal rating in the 2v2 bracket of the arena.","165","Arena","645",,"12288","10"
"snapshot_non_legion_category","True","1160","Three's Company: 2200","Earn a 2200 personal rating in the 3v3 bracket of the arena.","165","Arena","3133",,"12288","10"
"snapshot_non_legion_category","True","1161","High Five: 2200","Earn a 2200 personal rating in the 5v5 bracket of the arena.","15270","Player vs. Player","508",,"2048","0"
"snapshot_non_legion_category","True","1162","Hotter Streak","Win ten ranked matches in a row with a personal rating above 1800.","165","Arena","4698",,"0","10"
"snapshot_non_legion_category","True","1164","Everything Counts","Win Alterac Valley while your team controls both mines.","14801","Alterac Valley","511",,"0","10"
"snapshot_non_legion_category","True","1165","My Sack is ""Gigantique""","Equip Haris Pilton's ""Gigantique"" Bag.","15246","Collections","6949",,"0","10"
"snapshot_non_legion_category","True","1166","To the Looter Go the Spoils","Loot the Autographed Picture of Foror & Tigule in Alterac Valley.","14801","Alterac Valley","8526",,"0","10"
"snapshot_non_legion_category","True","1167","Master of Alterac Valley","Complete the Alterac Valley achievements listed below.","14801","Alterac Valley","6662",,"135168","25"
"snapshot_non_legion_category","True","1169","Master of Arathi Basin","Complete the Arathi Basin achievements listed below.","14802","Arathi Basin","4409",,"135168","25"
"snapshot_non_legion_category","True","1171","Master of Eye of the Storm","Complete the Eye of the Storm achievements listed below.","14803","Eye of the Storm","5639",,"135168","25"
"snapshot_non_legion_category","True","1172","Master of Warsong Gulch","Complete the Warsong Gulch achievements listed below.","14804","Warsong Gulch","1411",,"135168","25"
"snapshot_non_legion_category","True","1174","The Arena Master","Complete the arena achievements listed below.","15279","Player vs. Player","1047",,"133120","0"
"snapshot_non_legion_category","True","1175","Battlemaster","Complete the battleground achievements listed below.","95","Player vs. Player","1057",,"143360","50"
"snapshot_non_legion_category","True","1176","Got My Mind On My Money","Loot 100 gold.","92","General","2254",,"0","10"
"snapshot_non_legion_category","True","1177","Got My Mind On My Money","Loot 1,000 gold.","92","General","8440",,"0","10"
"snapshot_non_legion_category","True","1178","Got My Mind On My Money","Loot 5,000 gold.","92","General","3817",,"0","10"
"snapshot_non_legion_category","True","1180","Got My Mind On My Money","Loot 10,000 gold.","92","General","2520",,"0","10"
"snapshot_non_legion_category","True","1181","Got My Mind On My Money","Loot 25,000 gold.","92","General","6472",,"0","10"
"snapshot_non_legion_category","True","1182","The Bread Winner","Make 10,000 gold from quest rewards.","96","Quests","2189",,"0","10"
"snapshot_non_legion_category","True","1183","Brew of the Year","Sample 12 beers featured in the Brew of the Month club.","162","Brewfest","2192",,"0","10"
"snapshot_non_legion_category","True","1184","Strange Brew","Acquire the Brewfest beers listed below. Don't drink them all at once!","162","Brewfest","2206",,"0","10"
"snapshot_non_legion_category","True","1185","The Brewfest Diet","Eat 8 of the Brewfest foods listed below.","162","Brewfest","4955",,"0","10"
"snapshot_non_legion_category","True","1186","Down With The Dark Iron","Defend the Brewfest camp from the Dark Iron attack and complete the quest, ""This One Time, When I Was Drunk...""","162","Brewfest","4843",,"0","10"
"snapshot_non_legion_category","True","1188","Shafted!","Shoot 10 players with the Silver Shafted Arrow.","187","Love is in the Air","2090",,"0","10"
"snapshot_non_legion_category","True","1189","To Hellfire and Back","Complete the Hellfire Peninsula storylines listed below.","14862","Outland","62951",,"0","10"
"snapshot_non_legion_category","True","1190","Mysteries of the Marsh","Complete the Zangarmarsh storylines listed below.","14862","Outland","62987",,"0","10"
"snapshot_non_legion_category","True","1191","Terror of Terokkar","Complete the Terokkar Forest storylines listed below.","14862","Outland","63080",,"0","10"
"snapshot_non_legion_category","True","1192","Nagrand Slam","Complete the Nagrand storylines listed below.","14862","Outland","63190",,"0","10"
"snapshot_non_legion_category","True","1193","On the Blade's Edge","Complete the Blade's Edge Mountains storylines listed below.","14862","Outland","63157",,"0","10"
"snapshot_non_legion_category","True","1194","Into the Nether","Complete the Netherstorm storylines listed below.","14862","Outland","63236",,"0","10"
"snapshot_non_legion_category","True","1195","Shadow of the Betrayer","Complete the Shadowmoon Valley storylines listed below.","14862","Outland","63255",,"0","10"
"snapshot_non_legion_category","True","1197","Total kills","Total kills","128","Kills","1159",,"9","0"
"snapshot_non_legion_category","True","1198","Total kills that grant experience or honor","Total kills that grant experience or honor","128","Kills","2513",,"9","0"
"snapshot_non_legion_category","True","1199","Professions learned","Professions learned","132","Skills","1163",,"1","0"
"snapshot_non_legion_category","True","1200","Secondary skills at maximum skill","Secondary skills at maximum skill","132","Skills","7766",,"1","0"
"snapshot_non_legion_category","True","1201","Professions at maximum skill","Professions at maximum skill","132","Skills","1176",,"1","0"
"snapshot_non_legion_category","True","1203","Strange Brew","Acquire the Brewfest beers listed below. Don't drink them all at once!","162","Brewfest","4701",,"0","10"
"snapshot_non_legion_category","True","1205","Hero of Shattrath","Gained exalted status with The Scryers and The Aldor.","15273","Reputation","1814",,"2048","0"
"snapshot_non_legion_category","True","1206","To All The Squirrels I've Loved Before","Show the critters of Azeroth how much you /love them.","92","General","1631",,"0","10"
"snapshot_non_legion_category","True","1225","Outland Angler","Catch a fish in each of the specific nodes listed below.","171","Fishing","213",,"0","10"
"snapshot_non_legion_category","True","1229","Revived by druids","Revived by druids","127","Resurrection","195",,"9","0"
"snapshot_non_legion_category","True","1231","Keristrasza kills (The Nexus)","Keristrasza kills (The Nexus)","14823","Wrath of the Lich King","7983",,"1","5"
"snapshot_non_legion_category","True","1232","Anub'arak kills (Azjol-Nerub)","Anub'arak kills (Azjol-Nerub)","14823","Wrath of the Lich King","965",,"1","5"
"snapshot_non_legion_category","True","1233","Herald Volazj kills (Ahn'kahet: The Old Kingdom)","Herald Volazj kills (Ahn'kahet: The Old Kingdom)","14823","Wrath of the Lich King","5046",,"1","5"
"snapshot_non_legion_category","True","1234","The Prophet Tharon'ja kills (Drak'Tharon Keep)","The Prophet Tharon'ja kills (Drak'Tharon Keep)","14823","Wrath of the Lich King","968",,"1","5"
"snapshot_non_legion_category","True","1235","Cyanigosa kills (The Violet Hold)","Cyanigosa kills (The Violet Hold)","14823","Wrath of the Lich King","8895",,"1","5"
"snapshot_non_legion_category","True","1236","Gal'darah kills (Gundrak)","Gal'darah kills (Gundrak)","14823","Wrath of the Lich King","3089",,"1","5"
"snapshot_non_legion_category","True","1237","Sjonnir the Ironshaper kills (Halls of Stone)","Sjonnir the Ironshaper kills (Halls of Stone)","14823","Wrath of the Lich King","8650",,"1","5"
"snapshot_non_legion_category","True","1238","Loken kills (Halls of Lightning)","Loken kills (Halls of Lightning)","14823","Wrath of the Lich King","8434",,"1","5"
"snapshot_non_legion_category","True","1239","Ley-Guardian Eregos kills (The Oculus)","Ley-Guardian Eregos kills (The Oculus)","14823","Wrath of the Lich King","3092",,"1","5"
"snapshot_non_legion_category","True","1240","King Ymiron kills (Utgarde Pinnacle)","King Ymiron kills (Utgarde Pinnacle)","14823","Wrath of the Lich King","7101",,"1","5"
"snapshot_non_legion_category","True","1241","Mal'Ganis defeated (Caverns of Time: Stratholme)","Mal'Ganis defeated (Caverns of Time: Stratholme)","14823","Wrath of the Lich King","10408",,"1","5"
"snapshot_non_legion_category","True","1242","Ingvar the Plunderer kills (Utgarde Keep)","Ingvar the Plunderer kills (Utgarde Keep)","14823","Wrath of the Lich King","4864",,"1","5"
"snapshot_non_legion_category","True","1243","Fish Don't Leave Footprints","Learn the ability to find fish.","171","Fishing","4402",,"0","10"
"snapshot_non_legion_category","True","1244","Well Read","Read an original version of the books listed below.","92","General","5056",,"0","10"
"snapshot_non_legion_category","True","1248","Plethora of Pets","Collect 25 unique pets.","15118","Collect","22154",,"131072","10"
"snapshot_non_legion_category","True","1250","Shop Smart, Shop Pet...Smart","Collect 50 unique pets.","15118","Collect","22156",,"131072","10"
"snapshot_non_legion_category","True","1251","Not In My House","In a single Warsong Gulch battle, kill 2 flag carriers before they leave the Warsong Flag Room.","14804","Warsong Gulch","5246",,"0","10"
"snapshot_non_legion_category","True","1252","Supreme Defender","Kill 100 flag carriers in Warsong Gulch.","14804","Warsong Gulch","6988",,"0","10"
"snapshot_non_legion_category","True","1254","Friend or Fowl?","Slay 15 turkeys in 3 minutes.","92","General","451",,"0","10"
"snapshot_non_legion_category","True","1255","Scrooge","Throw a snowball at Muradin Bronzebeard during the Feast of Winter Veil.","156","Winter Veil","855",,"0","10"
"snapshot_non_legion_category","True","1257","The Scavenger","Successfully fish in each of the junk nodes listed below.","171","Fishing","5049",,"0","10"
"snapshot_non_legion_category","True","1258","Take a Chill Pill","In Eye of the Storm, kill a player who is under the effects of the Berserker power-up.","14803","Eye of the Storm","4073",,"0","10"
"snapshot_non_legion_category","True","1259","Not So Fast","In Warsong Gulch, kill a player who is under the effects of the speed power-up.","14804","Warsong Gulch","6347",,"0","10"
"snapshot_non_legion_category","True","1260","Almost Blind Luck","Fall 65 yards without dying while wearing Synthebrew Goggles during the Brewfest Holiday.","162","Brewfest","7377",,"0","10"
"snapshot_non_legion_category","True","1261","G.N.E.R.D. Rage","Earn 10 honorable kills while under the influence of the G.N.E.R.D. buff. It's a slap in the face!","158","Hallow's End","6272",,"0","10"
"snapshot_non_legion_category","True","1262","Loremaster of Outland","Complete the Outland quest achievements listed below.","14862","Outland","793",,"131072","10"
"snapshot_non_legion_category","True","1263","Explore Howling Fjord","Explore Howling Fjord, revealing the covered areas of the world map.","14780","Northrend","3629",,"0","10"
"snapshot_non_legion_category","True","1264","Explore Borean Tundra","Explore Borean Tundra, revealing the covered areas of the world map.","14780","Northrend","227",,"0","10"
"snapshot_non_legion_category","True","1265","Explore Dragonblight","Explore Dragonblight, revealing the covered areas of the world map.","14780","Northrend","4733",,"0","10"
"snapshot_non_legion_category","True","1266","Explore Grizzly Hills","Explore Grizzly Hills, revealing the covered areas of the world map.","14780","Northrend","492",,"0","10"
"snapshot_non_legion_category","True","1267","Explore Zul'Drak","Explore Zul'Drak, revealing the covered areas of the world map.","14780","Northrend","4135",,"0","10"
"snapshot_non_legion_category","True","1268","Explore Sholazar Basin","Explore Sholazar Basin, revealing the covered areas of the world map.","14780","Northrend","5307",,"0","10"
"snapshot_non_legion_category","True","1269","Explore Storm Peaks","Explore Storm Peaks, revealing the covered areas of the world map.","14780","Northrend","6287",,"0","10"
"snapshot_non_legion_category","True","1270","Explore Icecrown","Explore Icecrown, revealing the covered areas of the world map.","14780","Northrend","3483",,"0","10"
"snapshot_non_legion_category","True","1271","To Hellfire and Back","Complete the Hellfire Peninsula storylines listed below.","14862","Outland","62927",,"0","10"
"snapshot_non_legion_category","True","1272","Terror of Terokkar","Complete the Terokkar Forest storylines listed below.","14862","Outland","63117",,"0","10"
"snapshot_non_legion_category","True","1273","Nagrand Slam","Complete the Nagrand storylines listed below.","14862","Outland","63213",,"0","10"
"snapshot_non_legion_category","True","1275","Bombs Away","Complete the Fires Over Skettis quest in under 2 minutes 15 seconds while not in a group.","14862","Outland","7347",,"0","10"
"snapshot_non_legion_category","True","1276","Blade's Edge Bomberman","Complete the Bomb Them Again! quest in under 2 minutes 15 seconds while not in a group.","14862","Outland","7620",,"0","10"
"snapshot_non_legion_category","True","1277","Rapid Defense","Complete the Defending Wyrmrest Temple quest in under 3 minutes while not in a group.","14863","Northrend","4756",,"0","10"
"snapshot_non_legion_category","True","1279","Flirt With Disaster","Get completely smashed, put on your best perfume, throw a handful of rose petals on Sraaz and then kiss him. You'll regret it in the morning.","187","Love is in the Air","4331",,"0","10"
"snapshot_non_legion_category","True","1280","Flirt With Disaster","Get completely smashed, put on your best perfume, throw a handful of rose petals on Jeremiah Payson and then kiss him. You'll regret it in the morning.","187","Love is in the Air","8284",,"0","10"
"snapshot_non_legion_category","True","1281","The Rocket's Red Glare","Shoot off 10 Red Rocket Clusters in 25 seconds or less.","160","Lunar Festival","6275",,"0","10"
"snapshot_non_legion_category","True","1282","Fa-la-la-la-Ogri'la","Complete the Bomb Them Again! quest while mounted on a flying reindeer during the Feast of Winter Veil.","156","Winter Veil","14432",,"0","10"
"snapshot_non_legion_category","True","1283","Classic Dungeonmaster","Complete the classic dungeon achievements listed below.","168","Dungeons & Raids","4348",,"131072","10"
"snapshot_non_legion_category","True","1284","Outland Dungeonmaster","Complete the Burning Crusade dungeon achievements listed below.","168","Dungeons & Raids","4088",,"131072","10"
"snapshot_non_legion_category","True","1285","Classic Raider","Complete the classic raid achievements listed below.","168","Dungeons & Raids","6186",,"131072","20"
"snapshot_non_legion_category","True","1286","Outland Raider","Complete the Burning Crusade raid achievements listed below.","168","Dungeons & Raids","4385",,"131072","20"
"snapshot_non_legion_category","True","1287","Outland Dungeon Hero","Complete the Burning Crusade Heroic dungeon achievements listed below.","168","Dungeons & Raids","863",,"131072","20"
"snapshot_non_legion_category","True","1288","Northrend Dungeonmaster","Complete the Northrend dungeon achievements listed below.","168","Dungeons & Raids","4616",,"131072","10"
"snapshot_non_legion_category","True","1289","Northrend Dungeon Hero","Complete the Northrend Heroic dungeon achievements listed below.","168","Dungeons & Raids","6169",,"131072","20"
"snapshot_non_legion_category","True","1291","Lonely?","Enjoy a Buttermilk Delight with someone in Dalaran at a Romantic Picnic during the Love is in the Air celebration.","187","Love is in the Air","454",,"0","10"
"snapshot_non_legion_category","True","1292","Yellow Brewfest Stein","Proud owner of the 2007 Vintage Yellow Brewfest Stein.","15274","Events","132",,"2048","0"
"snapshot_non_legion_category","True","1293","Blue Brewfest Stein","Proud owner of the 2008 Vintage Blue Brewfest Stein.","15274","Events","8093",,"2048","0"
"snapshot_non_legion_category","True","1295","Crashin' & Thrashin'","Gain 25 crashes with your Crashin' Thrashin' Racer during the Feast of Winter Veil.","156","Winter Veil","4683",,"0","10"
"snapshot_non_legion_category","True","1296","Watch Him Die","Defeat Krik'thir the Gatewatcher in Azjol-Nerub on Heroic Difficulty while Watcher Gashra, Watcher Narji, and Watcher Silthik are still alive.","14806","Lich King Dungeon","4444",,"0","10"
"snapshot_non_legion_category","True","1297","Hadronox Denied","Defeat Hadronox in Azjol-Nerub on Heroic Difficulty before he webs the top doors and prevents more creatures from spawning.","14806","Lich King Dungeon","10726",,"0","10"
"snapshot_non_legion_category","True","1298","Different bandage types used","Different bandage types used","145","Consumables","24827",,"33","0"
"snapshot_non_legion_category","True","1299","Health potion used most","Health potion used most","145","Consumables","24874",,"1","0"
"snapshot_non_legion_category","True","1300","Different health potions used","Different health potions used","145","Consumables","24922",,"33","0"
"snapshot_non_legion_category","True","1301","Mana potion used most","Mana potion used most","145","Consumables","24974",,"17","0"
"snapshot_non_legion_category","True","1302","Different mana potions used","Different mana potions used","145","Consumables","25016",,"1","0"
"snapshot_non_legion_category","True","1303","Elixir consumed most","Elixir consumed most","145","Consumables","25075",,"17","0"
"snapshot_non_legion_category","True","1304","Different elixirs used","Different elixirs used","145","Consumables","25204",,"33","0"
"snapshot_non_legion_category","True","1305","Flask consumed most","Flask consumed most","145","Consumables","25345",,"17","0"
"snapshot_non_legion_category","True","1306","Different flasks consumed","Different flasks consumed","145","Consumables","25393",,"33","0"
"snapshot_non_legion_category","True","1307","Upper Blackrock Spire (Classic)","Defeat General Drakkisath.","15277","Dungeons","4106",,"2048","0"
"snapshot_non_legion_category","True","1308","Strand of the Ancients Victory","Win Strand of the Ancients.","14881","Strand of the Ancients","6466",,"0","10"
"snapshot_non_legion_category","True","1309","Strand of the Ancients Veteran","Complete 100 victories in Strand of the Ancients.","14881","Strand of the Ancients","4556",,"0","10"
"snapshot_non_legion_category","True","1310","Storm the Beach","Capture the Titan Relic in under four minutes.","14881","Strand of the Ancients","4131",,"0","20"
"snapshot_non_legion_category","True","1311","Medium Rare","Kill one of the extremely rare and hard to find Outland creatures listed below.","14779","Outland","5008",,"0","10"
"snapshot_non_legion_category","True","1312","Bloody Rare","Kill all of the extremely rare and hard to find Outland creatures listed below.","14779","Outland","7952",,"131072","25"
"snapshot_non_legion_category","True","1336","Creature type killed the most","Creature type killed the most","135","Creatures","4686",,"17","0"
"snapshot_non_legion_category","True","1337","Different creature types killed","Different creature types killed","135","Creatures","1860",,"33","0"
"snapshot_non_legion_category","True","1339","Mage portal taken most","Mage portal taken most","134","Travel","10377",,"1","0"
"snapshot_non_legion_category","True","1356","I've Toured the Fjord","Complete the Howling Fjord storylines listed below.","14863","Northrend","10553",,"0","10"
"snapshot_non_legion_category","True","1357","Fo' Grizzle My Shizzle","Complete the Grizzly Hills storylines listed below.","14863","Northrend","6538",,"0","10"
"snapshot_non_legion_category","True","1358","Nothing Boring About Borean","Complete the Borean Tundra storylines listed below.","14863","Northrend","5434",,"0","10"
"snapshot_non_legion_category","True","1359","Might of Dragonblight","Complete the Dragonblight storylines listed below.","14863","Northrend","4014",,"0","10"
"snapshot_non_legion_category","True","1361","Anub'Rekhan kills (Naxxramas 10 player)","Anub'Rekhan kills (Naxxramas 10 player)","14823","Wrath of the Lich King","8271",,"1","10"
"snapshot_non_legion_category","True","1362","Grand Widow Faerlina kills (Naxxramas 10 player)","Grand Widow Faerlina kills (Naxxramas 10 player)","14823","Wrath of the Lich King","12975",,"1","10"
"snapshot_non_legion_category","True","1363","Maexxna kills (Naxxramas 10 player)","Maexxna kills (Naxxramas 10 player)","14823","Wrath of the Lich King","4001",,"1","10"
"snapshot_non_legion_category","True","1364","Patchwerk kills (Naxxramas 10 player)","Patchwerk kills (Naxxramas 10 player)","14823","Wrath of the Lich King","8274",,"1","10"
"snapshot_non_legion_category","True","1365","Noth the Plaguebringer kills (Naxxramas 10 player)","Noth the Plaguebringer kills (Naxxramas 10 player)","14823","Wrath of the Lich King","6541",,"1","10"
"snapshot_non_legion_category","True","1366","Gothik the Harvester kills (Naxxramas 10 player)","Gothik the Harvester kills (Naxxramas 10 player)","14823","Wrath of the Lich King","2138",,"1","10"
"snapshot_non_legion_category","True","1367","Patchwerk kills (Naxxramas 25 player)","Patchwerk kills (Naxxramas 25 player)","14823","Wrath of the Lich King","13713",,"1","10"
"snapshot_non_legion_category","True","1368","Anub'Rekhan kills (Naxxramas 25 player)","Anub'Rekhan kills (Naxxramas 25 player)","14823","Wrath of the Lich King","7361",,"1","10"
"snapshot_non_legion_category","True","1369","Heigan the Unclean kills (Naxxramas 10 player)","Heigan the Unclean kills (Naxxramas 10 player)","14823","Wrath of the Lich King","14102",,"1","10"
"snapshot_non_legion_category","True","1370","Loatheb kills (Naxxramas 10 player)","Loatheb kills (Naxxramas 10 player)","14823","Wrath of the Lich King","12978",,"1","10"
"snapshot_non_legion_category","True","1371","Grobbulus kills (Naxxramas 10 player)","Grobbulus kills (Naxxramas 10 player)","14823","Wrath of the Lich King","14392",,"1","10"
"snapshot_non_legion_category","True","1372","Gluth kills (Naxxramas 10 player)","Gluth kills (Naxxramas 10 player)","14823","Wrath of the Lich King","6544",,"1","10"
"snapshot_non_legion_category","True","1373","Thaddius kills (Naxxramas 10 player)","Thaddius kills (Naxxramas 10 player)","14823","Wrath of the Lich King","7080",,"1","10"
"snapshot_non_legion_category","True","1374","Instructor Razuvious kills (Naxxramas 10 player)","Instructor Razuvious kills (Naxxramas 10 player)","14823","Wrath of the Lich King","3769",,"1","10"
"snapshot_non_legion_category","True","1375","Four Horsemen kills (Naxxramas 10 player)","Four Horsemen kills (Naxxramas 10 player)","14823","Wrath of the Lich King","7083",,"1","10"
"snapshot_non_legion_category","True","1376","Sapphiron kills (Naxxramas 10 player)","Sapphiron kills (Naxxramas 10 player)","14823","Wrath of the Lich King","8570",,"1","10"
"snapshot_non_legion_category","True","1377","Kel'Thuzad kills (Naxxramas 10 player)","Kel'Thuzad kills (Naxxramas 10 player)","14823","Wrath of the Lich King","7974",,"1","10"
"snapshot_non_legion_category","True","1378","Gluth kills (Naxxramas 25 player)","Gluth kills (Naxxramas 25 player)","14823","Wrath of the Lich King","8573",,"1","10"
"snapshot_non_legion_category","True","1379","Gothik the Harvester kills (Naxxramas 25 player)","Gothik the Harvester kills (Naxxramas 25 player)","14823","Wrath of the Lich King","4335",,"1","10"
"snapshot_non_legion_category","True","1380","Grand Widow Faerlina kills (Naxxramas 25 player)","Grand Widow Faerlina kills (Naxxramas 25 player)","14823","Wrath of the Lich King","221",,"1","10"
"snapshot_non_legion_category","True","1381","Grobbulus kills (Naxxramas 25 player)","Grobbulus kills (Naxxramas 25 player)","14823","Wrath of the Lich King","14057",,"1","10"
"snapshot_non_legion_category","True","1382","Heigan the Unclean kills (Naxxramas 25 player)","Heigan the Unclean kills (Naxxramas 25 player)","14823","Wrath of the Lich King","9009",,"1","10"
"snapshot_non_legion_category","True","1383","Four Horsemen kills (Naxxramas 25 player)","Four Horsemen kills (Naxxramas 25 player)","14823","Wrath of the Lich King","7986",,"1","10"
"snapshot_non_legion_category","True","1384","Instructor Razuvious kills (Naxxramas 25 player)","Instructor Razuvious kills (Naxxramas 25 player)","14823","Wrath of the Lich King","12981",,"1","10"
"snapshot_non_legion_category","True","1385","Loatheb kills (Naxxramas 25 player)","Loatheb kills (Naxxramas 25 player)","14823","Wrath of the Lich King","13716",,"1","10"
"snapshot_non_legion_category","True","1386","Maexxna kills (Naxxramas 25 player)","Maexxna kills (Naxxramas 25 player)","14823","Wrath of the Lich King","10678",,"1","10"
"snapshot_non_legion_category","True","1387","Noth the Plaguebringer kills (Naxxramas 25 player)","Noth the Plaguebringer kills (Naxxramas 25 player)","14823","Wrath of the Lich King","6931",,"1","10"
"snapshot_non_legion_category","True","1388","Thaddius kills (Naxxramas 25 player)","Thaddius kills (Naxxramas 25 player)","14823","Wrath of the Lich King","6904",,"1","10"
"snapshot_non_legion_category","True","1389","Sapphiron kills (Naxxramas 25 player)","Sapphiron kills (Naxxramas 25 player)","14823","Wrath of the Lich King","7018",,"1","10"
"snapshot_non_legion_category","True","1390","Kel'Thuzad kills (Naxxramas 25 player)","Kel'Thuzad kills (Naxxramas 25 player)","14823","Wrath of the Lich King","8346",,"1","10"
"snapshot_non_legion_category","True","1391","Malygos kills (10 player)","Malygos kills (10 player)","14823","Wrath of the Lich King","6711",,"1","10"
"snapshot_non_legion_category","True","1392","Sartharion kills (Chamber of the Aspects 10 player)","Sartharion kills (Chamber of the Aspects 10 player)","14823","Wrath of the Lich King","2826",,"1","10"
"snapshot_non_legion_category","True","1393","Sartharion kills (Chamber of the Aspects 25 player)","Sartharion kills (Chamber of the Aspects 25 player)","14823","Wrath of the Lich King","14846",,"1","10"
"snapshot_non_legion_category","True","1394","Malygos kills (25 player)","Malygos kills (25 player)","14823","Wrath of the Lich King","3596",,"1","10"
"snapshot_non_legion_category","True","1396","Elders of Northrend","Honor the Elders which are located in Northrend.","160","Lunar Festival","4915",,"0","10"
"snapshot_non_legion_category","True","1400","Realm First! Magic Seeker","Participated in the realm first defeat of Malygos in 25-player mode.","81","Feats of Strength","5186",,"768","0"
"snapshot_non_legion_category","True","1402","Realm First! Conqueror of Naxxramas","Participated in the realm first defeat of Kel'Thuzad in Naxxramas in 25-player mode.","81","Feats of Strength","4912",,"768","0"
"snapshot_non_legion_category","True","1404","Realm First! Level 80 Gnome","First gnome on the realm to achieve level 80.","81","Feats of Strength","5524",,"256","0"
"snapshot_non_legion_category","True","1405","Realm First! Level 80 Blood Elf","First blood elf on the realm to achieve level 80.","81","Feats of Strength","6708",,"256","0"
"snapshot_non_legion_category","True","1406","Realm First! Level 80 Draenei","First draenei on the realm to achieve level 80.","81","Feats of Strength","5701",,"256","0"
"snapshot_non_legion_category","True","1407","Realm First! Level 80 Dwarf","First dwarf on the realm to achieve level 80.","81","Feats of Strength","4883",,"256","0"
"snapshot_non_legion_category","True","1408","Realm First! Level 80 Human","First human on the realm to achieve level 80.","81","Feats of Strength","5826",,"256","0"
"snapshot_non_legion_category","True","1409","Realm First! Level 80 Night Elf","First night elf on the realm to achieve level 80.","81","Feats of Strength","5196",,"256","0"
"snapshot_non_legion_category","True","1410","Realm First! Level 80 Orc","First orc on the realm to achieve level 80.","81","Feats of Strength","8644",,"256","0"
"snapshot_non_legion_category","True","1411","Realm First! Level 80 Tauren","First tauren on the realm to achieve level 80.","81","Feats of Strength","4886",,"256","0"
"snapshot_non_legion_category","True","1412","Realm First! Level 80 Troll","First troll on the realm to achieve level 80.","81","Feats of Strength","5867",,"256","0"
"snapshot_non_legion_category","True","1413","Realm First! Level 80 Forsaken","First forsaken on the realm to achieve level 80.","81","Feats of Strength","4935",,"256","0"
"snapshot_non_legion_category","True","1414","Realm First! Grand Master Blacksmith","First person on the realm to achieve 450 skill in blacksmithing.","81","Feats of Strength","5870",,"256","0"
"snapshot_non_legion_category","True","1415","Realm First! Grand Master Alchemist","First person on the realm to achieve 450 skill in alchemy.","81","Feats of Strength","5864",,"256","0"
"snapshot_non_legion_category","True","1416","Realm First! Grand Master Cook","First person on the realm to achieve 450 skill in cooking.","81","Feats of Strength","5527",,"256","0"
"snapshot_non_legion_category","True","1417","Realm First! Grand Master Enchanter","First person on the realm to achieve 450 skill in enchanting.","81","Feats of Strength","6656",,"256","0"
"snapshot_non_legion_category","True","1418","Realm First! Grand Master Engineer","First person on the realm to achieve 450 skill in engineering.","81","Feats of Strength","5230",,"256","0"
"snapshot_non_legion_category","True","1419","Realm First! Grand Master Medic","First person on the realm to achieve 450 skill in first aid.","81","Feats of Strength","5855",,"256","0"
"snapshot_non_legion_category","True","1420","Realm First! Grand Master Angler","First person on the realm to achieve 450 skill in fishing.","81","Feats of Strength","755",,"256","0"
"snapshot_non_legion_category","True","1421","Realm First! Grand Master Herbalist","First person on the realm to achieve 450 skill in herbalism.","81","Feats of Strength","6653",,"256","0"
"snapshot_non_legion_category","True","1422","Realm First! Grand Master Scribe","First person on the realm to achieve 450 skill in inscription.","81","Feats of Strength","6705",,"256","0"
"snapshot_non_legion_category","True","1423","Realm First! Grand Master Jewelcrafter","First person on the realm to achieve 450 skill in jewelcrafting.","81","Feats of Strength","5189",,"256","0"
"snapshot_non_legion_category","True","1424","Realm First! Grand Master Leatherworker","First person on the realm to achieve 450 skill in leatherworking.","81","Feats of Strength","6907",,"256","0"
"snapshot_non_legion_category","True","1425","Realm First! Grand Master Miner","First person on the realm to achieve 450 skill in mining.","81","Feats of Strength","8647",,"256","0"
"snapshot_non_legion_category","True","1426","Realm First! Grand Master Skinner","First person on the realm to achieve 450 skill in skinning.","81","Feats of Strength","4338",,"256","0"
"snapshot_non_legion_category","True","1427","Realm First! Grand Master Tailor","First person on the realm to achieve 450 skill in tailoring.","81","Feats of Strength","12876",,"256","0"
"snapshot_non_legion_category","True","1428","Mine Sweeper","Get caught in 10 consecutive land mine explosions in the Sparksocket Minefield without landing.","14863","Northrend","4938",,"0","10"
"snapshot_non_legion_category","True","1436","Friends In High Places","Obtain a Zhevra mount through the Recruit-a-Friend program.","15269","Mounts","13708",,"133120","0"
"snapshot_non_legion_category","True","1456","Fish and other things caught","Fish and other things caught","178","Secondary Skills","5655",,"1","0"
"snapshot_non_legion_category","True","1457","Explore Crystalsong Forest","Explore Crystalsong Forest, revealing the covered areas of the world map.","14780","Northrend","5271",,"0","10"
"removed_after_legion","False","1458","Continent with the most Honorable Kills","Continent with the most Honorable Kills","136","Honorable Kills","5548",,"17","0"
"snapshot_non_legion_category","True","1462","Badges of Justice acquired","Badges of Justice acquired","15176","Legacy","17882",,"524289","0"
"snapshot_non_legion_category","True","1463","Realm First! Northrend Vanguard","First person on the realm to gain Exalted reputation with the Argent Crusade, Wyrmrest Accord, Kirin Tor and Knights of the Ebon Blade.","81","Feats of Strength","8087",,"256","0"
"snapshot_non_legion_category","True","1464","Emblems of Heroism acquired","Emblems of Heroism acquired","15176","Legacy","10716",,"524289","0"
"snapshot_non_legion_category","True","1465","Emblems of Valor acquired","Emblems of Valor acquired","15176","Legacy","5658",,"524289","0"
"removed_after_legion","False","1466","Most Alliance factions at Exalted","Most Alliance factions at Exalted","147","Reputation","5661",,"1","0"
"snapshot_non_legion_category","True","1467","Lich King 5-player bosses defeated","Lich King 5-player bosses killed","14807","Dungeons & Raids","13995",,"1","10"
"snapshot_non_legion_category","True","1486","Strand of the Ancients Honorable Kills","Strand of the Ancients Honorable Kills","136","Honorable Kills","7712",,"1","0"
"snapshot_non_legion_category","True","1487","Total Killing Blows","Total Killing Blows","137","Killing Blows","2274",,"1","0"
"snapshot_non_legion_category","True","1488","World Killing Blows","Cumulative for Azeroth, Northrend etc.","137","Killing Blows","5729",,"9","0"
"removed_after_legion","False","1489","Continent with the most Killing Blows","Continent with the most Killing Blows","137","Killing Blows","5820",,"17","0"
"snapshot_non_legion_category","True","1490","Arena Killing Blows","Arena Killing Blows","137","Killing Blows","14188",,"1","0"
"snapshot_non_legion_category","True","1491","Battleground Killing Blows","Battleground Killing Blows","137","Killing Blows","7715",,"1","0"
"snapshot_non_legion_category","True","1492","2v2 Arena Killing Blows","2v2 Arena Killing Blows","137","Killing Blows","7723",,"1","0"
"snapshot_non_legion_category","True","1493","3v3 Arena Killing Blows","3v3 Arena Killing Blows","137","Killing Blows","7726",,"1","0"
"snapshot_non_legion_category","True","1494","5v5 Arena Killing Blows","5v5 Arena Killing Blows","137","Killing Blows","7729",,"1","0"
"snapshot_non_legion_category","True","1495","Alterac Valley Killing Blows","Alterac Valley Killing Blows","137","Killing Blows","7732",,"1","0"
"snapshot_non_legion_category","True","1496","Arathi Basin Killing Blows","Arathi Basin Killing Blows","137","Killing Blows","10681",,"1","0"
"snapshot_non_legion_category","True","1497","Warsong Gulch Killing Blows","Warsong Gulch Killing Blows","137","Killing Blows","10180",,"1","0"
"snapshot_non_legion_category","True","1498","Eye of the Storm Killing Blows","Eye of the Storm Killing Blows","137","Killing Blows","8084",,"1","0"
"snapshot_non_legion_category","True","1499","Strand of the Ancients Killing Blows","Strand of the Ancients Killing Blows","137","Killing Blows","7830",,"1","0"
"removed_after_legion","False","1500","Deaths in Strand of the Ancients","Deaths in Strand of the Ancients","124","Battlegrounds","3772",,"1","0"
"snapshot_non_legion_category","True","1501","Total deaths from other players","Total deaths from other players","21","Player vs. Player","5849",,"1","0"
"snapshot_non_legion_category","True","1502","Quick Cap","Grab the flag and capture it in under 75 seconds.","14804","Warsong Gulch","4752",,"0","10"
"snapshot_non_legion_category","True","1504","Ingvar the Plunderer kills (Heroic Utgarde Keep)","Ingvar the Plunderer kills (Heroic Utgarde Keep)","14823","Wrath of the Lich King","10550",,"1","5"
"snapshot_non_legion_category","True","1505","Keristrasza kills (Heroic Nexus)","Keristrasza kills (Heroic Nexus)","14823","Wrath of the Lich King","8676",,"1","5"
"snapshot_non_legion_category","True","1506","Anub'arak kills (Heroic Azjol-Nerub)","Anub'arak kills (Heroic Azjol-Nerub)","14823","Wrath of the Lich King","3095",,"1","5"
"snapshot_non_legion_category","True","1507","Herald Volazj kills (Heroic Ahn'kahet)","Herald Volazj kills (Heroic Ahn'kahet)","14823","Wrath of the Lich King","8428",,"1","5"
"snapshot_non_legion_category","True","1508","The Prophet Tharon'ja kills (Heroic Drak'Tharon Keep)","The Prophet Tharon'ja kills (Heroic Drak'Tharon Keep)","14823","Wrath of the Lich King","10673",,"1","5"
"snapshot_non_legion_category","True","1509","Cyanigosa kills (Heroic Violet Hold)","Cyanigosa kills (Heroic Violet Hold)","14823","Wrath of the Lich King","839",,"1","5"
"snapshot_non_legion_category","True","1510","Gal'darah kills (Heroic Gundrak)","Gal'darah kills (Heroic Gundrak)","14823","Wrath of the Lich King","3388",,"1","5"
"snapshot_non_legion_category","True","1511","Sjonnir the Ironshaper kills (Heroic Halls of Stone)","Sjonnir the Ironshaper kills (Heroic Halls of Stone)","14823","Wrath of the Lich King","9674",,"1","5"
"snapshot_non_legion_category","True","1512","Loken kills (Heroic Halls of Lightning)","Loken kills (Heroic Halls of Lightning)","14823","Wrath of the Lich King","1452",,"1","5"
"snapshot_non_legion_category","True","1513","Ley-Guardian Eregos kills (Heroic Oculus)","Ley-Guardian Eregos kills (Heroic Oculus)","14823","Wrath of the Lich King","6969",,"1","5"
"snapshot_non_legion_category","True","1514","King Ymiron kills (Heroic Utgarde Pinnacle)","King Ymiron kills (Heroic Utgarde Pinnacle)","14823","Wrath of the Lich King","12353",,"1","5"
"snapshot_non_legion_category","True","1515","Mal'Ganis defeated (Heroic CoT: Stratholme)","Mal'Ganis defeated (Heroic CoT: Stratholme)","14823","Wrath of the Lich King","3222",,"1","5"
"snapshot_non_legion_category","True","1516","Accomplished Angler","Complete the fishing achievements listed below.","171","Fishing","3235",,"143360","10"
"snapshot_non_legion_category","True","1517","Northrend Angler","Catch a fish in each of the specific nodes listed below.","171","Fishing","5438",,"0","10"
"snapshot_non_legion_category","True","1518","Fish caught","Fish caught","178","Secondary Skills","3226",,"1","0"
"snapshot_non_legion_category","True","1519","Fishing skill","Fishing skill","178","Secondary Skills","2068",,"1","0"
"snapshot_non_legion_category","True","1524","Cooking skill","Cooking skill","178","Secondary Skills","2768",,"1","0"
"snapshot_non_legion_category","True","1525","Cooking daily quests completed","Cooking daily quests completed","178","Secondary Skills","5249",,"9","10"
"snapshot_non_legion_category","True","1526","Fishing daily quests completed","Fishing daily quests completed","178","Secondary Skills","14287",,"1","10"
"snapshot_non_legion_category","True","1527","Highest Alchemy skill","Highest Alchemy skill","173","Professions","2771",,"1","0"
"snapshot_non_legion_category","True","1532","Highest Blacksmithing skill","Highest Blacksmithing skill","173","Professions","13719",,"1","0"
"snapshot_non_legion_category","True","1535","Highest Enchanting skill","Highest Enchanting skill","173","Professions","2147",,"1","0"
"snapshot_non_legion_category","True","1536","Highest Leatherworking skill","Highest Leatherworking skill","173","Professions","802",,"1","0"
"snapshot_non_legion_category","True","1537","Highest Mining skill","Highest Mining skill","173","Professions","4004",,"1","0"
"snapshot_non_legion_category","True","1538","Highest Herbalism skill","Highest Herbalism skill","173","Professions","6732",,"1","0"
"snapshot_non_legion_category","True","1539","Highest Inscription skill","Highest Inscription skill","173","Professions","1067",,"1","0"
"snapshot_non_legion_category","True","1540","Highest Jewelcrafting skill","Highest Jewelcrafting skill","173","Professions","8431",,"1","0"
"snapshot_non_legion_category","True","1541","Highest Skinning skill","Highest Skinning skill","173","Professions","1070",,"1","0"
"snapshot_non_legion_category","True","1542","Highest Tailoring skill","Highest Tailoring skill","173","Professions","14965",,"1","0"
"snapshot_non_legion_category","True","1544","Highest Engineering skill","Highest Engineering skill","173","Professions","1073",,"1","0"
"snapshot_non_legion_category","True","1545","Ring of Valor matches","Ring of Valor matches","152","Rated Arenas","14327",,"1","0"
"snapshot_non_legion_category","True","1546","Ring of Valor victories","Ring of Valor victories","152","Rated Arenas","5132",,"1","0"
"snapshot_non_legion_category","True","1547","Dalaran Sewers matches","Dalaran Sewers matches","152","Rated Arenas","5726",,"1","0"
"snapshot_non_legion_category","True","1548","Dalaran Sewers victories","Dalaran Sewers victories","152","Rated Arenas","6759",,"1","0"
"snapshot_non_legion_category","True","1549","Strand of the Ancients battles","","153","Battlegrounds","5233",,"1","0"
"snapshot_non_legion_category","True","1550","Strand of the Ancients victories","","153","Battlegrounds","5236",,"1","0"
"snapshot_non_legion_category","True","1552","Frenzied Firecracker","Shoot off 10 Festival Firecrackers in 30 seconds or less.","160","Lunar Festival","97",,"0","10"
"snapshot_non_legion_category","True","1556","25 Fish","Fish up 25 items.","171","Fishing","3127",,"0","10"
"snapshot_non_legion_category","True","1557","50 Fish","Fish up 50 items.","171","Fishing","6972",,"0","10"
"snapshot_non_legion_category","True","1558","100 Fish","Fish up 100 items.","171","Fishing","3124",,"0","10"
"snapshot_non_legion_category","True","1559","250 Fish","Fish up 250 items.","171","Fishing","860",,"0","10"
"snapshot_non_legion_category","True","1560","500 Fish","Fish up 500 items.","171","Fishing","4191",,"0","10"
"snapshot_non_legion_category","True","1561","1000 Fish","Fish up 1000 items.","171","Fishing","3130",,"0","10"
"snapshot_non_legion_category","True","1563","Hail to the Chef","Complete the cooking achievements listed below.","170","Cooking","6975",,"143360","10"
"snapshot_non_legion_category","True","1576","Of Blood and Anguish","Complete the Ring of Blood quests in Nagrand and the Ampitheater of Anguish quests in Zul'Drak.","96","Quests","5128",,"0","10"
"snapshot_non_legion_category","True","1596","Guru of Drakuru","Complete the main storyline quests involving Drakuru listed below.","14863","Northrend","5239",,"0","10"
"snapshot_non_legion_category","True","1636","Competitor's Tabard","Proud owner of a Competitor's Tabard from the 2008 Spirit of Competition event.","15274","Events","14284",,"2048","0"
"snapshot_non_legion_category","True","1637","Spirit of Competition","Proud owner of a Spirit of Competition pet from the 2008 Spirit of Competition event.","15274","Events","2741",,"2048","0"
"snapshot_non_legion_category","True","1638","Skyshattered","Defeat Captain Skyshatter in the Dragonmaw race on Netherwing Ledge.","14865","The Burning Crusade","10338",,"0","10"
"snapshot_non_legion_category","True","1656","Hallowed Be Thy Name","Complete the Hallow's End achievements listed below.","155","World Events","4995",,"131072","10"
"snapshot_non_legion_category","True","1658","Champion of the Frozen Wastes","Defeat the dungeon and raid bosses listed below.","168","Dungeons & Raids","16549",,"131072","10"
"snapshot_non_legion_category","True","1676","Loremaster of Eastern Kingdoms","Complete the Eastern Kingdoms quest achievements listed below.","14861","Eastern Kingdoms","65059",,"131072","10"
"snapshot_non_legion_category","True","1678","Loremaster of Kalimdor","Complete the Kalimdor quest achievements listed below.","15081","Kalimdor","10258",,"131072","10"
"snapshot_non_legion_category","True","1683","Brewmaster","Complete the Brewfest achievements listed below.","155","World Events","17098",,"131072","10"
"snapshot_non_legion_category","True","1685","Bros. Before Ho Ho Ho's","Use Mistletoe on the Horde ""Brothers"" during the Feast of Winter Veil.","156","Winter Veil","15124",,"0","10"
"snapshot_non_legion_category","True","1686","Bros. Before Ho Ho Ho's","Use Mistletoe on the Alliance ""Brothers"" during the Feast of Winter Veil.","156","Winter Veil","8625",,"0","10"
"snapshot_non_legion_category","True","1687","Let It Snow","During the Feast of Winter Veil, use a Handful of Snowflakes on each of the race/class combinations listed below.","156","Winter Veil","4889",,"0","10"
"snapshot_non_legion_category","True","1688","The Winter Veil Gourmet","During the Feast of Winter Veil, use your culinary expertise to produce a Gingerbread Cookie, Winter Veil Egg Nog and Hot Apple Cider.","156","Winter Veil","1587",,"0","10"
"snapshot_non_legion_category","True","1689","He Knows If You've Been Naughty","Open one of the presents underneath the Winter Veil tree once they are available.","156","Winter Veil","4672",,"0","10"
"snapshot_non_legion_category","True","1690","A Frosty Shake","During the Feast of Winter Veil, use your Winter Veil Disguise kit to become a snowman and then dance with another snowman in Dalaran.","156","Winter Veil","11114",,"0","10"
"snapshot_non_legion_category","True","1691","Merrymaker","Complete the Winter Veil achievements listed below.","155","World Events","10392",,"131072","10"
"snapshot_non_legion_category","True","1693","Fool For Love","Complete the Love is in the Air achievements listed below.","155","World Events","11119",,"131072","10"
"snapshot_non_legion_category","True","1694","Lovely Luck Is On Your Side","Open a Lovely Dress Box and receive a Lovely Black Dress.","187","Love is in the Air","2367",,"0","10"
"snapshot_non_legion_category","True","1695","Dangerous Love","Assist the Steamwheedle Cartel in stopping the sinister Crown Chemical Co. plot.","187","Love is in the Air","14524",,"0","10"
"snapshot_non_legion_category","True","1696","The Rocket's Pink Glare","Shoot off 10 Love Rockets in 20 seconds or less.","187","Love is in the Air","464",,"0","10"
"snapshot_non_legion_category","True","1697","Nation of Adoration","Complete the Lovely Charm Bracelet daily quest for each Alliance capital.","187","Love is in the Air","10667",,"0","10"
"snapshot_non_legion_category","True","1698","Nation of Adoration","Complete the Lovely Charm Bracelet daily quest for each Horde capital.","187","Love is in the Air","8758",,"0","10"
"snapshot_non_legion_category","True","1699","Fistful of Love","Use a Handful of Rose Petals on each of the race/class combinations listed below.","187","Love is in the Air","780",,"0","10"
"snapshot_non_legion_category","True","1700","Perma-Peddle","Obtain a permanent Peddlefeet pet by procuring a Truesilver Shafted Arrow.","187","Love is in the Air","11185",,"0","10"
"snapshot_non_legion_category","True","1701","Be Mine!","Eat the eight ""Bag of Candies"" heart candies listed below.","187","Love is in the Air","10650",,"0","10"
"snapshot_non_legion_category","True","1702","Sweet Tooth","Sample the Love is in the Air candies listed below.","187","Love is in the Air","2023",,"0","10"
"snapshot_non_legion_category","True","1703","My Love is Like a Red, Red Rose","Obtain a Bouquet of Red or Ebon Roses during the Love is in the Air celebration.","187","Love is in the Air","10660",,"0","10"
"snapshot_non_legion_category","True","1704","I Pitied The Fool","Pity the Love Fool in the locations specified below.","187","Love is in the Air","11189",,"0","10"
"snapshot_non_legion_category","True","1705","Clockwork Rocket Bot","Proud owner of the 2007 Vintage Winter Veil gift, the Clockwork Rocket Bot.","15274","Events","10253",,"2048","0"
"snapshot_non_legion_category","True","1706","Crashin' Thrashin' Racer","Proud owner of the 2008 Vintage Winter Veil gift, the Crashin' Thrashin' Racer.","15274","Events","9680",,"2048","0"
"removed_after_legion","False","1716","Battleground with the most Killing Blows","Battleground with the most Killing Blows","137","Killing Blows","14865",,"1","0"
"snapshot_non_legion_category","True","1717","Wintergrasp Victory","Win the battle for Wintergrasp.","14901","Wintergrasp","9684",,"0","10"
"snapshot_non_legion_category","True","1718","Wintergrasp Veteran","Win 100 battles for Wintergrasp.","14901","Wintergrasp","3766",,"0","10"
"removed_after_legion","False","1719","Battleground with the most Honorable Kills","Battleground with the most Honorable Kills","136","Honorable Kills","9687",,"1","0"
"snapshot_non_legion_category","True","1721","Archavon the Stone Watcher (25 player)","Defeat Archavon the Stone Watcher in 25 player mode.","14901","Wintergrasp","13722",,"0","10"
"snapshot_non_legion_category","True","1722","Archavon the Stone Watcher (10 player)","Defeat Archavon the Stone Watcher in 10 player mode.","14901","Wintergrasp","16414",,"0","10"
"snapshot_non_legion_category","True","1723","Vehicular Gnomeslaughter","Kill 100 players in Wintergrasp using a vehicle or a cannon.","14901","Wintergrasp","14235",,"128","10"
"snapshot_non_legion_category","True","1727","Leaning Tower","Destroy a tower in Wintergrasp.","14901","Wintergrasp","7735",,"0","10"
"snapshot_non_legion_category","True","1729","Alchemy Recipes learned","Alchemy Recipes learned","173","Professions","5520",,"1","0"
"snapshot_non_legion_category","True","1730","Blacksmithing Plans learned","Blacksmithing Plans learned","173","Professions","3218",,"1","0"
"snapshot_non_legion_category","True","1734","Engineering Schematics learned","Engineering Schematics learned","173","Professions","11269",,"1","0"
"snapshot_non_legion_category","True","1735","Inscriptions learned","Inscriptions learned","173","Professions","9127",,"1","0"
"snapshot_non_legion_category","True","1737","Destruction Derby","Destroy each of the vehicles listed below.","14901","Wintergrasp","14641",,"0","10"
"snapshot_non_legion_category","True","1738","Jewelcrafting Designs learned","Jewelcrafting Designs learned","173","Professions","6534",,"1","0"
"snapshot_non_legion_category","True","1740","Leatherworking Patterns learned","Leatherworking Patterns learned","173","Professions","15133",,"1","0"
"snapshot_non_legion_category","True","1741","Tailoring Patterns learned","Tailoring Patterns learned","173","Professions","14242",,"1","0"
"snapshot_non_legion_category","True","1745","Cooking Recipes known","Cooking Recipes known","178","Secondary Skills","10050",,"1","0"
"snapshot_non_legion_category","True","1748","First Aid Manuals learned","First Aid Manuals learned","178","Secondary Skills","14647",,"1","0"
"snapshot_non_legion_category","True","1751","Didn't Stand a Chance","Kill 20 mounted players using a tower cannon.","14901","Wintergrasp","12615",,"0","10"
"snapshot_non_legion_category","True","1752","Master of Wintergrasp","Complete the Wintergrasp achievements listed below.","14901","Wintergrasp","14246",,"135168","10"
"snapshot_non_legion_category","True","1753","Archavon the Stone Watcher kills (Wintergrasp 10 player)","Archavon the Stone Watcher kills (Wintergrasp 10 player)","14823","Wrath of the Lich King","14941",,"1","10"
"snapshot_non_legion_category","True","1754","Archavon the Stone Watcher kills (Wintergrasp 25 player)","Archavon the Stone Watcher kills (Wintergrasp 25 player)","14823","Wrath of the Lich King","14302",,"1","10"
"snapshot_non_legion_category","True","1755","Within Our Grasp","Attack Wintergrasp and succeed in 10 minutes or less.","14901","Wintergrasp","14261",,"0","10"
"snapshot_non_legion_category","True","1756","Lich King 25-player bosses defeated","Lich King 25-player bosses killed","14807","Dungeons & Raids","10057",,"1","0"
"snapshot_non_legion_category","True","1757","Defense of the Ancients","Defend the beach without losing any walls.","14881","Strand of the Ancients","14258",,"0","10"
"snapshot_non_legion_category","True","1760","Lich King 25-player boss defeated the most","Lich King 25-player boss killed the most","14807","Dungeons & Raids","10189",,"1","0"
"snapshot_non_legion_category","True","1761","The Dapper Sapper","Plant 100 Seaforium charges which successfully damage a wall.","14881","Strand of the Ancients","16417",,"0","10"
"snapshot_non_legion_category","True","1762","Not Even a Scratch","Win a Strand of the Ancients battle without losing any siege vehicles.","14881","Strand of the Ancients","15001",,"0","10"
"snapshot_non_legion_category","True","1763","Artillery Veteran","Destroy 100 vehicles using a turret.","14881","Strand of the Ancients","11182",,"0","10"
"snapshot_non_legion_category","True","1764","Drop It!","Kill 100 players carrying seaforium.","14881","Strand of the Ancients","12618",,"0","10"
"snapshot_non_legion_category","True","1765","Steady Hands","Disarm 2 seaforium charges in a single battle.","14881","Strand of the Ancients","11344",,"0","10"
"snapshot_non_legion_category","True","1766","Ancient Protector","Kill 10 players in the Courtyard of the Ancients in a single battle.","14881","Strand of the Ancients","12621",,"0","10"
"snapshot_non_legion_category","True","1768","Lich King 25-player raids completed (final boss defeated)","Lich King 25-player raids completed (final boss killed)","14807","Dungeons & Raids","12879",,"1","0"
"snapshot_non_legion_category","True","1770","Lich King 10-player bosses defeated","Lich King 10-player bosses killed","14807","Dungeons & Raids","9867",,"1","0"
"snapshot_non_legion_category","True","1772","Lich King 10-player boss defeated the most","Lich King 10-player boss killed the most","14807","Dungeons & Raids","12887",,"1","0"
"snapshot_non_legion_category","True","1773","Beverage consumed most","Beverage consumed most","145","Consumables","25451",,"1","0"
"snapshot_non_legion_category","True","1774","Different beverages consumed","Different beverages consumed","145","Consumables","25673",,"1","0"
"snapshot_non_legion_category","True","1775","Different foods eaten","Different foods eaten","145","Consumables","25909",,"33","0"
"snapshot_non_legion_category","True","1776","Food eaten most","Food eaten most","145","Consumables","26423",,"17","0"
"snapshot_non_legion_category","True","1777","The Northrend Gourmet","Cook 15 of the Northrend recipes listed below.","170","Cooking","16877",,"0","10"
"snapshot_non_legion_category","True","1778","The Northrend Gourmet","Cook 30 of the Northrend recipes listed below.","170","Cooking","12664",,"0","10"
"snapshot_non_legion_category","True","1779","The Northrend Gourmet","Cook 45 of the Northrend recipes listed below.","170","Cooking","16924",,"0","10"
"snapshot_non_legion_category","True","1780","Second That Emotion","Eat each one of the ""emotion"" foods listed below.","170","Cooking","14959",,"0","10"
"snapshot_non_legion_category","True","1781","Critter Gitter","Using Critter Bites, coerce 10 critters to be your pet within 3 minutes or less.","170","Cooking","12711",,"0","10"
"snapshot_non_legion_category","True","1782","Our Daily Bread","Complete each of the cooking daily quests offered by Katherine Lee in Dalaran.","170","Cooking","12779",,"0","10"
"snapshot_non_legion_category","True","1783","Our Daily Bread","Complete each of the cooking daily quests offered by Awilo Lon'gomba in Dalaran.","170","Cooking","12772",,"0","10"
"snapshot_non_legion_category","True","1785","Dinner Impossible","Present a Great Feast in each of the battlegrounds listed below.","170","Cooking","14634",,"0","10"
"snapshot_non_legion_category","True","1786","School of Hard Knocks","Take your orphan into the battlegrounds and complete the feats listed below.","163","Children's Week","14305",,"0","10"
"snapshot_non_legion_category","True","1788","Bad Example","Eat the sweets listed below while your orphan is watching.","163","Children's Week","9721",,"0","10"
"snapshot_non_legion_category","True","1789","Daily Chores","Complete five daily quests with your orphan out.","163","Children's Week","14989",,"0","10"
"snapshot_non_legion_category","True","1790","Hail To The King, Baby","Defeat King Ymiron in Utgarde Pinnacle with your orphan out.","163","Children's Week","10347",,"0","10"
"snapshot_non_legion_category","True","1791","Home Alone","Use your Hearthstone while your orphan is with you.","163","Children's Week","8635",,"0","10"
"snapshot_non_legion_category","True","1792","Aw, Isn't It Cute?","Obtain one of the Children's Week reward pets through questing.","163","Children's Week","12941",,"0","10"
"snapshot_non_legion_category","True","1793","For the Children","Complete the Children's Week achievements listed below.","155","World Events","12656",,"131072","10"
"snapshot_non_legion_category","True","1795","Lunch Lady","Learn 25 cooking recipes.","170","Cooking","12963",,"128","10"
"snapshot_non_legion_category","True","1796","Short Order Cook","Learn 50 cooking recipes.","170","Cooking","14992",,"128","10"
"snapshot_non_legion_category","True","1797","Chef de Partie","Learn 75 cooking recipes.","170","Cooking","8936",,"128","10"
"snapshot_non_legion_category","True","1798","Sous Chef","Learn 100 cooking recipes.","170","Cooking","14944",,"128","10"
"snapshot_non_legion_category","True","1799","Chef de Cuisine","Learn 160 cooking recipes.","170","Cooking","14406",,"128","10"
"snapshot_non_legion_category","True","1800","The Outland Gourmet","Cook each of the Outland cooking recipes listed below.","170","Cooking","16522",,"0","10"
"snapshot_non_legion_category","True","1801","Captain Rumsey's Lager","Brew up some of Captain Rumsey's Lager.","170","Cooking","14717",,"0","10"
"snapshot_non_legion_category","True","1816","Defenseless","Defeat Cyanigosa in The Violet Hold without using Defense Control Crystals and with Prison Seal Integrity at 100% while in Heroic Difficulty.","14806","Lich King Dungeon","16971",,"0","10"
"snapshot_non_legion_category","True","1817","The Culling of Time","Defeat the Infinite Corruptor in The Culling of Stratholme on Heroic Difficulty.","14806","Lich King Dungeon","14521",,"0","10"
"snapshot_non_legion_category","True","1832","Tastes Like Chicken","Sample 50 different kinds of Azeroth's delectable dishes.","92","General","13185",,"128","10"
"snapshot_non_legion_category","True","1833","It's Happy Hour Somewhere","Drink 25 different types of beverages.","92","General","12078",,"128","10"
"snapshot_non_legion_category","True","1834","Lightning Struck","Defeat General Bjarngrim in the Halls of Lightning on Heroic Difficulty while he has a Temporary Electrical Charge.","14806","Lich King Dungeon","9099",,"0","10"
"snapshot_non_legion_category","True","1836","Old Crafty","Fish up Old Crafty in Orgrimmar.","171","Fishing","16566",,"0","10"
"snapshot_non_legion_category","True","1837","Old Ironjaw","Fish up Old Ironjaw in Ironforge.","171","Fishing","9736",,"0","10"
"snapshot_non_legion_category","True","1856","Make Quick Werk of Him (10 player)","Defeat Patchwerk in Naxxramas in 3 minutes or less in 10-player mode.","14922","Lich King Raid","1275",,"0","10"
"snapshot_non_legion_category","True","1857","Make Quick Werk of Him (25 player)","Kill Patchwerk in Naxxramas in 3 minutes or less in 25-player mode.","14922","Lich King Raid","9733",,"0","10"
"snapshot_non_legion_category","True","1858","Arachnophobia (10 player)","Defeat Maexxna in Naxxramas within 20 minutes of Anub'Rekhan's death in 10-player mode.","14922","Lich King Raid","6650",,"0","10"
"snapshot_non_legion_category","True","1859","Arachnophobia (25 player)","Kill Maexxna in Naxxramas within 20 minutes of Anub'Rekhan's death in 25-player mode.","14922","Lich King Raid","10723",,"0","10"
"snapshot_non_legion_category","True","1860","Gotta Go!","Defeat Anub'arak in Azjol-Nerub on Heroic Difficulty in 4 minutes or less.","14806","Lich King Dungeon","16570",,"0","10"
"snapshot_non_legion_category","True","1862","Volazj's Quick Demise","Defeat Herald Volazj in Ahn'kahet on Heroic Difficulty in 2 minutes or less.","14806","Lich King Dungeon","14986",,"0","10"
"snapshot_non_legion_category","True","1864","What the Eck?","Defeat Gal'darah in Gundrak on Heroic Difficulty while under the effects of Eck Residue.","14806","Lich King Dungeon","11273",,"0","10"
"snapshot_non_legion_category","True","1865","Lockdown!","Defeat Xevozz, Lavanthor, Ichoron, Zuramat the Obliterator, Erekem, and Moragg in The Violet Hold on Heroic Difficulty.","14806","Lich King Dungeon","10996",,"0","10"
"snapshot_non_legion_category","True","1866","Good Grief","Defeat the Maiden of Grief in the Halls of Stone on Heroic Difficulty in 1 minute or less.","14806","Lich King Dungeon","8853",,"0","10"
"snapshot_non_legion_category","True","1867","Timely Death","Defeat Loken in the Halls of Lightning on Heroic Difficulty in 2 minutes or less.","14806","Lich King Dungeon","12966",,"0","10"
"snapshot_non_legion_category","True","1868","Make It Count","Defeat Ley-Guardian Eregos in The Oculus on Heroic Difficulty within 20 minutes of Drakos the Interrogator's death.","14806","Lich King Dungeon","11213",,"0","10"
"snapshot_non_legion_category","True","1869","A Poke in the Eye (10 player)","Defeat Malygos with fewer than 9 in 10-player mode.","14922","Lich King Raid","11004",,"0","10"
"snapshot_non_legion_category","True","1870","A Poke in the Eye (25 player)","Defeat Malygos with fewer than 21 in 25-player mode.","14922","Lich King Raid","13992",,"0","10"
"snapshot_non_legion_category","True","1871","Experienced Drake Rider","On three different visits to The Oculus, get credit for defeating Ley-Guardian Eregos while riding an Amber, Emerald, and Ruby drake on Heroic Difficulty.","14806","Lich King Dungeon","10556",,"0","10"
"snapshot_non_legion_category","True","1872","Zombiefest!","Kill 100 Risen Zombies in 1 minute in The Culling of Stratholme on Heroic Difficulty.","14806","Lich King Dungeon","13753",,"0","10"
"snapshot_non_legion_category","True","1873","Lodi Dodi We Loves the Skadi","Defeat Skadi the Ruthless in Utgarde Pinnacle on Heroic Difficulty within 3 minutes of starting the gauntlet event.","14806","Lich King Dungeon","9012",,"0","10"
"snapshot_non_legion_category","True","1874","You Don't Have an Eternity (10 player)","Defeat Malygos in 6 minutes or less in 10-player mode.","14922","Lich King Raid","9042",,"0","10"
"snapshot_non_legion_category","True","1875","You Don't Have an Eternity (25 player)","Defeat Malygos in 6 minutes or less in 25-player mode.","14922","Lich King Raid","16974",,"0","10"
"snapshot_non_legion_category","True","1876","Besting the Black Dragonflight (10 player)","Defeat Sartharion the Onyx Guardian in 10-player mode.","14922","Lich King Raid","8988",,"0","10"
"snapshot_non_legion_category","True","1877","Less Is More (25 player)","Defeat Sartharion the Onyx Guardian and the Twilight Drakes with fewer than 21 players in 25-player mode.","14922","Lich King Raid","10133",,"0","10"
"snapshot_non_legion_category","True","1919","On The Rocks","Defeat Prince Keleseth in Utgarde Keep on Heroic Difficulty without shattering any Frost Tombs.","14806","Lich King Dungeon","9864",,"0","10"
"snapshot_non_legion_category","True","1936","Does Your Wolpertinger Linger?","Obtain a Wolpertinger pet from the Brewfest quest line.","162","Brewfest","2093",,"0","10"
"snapshot_non_legion_category","True","1956","Higher Learning","Read the volumes of ""The Schools of Arcane Magic"" found in Dalaran listed below.","14780","Northrend","9029",,"0","10"
"snapshot_non_legion_category","True","1957","There's Gold In That There Fountain","Fish up the gold coins listed below from the Dalaran fountain.","171","Fishing","13736",,"0","10"
"snapshot_non_legion_category","True","1958","I Smell A Giant Rat","Fish up the Giant Sewer Rat from The Underbelly in Dalaran.","171","Fishing","4066",,"0","10"
"snapshot_non_legion_category","True","1976","Dalaran Cooking Awards gained","Dalaran Cooking Awards gained","178","Secondary Skills","10350",,"1","0"
"snapshot_non_legion_category","True","1977","Dalaran Jewelcrafter's Tokens gained","Dalaran Jewelcrafter's Tokens gained","173","Professions","12411",,"1","0"
"snapshot_non_legion_category","True","1996","The Safety Dance (10 player)","Defeat Heigan the Unclean in Naxxramas without anyone in the raid dying in 10 player mode.","14922","Lich King Raid","15196",,"0","10"
"snapshot_non_legion_category","True","1997","Momma Said Knock You Out (10 player)","Defeat Grand Widow Faerlina in Naxxramas without dispelling or preventing frenzy in 10 player mode.","14922","Lich King Raid","8741",,"0","10"
"snapshot_non_legion_category","True","1998","Cooking Award","Obtain a Cooking Award.","170","Cooking","14492",,"0","10"
"snapshot_non_legion_category","True","1999","10 Cooking Awards","Obtain 10 Cooking Awards.","170","Cooking","13763",,"128","10"
"snapshot_non_legion_category","True","2000","25 Cooking Awards","Obtain 25 Cooking Awards.","170","Cooking","13756",,"128","10"
"snapshot_non_legion_category","True","2001","50 Cooking Awards","Obtain 50 Cooking Awards.","170","Cooking","7024",,"136","10"
"snapshot_non_legion_category","True","2002","100 Cooking Awards","Obtain 100 Cooking Awards.","170","Cooking","11220",,"136","10"
"snapshot_non_legion_category","True","2016","Grizzled Veteran","Complete the Grizzly Hills PvP daily quests listed below.","95","Player vs. Player","14499",,"0","10"
"snapshot_non_legion_category","True","2017","Grizzled Veteran","Complete the Grizzly Hills PvP daily quests listed below.","95","Player vs. Player","14510",,"0","10"
"snapshot_non_legion_category","True","2018","Timear Foresees","Complete the Northrend daily dungeon quests listed below.","15234","Legacy","10118",,"2048","0"
"snapshot_non_legion_category","True","2019","Proof of Demise","Completed the Northrend daily dungeon quests listed below.","15234","Legacy","9740",,"2048","0"
"snapshot_non_legion_category","True","2036","Intense Cold","Defeat Keristrasza in The Nexus on Heroic Difficulty without allowing Intense Cold to reach more than two stacks.","14806","Lich King Dungeon","9015",,"0","10"
"snapshot_non_legion_category","True","2037","Chaos Theory","Defeat Anomalus in The Nexus on Heroic Difficulty without destroying any Chaotic Rifts.","14806","Lich King Dungeon","10124",,"0","10"
"snapshot_non_legion_category","True","2038","Respect Your Elders","Defeat Elder Nadox in Ahn'kahet on Heroic Difficulty without killing any Ahn'kahar Guardians.","14806","Lich King Dungeon","8738",,"0","10"
"snapshot_non_legion_category","True","2039","Better Off Dred","Engage King Dred in Drak'Tharon Keep on Heroic Difficulty and slay 6 Drakkari Gutrippers or Drakkari Scytheclaw during his defeat.","14806","Lich King Dungeon","12624",,"0","10"
"snapshot_non_legion_category","True","2040","Less-rabi","Defeat Moorabi in Gundrak on Heroic Difficulty while preventing him from transforming into a mammoth at any point during the encounter.","14806","Lich King Dungeon","14321",,"0","10"
"snapshot_non_legion_category","True","2041","Dehydration","Defeat Ichoron in the Violet Hold on Heroic Difficulty without allowing any Ichor Globules to merge.","14806","Lich King Dungeon","14950",,"0","10"
"snapshot_non_legion_category","True","2042","Shatter Resistant","Defeat Volkhan in the Halls of Lightning on Heroic Difficulty without allowing him to shatter more than 4 Brittle Golems.","14806","Lich King Dungeon","16874",,"0","10"
"snapshot_non_legion_category","True","2043","The Incredible Hulk","Force Svala Sorrowgrave to kill a Scourge Hulk on Heroic Difficulty in Utgarde Pinnacle.","14806","Lich King Dungeon","14676",,"0","10"
"snapshot_non_legion_category","True","2044","Ruby Void","Defeat Ley-Guardian Eregos in The Oculus on Heroic Difficulty without anyone in your party using a Ruby Drake.","14806","Lich King Dungeon","8752",,"0","10"
"snapshot_non_legion_category","True","2045","Emerald Void","Defeat Ley-Guardian Eregos in The Oculus on Heroic Difficulty without anyone in your party using an Emerald Drake.","14806","Lich King Dungeon","14720",,"0","10"
"snapshot_non_legion_category","True","2046","Amber Void","Defeat Ley-Guardian Eregos in The Oculus on Heroic Difficulty without anyone in your party using an Amber Drake.","14806","Lich King Dungeon","5103",,"0","10"
"snapshot_non_legion_category","True","2047","Gonna Go When the Volcano Blows (10 player)","Defeat Sartharion the Onyx Guardian without getting hit by Lava Strike in 10 player mode.","14922","Lich King Raid","6210",,"0","10"
"snapshot_non_legion_category","True","2048","Gonna Go When the Volcano Blows (25 player)","Defeat Sartharion the Onyx Guardian without getting hit by Lava Strike in 25-player mode.","14922","Lich King Raid","13733",,"0","10"
"snapshot_non_legion_category","True","2049","Twilight Assist (10 player)","With at least one Twilight Drake still alive, engage and defeat Sartharion the Onyx Guardian in 10-player mode.","14922","Lich King Raid","5567",,"0","10"
"snapshot_non_legion_category","True","2050","Twilight Duo (10 player)","With at least two Twilight Drakes still alive, engage and defeat Sartharion the Onyx Guardian in 10-player mode.","14922","Lich King Raid","8850",,"0","10"
"snapshot_non_legion_category","True","2051","The Twilight Zone (10 player)","With all three Twilight Drakes still alive, engage and defeat Sartharion the Onyx Guardian in 10-player mode.","14922","Lich King Raid","12653",,"0","10"
"snapshot_non_legion_category","True","2052","Twilight Assist (25 player)","With at least one Twilight Drake still alive, engage and defeat Sartharion the Onyx Guardian in 25-player mode.","14922","Lich King Raid","14670",,"0","10"
"snapshot_non_legion_category","True","2053","Twilight Duo (25 player)","With at least two Twilight Drakes still alive, engage and defeat Sartharion the Onyx Guardian in 25-player mode.","14922","Lich King Raid","8838",,"0","10"
"snapshot_non_legion_category","True","2054","The Twilight Zone (25 player)","With all three Twilight Drakes still alive, engage and defeat Sartharion the Onyx Guardian in 25-player mode.","14922","Lich King Raid","14971",,"0","10"
"snapshot_non_legion_category","True","2056","Volunteer Work","Defeat Jedoga Shadowseeker in Ahn'kahet on Heroic Difficulty without killing any Twilight Volunteers.","14806","Lich King Dungeon","9945",,"0","10"
"snapshot_non_legion_category","True","2057","Oh Novos!","Defeat Novos the Summoner in Drak'Tharon Keep on Heroic Difficulty without allowing any undead minions to reach the floor.","14806","Lich King Dungeon","9006",,"0","10"
"snapshot_non_legion_category","True","2058","Snakes. Why'd It Have To Be Snakes?","Defeat Slad'ran in Gundrak on Heroic Difficulty without getting snake wrapped.","14806","Lich King Dungeon","12408",,"0","10"
"snapshot_non_legion_category","True","2076","Armored Brown Bear","Obtain an Armored Brown Bear from Mei Francis in Dalaran.","15248","Mounts","11216",,"131072","10"
"snapshot_non_legion_category","True","2077","Wooly Mammoth","Obtain a Wooly Mammoth from Mei Francis in Dalaran.","15248","Mounts","13104",,"131072","10"
"snapshot_non_legion_category","True","2078","Traveler's Tundra Mammoth","Obtain a Traveler's Tundra Mammoth from Mei Francis in Dalaran.","15248","Mounts","11039",,"131072","10"
"snapshot_non_legion_category","True","2079","Tabard of the Protector","Obtained a Tabard of the Protector from the Dark Portal event.","15274","Events","9948",,"2048","0"
"snapshot_non_legion_category","True","2080","Black War Mammoth","Obtain a Black War Mammoth.","14901","Wintergrasp","11043",,"131072","10"
"snapshot_non_legion_category","True","2081","Grand Black War Mammoth","Obtain a Grand Black War Mammoth.","15269","Mounts","11047",,"133248","0"
"snapshot_non_legion_category","True","2082","Ice Mammoth","Obtain an Ice Mammoth.","14866","Wrath of the Lich King","10341",,"131072","10"
"snapshot_non_legion_category","True","2083","Grand Ice Mammoth","Obtain a Grand Ice Mammoth.","14866","Wrath of the Lich King","123",,"0","10"
"snapshot_non_legion_category","True","2084","Ring of the Kirin Tor","Purchase a Signet of the Kirin Tor, Band of the Kirin Tor, Loop of the Kirin Tor, or Ring of the Kirin Tor in Dalaran.","15246","Collections","8638",,"0","10"
"snapshot_non_legion_category","True","2085","50 Stone Keeper's Shards","Loot 50 Stone Keeper's Shards.","15280","Currencies","11051",,"2048","0"
"snapshot_non_legion_category","True","2086","100 Stone Keeper's Shards","Loot 100 Stone Keeper's Shards.","15280","Currencies","14395",,"2048","0"
"snapshot_non_legion_category","True","2087","250 Stone Keeper's Shards","Loot 250 Stone Keeper's Shards.","15280","Currencies","14881",,"2048","0"
"snapshot_non_legion_category","True","2088","500 Stone Keeper's Shards","Loot 500 Stone Keeper's Shards.","15280","Currencies","14673",,"2048","0"
"snapshot_non_legion_category","True","2089","1000 Stone Keeper's Shards","Loot 1000 Stone Keeper's Shards.","15280","Currencies","11007",,"2048","0"
"snapshot_non_legion_category","True","2090","Challenger","Earn the Challenger title in an arena season.","165","Arena","12725",,"0","10"
"snapshot_non_legion_category","True","2091","Gladiator","Earn the Gladiator title in an arena season.","165","Arena","10561",,"12288","10"
"snapshot_non_legion_category","True","2092","Duelist","Earn the Duelist title in an arena season.","165","Arena","14311",,"4096","10"
"snapshot_non_legion_category","True","2093","Rival","Earn the Rival title in an arena season.","165","Arena","12737",,"4096","10"
"snapshot_non_legion_category","True","2094","A Penny For Your Thoughts","Fish up the copper coins listed below from the Dalaran fountain.","171","Fishing","12748",,"0","10"
"snapshot_non_legion_category","True","2095","Silver in the City","Fish up the silver coins listed below from the Dalaran fountain.","171","Fishing","8721",,"0","10"
"snapshot_non_legion_category","True","2096","The Coin Master","Complete the coin fishing achievements listed below.","171","Fishing","8797",,"131072","10"
"snapshot_non_legion_category","True","2097","Get to the Choppa!","Obtain a Mekgineer's Chopper or a Mechano-hog.","15248","Mounts","10536",,"131072","10"
"snapshot_non_legion_category","True","2116","Tabard of the Argent Dawn","Obtained a Tabard of the Argent Dawn from the Scourge Invasion event.","15274","Events","12650",,"2048","0"
"snapshot_non_legion_category","True","2136","Glory of the Hero","Complete the Heroic dungeon achievements listed below.","168","Dungeons & Raids","9760",,"131072","25"
"snapshot_non_legion_category","True","2137","Glory of the Raider (10 player)","Complete the 10-player raid achievements listed below.","168","Dungeons & Raids","8905",,"131072","25"
"snapshot_non_legion_category","True","2138","Glory of the Raider (25 player)","Complete the 25-player raid achievements listed below.","168","Dungeons & Raids","10626",,"131072","25"
"snapshot_non_legion_category","True","2139","The Safety Dance (25 player)","Defeat Heigan the Unclean in Naxxramas without anyone in the raid dying in 25-player mode.","14922","Lich King Raid","9730",,"0","10"
"snapshot_non_legion_category","True","2140","Momma Said Knock You Out (25 player)","Defeat Grand Widow Faerlina in Naxxramas without dispelling or preventing frenzy in 25-player mode.","14922","Lich King Raid","10608",,"0","10"
"snapshot_non_legion_category","True","2141","Stable Keeper","Obtain 10 mounts (usable by a single character).","15248","Mounts","10644",,"131072","10"
"snapshot_non_legion_category","True","2142","Filling Up The Barn","Obtain 25 mounts (usable by a single character).","15248","Mounts","10605",,"131072","10"
"snapshot_non_legion_category","True","2143","Leading the Cavalry","Obtain 50 mounts (usable by a single character).","15248","Mounts","10647",,"131072","10"
"snapshot_non_legion_category","True","2144","What a Long, Strange Trip It's Been","Complete the world events achievements listed below.","155","World Events","10454",,"143360","50"
"snapshot_non_legion_category","True","2146","The Hundred Club (10 player)","Defeat Sapphiron in Naxxramas without any member of the raid having a frost resist value over 100 in 10-player mode.","14922","Lich King Raid","13776",,"0","10"
"snapshot_non_legion_category","True","2147","The Hundred Club (25 player)","Defeat Sapphiron in Naxxramas without any member of the raid having a frost resist value over 100 in 25-player mode.","14922","Lich King Raid","14732",,"0","10"
"snapshot_non_legion_category","True","2148","Denyin' the Scion (10 player)","Deliver a killing blow to a Scion of Eternity while riding on a hover disk in 10-player mode.","14922","Lich King Raid","10684",,"0","10"
"snapshot_non_legion_category","True","2149","Denyin' the Scion (25 player)","Deliver a killing blow to a Scion of Eternity while riding on a hover disk in 25-player mode.","14922","Lich King Raid","14651",,"0","10"
"snapshot_non_legion_category","True","2150","Split Personality","Defeat Grand Magus Telestra in The Nexus on Heroic Difficulty after having killed her images within 5 seconds of the first one dying during each split.","14806","Lich King Dungeon","9800",,"0","10"
"snapshot_non_legion_category","True","2151","Consumption Junction","Defeat Trollgore in Drak'Tharon Keep on Heroic Difficulty before Consume reaches ten stacks.","14806","Lich King Dungeon","13067",,"0","10"
"snapshot_non_legion_category","True","2152","Share The Love","Defeat Gal'darah in Gundrak on Heroic Difficulty and have 5 unique party members get impaled throughout the fight.","14806","Lich King Dungeon","10611",,"0","10"
"snapshot_non_legion_category","True","2153","A Void Dance","Defeat Zuramat the Obliterator in The Violet Hold on Heroic Difficulty without killing any void sentries.","14806","Lich King Dungeon","10540",,"0","10"
"snapshot_non_legion_category","True","2154","Brann Spankin' New","Defeat the Tribunal of Ages encounter in the Halls of Stone on Heroic Difficulty without allowing Brann Bronzebeard to take any damage.","14806","Lich King Dungeon","8985",,"0","10"
"snapshot_non_legion_category","True","2155","Abuse the Ooze","Defeat Sjonnir the Ironshaper in the Halls of Stone on Heroic Difficulty and kill 5 Iron Sludges during the encounter.","14806","Lich King Dungeon","10047",,"0","10"
"snapshot_non_legion_category","True","2156","My Girl Loves to Skadi All the Time","Defeat Skadi the Ruthless in Utgarde Pinnacle on Heroic Difficulty after having killed Grauf from 100% to dead in a single pass.","14806","Lich King Dungeon","10713",,"0","10"
"snapshot_non_legion_category","True","2157","King's Bane","Defeat King Ymiron in Utgarde Pinnacle on Heroic Difficulty without anyone in the party triggering Bane.","14806","Lich King Dungeon","14654",,"0","10"
"snapshot_non_legion_category","True","2176","And They Would All Go Down Together (10 player)","Defeat the 4 Horsemen in Naxxramas, ensuring that they all die within 15 seconds of each other in 10-player mode.","14922","Lich King Raid","13108",,"0","10"
"snapshot_non_legion_category","True","2177","And They Would All Go Down Together (25 player)","Defeat the 4 Horsemen in Naxxramas, ensuring that they all die within 15 seconds of each other in 25-player mode.","14922","Lich King Raid","13179",,"0","10"
"snapshot_non_legion_category","True","2178","Shocking! (10 player)","Defeat Thaddius in Naxxramas without anyone in the raid crossing the negative and positive charges in 10-player mode.","14922","Lich King Raid","10614",,"0","10"
"snapshot_non_legion_category","True","2179","Shocking! (25 player)","Defeat Thaddius in Naxxramas without anyone in the raid crossing the negative and positive charges in 25 player mode.","14922","Lich King Raid","15137",,"0","10"
"snapshot_non_legion_category","True","2180","Subtraction (10 player)","Defeat Thaddius in Naxxramas with less than 9 players in 10-player mode.","14922","Lich King Raid","11179",,"0","10"
"snapshot_non_legion_category","True","2181","Subtraction (25 player)","Defeat Thaddius in Naxxramas with less than 21 players in 25-player mode.","14922","Lich King Raid","11207",,"0","10"
"snapshot_non_legion_category","True","2182","Spore Loser (10 player)","Defeat Loatheb in Naxxramas without killing any spores in 10-player mode.","14922","Lich King Raid","9803",,"0","10"
"snapshot_non_legion_category","True","2183","Spore Loser (25 player)","Defeat Loatheb in Naxxramas without killing any spores in 25-player mode.","14922","Lich King Raid","9806",,"0","10"
"snapshot_non_legion_category","True","2184","Just Can't Get Enough (10 player)","Defeat Kel'Thuzad in Naxxramas while killing at least 18 abominations in his chamber in 10 player mode.","14922","Lich King Raid","9957",,"0","10"
"snapshot_non_legion_category","True","2185","Just Can't Get Enough (25 player)","Defeat Kel'Thuzad in Naxxramas while killing at least 18 abominations in his chamber in 25-player mode.","14922","Lich King Raid","14667",,"0","10"
"snapshot_non_legion_category","True","2186","The Immortal","Within one raid lockout period, defeat every boss in Naxxramas without allowing any raid member to die during any of the boss encounters in 25-player mode.","15278","Raids","12500",,"2048","0"
"snapshot_non_legion_category","True","2187","The Undying","Within one raid lockout period, defeat every boss in Naxxramas without allowing any raid member to die during any of the boss encounters in 10-player mode.","15278","Raids","11133",,"2048","0"
"snapshot_non_legion_category","True","2188","Leeeeeeeeeeeeeroy!","Kill 50 rookery whelps within 15 seconds.","15277","Dungeons","12368",,"2048","0"
"snapshot_non_legion_category","True","2189","Artillery Expert","Destroy 5 vehicles using a turret in a single battle.","14881","Strand of the Ancients","11210",,"0","10"
"snapshot_non_legion_category","True","2190","Drop It Now!","Kill 5 players carrying seaforium in a single battle.","14881","Strand of the Ancients","12371",,"0","10"
"snapshot_non_legion_category","True","2191","Ancient Courtyard Protector","Kill 100 players in the Courtyard of the Ancients.","14881","Strand of the Ancients","8939",,"0","10"
"snapshot_non_legion_category","True","2192","Not Even a Scratch","Win a Strand of the Ancients battle without losing any siege vehicles.","14881","Strand of the Ancients","12291",,"0","10"
"snapshot_non_legion_category","True","2193","Explosives Expert","Plant 5 Seaforium charges which successfully damage a wall in a single battle.","14881","Strand of the Ancients","8967",,"0","10"
"snapshot_non_legion_category","True","2194","Master of Strand of the Ancients","Complete the Strand of the Ancients achievements listed below.","14881","Strand of the Ancients","8970",,"135168","25"
"snapshot_non_legion_category","True","2199","Wintergrasp Ranger","Kill 10 players in each of the Wintergrasp areas listed below.","14901","Wintergrasp","10467",,"0","10"
"snapshot_non_legion_category","True","2200","Defense of the Ancients","Defend the beach without losing any walls.","14881","Strand of the Ancients","14195",,"0","10"
"removed_after_legion","False","2219","Total deaths in 5-player Heroic dungeons","Total deaths in 5-player heroic dungeons","125","Dungeons","13770",,"1","0"
"snapshot_non_legion_category","True","2256","Northern Exposure","Kill one of the extremely rare and hard to find Northrend creatures listed below.","14780","Northrend","9821",,"0","10"
"snapshot_non_legion_category","True","2257","Frostbitten","Kill all of the extremely rare and hard to find Northrend creatures listed below.","14780","Northrend","8942",,"131072","25"
"snapshot_non_legion_category","True","2277","Summons accepted","Summons accepted","134","Travel","9846",,"1","0"
"snapshot_non_legion_category","True","2316","Brutal Nether Drake","Obtain the Brutal Nether Drake from Arena Season 4 of The Burning Crusade.","15269","Mounts","12530",,"2048","0"
"snapshot_non_legion_category","True","2336","Insane in the Membrane","Raise your reputation to Honored with the Bloodsail Buccaneers, and Exalted with Booty Bay, Everlook, Gadgetzan, Ratchet, Darkmoon Faire, and Ravenholdt.","15273","Reputation","10687",,"2048","0"
"snapshot_non_legion_category","True","2357","Dreadsteed of Xoroth","Completed the Dreadsteed of Xoroth warlock quest.","15234","Legacy","8825",,"2048","0"
"snapshot_non_legion_category","True","2358","Charger","Completed the paladin quest to obtain a Charger.","15234","Legacy","11196",,"2048","0"
"snapshot_non_legion_category","True","2359","Swift Flight Form","Completed the druid quest to obtain Swift Flight Form.","15234","Legacy","11200",,"2048","0"
"removed_after_legion","False","2396","Battleground played the most","Battleground played the most","153","Battlegrounds","11279",,"1","0"
"removed_after_legion","False","2397","Battleground won the most","Battleground won the most","153","Battlegrounds","8828",,"1","0"
"snapshot_non_legion_category","True","2398","WoW's 4th Anniversary","Logged in during WoW's 4th Anniversary.","15274","Events","11204",,"2048","0"
"snapshot_non_legion_category","True","2416","Hard Boiled","Lay an egg in Un'Goro Crater's Golakka Hot Springs as a rabbit during the Noblegarden celebration.","159","Noblegarden","12294",,"0","10"
"snapshot_non_legion_category","True","2417","Chocolate Lover","Eat 25 Noblegarden Chocolates during the Noblegarden celebration.","159","Noblegarden","13182",,"0","10"
"snapshot_non_legion_category","True","2418","Chocoholic","Eat 100 Noblegarden Chocolates during the Noblegarden celebration.","159","Noblegarden","8673",,"0","10"
"snapshot_non_legion_category","True","2419","Spring Fling","Find your pet Spring Rabbit another one to love in each of the towns listed below.","159","Noblegarden","12297",,"0","10"
"snapshot_non_legion_category","True","2420","Noble Garden","Hide a Brightly Colored Egg in Silvermoon City.","159","Noblegarden","10044",,"0","10"
"snapshot_non_legion_category","True","2421","Noble Garden","Hide a Brightly Colored Egg in Stormwind City.","159","Noblegarden","9960",,"0","10"
"snapshot_non_legion_category","True","2422","Shake Your Bunny-Maker","Use Spring Flowers to place rabbit ears upon females of at least 18th level.","159","Noblegarden","14735",,"0","10"
"snapshot_non_legion_category","True","2436","Desert Rose","Use Spring Robes to plant a flower in each of the deserts listed below.","159","Noblegarden","9963",,"0","10"
"snapshot_non_legion_category","True","2456","Vampire Hunter","Slew Prince Tenris Mirkblood and acquired his Vampiric Batling pet.","15274","Events","15013",,"2048","0"
"snapshot_non_legion_category","True","2476","Destruction Derby","Destroy each of the vehicles listed below.","14901","Wintergrasp","9970",,"0","10"
"snapshot_non_legion_category","True","2496","The Fifth Element","Obtain an Aqual Quintessence.","15271","Raids","9976",,"2048","0"
"snapshot_non_legion_category","True","2497","Spring Fling","Find your pet Spring Rabbit another one to love in each of the towns listed below.","159","Noblegarden","12524",,"0","10"
"snapshot_non_legion_category","True","2516","Lil' Game Hunter","Collect 75 unique pets.","15118","Collect","22158",,"135168","10"
"snapshot_non_legion_category","True","2536","Mountain o' Mounts","Obtain 100 mounts (usable by a single character).","15248","Mounts","3059",,"135168","10"
"snapshot_non_legion_category","True","2537","Mountain o' Mounts","Obtain 100 mounts (usable by a single character).","15248","Mounts","14389",,"135168","10"
"snapshot_non_legion_category","True","2556","Pest Control","Slay the following pests.","92","General","12388",,"0","10"
"snapshot_non_legion_category","True","2557","To All The Squirrels Who Shared My Life","Show more critters of Azeroth how much you /love them.","92","General","8808",,"0","10"
"snapshot_non_legion_category","True","2576","Blushing Bride","Kiss someone wearing an Elegant Dress while wearing a White Tuxedo Shirt and Black Tuxedo Pants.","159","Noblegarden","13779",,"0","10"
"snapshot_non_legion_category","True","2596","Mr. Bigglesworth kills","Mr. Bigglesworth kills","14823","Wrath of the Lich King","13782",,"1","10"
"snapshot_non_legion_category","True","2676","I Found One!","Find a Brightly Colored Egg.","159","Noblegarden","9112",,"0","10"
"snapshot_non_legion_category","True","2716","Dual Talent Specialization","Visit your class trainer when you are at least level 30 and activate your Dual Talent Specialization.","15234","Legacy","9654",,"2048","0"
"snapshot_non_legion_category","True","2756","Argent Aspiration","Train to compete in the Argent Tournament by becoming an Aspirant for your race's faction.","14941","Argent Tournament","10432",,"0","10"
"snapshot_non_legion_category","True","2758","Argent Valor","Train to compete in the Argent Tournament by becoming a Valiant for your race's faction.","14941","Argent Tournament","8399",,"0","10"
"snapshot_non_legion_category","True","2760","Exalted Champion of Darnassus","Earn exalted status with and the right to represent Darnassus in the Argent Tournament.","14941","Argent Tournament","7110",,"0","10"
"snapshot_non_legion_category","True","2761","Exalted Champion of the Exodar","Earn exalted status with and the right to represent the Exodar in the Argent Tournament.","14941","Argent Tournament","7896",,"0","10"
"snapshot_non_legion_category","True","2762","Exalted Champion of Gnomeregan","Earn exalted status with and the right to represent the Gnomeregan Exiles in the Argent Tournament.","14941","Argent Tournament","6991",,"0","10"
"snapshot_non_legion_category","True","2763","Exalted Champion of Ironforge","Earn exalted status with and the right to represent Ironforge in the Argent Tournament.","14941","Argent Tournament","11149",,"0","10"
"snapshot_non_legion_category","True","2764","Exalted Champion of Stormwind","Earn exalted status with and the right to represent Stormwind in the Argent Tournament.","14941","Argent Tournament","10356",,"0","10"
"snapshot_non_legion_category","True","2765","Exalted Champion of Orgrimmar","Earn exalted status with and the right to represent Orgrimmar in the Argent Tournament.","14941","Argent Tournament","7900",,"0","10"
"snapshot_non_legion_category","True","2766","Exalted Champion of Sen'jin","Earn exalted status with and the right to represent Sen'jin in the Argent Tournament.","14941","Argent Tournament","14356",,"0","10"
"snapshot_non_legion_category","True","2767","Exalted Champion of Silvermoon City","Earn exalted status with and the right to represent Silvermoon City in the Argent Tournament.","14941","Argent Tournament","8471",,"0","10"
"snapshot_non_legion_category","True","2768","Exalted Champion of Thunder Bluff","Earn exalted status with and the right to represent Thunder Bluff in the Argent Tournament.","14941","Argent Tournament","8559",,"0","10"
"snapshot_non_legion_category","True","2769","Exalted Champion of the Undercity","Earn exalted status with and the right to represent the Undercity in the Argent Tournament.","14941","Argent Tournament","8064",,"0","10"
"snapshot_non_legion_category","True","2770","Exalted Champion of the Alliance","Earn exalted status with and the right to represent every Alliance race's faction in the Argent Tournament.","14941","Argent Tournament","8504",,"131072","10"
"snapshot_non_legion_category","True","2771","Exalted Champion of the Horde","Earn exalted status with and the right to represent every Horde race's faction in the Argent Tournament.","14941","Argent Tournament","8563",,"131072","10"
"snapshot_non_legion_category","True","2772","Tilted!","Defeat another player in a mounted duel at the Argent Tournament.","14941","Argent Tournament","8501",,"0","10"
"snapshot_non_legion_category","True","2773","It's Just a Flesh Wound","Unmask and defeat the Black Knight at the Argent Tournament.","14941","Argent Tournament","7642",,"0","10"
"snapshot_non_legion_category","True","2777","Champion of Darnassus","Earn the right to represent Darnassus in the Argent Tournament.","14941","Argent Tournament","8074",,"0","10"
"snapshot_non_legion_category","True","2778","Champion of the Exodar","Earn the right to represent the Exodar in the Argent Tournament.","14941","Argent Tournament","10439",,"0","10"
"snapshot_non_legion_category","True","2779","Champion of Gnomeregan","Earn the right to represent the Gnomeregan Exiles in the Argent Tournament.","14941","Argent Tournament","7645",,"0","10"
"snapshot_non_legion_category","True","2780","Champion of Ironforge","Earn the right to represent Ironforge in the Argent Tournament.","14941","Argent Tournament","7706",,"0","10"
"snapshot_non_legion_category","True","2781","Champion of Stormwind","Earn the right to represent Stormwind in the Argent Tournament.","14941","Argent Tournament","8601",,"0","10"
"snapshot_non_legion_category","True","2782","Champion of the Alliance","Earn the right to represent every Alliance race's faction in the Argent Tournament.","14941","Argent Tournament","2159",,"131072","10"
"snapshot_non_legion_category","True","2783","Champion of Orgrimmar","Earn the right to represent Orgrimmar in the Argent Tournament.","14941","Argent Tournament","4811",,"0","10"
"snapshot_non_legion_category","True","2784","Champion of Sen'jin","Earn the right to represent Sen'jin in the Argent Tournament.","14941","Argent Tournament","8061",,"0","10"
"snapshot_non_legion_category","True","2785","Champion of Silvermoon City","Earn the right to represent Silvermoon City in the Argent Tournament.","14941","Argent Tournament","2166",,"0","10"
"snapshot_non_legion_category","True","2786","Champion of Thunder Bluff","Earn the right to represent Thunder Bluff in the Argent Tournament.","14941","Argent Tournament","8511",,"0","10"
"snapshot_non_legion_category","True","2787","Champion of the Undercity","Earn the right to represent the Undercity in the Argent Tournament.","14941","Argent Tournament","8991",,"0","10"
"snapshot_non_legion_category","True","2788","Champion of the Horde","Earn the right to represent every Horde race's faction in the Argent Tournament.","14941","Argent Tournament","3425",,"131072","10"
"snapshot_non_legion_category","True","2796","Brew of the Month","Join the Brew of the Month club.","162","Brewfest","11033",,"0","10"
"snapshot_non_legion_category","True","2798","Noble Gardener","Complete the Noblegarden achievements listed below.","155","World Events","8116",,"131072","10"
"snapshot_non_legion_category","True","2816","Exalted Argent Champion of the Horde","Earn exalted status with and the right to represent every Horde race's faction in the Argent Tournament.","14941","Argent Tournament","10314",,"131072","10"
"snapshot_non_legion_category","True","2817","Exalted Argent Champion of the Alliance","Earn exalted status with and the right to represent every Alliance race's faction in the Argent Tournament.","14941","Argent Tournament","10735",,"131072","10"
"snapshot_non_legion_category","True","2836","Lance a Lot","Best a rider of every racial faction at the Argent Tournament.","14941","Argent Tournament","8514",,"0","10"
"snapshot_non_legion_category","True","2856","Flame Leviathan kills (Ulduar 10 player)","Flame Leviathan kills (Ulduar 10 player)","14823","Wrath of the Lich King","9115",,"1","10"
"snapshot_non_legion_category","True","2857","Razorscale kills (Ulduar 10 player)","Razorscale kills (Ulduar 10 player)","14823","Wrath of the Lich King","7229",,"1","10"
"snapshot_non_legion_category","True","2858","Ignis the Furnace Master kills (Ulduar 10 player)","Ignis the Furnace Master kills (Ulduar 10 player)","14823","Wrath of the Lich King","12332",,"1","10"
"snapshot_non_legion_category","True","2859","XT-002 Deconstructor kills (Ulduar 10 player)","XT-002 Deconstructor kills (Ulduar 10 player)","14823","Wrath of the Lich King","13158",,"1","10"
"snapshot_non_legion_category","True","2860","Assembly of Iron kills (Ulduar 10 player)","Assembly of Iron kills (Ulduar 10 player)","14823","Wrath of the Lich King","14884",,"1","10"
"snapshot_non_legion_category","True","2861","Kologarn kills (Ulduar 10 player)","Kologarn kills (Ulduar 10 player)","14823","Wrath of the Lich King","14887",,"1","10"
"snapshot_non_legion_category","True","2862","Hodir victories (Ulduar 10 player)","Hodir victories (Ulduar 10 player)","14823","Wrath of the Lich King","10183",,"1","10"
"snapshot_non_legion_category","True","2863","Thorim victories (Ulduar 10 player)","Thorim victories (Ulduar 10 player)","14823","Wrath of the Lich King","8479",,"1","10"
"snapshot_non_legion_category","True","2864","Freya victories (Ulduar 10 player)","Freya victories (Ulduar 10 player)","14823","Wrath of the Lich King","12335",,"1","10"
"snapshot_non_legion_category","True","2865","Mimiron victories (Ulduar 10 player)","Mimiron victories (Ulduar 10 player)","14823","Wrath of the Lich King","8235",,"1","10"
"snapshot_non_legion_category","True","2866","General Vezax kills (Ulduar 10 player)","General Vezax kills (Ulduar 10 player)","14823","Wrath of the Lich King","7217",,"1","10"
"snapshot_non_legion_category","True","2867","Algalon the Observer kills (Ulduar 10 player)","Algalon the Observer kills (Ulduar 10 player)","14823","Wrath of the Lich King","8446",,"1","10"
"snapshot_non_legion_category","True","2868","Auriaya kills (Ulduar 10 player)","Auriaya kills (Ulduar 10 player)","14823","Wrath of the Lich King","12338",,"1","10"
"snapshot_non_legion_category","True","2869","Yogg-Saron kills (Ulduar 10 player)","Yogg-Saron kills (Ulduar 10 player)","14823","Wrath of the Lich King","13983",,"1","10"
"snapshot_non_legion_category","True","2870","Emalon the Storm Watcher kills (Wintergrasp 10 player)","Emalon the Storm Watcher kills (Wintergrasp 10 player)","14823","Wrath of the Lich King","14890",,"1","10"
"snapshot_non_legion_category","True","2872","Flame Leviathan kills (Ulduar 25 player)","Flame Leviathan kills (Ulduar 25 player)","14823","Wrath of the Lich King","14893",,"1","10"
"snapshot_non_legion_category","True","2873","Razorscale kills (Ulduar 25 player)","Razorscale kills (Ulduar 25 player)","14823","Wrath of the Lich King","14423",,"1","10"
"snapshot_non_legion_category","True","2874","Ignis the Furnace Master kills (Ulduar 25 player)","Ignis the Furnace Master kills (Ulduar 25 player)","14823","Wrath of the Lich King","14340",,"1","10"
"snapshot_non_legion_category","True","2875","Kologarn kills (Ulduar 25 player)","Kologarn kills (Ulduar 25 player)","14823","Wrath of the Lich King","9039",,"1","10"
"snapshot_non_legion_category","True","2879","Mimiron victories (Ulduar 25 player)","Mimiron victories (Ulduar 25 player)","14823","Wrath of the Lich King","8485",,"1","10"
"snapshot_non_legion_category","True","2880","General Vezax kills (Ulduar 25 player)","General Vezax kills (Ulduar 25 player)","14823","Wrath of the Lich King","7816",,"1","10"
"snapshot_non_legion_category","True","2881","Algalon the Observer kills (Ulduar 25 player)","Algalon the Observer kills (Ulduar 25 player)","14823","Wrath of the Lich King","14299",,"1","10"
"snapshot_non_legion_category","True","2882","Auriaya kills (Ulduar 25 player)","Auriaya kills (Ulduar 25 player)","14823","Wrath of the Lich King","13080",,"1","10"
"snapshot_non_legion_category","True","2883","Yogg-Saron kills (Ulduar 25 player)","Yogg-Saron kills (Ulduar 25 player)","14823","Wrath of the Lich King","14366",,"1","10"
"snapshot_non_legion_category","True","2884","XT-002 Deconstructor kills (Ulduar 25 player)","XT-002 Deconstructor kills (Ulduar 25 player)","14823","Wrath of the Lich King","8482",,"1","10"
"snapshot_non_legion_category","True","2885","Assembly of Iron kills (Ulduar 25 player)","Assembly of Iron kills (Ulduar 25 player)","14823","Wrath of the Lich King","14398",,"1","10"
"snapshot_non_legion_category","True","2886","The Siege of Ulduar (10 player)","Defeat the bosses of The Siege area of Ulduar in 10-player mode.","15278","Raids","13083",,"2048","0"
"snapshot_non_legion_category","True","2887","The Siege of Ulduar (25 player)","Defeat the bosses of The Siege area of Ulduar in 25-player mode.","15278","Raids","13089",,"2048","0"
"snapshot_non_legion_category","True","2888","The Antechamber of Ulduar (10 player)","Defeat the bosses of The Antechamber area of Ulduar in 10-player mode.","15278","Raids","7861",,"2048","0"
"snapshot_non_legion_category","True","2889","The Antechamber of Ulduar (25 player)","Defeat the bosses of The Antechamber area of Ulduar in 25-player mode.","15278","Raids","14401",,"2048","0"
"snapshot_non_legion_category","True","2890","The Keepers of Ulduar (10 player)","Defeat the Keeper bosses of Ulduar in 10-player mode.","15278","Raids","12575",,"2048","0"
"snapshot_non_legion_category","True","2891","The Keepers of Ulduar (25 player)","Defeat the Keeper bosses of Ulduar in 25-player mode.","15278","Raids","10322",,"2048","0"
"snapshot_non_legion_category","True","2892","The Descent into Madness (10 player)","Defeat the bosses of The Descent into Madness area of Ulduar in 10-player mode.","15278","Raids","7527",,"2048","0"
"snapshot_non_legion_category","True","2893","The Descent into Madness (25 player)","Defeat the bosses of The Descent into Madness area of Ulduar in 25-player mode.","15278","Raids","10719",,"2048","0"
"snapshot_non_legion_category","True","2894","The Secrets of Ulduar (10 player)","Defeat every boss in Ulduar in 10-player mode.","15278","Raids","12341",,"133120","0"
"snapshot_non_legion_category","True","2895","The Secrets of Ulduar (25 player)","Defeat every boss in Ulduar in 25-player mode.","15278","Raids","14105",,"133120","0"
"snapshot_non_legion_category","True","2903","Champion of Ulduar","Defeat each boss in Ulduar in 10-player mode without allowing any raid member to die to that boss at any point during that raid lockout period.","15278","Raids","12633",,"2048","0"
"snapshot_non_legion_category","True","2904","Conqueror of Ulduar","Defeat each boss in Ulduar in 25-player mode without allowing any raid member to die to that boss at any point during that raid lockout period.","15278","Raids","14369",,"2048","0"
"snapshot_non_legion_category","True","2905","Unbroken (10 player)","Defeat Flame Leviathan on the first try without anyone repairing their vehicle in 10-player mode.","15278","Raids","12308",,"2048","0"
"snapshot_non_legion_category","True","2906","Unbroken (25 player)","Defeat Flame Leviathan on the first try without anyone repairing their vehicle in 25-player mode.","15278","Raids","10127",,"2048","0"
"snapshot_non_legion_category","True","2907","Three Car Garage (10 player)","Defeat Flame Leviathan while in each of the following vehicles in 10-player mode.","15278","Raids","8994",,"2048","0"
"snapshot_non_legion_category","True","2908","Three Car Garage (25 player)","Defeat Flame Leviathan while in each of the following vehicles in 25-player mode.","15278","Raids","7819",,"2048","0"
"snapshot_non_legion_category","True","2909","Take Out Those Turrets (10 player)","Destroy a Flame Leviathan Defense Turret in 10-player mode.","15278","Raids","14938",,"2048","0"
"snapshot_non_legion_category","True","2910","Take Out Those Turrets (25 player)","Destroy a Flame Leviathan Defense Turret in 25-player mode.","15278","Raids","10752",,"2048","0"
"snapshot_non_legion_category","True","2911","Shutout (10 player)","Defeat Flame Leviathan without causing a System Shutdown in 10-player mode.","15278","Raids","7270",,"2048","0"
"snapshot_non_legion_category","True","2912","Shutout (25 player)","Defeat Flame Leviathan without causing a System Shutdown in 25-player mode.","15278","Raids","9707",,"2048","0"
"snapshot_non_legion_category","True","2913","Orbital Bombardment (10 player)","Defeat Flame Leviathan with at least 1 Orbital Defense System active in 10-player mode.","15278","Raids","10374",,"2048","0"
"snapshot_non_legion_category","True","2914","Orbital Devastation (10 player)","Defeat Flame Leviathan with at least 2 Orbital Defense Systems active in 10-player mode.","15278","Raids","7866",,"2048","0"
"snapshot_non_legion_category","True","2915","Nuked from Orbit (10 player)","Defeat Flame Leviathan with at least 3 Orbital Defense Systems active in 10-player mode.","15278","Raids","11276",,"2048","0"
"snapshot_non_legion_category","True","2916","Orbital Devastation (25 player)","Defeat Flame Leviathan with 2 Orbital Defense Systems active in 25-player mode.","15278","Raids","10442",,"2048","0"
"snapshot_non_legion_category","True","2917","Nuked from Orbit (25 player)","Defeat Flame Leviathan with 3 Orbital Defense Systems active in 25-player mode.","15278","Raids","8613",,"2048","0"
"snapshot_non_legion_category","True","2918","Orbital Bombardment (25 player)","Defeat Flame Leviathan with 1 Orbital Defense System active in 25-player mode.","15278","Raids","10445",,"2048","0"
"snapshot_non_legion_category","True","2919","A Quick Shave (10 player)","Defeat Razorscale without allowing her to fly into the air more than once in 10-player mode.","15234","Legacy","7858",,"2048","0"
"snapshot_non_legion_category","True","2921","A Quick Shave (25 player)","Defeat Razorscale without allowing her to fly into the air more than once in 25-player mode.","15234","Legacy","14111",,"2048","0"
"snapshot_non_legion_category","True","2923","Iron Dwarf, Medium Rare (10 player)","Defeat 25 Dark Rune Guardian Dwarves with Razorscale's Flame Breath in 10-player mode.","15234","Legacy","14947",,"2048","0"
"snapshot_non_legion_category","True","2924","Iron Dwarf, Medium Rare (25 player)","Defeat 25 Dark Rune Guardian Dwarves with Razorscale's Flame Breath in 25-player mode.","15234","Legacy","9710",,"2048","0"
"snapshot_non_legion_category","True","2925","Shattered (10 player)","Defeat Ignis the Furnace Master after shattering 2 Iron Constructs within 5 seconds in 10-player mode.","15278","Raids","8005",,"2048","0"
"snapshot_non_legion_category","True","2926","Shattered (25 player)","Defeat Ignis the Furnace Master after shattering 2 Iron Constructs within 5 seconds in 25-player mode.","15278","Raids","9754",,"2048","0"
"snapshot_non_legion_category","True","2927","Hot Pocket (10 player)","Survive being thrown into Ignis the Furnace Master's Slag Pot in 10-player mode.","15278","Raids","8755",,"2048","0"
"snapshot_non_legion_category","True","2928","Hot Pocket (25 player)","Survive being thrown into Ignis the Furnace Master's Slag Pot in 25-player mode.","15278","Raids","12505",,"2048","0"
"snapshot_non_legion_category","True","2929","Stokin' the Furnace (25 player)","Defeat Ignis the Furnace Master in 4 minutes in 25-player mode.","15278","Raids","10617",,"2048","0"
"snapshot_non_legion_category","True","2930","Stokin' the Furnace (10 player)","Defeat Ignis the Furnace Master in 4 minutes in 10-player mode.","15278","Raids","7694",,"2048","0"
"snapshot_non_legion_category","True","2931","Nerf Engineering (10 player)","Defeat XT-002 Deconstructor without him recovering any health from XS-013 in 10-player mode.","15278","Raids","8773",,"2048","0"
"snapshot_non_legion_category","True","2932","Nerf Engineering (25 player)","Defeat XT-002 Deconstructor without him recovering any health from XS-013 Scrapbots in 25-player mode.","15278","Raids","10746",,"2048","0"
"snapshot_non_legion_category","True","2933","Nerf Scrapbots (10 player)","Defeat 20 XS-013 Scrapbots within 12 seconds using XE-321 Boombots in 10-player mode.","15278","Raids","8321",,"2048","0"
"snapshot_non_legion_category","True","2934","Nerf Gravity Bombs (10 player)","Defeat XT-002 Deconstructor without any raid member dying from a Gravity Bomb in 10-player mode.","15278","Raids","10287",,"2048","0"
"snapshot_non_legion_category","True","2935","Nerf Scrapbots (25 player)","Defeat 20 XS-013 Scrapbots within 12 seconds using XE-321 Boombots in 25-player mode.","15278","Raids","10186",,"2048","0"
"snapshot_non_legion_category","True","2936","Nerf Gravity Bombs (25 player)","Defeat XT-002 Deconstructor without any raid member dying from a Gravity Bomb in 25-player mode.","15278","Raids","9939",,"2048","0"
"snapshot_non_legion_category","True","2937","Must Deconstruct Faster (10 player)","Defeat XT-002 Deconstructor in 205 seconds in 10-player mode.","15278","Raids","10710",,"2048","0"
"snapshot_non_legion_category","True","2938","Must Deconstruct Faster (25 player)","Defeat XT-002 Deconstructor in 205 seconds in 25-player mode.","15278","Raids","15004",,"2048","0"
"snapshot_non_legion_category","True","2939","I Choose You, Runemaster Molgeim (10 player)","Defeat the Assembly of Iron with Runemaster Molgeim as the last member alive in 10-player mode.","15278","Raids","10305",,"2048","0"
"snapshot_non_legion_category","True","2940","I Choose You, Stormcaller Brundir (10 player)","Defeat the Assembly of Iron with Stormcaller Brundir as the last member alive in 10-player mode.","15278","Raids","15303",,"2048","0"
"snapshot_non_legion_category","True","2941","I Choose You, Steelbreaker (10 player)","Defeat the Assembly of Iron with Steelbreaker as the last member alive in 10-player mode.","15278","Raids","7117",,"2048","0"
"snapshot_non_legion_category","True","2942","I Choose You, Runemaster Molgeim (25 player)","Defeat the Assembly of Iron with Runemaster Molgeim as the last member alive in 25-player mode.","15278","Raids","8324",,"2048","0"
"snapshot_non_legion_category","True","2943","I Choose You, Stormcaller Brundir (25 player)","Defeat the Assembly of Iron with Stormcaller Brundir as the last member alive in 25-player mode.","15278","Raids","8327",,"2048","0"
"snapshot_non_legion_category","True","2944","I Choose You, Steelbreaker (25 player)","Defeat the Assembly of Iron with Steelbreaker as the last member alive in 25-player mode.","15278","Raids","13155",,"2048","0"
"snapshot_non_legion_category","True","2945","But I'm On Your Side (10 player)","Defeat the Assembly of Iron while under the effect of an Iron Boot Flask in 10-player mode.","15278","Raids","7853",,"2048","0"
"snapshot_non_legion_category","True","2946","But I'm On Your Side (25 player)","Defeat the Assembly of Iron while under the effect of an Iron Boot Flask in 25-player mode.","15278","Raids","7845",,"2048","0"
"snapshot_non_legion_category","True","2947","Can't Do That While Stunned (10 player)","Defeat the Assembly of Iron without allowing Stormcaller Brundir to damage anyone with Chain Lightning or Lightning Whirl in 10-player mode.","15278","Raids","9716",,"2048","0"
"snapshot_non_legion_category","True","2948","Can't Do That While Stunned (25 player)","Defeat the Assembly of Iron without allowing Stormcaller Brundir to damage anyone with Chain Lightning or Lightning Whirl in 25-player mode.","15278","Raids","9849",,"2048","0"
"snapshot_non_legion_category","True","2951","With Open Arms (10 player)","Defeat Kologarn without destroying either of his arms in 10-player mode.","15278","Raids","15007",,"2048","0"
"snapshot_non_legion_category","True","2952","With Open Arms (25 player)","Defeat Kologarn without destroying either of his arms in 25-player mode.","15278","Raids","15010",,"2048","0"
"snapshot_non_legion_category","True","2953","Disarmed (10 player)","Destroy both of Kologarn's arms and then Kologarn himself within 12 seconds in 10-player mode.","15278","Raids","7827",,"2048","0"
"snapshot_non_legion_category","True","2954","Disarmed (25 player)","Destroy both of Kologarn's arms and then Kologarn himself within 12 seconds in 25-player mode.","15278","Raids","11263",,"2048","0"
"snapshot_non_legion_category","True","2955","If Looks Could Kill (10 player)","Defeat Kologarn without any raid member being hit by Focused Eyebeams in 10-player mode.","15278","Raids","11260",,"2048","0"
"snapshot_non_legion_category","True","2956","If Looks Could Kill (25 player)","Defeat Kologarn without any raid member being hit by Focused Eyebeams in 25-player mode.","15278","Raids","11266",,"2048","0"
"snapshot_non_legion_category","True","2957","Glory of the Ulduar Raider (10 player)","Complete the 10-player raid achievements listed below.","15278","Raids","12311",,"133120","0"
"snapshot_non_legion_category","True","2958","Glory of the Ulduar Raider (25 player)","Complete the 25-player raid achievements listed below.","15278","Raids","8586",,"133120","0"
"snapshot_non_legion_category","True","2959","Rubble and Roll (10 player)","Defeat Kologarn after causing at least 25 Rubble creatures to spawn in 10-player mode.","15278","Raids","10130",,"2048","0"
"snapshot_non_legion_category","True","2960","Rubble and Roll (25 player)","Defeat Kologarn after causing at least 25 Rubble creatures to spawn in 25-player mode.","15278","Raids","7427",,"2048","0"
"snapshot_non_legion_category","True","2961","Cheese the Freeze (10 player)","Defeat Hodir without any raid member being hit by Flash Freeze in 10-player mode.","15278","Raids","9809",,"2048","0"
"snapshot_non_legion_category","True","2962","Cheese the Freeze (25 player)","Defeat Hodir without any raid member being hit by Flash Freeze in 25-player mode.","15278","Raids","12326",,"2048","0"
"snapshot_non_legion_category","True","2963","I Have the Coolest Friends (10 player)","Defeat Hodir without any friendly NPC dying in 10-player mode.","15278","Raids","8708",,"2048","0"
"snapshot_non_legion_category","True","2965","I Have the Coolest Friends (25 player)","Defeat Hodir without any friendly NPC dying in 25-player mode.","15278","Raids","12329",,"2048","0"
"snapshot_non_legion_category","True","2967","Getting Cold in Here (10 player)","Defeat Hodir without any raid member having more than 2 stacks of Biting Cold in 10-player mode.","15278","Raids","10696",,"2048","0"
"snapshot_non_legion_category","True","2968","Getting Cold in Here (25 player)","Defeat Hodir without any raid member having more than 2 stacks of Biting Cold in 25-player mode.","15278","Raids","3868",,"2048","0"
"snapshot_non_legion_category","True","2969","Staying Buffed All Winter (10 player)","Possess the effects of Toasty Fire, Storm Power and Starlight at the same time in 10-player mode.","15278","Raids","8251",,"2048","0"
"snapshot_non_legion_category","True","2970","Staying Buffed All Winter (25 player)","Possess the effects of Toasty Fire, Storm Power and Starlight at the same time in 25-player mode.","15278","Raids","12303",,"2048","0"
"snapshot_non_legion_category","True","2971","Don't Stand in the Lightning (10 player)","Defeat Thorim without any raid member being struck by Lightning Charge in 10-player mode.","15278","Raids","18953",,"2048","0"
"snapshot_non_legion_category","True","2972","Don't Stand in the Lightning (25 player)","Defeat Thorim without any raid member being struck by Lightning Charge in 25-player mode.","15278","Raids","8705",,"2048","0"
"snapshot_non_legion_category","True","2973","I'll Take You All On (10 player)","Defeat Thorim, the Ancient Rune Giant and the Runic Colossus in 10-player mode.","15278","Raids","9131",,"2048","0"
"snapshot_non_legion_category","True","2974","I'll Take You All On (25 player)","Defeat Thorim, the Ancient Rune Giant and the Runic Colossus in 25-player mode.","15278","Raids","0",,"2048","0"
"snapshot_non_legion_category","True","2975","Who Needs Bloodlust? (10 player)","Defeat Thorim while under the effect of Aura of Celerity in 10-player mode.","15278","Raids","8256",,"2048","0"
"snapshot_non_legion_category","True","2976","Who Needs Bloodlust? (25 player)","Defeat Thorim while under the effect of Aura of Celerity in 25-player mode.","15278","Raids","9136",,"2048","0"
"snapshot_non_legion_category","True","2977","Siffed (10 player)","Force Thorim to enter the arena while Sif is present in 10-player mode.","15278","Raids","8844",,"2048","0"
"snapshot_non_legion_category","True","2978","Siffed (25 player)","Force Thorim to enter the arena while Sif is present in 25-player mode.","15278","Raids","8670",,"2048","0"
"snapshot_non_legion_category","True","2979","Lumberjacked (10 player)","Defeat Elder Brightleaf, Elder Ironbranch and Elder Stonebark within 15 seconds of each other in 10-player mode.","15278","Raids","8232",,"2048","0"
"snapshot_non_legion_category","True","2980","Con-speed-atory (10 player)","Defeat Freya within 20 minutes of the first creature you kill in the Conservatory of Life in 10-player mode.","15278","Raids","8126",,"2048","0"
"snapshot_non_legion_category","True","2981","Con-speed-atory (25 player)","Defeat Freya within 20 minutes of the first creature you kill in the Conservatory of Life in 25-player mode.","15278","Raids","3871",,"2048","0"
"snapshot_non_legion_category","True","2982","Getting Back to Nature (10 player)","Defeat Freya while she is affected by 25 stacks of Attuned to Nature in 10-player mode.","15278","Raids","9022",,"2048","0"
"snapshot_non_legion_category","True","2983","Getting Back to Nature (25 player)","Defeat Freya while she is affected by 25 stacks of Attuned to Nature in 25-player mode.","15278","Raids","0",,"2048","0"
"snapshot_non_legion_category","True","2984","Deforestation (25 player)","Defeat 2 Ancient Water Spirits, 2 Storm Lashers and 2 Snaplashers within 10 seconds in 25-player mode.","15278","Raids","9025",,"2048","0"
"snapshot_non_legion_category","True","2985","Deforestation (10 player)","Defeat 2 Ancient Water Spirits, 2 Storm Lashers and 2 Snaplashers within 10 seconds in 10-player mode.","15278","Raids","8129",,"2048","0"
"snapshot_non_legion_category","True","2989","Set Up Us the Bomb (10 player)","Defeat Mimiron without anyone in the raid being hit by the following in 10-player mode.","15278","Raids","7599",,"2048","0"
"snapshot_non_legion_category","True","2995","Not-So-Friendly Fire (25 player)","Force Mimiron to kill an Assault Bot with a Rocket Strike in 25-player mode.","15278","Raids","7382",,"2048","0"
"snapshot_non_legion_category","True","2996","Shadowdodger (10 player)","Defeat General Vezax without any raid member being hit by Shadow Crash in 10-player mode.","15278","Raids","8767",,"2048","0"
"snapshot_non_legion_category","True","2997","Shadowdodger (25 player)","Defeat General Vezax without any raid member being hit by Shadow Crash in 25-player mode.","15278","Raids","7678",,"2048","0"
"snapshot_non_legion_category","True","3002","Supermassive (25 player)","Defeat Algalon the Observer after closing 3 Black Holes within 10 seconds in 25-player mode.","15278","Raids","12060",,"2048","0"
"snapshot_non_legion_category","True","3003","Supermassive (10 player)","Defeat Algalon the Observer after closing 3 Black Holes within 10 seconds in 10-player mode.","15278","Raids","8238",,"2048","0"
"snapshot_non_legion_category","True","3004","He Feeds On Your Tears (10 player)","Defeat Algalon the Observer in 10-player mode without any raid member dying to Algalon at any point during that raid lockout period.","15271","Raids","7380",,"2048","0"
"snapshot_non_legion_category","True","3005","He Feeds On Your Tears (25 player)","Defeat Algalon the Observer in 25-player mode without any raid member dying to Algalon at any point during that raid lockout period.","15271","Raids","7502",,"2048","0"
"snapshot_non_legion_category","True","3006","Crazy Cat Lady (10 player)","Defeat Auriaya without destroying her Sanctum Sentries in 10-player mode.","15278","Raids","7140",,"2048","0"
"snapshot_non_legion_category","True","3007","Crazy Cat Lady (25 player)","Defeat Auriaya without destroying her Sanctum Sentries in 25-player mode.","15278","Raids","8770",,"2048","0"
"snapshot_non_legion_category","True","3008","Drive Me Crazy (10 player)","Defeat Yogg-Saron without any raid member going insane in 10-player mode.","15278","Raids","5631",,"2048","0"
"snapshot_non_legion_category","True","3009","Kiss and Make Up (10 player)","/Kiss Sara in Ulduar while she is angry with you in 10-player mode.","15278","Raids","7143",,"2048","0"
"snapshot_non_legion_category","True","3010","Drive Me Crazy (25 player)","Defeat Yogg-Saron without any raid member going insane in 25-player mode.","15278","Raids","9757",,"2048","0"
"snapshot_non_legion_category","True","3011","Kiss and Make Up (25 player)","/Kiss Sara in Ulduar while she is angry with you in 25-player mode.","15278","Raids","8847",,"2048","0"
"snapshot_non_legion_category","True","3012","He's Not Getting Any Older (10 player)","Defeat Yogg-Saron within 7 minutes in 10-player mode.","15278","Raids","9951",,"2048","0"
"snapshot_non_legion_category","True","3013","He's Not Getting Any Older (25 player)","Defeat Yogg-Saron within 7 minutes in 25-player mode.","15278","Raids","10749",,"2048","0"
"snapshot_non_legion_category","True","3014","They're Coming Out of the Walls (10 player)","Defeat 9 Guardians of Yogg-Saron within 12 seconds in 10-player mode.","15278","Raids","9927",,"2048","0"
"snapshot_non_legion_category","True","3015","In His House He Waits Dreaming (10 player)","Experience all 3 visions of Yogg-Saron's mind in 10-player mode.","15278","Raids","7522",,"2048","0"
"snapshot_non_legion_category","True","3016","In His House He Waits Dreaming (25 player)","Experience all 3 visions of Yogg-Saron's mind in 25-player mode.","15278","Raids","0",,"2048","0"
"snapshot_non_legion_category","True","3017","They're Coming Out of the Walls (25 player)","Defeat 9 Guardians of Yogg-Saron within 12 seconds in 25-player mode.","15278","Raids","9930",,"2048","0"
"snapshot_non_legion_category","True","3018","Emblems of Conquest acquired","Emblems of Conquest acquired","15176","Legacy","14998",,"524289","0"
"snapshot_non_legion_category","True","3036","Observed (10 player)","Defeat Algalon the Observer in 10-player mode.","15278","Raids","9954",,"2048","0"
"snapshot_non_legion_category","True","3037","Observed (25 player)","Defeat Algalon the Observer in 25-player mode.","15278","Raids","4079",,"2048","0"
"snapshot_non_legion_category","True","3056","Orbit-uary (10 player)","Defeat Flame Leviathan with all 4 Orbital Defense Systems active in 10-player mode.","15278","Raids","7996",,"2048","0"
"snapshot_non_legion_category","True","3057","Orbit-uary (25 player)","Defeat Flame Leviathan with 4 Orbital Defense Systems active in 25-player mode.","15278","Raids","0",,"2048","0"
"snapshot_non_legion_category","True","3058","Heartbreaker (10 player)","Defeat XT-002 Deconstructor after destroying his heart in 10-player mode.","15278","Raids","8658",,"2048","0"
"snapshot_non_legion_category","True","3059","Heartbreaker (25 player)","Defeat XT-002 Deconstructor after destroying his heart in 25-player mode.","15278","Raids","0",,"2048","0"
"snapshot_non_legion_category","True","3076","Nine Lives (10 player)","Defeat the Feral Defender while defeating Auriaya in 10-player mode.","15278","Raids","8664",,"2048","0"
"snapshot_non_legion_category","True","3077","Nine Lives (25 player)","Defeat the Feral Defender while defeating Auriaya in 25-player mode.","15278","Raids","8667",,"2048","0"
"snapshot_non_legion_category","True","3096","Deadly Gladiator's Frost Wyrm","Obtain the Deadly Gladiator's Frost Wyrm from Arena Season 5 of Wrath of the Lich King.","15269","Mounts","8714",,"2048","0"
"snapshot_non_legion_category","True","3097","Dwarfageddon (10 player)","Destroy 100 Steelforged Defenders in 10 seconds on the Ulduar gauntlet in 10-player mode.","15278","Raids","7364",,"2048","0"
"snapshot_non_legion_category","True","3098","Dwarfageddon (25 player)","Destroy 100 Steelforged Defenders in 10 seconds on the Ulduar gauntlet in 25-player mode.","15278","Raids","7367",,"2048","0"
"snapshot_non_legion_category","True","3117","Realm First! Death's Demise","Participated in the realm first defeat of Yogg-Saron without the assistance of any Keepers in 25-player mode.","81","Feats of Strength","7306",,"768","0"
"snapshot_non_legion_category","True","3118","Lumberjacked (25 player)","Defeat Elder Brightleaf, Elder Ironbranch and Elder Stonebark within 15 seconds of each other in 25-player mode.","15278","Raids","8619",,"2048","0"
"snapshot_non_legion_category","True","3136","Emalon the Storm Watcher (10 player)","Defeat Emalon the Storm Watcher in 10 player mode.","14901","Wintergrasp","7657",,"0","10"
"snapshot_non_legion_category","True","3137","Emalon the Storm Watcher (25 player)","Defeat Emalon the Storm Watcher in 25 player mode.","14901","Wintergrasp","7660",,"0","10"
"snapshot_non_legion_category","True","3138","Not-So-Friendly Fire (10 player)","Force Mimiron to kill an Assault Bot with a Rocket Strike in 10-player mode.","15278","Raids","10367",,"2048","0"
"snapshot_non_legion_category","True","3141","Two Lights in the Darkness (10 player)","Defeat Yogg-Saron with the assistance of two or fewer Keepers in 10-player mode.","15278","Raids","7648",,"2048","0"
"snapshot_non_legion_category","True","3142","Val'anyr, Hammer of Ancient Kings","Wielder of Val'anyr, Hammer of Ancient Kings.","15271","Raids","7799",,"2048","0"
"snapshot_non_legion_category","True","3157","Three Lights in the Darkness (10 player)","Defeat Yogg-Saron with the assistance of three or fewer Keepers in 10-player mode.","15278","Raids","8002",,"2048","0"
"snapshot_non_legion_category","True","3158","One Light in the Darkness (10 player)","Defeat Yogg-Saron with the assistance of one or fewer Keepers in 10-player mode.","15278","Raids","10296",,"2048","0"
"snapshot_non_legion_category","True","3159","Alone in the Darkness (10 player)","Defeat Yogg-Saron without the assistance of any Keepers in 10-player mode.","15278","Raids","7267",,"2048","0"
"snapshot_non_legion_category","True","3161","Three Lights in the Darkness (25 player)","Defeat Yogg-Saron with the assistance of three or fewer Keepers in 25-player mode.","15278","Raids","7297",,"2048","0"
"snapshot_non_legion_category","True","3162","Two Lights in the Darkness (25 player)","Defeat Yogg-Saron with the assistance of two or fewer Keepers in 25-player mode.","15278","Raids","8390",,"2048","0"
"snapshot_non_legion_category","True","3163","One Light in the Darkness (25 player)","Defeat Yogg-Saron with the assistance of one or fewer Keepers in 25-player mode.","15278","Raids","8393",,"2048","0"
"snapshot_non_legion_category","True","3164","Alone in the Darkness (25 player)","Defeat Yogg-Saron without the assistance of any Keepers in 25-player mode.","15278","Raids","8396",,"2048","0"
"snapshot_non_legion_category","True","3176","Lose Your Illusion (10 player)","Defeat Thorim while Sif is present in 10-player mode.","15278","Raids","8337",,"2048","0"
"snapshot_non_legion_category","True","3177","Knock on Wood (10 player)","Defeat Freya while leaving at least 1 Elder alive in 10-player mode.","15278","Raids","8387",,"2048","0"
"snapshot_non_legion_category","True","3178","Knock, Knock on Wood (10 player)","Defeat Freya while leaving at least 2 Elders alive in 10-player mode.","15278","Raids","11247",,"2048","0"
"snapshot_non_legion_category","True","3179","Knock, Knock, Knock on Wood (10 player)","Defeat Freya while leaving all 3 Elders alive in 10-player mode.","15278","Raids","7134",,"2048","0"
"snapshot_non_legion_category","True","3180","Firefighter (10 player)","Defeat Mimiron after activating his Self-Destruct mechanism in 10-player mode.","15278","Raids","7205",,"2048","0"
"snapshot_non_legion_category","True","3181","I Love the Smell of Saronite in the Morning (10 player)","Defeat General Vezax after defeating the Saronite Animus in 10-player mode.","15278","Raids","11153",,"2048","0"
"snapshot_non_legion_category","True","3182","I Could Say That This Cache Was Rare (10 player)","Defeat Hodir before he shatters his rare cache in 10-player mode.","15278","Raids","10054",,"2048","0"
"snapshot_non_legion_category","True","3183","Lose Your Illusion (25 player)","Defeat Thorim while Sif is present in 25-player mode.","15278","Raids","8841",,"2048","0"
"snapshot_non_legion_category","True","3184","I Could Say That This Cache Was Rare (25 player)","Defeat Hodir before he shatters his rare cache in 25-player mode.","15278","Raids","7137",,"2048","0"
"snapshot_non_legion_category","True","3185","Knock on Wood (25 player)","Defeat Freya while leaving at least 1 Elder alive in 25-player mode.","15278","Raids","7681",,"2048","0"
"snapshot_non_legion_category","True","3186","Knock, Knock on Wood (25 player)","Defeat Freya while leaving at least 2 Elders alive in 25-player mode.","15278","Raids","8425",,"2048","0"
"snapshot_non_legion_category","True","3187","Knock, Knock, Knock on Wood (25 player)","Defeat Freya while leaving all 3 Elders alive in 25-player mode.","15278","Raids","7226",,"2048","0"
"snapshot_non_legion_category","True","3188","I Love the Smell of Saronite in the Morning (25 player)","Defeat General Vezax after defeating the Saronite Animus in 25-player mode.","15278","Raids","8764",,"2048","0"
"snapshot_non_legion_category","True","3189","Firefighter (25 player)","Defeat Mimiron after activating his Self-Destruct mechanism in 25-player mode.","15278","Raids","10290",,"2048","0"
"snapshot_non_legion_category","True","3216","Smelting Recipes learned","Smelting Recipes learned","173","Professions","8421",,"1","0"
"snapshot_non_legion_category","True","3217","Chasing Marcia","Complete each of Marcia Chase's 5 fishing daily quests listed below.","171","Fishing","11172",,"0","10"
"snapshot_non_legion_category","True","3218","Turtles All the Way Down","Fish up a Sea Turtle mount from any fishing pool in Deepholm, Mount Hyjal, Twilight Highlands, Uldum, Northrend, or Pandaria.","171","Fishing","10360",,"131072","10"
"snapshot_non_legion_category","True","3236","Emalon the Storm Watcher kills (Wintergrasp 25 player)","Emalon the Storm Watcher kills (Wintergrasp 25 player)","14823","Wrath of the Lich King","7410",,"1","10"
"snapshot_non_legion_category","True","3237","Set Up Us the Bomb (25 player)","Defeat Mimiron without anyone in the raid being hit by the following in 25-player mode.","15278","Raids","7389",,"2048","0"
"snapshot_non_legion_category","True","3256","Hodir victories (Ulduar 25 player)","Hodir victories (Ulduar 25 player)","14823","Wrath of the Lich King","14923",,"1","10"
"snapshot_non_legion_category","True","3257","Thorim victories (Ulduar 25 player)","Thorim victories (Ulduar 25 player)","14823","Wrath of the Lich King","14926",,"1","10"
"snapshot_non_legion_category","True","3258","Freya victories (Ulduar 25 player)","Freya victories (Ulduar 25 player)","14823","Wrath of the Lich King","14929",,"1","10"
"snapshot_non_legion_category","True","3259","Realm First! Celestial Defender","Participated in the realm first defeat of Algalon the Observer in 25-player mode.","81","Feats of Strength","8711",,"768","0"
"snapshot_non_legion_category","True","3296","Cooking with Style","Obtain a Chef's Hat.","170","Cooking","8604",,"0","10"
"snapshot_non_legion_category","True","3316","Herald of the Titans","Defeat Algalon the Observer at level 80 without anyone in the raid wearing weapons, shields, or off-hand items higher than Item Level 232, or any other pieces of armor higher than Item Level 226.","15271","Raids","10293",,"2048","0"
"snapshot_non_legion_category","True","3336","Deadly Gladiator","Achieved Deadly Gladiator title.","15270","Player vs. Player","11250",,"2048","0"
"snapshot_non_legion_category","True","3356","Winterspring Frostsaber","Obtain a Winterspring Frostsaber.","15269","Mounts","7235",,"133120","0"
"snapshot_non_legion_category","True","3357","Venomhide Ravasaur","Obtain a Venomhide Ravasaur.","15269","Mounts","7309",,"133120","0"
"snapshot_non_legion_category","True","3436","Furious Gladiator","Achieved Furious Gladiator title.","15270","Player vs. Player","8776",,"2048","0"
"snapshot_non_legion_category","True","3456","Dead Man's Party","Dance with Catrina to become a skeleton during the Day of the Dead.","155","World Events","7691",,"0","10"
"snapshot_non_legion_category","True","3457","The Captain's Booty","Drink with the Dread Captain DeMeza to join her crew during Pirates' Day.","155","World Events","7700",,"0","10"
"snapshot_non_legion_category","True","3478","Pilgrim","Complete the Pilgrim's Bounty achievements listed below.","155","World Events","8449",,"131072","10"
"snapshot_non_legion_category","True","3496","A Brew-FAST Mount","Obtain an epic Brewfest mount.","15269","Mounts","7300",,"133120","0"
"snapshot_non_legion_category","True","3536","The Marine Marine","Proud owner of Grunty's Heavy Murloc Egg from the 2009 BlizzCon.","15268","Promotions","10370",,"133120","0"
"snapshot_non_legion_category","True","3556","Pilgrim's Paunch","Acquire the Spirit of Sharing from a complete Bountiful Table feast at every Alliance capital.","14981","Pilgrim's Bounty","10328",,"0","10"
"snapshot_non_legion_category","True","3557","Pilgrim's Paunch","Acquire the Spirit of Sharing from a complete Bountiful Table feast at every Horde capital.","14981","Pilgrim's Bounty","8262",,"0","10"
"snapshot_non_legion_category","True","3558","Sharing is Caring","Pass one of every dish at a Bountiful Table.","14981","Pilgrim's Bounty","7623",,"0","10"
"snapshot_non_legion_category","True","3559","Turkey Lurkey","Blast those dirty, sneaking Rogues with your Turkey Shooter.","14981","Pilgrim's Bounty","7918",,"0","10"
"snapshot_non_legion_category","True","3576","Now We're Cookin'","Cook up one of every Pilgrim's Bounty dish.","14981","Pilgrim's Bounty","11253",,"0","10"
"snapshot_non_legion_category","True","3577","Now We're Cookin'","Cook up one of every Pilgrim's Bounty dish.","14981","Pilgrim's Bounty","11135",,"0","10"
"snapshot_non_legion_category","True","3578","The Turkinator","Hunt enough Wild Turkeys quickly enough to gain Turkey Triumph.","14981","Pilgrim's Bounty","10771",,"0","10"
"snapshot_non_legion_category","True","3579","""FOOD FIGHT!""","Bounce food off a fellow feaster's head at a Bountiful Table.","14981","Pilgrim's Bounty","11142",,"0","10"
"snapshot_non_legion_category","True","3580","Pilgrim's Peril","While wearing either a Pilgrim's Dress, Robe, or Attire, take a seat at each enemy capital's Bountiful Table.","14981","Pilgrim's Bounty","7930",,"0","10"
"snapshot_non_legion_category","True","3581","Pilgrim's Peril","While wearing either a Pilgrim's Dress, Robe, or Attire, take a seat at each enemy capital's Bountiful Table.","14981","Pilgrim's Bounty","11027",,"0","10"
"snapshot_non_legion_category","True","3582","Terokkar Turkey Time","Defeat Talon King Ikiss while wearing a Pilgrim's Hat and either a Pilgrim's Dress, Robe, or Attire.","14981","Pilgrim's Bounty","11156",,"0","10"
"snapshot_non_legion_category","True","3596","Pilgrim's Progress","Complete each of the Pilgrim's Bounty dailies.","14981","Pilgrim's Bounty","8535",,"0","10"
"snapshot_non_legion_category","True","3597","Pilgrim's Progress","Complete each of the Pilgrim's Bounty dailies.","14981","Pilgrim's Bounty","8542",,"0","10"
"snapshot_non_legion_category","True","3618","Murkimus the Gladiator","Proud owner of a Murkimus the Gladiator pet.","15270","Player vs. Player","11162",,"133120","0"
"snapshot_non_legion_category","True","3636","Jade Tiger","Logged in during the Jade Tiger giveaway.","15269","Mounts","7239",,"2048","0"
"snapshot_non_legion_category","True","3676","A Silver Confidant","Earn both exalted status with The Silver Covenant and the right to represent a city in the Argent Tournament.","14941","Argent Tournament","8280",,"0","10"
"snapshot_non_legion_category","True","3677","The Sunreavers","Earn both exalted status with The Sunreavers and the right to represent a city in the Argent Tournament.","14941","Argent Tournament","8330",,"0","10"
"snapshot_non_legion_category","True","3736","Pony Up!","Purchase and use an Argent Pony from Dame Evniki Kapsalis, the Crusader's Quartermaster.","14941","Argent Tournament","10592",,"0","10"
"snapshot_non_legion_category","True","3756","Furious Gladiator's Frost Wyrm","Obtain the Furious Gladiator's Frost Wyrm from Arena Season 6 of Wrath of the Lich King.","15269","Mounts","8228",,"2048","0"
"snapshot_non_legion_category","True","3757","Relentless Gladiator's Frost Wyrm","Obtain the Relentless Gladiator's Frost Wyrm from Arena Season 7 of Wrath of the Lich King.","15269","Mounts","8314",,"2048","0"
"snapshot_non_legion_category","True","3758","Relentless Gladiator","Achieved Relentless Gladiator title.","15270","Player vs. Player","7675",,"2048","0"
"snapshot_non_legion_category","True","3776","Isle of Conquest Victory","Win Isle of Conquest.","15003","Isle of Conquest","7833",,"0","10"
"snapshot_non_legion_category","True","3777","Isle of Conquest Veteran","Complete 100 victories in Isle of Conquest.","15003","Isle of Conquest","7273",,"0","10"
"snapshot_non_legion_category","True","3778","Trial of the Champion","Defeat the bosses in the Trial of the Champion.","14806","Lich King Dungeon","8549",,"0","10"
"snapshot_non_legion_category","True","3797","Upper Back Pain (10 player)","Defeat Icehowl while at least 2 Snobolds remain alive in 10-player mode.","14922","Lich King Raid","7146",,"0","10"
"snapshot_non_legion_category","True","3798","Resilience Will Fix It (10 player)","Kill all the enemy heroes within 60 seconds of the first one dying in 10-player mode.","14922","Lich King Raid","7245",,"0","10"
"snapshot_non_legion_category","True","3799","Salt and Pepper (10 player)","Defeat the Twin Val'kyr in 3 minutes or less in 10-player mode.","14922","Lich King Raid","7394",,"0","10"
"snapshot_non_legion_category","True","3800","The Traitor King (10 player)","Kill 25 Swarm Scarabs within 30 seconds in 10-player mode.","14922","Lich King Raid","7672",,"0","10"
"snapshot_non_legion_category","True","3802","Argent Confessor","On separate visits to the Trial of the Champion, get credit for defeating Argent Confessor Paletress after suppressing five different memories of the past on Heroic Difficulty.","14806","Lich King Dungeon","7536",,"0","10"
"snapshot_non_legion_category","True","3803","The Faceroller","Defeat Eadric the Pure in the Trial of the Champion with his own hammer on Heroic Difficulty.","14806","Lich King Dungeon","11167",,"0","10"
"snapshot_non_legion_category","True","3804","I've Had Worse","Defeat the Black Knight in the Trial of the Champion on Heroic Difficulty without any player in the group being hit by a ghoul explosion.","14806","Lich King Dungeon","7499",,"0","10"
"snapshot_non_legion_category","True","3808","A Tribute to Skill (10 player)","In the Trial of the Grand Crusader, reach a Tribute Chest with at least 25 attempts remaining in 10-player mode.","15278","Raids","19486",,"2048","0"
"snapshot_non_legion_category","True","3809","A Tribute to Mad Skill (10 player)","In the Trial of the Grand Crusader, reach a Tribute Chest with at least 45 attempts remaining in 10-player mode.","15278","Raids","7416",,"2048","0"
"snapshot_non_legion_category","True","3810","A Tribute to Insanity (10 player)","In the Trial of the Grand Crusader, reach a Tribute Chest with 50 attempts remaining in 10-player mode.","15278","Raids","7418",,"2048","0"
"snapshot_non_legion_category","True","3812","Call of the Grand Crusade (25 player)","Defeat every boss in the Trial of the Grand Crusader in 25-player Heroic mode.","14922","Lich King Raid","9667",,"0","10"
"snapshot_non_legion_category","True","3813","Upper Back Pain (25 player)","Defeat Icehowl while at least 4 Snobolds remain alive in 25-player mode.","14922","Lich King Raid","7120",,"0","10"
"snapshot_non_legion_category","True","3815","Salt and Pepper (25 player)","Defeat the Twin Val'kyr in 3 minutes or less in 25-player mode.","14922","Lich King Raid","7249",,"0","10"
"snapshot_non_legion_category","True","3816","The Traitor King (25 player)","Kill 25 Swarm Scarabs within 30 seconds in 25-player mode.","14922","Lich King Raid","7904",,"0","10"
"snapshot_non_legion_category","True","3817","A Tribute to Skill (25 player)","In the Trial of the Grand Crusader, reach a Tribute Chest with at least 25 attempts remaining in 25-player mode.","15278","Raids","7304",,"2048","0"
"snapshot_non_legion_category","True","3818","A Tribute to Mad Skill (25 player)","In the Trial of the Grand Crusader, reach a Tribute Chest with at least 45 attempts remaining in 25-player mode.","15278","Raids","11170",,"2048","0"
"snapshot_non_legion_category","True","3819","A Tribute to Insanity (25 player)","In the Trial of the Grand Crusader, reach a Tribute Chest with 50 attempts remaining in 25-player mode.","15278","Raids","7640",,"2048","0"
"snapshot_non_legion_category","True","3836","Koralon the Flame Watcher (10 player)","Defeat Koralon the Flame Watcher in 10 player mode.","14901","Wintergrasp","7199",,"0","10"
"snapshot_non_legion_category","True","3837","Koralon the Flame Watcher (25 player)","Defeat Koralon the Flame Watcher in 25 player mode.","14901","Wintergrasp","7124",,"0","10"
"snapshot_non_legion_category","True","3844","1000 Dungeon & Raid Emblems","Loot 1000 Emblems of Heroism, Valor, Conquest, Triumph or Frost.","15280","Currencies","7127",,"2176","0"
"snapshot_non_legion_category","True","3845","Isle of Conquest All-Star","In a single Isle of Conquest battle, assault a base, defend a base, destroy a vehicle and kill a player.","15003","Isle of Conquest","8052",,"0","20"
"snapshot_non_legion_category","True","3846","Resource Glut","Win Isle of Conquest while your team controls the Quarry and Oil Refinery.","15003","Isle of Conquest","7202",,"0","10"
"snapshot_non_legion_category","True","3847","Four Car Garage","In Isle of Conquest, control the following vehicles:","15003","Isle of Conquest","7481",,"0","10"
"snapshot_non_legion_category","True","3848","A-bomb-inable","In a single Isle of Conquest battle, use 5 Seaforium Bombs on the enemy gates.","15003","Isle of Conquest","8718",,"0","10"
"snapshot_non_legion_category","True","3849","A-bomb-ination","In a single Isle of Conquest battle, use 5 Huge Seaforium Bombs on the enemy gates.","15003","Isle of Conquest","8802",,"0","10"
"snapshot_non_legion_category","True","3850","Mowed Down","In Isle of Conquest, destroy 10 vehicles and 100 players with turrets.","15003","Isle of Conquest","7263",,"0","10"
"snapshot_non_legion_category","True","3851","Mine","Win Isle of Conquest while controlling the Quarry, Oil Refinery, Shipyard, Siege Workshop and Hangar.","15003","Isle of Conquest","7182",,"0","10"
"snapshot_non_legion_category","True","3852","Cut the Blue Wire... No the Red Wire!","In Isle of Conquest, disarm 25 bombs.","15003","Isle of Conquest","10364",,"0","10"
"snapshot_non_legion_category","True","3853","All Over the Isle","In a single Isle of Conquest battle, kill a player at each of the following locations:","15003","Isle of Conquest","7430",,"0","10"
"snapshot_non_legion_category","True","3854","Back Door Job","In Isle of Conquest, enter the enemy courtyard while their gates still stand.","15003","Isle of Conquest","8058",,"0","10"
"snapshot_non_legion_category","True","3855","Glaive Grave","In Isle of Conquest, kill 10 players with a Glaive Thrower without dying.","15003","Isle of Conquest","10423",,"0","10"
"snapshot_non_legion_category","True","3856","Demolition Derby","Destroy the following vehicles in Isle of Conquest","15003","Isle of Conquest","10573",,"0","10"
"snapshot_non_legion_category","True","3857","Master of Isle of Conquest","Complete the Isle of Conquest achievements listed below.","15003","Isle of Conquest","10579",,"135168","25"
"snapshot_non_legion_category","True","3896","Onyx Panther","Proud owner of an Onyx Panther.","15269","Mounts","7802",,"133120","0"
"snapshot_non_legion_category","True","3916","Call of the Crusade (25 player)","Defeat every boss in the Trial of the Crusader in 25-player mode.","14922","Lich King Raid","4341",,"0","10"
"snapshot_non_legion_category","True","3917","Call of the Crusade (10 player)","Defeat every boss in the Trial of the Crusader in 10-player mode.","14922","Lich King Raid","7420",,"0","10"
"snapshot_non_legion_category","True","3918","Call of the Grand Crusade (10 player)","Defeat every boss in the Trial of the Grand Crusader in 10-player Heroic mode.","14922","Lich King Raid","7633",,"0","10"
"snapshot_non_legion_category","True","3936","Not One, But Two Jormungars (10 player)","Defeat Acidmaw and Dreadscale within 10 seconds of each other in 10-player mode.","14922","Lich King Raid","10595",,"0","10"
"snapshot_non_legion_category","True","3937","Not One, But Two Jormungars (25 player)","Defeat Acidmaw and Dreadscale within 10 seconds of each other in 25-player mode.","14922","Lich King Raid","8141",,"0","10"
"snapshot_non_legion_category","True","3957","Master of Isle of Conquest","Complete the Isle of Conquest achievements listed below.","15003","Isle of Conquest","7936",,"135168","25"
"snapshot_non_legion_category","True","3996","Three Sixty Pain Spike (10 player)","Defeat Lord Jaraxxus while at least two Mistresses of Pain are alive in 10-player mode.","14922","Lich King Raid","8148",,"0","10"
"snapshot_non_legion_category","True","3997","Three Sixty Pain Spike (25 player)","Defeat Lord Jaraxxus while at least two Mistresses of Pain are alive in 25-player mode.","14922","Lich King Raid","8475",,"0","10"
"snapshot_non_legion_category","True","4016","Earth, Wind & Fire (10 player)","Defeat Archavon the Stone Watcher, Emalon the Storm Watcher, and Koralon the Flame Watcher within 60 seconds of each other in 10-player mode.","14922","Lich King Raid","7504",,"0","10"
"snapshot_non_legion_category","True","4017","Earth, Wind & Fire (25 player)","Defeat Archavon the Stone Watcher, Emalon the Storm Watcher, and Koralon the Flame Watcher within 60 seconds of each other in 25-player mode.","14922","Lich King Raid","10429",,"0","10"
"snapshot_non_legion_category","True","4018","Victories over Hunter Champion (Trial of the Champion)","Victories over Hunter Champion (Trial of the Champion)","14823","Wrath of the Lich King","8805",,"1","0"
"snapshot_non_legion_category","True","4019","Victories over Hunter Champion (Heroic Trial of the Champion)","Victories over Hunter Champion (Heroic Trial of the Champion)","14823","Wrath of the Lich King","7214",,"1","0"
"snapshot_non_legion_category","True","4022","Victories over Argent Confessor Paletress (Trial of the Champion)","Victories over Argent Confessor Paletress (Trial of the Champion)","14823","Wrath of the Lich King","9713",,"1","0"
"snapshot_non_legion_category","True","4023","Victories over Argent Confessor Paletress (Heroic Trial of the Champion)","Victories over Argent Confessor Paletress (Heroic Trial of the Champion)","14823","Wrath of the Lich King","7487",,"1","0"
"snapshot_non_legion_category","True","4024","Victories over Eadric the Pure (Trial of the Champion)","Victories over Eadric the Pure (Trial of the Champion)","14823","Wrath of the Lich King","9664",,"1","0"
"snapshot_non_legion_category","True","4025","Victories over Eadric the Pure (Heroic Trial of the Champion)","Victories over Eadric the Pure (Heroic Trial of the Champion)","14823","Wrath of the Lich King","4171",,"1","0"
"snapshot_non_legion_category","True","4026","The Black Knight kills (Trial of the Champion)","The Black Knight kills (Trial of the Champion)","14823","Wrath of the Lich King","7104",,"1","0"
"snapshot_non_legion_category","True","4027","The Black Knight kills (Heroic Trial of the Champion)","The Black Knight kills (Heroic Trial of the Champion)","14823","Wrath of the Lich King","9815",,"1","0"
"snapshot_non_legion_category","True","4028","Victories over the Beasts of Northrend (Trial of the Crusader 10 player)","Victories over the Beasts of Northrend (Trial of the Crusader 10 player)","14823","Wrath of the Lich King","9818",,"1","0"
"snapshot_non_legion_category","True","4029","Victories over the Beasts of Northrend (Trial of the Grand Crusader 25 player)","Victories over the Beasts of Northrend (Trial of the Grand Crusader 25 player)","14823","Wrath of the Lich King","14350",,"1","0"
"snapshot_non_legion_category","True","4030","Victories over the Beasts of Northrend (Trial of the Grand Crusader 10 player)","Victories over the Beasts of Northrend (Trial of the Grand Crusader 10 player)","14823","Wrath of the Lich King","7232",,"1","0"
"snapshot_non_legion_category","True","4031","Victories over the Beasts of Northrend (Trial of the Crusader 25 player)","Victories over the Beasts of Northrend (Trial of the Crusader 25 player)","14823","Wrath of the Lich King","7107",,"1","0"
"snapshot_non_legion_category","True","4032","Lord Jaraxxus kills (Trial of the Crusader 10 player)","Lord Jaraxxus kills (Trial of the Crusader 10 player)","14823","Wrath of the Lich King","14353",,"1","0"
"snapshot_non_legion_category","True","4033","Lord Jaraxxus kills (Trial of the Grand Crusader 10 player)","Lord Jaraxxus kills (Trial of the Grand Crusader 10 player)","14823","Wrath of the Lich King","7475",,"1","0"
"snapshot_non_legion_category","True","4034","Lord Jaraxxus kills (Trial of the Crusader 25 player)","Lord Jaraxxus kills (Trial of the Crusader 25 player)","14823","Wrath of the Lich King","12572",,"1","0"
"snapshot_non_legion_category","True","4035","Lord Jaraxxus kills (Trial of the Grand Crusader 25 player)","Lord Jaraxxus kills (Trial of the Grand Crusader 25 player)","14823","Wrath of the Lich King","7703",,"1","0"
"snapshot_non_legion_category","True","4036","Victories over the Faction Champions (Trial of the Crusader 10 player)","Victories over the Faction Champions (Trial of the Crusader 10 player)","14823","Wrath of the Lich King","8135",,"1","0"
"snapshot_non_legion_category","True","4037","Victories over the Faction Champions (Trial of the Grand Crusader 10 player)","Victories over the Faction Champions (Trial of the Grand Crusader 10 player)","14823","Wrath of the Lich King","7398",,"1","0"
"snapshot_non_legion_category","True","4038","Victories over the Faction Champions (Trial of the Crusader 25 player)","Victories over the Faction Champions (Trial of the Crusader 25 player)","14823","Wrath of the Lich King","11159",,"1","0"
"snapshot_non_legion_category","True","4039","Victories over the Faction Champions (Trial of the Grand Crusader 25 player)","Victories over the Faction Champions (25-player Trial of the Grand Crusader)","14823","Wrath of the Lich King","8138",,"1","0"
"snapshot_non_legion_category","True","4040","Val'kyr Twins kills (Trial of the Crusader 10 player)","Val'kyr Twins kills (Trial of the Crusader 10 player)","14823","Wrath of the Lich King","8334",,"1","0"
"snapshot_non_legion_category","True","4041","Val'kyr Twins kills (Trial of the Grand Crusader 10 player)","Val'kyr Twins kills (Trial of the Grand Crusader 10 player)","14823","Wrath of the Lich King","8248",,"1","0"
"snapshot_non_legion_category","True","4042","Val'kyr Twins kills (Trial of the Crusader 25 player)","Val'kyr Twins kills (Trial of the Crusader 25 player)","14823","Wrath of the Lich King","9639",,"1","0"
"snapshot_non_legion_category","True","4043","Val'kyr Twins kills (Trial of the Grand Crusader 25 player)","Val'kyr Twins kills  (Trial of the Grand Crusader 25 player)","14823","Wrath of the Lich King","8468",,"1","0"
"snapshot_non_legion_category","True","4044","Times completed the Trial of the Crusader (10 player)","Times completed the Trial of the Crusader (10 player)","14823","Wrath of the Lich King","7188",,"1","0"
"snapshot_non_legion_category","True","4045","Times completed the Trial of the Grand Crusader (10 player)","Times completed the Trial of the Grand Crusader (10 player)","14823","Wrath of the Lich King","10426",,"1","0"
"snapshot_non_legion_category","True","4046","Times completed the Trial of the Crusader (25 player)","Times completed the Trial of the Crusader (25 player)","14823","Wrath of the Lich King","8529",,"1","0"
"snapshot_non_legion_category","True","4047","Times completed the Trial of the Grand Crusader (25 player)","Times completed the Trial of the Grand Crusader (25 player)","14823","Wrath of the Lich King","9658",,"1","0"
"snapshot_non_legion_category","True","4048","Victories over Mage Champion (Trial of the Champion)","Victories over Mage Champion (Trial of the Champion)","14823","Wrath of the Lich King","7490",,"1","0"
"snapshot_non_legion_category","True","4049","Victories over Mage Champion (Heroic Trial of the Champion)","Victories over Mage Champion (Heroic Trial of the Champion)","14823","Wrath of the Lich King","9661",,"1","0"
"snapshot_non_legion_category","True","4050","Victories over Rogue Champion (Trial of the Champion)","Victories over Rogue Champion (Trial of the Champion)","14823","Wrath of the Lich King","7153",,"1","0"
"snapshot_non_legion_category","True","4051","Victories over Rogue Champion (Heroic Trial of the Champion)","Victories over Rogue Champion (Heroic Trial of the Champion)","14823","Wrath of the Lich King","7569",,"1","0"
"snapshot_non_legion_category","True","4052","Victories over Shaman Champion (Trial of the Champion)","Victories over Shaman Champion (Trial of the Champion)","14823","Wrath of the Lich King","7156",,"1","0"
"snapshot_non_legion_category","True","4053","Victories over Shaman Champion (Heroic Trial of the Champion)","Victories over Shaman Champion (Heroic Trial of the Champion)","14823","Wrath of the Lich King","8779",,"1","0"
"snapshot_non_legion_category","True","4054","Victories over Warrior Champion (Trial of the Champion)","Victories over Warrior Champion (Trial of the Champion)","14823","Wrath of the Lich King","7478",,"1","0"
"snapshot_non_legion_category","True","4055","Victories over Warrior Champion (Heroic Trial of the Champion)","Victories over Warrior Champion (Heroic Trial of the Champion)","14823","Wrath of the Lich King","10299",,"1","0"
"snapshot_non_legion_category","True","4074","Koralon the Flame Watcher kills (Wintergrasp 10 player)","Koralon the Flame Watcher kills (Wintergrasp 10 player)","14823","Wrath of the Lich King","9651",,"1","10"
"snapshot_non_legion_category","True","4075","Koralon the Flame Watcher kills (Wintergrasp 25 player)","Koralon the Flame Watcher kills (Wintergrasp 25 player)","14823","Wrath of the Lich King","10729",,"1","10"
"snapshot_non_legion_category","True","4078","Realm First! Grand Crusader","Participated in the realm first conquest of the Trial of the Grand Crusader with 50 attempts remaining in 25-player mode.","81","Feats of Strength","7531",,"768","0"
"snapshot_non_legion_category","True","4079","A Tribute to Immortality","In the Trial of the Grand Crusader, reach a Tribute Chest with 50 attempts remaining and without allowing any raid member to die during any of the boss encounters in 25-player mode.","15271","Raids","8616",,"2048","0"
"snapshot_non_legion_category","True","4080","A Tribute to Dedicated Insanity","Meet the criteria for A Tribute to Insanity without any raid member having used an item only obtainable from 25-player Coliseum, or any more powerful item.","15278","Raids","7534",,"2048","0"
"snapshot_non_legion_category","True","4096","Isle of Conquest battles","Isle of Conquest battles","153","Battlegrounds","9812",,"1","0"
"snapshot_non_legion_category","True","4097","Isle of Conquest victories","Isle of Conquest victories","153","Battlegrounds","12569",,"1","0"
"snapshot_non_legion_category","True","4156","A Tribute to Immortality","In the Trial of the Grand Crusader, reach a Tribute Chest with 50 attempts remaining and without allowing any raid member to die during any of the boss encounters in 25-player mode.","15271","Raids","7993",,"2048","0"
"snapshot_non_legion_category","True","4176","Resource Glut","Win Isle of Conquest while your team controls the Quarry and Oil Refinery.","15003","Isle of Conquest","7796",,"0","10"
"snapshot_non_legion_category","True","4177","Mine","Win Isle of Conquest while controlling the Quarry, Oil Refinery, Shipyard, Siege Workshop and Hangar.","15003","Isle of Conquest","7510",,"0","10"
"snapshot_non_legion_category","True","4256","Demolition Derby","Destroy the following vehicles in Isle of Conquest","15003","Isle of Conquest","7872",,"0","10"
"snapshot_non_legion_category","True","4296","Trial of the Champion","Defeat the bosses in the Trial of the Champion.","14806","Lich King Dungeon","9854",,"0","10"
"snapshot_non_legion_category","True","4297","Heroic: Trial of the Champion","Defeat the bosses in the Trial of the Champion on Heroic Difficulty.","14806","Lich King Dungeon","7572",,"0","10"
"snapshot_non_legion_category","True","4298","Heroic: Trial of the Champion","Defeat the bosses in the Trial of the Champion on Heroic Difficulty.","14806","Lich King Dungeon","6995",,"0","10"
"snapshot_non_legion_category","True","4316","2500 Dungeon & Raid Emblems","Loot 2500 Emblems of Heroism, Valor, Conquest, Triumph or Frost.","15280","Currencies","7370",,"2176","0"
"snapshot_non_legion_category","True","4396","Onyxia's Lair (10 player)","Defeat Onyxia in 10-player mode.","14922","Lich King Raid","887",,"0","10"
"snapshot_non_legion_category","True","4397","Onyxia's Lair (25 player)","Defeat Onyxia in 25-player mode.","14922","Lich King Raid","890",,"0","10"
"snapshot_non_legion_category","True","4400","WoW's 5th Anniversary","Logged in during WoW's 5th Anniversary.","15274","Events","1972",,"2048","0"
"snapshot_non_legion_category","True","4402","More Dots! (10 player)","Defeat Onyxia in less than 5 minutes in 10-player mode.","14922","Lich King Raid","7563",,"0","10"
"snapshot_non_legion_category","True","4403","Many Whelps! Handle It! (10 player)","Cause 50 Onyxia Whelplings to hatch within 10 seconds of Onyxia's liftoff, and then defeat her in 10-player mode.","14922","Lich King Raid","10743",,"0","10"
"snapshot_non_legion_category","True","4404","She Deep Breaths More (10 player)","Defeat Onyxia without anyone taking damage from a Deep Breath in 10-player mode.","14922","Lich King Raid","7850",,"0","10"
"snapshot_non_legion_category","True","4405","More Dots! (25 player)","Defeat Onyxia in less than 5 minutes in 25-player mode.","14922","Lich King Raid","11235",,"0","10"
"snapshot_non_legion_category","True","4406","Many Whelps! Handle It! (25 player)","Cause 50 Onyxia Whelplings to hatch within 10 seconds of Onyxia's liftoff, and then defeat her in 25-player mode.","14922","Lich King Raid","8583",,"0","10"
"snapshot_non_legion_category","True","4407","She Deep Breaths More (25 player)","Defeat Onyxia without anyone taking damage from a Deep Breath in 25-player mode.","14922","Lich King Raid","14360",,"0","10"
"snapshot_non_legion_category","True","4436","BB King","Pelt the enemy leaders listed below.","156","Winter Veil","13986",,"0","10"
"snapshot_non_legion_category","True","4437","BB King","Pelt the enemy leaders listed below.","156","Winter Veil","14426",,"0","10"
"snapshot_non_legion_category","True","4456","Lich King random Normal dungeons completed","LFG random Lich King normal dungeons completed","14807","Dungeons & Raids","18615",,"1","0"
"snapshot_non_legion_category","True","4476","Looking For More","Use the Dungeon Finder tool to finish random heroic dungeons until you have grouped with 10 random players total.","168","Dungeons & Raids","15725",,"0","10"
"snapshot_non_legion_category","True","4477","Looking For Many","Use the Dungeon Finder tool to finish random heroic dungeons until you have grouped with 50 random players total.","168","Dungeons & Raids","14956",,"0","10"
"snapshot_non_legion_category","True","4478","Looking For Multitudes","Use the Dungeon Finder tool to finish random heroic dungeons until you have grouped with 100 random players total.","168","Dungeons & Raids","12075",,"0","10"
"snapshot_non_legion_category","True","4496","It's Over Nine Thousand!","Earn more than 9000 achievement points.","92","General","14363",,"131072","10"
"snapshot_non_legion_category","True","4516","The Forge of Souls","Defeat the bosses in The Forge of Souls","14806","Lich King Dungeon","14576",,"0","10"
"snapshot_non_legion_category","True","4517","The Pit of Saron","Defeat the bosses in The Pit of Saron.","14806","Lich King Dungeon","14174",,"0","10"
"snapshot_non_legion_category","True","4518","The Halls of Reflection","Defeat the bosses in The Halls of Reflection.","14806","Lich King Dungeon","8653",,"0","10"
"snapshot_non_legion_category","True","4519","Heroic: The Forge of Souls","Defeat the bosses in The Forge of Souls on Heroic Difficulty","14806","Lich King Dungeon","17499",,"0","10"
"snapshot_non_legion_category","True","4520","Heroic: The Pit of Saron","Defeat the bosses in The Pit of Saron on Heroic Difficulty.","14806","Lich King Dungeon","15238",,"0","10"
"snapshot_non_legion_category","True","4521","Heroic: The Halls of Reflection","Defeat the bosses in The Halls of Reflection on Heroic Difficulty.","14806","Lich King Dungeon","14179",,"0","10"
"snapshot_non_legion_category","True","4522","Soul Power","Defeat Bronjahm in The Forge of Souls on Heroic Difficulty with at least 4 Corrupted Soul Fragments alive.","14806","Lich King Dungeon","10768",,"0","10"
"snapshot_non_legion_category","True","4523","Three Faced","Defeat the Devourer of Souls in The Forge of Souls on Heroic Difficulty without him successfully casting Phantom Blast.","14806","Lich King Dungeon","17835",,"0","10"
"snapshot_non_legion_category","True","4524","Doesn't Go to Eleven","Defeat Forgemaster Garfrost in The Pit of Saron on Heroic Difficulty before any player gets 11 stacks of Permafrost.","14806","Lich King Dungeon","17395",,"0","10"
"snapshot_non_legion_category","True","4525","Don't Look Up","Clear the hallway before Scourgelord Tyrannus in The Pit of Saron on Heroic Difficulty without anyone taking icicle damage on the first try.","14806","Lich King Dungeon","14697",,"0","10"
"snapshot_non_legion_category","True","4526","We're Not Retreating; We're Advancing in a Different Direction.","Escape from the Lich King in The Halls of Reflection on Heroic Difficulty in under 6 minutes.","14806","Lich King Dungeon","17496",,"0","10"
"snapshot_non_legion_category","True","4527","The Frostwing Halls (10 player)","Defeat the bosses of The Frostwing Halls in Icecrown Citadel in 10-player mode.","14922","Lich King Raid","14700",,"0","10"
"snapshot_non_legion_category","True","4528","The Plagueworks (10 player)","Defeat the bosses of The Plagueworks in Icecrown Citadel in 10-player mode.","14922","Lich King Raid","7194",,"0","10"
"snapshot_non_legion_category","True","4529","The Crimson Hall (10 player)","Defeat the bosses of The Crimson Hall in Icecrown Citadel in 10-player mode.","14922","Lich King Raid","15129",,"0","10"
"snapshot_non_legion_category","True","4530","The Frozen Throne (10 player)","Defeat the Lich King in Icecrown Citadel in 10-player mode.","14922","Lich King Raid","16794",,"0","10"
"snapshot_non_legion_category","True","4531","Storming the Citadel (10 player)","Defeat the first four bosses in Icecrown Citadel in 10-player mode.","14922","Lich King Raid","12587",,"0","10"
"snapshot_non_legion_category","True","4532","Fall of the Lich King (10 player)","Defeat every boss in Icecrown Citadel in 10-player mode.","14922","Lich King Raid","17157",,"131072","25"
"snapshot_non_legion_category","True","4534","Boned (10 player)","Defeat Lord Marrowgar without any raid member remaining impaled for more than 8 seconds in 10-player mode.","14922","Lich King Raid","18706",,"0","10"
"snapshot_non_legion_category","True","4535","Full House (10 player)","Defeat Lady Deathwhisper with at least five different types of Cultists active at the time of her demise in 10-player mode.","14922","Lich King Raid","12428",,"0","10"
"snapshot_non_legion_category","True","4536","I'm on a Boat (10 player)","Claim victory in the Gunship Battle without any raid member visiting the enemy gunship more than twice in 10-player mode.","14922","Lich King Raid","16623",,"0","10"
"snapshot_non_legion_category","True","4537","I've Gone and Made a Mess (10 player)","Defeat the Deathbringer before Mark of the Fallen Champion is cast three times in 10-player mode.","14922","Lich King Raid","14550",,"0","10"
"snapshot_non_legion_category","True","4538","Dances with Oozes (10 player)","Defeat Rotface without a Big Ooze casting Unstable Ooze Explosion in 10-player mode.","14922","Lich King Raid","14415",,"0","10"
"snapshot_non_legion_category","True","4539","Once Bitten, Twice Shy (10 player)","Defeat Blood-Queen Lana'thel once as a vampire and again without becoming a vampire in 10-player mode.","14922","Lich King Raid","15568",,"0","10"
"snapshot_non_legion_category","True","4556","Lich King random Heroic dungeons completed","LFG random Lich King heroic dungeons completed","14807","Dungeons & Raids","14562",,"1","0"
"snapshot_non_legion_category","True","4576","Realm First! Fall of the Lich King","Participated in the realm first defeat of the Lich King in 25-player heroic mode.","81","Feats of Strength","12502",,"768","0"
"snapshot_non_legion_category","True","4577","Flu Shot Shortage (10 player)","Defeat Festergut while none of the players in your raid group ever had 3 stacks of Inoculated in 10-player mode.","14922","Lich King Raid","15381",,"0","10"
"snapshot_non_legion_category","True","4578","Nausea, Heartburn, Indigestion... (10 player)","Defeat Professor Putricide without using Regurgitated Ooze on the Abomination in 10-player mode.","14922","Lich King Raid","15794",,"0","10"
"snapshot_non_legion_category","True","4579","Portal Jockey (10 player)","Enter every portal spawned by Valithria Dreamwalker before healing her to full health in 10-player mode.","14922","Lich King Raid","15359",,"0","10"
"snapshot_non_legion_category","True","4580","All You Can Eat (10 player)","Defeat Sindragosa in 10-player mode without any member of your raid receiving more than 5 stacks of Mystic Buffet.","14922","Lich King Raid","17345",,"0","10"
"snapshot_non_legion_category","True","4581","Neck-Deep in Vile (10 player)","Kill every Vile Spirit that spawns before it explodes and then defeat the Lich King in 10-player mode.","14922","Lich King Raid","12845",,"0","10"
"snapshot_non_legion_category","True","4582","The Orb Whisperer (10 player)","Defeat the Blood Council without anyone in the raid taking more than 23,000 spell damage in a single hit in 10-player mode.","14922","Lich King Raid","12608",,"0","10"
"snapshot_non_legion_category","True","4583","Bane of the Fallen King","Defeat the Lich King in Icecrown Citadel in 10-player Heroic mode.","14922","Lich King Raid","16630",,"0","10"
"snapshot_non_legion_category","True","4584","The Light of Dawn","Defeat the Lich King in Icecrown Citadel in 25-player Heroic mode.","14922","Lich King Raid","12849",,"0","10"
"snapshot_non_legion_category","True","4585","Toravon the Ice Watcher (10 player)","Defeat Toravon the Ice Watcher in 10 player mode.","14901","Wintergrasp","12852",,"0","10"
"snapshot_non_legion_category","True","4586","Toravon the Ice Watcher (25 player)","Defeat Toravon the Ice Watcher in 25 player mode.","14901","Wintergrasp","15385",,"0","10"
"snapshot_non_legion_category","True","4596","The Sword in the Skull","Recover the missing hilt of Quel'Delar, draw the blade from its resting place, reforge the weapon, purify it in the Sunwell, and present it for your just reward.","14941","Argent Tournament","17423",,"0","10"
"snapshot_non_legion_category","True","4597","The Frozen Throne (25 player)","Defeat the Lich King in Icecrown Citadel in 25-player mode.","14922","Lich King Raid","16658",,"0","10"
"snapshot_non_legion_category","True","4598","The Ashen Verdict","Earn Exalted status with the Ashen Verdict.","14866","Wrath of the Lich King","15475",,"0","15"
"snapshot_non_legion_category","True","4599","Wrathful Gladiator","Achieved Wrathful Gladiator title.","15270","Player vs. Player","16806",,"2048","0"
"snapshot_non_legion_category","True","4600","Wrathful Gladiator's Frost Wyrm","Obtain the Wrathful Gladiator's Frost Wyrm from Arena Season 8 of Wrath of the Lich King.","15269","Mounts","17299",,"2048","0"
"snapshot_non_legion_category","True","4601","Been Waiting a Long Time for This (10 player)","Allow Necrotic Plague to stack to 30 before defeating the Lich King in 10-player mode.","14922","Lich King Raid","14849",,"0","10"
"snapshot_non_legion_category","True","4602","Glory of the Icecrown Raider (10 player)","Complete the 10-player raid achievements listed below.","168","Dungeons & Raids","17207",,"131072","25"
"snapshot_non_legion_category","True","4603","Glory of the Icecrown Raider (25 player)","Complete the 25-player raid achievements listed below.","168","Dungeons & Raids","14615",,"131072","25"
"snapshot_non_legion_category","True","4604","Storming the Citadel (25 player)","Defeat the first four bosses in Icecrown Citadel in 25-player mode.","14922","Lich King Raid","13907",,"0","10"
"snapshot_non_legion_category","True","4605","The Plagueworks (25 player)","Defeat the bosses of The Plagueworks in Icecrown Citadel in 25-player mode.","14922","Lich King Raid","15020",,"0","10"
"snapshot_non_legion_category","True","4606","The Crimson Hall (25 player)","Defeat the bosses of The Crimson Hall in Icecrown Citadel in 25-player mode.","14922","Lich King Raid","12796",,"0","10"
"snapshot_non_legion_category","True","4607","The Frostwing Halls (25 player)","Defeat the bosses of The Frostwing Halls in Icecrown Citadel in 25-player mode.","14922","Lich King Raid","15025",,"0","10"
"snapshot_non_legion_category","True","4608","Fall of the Lich King (25 player)","Defeat every boss in Icecrown Citadel in 25-player mode.","14922","Lich King Raid","13851",,"131072","25"
"snapshot_non_legion_category","True","4610","Boned (25 player)","Defeat Lord Marrowgar without any raid member remaining impaled for more than 8 seconds in 25-player mode.","14922","Lich King Raid","13913",,"0","10"
"snapshot_non_legion_category","True","4611","Full House (25 player)","Defeat Lady Deathwhisper with at least five different types of Cultists active at the time of her demise in 25-player mode.","14922","Lich King Raid","13100",,"0","10"
"snapshot_non_legion_category","True","4612","I'm on a Boat (25 player)","Claim victory in the Gunship Battle without any raid member visiting the enemy gunship more than once in 25-player mode.","14922","Lich King Raid","16654",,"0","10"
"snapshot_non_legion_category","True","4613","I've Gone and Made a Mess (25 player)","Defeat the Deathbringer before Mark of the Fallen Champion is cast five times in 25-player mode.","14922","Lich King Raid","15120",,"0","10"
"snapshot_non_legion_category","True","4614","Dances with Oozes (25 player)","Defeat Rotface without a Big Ooze casting Unstable Ooze Explosion in 25-player mode.","14922","Lich King Raid","15074",,"0","10"
"snapshot_non_legion_category","True","4615","Flu Shot Shortage (25 player)","Defeat Festergut while none of the players in your raid group ever had 3 stacks of Inoculated in 25-player mode.","14922","Lich King Raid","14330",,"0","10"
"snapshot_non_legion_category","True","4616","Nausea, Heartburn, Indigestion... (25 player)","Defeat Professor Putricide without using Regurgitated Ooze on the Abomination in 25-player mode.","14922","Lich King Raid","14141",,"0","10"
"snapshot_non_legion_category","True","4617","The Orb Whisperer (25 player)","Defeat the Blood Council without anyone in the raid taking more than 25,000 spell damage in a single hit in 25-player mode.","14922","Lich King Raid","15632",,"0","10"
"snapshot_non_legion_category","True","4618","Once Bitten, Twice Shy (25 player)","Defeat Blood-Queen Lana'thel once as a vampire and again without becoming a vampire in 25-player mode.","14922","Lich King Raid","17058",,"0","10"
"snapshot_non_legion_category","True","4619","Portal Jockey (25 player)","Enter every portal spawned by Valithria Dreamwalker before healing her to full health in 25-player mode.","14922","Lich King Raid","14145",,"0","10"
"snapshot_non_legion_category","True","4620","All You Can Eat (25 player)","Defeat Sindragosa in 25-player mode without any member of your raid receiving more than 5 stacks of Mystic Buffet.","14922","Lich King Raid","14204",,"0","10"
"snapshot_non_legion_category","True","4621","Been Waiting a Long Time for This (25 player)","Allow Necrotic Plague to stack to 30 before defeating the Lich King in 25-player mode.","14922","Lich King Raid","15363",,"0","10"
"snapshot_non_legion_category","True","4622","Neck-Deep in Vile (25 player)","Kill every Vile Spirit that spawns before it explodes and then defeat the Lich King in 25-player mode.","14922","Lich King Raid","15299",,"0","10"
"snapshot_non_legion_category","True","4623","Shadowmourne","Wielder of Shadowmourne.","15271","Raids","13171",,"2048","0"
"snapshot_non_legion_category","True","4624","Tough Love","Defeat the trio of Crown Chemical Co. apothecaries in Shadowfang Keep.","187","Love is in the Air","12473",,"0","10"
"snapshot_non_legion_category","True","4625","Invincible's Reins","Obtain Invincible from Arthas in Icecrown Citadel.","15269","Mounts","15731",,"133120","0"
"snapshot_non_legion_category","True","4626","And I'll Form the Head!","Obtain Mimiron's Head from 25-player Yogg-Saron with no Keepers assisting you.","15269","Mounts","15734",,"133120","0"
"snapshot_non_legion_category","True","4627","Big Love Rocket","Obtain the Big Love Rocket from Apothecary Hummel in Shadowfang Keep during Love is in the Air.","15269","Mounts","15810",,"133120","0"
"snapshot_non_legion_category","True","4628","Heroic: Storming the Citadel (10 player)","Defeat the first four bosses in Icecrown Citadel in 10-player Heroic mode.","14922","Lich King Raid","14544",,"0","10"
"snapshot_non_legion_category","True","4629","Heroic: The Plagueworks (10 player)","Defeat the bosses of The Plagueworks in Icecrown Citadel in 10-player Heroic mode.","14922","Lich King Raid","15521",,"0","10"
"snapshot_non_legion_category","True","4630","Heroic: The Crimson Hall (10 player)","Defeat the bosses of The Crimson Hall in Icecrown Citadel in 10-player Heroic mode.","14922","Lich King Raid","14554",,"0","10"
"snapshot_non_legion_category","True","4631","Heroic: The Frostwing Halls (10 player)","Defeat the bosses of The Frostwing Halls in Icecrown Citadel in 10-player Heroic mode.","14922","Lich King Raid","14346",,"0","10"
"snapshot_non_legion_category","True","4632","Heroic: Storming the Citadel (25 player)","Defeat the first four bosses in Icecrown Citadel in 25-player Heroic mode.","14922","Lich King Raid","16797",,"0","10"
"snapshot_non_legion_category","True","4633","Heroic: The Plagueworks (25 player)","Defeat the bosses of The Plagueworks in Icecrown Citadel in 25-player Heroic mode.","14922","Lich King Raid","18152",,"0","10"
"snapshot_non_legion_category","True","4634","Heroic: The Crimson Hall (25 player)","Defeat the bosses of The Crimson Hall in Icecrown Citadel in 25-player Heroic mode.","14922","Lich King Raid","17440",,"0","10"
"snapshot_non_legion_category","True","4635","Heroic: The Frostwing Halls (25 player)","Defeat the bosses of The Frostwing Halls in Icecrown Citadel in 25-player Heroic mode.","14922","Lich King Raid","17444",,"0","10"
"snapshot_non_legion_category","True","4636","Heroic: Fall of the Lich King (10 player)","Defeat every boss in Icecrown Citadel in 10-player Heroic mode.","14922","Lich King Raid","18713",,"131072","25"
"snapshot_non_legion_category","True","4637","Heroic: Fall of the Lich King (25 player)","Defeat every boss in Icecrown Citadel in 25-player Heroic mode.","14922","Lich King Raid","17309",,"131072","25"
"snapshot_non_legion_category","True","4639","Lord Marrowgar kills (Icecrown 10 player)","Lord Marrowgar kills (Icecrown 10 player)","14823","Wrath of the Lich King","17349",,"1","0"
"snapshot_non_legion_category","True","4640","Lord Marrowgar kills (Heroic Icecrown 10 player)","Lord Marrowgar kills (Heroic Icecrown 10 player)","14823","Wrath of the Lich King","15199",,"1","0"
"snapshot_non_legion_category","True","4641","Lord Marrowgar kills (Icecrown 25 player)","Lord Marrowgar kills (Icecrown 25 player)","14823","Wrath of the Lich King","12605",,"1","0"
"snapshot_non_legion_category","True","4642","Lord Marrowgar kills (Heroic Icecrown 25 player)","Lord Marrowgar kills (Heroic Icecrown 25 player)","14823","Wrath of the Lich King","13045",,"1","0"
"snapshot_non_legion_category","True","4643","Lady Deathwhisper kills (Icecrown 10 player)","Lady Deathwhisper kills (Icecrown 10 player)","14823","Wrath of the Lich King","16779",,"1","0"
"snapshot_non_legion_category","True","4644","Gunship Battle victories (Icecrown 10 player)","Gunship Battle victories (Icecrown 10 player)","14823","Wrath of the Lich King","15202",,"1","0"
"snapshot_non_legion_category","True","4645","Deathbringer kills (Icecrown 10 player)","Deathbringer kills (Icecrown 10 player)","14823","Wrath of the Lich King","12612",,"1","0"
"snapshot_non_legion_category","True","4646","Festergut kills (Icecrown 10 player)","Festergut kills (Icecrown 10 player)","14823","Wrath of the Lich King","12714",,"1","0"
"snapshot_non_legion_category","True","4647","Rotface kills (Icecrown 10 player)","Rotface kills (Icecrown 10 player)","14823","Wrath of the Lich King","15205",,"1","0"
"snapshot_non_legion_category","True","4648","Blood Prince Council kills (Icecrown 10 player)","Blood Prince Council kills (Icecrown 10 player)","14823","Wrath of the Lich King","13688",,"1","0"
"snapshot_non_legion_category","True","4649","Valithria Dreamwalker rescues (Icecrown 10 player)","Valithria Dreamwalker rescues (Icecrown 10 player)","14823","Wrath of the Lich King","14201",,"1","0"
"snapshot_non_legion_category","True","4650","Professor Putricide kills (Icecrown 10 player)","Professor Putricide kills (Icecrown 10 player)","14823","Wrath of the Lich King","14723",,"1","0"
"snapshot_non_legion_category","True","4651","Blood Queen Lana'thel kills (Icecrown 10 player)","Blood Queen Lana'thel kills (Icecrown 10 player)","14823","Wrath of the Lich King","14343",,"1","0"
"snapshot_non_legion_category","True","4652","Sindragosa kills (Icecrown 10 player)","Sindragosa kills (Icecrown 10 player)","14823","Wrath of the Lich King","17352",,"1","0"
"snapshot_non_legion_category","True","4653","Victories over the Lich King (Icecrown 10 player)","Victories over the Lich King (Icecrown 10 player)","14823","Wrath of the Lich King","16441",,"1","0"
"snapshot_non_legion_category","True","4654","Lady Deathwhisper kills (Heroic Icecrown 10 player)","Lady Deathwhisper kills (Heroic Icecrown 10 player)","14823","Wrath of the Lich King","17841",,"1","0"
"snapshot_non_legion_category","True","4655","Lady Deathwhisper kills (Icecrown 25 player)","Lady Deathwhisper kills (Icecrown 25 player)","14823","Wrath of the Lich King","18710",,"1","0"
"snapshot_non_legion_category","True","4656","Lady Deathwhisper kills (Heroic Icecrown 25 player)","Lady Deathwhisper kills (Heroic Icecrown 25 player)","14823","Wrath of the Lich King","14726",,"1","0"
"snapshot_non_legion_category","True","4657","Toravon the Ice Watcher kills (Wintergrasp 10 player)","Toravon the Ice Watcher kills (Wintergrasp 10 player)","14823","Wrath of the Lich King","14198",,"1","0"
"snapshot_non_legion_category","True","4658","Toravon the Ice Watcher kills (Wintergrasp 25 player)","Toravon the Ice Watcher kills (Wintergrasp 25 player)","14823","Wrath of the Lich King","15813",,"1","0"
"snapshot_non_legion_category","True","4659","Gunship Battle victories (Heroic Icecrown 10 player)","Gunship Battle victories (Heroic Icecrown 10 player)","14823","Wrath of the Lich King","16676",,"1","0"
"snapshot_non_legion_category","True","4660","Gunship Battle victories (Icecrown 25 player)","Gunship Battle victories (Icecrown 25 player)","14823","Wrath of the Lich King","14729",,"1","0"
"snapshot_non_legion_category","True","4661","Gunship Battle victories (Heroic Icecrown 25 player)","Gunship Battle victories (Heroic Icecrown 25 player)","14823","Wrath of the Lich King","13174",,"1","0"
"snapshot_non_legion_category","True","4662","Deathbringer kills (Heroic Icecrown 10 player)","Deathbringer kills (Heroic Icecrown 10 player)","14823","Wrath of the Lich King","17934",,"1","0"
"snapshot_non_legion_category","True","4663","Deathbringer kills (Icecrown 25 player)","Deathbringer kills (Icecrown 25 player)","14823","Wrath of the Lich King","15356",,"1","0"
"snapshot_non_legion_category","True","4664","Deathbringer kills (Heroic Icecrown 25 player)","Deathbringer kills (Heroic Icecrown 25 player)","14823","Wrath of the Lich King","16651",,"1","0"
"snapshot_non_legion_category","True","4665","Festergut kills (Heroic Icecrown 10 player)","Festergut kills (Heroic Icecrown 10 player)","14823","Wrath of the Lich King","17154",,"1","0"
"snapshot_non_legion_category","True","4666","Festergut kills (Icecrown 25 player)","Festergut kills (Icecrown 25 player)","14823","Wrath of the Lich King","14896",,"1","0"
"snapshot_non_legion_category","True","4667","Festergut kills (Heroic Icecrown 25 player)","Festergut kills (Heroic Icecrown 25 player)","14823","Wrath of the Lich King","17937",,"1","0"
"snapshot_non_legion_category","True","4668","Rotface kills (Heroic Icecrown 10 player)","Rotface kills (Heroic Icecrown 10 player)","14823","Wrath of the Lich King","17940",,"1","0"
"snapshot_non_legion_category","True","4669","Rotface kills (Icecrown 25 player)","Rotface kills (Icecrown 25 player)","14823","Wrath of the Lich King","14899",,"1","0"
"snapshot_non_legion_category","True","4670","Rotface kills (Heroic Icecrown 25 player)","Rotface kills (Heroic Icecrown 25 player)","14823","Wrath of the Lich King","13048",,"1","0"
"snapshot_non_legion_category","True","4671","Blood Prince Council kills (Heroic Icecrown 10 player)","Blood Prince Council kills (Heroic Icecrown 10 player)","14823","Wrath of the Lich King","12602",,"1","0"
"snapshot_non_legion_category","True","4672","Blood Prince Council kills (Icecrown 25 player)","Blood Prince Council kills (Icecrown 25 player)","14823","Wrath of the Lich King","17271",,"1","0"
"snapshot_non_legion_category","True","4673","Blood Prince Council kills (Heroic Icecrown 25 player)","Blood Prince Council kills (Heroic Icecrown 25 player)","14823","Wrath of the Lich King","17112",,"1","0"
"snapshot_non_legion_category","True","4674","Valithria Dreamwalker rescues (Heroic Icecrown 10 player)","Valithria Dreamwalker rescues (Heroic Icecrown 10 player)","14823","Wrath of the Lich King","12857",,"1","0"
"snapshot_non_legion_category","True","4675","Valithria Dreamwalker rescues (Icecrown 25 player)","Valithria Dreamwalker rescues (Icecrown 25 player)","14823","Wrath of the Lich King","16782",,"1","0"
"snapshot_non_legion_category","True","4676","Valithria Dreamwalker rescues (Heroic Icecrown 25 player)","Valithria Dreamwalker rescues (Heroic Icecrown 25 player)","14823","Wrath of the Lich King","17277",,"1","0"
"snapshot_non_legion_category","True","4677","Professor Putricide kills (Heroic Icecrown 10 player)","Professor Putricide kills (Heroic Icecrown 10 player)","14823","Wrath of the Lich King","16785",,"1","0"
"snapshot_non_legion_category","True","4678","Professor Putricide kills (Icecrown 25 player)","Professor Putricide kills (Icecrown 25 player)","14823","Wrath of the Lich King","17274",,"1","0"
"snapshot_non_legion_category","True","4679","Professor Putricide kills (Heroic Icecrown 25 player)","Professor Putricide kills (Heroic Icecrown 25 player)","14823","Wrath of the Lich King","12863",,"1","0"
"snapshot_non_legion_category","True","4680","Blood Queen Lana'thel kills (Heroic Icecrown 10 player)","Blood Queen Lana'thel kills (Heroic Icecrown 10 player)","14823","Wrath of the Lich King","15350",,"1","0"
"snapshot_non_legion_category","True","4681","Blood Queen Lana'thel kills (Icecrown 25 player)","Blood Queen Lana'thel kills (Icecrown 25 player)","14823","Wrath of the Lich King","17885",,"1","0"
"snapshot_non_legion_category","True","4682","Blood Queen Lana'thel kills (Heroic Icecrown 25 player)","Blood Queen Lana'thel kills (Heroic Icecrown 25 player)","14823","Wrath of the Lich King","12866",,"1","0"
"snapshot_non_legion_category","True","4683","Sindragosa kills (Icecrown 25 player)","Sindragosa kills (Icecrown 25 player)","14823","Wrath of the Lich King","17431",,"1","0"
"snapshot_non_legion_category","True","4684","Sindragosa kills (Heroic Icecrown 10 player)","Sindragosa kills (Heroic Icecrown 10 player)","14823","Wrath of the Lich King","17829",,"1","0"
"snapshot_non_legion_category","True","4685","Sindragosa kills (Heroic Icecrown 25 player)","Sindragosa kills (Heroic Icecrown 25 player)","14823","Wrath of the Lich King","17434",,"1","0"
"snapshot_non_legion_category","True","4686","Victories over the Lich King (Heroic Icecrown 10 player)","Victories over the Lich King (Heroic Icecrown 10 player)","14823","Wrath of the Lich King","13051",,"1","0"
"snapshot_non_legion_category","True","4687","Victories over the Lich King (Icecrown 25 player)","Victories over the Lich King (Icecrown 25 player)","14823","Wrath of the Lich King","17437",,"1","0"
"snapshot_non_legion_category","True","4688","Victories over the Lich King (Heroic Icecrown 25 player)","Victories over the Lich King (Heroic Icecrown 25 player)","14823","Wrath of the Lich King","17949",,"1","0"
"snapshot_non_legion_category","True","4713","Bronjahm kills (Forge of Souls)","","14823","Wrath of the Lich King","13054",,"5","0"
"snapshot_non_legion_category","True","4714","Bronjahm kills (Heroic Forge of Souls)","","14823","Wrath of the Lich King","13057",,"1","0"
"snapshot_non_legion_category","True","4715","Devourer of Souls kills (Forge of Souls)","","14823","Wrath of the Lich King","14117",,"1","0"
"snapshot_non_legion_category","True","4716","Devourer of Souls kills (Heroic Forge of Souls)","","14823","Wrath of the Lich King","16444",,"1","0"
"snapshot_non_legion_category","True","4717","Forgemaster Garfrost kills (Pit of Saron)","","14823","Wrath of the Lich King","15287",,"1","0"
"snapshot_non_legion_category","True","4718","Ick and Krick kills (Pit of Saron)","","14823","Wrath of the Lich King","14120",,"1","0"
"snapshot_non_legion_category","True","4719","Ick and Krick kills (Heroic Pit of Saron)","","14823","Wrath of the Lich King","14123",,"1","0"
"snapshot_non_legion_category","True","4720","Scourgelord Tyrannus kills (Pit of Saron)","","14823","Wrath of the Lich King","12860",,"1","0"
"snapshot_non_legion_category","True","4721","Scourgelord Tyrannus kills (Heroic Pit of Saron)","","14823","Wrath of the Lich King","14159",,"1","0"
"snapshot_non_legion_category","True","4722","Falric kills (Halls of Reflection)","","14823","Wrath of the Lich King","14162",,"1","0"
"snapshot_non_legion_category","True","4723","Falric kills (Heroic Halls of Reflection)","","14823","Wrath of the Lich King","18267",,"5","0"
"snapshot_non_legion_category","True","4724","Marwyn kills (Halls of Reflection)","","14823","Wrath of the Lich King","14165",,"1","0"
"snapshot_non_legion_category","True","4725","Marwyn kills (Heroic Halls of Reflection)","","14823","Wrath of the Lich King","16579",,"1","0"
"snapshot_non_legion_category","True","4726","Lich King escapes (Halls of Reflection)","","14823","Wrath of the Lich King","18720",,"1","0"
"snapshot_non_legion_category","True","4727","Lich King escapes (Heroic Halls of Reflection)","","14823","Wrath of the Lich King","14902",,"1","0"
"snapshot_non_legion_category","True","4728","Forgemaster Garfrost kills (Heroic Pit of Saron)","","14823","Wrath of the Lich King","15290",,"1","0"
"snapshot_non_legion_category","True","4729","Emblems of Triumph acquired","Emblems of Triumph acquired","15176","Legacy","14168",,"524289","0"
"snapshot_non_legion_category","True","4730","Emblems of Frost acquired","Emblems of Frost acquired","15176","Legacy","14171",,"524289","0"
"snapshot_non_legion_category","True","4777","Isle of Conquest Killing Blows","Isle of Conquest Killing Blows","137","Killing Blows","16627",,"1","0"
"snapshot_non_legion_category","True","4779","Isle of Conquest Honorable Kills","Isle of Conquest Honorable Kills","136","Honorable Kills","14264",,"1","0"
"snapshot_non_legion_category","True","4782","Green Brewfest Stein","Proud owner of the 2009 Vintage Green Brewfest Stein.","15274","Events","12476",,"2048","0"
"snapshot_non_legion_category","True","4786","Operation: Gnomeregan","You assisted High Tinker Mekkatorque and the Gnomeregan Exiles in the recapture of Gnomeregan's surface.","15274","Events","17183",,"2048","0"
"snapshot_non_legion_category","True","4790","Zalazane's Fall","You assisted Vol'jin in the final defeat of Zalazane, recapturing the Echo Isles for the Darkspear trolls.","15274","Events","15017",,"2048","0"
"snapshot_non_legion_category","True","4815","The Twilight Destroyer (25 player)","Defeat Halion in The Ruby Sanctum in 25-player mode.","14922","Lich King Raid","12593",,"0","10"
"snapshot_non_legion_category","True","4816","Heroic: The Twilight Destroyer (25 player)","Defeat Halion in The Ruby Sanctum in 25-player Heroic mode.","14922","Lich King Raid","12596",,"0","10"
"snapshot_non_legion_category","True","4817","The Twilight Destroyer (10 player)","Defeat Halion in The Ruby Sanctum in 10-player mode.","14922","Lich King Raid","15669",,"0","10"
"snapshot_non_legion_category","True","4818","Heroic: The Twilight Destroyer (10 player)","Defeat Halion in The Ruby Sanctum in 10-player Heroic mode.","14922","Lich King Raid","15672",,"0","10"
"snapshot_non_legion_category","True","4820","Halion kills (Ruby Sanctum 25 player)","Halion kills (Ruby Sanctum 25 player)","14823","Wrath of the Lich King","15701",,"1","0"
"snapshot_non_legion_category","True","4821","Halion kills (Ruby Sanctum 10 player)","Halion kills (Ruby Sanctum 10 player)","14823","Wrath of the Lich King","15704",,"1","0"
"snapshot_non_legion_category","True","4822","Halion kills (Heroic Ruby Sanctum 10 player)","Halion kills (Heroic Ruby Sanctum 10 player)","14823","Wrath of the Lich King","17189",,"1","0"
"snapshot_non_legion_category","True","4823","Halion kills (Heroic Ruby Sanctum 25 player)","Halion kills (Heroic Ruby Sanctum 25 player)","14823","Wrath of the Lich King","17192",,"1","0"
"snapshot_non_legion_category","True","4824","Collector's Edition: Mini Thor","Owner of the StarCraft II: Wings of Liberty Collector's Edition Mini Thor pet.","15268","Promotions","17391",,"133120","0"
"snapshot_non_legion_category","True","4825","Explore Vashj'ir","Explore Vashj'ir, revealing the covered areas of the world map.","15069","Cataclysm","15675",,"0","10"
"snapshot_non_legion_category","True","4826","Level 85","Reach level 85.","92","General","15657",,"2101252","10"
"snapshot_non_legion_category","True","4827","Surveying the Damage","Explore the following areas in Kalimdor and the Eastern Kingdoms to see the changes wrought by the Cataclysm.","15069","Cataclysm","18347",,"0","10"
"snapshot_non_legion_category","True","4832","Friends In Even Higher Places","Obtain an X-53 Touring Rocket mount through the Recruit-a-Friend program.","15269","Mounts","14558",,"133120","0"
"snapshot_non_legion_category","True","4833","Blackrock Caverns","Defeat Ascendant Lord Obsidius in Blackrock Caverns.","15067","Cataclysm Dungeon","14953",,"0","10"
"snapshot_non_legion_category","True","4839","Throne of the Tides","Defeat Ozumat in Throne of the Tides.","15067","Cataclysm Dungeon","14859",,"0","10"
"snapshot_non_legion_category","True","4840","Grim Batol","Defeat Erudax in Grim Batol.","15067","Cataclysm Dungeon","14862",,"0","10"
"snapshot_non_legion_category","True","4841","Halls of Origination","Defeat Rajh in Halls of Origination.","15067","Cataclysm Dungeon","16851",,"0","10"
"snapshot_non_legion_category","True","4842","Blackwing Descent","Defeat the bosses in Blackwing Descent.","15068","Cataclysm Raid","15624",,"0","10"
"snapshot_non_legion_category","True","4844","Cataclysm Dungeon Hero","Complete the Cataclysm Heroic dungeon achievements listed below.","168","Dungeons & Raids","16679",,"135168","20"
"snapshot_non_legion_category","True","4845","Glory of the Cataclysm Hero","Complete the Cataclysm Heroic dungeon achievements listed below.","168","Dungeons & Raids","16690",,"143360","25"
"snapshot_non_legion_category","True","4846","The Stonecore","Defeat High Priestess Azil in the Stonecore.","15067","Cataclysm Dungeon","17303",,"0","10"
"snapshot_non_legion_category","True","4847","The Vortex Pinnacle","Defeat Asaad in the Vortex Pinnacle.","15067","Cataclysm Dungeon","17306",,"0","10"
"snapshot_non_legion_category","True","4848","Lost City of the Tol'vir","Defeat Siamat, Lord of the South Wind in the Lost City of the Tol'vir.","15067","Cataclysm Dungeon","15208",,"0","10"
"snapshot_non_legion_category","True","4849","Keeping it in the Family","Damage Nefarian below 50% health before he lands for the final confrontation and then defeat Nefarian in Blackwing Descent.","15068","Cataclysm Raid","15707",,"0","10"
"snapshot_non_legion_category","True","4850","The Bastion of Twilight","Defeat the bosses in the Bastion of Twilight.","15068","Cataclysm Raid","13128",,"0","10"
"snapshot_non_legion_category","True","4851","Throne of the Four Winds","Defeat the bosses in Throne of the Four Winds.","15068","Cataclysm Raid","12484",,"0","10"
"snapshot_non_legion_category","True","4852","Double Dragon","Kill 6 Twilight Fiends in the Twilight Realm and then defeat Valiona and Theralion in the Bastion of Twilight.","15068","Cataclysm Raid","18362",,"0","10"
"snapshot_non_legion_category","True","4853","Glory of the Cataclysm Raider","Complete the Cataclysm raid achievements listed below.","168","Dungeons & Raids","16591",,"143360","25"
"snapshot_non_legion_category","True","4854","I Had It in My Hand","Find a rare artifact.","15071","Archaeology","15211",,"0","10"
"snapshot_non_legion_category","True","4855","What was Briefly Yours is Now Mine","Find 10 rare artifacts.","15071","Archaeology","17204",,"0","10"
"snapshot_non_legion_category","True","4856","It Belongs in a Museum!","Find 20 rare artifacts.","15071","Archaeology","15293",,"0","10"
"snapshot_non_legion_category","True","4857","Journeyman Archaeologist","Obtain 150 skill points in archaeology.","15071","Archaeology","15405",,"0","10"
"snapshot_non_legion_category","True","4858","Seven Scepters","Recover the following scepters from the various races of Azeroth.","15071","Archaeology","16731",,"0","10"
"snapshot_non_legion_category","True","4859","Kings Under the Mountain","Discover the following artifacts of the Dark Iron thanes.","15071","Archaeology","16740",,"0","10"
"snapshot_non_legion_category","True","4860","Working as a Team","Obtain 525 skill points in all professions and secondary professions.","15080","Professions","16854",,"28672","10"
"snapshot_non_legion_category","True","4861","We Are Legendary","Obtain one of the legendary items listed below.","15079","Dungeons & Raids","17195",,"28672","10"
"snapshot_non_legion_category","True","4863","Explore Hyjal","Explore Hyjal, revealing the covered areas of the world map.","15069","Cataclysm","13691",,"0","10"
"snapshot_non_legion_category","True","4864","Explore Deepholm","Explore Deepholm, revealing the covered areas of the world map.","15069","Cataclysm","15367",,"0","10"
"snapshot_non_legion_category","True","4865","Explore Uldum","Explore Uldum, revealing the covered areas of the world map.","15069","Cataclysm","15497",,"0","10"
"snapshot_non_legion_category","True","4866","Explore Twilight Highlands","Explore Twilight Highlands, revealing the covered areas of the world map.","15069","Cataclysm","12809",,"0","10"
"snapshot_non_legion_category","True","4868","Cataclysm Explorer","Explore the regions exposed by the Cataclysm.","97","Exploration","12838",,"131072","25"
"snapshot_non_legion_category","True","4869","Sinking into Vashj'ir","Complete the Vashj'ir storylines listed below.","15070","Cataclysm","14409",,"0","10"
"snapshot_non_legion_category","True","4870","Coming Down the Mountain","Complete the Mount Hyjal storylines listed below.","15070","Cataclysm","16871",,"0","10"
"snapshot_non_legion_category","True","4871","Deep into Deepholm","Complete the Deepholm storylines listed below.","15070","Cataclysm","14580",,"0","10"
"snapshot_non_legion_category","True","4872","Unearthing Uldum","Complete the Uldum storylines listed below.","15070","Cataclysm","14583",,"0","10"
"snapshot_non_legion_category","True","4873","Fading into Twilight","Complete the Twilight Highlands storylines listed below.","15070","Cataclysm","12789",,"0","10"
"snapshot_non_legion_category","True","4874","Breaking Out of Tol Barad","Complete 100 daily quests in Tol Barad.","15070","Cataclysm","12792",,"128","10"
"snapshot_non_legion_category","True","4875","Loremaster of Cataclysm","Complete the Cataclysm quest achievements listed below.","15070","Cataclysm","17280",,"131072","10"
"snapshot_non_legion_category","True","4881","The Earthen Ring","Earn Exalted status with the Earthen Ring.","15072","Cataclysm","15281",,"0","10"
"snapshot_non_legion_category","True","4882","The Guardians of Hyjal","Earn Exalted status with the Guardians of Hyjal.","15072","Cataclysm","15284",,"0","10"
"snapshot_non_legion_category","True","4883","Therazane","Earn Exalted status with Therazane.","15072","Cataclysm","16980",,"0","10"
"snapshot_non_legion_category","True","4884","Ramkahen","Earn Exalted status with the Ramkahen Tol'vir.","15072","Cataclysm","17355",,"0","10"
"snapshot_non_legion_category","True","4885","Wildhammer Clan","Earn Exalted status with the Wildhammer Clan.","15072","Cataclysm","17358",,"0","10"
"snapshot_non_legion_category","True","4886","Dragonmaw Clan","Earn Exalted status with the Dragonmaw Clan.","15072","Cataclysm","17361",,"0","10"
"snapshot_non_legion_category","True","4887","Tripping the Rifts","Destroyed one of each type of elemental rift during the Cataclysm launch event.","15274","Events","16617",,"2048","0"
"snapshot_non_legion_category","True","4888","One Hump or Two?","Obtain a camel mount in Uldum (with just one hump).","15248","Mounts","17759",,"131072","10"
"snapshot_non_legion_category","True","4892","Eastern Plaguelands Quests","Complete the Eastern Plaguelands storylines listed below.","14861","Eastern Kingdoms","12635",,"0","10"
"snapshot_non_legion_category","True","4893","Western Plaguelands Quests","Complete the Western Plaguelands storylines listed below.","14861","Eastern Kingdoms","12638",,"0","10"
"snapshot_non_legion_category","True","4894","Silverpine Forest Quests","Complete the Silverpine Forest storylines listed below.","14861","Eastern Kingdoms","15529",,"0","20"
"snapshot_non_legion_category","True","4895","Hillsbrad Foothills Quests","Complete the Hillsbrad Foothills storylines listed below.","14861","Eastern Kingdoms","12641",,"0","10"
"snapshot_non_legion_category","True","4896","Arathi Highlands Quests","Complete the Arathi Highlands storylines listed below.","14861","Eastern Kingdoms","65122",,"0","10"
"snapshot_non_legion_category","True","4897","Hinterlands Quests","Complete the Hinterlands storylines listed below.","14861","Eastern Kingdoms","12647",,"0","10"
"snapshot_non_legion_category","True","4899","Loch Modan Quests","Complete the Loch Modan storylines listed below.","14861","Eastern Kingdoms","16749",,"0","10"
"snapshot_non_legion_category","True","4900","Badlands Quests","Complete the Badlands storylines listed below.","14861","Eastern Kingdoms","16770",,"0","10"
"snapshot_non_legion_category","True","4901","Burning Steppes Quests","Complete the Burning Steppes storylines listed below.","14861","Eastern Kingdoms","13149",,"0","10"
"snapshot_non_legion_category","True","4902","Redridge Mountains Quests","Complete the Redridge Mountains storylines listed below.","14861","Eastern Kingdoms","12599",,"0","10"
"snapshot_non_legion_category","True","4903","Westfall Quests","Complete the Westfall storylines listed below.","14861","Eastern Kingdoms","17417",,"0","10"
"snapshot_non_legion_category","True","4904","Swamp of Sorrows Quests","Complete the Swamp of Sorrows storylines listed below.","14861","Eastern Kingdoms","16773",,"0","10"
"snapshot_non_legion_category","True","4905","Cape of Stranglethorn Quests","Complete the Cape of Stranglethorn storylines listed below.","14861","Eastern Kingdoms","16776",,"0","10"
"snapshot_non_legion_category","True","4906","Northern Stranglethorn Quests","Complete the Northern Stranglethorn storylines listed below.","14861","Eastern Kingdoms","19005",,"0","10"
"snapshot_non_legion_category","True","4908","Ghostlands Quests","Complete the Ghostlands storylines listed below.","14861","Eastern Kingdoms","19008",,"0","20"
"snapshot_non_legion_category","True","4909","Blasted Lands Quests","Complete the Blasted Lands storylines listed below.","14861","Eastern Kingdoms","17682",,"0","10"
"snapshot_non_legion_category","True","4910","Searing Gorge Quests","Complete the Searing Gorge storylines listed below.","14861","Eastern Kingdoms","18370",,"0","10"
"snapshot_non_legion_category","True","4912","Guild Level 25","Reach guild level 25.","15093","Guild Feats of Strength","0",,"28672","0"
"snapshot_non_legion_category","True","4913","It All Adds Up","Spend 50,000 gold on guildmember repairs.","15088","General","13977",,"28672","10"
"snapshot_non_legion_category","True","4914","Working Around the Clock","Obtain 525 skill points in two primary professions.","169","Professions","15411",,"0","10"
"snapshot_non_legion_category","True","4915","More Skills to Pay the Bills","Obtain 525 skill points in Fishing, First Aid, Cooking, and Archaeology.","169","Professions","22621",,"0","10"
"snapshot_non_legion_category","True","4916","Illustrious Grand Master Cook","Obtain 525 skill points in cooking.","170","Cooking","15782",,"0","10"
"snapshot_non_legion_category","True","4917","Illustrious Grand Master Fisherman","Obtain 525 skill points in fishing.","171","Fishing","16761",,"0","10"
"snapshot_non_legion_category","True","4918","Illustrious Grand Master Medic","Obtain 525 skill points in first aid.","172","First Aid","19727",,"0","10"
"snapshot_non_legion_category","True","4919","Expert Archaeologist","Obtain 225 skill points in archaeology.","15071","Archaeology","12494",,"0","10"
"snapshot_non_legion_category","True","4920","Artisan Archaeologist","Obtain 300 skill points in archaeology.","15071","Archaeology","19849",,"0","10"
"snapshot_non_legion_category","True","4921","Master Archaeologist","Obtain 375 skill points in archaeology.","15071","Archaeology","15408",,"0","10"
"snapshot_non_legion_category","True","4922","Grand Master Archaeologist","Obtain 450 skill points in archaeology.","15071","Archaeology","13901",,"0","10"
"snapshot_non_legion_category","True","4923","Illustrious Grand Master Archaeologist","Obtain 525 skill points in archaeology.","15071","Archaeology","12497",,"0","10"
"snapshot_non_legion_category","True","4924","Professional Illustrious Grand Master","Obtain 525 skill points in a profession.","169","Professions","12508",,"4096","10"
"snapshot_non_legion_category","True","4925","Ashenvale Quests","Complete the Ashenvale storylines listed below.","15081","Kalimdor","63428",,"0","10"
"snapshot_non_legion_category","True","4926","Bloodmyst Isle Quests","Complete the Bloodmyst Isle storylines listed below.","15081","Kalimdor","63307",,"0","10"
"snapshot_non_legion_category","True","4927","Azshara Quests","Complete the Azshara storylines listed below.","15081","Kalimdor","63289",,"0","10"
"snapshot_non_legion_category","True","4928","Darkshore Quests","Complete the Darkshore storylines listed below.","15081","Kalimdor","63398",,"0","10"
"snapshot_non_legion_category","True","4929","Dustwallow Marsh Quests","Complete the Dustwallow Marsh storylines listed below.","15081","Kalimdor","63661",,"0","10"
"snapshot_non_legion_category","True","4930","Desolace Quests","Complete the Desolace storylines listed below.","15081","Kalimdor","65139",,"0","10"
"snapshot_non_legion_category","True","4931","Felwood Quests","Complete the Felwood storylines listed below.","15081","Kalimdor","63333",,"0","10"
"snapshot_non_legion_category","True","4932","Feralas Quests","Complete the Feralas storylines listed below.","15081","Kalimdor","63603",,"0","10"
"snapshot_non_legion_category","True","4933","Northern Barrens Quests","Complete the Northern Barrens storylines listed below.","15081","Kalimdor","63383",,"0","10"
"snapshot_non_legion_category","True","4934","Silithus Quests","Complete the Silithus storylines listed below.","15081","Kalimdor","63327",,"0","10"
"snapshot_non_legion_category","True","4935","Tanaris Quests","Complete the Tanaris storylines listed below.","15081","Kalimdor","63405",,"0","10"
"snapshot_non_legion_category","True","4936","Stonetalon Mountains Quests","Complete the Stonetalon Mountains storylines listed below.","15081","Kalimdor","63469",,"0","10"
"snapshot_non_legion_category","True","4937","Southern Barrens Quests","Complete the Southern Barrens storylines listed below.","15081","Kalimdor","63493",,"0","10"
"snapshot_non_legion_category","True","4938","Thousand Needles Quests","Complete the Thousand Needles storylines listed below.","15081","Kalimdor","63589",,"0","10"
"snapshot_non_legion_category","True","4939","Un'Goro Crater Quests","Complete the Un'Goro Crater storylines listed below.","15081","Kalimdor","63419",,"0","10"
"snapshot_non_legion_category","True","4940","Winterspring Quests","Complete the Winterspring storylines listed below.","15081","Kalimdor","63368",,"0","10"
"snapshot_non_legion_category","True","4943","Guild Level 5","Reach guild level 5.","15093","Guild Feats of Strength","0",,"20480","0"
"snapshot_non_legion_category","True","4944","Guild Level 10","Reach guild level 10.","15093","Guild Feats of Strength","0",,"20480","0"
"snapshot_non_legion_category","True","4945","Guild Level 15","Reach guild level 15.","15093","Guild Feats of Strength","0",,"20480","0"
"snapshot_non_legion_category","True","4946","Guild Level 20","Reach guild level 20.","15093","Guild Feats of Strength","0",,"20480","0"
"snapshot_non_legion_category","True","4947","That's a Lot of Turn Ins","Complete 100,000 quests.","15077","Quests","19014",,"28672","10"
"snapshot_non_legion_category","True","4948","Saving for a Rainy Day","Loot 200,000 gold from creatures.","15088","General","19846",,"28672","10"
"snapshot_non_legion_category","True","4949","Guild Vault","Purchase all 8 guild bank tabs.","15088","General","13146",,"28672","10"
"snapshot_non_legion_category","True","4950","Guild Classic Dungeonmaster","Complete the classic dungeon achievements listed below in a guild group.","15079","Dungeons & Raids","18373",,"28672","10"
"snapshot_non_legion_category","True","4952","Guild Challengers","Earn the Challenger title on all of the classes below.","15091","Arena","17546",,"94208","10"
"snapshot_non_legion_category","True","4955","Are You Not Entertained?","Earn a 2200 rating in the arena with a team composed entirely of guild members.","15093","Guild Feats of Strength","0",,"61440","0"
"snapshot_non_legion_category","True","4956","5 Dungeon Quests Completed","Complete 5 dungeon quests.","96","Quests","17558",,"128","10"
"snapshot_non_legion_category","True","4957","20 Dungeon Quests Completed","Complete 20 dungeon quests.","96","Quests","13917",,"128","10"
"snapshot_non_legion_category","True","4958","The First Rule of Ring of Blood is You Don't Talk About Ring of Blood","Complete the Ring of Blood, Amphitheater of Anguish and Crucible of Carnage.","96","Quests","18247",,"0","10"
"snapshot_non_legion_category","True","4959","Beware of the 'Unbeatable?' Pterodactyl","Complete the jousting quests in Mount Hyjal up to and including Egg Wave.","15070","Cataclysm","17619",,"0","10"
"snapshot_non_legion_category","True","4960","Round Three. Fight!","Complete the Crucible of Carnage quests in Twilight Highlands up to and including The Twilight Terror!","15070","Cataclysm","15038",,"0","10"
"snapshot_non_legion_category","True","4961","In a Thousand Years Even You Might be Worth Something","Complete the Coffer of Promise quests in Uldum up to and including Harrison Jones and the Temple of Uldum.","15070","Cataclysm","19216",,"0","10"
"snapshot_non_legion_category","True","4975","From Hell's Heart I Stab at Thee","Defeat the Whale Shark in Vashj'ir (despite or perhaps because of the fact that he drops no loot).","15069","Cataclysm","15533",,"0","10"
"snapshot_non_legion_category","True","4976","Ashenvale Quests","Complete the Ashenvale storylines listed below.","15081","Kalimdor","63429",,"0","10"
"snapshot_non_legion_category","True","4978","Dustwallow Marsh Quests","Complete the Dustwallow Marsh storylines listed below.","15081","Kalimdor","63662",,"0","10"
"snapshot_non_legion_category","True","4979","Feralas Quests","Complete the Feralas storylines listed below.","15081","Kalimdor","63604",,"0","10"
"snapshot_non_legion_category","True","4980","Stonetalon Mountains Quests","Complete the Stonetalon Mountains storylines listed below.","15081","Kalimdor","63470",,"0","10"
"snapshot_non_legion_category","True","4981","Southern Barrens Quests","Complete the Southern Barrens storylines listed below.","15081","Kalimdor","63494",,"0","10"
"snapshot_non_legion_category","True","4982","Sinking into Vashj'ir","Complete the Vashj'ir storylines listed below.","15070","Cataclysm","18927",,"0","10"
"snapshot_non_legion_category","True","4985","Blackwing Descent Guild Run","Defeat the bosses in Blackwing Descent while in a guild group.","15087","Cataclysm Raid","17228",,"53248","10"
"snapshot_non_legion_category","True","4986","The Bastion of Twilight Guild Run","Defeat the bosses in the Bastion of Twilight while in a guild group.","15087","Cataclysm Raid","17236",,"53248","10"
"snapshot_non_legion_category","True","4987","Throne of the Four Winds Guild Run","Defeat the bosses in Throne of the Four Winds while in a guild group.","15087","Cataclysm Raid","15825",,"53248","10"
"snapshot_non_legion_category","True","4988","Guild Glory of the Cataclysm Raider","Complete the Cataclysm raid achievements listed below while in a guild group.","15079","Dungeons & Raids","17998",,"28672","10"
"snapshot_non_legion_category","True","4989","A Class Act","Reach max level on each of the classes listed below.","15088","General","18079",,"28672","10"
"snapshot_non_legion_category","True","4995","Explore the Cape of Stranglethorn","Explore the Cape of Stranglethorn, revealing the covered areas of the world map.","14777","Eastern Kingdoms","15257",,"0","10"
"snapshot_non_legion_category","True","4996","Explore Southern Barrens","Explore The Barrens, revealing the covered areas of the world map.","14778","Kalimdor","14586",,"0","10"
"snapshot_non_legion_category","True","4997","Sulfuras, Hand of Ragnaros - Guild Edition","Owner of Sulfuras, Hand of Ragnaros.","15079","Dungeons & Raids","16720",,"94208","10"
"snapshot_non_legion_category","True","4998","Realm First! Level 85 Shaman","First shaman on the realm to achieve level 85.","81","Feats of Strength","17688",,"256","0"
"snapshot_non_legion_category","True","4999","Realm First! Level 85","First person on the realm to achieve level 85.","81","Feats of Strength","15029",,"256","0"
"snapshot_non_legion_category","True","5000","Realm First! Level 85 Druid","First druid on the realm to achieve level 85.","81","Feats of Strength","13116",,"256","0"
"snapshot_non_legion_category","True","5001","Realm First! Level 85 Paladin","First paladin on the realm to achieve level 85.","81","Feats of Strength","14131",,"256","0"
"snapshot_non_legion_category","True","5002","Realm First! Level 85 Priest","First priest on the realm to achieve level 85.","81","Feats of Strength","12470",,"256","0"
"snapshot_non_legion_category","True","5003","Realm First! Level 85 Warlock","First warlock on the realm to achieve level 85.","81","Feats of Strength","19843",,"256","0"
"snapshot_non_legion_category","True","5004","Realm First! Level 85 Hunter","First hunter on the realm to achieve level 85.","81","Feats of Strength","15032",,"256","0"
"snapshot_non_legion_category","True","5005","Realm First! Level 85 Death Knight","First death knight on the realm to achieve level 85.","81","Feats of Strength","14679",,"256","0"
"snapshot_non_legion_category","True","5006","Realm First! Level 85 Mage","First mage on the realm to achieve level 85.","81","Feats of Strength","13119",,"256","0"
"snapshot_non_legion_category","True","5007","Realm First! Level 85 Warrior","First warrior on the realm to achieve level 85.","81","Feats of Strength","14134",,"256","0"
"snapshot_non_legion_category","True","5008","Realm First! Level 85 Rogue","First rogue on the realm to achieve level 85.","81","Feats of Strength","20091",,"256","0"
"snapshot_non_legion_category","True","5009","A Legendary Collection","Obtain three of the legendary items listed below.","15079","Dungeons & Raids","19564",,"28672","15"
"snapshot_non_legion_category","True","5010","The Ultimate Collection","Obtain all of the legendary items listed below.","15079","Dungeons & Raids","18933",,"28672","25"
"snapshot_non_legion_category","True","5011","Guild Classic Raider","Complete the classic raid achievements listed below while in a guild group.","15079","Dungeons & Raids","19573",,"28672","20"
"snapshot_non_legion_category","True","5012","Guild Outland Dungeon Hero","Complete the heroic Burning Crusade dungeon achievements listed below while in a guild group.","15079","Dungeons & Raids","18562",,"28672","20"
"snapshot_non_legion_category","True","5013","Guild Outland Raider","Complete the Burning Crusade raid achievements listed below while in a guild group.","15079","Dungeons & Raids","15318",,"28672","20"
"snapshot_non_legion_category","True","5014","Guild Northrend Dungeon Hero","Complete the heroic Northrend dungeon achievements listed below while in a guild group.","15079","Dungeons & Raids","20245",,"28672","20"
"snapshot_non_legion_category","True","5015","Guild Glory of the Lich King Raider","Complete the Northrend raid achievements listed below while in a guild group.","15079","Dungeons & Raids","18580",,"28672","20"
"snapshot_non_legion_category","True","5016","Just Can't Get Enough - Guild Edition","Defeat Kel'Thuzad in Naxxramas while killing at least 18 abominations in his chamber while in a guild group.","15086","Lich King Raid","19318",,"53248","10"
"snapshot_non_legion_category","True","5017","The Twilight Zone - Guild Edition","With all three Twilight Drakes still alive, engage and defeat Sartharion the Onyx Guardian while in a guild group.","15086","Lich King Raid","18782",,"53248","10"
"snapshot_non_legion_category","True","5018","You Don't Have an Eternity - Guild Edition","Defeat Malygos in 3 minutes or less while in a guild group.","15086","Lich King Raid","15217",,"53248","10"
"snapshot_non_legion_category","True","5019","Alone in the Darkness - Guild Edition","Defeat Yogg-Saron without the assistance of any Keepers while in a guild group.","15086","Lich King Raid","15220",,"53248","10"
"snapshot_non_legion_category","True","5020","Observed - Guild Edition","Defeat Algalon the Observer while in a guild group.","15086","Lich King Raid","15223",,"53248","10"
"snapshot_non_legion_category","True","5021","Call of the Crusade - Guild Edition","Defeat Anub'arak in the Trial of the Crusader on Heroic mode while in a guild group.","15086","Lich King Raid","19379",,"53248","10"
"snapshot_non_legion_category","True","5022","The Twilight Destroyer - Guild Edition","Defeat Halion on Heroic mode in The Ruby Sanctum while in a guild group.","15086","Lich King Raid","19209",,"53248","10"
"snapshot_non_legion_category","True","5023","The Frozen Throne - Guild Edition","Defeat the Lich King on Heroic mode in Icecrown Citadel while in a guild group.","15086","Lich King Raid","18590",,"53248","10"
"snapshot_non_legion_category","True","5024","Better Leveling Through Chemistry","Create 3,000 Cataclysm flasks.","15080","Professions","17789",,"28672","10"
"snapshot_non_legion_category","True","5025","Dust, Dust, and More Dust!","Disenchant 25,000 items.","15080","Professions","15226",,"28672","10"
"snapshot_non_legion_category","True","5026","Dinner Party","Place 1,500 Feasts.","15080","Professions","19594",,"28800","10"
"snapshot_non_legion_category","True","5027","Bushels and Bushels","Gather 100,000 herbs.","15080","Professions","18992",,"28672","10"
"removed_after_legion","False","5028","Skinnin' for a Livin'","Skin 50,000 corpses.","15080","Professions","15229",,"28800","10"
"snapshot_non_legion_category","True","5029","Guild Gankers","Get 250,000 honorable kills.","15078","Player vs. Player","15643",,"28672","10"
"snapshot_non_legion_category","True","5030","Mighty Miners","Mine 100,000 ore and rocks.","15080","Professions","15646",,"28672","10"
"snapshot_non_legion_category","True","5031","Horde Slayer","Complete the slayer achievements listed below.","15078","Player vs. Player","15649",,"28672","10"
"snapshot_non_legion_category","True","5032","Gemcrafter Extraordinaire","Cut 2,500 gems of at least superior quality.","15080","Professions","18635",,"28672","10"
"snapshot_non_legion_category","True","5035","Master Crafter","Craft 500 Epic items with an item level of at least 359.","15080","Professions","18638",,"28672","10"
"snapshot_non_legion_category","True","5036","That's a Lot of Bait","Catch 10,000 fish from fishing pools.","15080","Professions","15798",,"28672","10"
"snapshot_non_legion_category","True","5037","Deadmines Guild Run","Defeat ""Captain"" Cookie while in a guild group.","15082","Classic","15755",,"53248","10"
"snapshot_non_legion_category","True","5038","Ragefire Chasm Guild Run","Defeat Lava Guard Gordoth while in a guild group.","15082","Classic","19267",,"53248","10"
"snapshot_non_legion_category","True","5039","Wailing Caverns Guild Run","Defeat Mutanus the Devourer while in a guild group.","15082","Classic","13122",,"53248","10"
"snapshot_non_legion_category","True","5040","Shadowfang Keep Guild Run","Defeat Lord Godfrey while in a guild group.","15082","Classic","17503",,"53248","10"
"snapshot_non_legion_category","True","5041","Blackfathom Deeps Guild Run","Defeat Aku'mai while in a guild group.","15082","Classic","14682",,"53248","10"
"snapshot_non_legion_category","True","5042","Stormwind Stockade Guild Run","Defeat Hogger while in a guild group.","15082","Classic","13125",,"53248","10"
"snapshot_non_legion_category","True","5043","Razorfen Kraul Guild Run","Defeat Charlga Razorflank while in a guild group.","15082","Classic","12581",,"53248","10"
"snapshot_non_legion_category","True","5044","Gnomeregan Guild Run","Defeat Mekgineer Thermaplugg while in a guild group.","15082","Classic","14685",,"53248","10"
"snapshot_non_legion_category","True","5045","Razorfen Downs Guild Run","Defeat Amnennar the Coldbringer while in a guild group.","15082","Classic","15169",,"53248","10"
"snapshot_non_legion_category","True","5046","Scarlet Monastery Guild Run","Defeat High Inquisitor Whitemane in Scarlet Monastery while in a guild group.","15082","Classic","18605",,"53248","10"
"snapshot_non_legion_category","True","5047","Uldaman Guild Run","Defeat Archaedas while in a guild group.","15082","Classic","14688",,"53248","10"
"snapshot_non_legion_category","True","5048","Zul'Farrak Guild Run","Defeat Chief Ukorz Sandscalp while in a guild group.","15082","Classic","15035",,"53248","10"
"snapshot_non_legion_category","True","5049","Maraudon Guild Run","Defeat Princess Theradras while in a guild group.","15082","Classic","20056",,"53248","10"
"snapshot_non_legion_category","True","5050","Sunken Temple Guild Run","Defeat Shade of Eranikus while in a guild group.","15082","Classic","7313",,"53248","10"
"snapshot_non_legion_category","True","5051","Blackrock Depths Guild Run","Defeat Emperor Dagran Thaurissan while in a guild group.","15082","Classic","17911",,"53248","10"
"snapshot_non_legion_category","True","5052","Lower Blackrock Spire Guild Run","Defeat Overlord Wyrmthalak while in a guild group.","15082","Classic","15807",,"53248","10"
"snapshot_non_legion_category","True","5053","King of Dire Maul Guild Run","Defeat each wing of Dire Maul while in a guild group.","15082","Classic","18942",,"53248","10"
"snapshot_non_legion_category","True","5054","Scholomance Guild Run","Defeat the leaders of Scholomance while in a guild group.","15082","Classic","14137",,"53248","10"
"snapshot_non_legion_category","True","5055","Stratholme Guild Run","Defeat the evil masterminds inhabiting Stratholme while in a guild group.","15082","Classic","18601",,"53248","10"
"snapshot_non_legion_category","True","5056","Molten Core Guild Run","Defeat Ragnaros while in a guild group.","15082","Classic","15172",,"53248","10"
"snapshot_non_legion_category","True","5057","Blackwing Lair Guild Run","Defeat Nefarian while in a guild group.","15082","Classic","12449",,"53248","10"
"snapshot_non_legion_category","True","5058","Temple of Ahn'Qiraj Guild Run","Defeat C'Thun while in a guild group.","15082","Classic","18212",,"53248","10"
"snapshot_non_legion_category","True","5059","Ruins of Ahn'Qiraj Guild Run","Defeat Ossirian the Unscarred while in a guild group.","15082","Classic","12452",,"53248","10"
"snapshot_non_legion_category","True","5060","Heroic: Blackrock Caverns","Defeat Ascendant Lord Obsidius in Blackrock Caverns on Heroic Difficulty.","15067","Cataclysm Dungeon","7407",,"0","10"
"snapshot_non_legion_category","True","5061","Heroic: Throne of the Tides","Defeat Ozumat in Throne of the Tides on Heroic Difficulty.","15067","Cataclysm Dungeon","7401",,"0","10"
"snapshot_non_legion_category","True","5062","Heroic: Grim Batol","Defeat Erudax in Grim Batol on Heroic Difficulty.","15067","Cataclysm Dungeon","15175",,"0","10"
"snapshot_non_legion_category","True","5063","Heroic: The Stonecore","Defeat High Priestess Azil in the Stonecore on Heroic Difficulty.","15067","Cataclysm Dungeon","7404",,"0","10"
"snapshot_non_legion_category","True","5064","Heroic: The Vortex Pinnacle","Defeat Asaad in the Vortex Pinnacle on Heroic Difficulty.","15067","Cataclysm Dungeon","18995",,"0","10"
"snapshot_non_legion_category","True","5065","Heroic: Halls of Origination","Defeat Rajh in Halls of Origination on Heroic Difficulty.","15067","Cataclysm Dungeon","20558",,"0","10"
"snapshot_non_legion_category","True","5066","Heroic: Lost City of the Tol'vir","Defeat Siamat, Lord of the South Wind in the Lost City of the Tol'vir on Heroic Difficulty.","15067","Cataclysm Dungeon","17322",,"0","10"
"snapshot_non_legion_category","True","5067","Heroic: Hellfire Ramparts Guild Run","Defeat the leaders of Hellfire Ramparts on Heroic Difficulty while in a guild group.","15084","The Burning Crusade","19194",,"53248","10"
"snapshot_non_legion_category","True","5068","Heroic: The Blood Furnace Guild Run","Defeat Keli'dan the Breaker on Heroic Difficulty while in a guild group.","15084","The Burning Crusade","20561",,"53248","10"
"snapshot_non_legion_category","True","5069","Heroic: The Slave Pens Guild Run","Defeat Quagmirran on Heroic Difficulty while in a guild group.","15084","The Burning Crusade","17925",,"53248","10"
"snapshot_non_legion_category","True","5070","Heroic: Underbog Guild Run","Defeat The Black Stalker on Heroic Difficulty while in a guild group.","15084","The Burning Crusade","15758",,"53248","10"
"snapshot_non_legion_category","True","5071","Heroic: Mana-Tombs Guild Run","Defeat Nexus-Prince Shaffar on Heroic Difficulty while in a guild group.","15084","The Burning Crusade","15140",,"53248","10"
"snapshot_non_legion_category","True","5072","Heroic: Auchenai Crypts Guild Run","Defeat Exarch Maladaar on Heroic Difficulty while in a guild group.","15084","The Burning Crusade","15334",,"53248","10"
"snapshot_non_legion_category","True","5073","Heroic: The Escape From Durnholde Guild Run","Defeat Epoch Hunter on Heroic Difficulty while in a guild group.","15084","The Burning Crusade","19199",,"53248","10"
"snapshot_non_legion_category","True","5074","Heroic: Sethekk Halls Guild Run","Defeat Talon King Ikiss on Heroic Difficulty while in a guild group.","15084","The Burning Crusade","18299",,"53248","10"
"snapshot_non_legion_category","True","5075","Heroic: Shadow Labyrinth Guild Run","Defeat Murmur on Heroic Difficulty while in a guild group.","15084","The Burning Crusade","12993",,"53248","10"
"snapshot_non_legion_category","True","5076","Heroic: Opening of the Dark Portal Guild Run","Defeat Aeonus on Heroic Difficulty while in a guild group.","15084","The Burning Crusade","15143",,"53248","10"
"snapshot_non_legion_category","True","5077","Heroic: The Steamvault Guild Run","Defeat Warlord Kalithresh on Heroic Difficulty while in a guild group.","15084","The Burning Crusade","19837",,"53248","10"
"snapshot_non_legion_category","True","5078","Heroic: The Shattered Halls Guild Run","Defeat Warchief Kargath Bladefist on Heroic Difficulty while in a guild group.","15084","The Burning Crusade","19315",,"53248","10"
"snapshot_non_legion_category","True","5079","Heroic: The Mechanar Guild Run","Defeat Pathaleon the Calculator on Heroic Difficulty while in a guild group.","15084","The Burning Crusade","12584",,"53248","10"
"snapshot_non_legion_category","True","5080","Heroic: The Botanica Guild Run","Defeat Warp Splinter on Heroic Difficulty while in a guild group.","15084","The Burning Crusade","19840",,"53248","10"
"snapshot_non_legion_category","True","5081","Heroic: The Arcatraz Guild Run","Defeat Harbinger Skyriss on Heroic Difficulty while in a guild group.","15084","The Burning Crusade","15761",,"53248","10"
"snapshot_non_legion_category","True","5082","Heroic: Magister's Terrace Guild Run","Defeat Kael'thas Sunstrider on Heroic Difficulty while in a guild group.","15084","The Burning Crusade","15146",,"53248","10"
"snapshot_non_legion_category","True","5083","Heroic: Deadmines","Defeat Vanessa VanCleef in Deadmines on Heroic Difficulty.","15067","Cataclysm Dungeon","19202",,"0","10"
"snapshot_non_legion_category","True","5084","Karazhan Guild Run","Defeat Prince Malchezaar in Karazhan while in a guild group.","15084","The Burning Crusade","15278",,"53248","10"
"snapshot_non_legion_category","True","5086","Gruul's Lair Guild Run","Defeat Gruul the Dragonkiller in Gruul's Lair while in a guild group.","15084","The Burning Crusade","15149",,"53248","10"
"snapshot_non_legion_category","True","5087","Magtheridon's Lair Guild Run","Defeat Magtheridon in Magtheridon's Lair while in a guild group.","15084","The Burning Crusade","18947",,"53248","10"
"snapshot_non_legion_category","True","5088","Serpentshrine Cavern Guild Run","Defeat Lady Vashj in Serpentshrine Cavern while in a guild group.","15084","The Burning Crusade","12996",,"53248","10"
"snapshot_non_legion_category","True","5089","Tempest Keep Guild Run","Defeat Kael'thas Sunstrider in Tempest Keep while in a guild group.","15084","The Burning Crusade","17522",,"53248","10"
"snapshot_non_legion_category","True","5090","The Battle for Mount Hyjal Guild Run","Defeat Archimonde in The Battle for Mount Hyjal while in a guild group.","15084","The Burning Crusade","17537",,"53248","10"
"snapshot_non_legion_category","True","5091","The Black Temple Guild Run","Defeat Illidan Stormrage in The Black Temple while in a guild group.","15084","The Burning Crusade","17540",,"53248","10"
"snapshot_non_legion_category","True","5092","Sunwell Plateau Guild Run","Defeat Kil'jaeden in Sunwell Plateau while in a guild group.","15084","The Burning Crusade","15767",,"53248","10"
"snapshot_non_legion_category","True","5093","Heroic: Shadowfang Keep","Defeat Lord Godfrey in Shadowfang Keep on Heroic Difficulty.","15067","Cataclysm Dungeon","13143",,"0","10"
"snapshot_non_legion_category","True","5094","Heroic: Magmaw","Defeat Magmaw in Blackwing Descent on Heroic Difficulty.","15068","Cataclysm Raid","19603",,"0","10"
"snapshot_non_legion_category","True","5095","Heroic: Utgarde Keep Guild Run","Defeat Ingvar the Plunderer on Heroic Difficulty while in a guild group.","15085","Lich King Dungeon","15431",,"53248","10"
"snapshot_non_legion_category","True","5096","Heroic: The Nexus Guild Run","Defeat Keristrasza on Heroic Difficulty while in a guild group.","15085","Lich King Dungeon","16642",,"53248","10"
"snapshot_non_legion_category","True","5097","Heroic: Azjol-Nerub Guild Run","Defeat Anub'arak on Heroic Difficulty while in a guild group.","15085","Lich King Dungeon","12999",,"53248","10"
"snapshot_non_legion_category","True","5098","Heroic: Ahn'kahet: The Old Kingdom Guild Run","Defeat Herald Volazj on Heroic Difficulty while in a guild group.","15085","Lich King Dungeon","15178",,"53248","10"
"snapshot_non_legion_category","True","5099","Heroic: Drak'Tharon Keep Guild Run","Defeat The Prophet Tharon'ja on Heroic Difficulty while in a guild group.","15085","Lich King Dungeon","19736",,"53248","10"
"snapshot_non_legion_category","True","5100","Heroic: The Violet Hold Guild Run","Defeat Cyanigosa in The Violet Hold on Heroic Difficulty while in a guild group.","15085","Lich King Dungeon","16645",,"53248","10"
"snapshot_non_legion_category","True","5101","Heroic: Gundrak Guild Run","Defeat Gal'darah on Heroic Difficulty while in a guild group.","15085","Lich King Dungeon","17691",,"53248","10"
"snapshot_non_legion_category","True","5102","Heroic: Halls of Stone Guild Run","Defeat The Tribunal of Ages the Halls of Stone on Heroic Difficulty while in a guild group.","15085","Lich King Dungeon","17931",,"53248","10"
"snapshot_non_legion_category","True","5103","Heroic: Halls of Lightning Guild Run","Defeat Loken on Heroic Difficulty while in a guild group.","15085","Lich King Dungeon","13134",,"53248","10"
"snapshot_non_legion_category","True","5104","Heroic: The Oculus Guild Run","Defeat Ley-Guardian Eregos on Heroic Difficulty while in a guild group.","15085","Lich King Dungeon","20094",,"53248","10"
"snapshot_non_legion_category","True","5105","Heroic: Utgarde Pinnacle Guild Run","Defeat King Ymiron on Heroic Difficulty while in a guild group.","15085","Lich King Dungeon","17145",,"53248","10"
"snapshot_non_legion_category","True","5106","Heroic: The Culling of Stratholme Guild Run","Defeat Mal'Ganis on Heroic Difficulty while in a guild group.","15085","Lich King Dungeon","17543",,"53248","10"
"snapshot_non_legion_category","True","5107","Heroic: Omnotron Defense System","Defeat the Omnotron Defense System in Blackwing Descent on Heroic Difficulty.","15068","Cataclysm Raid","17632",,"0","10"
"snapshot_non_legion_category","True","5108","Heroic: Maloriak","Defeat Maloriak in Blackwing Descent on Heroic Difficulty.","15068","Cataclysm Raid","12800",,"0","10"
"snapshot_non_legion_category","True","5109","Heroic: Atramedes","Defeat Atramedes in Blackwing Descent on Heroic Difficulty.","15068","Cataclysm Raid","13164",,"0","10"
"snapshot_non_legion_category","True","5110","Heroic: Trial of the Champion Guild Run","Defeat The Black Knight in the Trial of the Champion on Heroic Difficulty while in a guild group.","15085","Lich King Dungeon","20130",,"53248","10"
"snapshot_non_legion_category","True","5111","Heroic: Trial of the Champion Guild Run","Defeat The Black Knight in the Trial of the Champion on Heroic Difficulty while in a guild group.","15085","Lich King Dungeon","20766",,"53248","10"
"snapshot_non_legion_category","True","5112","Heroic: The Forge of Souls Guild Run","Defeat the Devourer of Souls in The Forge of Souls on Heroic difficulty while in a guild group.","15085","Lich King Dungeon","18598",,"53248","10"
"snapshot_non_legion_category","True","5113","Heroic: The Pit of Saron Guild Run","Defeat Scourgelord Tyrannus and Rimefang in The Pit of Saron on Heroic difficulty while in a guild group.","15085","Lich King Dungeon","15575",,"53248","10"
"snapshot_non_legion_category","True","5114","Heroic: The Halls of Reflection Guild Run","Survive the encounter with the Lich King on Heroic difficulty while in a guild group.","15085","Lich King Dungeon","15764",,"53248","10"
"snapshot_non_legion_category","True","5115","Heroic: Chimaeron","Defeat Chimaeron in Blackwing Descent on Heroic Difficulty.","15068","Cataclysm Raid","18594",,"0","10"
"snapshot_non_legion_category","True","5116","Heroic: Nefarian","Defeat Nefarian in Blackwing Descent on Heroic Difficulty.","15068","Cataclysm Raid","18674",,"0","10"
"snapshot_non_legion_category","True","5117","Heroic: Valiona and Theralion","Defeat Valiona and Theralion in the Bastion of Twilight on Heroic Difficulty.","15068","Cataclysm Raid","20769",,"0","10"
"snapshot_non_legion_category","True","5118","Heroic: Halfus Wyrmbreaker","Defeat Halfus Wyrmbreaker in the Bastion of Twilight on Heroic Difficulty.","15068","Cataclysm Raid","16723",,"0","10"
"snapshot_non_legion_category","True","5119","Heroic: Ascendant Council","Defeat the Ascendant Council in the Bastion of Twilight on Heroic Difficulty.","15068","Cataclysm Raid","16727",,"0","10"
"snapshot_non_legion_category","True","5120","Heroic: Cho'gall","Defeat Cho'gall in the Bastion of Twilight on Heroic Difficulty.","15068","Cataclysm Raid","15542",,"0","10"
"snapshot_non_legion_category","True","5121","Heroic: Sinestra","Defeat Sinestra in the Bastion of Twilight on Heroic Difficulty.","15068","Cataclysm Raid","15165",,"0","10"
"snapshot_non_legion_category","True","5122","Heroic: Conclave of Wind","Defeat the Conclave of Wind in the Throne of the Four Winds on Heroic Difficulty.","15068","Cataclysm Raid","16420",,"0","10"
"snapshot_non_legion_category","True","5123","Heroic: Al'Akir","Defeat Al'Akir in the Throne of the Four Winds on Heroic Difficulty.","15068","Cataclysm Raid","19205",,"0","10"
"snapshot_non_legion_category","True","5124","Guild Northrend Dungeon Hero","Complete the heroic Northrend dungeon achievements listed below while in a guild group.","15079","Dungeons & Raids","20440",,"28672","20"
"snapshot_non_legion_category","True","5126","Dungeon Diplomat","Earn Exalted with the dungeon reputations listed below.","15089","Reputation","20458",,"94208","10"
"snapshot_non_legion_category","True","5127","Raid Representation","Earn Exalted with the raid reputations listed below.","15089","Reputation","16661",,"94208","10"
"snapshot_non_legion_category","True","5128","Classic Battles","Earn Exalted reputation with the classic battlegrounds listed below.","15089","Reputation","19607",,"94208","10"
"snapshot_non_legion_category","True","5129","Ambassadors","Raise 25 reputations to Exalted.","15089","Reputation","27853",,"20480","10"
"snapshot_non_legion_category","True","5130","Diplomacy","Raise 15 reputations to Exalted.","15089","Reputation","27717",,"20480","10"
"snapshot_non_legion_category","True","5131","Classic Battles","Earn Exalted reputation with the classic battlegrounds listed below.","15089","Reputation","15829",,"94208","10"
"snapshot_non_legion_category","True","5132","Call of Duty","Win a rated battleground while in a guild group.","15090","Battlegrounds","17177",,"53248","10"
"snapshot_non_legion_category","True","5134","Heroic: Blackrock Caverns Guild Run","Defeat Ascendant Lord Obsidius on Heroic difficulty while in a guild group.","15083","Cataclysm Dungeon","15214",,"53248","10"
"snapshot_non_legion_category","True","5135","Heroic: Throne of the Tides Guild Run","Defeat Ozumat in Throne of the Tides on Heroic difficulty while in a guild group.","15083","Cataclysm Dungeon","17694",,"53248","10"
"snapshot_non_legion_category","True","5136","Heroic: The Stonecore Guild Run","Defeat High Priestess Azil in the Stonecore on Heroic difficulty while in a guild group.","15083","Cataclysm Dungeon","17180",,"53248","10"
"snapshot_non_legion_category","True","5137","Heroic: The Vortex Pinnacle Guild Run","Defeat Asaad in the Vortex Pinnacle on Heroic difficulty while in a guild group.","15083","Cataclysm Dungeon","18686",,"53248","10"
"snapshot_non_legion_category","True","5138","Heroic: Grim Batol Guild Run","Defeat Erudax in Grim Batol on Heroic difficulty while in a guild group.","15083","Cataclysm Dungeon","18215",,"53248","10"
"snapshot_non_legion_category","True","5139","Heroic: Halls of Origination Guild Run","Defeat Rajh in Halls of Origination on Heroic difficulty while in a guild group.","15083","Cataclysm Dungeon","17810",,"53248","10"
"snapshot_non_legion_category","True","5140","Heroic: Lost City of the Tol'vir Guild Run","Defeat Siamat, Lord of the South Wind in the Lost City of the Tol'vir in Heroic difficulty while in a guild group.","15083","Cataclysm Dungeon","17928",,"53248","10"
"snapshot_non_legion_category","True","5141","Heroic: Deadmines Guild Run","Defeat Vanessa VanCleef in Deadmines on Heroic difficulty while in a guild group.","15083","Cataclysm Dungeon","17922",,"53248","10"
"snapshot_non_legion_category","True","5142","Heroic: Shadowfang Keep Guild Run","Defeat Lord Godfrey in Shadowfang Keep on Heroic difficulty while in a guild group.","15083","Cataclysm Dungeon","17364",,"53248","10"
"snapshot_non_legion_category","True","5143","Guild Cataclysm Dungeon Hero","Complete the heroic Cataclysm dungeon achievements listed below while in a guild group.","15079","Dungeons & Raids","18009",,"28672","10"
"snapshot_non_legion_category","True","5144","Critter Kill Squad","Kill 50,000 critters","15088","General","13858",,"28672","10"
"snapshot_non_legion_category","True","5145","Dungeon Diplomat","Earn Exalted with the dungeon reputations listed below.","15089","Reputation","13861",,"94208","10"
"snapshot_non_legion_category","True","5151","Classy Humans","Reach max level on each of the Human classes listed below.","15088","General","20477",,"86016","10"
"snapshot_non_legion_category","True","5152","Stay Classy","Complete the classy achievements listed below.","15088","General","14599",,"28672","10"
"snapshot_non_legion_category","True","5153","Classy Night Elves","Reach max level on each of the Night Elf classes listed below.","15088","General","16501",,"86016","10"
"snapshot_non_legion_category","True","5154","Classy Gnomes","Reach max level on each of the Gnome classes listed below.","15088","General","14607",,"86016","10"
"snapshot_non_legion_category","True","5155","Classy Dwarves","Reach max level on each of the Dwarven classes listed below.","15088","General","18184",,"86016","10"
"snapshot_non_legion_category","True","5156","Classy Draenei","Reach max level on each of the Draenei classes listed below.","15088","General","19618",,"86016","10"
"snapshot_non_legion_category","True","5157","Classy Worgen","Reach max level on each of the Worgen classes listed below.","15088","General","13891",,"86016","10"
"snapshot_non_legion_category","True","5158","Stay Classy","Complete the classy achievements listed below.","15088","General","17122",,"28672","10"
"snapshot_non_legion_category","True","5159","Kill Squad","Get 100,000 honorable kills.","15078","Player vs. Player","13880",,"28672","10"
"snapshot_non_legion_category","True","5160","Classy Orcs","Reach max level on each of the Orc classes listed below.","15088","General","14371",,"86016","10"
"snapshot_non_legion_category","True","5161","Classy Tauren","Reach max level on each of the Tauren classes listed below.","15088","General","15770",,"86016","10"
"snapshot_non_legion_category","True","5162","Classy Trolls","Reach max level on each of the Troll classes listed below.","15088","General","20045",,"86016","10"
"snapshot_non_legion_category","True","5163","Classy Blood Elves","Reach max level on each of the Blood Elf classes listed below.","15088","General","15078",,"86016","10"
"snapshot_non_legion_category","True","5164","Classy Undead","Reach max level on each of the Undead classes listed below.","15088","General","16510",,"86016","10"
"snapshot_non_legion_category","True","5165","Classy Goblins","Reach max level on each of the Goblin classes listed below.","15088","General","20487",,"86016","10"
"snapshot_non_legion_category","True","5166","5-Cap Crew","Win 100 rated Arathi Basin matches while controlling all 5 flags in a guild group.","15090","Battlegrounds","14380",,"28672","10"
"snapshot_non_legion_category","True","5167","Orc Slayer","Get an honorable kill on a level 85 or greater Orc of each of the classes listed below.","15078","Player vs. Player","20497",,"81920","10"
"snapshot_non_legion_category","True","5168","Tauren Slayer","Get an honorable kill on a level 85 or greater Tauren of each of the classes listed below.","15078","Player vs. Player","15088",,"81920","10"
"snapshot_non_legion_category","True","5169","Undead Slayer","Get an honorable kill on a level 85 or greater Undead of each of the classes listed below.","15078","Player vs. Player","15097",,"82048","10"
"snapshot_non_legion_category","True","5170","Troll Slayer","Get an honorable kill on a level 85 or greater Troll of each of the classes listed below.","15078","Player vs. Player","17858",,"81920","10"
"snapshot_non_legion_category","True","5171","Blood Elf Slayer","Get an honorable kill on a level 85 or greater Blood Elf of each of the classes listed below.","15078","Player vs. Player","19299",,"81920","10"
"snapshot_non_legion_category","True","5172","Goblin Slayer","Get an honorable kill on a level 85 or greater Goblin of each of the classes listed below.","15078","Player vs. Player","9697",,"81920","10"
"snapshot_non_legion_category","True","5173","Human Slayer","Get an honorable kill on a level 85 or greater Human of each of the classes listed below.","15078","Player vs. Player","14657",,"81920","10"
"snapshot_non_legion_category","True","5174","Night Elf Slayer","Get an honorable kill on a level 85 or greater Night Elf of each of the classes listed below.","15078","Player vs. Player","20540",,"81920","10"
"snapshot_non_legion_category","True","5175","Dwarf Slayer","Get an honorable kill on a level 85 or greater Dwarf of each of the classes listed below.","15078","Player vs. Player","18195",,"81920","10"
"snapshot_non_legion_category","True","5176","Gnome Slayer","Get an honorable kill on a level 85 or greater Gnome of each of the classes listed below.","15078","Player vs. Player","19155",,"81920","10"
"snapshot_non_legion_category","True","5177","Draenei Slayer","Get an honorable kill on a level 85 or greater Draenei of each of the classes listed below.","15078","Player vs. Player","17049",,"81920","10"
"snapshot_non_legion_category","True","5178","Worgen Slayer","Get an honorable kill on a level 85 or greater Worgen of each of the classes listed below.","15078","Player vs. Player","17869",,"81920","10"
"snapshot_non_legion_category","True","5179","Alliance Slayer","Complete the slayer achievements listed below.","15078","Player vs. Player","17073",,"28672","10"
"snapshot_non_legion_category","True","5180","Breaking The Sound Barrier","Learn the master riding skill.","92","General","15106",,"0","10"
"snapshot_non_legion_category","True","5184","Thunderfury, Blessed Blade of the Windseeker - Guild Edition","Wielder of Thunderfury, Blessed Blade of the Windseeker.","15079","Dungeons & Raids","17164",,"94208","10"
"snapshot_non_legion_category","True","5185","Warglaives of Azzinoth - Guild Edition","Owner of a set of Warglaives of Azzinoth.","15079","Dungeons & Raids","17167",,"94208","10"
"snapshot_non_legion_category","True","5186","Thori'dal, the Stars' Fury - Guild Edition","Owner of Thori'dal, the Stars' Fury.","15079","Dungeons & Raids","17171",,"94208","10"
"snapshot_non_legion_category","True","5187","Val'anyr, Hammer of Ancient Kings - Guild Edition","Owner of Val'anyr, Hammer of Ancient Kings.","15079","Dungeons & Raids","17879",,"94208","10"
"snapshot_non_legion_category","True","5188","Shadowmourne - Guild Edition","Wielder of Shadowmourne.","15079","Dungeons & Raids","15109",,"94208","10"
"snapshot_non_legion_category","True","5191","Tragedy in Three Acts","Recover the following night elf artifacts that tell the fateful story of Pyramond and Theleste.","15071","Archaeology","13883",,"0","10"
"snapshot_non_legion_category","True","5192","The Harder they Fall","Discover how orc Chieftan Hargal was killed by collecting the following artifacts.","15071","Archaeology","17780",,"0","10"
"snapshot_non_legion_category","True","5193","Blue Streak","Discover who slew the dread wyrm Kaldrigos by collecting the following artifacts.","15071","Archaeology","18121",,"0","10"
"snapshot_non_legion_category","True","5194","City Attacker","Kill 2500 enemy players in any Alliance home city.","15078","Player vs. Player","13014",,"24704","10"
"snapshot_non_legion_category","True","5195","City Attacker","Kill 2500 enemy players in any Horde home city.","15078","Player vs. Player","15394",,"24704","10"
"snapshot_non_legion_category","True","5196","Extended Storage","Purchase the 7th guild bank tab.","15088","General","20242",,"20480","10"
"snapshot_non_legion_category","True","5198","Now That's an Achievement","Earn 2000 guild achievement points.","15088","General","17174",,"28672","10"
"snapshot_non_legion_category","True","5201","Profit Sharing","Loot 100,000 gold from creatures.","15088","General","20430",,"28672","10"
"snapshot_non_legion_category","True","5203","Creepjackers","Get 1,000,000 honorable kills.","15078","Player vs. Player","15779",,"28672","10"
"snapshot_non_legion_category","True","5208","Twin Peaking","Win 2 Twin Peaks battles.","15074","Twin Peaks","15269",,"0","10"
"snapshot_non_legion_category","True","5209","Twin Peaks Veteran","Complete 100 victories in Twin Peaks.","15074","Twin Peaks","15112",,"0","10"
"snapshot_non_legion_category","True","5210","Two-Timer","Personally carry and capture the flag 2 times in Twin Peaks.","15074","Twin Peaks","17786",,"0","10"
"snapshot_non_legion_category","True","5211","Top Defender","Return 50 flags as a defender in Twin Peaks.","15074","Twin Peaks","17986",,"0","10"
"snapshot_non_legion_category","True","5213","Soaring Spirits","Kill 100 flag carriers in Twin Peaks.","15074","Twin Peaks","19163",,"0","10"
"snapshot_non_legion_category","True","5214","Soaring Spirits","Kill 100 flag carriers in Twin Peaks.","15074","Twin Peaks","15464",,"0","10"
"snapshot_non_legion_category","True","5215","Twin Peaks Perfection","Win Twin Peaks with a score of 3 to 0 while also getting at least 1 killing blow.","15074","Twin Peaks","15467",,"0","10"
"snapshot_non_legion_category","True","5216","Peak Speed","Win Twin Peaks in under 7 minutes.","15074","Twin Peaks","15801",,"0","10"
"snapshot_non_legion_category","True","5219","I'm in the White Lodge","In a single Twin Peaks battle, kill 2 flag carriers before they leave the Wildhammer Stronghold.","15074","Twin Peaks","15328",,"0","10"
"snapshot_non_legion_category","True","5220","I'm in the Black Lodge","In a single Twin Peaks battle, kill 2 flag carriers before they leave the Dragonmaw Flag Room.","15074","Twin Peaks","18053",,"0","10"
"snapshot_non_legion_category","True","5221","Fire, Walk With Me","Grab the flag and capture it in under 75 seconds.","15074","Twin Peaks","20773",,"0","10"
"snapshot_non_legion_category","True","5222","Fire, Walk With Me","Grab the flag and capture it in under 75 seconds.","15074","Twin Peaks","17982",,"0","10"
"snapshot_non_legion_category","True","5223","Master of Twin Peaks","Complete the Twin Peaks achievements listed below.","15074","Twin Peaks","17844",,"135168","25"
"snapshot_non_legion_category","True","5226","Cloud Nine","In a single Twin Peaks battle, capture and return a total of 9 flags.","15074","Twin Peaks","16847",,"128","10"
"snapshot_non_legion_category","True","5227","Cloud Nine","In a single Twin Peaks battle, capture and return a total of 9 flags.","15074","Twin Peaks","15471",,"128","10"
"snapshot_non_legion_category","True","5228","Wild Hammering","Kill 5 Dwarves in a single Twin Peaks battle.","15074","Twin Peaks","17342",,"0","10"
"snapshot_non_legion_category","True","5229","Drag a Maw","Kill 5 Orcs in a single Twin Peaks battle.","15074","Twin Peaks","17398",,"0","10"
"snapshot_non_legion_category","True","5230","Twin Peaks Mountaineer","Perform a roar emote with the flag while under the effect of both a speed power up and the berserking power up.","15074","Twin Peaks","17118",,"0","10"
"snapshot_non_legion_category","True","5231","Double Jeopardy","Win a Twin Peaks battle after being behind by a score of 0 to 2.","15074","Twin Peaks","18290",,"0","10"
"snapshot_non_legion_category","True","5232","Twin Peaks battles","Twin Peaks battles","153","Battlegrounds","18293",,"1","0"
"snapshot_non_legion_category","True","5233","Twin Peaks victories","Twin Peaks victories","153","Battlegrounds","15053",,"1","0"
"snapshot_non_legion_category","True","5234","Twin Peaks flags captured","Twin Peaks flags captured","153","Battlegrounds","20777",,"1","0"
"snapshot_non_legion_category","True","5235","Twin Peaks flags returned","Twin Peaks flags returned","153","Battlegrounds","19733",,"1","0"
"snapshot_non_legion_category","True","5236","Battle for Gilneas battles","Battle for Gilneas battles","153","Battlegrounds","17225",,"1","0"
"snapshot_non_legion_category","True","5237","Battle for Gilneas victories","Battle for Gilneas victories","153","Battlegrounds","18206",,"1","0"
"snapshot_non_legion_category","True","5239","That's a Lot of Quest Text","Complete 50,000 quests.","15077","Quests","20780",,"28672","10"
"snapshot_non_legion_category","True","5240","Now That's Teamwork","Win 1000 Rated Battlegrounds while in a guild group.","15090","Battlegrounds","17622",,"28800","10"
"snapshot_non_legion_category","True","5241","Stick Together Team","Win 2000 Rated Battlegrounds while in a guild group.","15090","Battlegrounds","19551",,"28800","10"
"snapshot_non_legion_category","True","5244","A Team Effort","Win 5000 Rated Battlegrounds while in a guild group.","15090","Battlegrounds","15155",,"28800","10"
"snapshot_non_legion_category","True","5245","Battle for Gilneas Victory","Win Battle For Gilneas.","15073","Battle for Gilneas","15660",,"0","10"
"snapshot_non_legion_category","True","5246","Battle for Gilneas Veteran","Complete 100 victories in the Battle For Gilneas.","15073","Battle for Gilneas","17979",,"0","10"
"snapshot_non_legion_category","True","5247","Battle for Gilneas Perfection","Win the Battle For Gilneas with a score of 1500 to 0.","15073","Battle for Gilneas","18171",,"0","20"
"snapshot_non_legion_category","True","5248","Bustin' Caps to Make It Haps","Take 50 flags in the Battle for Gilneas.","15073","Battle for Gilneas","15663",,"0","10"
"snapshot_non_legion_category","True","5249","One Two Three You Don't Know About Me","Assault 2 bases in a single Battle for Gilneas.","15073","Battle for Gilneas","19561",,"0","10"
"snapshot_non_legion_category","True","5250","Out of the Fog","Defend 2 bases in a single Battle for Gilneas.","15073","Battle for Gilneas","19612",,"0","10"
"snapshot_non_legion_category","True","5251","Not Your Average PUG'er","Come to the defense of a base in the Battle for Gilneas 10 times by recapping the flag.","15073","Battle for Gilneas","15331",,"0","10"
"snapshot_non_legion_category","True","5252","Don't Get Cocky Kid","Overcome a 500 resource disadvantage in a match of the Battle for Gilneas and claim victory.","15073","Battle for Gilneas","20148",,"0","10"
"snapshot_non_legion_category","True","5253","Full Coverage","Win 10 Battles for Gilneas while controlling all 3 flags.","15073","Battle for Gilneas","15056",,"0","10"
"snapshot_non_legion_category","True","5254","Newbs to Plowshares","Win the Battle for Gilneas in 6 minutes.","15073","Battle for Gilneas","15666",,"0","10"
"snapshot_non_legion_category","True","5255","Jugger Not","Win the Battle for Gilneas by 100 points or less.","15073","Battle for Gilneas","17070",,"0","10"
"snapshot_non_legion_category","True","5256","Battle for Gilneas All-Star","Assault and Defend a base in a single Battle for Gilneas.","15073","Battle for Gilneas","19249",,"0","20"
"snapshot_non_legion_category","True","5257","Battle for Gilneas Assassin","Get 10 honorable kills at each of the bases in a single Battle for Gilneas.","15073","Battle for Gilneas","18056",,"0","20"
"snapshot_non_legion_category","True","5258","Master of the Battle for Gilneas","Complete the Battle for Gilneas achievements listed below.","15073","Battle for Gilneas","15737",,"135168","25"
"snapshot_non_legion_category","True","5262","Double Rainbow","Perform a /gasp emote under the double rainbow in the Battle For Gilneas.","15073","Battle for Gilneas","15561",,"0","10"
"snapshot_non_legion_category","True","5263","Crittergeddon","Kill 100,000 critters","15088","General","15752",,"28672","10"
"snapshot_non_legion_category","True","5264","Daily Driver","Complete 30,000 daily quests.","15077","Quests","15248",,"28672","10"
"snapshot_non_legion_category","True","5265","The Daily Grind","Complete 75,000 daily quests.","15077","Quests","15251",,"28672","10"
"snapshot_non_legion_category","True","5266","Three's Company: 2400","Earn a 2400 personal rating in the 3v3 bracket of the arena.","165","Arena","16755",,"12288","10"
"snapshot_non_legion_category","True","5267","Three's Company: 2700","Earn a 2700 personal rating in the 3v3 bracket of the arena.","165","Arena","16758",,"12288","10"
"snapshot_non_legion_category","True","5268","In Service of the Alliance","Win a rated battleground.","15092","Rated Battleground","17148",,"0","10"
"snapshot_non_legion_category","True","5269","In Service of the Horde","Win a rated battleground.","15092","Rated Battleground","17151",,"0","10"
"snapshot_non_legion_category","True","5273","The Buddy System","Win 500 ranked arena matches while in a guild group.","15091","Arena","17700",,"28672","10"
"snapshot_non_legion_category","True","5274","We're Gonna Need a Bigger Boat","Catch 25,000 fish from fishing pools.","15080","Professions","20567",,"28672","10"
"snapshot_non_legion_category","True","5275","Killing With Friends","Win 1000 ranked arena matches while in a guild group.","15091","Arena","17703",,"28672","10"
"snapshot_non_legion_category","True","5281","Crushing Bones and Cracking Skulls","Defeat Rom'ogg Bonecrusher after using his Skullcracker ability to kill 10 Angered Earth elementals in Blackrock Caverns on Heroic Difficulty.","15067","Cataclysm Dungeon","18209",,"0","10"
"snapshot_non_legion_category","True","5282","Arrested Development","Allow all three of Corla's zealots to evolve, then defeat Corla after slaying the evolved zealots in Blackrock Caverns on Heroic Difficulty.","15067","Cataclysm Dungeon","20342",,"0","10"
"snapshot_non_legion_category","True","5283","Too Hot to Handle","Defeat Karsh Steelbender after he has reached 15 stacks of Superheated Quicksilver Armor in Blackrock Caverns on Heroic Difficulty.","15067","Cataclysm Dungeon","15275",,"0","10"
"snapshot_non_legion_category","True","5284","Ascendant Descending","Defeat Ascendant Lord Obsidius without any party member reaching 4 stacks of Crepuscular Veil in Blackrock Caverns on Heroic Difficulty.","15067","Cataclysm Dungeon","18091",,"0","10"
"snapshot_non_legion_category","True","5285","Old Faithful","Get Lady Naz'jar to kill one of her minions with her Geyser ability in Throne of the Tides on Heroic Difficulty.","15067","Cataclysm Dungeon","18061",,"0","10"
"snapshot_non_legion_category","True","5286","Prince of Tides","Defeat an Unyielding Behemoth while you have the Tidal Surge effect during the Ozumat encounter in Throne of the Tides on Heroic Difficulty.","15067","Cataclysm Dungeon","18485",,"0","10"
"snapshot_non_legion_category","True","5287","Rotten to the Core","Defeat 60 Disciples within 10 seconds during the High Priestess Azil encounter in the Stonecore on Heroic Difficulty.","15067","Cataclysm Dungeon","18162",,"0","10"
"snapshot_non_legion_category","True","5288","No Static at All","Completely avoid the Static Cling effect during the Asaad encounter in the Vortex Pinnacle on Heroic Difficulty.","15067","Cataclysm Dungeon","18218",,"0","10"
"snapshot_non_legion_category","True","5289","Extra Credit Bonus Stage","Collect 5 Golden Orbs in a single visit to the Vortex Pinnacle on Heroic Difficulty.","15067","Cataclysm Dungeon","18807",,"0","10"
"snapshot_non_legion_category","True","5290","Kill It With Fire!","Defeat 3 Burning Souls during the High Prophet Barim encounter in Lost City of the Tol'vir on Heroic Difficulty.","15067","Cataclysm Dungeon","18118",,"0","10"
"snapshot_non_legion_category","True","5291","Acrocalypse Now","Defeat 20 Frenzied Crocolisks within 10 seconds during the Lockmaw encounter in the Lost City of the Tol'vir on Heroic Difficulty.","15067","Cataclysm Dungeon","17946",,"0","10"
"snapshot_non_legion_category","True","5292","Headed South","Defeat Siamat, Lord of the South Wind, with 3 stacks of Lightning Charge in Lost City of the Tol'vir on Heroic Difficulty.","15067","Cataclysm Dungeon","19188",,"0","10"
"snapshot_non_legion_category","True","5293","I Hate That Song","Defeat Temple Guardian Anhuur without allowing him to sing Reverberating Hymn for more than 15 seconds in Halls of Origination on Heroic Difficulty.","15067","Cataclysm Dungeon","19724",,"0","10"
"snapshot_non_legion_category","True","5294","Straw That Broke the Camel's Back","Defeat Earthrager Ptah while mounted on a camel in the Halls of Origination on Heroic Difficulty.","15067","Cataclysm Dungeon","18221",,"0","10"
"snapshot_non_legion_category","True","5295","Sun of a....","Defeat Rajh before he completes an entire recharging phase in the Halls of Origination on Heroic Difficulty.","15067","Cataclysm Dungeon","19373",,"0","10"
"snapshot_non_legion_category","True","5296","Faster Than the Speed of Light","Complete the Vault of Lights within 5 minutes of entering in the Halls of Origination on Heroic Difficulty.","15067","Cataclysm Dungeon","17685",,"0","10"
"snapshot_non_legion_category","True","5297","Umbrage for Umbriss","Defeat General Umbriss while he is affected with Modgud's Malice in Grim Batol on Heroic Difficulty.","15067","Cataclysm Dungeon","17792",,"0","10"
"snapshot_non_legion_category","True","5298","Don't Need to Break Eggs to Make an Omelet","Defeat Erudax without letting a Faceless Corruptor begin to cast Twilight Corruption on any of Alexstrasza's Eggs in Grim Batol on Heroic Difficulty.","15067","Cataclysm Dungeon","19017",,"0","10"
"snapshot_non_legion_category","True","5300","The Only Escape","Defeat Halfus Wyrmbreaker after defeating two drakes within 10 seconds of each other. The Emerald Whelp pack counts as one drake for this purpose.","15068","Cataclysm Raid","15341",,"0","10"
"snapshot_non_legion_category","True","5301","The Boy Who Would be King","Recover the following tol'vir artifacts that tell of the rise and fall of Emperor Ninjter.","15071","Archaeology","17062",,"0","10"
"snapshot_non_legion_category","True","5304","Stay Chill","Defeat the Conclave of Wind in the Throne of the Four Winds while everyone in the raid has at least 7 stacks of Wind Chill.","15068","Cataclysm Raid","17914",,"0","10"
"snapshot_non_legion_category","True","5305","Four Play","Defeat Al'Akir in the Throne of the Four Winds while he is affected by Feedback.","15068","Cataclysm Raid","19376",,"0","10"
"snapshot_non_legion_category","True","5306","Parasite Evening","Defeat Magmaw in Blackwing Descent without anyone in the raid becoming infected with a parasite.","15068","Cataclysm Raid","18115",,"0","10"
"snapshot_non_legion_category","True","5307","Achieve-a-tron","Defeat the Omnotron Defense System in Blackwing Descent while neutralizing the following attacks.","15068","Cataclysm Raid","16585",,"0","10"
"snapshot_non_legion_category","True","5308","Silence is Golden","Defeat Atramedes in Blackwing Descent without any raid member's sound bar going over 50%.","15068","Cataclysm Raid","16752",,"0","10"
"snapshot_non_legion_category","True","5309","Full of Sound and Fury","Defeat Chimaeron in Blackwing Descent with no more than 2 raid member deaths.","15068","Cataclysm Raid","19366",,"0","10"
"snapshot_non_legion_category","True","5310","Aberrant Behavior","Kill 12 Aberrations within 10 seconds on the Maloriak encounter in Blackwing Descent and then defeat Maloriak.","15068","Cataclysm Raid","17816",,"0","10"
"snapshot_non_legion_category","True","5311","Elementary","Defeat the Elementium Monstrosity in the Bastion of Twilight while only allowing it to create a single Liquid Ice patch.","15068","Cataclysm Raid","18165",,"0","10"
"snapshot_non_legion_category","True","5312","The Abyss Will Gaze Back Into You","Defeat Cho'gall in the Bastion of Twilight before any raid member earns more than 30% Corrupted Blood.","15068","Cataclysm Raid","17385",,"0","10"
"snapshot_non_legion_category","True","5313","I Can't Hear You Over the Sound of How Awesome I Am","Defeat Sinestra in the Bastion of Twilight on Heroic Difficulty on the first attempt without letting any raid members die.","15271","Raids","15578",,"2048","0"
"snapshot_non_legion_category","True","5315","Digger","Find 10 unique common artifacts.","15071","Archaeology","5678",,"0","10"
"snapshot_non_legion_category","True","5317","Help the Bombardier! I'm the Bombardier!","Kill 10 Schnotzz infantry with one artillery shell during the Fire From the Sky daily quest in Uldum.","15070","Cataclysm","15391",,"0","10"
"snapshot_non_legion_category","True","5318","20,000 Leagues Under the Sea","Complete the Neptulon quests in Vashj'ir up to and including Defending the Rift.","15070","Cataclysm","20339",,"0","10"
"snapshot_non_legion_category","True","5319","20,000 Leagues Under the Sea","Complete the Neptulon quests in Vashj'ir up to and including Defending the Rift.","15070","Cataclysm","17388",,"0","10"
"snapshot_non_legion_category","True","5320","King of the Mountain","Complete the Twilight's Hammer quest chain in Twilight Highlands up to and including Skullcrusher the Mountain.","15070","Cataclysm","17795",,"0","10"
"snapshot_non_legion_category","True","5321","King of the Mountain","Complete the Twilight's Hammer quest chain in Twilight Highlands up to and including Skullcrusher the Mountain.","15070","Cataclysm","16816",,"0","10"
"snapshot_non_legion_category","True","5322","In Service of the Alliance","Win 10 rated battlegrounds.","15092","Rated Battleground","15886",,"0","10"
"snapshot_non_legion_category","True","5323","In Service of the Horde","Win 10 rated battlegrounds.","15092","Rated Battleground","18788",,"0","10"
"snapshot_non_legion_category","True","5324","In Service of the Horde","Win 25 rated battlegrounds.","15092","Rated Battleground","20059",,"0","10"
"snapshot_non_legion_category","True","5325","Veteran of the Horde","Win 75 rated battlegrounds.","15092","Rated Battleground","15785",,"0","10"
"snapshot_non_legion_category","True","5326","Warbringer of the Horde","Win 300 rated battlegrounds.","15092","Rated Battleground","16488",,"4096","10"
"snapshot_non_legion_category","True","5327","In Service of the Alliance","Win 25 rated battlegrounds.","15092","Rated Battleground","17967",,"0","10"
"snapshot_non_legion_category","True","5328","Veteran of the Alliance","Win 75 rated battlegrounds.","15092","Rated Battleground","18479",,"0","10"
"snapshot_non_legion_category","True","5329","Warbound Veteran of the Alliance","Win 300 rated battlegrounds.","15092","Rated Battleground","18656",,"4096","10"
"snapshot_non_legion_category","True","5330","Private","Earn a rated battleground rating of 1100.","15092","Rated Battleground","15788",,"0","10"
"snapshot_non_legion_category","True","5331","Corporal","Earn a rated battleground rating of 1200.","15092","Rated Battleground","17506",,"0","10"
"snapshot_non_legion_category","True","5332","Sergeant","Earn a rated battleground rating of 1300.","15092","Rated Battleground","18020",,"0","10"
"snapshot_non_legion_category","True","5333","Master Sergeant","Earn a rated battleground rating of 1400.","15092","Rated Battleground","17813",,"0","10"
"snapshot_non_legion_category","True","5334","Sergeant Major","Earn a rated battleground rating of 1500.","15092","Rated Battleground","15791",,"0","10"
"snapshot_non_legion_category","True","5335","Knight","Earn a rated battleground rating of 1600.","15092","Rated Battleground","20239",,"0","10"
"snapshot_non_legion_category","True","5336","Knight-Lieutenant","Earn a rated battleground rating of 1700.","15092","Rated Battleground","15446",,"0","10"
"snapshot_non_legion_category","True","5337","Knight-Captain","Earn a rated battleground rating of 1800.","15092","Rated Battleground","15867",,"0","10"
"snapshot_non_legion_category","True","5338","Centurion","Earn a rated battleground rating of 1900.","15092","Rated Battleground","20062",,"0","10"
"snapshot_non_legion_category","True","5339","Lieutenant Commander","Earn a rated battleground rating of 2000.","15092","Rated Battleground","20065",,"0","10"
"snapshot_non_legion_category","True","5340","Commander","Earn a rated battleground rating of 2100.","15092","Rated Battleground","15870",,"4096","10"
"snapshot_non_legion_category","True","5341","Marshal","Earn a rated battleground rating of 2200.","15092","Rated Battleground","15710",,"4096","10"
"snapshot_non_legion_category","True","5342","Warlord","Earn a rated battleground rating of 2300.","15092","Rated Battleground","20068",,"4096","10"
"snapshot_non_legion_category","True","5343","Grand Marshal","Earn a rated battleground rating of 2400.","15092","Rated Battleground","20071",,"12288","10"
"snapshot_non_legion_category","True","5344","Hero of the Alliance: Vicious","End PvP season 9 in the top .5% of the rated battleground ladder.","15270","Player vs. Player","15873",,"14336","0"
"snapshot_non_legion_category","True","5345","Scout","Earn a rated battleground rating of 1100.","15092","Rated Battleground","20145",,"0","10"
"snapshot_non_legion_category","True","5346","Grunt","Earn a rated battleground rating of 1200.","15092","Rated Battleground","17325",,"0","10"
"snapshot_non_legion_category","True","5347","Sergeant","Earn a rated battleground rating of 1300.","15092","Rated Battleground","20433",,"0","10"
"snapshot_non_legion_category","True","5348","Senior Sergeant","Earn a rated battleground rating of 1400.","15092","Rated Battleground","18632",,"0","10"
"snapshot_non_legion_category","True","5349","First Sergeant","Earn a rated battleground rating of 1500.","15092","Rated Battleground","16822",,"0","10"
"snapshot_non_legion_category","True","5350","Stone Guard","Earn a rated battleground rating of 1600.","15092","Rated Battleground","15876",,"0","10"
"snapshot_non_legion_category","True","5351","Blood Guard","Earn a rated battleground rating of 1700.","15092","Rated Battleground","18106",,"0","10"
"snapshot_non_legion_category","True","5352","Legionnaire","Earn a rated battleground rating of 1800.","15092","Rated Battleground","17706",,"0","10"
"snapshot_non_legion_category","True","5353","Champion","Earn a rated battleground rating of 2000.","15092","Rated Battleground","18094",,"0","10"
"snapshot_non_legion_category","True","5354","Lieutenant General","Earn a rated battleground rating of 2100.","15092","Rated Battleground","15713",,"4096","10"
"snapshot_non_legion_category","True","5355","General","Earn a rated battleground rating of 2200.","15092","Rated Battleground","18097",,"4096","10"
"snapshot_non_legion_category","True","5356","High Warlord","Earn a rated battleground rating of 2400.","15092","Rated Battleground","15449",,"12288","10"
"snapshot_non_legion_category","True","5357","Field Marshal","Earn a rated battleground rating of 2300.","15092","Rated Battleground","20349",,"4096","10"
"snapshot_non_legion_category","True","5358","Hero of the Horde: Vicious","End PvP season 9 in the top .5% of the rated battleground ladder.","15270","Player vs. Player","18100",,"14336","0"
"snapshot_non_legion_category","True","5359","Knight-Champion","Earn a rated battleground rating of 1900.","15092","Rated Battleground","18306",,"0","10"
"snapshot_non_legion_category","True","5362","Everyone Needs a Logo","Create and purchase a guild crest.","15088","General","18028",,"20480","10"
"snapshot_non_legion_category","True","5363","250000 Honorable Kills","Get 250000 honorable kills.","95","Player vs. Player","17964",,"143360","10"
"snapshot_non_legion_category","True","5366","Ready for Raiding","Do not get hit by Fire Wall in the Glubtok encounter in Deadmines on Heroic Difficulty.","15067","Cataclysm Dungeon","17115",,"0","10"
"snapshot_non_legion_category","True","5367","Rat Pack","Kill 20 Mine Rats during the Helix Gearbreaker encounter in Deadmines on Heroic Difficulty.","15067","Cataclysm Dungeon","16819",,"0","10"
"snapshot_non_legion_category","True","5368","Prototype Prodigy","Keep the Prototype Reaper from falling below 90% health at any time before the Foe Reaper 5000 is defeated in Deadmines on Heroic Difficulty.","15067","Cataclysm Dungeon","15041",,"0","10"
"snapshot_non_legion_category","True","5369","It's Frost Damage","Allow three Freezing Vapors to cast Coalesce during the Admiral Ripsnarl encounter in Deadmines on Heroic Difficulty.","15067","Cataclysm Dungeon","16841",,"0","10"
"snapshot_non_legion_category","True","5370","I'm on a Diet","Do not gain more than one stack of Nauseated during the Cookie encounter in Deadmines on Heroic Difficulty.","15067","Cataclysm Dungeon","18454",,"0","10"
"snapshot_non_legion_category","True","5371","Vigorous VanCleef Vindicator","Engage Vanessa VanCleef within 5 minutes of being inflicted with the Nightmare Elixir in Deadmines on Heroic Difficulty.","15067","Cataclysm Dungeon","18457",,"0","10"
"snapshot_non_legion_category","True","5372","Cataclysmically Epic","Equip an epic item in every slot with a minimum item level of 359.","92","General","16471",,"0","10"
"snapshot_non_legion_category","True","5373","Cataclysmically Superior","Equip a superior item in every slot with a minimum item level of 333.","92","General","17894",,"0","10"
"snapshot_non_legion_category","True","5374","45 Exalted Reputations","Raise 45 reputations to Exalted.","201","Reputation","16838",,"12288","10"
"snapshot_non_legion_category","True","5375","Baradin's Wardens","Earn Exalted status with Baradin's Wardens.","15072","Cataclysm","17006",,"0","10"
"snapshot_non_legion_category","True","5376","Hellscream's Reach","Earn Exalted status with Hellscream's Reach.","15072","Cataclysm","17081",,"0","10"
"snapshot_non_legion_category","True","5377","Collector's Edition: Lil' Deathwing","Owner of the Cataclysm Collector's Edition Lil' Deathwing pet.","15268","Promotions","20345",,"133120","0"
"snapshot_non_legion_category","True","5378","Deathy","Proud owner of Deathy's Murloc Egg from the 2010 BlizzCon.","15268","Promotions","18460",,"133120","0"
"snapshot_non_legion_category","True","5381","Realm First! Illustrious Alchemist","First person on the realm to achieve 525 skill in alchemy.","81","Feats of Strength","16468",,"256","0"
"snapshot_non_legion_category","True","5382","Realm First! Illustrious Blacksmith","First person on the realm to achieve 525 skill in blacksmithing.","81","Feats of Strength","16825",,"256","0"
"snapshot_non_legion_category","True","5383","Realm First! Illustrious Cook","First person on the realm to achieve 525 skill in cooking.","81","Feats of Strength","16983",,"256","0"
"snapshot_non_legion_category","True","5384","Realm First! Illustrious Enchanter","First person on the realm to achieve 525 skill in enchanting.","81","Feats of Strength","18181",,"256","0"
"snapshot_non_legion_category","True","5385","Realm First! Illustrious Engineer","First person on the realm to achieve 525 skill in engineering.","81","Feats of Strength","20036",,"256","0"
"snapshot_non_legion_category","True","5386","Realm First! Illustrious Medic","First person on the realm to achieve 525 skill in first aid.","81","Feats of Strength","20763",,"256","0"
"snapshot_non_legion_category","True","5387","Realm First! Illustrious Angler","First person on the realm to achieve 525 skill in fishing.","81","Feats of Strength","20039",,"256","0"
"snapshot_non_legion_category","True","5388","Realm First! Illustrious Herbalist","First person on the realm to achieve 525 skill in herbalism.","81","Feats of Strength","15452",,"256","0"
"snapshot_non_legion_category","True","5389","Realm First! Illustrious Scribe","First person on the realm to achieve 525 skill in inscription.","81","Feats of Strength","16986",,"256","0"
"snapshot_non_legion_category","True","5390","Realm First! Illustrious Jewelcrafter","First person on the realm to achieve 525 skill in jewelcrafting.","81","Feats of Strength","18252",,"256","0"
"snapshot_non_legion_category","True","5391","Realm First! Illustrious Leatherworker","First person on the realm to achieve 525 skill in leatherworking.","81","Feats of Strength","17130",,"256","0"
"snapshot_non_legion_category","True","5392","Realm First! Illustrious Miner","First person on the realm to achieve 525 skill in mining.","81","Feats of Strength","20042",,"256","0"
"snapshot_non_legion_category","True","5393","Realm First! Illustrious Skinner","First person on the realm to achieve 525 skill in skinning.","81","Feats of Strength","20124",,"256","0"
"snapshot_non_legion_category","True","5394","Realm First! Illustrious Tailor","First person on the realm to achieve 525 skill in tailoring.","81","Feats of Strength","20127",,"256","0"
"snapshot_non_legion_category","True","5395","Realm First! Grand Master Archaeologist","First person on the realm to achieve 450 skill in archaeology.","81","Feats of Strength","15558",,"256","0"
"snapshot_non_legion_category","True","5396","Realm First! Illustrious Archaeologist","First person on the realm to achieve 525 skill in archaeology.","81","Feats of Strength","17133",,"256","0"
"snapshot_non_legion_category","True","5407","Realm First! Guild Level 25","First guild on the realm to reach guild level 25.","15093","Guild Feats of Strength","17242",,"30976","0"
"snapshot_non_legion_category","True","5408","Realm First! Working as a Team","First guild on the realm to obtain 525 skill points in all professions and secondary professions.","15093","Guild Feats of Strength","17245",,"96512","0"
"snapshot_non_legion_category","True","5409","Realm First! Nefarian","First guild on the realm to defeat Nefarian in Blackwing Descent on Heroic difficulty while in a guild group.","15093","Guild Feats of Strength","15306",,"63744","0"
"snapshot_non_legion_category","True","5410","Realm First! Al'Akir","First guild on the realm to defeat Al'Akir in the Throne of the Four Winds on Heroic difficulty while in a guild group.","15093","Guild Feats of Strength","15310",,"63744","0"
"snapshot_non_legion_category","True","5411","Realm First! Sinestra","First guild on the realm to defeat Sinestra in the Bastion of Twilight on Heroic difficulty while in a guild group.","15093","Guild Feats of Strength","15314",,"63744","0"
"snapshot_non_legion_category","True","5412","Tol Barad Victory","Win the battle for Tol Barad.","15075","Tol Barad","18031",,"0","10"
"snapshot_non_legion_category","True","5415","Tower Plower","Destroy a tower in Tol Barad.","15075","Tol Barad","18035",,"0","10"
"snapshot_non_legion_category","True","5416","Pit Lord Argaloth","Defeat the Pit Lord Argaloth.","15075","Tol Barad","19615",,"0","10"
"snapshot_non_legion_category","True","5417","Tol Barad Veteran","Win 25 battles for Tol Barad.","15075","Tol Barad","15816",,"0","10"
"snapshot_non_legion_category","True","5418","Tol Barad Veteran","Win 25 battles for Tol Barad.","15075","Tol Barad","20564",,"0","10"
"snapshot_non_legion_category","True","5420","It All Really Adds Up","Spend 100,000 gold on guildmember repairs.","15088","General","17823",,"28672","10"
"snapshot_non_legion_category","True","5421","That's a Lot of Travel Time","Complete 25,000 quests.","15077","Quests","17826",,"28672","10"
"snapshot_non_legion_category","True","5422","A Daily Routine","Complete 15,000 daily quests.","15077","Quests","18103",,"28672","10"
"snapshot_non_legion_category","True","5425","Baradin Hold Guild Run","Defeat the bosses in Baradin Hold while in a guild group.","15087","Cataclysm Raid","17917",,"53248","10"
"snapshot_non_legion_category","True","5429","Guild Rivals","Earn the Rival title on all of the classes below.","15091","Arena","20008",,"94208","10"
"snapshot_non_legion_category","True","5430","Guild Duelists","Earn the Duelist title on all of the classes below.","15091","Arena","20352",,"94208","10"
"snapshot_non_legion_category","True","5431","Guild Gladiators","Earn the Gladiator title on all of the classes below.","15091","Arena","18689",,"94208","0"
"snapshot_non_legion_category","True","5432","Guild Commanders","Earn the Commander title on all of the classes below.","15090","Battlegrounds","7276",,"94208","10"
"snapshot_non_legion_category","True","5433","Guild Champions","Earn the Champion title on all of the classes below.","15090","Battlegrounds","15546",,"94208","10"
"snapshot_non_legion_category","True","5434","Guild Marshals","Earn the Marshal title on all of the classes below.","15090","Battlegrounds","15478",,"94208","10"
"snapshot_non_legion_category","True","5435","Guild Generals","Earn the General title on all of the classes below.","15090","Battlegrounds","18791",,"94208","10"
"snapshot_non_legion_category","True","5436","Guild Field Marshals","Earn the Field Marshal title on all of the classes below.","15090","Battlegrounds","13027",,"94208","10"
"snapshot_non_legion_category","True","5437","Guild Warlords","Earn the Warlord title on all of the classes below.","15090","Battlegrounds","17636",,"94208","10"
"snapshot_non_legion_category","True","5438","Guild Grand Marshals","Earn the Grand Marshal title on all of the classes below.","15090","Battlegrounds","17709",,"94208","15"
"snapshot_non_legion_category","True","5439","Guild High Warlords","Earn the High Warlord title on all of the classes below.","15090","Battlegrounds","16450",,"94208","15"
"snapshot_non_legion_category","True","5440","Guild Battlemasters","Earn the Battlemaster title on all of the classes below.","15093","Guild Feats of Strength","0",,"94208","0"
"snapshot_non_legion_category","True","5441","Guild Battlemasters","Earn the Battlemaster title on all of the classes below.","15093","Guild Feats of Strength","0",,"94208","0"
"snapshot_non_legion_category","True","5442","Full Caravan","Recruit all 8 characters into Fiona's travelling party in Eastern Plaguelands.","14861","Eastern Kingdoms","16828",,"0","10"
"snapshot_non_legion_category","True","5443","E'ko Madness","Obtain E'ko from the following creatures in Winterspring.","15081","Kalimdor","20549",,"0","10"
"snapshot_non_legion_category","True","5444","Ready, Set, Goat!","Using the Billy Goat Blaster or the Billy Goat Blaster DX, blast 12 Billy Goats in under 1 minute.","14861","Eastern Kingdoms","19246",,"0","10"
"snapshot_non_legion_category","True","5445","Fungalophobia","Defeat Fungalmancer Glop during the Glop, Son of Glop daily quest in Deepholm without taking any damage from his Boomshrooms.","15070","Cataclysm","17262",,"0","10"
"snapshot_non_legion_category","True","5446","The Glop Family Line","Complete the Glop, Son of Glop daily quest in Deepholm 10 times.","15070","Cataclysm","15059",,"0","10"
"snapshot_non_legion_category","True","5447","My Very Own Broodmother","Complete the Restless Brood daily quest in Deepholm within 90 seconds of striking the Resonating Crystal.","15070","Cataclysm","18464",,"0","10"
"snapshot_non_legion_category","True","5448","Glutton for Fiery Punishment","In Archmage Xylem's Trial of Fire in Azshara, gain 10 stacks of Fire Dancing without taking damage.","15081","Kalimdor","15062",,"0","10"
"snapshot_non_legion_category","True","5449","Rock Lover","Complete the Lost in the Deeps daily quest in Deepholm 10 times.","15070","Cataclysm","15587",,"0","10"
"snapshot_non_legion_category","True","5450","Fungal Frenzy","Suffer the effects of a Poolstool, Shuffletruffle, Shrinkshroom and Trapcap simultaneously.","15070","Cataclysm","17009",,"0","10"
"snapshot_non_legion_category","True","5451","Consumed by Nightmare","Endure the nightmares of Iso'rath in the Twilight Highlands.","15070","Cataclysm","15065",,"0","10"
"snapshot_non_legion_category","True","5452","Visions of Vashj'ir Past","Witness the 3 visions of the Naz'jar Battlemaiden in Vashj'ir.","15070","Cataclysm","15068",,"0","10"
"snapshot_non_legion_category","True","5453","Ghosts in the Dark","Discover the secret buried beneath the Maw of the Void in Darkshore.","15081","Kalimdor","16977",,"0","10"
"snapshot_non_legion_category","True","5454","Joy Ride","Ride the full length of the Rocketway in Azshara.","15081","Kalimdor","19309",,"0","10"
"snapshot_non_legion_category","True","5455","Got My Mind On My Money","Loot 50,000 gold.","92","General","15071",,"0","10"
"snapshot_non_legion_category","True","5456","Got My Mind On My Money","Loot 100,000 gold.","92","General","18734",,"131072","10"
"snapshot_non_legion_category","True","5457","The Pen is Mightier","Create 2,500 glyphs.","15080","Professions","15819",,"28672","10"
"snapshot_non_legion_category","True","5459","Call of Battle","Win a ranked arena match while in a guild group.","15091","Arena","15822",,"53248","10"
"snapshot_non_legion_category","True","5460","Making History","Complete 500 unique Archaeology research projects.","15080","Professions","17084",,"28672","10"
"snapshot_non_legion_category","True","5461","Heroic: Cho'gall Guild Run","Defeat Cho'gall in the Bastion of Twilight on Heroic difficulty while in a guild group.","15087","Cataclysm Raid","17087",,"61440","10"
"snapshot_non_legion_category","True","5462","Heroic: Nefarian Guild Run","Defeat Nefarian in Blackwing Descent on Heroic difficulty while in a guild group.","15087","Cataclysm Raid","15181",,"61440","10"
"snapshot_non_legion_category","True","5463","Heroic: Al'Akir Guild Run","Defeat Al'Akir in the Throne of the Four Winds on Heroic difficulty while in a guild group.","15087","Cataclysm Raid","15185",,"61440","10"
"snapshot_non_legion_category","True","5464","Heroic: Sinestra Guild Run","Defeat Sinestra in the Bastion of Twilight on Heroic difficulty while in a guild group.","15087","Cataclysm Raid","15189",,"61440","10"
"snapshot_non_legion_category","True","5465","Mix Master","Create 1,000 Cataclysm flasks.","15080","Professions","15193",,"28672","10"
"snapshot_non_legion_category","True","5466","Time to Open a Restaurant","Cook 10,000 Cataclysm cooking recipes.","15080","Professions","18127",,"28672","10"
"snapshot_non_legion_category","True","5467","Set the Oven to ""Cataclysmic""","Cook 5,000 Cataclysm cooking recipes.","15080","Professions","19213",,"28672","10"
"snapshot_non_legion_category","True","5468","Like Shooting Fish in a Barrel","Catch 50,000 fish from fishing pools.","15080","Professions","17012",,"28672","10"
"snapshot_non_legion_category","True","5469","Diggerer","Find 50 unique common artifacts.","15071","Archaeology","18397",,"0","10"
"snapshot_non_legion_category","True","5470","Diggerest","Find 100 unique common artifacts.","15071","Archaeology","18400",,"0","10"
"snapshot_non_legion_category","True","5471","Iron Chef","Learn 200 cooking recipes.","170","Cooking","18403",,"128","10"
"snapshot_non_legion_category","True","5472","The Cataclysmic Gourmet","Cook 15 of the Cataclysm recipes listed below.","170","Cooking","17015",,"0","10"
"snapshot_non_legion_category","True","5473","The Cataclysmic Gourmet","Cook 30 of the Cataclysm recipes listed below.","170","Cooking","18406",,"0","10"
"snapshot_non_legion_category","True","5474","Let's Do Lunch: Stormwind","Complete each of the Stormwind cooking daily quests.","170","Cooking","18440",,"0","10"
"snapshot_non_legion_category","True","5475","Let's Do Lunch: Orgrimmar","Complete each of the Orgrimmar cooking daily quests.","170","Cooking","18447",,"0","10"
"snapshot_non_legion_category","True","5476","Fish or Cut Bait: Stormwind","Complete each of the Stormwind fishing daily quests.","171","Fishing","15490",,"0","10"
"snapshot_non_legion_category","True","5477","Fish or Cut Bait: Orgrimmar","Complete each of the Orgrimmar fishing daily quests.","171","Fishing","17331",,"0","10"
"snapshot_non_legion_category","True","5478","The Limnologist","Catch 42 different freshwater fish.","171","Fishing","18518",,"0","10"
"snapshot_non_legion_category","True","5479","The Oceanographer","Catch 31 different saltwater fish.","171","Fishing","18956",,"0","10"
"snapshot_non_legion_category","True","5480","Preparing for Disaster","Create 500 Dense Embersilk Bandages.","172","First Aid","18177",,"128","10"
"snapshot_non_legion_category","True","5481","Wildhammer Tour of Duty","Explore all the nooks and crannies of the Thundermar Ruins in Twilight Highlands and impress your Wildhammer allies by killing the following.","15070","Cataclysm","16462",,"0","10"
"snapshot_non_legion_category","True","5482","Dragonmaw Tour of Duty","Explore all the nooks and crannies of the Thundermar Ruins in Twilight Highlands and impress your Dragonmaw allies by killing the following.","15070","Cataclysm","18678",,"0","10"
"snapshot_non_legion_category","True","5483","Bounce","Stay on the trampoline in the Whistling Grove in Mount Hyjal for 20 consecutive bounces.","15070","Cataclysm","18989",,"0","10"
"snapshot_non_legion_category","True","5486","Tol Barad All-Star","Get 10 honorable kills at the Ironclad Garrison, Warden's Vigil, and Slagworks.","15075","Tol Barad","18270",,"0","10"
"snapshot_non_legion_category","True","5487","Tol Barad Saboteur","Destroy 20 deployed Siege Engines.","15075","Tol Barad","15581",,"0","10"
"snapshot_non_legion_category","True","5488","Towers of Power","Destroy 3 Siege Engines in a single Tol Barad battle.","15075","Tol Barad","18863",,"0","10"
"snapshot_non_legion_category","True","5489","Master of Tol Barad","Complete the Tol Barad achievements listed below.","15075","Tol Barad","18726",,"131072","10"
"snapshot_non_legion_category","True","5490","Master of Tol Barad","Complete the Tol Barad achievements listed below.","15075","Tol Barad","18866",,"131072","10"
"snapshot_non_legion_category","True","5492","Guild Level 25","Reach guild level 25.","15093","Guild Feats of Strength","0",,"28672","0"
"snapshot_non_legion_category","True","5501","Fading into Twilight","Complete the Twilight Highlands storylines listed below.","15070","Cataclysm","18275",,"0","10"
"snapshot_non_legion_category","True","5503","Pardon Denied","Defeat Baron Ashbury without letting him heal with Stay of Execution in Shadowfang Keep on Heroic Difficulty.","15067","Cataclysm Dungeon","19312",,"0","10"
"snapshot_non_legion_category","True","5504","To the Ground!","Defeat Commander Springvale without allowing him to receive Unholy Empowerment in Shadowfang Keep on Heroic Difficulty.","15067","Cataclysm Dungeon","20152",,"0","10"
"snapshot_non_legion_category","True","5505","Bullet Time","Defeat 12 Bloodthirsty Ghouls with Pistol Barrage and then defeat Lord Godfrey in Shadowfang Keep on Heroic Difficulty.","15067","Cataclysm Dungeon","20155",,"0","10"
"snapshot_non_legion_category","True","5506","Defender of a Shattered World","Complete the raids and Heroic dungeons listed below.","168","Dungeons & Raids","16992",,"131072","10"
"snapshot_non_legion_category","True","5511","It's Always in the Last Place You Look","Recover archaeology artifacts from each of the following races.","15071","Archaeology","16424",,"0","10"
"snapshot_non_legion_category","True","5512","WoW's 6th Anniversary","Logged in during WoW's 6th Anniversary.","15274","Events","16435",,"2048","0"
"snapshot_non_legion_category","True","5518","Stood in the Fire","Get killed by Deathwing.","15069","Cataclysm","18701",,"0","10"
"snapshot_non_legion_category","True","5533","Veteran of the Shifting Sands","Completed the gates of Ahn'Qiraj quest chain up to and including Treasure of the Timeless One (even if someone else ended up with the mount).","15274","Events","16582",,"2048","0"
"snapshot_non_legion_category","True","5535","1000 Valor Points","Earn 1000 Valor Points.","15280","Currencies","18785",,"2048","0"
"snapshot_non_legion_category","True","5536","5000 Valor Points","Earn 5000 Valor Points.","15280","Currencies","16447",,"2048","0"
"snapshot_non_legion_category","True","5537","25,000 Valor Points","Earn 25,000 Valor Points.","15280","Currencies","17513",,"2048","0"
"snapshot_non_legion_category","True","5538","50,000 Valor Points","Earn 50,000 Valor Points.","15280","Currencies","17516",,"2048","0"
"snapshot_non_legion_category","True","5539","50,000 Conquest Points","Earn 50,000 Conquest Points","15280","Currencies","17519",,"2048","0"
"snapshot_non_legion_category","True","5540","25,000 Conquest Points","Earn 25,000 Conquest Points","15280","Currencies","16844",,"2048","0"
"snapshot_non_legion_category","True","5541","5000 Conquest Points","Earn 5000 Conquest Points","15280","Currencies","17669",,"2048","0"
"snapshot_non_legion_category","True","5542","1000 Conquest Points","Earn 1000 Conquest Points","15280","Currencies","17672",,"2048","0"
"snapshot_non_legion_category","True","5546","Glutton for Icy Punishment","In Archmage Xylem's Trial of Frost in Azshara, gain 20 stacks of Essence of Ice without taking damage.","15081","Kalimdor","18394",,"0","10"
"snapshot_non_legion_category","True","5547","Glutton for Shadowy Punishment","In Archmage Xylem's Trial of Shadow in Azshara, trap 20 Weeping Souls without taking damage.","15081","Kalimdor","18641",,"0","10"
"snapshot_non_legion_category","True","5548","To All the Squirrels Who Cared for Me","The Cataclysm has brought more critters to Azeroth. You must /love them too.","92","General","18038",,"0","10"
"snapshot_non_legion_category","True","5552","Double Jeopardy","Win a Twin Peaks battle after being behind by a score of 0 to 2.","15074","Twin Peaks","15804",,"0","10"
"snapshot_non_legion_category","True","5553","Halfus Wyrmbreaker Heroic kills (Bastion of Twilight)","","15096","Cataclysm","16494",,"1","0"
"snapshot_non_legion_category","True","5554","Halfus Wyrmbreaker kills (Bastion of Twilight)","","15096","Cataclysm","15834",,"1","0"
"snapshot_non_legion_category","True","5555","Magmaw kills (Blackwing Descent)","","15096","Cataclysm","17338",,"1","0"
"snapshot_non_legion_category","True","5556","Magmaw Heroic kills (Blackwing Descent)","","15096","Cataclysm","15842",,"1","0"
"snapshot_non_legion_category","True","5557","Omnotron kills (Blackwing Descent)","","15096","Cataclysm","17401",,"1","0"
"snapshot_non_legion_category","True","5558","Omnotron Heroic kills (Blackwing Descent)","","15096","Cataclysm","17675",,"1","0"
"snapshot_non_legion_category","True","5559","Maloriak kills (Blackwing Descent)","","15096","Cataclysm","17405",,"1","0"
"snapshot_non_legion_category","True","5560","Maloriak Heroic kills (Blackwing Descent)","","15096","Cataclysm","17409",,"1","0"
"snapshot_non_legion_category","True","5561","Atramedes kills (Blackwing Descent)","","15096","Cataclysm","17413",,"1","0"
"snapshot_non_legion_category","True","5562","Atramedes Heroic kills (Blackwing Descent)","","15096","Cataclysm","15846",,"1","0"
"snapshot_non_legion_category","True","5563","Chimaeron Heroic kills (Blackwing Descent)","","15096","Cataclysm","15850",,"1","0"
"snapshot_non_legion_category","True","5564","Chimaeron kills (Blackwing Descent)","","15096","Cataclysm","18998",,"1","0"
"snapshot_non_legion_category","True","5565","Nefarian kills (Blackwing Descent)","","15096","Cataclysm","15337",,"1","0"
"snapshot_non_legion_category","True","5566","Nefarian Heroic kills (Blackwing Descent)","","15096","Cataclysm","15434",,"1","0"
"snapshot_non_legion_category","True","5567","Valiona and Theralion kills (Bastion of Twilight)","","15096","Cataclysm","15838",,"1","0"
"snapshot_non_legion_category","True","5568","Valiona and Theralion Heroic kills (Bastion of Twilight)","","15096","Cataclysm","15438",,"1","0"
"snapshot_non_legion_category","True","5569","Ascendant Council kills (Bastion of Twilight)","","15096","Cataclysm","16809",,"1","0"
"snapshot_non_legion_category","True","5570","Ascendant Council Heroic kills (Bastion of Twilight)","","15096","Cataclysm","15442",,"1","0"
"snapshot_non_legion_category","True","5571","Cho'gall Heroic kills (Bastion of Twilight)","","15096","Cataclysm","19369",,"1","0"
"snapshot_non_legion_category","True","5572","Cho'gall kills (Bastion of Twilight)","","15096","Cataclysm","17509",,"1","0"
"snapshot_non_legion_category","True","5573","Sinestra Heroic kills (Bastion of Twilight)","","15096","Cataclysm","18302",,"1","0"
"snapshot_non_legion_category","True","5574","Conclave of Wind Heroic kills (Throne of the Four Winds)","","15096","Cataclysm","18847",,"1","0"
"snapshot_non_legion_category","True","5575","Conclave of Wind kills (Throne of the Four Winds)","","15096","Cataclysm","15854",,"1","0"
"snapshot_non_legion_category","True","5576","Al'Akir kills (Throne of the Four Winds)","","15096","Cataclysm","15427",,"1","0"
"snapshot_non_legion_category","True","5577","Al'Akir Heroic kills (Throne of the Four Winds)","","15096","Cataclysm","15564",,"1","0"
"snapshot_non_legion_category","True","5578","Argaloth kills (Baradin Hold)","","15096","Cataclysm","15879",,"1","0"
"snapshot_non_legion_category","True","5692","Rated battlegrounds played","Rated battlegrounds played","153","Battlegrounds","17467",,"1","0"
"snapshot_non_legion_category","True","5693","Rated battleground played the most","Rated battleground played the most","153","Battlegrounds","17475",,"1","0"
"snapshot_non_legion_category","True","5694","Rated battlegrounds won","Rated battlegrounds won","153","Battlegrounds","17451",,"1","0"
"snapshot_non_legion_category","True","5695","Rated battleground won the most","Rated battleground won the most","153","Battlegrounds","17483",,"1","0"
"snapshot_non_legion_category","True","5696","Rated Arathi Basin battles","Rated Arathi Basin battles","153","Battlegrounds","17379",,"1","0"
"snapshot_non_legion_category","True","5697","Rated Arathi Basin victories","Rated Arathi Basin victories","153","Battlegrounds","17493",,"1","0"
"snapshot_non_legion_category","True","5698","Rated Battle for Gilneas battles","Rated Battle for Gilneas battles","153","Battlegrounds","17373",,"1","0"
"snapshot_non_legion_category","True","5699","Rated Battle for Gilneas victories","Rated Battle for Gilneas victories","153","Battlegrounds","17448",,"1","0"
"snapshot_non_legion_category","True","5700","Rated Eye of the Storm battles","Rated Eye of the Storm battles","153","Battlegrounds","17648",,"1","0"
"snapshot_non_legion_category","True","5701","Rated Eye of the Storm victories","Rated Eye of the Storm victories","153","Battlegrounds","17651",,"1","0"
"snapshot_non_legion_category","True","5702","Rated Strand of the Ancients battles","Rated Strand of the Ancients battles","153","Battlegrounds","17654",,"1","0"
"snapshot_non_legion_category","True","5703","Rated Strand of the Ancients victories","Rated Strand of the Ancients victories","153","Battlegrounds","17382",,"1","0"
"snapshot_non_legion_category","True","5704","Rated Twin Peaks battles","Rated Twin Peaks battles","153","Battlegrounds","17657",,"1","0"
"snapshot_non_legion_category","True","5705","Rated Twin Peaks victories","Rated Twin Peaks victories","153","Battlegrounds","17376",,"1","0"
"snapshot_non_legion_category","True","5706","Rated Warsong Gulch battles","Rated Warsong Gulch battles","153","Battlegrounds","17961",,"1","0"
"snapshot_non_legion_category","True","5707","Rated Warsong Gulch victories","Rated Warsong Gulch victories","153","Battlegrounds","17461",,"1","0"
"snapshot_non_legion_category","True","5718","Just Another Day in Tol Barad","Complete all of the Tol Barad daily quests listed below.","15075","Tol Barad","14749",,"0","10"
"snapshot_non_legion_category","True","5719","Just Another Day in Tol Barad","Complete all of the Tol Barad daily quests listed below.","15075","Tol Barad","12534",,"0","10"
"snapshot_non_legion_category","True","5723","50 Exalted Reputations","Raise 50 reputations to Exalted.","201","Reputation","19383",,"12288","10"
"snapshot_non_legion_category","True","5724","Ascendant Lord Obsidius kills (Blackrock Caverns)","","15096","Cataclysm","20236",,"1","0"
"snapshot_non_legion_category","True","5725","Ascendant Lord Obsidius kills (Heroic Blackrock Caverns)","","15096","Cataclysm","19219",,"1","0"
"snapshot_non_legion_category","True","5726","Ozumat kills (Throne of the Tides)","","15096","Cataclysm","18662",,"1","0"
"snapshot_non_legion_category","True","5727","Ozumat kills (Heroic Throne of the Tides)","","15096","Cataclysm","19222",,"1","0"
"snapshot_non_legion_category","True","5728","High Priestess Azil kills (Stonecore)","","15096","Cataclysm","17660",,"1","0"
"snapshot_non_legion_category","True","5729","High Priestess Azil kills (Heroic Stonecore)","","15096","Cataclysm","18665",,"1","0"
"snapshot_non_legion_category","True","5730","Asaad kills (Vortex Pinnacle)","","15096","Cataclysm","19225",,"1","0"
"snapshot_non_legion_category","True","5731","Asaad kills (Heroic Vortex Pinnacle)","","15096","Cataclysm","18668",,"1","0"
"snapshot_non_legion_category","True","5732","Erudax kills (Grim Batol)","","15096","Cataclysm","19228",,"1","0"
"snapshot_non_legion_category","True","5733","Erudax kills (Heroic Grim Batol)","","15096","Cataclysm","20570",,"1","0"
"snapshot_non_legion_category","True","5734","Rajh kills (Halls of Origination)","","15096","Cataclysm","20376",,"1","0"
"snapshot_non_legion_category","True","5735","Rajh kills (Heroic Halls of Origination)","","15096","Cataclysm","17663",,"1","0"
"snapshot_non_legion_category","True","5736","Siamat kills (Lost City of the Tol'vir)","","15096","Cataclysm","18671",,"1","0"
"snapshot_non_legion_category","True","5737","Siamat kills (Heroic Lost City of the Tol'vir)","","15096","Cataclysm","19460",,"1","0"
"snapshot_non_legion_category","True","5738","Vanessa VanCleef kills (Heroic Deadmines)","","15096","Cataclysm","6775",,"1","0"
"snapshot_non_legion_category","True","5739","Lord Godfrey kills (Heroic Shadowfang Keep)","","15096","Cataclysm","6778",,"1","0"
"snapshot_non_legion_category","True","5743","It's Not Easy Being Green","Do not get hit by Bloodvenom, Pool of Acrid Tears, or Venomous Effusion in the High Priest Venoxis encounter in Zul'Gurub on Heroic Difficulty.","15067","Cataclysm Dungeon","20625",,"0","10"
"snapshot_non_legion_category","True","5744","Gurubashi Headhunter","Defeat Gub, Mortaxx, Kaulema, Mor'Lek, the Florawing Hive Queen, a Lost Offspring of Gahz'ranka, Tor-Tun, and the Gurubashi Master Chef in Zul'Gurub on Heroic Difficulty.","15067","Cataclysm Dungeon","19541",,"0","10"
"snapshot_non_legion_category","True","5749","Vial of the Sands","Learn how to transform into a dragon and carry an ally.","15248","Mounts","20630",,"131072","10"
"snapshot_non_legion_category","True","5750","Tunnel Vision","Defeat Halazzi in Zul'Aman on Heroic Difficulty without killing any of his totems.","15067","Cataclysm Dungeon","20379",,"0","10"
"snapshot_non_legion_category","True","5751","2500 Daily Quests Completed","Complete 2500 daily quests.","96","Quests","20633",,"131072","10"
"snapshot_non_legion_category","True","5752","Justly Rewarded","Make 30,000 gold from quest rewards.","96","Quests","10308",,"0","10"
"snapshot_non_legion_category","True","5753","Cataclysmically Delicious","Sample the following Cataclysm delicacies.","92","General","20636",,"0","20"
"snapshot_non_legion_category","True","5754","Drown Your Sorrows","Drink the following Cataclysm beverages.","92","General","20686",,"0","10"
"snapshot_non_legion_category","True","5755","Thirty Tabards","Collect 30 tabard slot appearances.","15246","Collections","60640",,"131072","10"
"snapshot_non_legion_category","True","5756","Deaths to elevator boss (Blackwing Descent)","Deaths to elevator boss (Blackwing Descent).  Watch your step.","15096","Cataclysm","20698",,"1","0"
"snapshot_non_legion_category","True","5759","Spirit Twister","Defeat 20 Twisted Spirits within 15 seconds during the Jin'do encounter in Zul'Gurub on Heroic Difficulty.","15067","Cataclysm Dungeon","19463",,"0","10"
"snapshot_non_legion_category","True","5760","Ring Out!","Defeat Daakara in Zul'Aman on Heroic Difficulty without any player leaving the rectangular turquoise stonework inscribed on the floor in the center of his area.","15067","Cataclysm Dungeon","19466",,"0","10"
"snapshot_non_legion_category","True","5761","Hex Mix","Un-hex all of the potential hex victims in Zul'Aman on Heroic Difficulty.","15067","Cataclysm Dungeon","19469",,"0","10"
"snapshot_non_legion_category","True","5762","Ohganot So Fast!","Defeat Bloodlord Mandokir in Zul'Gurub on Heroic Difficulty without killing Ohgan.","15067","Cataclysm Dungeon","4395",,"0","10"
"snapshot_non_legion_category","True","5765","Here, Kitty Kitty...","Defeat High Priestess Kilnara in Heroic Difficulty after having fed Temple Rats to 4 of Bethekk's Pride.","15067","Cataclysm Dungeon","19925",,"0","10"
"snapshot_non_legion_category","True","5767","Scourer of the Eternal Sands","Obtain the reins of the Grey Riding Camel from Dormus the Camel-Hoarder.","15269","Mounts","19929",,"133120","0"
"snapshot_non_legion_category","True","5768","Heroic: Zul'Gurub","Defeat Jin'do the Godbreaker in Zul'Gurub on Heroic Difficulty.","15067","Cataclysm Dungeon","19852",,"0","10"
"snapshot_non_legion_category","True","5769","Heroic: Zul'Aman","Defeat Daakara in Zul'Aman on Heroic Difficulty.","15067","Cataclysm Dungeon","19916",,"0","10"
"snapshot_non_legion_category","True","5770","Heroic: Zul'Gurub Guild Run","Defeat Jin'do the Godbreaker in Zul'Gurub on Heroic difficulty while in a guild group.","15083","Cataclysm Dungeon","19919",,"53248","10"
"snapshot_non_legion_category","True","5771","Heroic: Zul'Aman Guild Run","Defeat Daakara in Zul'Aman on Heroic difficulty while in a guild group.","15083","Cataclysm Dungeon","19922",,"53248","10"
"snapshot_non_legion_category","True","5773","Daakara kills (Heroic Zul'Aman)","","15096","Cataclysm","20233",,"1","0"
"snapshot_non_legion_category","True","5774","Jin'do kills (Heroic Zul'Gurub)","","15096","Cataclysm","20382",,"1","0"
"snapshot_non_legion_category","True","5779","You'll Feel Right as Rain","Feel 1000% better by eating Chocolate Cookies.","92","General","18067",,"0","10"
"snapshot_non_legion_category","True","5780","You Have Been Challenged","Complete a guild challenge.","15088","General","2530",,"16384","10"
"snapshot_non_legion_category","True","5781","Challenging","Complete 50 guild challenges.","15088","General","18174",,"20480","10"
"snapshot_non_legion_category","True","5782","A Difficult Challenge","Complete 100 guild challenges.","15088","General","2762",,"20480","10"
"snapshot_non_legion_category","True","5783","Raid Challenges","Complete 50 guild raid challenges.","15088","General","18140",,"28672","10"
"snapshot_non_legion_category","True","5784","Rated Battleground Challenges","Complete 50 guild rated battleground challenges.","15088","General","18146",,"28672","10"
"snapshot_non_legion_category","True","5785","Dungeon Challenges","Complete 50 guild dungeon challenges.","15088","General","20373",,"28672","10"
"snapshot_non_legion_category","True","5788","Agent of the Shen'dralar","Earn exalted status with the Shen'dralar.","15273","Reputation","18653",,"2048","0"
"snapshot_non_legion_category","True","5794","Time Flies When You're Having Fun","Earn Exalted status with your guild.","201","Reputation","5861",,"4096","10"
"snapshot_non_legion_category","True","5795","Twin Peaks Honorable Kills","Twin Peaks Honorable Kills","136","Honorable Kills","17774",,"1","0"
"snapshot_non_legion_category","True","5796","The Battle for Gilneas Honorable Kills","The Battle for Gilneas Honorable Kills","136","Honorable Kills","18284",,"1","0"
"snapshot_non_legion_category","True","5797","Twin Peaks Killing Blows","Twin Peaks Killing Blows","137","Killing Blows","18810",,"1","0"
"snapshot_non_legion_category","True","5798","The Battle for Gilneas Killing Blows","The Battle for Gilneas Killing Blows","137","Killing Blows","18813",,"1","0"
"snapshot_non_legion_category","True","5799","Only the Penitent...","Activate both of Fandral's Flames at once in Firelands without any raid member getting hit by Kneel to the Flame!","15068","Cataclysm Raid","18264",,"0","10"
"snapshot_non_legion_category","True","5802","Firelands","Defeat the bosses in Firelands.","15068","Cataclysm Raid","18255",,"0","10"
"snapshot_non_legion_category","True","5803","Heroic: Ragnaros","Defeat Ragnaros in Firelands on Heroic Difficulty.","15068","Cataclysm Raid","18366",,"0","10"
"snapshot_non_legion_category","True","5804","Heroic: Majordomo Fandral Staghelm","Defeat Majordomo Fandral Staghelm in Firelands on Heroic Difficulty.","15068","Cataclysm Raid","4875",,"0","10"
"snapshot_non_legion_category","True","5805","Heroic: Baleroc","Defeat Baleroc in Firelands on Heroic Difficulty.","15068","Cataclysm Raid","9105",,"0","10"
"snapshot_non_legion_category","True","5806","Heroic: Shannox","Defeat Shannox in Firelands on Heroic Difficulty.","15068","Cataclysm Raid","10274",,"0","10"
"snapshot_non_legion_category","True","5807","Heroic: Beth'tilac","Defeat Beth'tilac in Firelands on Heroic Difficulty.","15068","Cataclysm Raid","18803",,"0","10"
"snapshot_non_legion_category","True","5808","Heroic: Lord Rhyolith","Defeat Lord Rhyolith in Firelands on Heroic Difficulty.","15068","Cataclysm Raid","18916",,"0","10"
"snapshot_non_legion_category","True","5809","Heroic: Alysrazor","Defeat Alysrazor in Firelands on Heroic Difficulty.","15068","Cataclysm Raid","18920",,"0","10"
"snapshot_non_legion_category","True","5810","Not an Ambi-Turner","Defeat Lord Rhyolith in the Firelands without ever causing him to turn left while his armor is intact.","15068","Cataclysm Raid","18287",,"0","10"
"snapshot_non_legion_category","True","5812","United Nations","Raise 55 reputations to Exalted.","15089","Reputation","27925",,"28672","15"
"snapshot_non_legion_category","True","5813","Do a Barrel Roll!","Defeat Alysrazor in the Firelands without any raid member getting hit by the following attacks.","15068","Cataclysm Raid","20171",,"0","10"
"snapshot_non_legion_category","True","5821","Death from Above","Only kill Cinderweb Drones while they are atop the web canopy during the Beth'tilac encounter in Firelands.","15068","Cataclysm Raid","12969",,"0","10"
"snapshot_non_legion_category","True","5823","Veteran of the Alliance II","Win 150 rated battlegrounds.","15092","Rated Battleground","17777",,"0","10"
"snapshot_non_legion_category","True","5824","Veteran of the Horde II","Win 150 rated battlegrounds.","15092","Rated Battleground","13137",,"0","10"
"snapshot_non_legion_category","True","5827","Avengers of Hyjal","Earn Exalted status with the Avengers of Hyjal.","15072","Cataclysm","12804",,"0","15"
"snapshot_non_legion_category","True","5828","Glory of the Firelands Raider","Complete the Firelands raid achievements listed below.","168","Dungeons & Raids","17745",,"143360","25"
"snapshot_non_legion_category","True","5829","Bucket List","During a single engagement, bring Shannox to each of the following locations in the Firelands before dispatching him:","15068","Cataclysm Raid","19270",,"0","10"
"snapshot_non_legion_category","True","5830","Share the Pain","Defeat Baleroc in the Firelands without allowing any member of your raid to suffer Torment more than three times.","15068","Cataclysm Raid","17328",,"0","10"
"snapshot_non_legion_category","True","5835","Tricks and Treats of Northrend","Visit the Candy Buckets in Northrend.","158","Hallow's End","20807",,"0","10"
"snapshot_non_legion_category","True","5836","Tricks and Treats of Northrend","Visit the Candy Buckets in Northrend.","158","Hallow's End","20385",,"0","10"
"snapshot_non_legion_category","True","5837","Tricks and Treats of the Cataclysm","Visit the Candy Buckets in Cataclysm zones.","158","Hallow's End","15593",,"0","10"
"snapshot_non_legion_category","True","5838","Tricks and Treats of the Cataclysm","Visit the Candy Buckets in Cataclysm zones.","158","Hallow's End","20409",,"0","10"
"snapshot_non_legion_category","True","5839","Dragonwrath, Tarecgosa's Rest","Owner of Dragonwrath, Tarecgosa's Rest.","15271","Raids","20800",,"2048","0"
"snapshot_non_legion_category","True","5840","Dragonwrath, Tarecgosa's Rest - Guild Edition","Owner of Dragonwrath, Tarecgosa's Rest.","15079","Dungeons & Raids","17666",,"94208","10"
"snapshot_non_legion_category","True","5841","Let's Do Lunch: Ironforge","Complete each of the Ironforge cooking daily quests.","170","Cooking","19281",,"0","10"
"snapshot_non_legion_category","True","5842","Let's Do Lunch: Darnassus","Complete each of the Darnassus cooking daily quests.","170","Cooking","17767",,"0","10"
"snapshot_non_legion_category","True","5843","Let's Do Lunch: Thunder Bluff","Complete each of the Thunder Bluff cooking daily quests.","170","Cooking","18130",,"0","10"
"snapshot_non_legion_category","True","5844","Let's Do Lunch: Undercity","Complete each of the Undercity cooking daily quests.","170","Cooking","20180",,"0","10"
"snapshot_non_legion_category","True","5845","A Bunch of Lunch","Complete each Let's Do Lunch achievement.","170","Cooking","20187",,"131072","10"
"snapshot_non_legion_category","True","5847","Fish or Cut Bait: Ironforge","Complete each of the Ironforge fishing daily quests.","171","Fishing","19292",,"0","10"
"snapshot_non_legion_category","True","5848","Fish or Cut Bait: Darnassus","Complete each of the Darnassus fishing daily quests.","171","Fishing","19239",,"0","10"
"snapshot_non_legion_category","True","5849","Fish or Cut Bait: Thunder Bluff","Complete each of the Thunder Bluff fishing daily quests.","171","Fishing","15636",,"0","10"
"snapshot_non_legion_category","True","5850","Fish or Cut Bait: Undercity","Complete each of the Undercity fishing daily quests.","171","Fishing","3101",,"0","10"
"snapshot_non_legion_category","True","5851","Gone Fishin'","Complete each Fish or Cut Bait achievement.","171","Fishing","20506",,"131072","10"
"snapshot_non_legion_category","True","5853","A-Caroling We Will Go","Use your Gaudy Winter Veil Sweater to carol in enemy capital cities during the Feast of Winter Veil.","156","Winter Veil","20791",,"0","10"
"snapshot_non_legion_category","True","5854","A-Caroling We Will Go","Use your Gaudy Winter Veil Sweater to carol in enemy capital cities during the Feast of Winter Veil.","156","Winter Veil","10448",,"0","10"
"snapshot_non_legion_category","True","5855","Ragnar-O's","Defeat Ragnaros while three Living Meteors are ignited by Lava Wave.","15068","Cataclysm Raid","18482",,"0","10"
"snapshot_non_legion_category","True","5858","Bear-ly Made It","Save all four prisoners before they are sacrificed in Zul'Aman on Heroic Difficulty.","15067","Cataclysm Dungeon","19288",,"131072","10"
"snapshot_non_legion_category","True","5859","Legacy of Leyara","Complete the Leyara quests in Mount Hyjal and the Molten Front.","15070","Cataclysm","20287",,"0","10"
"snapshot_non_legion_category","True","5860","The 'Unbeatable?' Pterodactyl: BEATEN.","Complete the Vigilance on Wings daily quest in Mount Hyjal 10 times.","15070","Cataclysm","17764",,"0","10"
"snapshot_non_legion_category","True","5861","The Fiery Lords of Sethria's Roost","Hunt down and slay the following minions of Ragnaros in Sethria's Roost.","15070","Cataclysm","19142",,"0","10"
"snapshot_non_legion_category","True","5862","Ludicrous Speed","While on the quest Call the Flock in Mount Hyjal, obtain 65 stacks of Soar.","15070","Cataclysm","19278",,"0","10"
"snapshot_non_legion_category","True","5863","WoW's 7th Anniversary","Logged in during WoW's 7th Anniversary.","15274","Events","20804",,"2048","0"
"snapshot_non_legion_category","True","5864","Gang War","Win a duel in Sethria's Roost while on the quest ""The Protectors of Hyjal.""","15070","Cataclysm","18149",,"0","10"
"snapshot_non_legion_category","True","5865","Have... Have We Met?","Acknowledge your recognition by /waving at the following NPCs in Sethria's Roost.","15070","Cataclysm","19231",,"0","10"
"snapshot_non_legion_category","True","5866","The Molten Front Offensive","Unlock each of the following in the attack on the Molten Front.","15070","Cataclysm","7907",,"0","10"
"snapshot_non_legion_category","True","5867","Flawless Victory","Solo kill a Molten Behemoth in the Molten Front without taking any damage from Molten Stomp or Fiery Boulder.","15070","Cataclysm","20581",,"0","10"
"snapshot_non_legion_category","True","5868","And the Meek Shall Inherit Kalimdor","Help each of the following critters get revenge on the mean old fire elementals.","15070","Cataclysm","20020",,"0","10"
"snapshot_non_legion_category","True","5869","Infernal Ambassadors","Slay the elite invaders of Hyjal in the following ways.","15070","Cataclysm","19148",,"0","10"
"snapshot_non_legion_category","True","5870","Fireside Chat","Speak with the following characters during the attack on the Molten Front.","15070","Cataclysm","20026",,"0","10"
"snapshot_non_legion_category","True","5871","Master of the Molten Flow","Complete the following challenges within the Molten Flow.","15070","Cataclysm","20074",,"0","10"
"snapshot_non_legion_category","True","5872","King of the Spider-Hill","Reach the highest point in the Widow's Clutch within the Molten Front.","15070","Cataclysm","18629",,"0","10"
"snapshot_non_legion_category","True","5873","Ready for Raiding II","Slay the following Lieutenants of Flame in Ragnaros' Reach without getting hit by their special attacks.","15070","Cataclysm","2951",,"0","10"
"snapshot_non_legion_category","True","5874","Death From Above","Bomb the following elementals during a bombing run in the Molten Front.","15070","Cataclysm","13725",,"0","10"
"snapshot_non_legion_category","True","5875","Littlest Pet Shop","Collect 150 unique pets.","15118","Collect","22164",,"143360","10"
"snapshot_non_legion_category","True","5876","Petting Zoo","Collect 100 unique pets.","15118","Collect","22160",,"135168","10"
"snapshot_non_legion_category","True","5877","Menagerie","Collect 125 unique pets.","15118","Collect","22162",,"135168","10"
"snapshot_non_legion_category","True","5879","Veteran of the Molten Front","Complete the Regrowth and Molten Front achievements listed below.","15070","Cataclysm","20292",,"135168","10"
"snapshot_non_legion_category","True","5892","United Nations","Raise 55 reputations to Exalted.","15089","Reputation","28410",,"28672","15"
"snapshot_non_legion_category","True","5964","Beth'tilac kills (Firelands)","","15096","Cataclysm","7256",,"1","0"
"snapshot_non_legion_category","True","5965","Beth'tilac Heroic kills (Firelands)","","15096","Cataclysm","7174",,"1","0"
"snapshot_non_legion_category","True","5966","Lord Rhyolith kills (Firelands)","","15096","Cataclysm","7178",,"1","0"
"snapshot_non_legion_category","True","5967","Lord Rhyolith Heroic kills (Firelands)","","15096","Cataclysm","8298",,"1","0"
"snapshot_non_legion_category","True","5968","Shannox kills (Firelands)","","15096","Cataclysm","10334",,"1","0"
"snapshot_non_legion_category","True","5969","Shannox Heroic kills (Firelands)","","15096","Cataclysm","8460",,"1","0"
"snapshot_non_legion_category","True","5970","Alysrazor kills (Firelands)","","15096","Cataclysm","10419",,"1","0"
"snapshot_non_legion_category","True","5971","Alysrazor Heroic kills (Firelands)","","15096","Cataclysm","14184",,"1","0"
"snapshot_non_legion_category","True","5972","Baleroc kills (Firelands)","","15096","Cataclysm","8488",,"1","0"
"snapshot_non_legion_category","True","5973","Baleroc Heroic kills (Firelands)","","15096","Cataclysm","8464",,"1","0"
"snapshot_non_legion_category","True","5974","Majordomo Fandral Staghelm kills (Firelands)","","15096","Cataclysm","14713",,"1","0"
"snapshot_non_legion_category","True","5975","Majordomo Fandral Staghelm Heroic kills (Firelands)","","15096","Cataclysm","8579",,"1","0"
"snapshot_non_legion_category","True","5976","Ragnaros kills (Firelands)","","15096","Cataclysm","14419",,"1","0"
"snapshot_non_legion_category","True","5977","Ragnaros Heroic kills (Firelands)","","15096","Cataclysm","7385",,"1","0"
"snapshot_non_legion_category","True","5981","Occu'thar kills (Baradin Hold)","","15096","Cataclysm","12350",,"1","0"
"snapshot_non_legion_category","True","5983","Firelands Guild Run","Defeat the bosses in Firelands while in a guild group.","15087","Cataclysm Raid","11018",,"53248","10"
"snapshot_non_legion_category","True","5984","Heroic: Ragnaros Guild Run","Defeat Ragnaros in Firelands on Heroic difficulty while in a guild group.","15087","Cataclysm Raid","10546",,"61440","10"
"snapshot_non_legion_category","True","5985","Realm First! Ragnaros","First guild on the realm to defeat Ragnaros in Firelands on Heroic Difficulty while in a guild group.","15093","Guild Feats of Strength","11110",,"63744","0"
"snapshot_non_legion_category","True","5995","Moon Guard","Engage the Echo of Tyrande in End Time on Heroic Difficulty after surviving her Shadow Gauntlet without allowing the party's healer to take any damage.","15067","Cataclysm Dungeon","19913",,"0","10"
"snapshot_non_legion_category","True","6002","Vicious Gladiator","Achieved Vicious Gladiator title.","15270","Player vs. Player","20584",,"2048","0"
"snapshot_non_legion_category","True","6003","Vicious Gladiator's Twilight Drake","Obtain the Vicious Gladiator's Twilight Drake from Arena Season 9 of Cataclysm.","15269","Mounts","20308",,"2048","0"
"snapshot_non_legion_category","True","6006","Elders of Cataclysm","Honor the Elders which are located in zones opened by the cataclysm.","160","Lunar Festival","20587",,"0","10"
"snapshot_non_legion_category","True","6007","Extinguishing Northrend","Desecrate the Horde's bonfires in Northrend.","161","Midsummer","20701",,"0","10"
"snapshot_non_legion_category","True","6008","Flame Warden of Northrend","Honor the flames of Northrend.","161","Midsummer","20711",,"0","10"
"snapshot_non_legion_category","True","6009","Flame Keeper of Northrend","Honor the flames of Northrend.","161","Midsummer","20721",,"0","10"
"snapshot_non_legion_category","True","6010","Extinguishing Northrend","Desecrate the Alliance's bonfires in Northrend.","161","Midsummer","20731",,"0","10"
"snapshot_non_legion_category","True","6011","Flame Warden of Cataclysm","Honor the flames of zones opened by the cataclysm.","161","Midsummer","20741",,"0","10"
"snapshot_non_legion_category","True","6012","Flame Keeper of Cataclysm","Honor the flames of zones opened by the cataclysm.","161","Midsummer","20748",,"0","10"
"snapshot_non_legion_category","True","6013","Extinguishing the Cataclysm","Desecrate the Horde's bonfires in zones opened by the cataclysm.","161","Midsummer","19639",,"0","5"
"snapshot_non_legion_category","True","6014","Extinguishing the Cataclysm","Desecrate the Alliance's bonfires in zones opened by the cataclysm.","161","Midsummer","20755",,"0","5"
"snapshot_non_legion_category","True","6019","Come One, Come All!","Attend the Darkmoon Faire.","15101","Darkmoon Faire","20524",,"0","5"
"snapshot_non_legion_category","True","6020","Step Right Up","Play five different Darkmoon games.","15101","Darkmoon Faire","7806",,"0","10"
"snapshot_non_legion_category","True","6021","Blastenheimer Bullseye","Score a bullseye when launched from the Darkmoon Cannon.","15101","Darkmoon Faire","7813",,"0","10"
"snapshot_non_legion_category","True","6022","Quick Shot","Score a Quick Shot at the Shooting Gallery.","15101","Darkmoon Faire","20534",,"0","10"
"snapshot_non_legion_category","True","6023","Darkmoon Duelist","Win the Darkmoon Deathmatch and receive a Pit Fighter trinket.","15101","Darkmoon Faire","20788",,"0","10"
"snapshot_non_legion_category","True","6024","Darkmoon Dominator","Win the Darkmoon Deathmatch twelve times and receive a Master Pit Fighter trinket.","15101","Darkmoon Faire","20079",,"0","20"
"snapshot_non_legion_category","True","6025","I Was Promised a Pony","Ride a Darkmoon Pony.","15101","Darkmoon Faire","18224",,"0","5"
"snapshot_non_legion_category","True","6026","Fairegoer's Feast","Consume one of every Darkmoon food and drink.","15101","Darkmoon Faire","18227",,"0","10"
"snapshot_non_legion_category","True","6027","Darkmoon Dungeoneer","Turn in all five dungeon Darkmoon Artifacts.","15101","Darkmoon Faire","20527",,"0","10"
"snapshot_non_legion_category","True","6028","Darkmoon Defender","Turn in all three battleground Darkmoon Artifacts.","15101","Darkmoon Faire","20783",,"0","10"
"snapshot_non_legion_category","True","6029","Darkmoon Despoiler","Turn in all nine Darkmoon Artifacts.","15101","Darkmoon Faire","18309",,"0","10"
"snapshot_non_legion_category","True","6030","Taking the Show on the Road","Launch off Darkmoon Fireworks in every friendly capital city.","15101","Darkmoon Faire","20573",,"0","10"
"snapshot_non_legion_category","True","6031","Taking the Show on the Road","Launch off Darkmoon Fireworks in every friendly capital city.","15101","Darkmoon Faire","20516",,"0","10"
"snapshot_non_legion_category","True","6032","Faire Favors","Complete at least six profession-based quests at the Darkmoon Faire.","15101","Darkmoon Faire","20192",,"0","10"
"snapshot_non_legion_category","True","6045","Occu'thar","Defeat Occu'thar.","15075","Tol Barad","20797",,"0","10"
"snapshot_non_legion_category","True","6059","Red Rider Air Rifle","Proud owner of the 2009 Vintage Winter Veil gift, the Red Rider Air Rifle.","15274","Events","20312",,"2048","0"
"snapshot_non_legion_category","True","6060","MiniZep Controller","Proud owner of the 2010 Vintage Winter Veil gift, the MiniZep Controller.","15274","Events","20424",,"2048","0"
"snapshot_non_legion_category","True","6061","Gaudy Winter Veil Sweater","Proud owner of the 2011 Vintage Winter Veil gift, the Gaudy Winter Veil Sweater.","15274","Events","20427",,"2048","0"
"snapshot_non_legion_category","True","6070","That's Not Canon!","Defeat Mannoroth in Well of Eternity on Heroic Difficulty after dealing enough damage to Mannoroth while Varo'then is still alive to cause him to sacrifice Varo'then to heal himself.","15067","Cataclysm Dungeon","19643",,"0","10"
"snapshot_non_legion_category","True","6084","Minutes to Midnight","Defeat Ultraxion in Dragon Soul on Normal or Heroic Difficulty without any raid member being hit by Hour of Twilight more than once.","15068","Cataclysm Raid","19907",,"0","10"
"snapshot_non_legion_category","True","6089","Keep Rollin' Rollin' Rollin'","Kill Ook-Ook after assaulting him with 20 Rolling Brew Barrels in Stormstout Brewery on Heroic Difficulty.","15106","Pandaria Dungeon","19823",,"0","10"
"snapshot_non_legion_category","True","6105","Deck Defender","Defeat Warmaster Blackhorn on Normal or Heroic Difficulty without allowing any Twilight Barrages to damage the Skyfire.","15068","Cataclysm Raid","19483",,"0","10"
"snapshot_non_legion_category","True","6106","Siege of Wyrmrest Temple","Defeat the bosses laying siege to Wyrmrest Temple in the Dragon Soul raid.","15068","Cataclysm Raid","20097",,"0","10"
"snapshot_non_legion_category","True","6107","Fall of Deathwing","Defeat the encounters leading up to the Fall of Deathwing in the Dragon Soul raid.","15068","Cataclysm Raid","20103",,"0","10"
"snapshot_non_legion_category","True","6108","Alizabal","Defeat Alizabal.","15075","Tol Barad","20109",,"0","10"
"snapshot_non_legion_category","True","6109","Heroic: Morchok","Defeat Morchok in Dragon Soul on Heroic Difficulty.","15068","Cataclysm Raid","20112",,"0","10"
"snapshot_non_legion_category","True","6110","Heroic: Warlord Zon'ozz","Defeat Warlord Zon'ozz in Dragon Soul on Heroic Difficulty.","15068","Cataclysm Raid","19903",,"0","10"
"snapshot_non_legion_category","True","6111","Heroic: Yor'sahj the Unsleeping","Defeat Yor'sahj the Unsleeping in Dragon Soul on Heroic Difficulty.","15068","Cataclysm Raid","20116",,"0","10"
"snapshot_non_legion_category","True","6112","Heroic: Hagara the Stormbinder","Defeat Hagara the Stormbinder in Dragon Soul on Heroic Difficulty.","15068","Cataclysm Raid","20615",,"0","10"
"snapshot_non_legion_category","True","6113","Heroic: Ultraxion","Defeat Ultraxion in Dragon Soul on Heroic Difficulty.","15068","Cataclysm Raid","19833",,"0","10"
"snapshot_non_legion_category","True","6114","Heroic: Warmaster Blackhorn","Defeat Warmaster Blackhorn in Dragon Soul on Heroic Difficulty.","15068","Cataclysm Raid","19329",,"0","10"
"snapshot_non_legion_category","True","6115","Heroic: Spine of Deathwing","Emerge victorious from the Spine of Deathwing in Dragon Soul on Heroic Difficulty.","15068","Cataclysm Raid","20120",,"0","10"
"snapshot_non_legion_category","True","6116","Heroic: Madness of Deathwing","Destroy Deathwing in Dragon Soul on Heroic Difficulty.","15068","Cataclysm Raid","19488",,"0","10"
"snapshot_non_legion_category","True","6117","Heroic: End Time","Defeat Murozond in End Time on Heroic Difficulty.","15067","Cataclysm Dungeon","19499",,"0","10"
"snapshot_non_legion_category","True","6118","Heroic: Well of Eternity","Defeat Mannoroth in Well of Eternity on Heroic Difficulty.","15067","Cataclysm Dungeon","19502",,"0","10"
"snapshot_non_legion_category","True","6119","Heroic: Hour of Twilight","Defeat Archbishop Benedictus in Hour of Twilight on Heroic Difficulty.","15067","Cataclysm Dungeon","19505",,"0","10"
"snapshot_non_legion_category","True","6120","Heroic: End Time Guild Run","Defeat Murozond in End Time on Heroic difficulty while in a guild group.","15083","Cataclysm Dungeon","19508",,"53248","10"
"snapshot_non_legion_category","True","6121","Heroic: Well of Eternity Guild Run","Defeat Mannoroth in Well of Eternity on Heroic difficulty while in a guild group.","15083","Cataclysm Dungeon","19511",,"53248","10"
"snapshot_non_legion_category","True","6122","Heroic: Hour of Twilight Guild Run","Defeat Archbishop Benedictus in Hour of Twilight on Heroic difficulty while in a guild group.","15083","Cataclysm Dungeon","19826",,"53248","10"
"snapshot_non_legion_category","True","6123","Dragon Soul Guild Run","Defeat the bosses in Dragon Soul while in a guild group.","15087","Cataclysm Raid","19739",,"53248","10"
"snapshot_non_legion_category","True","6124","Ruthless Gladiator","Achieved Ruthless Gladiator title.","15270","Player vs. Player","20601",,"2048","0"
"snapshot_non_legion_category","True","6125","Heroic: Deathwing Guild Run","Defeat Deathwing in Dragon Soul on Heroic difficulty while in a guild group.","15087","Cataclysm Raid","20604",,"61440","10"
"snapshot_non_legion_category","True","6126","Realm First! Deathwing","First guild on the realm to defeat Deathwing in Dragon Soul on Heroic difficulty while in a guild group.","15093","Guild Feats of Strength","20608",,"63744","0"
"snapshot_non_legion_category","True","6127","Lazy Eye","Defeat Peroth'arn in Well of Eternity on Heroic Difficulty without any party member being detected by an Eye of Peroth'arn.","15067","Cataclysm Dungeon","20315",,"0","10"
"snapshot_non_legion_category","True","6128","Ping Pong Champion","Bounce the Void of the Unmaking 10 times off of players, and then defeat Warlord Zon'ozz on Normal or Heroic Difficulty.","15068","Cataclysm Raid","19323",,"0","10"
"snapshot_non_legion_category","True","6129","Taste the Rainbow!","Experience the following color combinations, and then defeat Yor'sahj the Unsleeping on Normal or Heroic Difficulty.","15068","Cataclysm Raid","20619",,"0","10"
"snapshot_non_legion_category","True","6130","Severed Ties","Defeat two Risen Ghouls during Echo of Sylvanas' Calling of the Highborne phase, then defeat the Echo of Sylvanas in End Time on Heroic Difficulty.","15067","Cataclysm Dungeon","19326",,"0","10"
"snapshot_non_legion_category","True","6131","WoW's 8th Anniversary","Logged in during WoW's 8th Anniversary.","15274","Events","20537",,"2048","0"
"snapshot_non_legion_category","True","6132","Eclipse","Kill 10 Twilight Sparks and then defeat Archbishop Benedictus in Hour of Twilight on Heroic Difficulty.","15067","Cataclysm Dungeon","19829",,"0","10"
"snapshot_non_legion_category","True","6133","Maybe He'll Get Dizzy...","Defeat the Spine of Deathwing encounter on Normal or Heroic Difficulty after tricking Deathwing into performing the following roll sequence: Left, Right, Left, Right.","15068","Cataclysm Raid","19749",,"0","10"
"snapshot_non_legion_category","True","6135","Lava Guard Gordoth kills (Ragefire Chasm)","","14821","Classic","19392",,"1","0"
"snapshot_non_legion_category","True","6136","Mutanus the Devourer kills (Wailing Caverns)","","14821","Classic","20209",,"1","0"
"snapshot_non_legion_category","True","6137","Aku'mai kills (Blackfathom Deeps)","","14821","Classic","19395",,"1","0"
"snapshot_non_legion_category","True","6138","Hogger kills (Stormwind Stockade)","","14821","Classic","19667",,"1","0"
"snapshot_non_legion_category","True","6139","Charlga Razorflank kills (Razorfen Kraul)","","14821","Classic","19398",,"1","0"
"snapshot_non_legion_category","True","6140","Mekgineer Thermaplugg kills (Gnomeregan)","","14821","Classic","19401",,"1","0"
"snapshot_non_legion_category","True","6141","Amnennar the Coldbringer kills (Razorfen Downs)","","14821","Classic","19670",,"1","0"
"snapshot_non_legion_category","True","6142","Archaedas kills (Uldaman)","","14821","Classic","19752",,"1","0"
"snapshot_non_legion_category","True","6143","Princess Theradras kills (Maraudon)","","14821","Classic","19673",,"1","0"
"snapshot_non_legion_category","True","6144","Shade of Eranikus kills (Sunken Temple)","","14821","Classic","19411",,"1","0"
"snapshot_non_legion_category","True","6145","Overlord Wyrmthalak kills (Lower Blackrock Spire)","","14821","Classic","19408",,"1","0"
"snapshot_non_legion_category","True","6146","King Gordok kills (Dire Maul)","","14821","Classic","19492",,"1","0"
"snapshot_non_legion_category","True","6147","Omor the Unscarred kills (Hellfire Ramparts)","","14822","The Burning Crusade","19414",,"1","0"
"snapshot_non_legion_category","True","6148","Archimonde kills (Battle for Mount Hyjal)","","14822","The Burning Crusade","19676",,"1","0"
"snapshot_non_legion_category","True","6150","Murozond kills (End Time)","","15096","Cataclysm","19679",,"1","0"
"snapshot_non_legion_category","True","6151","Mannoroth defeats (Well of Eternity)","","15096","Cataclysm","19910",,"1","0"
"snapshot_non_legion_category","True","6152","Archbishop Benedictus kills (Hour of Twilight)","","15096","Cataclysm","19682",,"1","0"
"snapshot_non_legion_category","True","6153","Morchok kills (Dragon Soul)","","15096","Cataclysm","19685",,"1","0"
"snapshot_non_legion_category","True","6154","Morchok Heroic kills (Dragon Soul)","","15096","Cataclysm","19404",,"1","0"
"snapshot_non_legion_category","True","6155","Warlord Zon'ozz kills (Dragon Soul)","","15096","Cataclysm","19690",,"1","0"
"snapshot_non_legion_category","True","6156","Warlord Zon'ozz Heroic kills (Dragon Soul)","","15096","Cataclysm","19695",,"1","0"
"snapshot_non_legion_category","True","6157","Yor'sahj the Unsleeping kills (Dragon Soul)","","15096","Cataclysm","19699",,"1","0"
"snapshot_non_legion_category","True","6158","Yor'sahj the Unsleeping Heroic kills (Dragon Soul)","","15096","Cataclysm","19755",,"1","0"
"snapshot_non_legion_category","True","6159","Hagara the Stormbinder kills (Dragon Soul)","","15096","Cataclysm","19770",,"1","0"
"snapshot_non_legion_category","True","6160","Hagara the Stormbinder Heroic kills (Dragon Soul)","","15096","Cataclysm","19495",,"1","0"
"snapshot_non_legion_category","True","6161","Ultraxion kills (Dragon Soul)","","15096","Cataclysm","19775",,"1","0"
"snapshot_non_legion_category","True","6162","Ultraxion Heroic kills (Dragon Soul)","","15096","Cataclysm","19780",,"1","0"
"snapshot_non_legion_category","True","6163","Warmaster Blackhorn kills (Dragon Soul)","","15096","Cataclysm","19784",,"1","0"
"snapshot_non_legion_category","True","6164","Warmaster Blackhorn Heroic kills (Dragon Soul)","","15096","Cataclysm","20436",,"1","0"
"snapshot_non_legion_category","True","6165","Spine of Deathwing victories (Dragon Soul)","","15096","Cataclysm","19759",,"1","0"
"snapshot_non_legion_category","True","6166","Spine of Deathwing Heroic victories (Dragon Soul)","","15096","Cataclysm","19789",,"1","0"
"snapshot_non_legion_category","True","6167","Deathwing kills (Dragon Soul)","","15096","Cataclysm","19793",,"1","0"
"snapshot_non_legion_category","True","6168","Deathwing Heroic kills (Dragon Soul)","","15096","Cataclysm","19798",,"1","0"
"snapshot_non_legion_category","True","6169","Glory of the Dragon Soul Raider","Complete the Dragon Soul raid achievements listed below.","168","Dungeons & Raids","19802",,"143360","25"
"snapshot_non_legion_category","True","6170","Alizabal kills (Baradin Hold)","","15096","Cataclysm","19820",,"1","0"
"snapshot_non_legion_category","True","6174","Don't Stand So Close to Me","Defeat Morchok in Dragon Soul on Normal or Heroic Difficulty without any two players (three players on 25-player mode) ever being within 5 yards of each other while Morchok is channeling Black Blood of the Earth.","15068","Cataclysm Raid","20612",,"0","10"
"snapshot_non_legion_category","True","6175","Holding Hands","Destroy the final Crystal Conductor during Hagara's lightning phase on Normal or Heroic Difficulty, while all players present are part of the final Lightning Conduit.","15068","Cataclysm Raid","20212",,"0","10"
"snapshot_non_legion_category","True","6177","Destroyer's End","Defeat Deathwing on Normal or Heroic Difficulty in the Dragon Soul raid.","15068","Cataclysm Raid","8492",,"0","10"
"snapshot_non_legion_category","True","6180","Chromatic Champion","Destroy Deathwing in Dragon Soul on Normal or Heroic Difficulty after beginning the encounter on each Aspect's platform and allowing Deathwing to assault that Aspect:","15068","Cataclysm Raid","19386",,"0","10"
"snapshot_non_legion_category","True","6181","Fangs of the Father","Wielder of the Fangs of the Father.","15271","Raids","8622",,"2048","0"
"snapshot_non_legion_category","True","6182","Fangs of the Father - Guild Edition","Wielder of the Fangs of the Father.","15079","Dungeons & Raids","8145",,"94208","10"
"snapshot_non_legion_category","True","6185","Murkablo","Proud owner of Murkablo from the 2011 BlizzCon.","15268","Promotions","4665",,"133120","0"
"snapshot_non_legion_category","True","6193","Level 90","Reach level 90.","92","General","5852",,"2101252","10"
"snapshot_non_legion_category","True","6300","Upjade Complete","Complete the Jade Forest storylines listed below.","15110","Pandaria","21345",,"0","10"
"snapshot_non_legion_category","True","6301","Rally the Valley","Complete the Valley of the Four Winds storylines listed below.","15110","Pandaria","10755",,"0","10"
"snapshot_non_legion_category","True","6316","Hero of the Alliance: Ruthless","End PvP season 10 in the top .5% of the rated battleground ladder.","15270","Player vs. Player","19861",,"14336","0"
"snapshot_non_legion_category","True","6317","Hero of the Horde: Ruthless","End PvP season 10 in the top .5% of the rated battleground ladder.","15270","Player vs. Player","19864",,"14336","0"
"snapshot_non_legion_category","True","6322","Ruthless Gladiator's Twilight Drake","Obtain the Ruthless Gladiator's Twilight Drake from Arena Season 10 of Cataclysm.","15269","Mounts","19857",,"2048","0"
"snapshot_non_legion_category","True","6332","That Rabbit's Dynamite!","Slay the ferocious Darkmoon Rabbit.","15101","Darkmoon Faire","1975",,"0","10"
"snapshot_non_legion_category","True","6337","Ossirian kills (Ruins of Ahn'Qiraj)","","14821","Classic","6646",,"1","0"
"snapshot_non_legion_category","True","6348","Mystically Superior","Equip a superior item in every slot with a minimum item level of 450.","92","General","19934",,"0","10"
"snapshot_non_legion_category","True","6349","Mystically Epic","Equip an epic item in every slot with a minimum item level of 476.","92","General","19951",,"0","10"
"snapshot_non_legion_category","True","6350","To All the Squirrels I Once Caressed?","There are even more critters in Pandaria. They also need /love.","92","General","19968",,"0","10"
"snapshot_non_legion_category","True","6351","Explore Jade Forest","Explore Jade Forest, revealing the covered areas of the world map.","15113","Pandaria","19973",,"0","10"
"snapshot_non_legion_category","True","6365","Zen Master Cook","Obtain 600 skill points in cooking.","170","Cooking","13113",,"0","10"
"snapshot_non_legion_category","True","6366","Shado-Pan","Earn Exalted status with the Shado-Pan.","15114","Pandaria","19704",,"0","10"
"snapshot_non_legion_category","True","6374","Challenge Conqueror: Bronze","Complete every Challenge Mode dungeon with a rating of Bronze or better.","15277","Dungeons","22822",,"2048","0"
"snapshot_non_legion_category","True","6375","Challenge Conqueror: Silver","Complete every Challenge Mode dungeon with a rating of Silver or better.","15277","Dungeons","22832",,"6144","0"
"snapshot_non_legion_category","True","6378","Challenge Conqueror: Gold","Complete every Challenge Mode dungeon with a rating of Gold.","15277","Dungeons","22842",,"14336","0"
"snapshot_non_legion_category","True","6394","Rattle No More","Defeat Rattlegore without allowing him to gain more than 5 stacks of Rusting in Scholomance on Heroic Difficulty.","15106","Pandaria Dungeon","16576",,"0","10"
"snapshot_non_legion_category","True","6396","Sanguinarian","Defeat a Krastinovian Carver that has 99 stacks of Boiling Bloodthirst in Scholomance on Heroic Difficulty.","15106","Pandaria Dungeon","15272",,"0","10"
"snapshot_non_legion_category","True","6400","How Did He Get Up There?","Find a way to get the Hozen Clinger to let go in Stormstout Brewery on any difficulty.","15106","Pandaria Dungeon","8607",,"0","10"
"snapshot_non_legion_category","True","6402","Ling-Ting's Herbal Journey","Collect all 30 Golden Hoplings hidden around the Stormstout Brewery on any difficulty.","15106","Pandaria Dungeon","20215",,"0","10"
"snapshot_non_legion_category","True","6420","Hopocalypse Now!","Smash 100 Virmen with a single hammer swing in Stormstout Brewery on Heroic Difficulty.","15106","Pandaria Dungeon","8610",,"0","10"
"snapshot_non_legion_category","True","6427","Mosh Pit","Get a combination of 8 players and Scarlet Defenders caught up in Armsmaster Harlan's Blades of Light simultaneously and then defeat Armsmaster Harlan in Scarlet Halls on Heroic Difficulty.","15106","Pandaria Dungeon","11231",,"0","10"
"snapshot_non_legion_category","True","6433","Realm First! Challenge Conqueror: Gold","First person on the realm to complete every Challenge Mode dungeon with a rating of Gold.","81","Feats of Strength","30564",,"256","0"
"snapshot_non_legion_category","True","6455","Show Me Your Moves!","Defeat the Will of the Emperor in Mogu'shan Vaults on Normal or Heroic difficulty after all members of the raid execute an Opportunistic Strike on the same construct within a single Unbalanced phase.","15107","Pandaria Raid","19191",,"0","10"
"snapshot_non_legion_category","True","6456","Heroic: Stormstout Brewery","Defeat Yan-Zhu the Uncasked in Stormstout Brewery on Heroic Difficulty.","15106","Pandaria Dungeon","642",,"0","10"
"snapshot_non_legion_category","True","6457","Stormstout Brewery","Defeat Yan-Zhu the Uncasked in Stormstout Brewery.","15106","Pandaria Dungeon","1116",,"0","10"
"snapshot_non_legion_category","True","6458","Guardians of Mogu'shan","Defeat the first three bosses in Mogu'shan Vaults.","15107","Pandaria Raid","22613",,"0","10"
"snapshot_non_legion_category","True","6460","Hydrophobia","Defeat Wise Mari without being hit by Corrupted Water, Hydrolance, or Wash Away in Temple of the Jade Serpent on Heroic Difficulty.","15106","Pandaria Dungeon","15115",,"0","10"
"snapshot_non_legion_category","True","6462","Master Pet Battler","Win 250 pet battles.","15119","Battle","22590",,"131072","5"
"snapshot_non_legion_category","True","6469","Shado-Pan Monastery","Defeat Taran Zhu in Shado-Pan Monastery.","15106","Pandaria Dungeon","12807",,"0","10"
"snapshot_non_legion_category","True","6470","Heroic: Shado-Pan Monastery","Defeat Taran Zhu in Shado-Pan Monastery on Heroic Difficulty.","15106","Pandaria Dungeon","13095",,"0","10"
"snapshot_non_legion_category","True","6471","Hate Leads to Suffering","Defeat Taran Zhu while every party member is at maximum hatred in Shado-Pan Monastery on Heroic Difficulty.","15106","Pandaria Dungeon","13177",,"0","10"
"snapshot_non_legion_category","True","6472","The Obvious Solution","Eliminate the remaining Sha imprisoned in the Sealed Chambers and then defeat the Sha of Violence in Shado-Pan Monastery on Heroic Difficulty.","15106","Pandaria Dungeon","14387",,"0","10"
"snapshot_non_legion_category","True","6475","Cleaning Up","Defeat the Sha of Doubt in Temple of the Jade Serpent while under the effects of Purified Water.","15106","Pandaria Dungeon","19627",,"0","10"
"snapshot_non_legion_category","True","6476","Conscriptinator","Gain three stacks of Resin Residue by defeating Mantid Conscripts in Gate of the Setting Sun on Heroic Difficulty.","15106","Pandaria Dungeon","6735",,"0","10"
"snapshot_non_legion_category","True","6477","Respect","Bow to the Shado-Pan Novices when they bow to you after being defeated during the Master Snowdrift event in Shado-Pan Monastery on Heroic Difficulty.","15106","Pandaria Dungeon","2150",,"0","10"
"snapshot_non_legion_category","True","6478","Glintrok N' Roll","Defeat Gekkan and his Glintrok entourage in Mogu'shan Palace on Heroic difficulty within 5 minutes of being spotted by the Glintrok Scout.","15106","Pandaria Dungeon","20598",,"0","10"
"snapshot_non_legion_category","True","6479","Bomberman","Trigger 15 explosions within 15 seconds during the Saboteur Kip'tilak encounter in Gate of the Setting Sun on Heroic Difficulty.","15106","Pandaria Dungeon","15117",,"0","10"
"snapshot_non_legion_category","True","6480","Settle Down, Bro","Defeat the Sha of Anger in Kun-Lai Summit.","15107","Pandaria Raid","18112",,"0","10"
"snapshot_non_legion_category","True","6485","Return to Sender","Defeat General Pa'valak while he has 20 stacks of Detonate in the Siege of Niuzao Temple on Heroic Difficulty.","15106","Pandaria Dungeon","14974",,"0","10"
"snapshot_non_legion_category","True","6517","Extinction Event","Defeat Salyis's Warband in Valley of the Four Winds.","15107","Pandaria Raid","21024",,"0","10"
"snapshot_non_legion_category","True","6518","I Heard You Like Amber...","Kill Living Amber in Burning Amber until at least 8 pools overlap, and then defeat Amber-Shaper Un'sok on Normal or Heroic difficulty in Heart of Fear.","15107","Pandaria Raid","21033",,"0","10"
"snapshot_non_legion_category","True","6523","Realm First! Level 90 Shaman","First shaman on the realm to achieve level 90.","81","Feats of Strength","21073",,"256","0"
"snapshot_non_legion_category","True","6524","Realm First! Level 90","First person on the realm to achieve level 90.","81","Feats of Strength","21075",,"256","0"
"snapshot_non_legion_category","True","6531","Attention to Detail","Defeat Jandice Barov without ever eliminating a false image in Scholomance on Heroic Difficulty.","15106","Pandaria Dungeon","21198",,"0","10"
"snapshot_non_legion_category","True","6532","Pandaren Slayer","Get an honorable kill on a level 85 or greater Pandaren of each of the classes listed below.","15078","Player vs. Player","21704",,"81920","10"
"snapshot_non_legion_category","True","6533","Pandaren Slayer","Get an honorable kill on a level 85 or greater Pandaren of each of the classes listed below.","15078","Player vs. Player","21210",,"81920","10"
"snapshot_non_legion_category","True","6534","Upjade Complete","Complete the Jade Forest storylines listed below.","15110","Pandaria","10664",,"0","10"
"snapshot_non_legion_category","True","6535","Mighty Roamin' Krasaranger","Complete the Krasarang Wilds storylines listed below.","15110","Pandaria","21365",,"0","10"
"snapshot_non_legion_category","True","6536","Mighty Roamin' Krasaranger","Complete the Krasarang Wilds storylines listed below.","15110","Pandaria","21301",,"0","10"
"snapshot_non_legion_category","True","6537","Slum It in the Summit","Complete the Kun-Lai Summit storylines listed below.","15110","Pandaria","21376",,"0","10"
"snapshot_non_legion_category","True","6538","Slum It in the Summit","Complete the Kun-Lai Summit storylines listed below.","15110","Pandaria","21389",,"0","10"
"snapshot_non_legion_category","True","6539","One Steppe Forward, Two Steppes Back","Complete the Townlong Steppes storylines listed below.","15110","Pandaria","21400",,"0","10"
"snapshot_non_legion_category","True","6540","Dread Haste Makes Dread Waste","Complete the Dread Wastes storylines listed below.","15110","Pandaria","23739",,"0","10"
"snapshot_non_legion_category","True","6541","Loremaster of Pandaria","Complete the Pandaria quest achievements listed below.","15110","Pandaria","21406",,"131072","10"
"snapshot_non_legion_category","True","6543","The August Celestials","Earn Exalted status with the August Celestials.","15114","Pandaria","21422",,"0","10"
"snapshot_non_legion_category","True","6544","The Tillers","Earn Exalted status with the Tillers.","15114","Pandaria","21429",,"0","10"
"snapshot_non_legion_category","True","6545","Klaxxi","Earn Exalted status with the Klaxxi.","15114","Pandaria","21427",,"0","10"
"snapshot_non_legion_category","True","6546","The Golden Lotus","Earn Exalted status with the Golden Lotus.","15114","Pandaria","21425",,"0","10"
"snapshot_non_legion_category","True","6547","The Anglers","Earn Exalted status with the Anglers.","15114","Pandaria","21431",,"0","10"
"snapshot_non_legion_category","True","6548","The Lorewalkers","Earn Exalted status with the Lorewalkers.","15114","Pandaria","21433",,"0","10"
"snapshot_non_legion_category","True","6550","Order of the Cloud Serpent","Earn Exalted status with the Order of the Cloud Serpent.","15114","Pandaria","21437",,"0","10"
"snapshot_non_legion_category","True","6551","Friend on the Farm","Become best friends with one of the characters at the Halfhill Market.","15114","Pandaria","21441",,"0","10"
"snapshot_non_legion_category","True","6552","Friends on the Farm","Become best friends with all of the characters at the Halfhill Market.","15114","Pandaria","21452",,"0","10"
"snapshot_non_legion_category","True","6553","Like an Arrow to the Face","Defeat Garalon in Heart of Fear on Normal or Heroic difficulty without destroying any of his legs.","15107","Pandaria Raid","21488",,"0","10"
"snapshot_non_legion_category","True","6554","He's Mine!","Capture 10 pets in pet battle.","15118","Collect","28172",,"131072","5"
"snapshot_non_legion_category","True","6555","Building a Team","Capture 25 pets in pet battle.","15118","Collect","28164",,"131072","5"
"snapshot_non_legion_category","True","6556","Going to Need More Traps","Capture 50 pets in a pet battle.","15118","Collect","28166",,"393216","5"
"snapshot_non_legion_category","True","6557","Master Pet Hunter","Capture 100 pets in pet battle.","15118","Collect","28168",,"135168","5"
"snapshot_non_legion_category","True","6558","Local Pet Mauler","Win a pet battle in 10 different zones.","15119","Battle","30574",,"131072","5"
"snapshot_non_legion_category","True","6559","Traveling Pet Mauler","Win a pet battle in 30 different zones.","15119","Battle","28741",,"131072","5"
"snapshot_non_legion_category","True","6560","World Pet Mauler","Win a pet battle in 60 different zones.","15119","Battle","30642",,"135168","10"
"snapshot_non_legion_category","True","6566","Just a Pup","Raise a pet to level 5.","15120","Level","22501",,"131072","5"
"snapshot_non_legion_category","True","6567","Growing Up","Raise a pet to level 10.","15120","Level","22775",,"131072","5"
"snapshot_non_legion_category","True","6568","Time for a Leash","Raise a pet to level 15.","15120","Level","22777",,"131072","5"
"snapshot_non_legion_category","True","6569","Old Timer","Raise a pet to level 20.","15120","Level","22779",,"131072","5"
"snapshot_non_legion_category","True","6570","All Growns Up!","Raise a pet to level 25.","15120","Level","22781",,"131072","10"
"snapshot_non_legion_category","True","6571","That Was Close!","Capture a battle pet at less than 5% health.","15118","Collect","22586",,"131072","5"
"snapshot_non_legion_category","True","6578","Pro Pet Group","Raise 15 pets to level 25.","15120","Level","28180",,"131072","5"
"snapshot_non_legion_category","True","6579","Rookie Pet Group","Raise 15 pets to level 10.","15120","Level","28174",,"131072","5"
"snapshot_non_legion_category","True","6580","Rookie Pet Crew","Raise 30 pets to level 10.","15120","Level","28176",,"131072","5"
"snapshot_non_legion_category","True","6581","Pro Pet Crew","Raise 30 pets to level 25.","15120","Level","28182",,"393216","5"
"snapshot_non_legion_category","True","6582","Pro Pet Mob","Raise 75 pets to level 25.","15120","Level","28184",,"143360","10"
"snapshot_non_legion_category","True","6583","Rookie Pet Mob","Raise 75 pets to level 10.","15120","Level","28178",,"131072","10"
"snapshot_non_legion_category","True","6584","Big City Pet Brawlin' - Alliance","Win a pet battle in each of the Alliance cities listed below.","15119","Battle","21573",,"131072","5"
"snapshot_non_legion_category","True","6585","Kalimdor Safari","Catch every battle pet in Kalimdor.","15118","Collect","22760",,"131072","5"
"snapshot_non_legion_category","True","6586","Eastern Kingdoms Safari","Catch every battle pet in Eastern Kingdoms.","15118","Collect","28638",,"131072","5"
"snapshot_non_legion_category","True","6587","Outland Safari","Catch every battle pet in Outland.","15118","Collect","29245",,"131072","5"
"snapshot_non_legion_category","True","6588","Northrend Safari","Catch every battle pet in Northrend.","15118","Collect","29272",,"131072","5"
"snapshot_non_legion_category","True","6589","Pandaria Safari","Catch every battle pet in Pandaria.","15118","Collect","29306",,"131072","5"
"snapshot_non_legion_category","True","6590","World Safari","Complete the Pet Safari achievements listed below.","15118","Collect","21498",,"143360","10"
"snapshot_non_legion_category","True","6591","Grand Master Pet Battler","Win 1000 pet battles.","15119","Battle","22592",,"135168","5"
"snapshot_non_legion_category","True","6592","Legendary Pet Battler","Win 5000 pet battles.","15119","Battle","22594",,"143360","10"
"snapshot_non_legion_category","True","6593","Experienced Pet Battler","Win 50 pet battles.","15119","Battle","22503",,"131072","5"
"snapshot_non_legion_category","True","6594","Cat Fight!","Win 10 pet battles.","15119","Battle","22588",,"131072","5"
"snapshot_non_legion_category","True","6595","Pet Brawler","Win 10 PvP pet battles.","15119","Battle","28656",,"131072","5"
"snapshot_non_legion_category","True","6596","Experienced Pet Brawler","Win 50 PvP pet battles.","15119","Battle","28658",,"131072","5"
"snapshot_non_legion_category","True","6597","Master Pet Brawler","Win 250 PvP pet battles.","15119","Battle","28660",,"131072","5"
"snapshot_non_legion_category","True","6598","Grand Master Pet Brawler","Win 1000 PvP pet battles.","15119","Battle","28662",,"135168","5"
"snapshot_non_legion_category","True","6599","Legendary Pet Brawler","Win 5000 PvP pet battles.","15119","Battle","28664",,"143360","10"
"snapshot_non_legion_category","True","6600","Ultimate Trainer","Earn 300 pet battle achievement points.","15117","Pet Battles","21766",,"143360","5"
"snapshot_non_legion_category","True","6601","Taming the Wild","Defeat a master pet tamer.","15117","Pet Battles","28273",,"131072","5"
"snapshot_non_legion_category","True","6602","Taming Kalimdor","Defeat all of the Pet Tamers in Kalimdor listed below.","15117","Pet Battles","21525",,"131072","5"
"snapshot_non_legion_category","True","6603","Taming Eastern Kingdoms","Defeat all of the Pet Tamers in Eastern Kingdoms listed below.","15117","Pet Battles","21532",,"131072","5"
"snapshot_non_legion_category","True","6604","Taming Outland","Defeat all of the Pet Tamers in Outland listed below.","15117","Pet Battles","21537",,"131072","5"
"snapshot_non_legion_category","True","6605","Taming Northrend","Defeat all of the Pet Tamers in Northrend listed below.","15117","Pet Battles","21542",,"131072","5"
"snapshot_non_legion_category","True","6606","Taming Pandaria","Defeat all of the Pet Tamers in Pandaria listed below.","15117","Pet Battles","21547",,"131072","5"
"snapshot_non_legion_category","True","6607","Taming Azeroth","Complete all of the Taming achievements listed below.","15117","Pet Battles","21517",,"143360","10"
"snapshot_non_legion_category","True","6608","Family Reunion","Capture a battle pet from each family.","15118","Collect","22575",,"131072","10"
"snapshot_non_legion_category","True","6609","No Favorites","Raise a pet of every family to level 10.","15120","Level","28186",,"131072","5"
"snapshot_non_legion_category","True","6610","All Pets Allowed","Raise a pet of every family to level 25.","15120","Level","28197",,"135168","10"
"snapshot_non_legion_category","True","6611","Continental Tamer","Complete all of the pet battle tamer achievements listed below.","15118","Collect","21557",,"143360","10"
"snapshot_non_legion_category","True","6612","Kalimdor Tamer","Capture a battle pet in each of the Kalimdor zones listed below.","15118","Collect","28553",,"131072","5"
"snapshot_non_legion_category","True","6613","Eastern Kingdoms Tamer","Capture a battle pet in each of the Eastern Kingdoms zones listed below.","15118","Collect","28208",,"131072","5"
"snapshot_non_legion_category","True","6614","Outland Tamer","Capture a battle pet in each of the Outland zones listed below.","15118","Collect","28582",,"131072","5"
"snapshot_non_legion_category","True","6615","Northrend Tamer","Capture a battle pet in each of the Northrend zones listed below.","15118","Collect","28590",,"131072","5"
"snapshot_non_legion_category","True","6616","Pandaria Tamer","Capture a battle pet in each of the Pandaria zones listed below.","15118","Collect","28601",,"131072","5"
"snapshot_non_legion_category","True","6618","On A Roll","Win 10 consecutive pet battles.","15119","Battle","28668",,"131072","5"
"snapshot_non_legion_category","True","6619","Win Streak","Win 25 consecutive pet battles.","15119","Battle","28670",,"143360","10"
"snapshot_non_legion_category","True","6620","No Time To Heal","Win 5 consecutive PvP pet battles without letting a pet die.","15119","Battle","28666",,"131072","10"
"snapshot_non_legion_category","True","6621","Big City Pet Brawlin' - Horde","Win a pet battle in each of the Horde cities listed below.","15119","Battle","21578",,"131072","5"
"snapshot_non_legion_category","True","6622","Big City Pet Brawler","Complete each of the Big City Pet Brawlin' achievements listed below.","15119","Battle","21583",,"131072","10"
"snapshot_non_legion_category","True","6624","Classy Pandaren","Reach max level on each of the Pandaren classes listed below.","15088","General","21623",,"86016","10"
"snapshot_non_legion_category","True","6625","Classy Pandaren","Reach max level on each of the Pandaren classes listed below.","15088","General","21652",,"86016","10"
"snapshot_non_legion_category","True","6626","Working Better as a Team","Obtain 600 skill points in all professions and secondary professions.","15080","Professions","21662",,"28672","10"
"snapshot_non_legion_category","True","6628","Realm First! Working as a Better Team","First guild on the realm to obtain 600 skill points in all professions and secondary professions.","15093","Guild Feats of Strength","21680",,"96512","0"
"snapshot_non_legion_category","True","6629","Daily Anticipation","Complete 150,000 daily quests.","15077","Quests","21696",,"28672","10"
"snapshot_non_legion_category","True","6632","Challenge Conquerors: Bronze - Guild Edition","Complete every Pandaria Challenge Mode dungeon with a rating of Bronze or better while in a guild group.","15093","Guild Feats of Strength","27522",,"20480","0"
"snapshot_non_legion_category","True","6633","Challenge Conquerors: Silver - Guild Edition","Complete every Pandaria Challenge Mode dungeon with a rating of Silver or better while in a guild group.","15093","Guild Feats of Strength","27538",,"20480","0"
"snapshot_non_legion_category","True","6634","Challenge Conquerors: Gold - Guild Edition","Complete every Pandaria Challenge Mode dungeon with a rating of Gold while in a guild group.","15093","Guild Feats of Strength","27548",,"20480","0"
"snapshot_non_legion_category","True","6641","Guild Hardware - Bronze","Complete 50 Challenge Mode dungeons with a rating of Bronze or better while in a guild group.","15093","Guild Feats of Strength","27532",,"18432","0"
"snapshot_non_legion_category","True","6642","Guild Hardware - Silver","Complete 50 Challenge Mode dungeons with a rating of Silver or better while in a guild group.","15093","Guild Feats of Strength","27534",,"18432","0"
"snapshot_non_legion_category","True","6643","Guild Hardware - Gold","Complete 50 Challenge Mode dungeons with a rating of Gold while in a guild group.","15093","Guild Feats of Strength","27536",,"18432","0"
"snapshot_non_legion_category","True","6644","Pandaren Embassy","Earn Exalted with all of the pandaren reputations listed below.","15089","Reputation","22516",,"28672","10"
"snapshot_non_legion_category","True","6664","Pandaren Embassy","Earn Exalted with all of the pandaren reputations listed below.","15089","Reputation","22505",,"28672","10"
"snapshot_non_legion_category","True","6666","Heroic: Stormstout Brewery Guild Run","Defeat Yan-Zhu the Uncasked in Stormstout Brewery on Heroic Difficulty while in a guild group.","15153","Pandaria Dungeon","22372",,"53248","10"
"snapshot_non_legion_category","True","6668","Mogu'shan Vaults Guild Run","Defeat the bosses in Mogu'shan Vaults while in a guild group.","15154","Pandaria Raid","21771",,"61440","10"
"snapshot_non_legion_category","True","6669","Heart of Fear Guild Run","Defeat the bosses in Heart of Fear while in a guild group.","15154","Pandaria Raid","21778",,"61440","10"
"snapshot_non_legion_category","True","6670","Terrace of Endless Spring Guild Run","Defeat the bosses in Terrace of Endless Spring while in a guild group.","15154","Pandaria Raid","21790",,"61440","10"
"snapshot_non_legion_category","True","6671","Seeds of Doubt","Defeat the Sha of Doubt in Temple of the Jade Serpent while under the effect of 4 Seeds of Doubt on Heroic difficulty.","15106","Pandaria Dungeon","21841",,"0","10"
"snapshot_non_legion_category","True","6674","Anything You Can Do, I Can Do Better...","Defeat Feng the Accursed in Normal or Heroic difficulty after mimicking each of the following abilities:","15107","Pandaria Raid","21785",,"0","10"
"snapshot_non_legion_category","True","6675","Heroic: Will of the Emperor Guild Run","Defeat the Will of the Emperor encounter in Mogu'shan Vaults on Heroic difficulty while in a guild group.","15154","Pandaria Raid","22309",,"61440","10"
"snapshot_non_legion_category","True","6676","Heroic: Sha of Fear Guild Run","Defeat the Sha of Fear in Terrace of Endless Spring on Heroic difficulty while in a guild group.","15154","Pandaria Raid","21795",,"61440","10"
"snapshot_non_legion_category","True","6677","Heroic: Grand Empress Shek'zeer Guild Run","Defeat Grand Empress Shek'zeer in Heart of Fear on Heroic difficulty while in a guild group.","15154","Pandaria Raid","21798",,"61440","10"
"snapshot_non_legion_category","True","6678","Realm First! Sha of Fear","First guild on the realm to defeat the Sha of Fear in Terrace of Endless Spring on Heroic difficulty while in a guild group.","15093","Guild Feats of Strength","28404",,"63744","0"
"snapshot_non_legion_category","True","6679","Realm First! Grand Empress Shek'zeer","First guild on the realm to defeat Grand Empress Shek'zeer in Heart of Fear on Heroic difficulty while in a guild group.","15093","Guild Feats of Strength","28408",,"63744","0"
"snapshot_non_legion_category","True","6680","Realm First! Will of the Emperor","First guild on the realm to defeat the Will of the Emperor encounter in Mogu'shan Vaults on Heroic difficulty while in a guild group.","15093","Guild Feats of Strength","28406",,"63744","0"
"snapshot_non_legion_category","True","6681","Guild Pandaria Dungeon Hero","Complete the heroic Pandaria dungeon achievements listed below while in a guild group.","15079","Dungeons & Raids","22390",,"28672","10"
"snapshot_non_legion_category","True","6682","Guild Glory of the Pandaria Raider","Complete the Pandaria raid achievements listed below while in a guild group.","15079","Dungeons & Raids","27508",,"28672","10"
"snapshot_non_legion_category","True","6683","Less Than Three","Defeat Wind Lord Mel'jarak without crowd-controlling more than 2 of his swarm at once on Normal or Heroic difficulty in Heart of Fear.","15107","Pandaria Raid","21826",,"0","10"
"snapshot_non_legion_category","True","6684","Humane Society","Defeat Houndmaster Braun without killing any hounds in Scarlet Halls on Heroic Difficulty.","15106","Pandaria Dungeon","21828",,"0","10"
"snapshot_non_legion_category","True","6686","Straight Six","Deactivate six Empyreal Focuses within 10 seconds of each other, and then defeat Elegon in Mogu'shan Vaults on Normal or Heroic difficulty.","15107","Pandaria Raid","21829",,"0","10"
"snapshot_non_legion_category","True","6687","Getting Hot In Here","Have the entire raid dance with Subetai the Swift after being hit by Pillage.","15107","Pandaria Raid","21830",,"0","10"
"snapshot_non_legion_category","True","6688","Where's My Air Support?","Defeat Commander Vo'jak after having killed the Sik'thik Amberwing in Siege of Niuzao Temple on Heroic Difficulty.","15106","Pandaria Dungeon","21831",,"0","10"
"snapshot_non_legion_category","True","6689","Terrace of Endless Spring","Defeat the bosses in Terrace of Endless Spring.","15107","Pandaria Raid","21833",,"0","10"
"snapshot_non_legion_category","True","6700","Pandarian Mix Master","Create 1,000 Mists of Pandaria flasks.","15080","Professions","21896",,"28672","10"
"snapshot_non_legion_category","True","6701","Get Some Chopsticks","Cook 7,500 Mists of Pandaria cooking recipes.","15080","Professions","21898",,"28672","10"
"snapshot_non_legion_category","True","6702","Master Pandaria Crafter","Craft 500 Epic items with an item level of at least 476.","15080","Professions","21900",,"28672","10"
"snapshot_non_legion_category","True","6703","Pandaren Angler","Catch 25,000 fish from Pandaria fishing pools.","15080","Professions","21902",,"28672","10"
"snapshot_non_legion_category","True","6708","Salyis's Warband Guild Run","Defeat Salyis's Warband in Valley of the Four Winds while in a raid with at least 8 guild members.","15154","Pandaria Raid","22019",,"53248","10"
"snapshot_non_legion_category","True","6709","Sha of Anger Guild Run","Defeat the Sha of Anger in Kun-Lai Summit while in a raid with at least 8 guild members.","15154","Pandaria Raid","22021",,"53248","10"
"snapshot_non_legion_category","True","6713","Quarrelsome Quilen Quintet","Collect all the Jade Quilen located throughout Mogu'Shan Palace on Heroic Difficulty.","15106","Pandaria Dungeon","22185",,"0","10"
"snapshot_non_legion_category","True","6715","Polyformic Acid Science","Defeat bosses around Pandaria while under the effects of Polyformic Acid Potion on Heroic Difficulty.","15106","Pandaria Dungeon","22190",,"0","10"
"snapshot_non_legion_category","True","6716","Between a Saurok and a Hard Place","Discover each of the Saurok lore objects in Pandaria.","15113","Pandaria","22214",,"0","10"
"snapshot_non_legion_category","True","6717","Power Overwhelming","Defeat the Protectors of the Endless with each protector as the last member alive on Normal or Heroic difficulty in Terrace of Endless Spring.","15107","Pandaria Raid","22248",,"0","10"
"snapshot_non_legion_category","True","6718","The Dread Approach","Defeat the first three bosses in Heart of Fear.","15107","Pandaria Raid","22617",,"0","10"
"snapshot_non_legion_category","True","6719","Heroic: Stone Guard","Defeat the Stone Guard in Mogu'shan Vaults on Heroic difficulty.","15107","Pandaria Raid","22267",,"0","10"
"snapshot_non_legion_category","True","6720","Heroic: Feng the Accursed","Defeat Feng the Accursed in Mogu'shan Vaults on Heroic difficulty.","15107","Pandaria Raid","22269",,"0","10"
"snapshot_non_legion_category","True","6721","Heroic: Gara'jal the Spiritbinder","Defeat Gara'jal the Spiritbinder in Mogu'shan Vaults on Heroic difficulty.","15107","Pandaria Raid","22275",,"0","10"
"snapshot_non_legion_category","True","6722","Heroic: Four Kings","Defeat the Four Kings in Mogu'shan Vaults on Heroic difficulty.","15107","Pandaria Raid","22277",,"0","10"
"snapshot_non_legion_category","True","6723","Heroic: Elegon","Defeat Elegon in Mogu'shan Vaults on Heroic difficulty.","15107","Pandaria Raid","22279",,"0","10"
"snapshot_non_legion_category","True","6724","Heroic: Will of the Emperor","Defeat the Will of the Emperor in Mogu'shan Vaults on Heroic difficulty.","15107","Pandaria Raid","22281",,"0","10"
"snapshot_non_legion_category","True","6725","Heroic: Imperial Vizier Zor'lok","Defeat Imperial Vizier Zor'lok in Heart of Fear on Heroic difficulty.","15107","Pandaria Raid","22283",,"0","10"
"snapshot_non_legion_category","True","6726","Heroic: Blade Lord Ta'yak","Defeat Blade Lord Ta'yak in Heart of Fear on Heroic difficulty.","15107","Pandaria Raid","22285",,"0","10"
"snapshot_non_legion_category","True","6727","Heroic: Garalon","Defeat Garalon in Heart of Fear on Heroic difficulty.","15107","Pandaria Raid","22287",,"0","10"
"snapshot_non_legion_category","True","6728","Heroic: Wind Lord Mel'jarak","Defeat Wind Lord Mel'jarak in Heart of Fear on Heroic difficulty.","15107","Pandaria Raid","22295",,"0","10"
"snapshot_non_legion_category","True","6729","Heroic: Amber-Shaper Un'sok","Defeat Amber-Shaper Un'sok in Heart of Fear on Heroic difficulty.","15107","Pandaria Raid","22297",,"0","10"
"snapshot_non_legion_category","True","6730","Heroic: Grand Empress Shek'zeer","Defeat Grand Empress Shek'zeer in Heart of Fear on Heroic difficulty.","15107","Pandaria Raid","22299",,"0","10"
"snapshot_non_legion_category","True","6731","Heroic: Protectors of the Endless","Defeat the Protectors of the Endless in Terrace of Endless Spring on Heroic difficulty.","15107","Pandaria Raid","22301",,"0","10"
"snapshot_non_legion_category","True","6732","Heroic: Tsulong","Defeat Tsulong in Terrace of Endless Spring on Heroic difficulty.","15107","Pandaria Raid","22303",,"0","10"
"snapshot_non_legion_category","True","6733","Heroic: Lei Shi","Defeat Lei Shi in Terrace of Endless Spring on Heroic difficulty.","15107","Pandaria Raid","22305",,"0","10"
"snapshot_non_legion_category","True","6734","Heroic: Sha of Fear","Defeat the Sha of Fear in Terrace of Endless Spring on Heroic difficulty.","15107","Pandaria Raid","22307",,"0","10"
"snapshot_non_legion_category","True","6736","What Does This Button Do?","Use Xin the Weaponmaster's secret defense mechanism against him in Mogu'shan Palace on Heroic difficulty.","15106","Pandaria Dungeon","22370",,"0","10"
"snapshot_non_legion_category","True","6737","Silvershard Mines Honorable Kills","Silvershard Mines Honorable Kills","136","Honorable Kills","22313",,"1","0"
"snapshot_non_legion_category","True","6738","Temple of Kotmogu Honorable Kills","Temple of Kotmogu Honorable Kills","136","Honorable Kills","22315",,"1","0"
"snapshot_non_legion_category","True","6739","Silvershard Mines Victory","Win Silvershard Mines.","15162","Silvershard Mines","22317",,"0","10"
"snapshot_non_legion_category","True","6740","Temple of Kotmogu Victory","Win Temple of Kotmogu.","15163","Temple of Kotmogu","22319",,"0","10"
"snapshot_non_legion_category","True","6741","Cataclysmic Gladiator's Twilight Drake","Obtain the Cataclysmic Gladiator's Twilight Drake from Arena Season 11 of Cataclysm.","15269","Mounts","22982",,"2048","0"
"snapshot_non_legion_category","True","6742","60 Exalted Reputations","Raise 60 reputations to Exalted.","201","Reputation","22321",,"12288","10"
"snapshot_non_legion_category","True","6743","Realm First! Level 90 Druid","First druid on the realm to achieve level 90.","81","Feats of Strength","22323",,"256","0"
"snapshot_non_legion_category","True","6744","Realm First! Level 90 Paladin","First paladin on the realm to achieve level 90.","81","Feats of Strength","22325",,"256","0"
"snapshot_non_legion_category","True","6745","Realm First! Level 90 Priest","First priest on the realm to achieve level 90.","81","Feats of Strength","22327",,"256","0"
"snapshot_non_legion_category","True","6746","Realm First! Level 90 Warlock","First warlock on the realm to achieve level 90.","81","Feats of Strength","22331",,"256","0"
"snapshot_non_legion_category","True","6747","Realm First! Level 90 Hunter","First hunter on the realm to achieve level 90.","81","Feats of Strength","22337",,"256","0"
"snapshot_non_legion_category","True","6748","Realm First! Level 90 Death Knight","First death knight on the realm to achieve level 90.","81","Feats of Strength","22339",,"256","0"
"snapshot_non_legion_category","True","6749","Realm First! Level 90 Mage","First mage on the realm to achieve level 90.","81","Feats of Strength","22335",,"256","0"
"snapshot_non_legion_category","True","6750","Realm First! Level 90 Warrior","First warrior on the realm to achieve level 90.","81","Feats of Strength","22333",,"256","0"
"snapshot_non_legion_category","True","6751","Realm First! Level 90 Rogue","First rogue on the realm to achieve level 90.","81","Feats of Strength","22329",,"256","0"
"snapshot_non_legion_category","True","6752","Realm First! Level 90 Monk","First monk on the realm to achieve level 90.","81","Feats of Strength","22341",,"256","0"
"snapshot_non_legion_category","True","6753","Got My Mind On My Money","Loot 200,000 gold.","92","General","22343",,"131072","10"
"snapshot_non_legion_category","True","6754","The Dark Heart of the Mogu","Discover each of the Mogu lore objects in Pandaria.","15113","Pandaria","22345",,"0","10"
"snapshot_non_legion_category","True","6755","Mogu'shan Palace","Defeat Xin the Weaponmaster in Mogu'shan Palace.","15106","Pandaria Dungeon","22350",,"0","10"
"snapshot_non_legion_category","True","6756","Heroic: Mogu'shan Palace","Defeat Xin the Weaponmaster in Mogu'shan Palace on Heroic Difficulty.","15106","Pandaria Dungeon","22352",,"0","10"
"snapshot_non_legion_category","True","6757","Temple of the Jade Serpent","Defeat the Sha of Doubt in Temple of the Jade Serpent.","15106","Pandaria Dungeon","22354",,"0","10"
"snapshot_non_legion_category","True","6758","Heroic: Temple of the Jade Serpent","Defeat the Sha of Doubt in Temple of the Jade Serpent on Heroic difficulty.","15106","Pandaria Dungeon","22356",,"0","10"
"snapshot_non_legion_category","True","6759","Heroic: Gate of the Setting Sun","Defeat Raigonn in Gate of the Setting Sun on Heroic Difficulty.","15106","Pandaria Dungeon","22358",,"0","10"
"snapshot_non_legion_category","True","6760","Heroic: Scarlet Halls","Defeat Flameweaver Koegler in Scarlet Halls on Heroic Difficulty.","15106","Pandaria Dungeon","22360",,"0","10"
"snapshot_non_legion_category","True","6761","Heroic: Scarlet Monastery","Defeat High Inquisitor Whitemane in Scarlet Monastery on Heroic Difficulty.","15106","Pandaria Dungeon","22362",,"0","10"
"snapshot_non_legion_category","True","6762","Heroic: Scholomance","Defeat Darkmaster Gandling in Scholomance on Heroic Difficulty.","15106","Pandaria Dungeon","22366",,"0","10"
"snapshot_non_legion_category","True","6763","Heroic: Siege of Niuzao Temple","Defeat Wing Leader Ner'onok in Siege of Niuzao Temple on Heroic Difficulty.","15106","Pandaria Dungeon","22368",,"0","10"
"snapshot_non_legion_category","True","6764","Heroic: Temple of the Jade Serpent Guild Run","Defeat the Sha of Doubt in Temple of the Jade Serpent on Heroic difficulty while in a guild group.","15153","Pandaria Dungeon","22378",,"53248","10"
"snapshot_non_legion_category","True","6766","Heroic: Mogu'shan Palace Guild Run","Defeat Xin the Weaponmaster in Mogu'shan Palace on Heroic Difficulty while in a guild group.","15153","Pandaria Dungeon","22382",,"53248","10"
"snapshot_non_legion_category","True","6767","Heroic: Shado-Pan Monastery Guild Run","Defeat Taran Zhu in Shado-Pan Monastery on Heroic Difficulty while in a guild group.","15153","Pandaria Dungeon","22384",,"53248","10"
"snapshot_non_legion_category","True","6768","Heroic: Gate of the Setting Sun Guild Run","Defeat Raigonn in Gate of the Setting Sun on Heroic Difficulty while in a guild group.","15153","Pandaria Dungeon","22386",,"53248","10"
"snapshot_non_legion_category","True","6769","Heroic: Scarlet Halls Guild Run","Defeat Flameweaver Koegler in Scarlet Halls on Heroic Difficulty while in a guild group.","15153","Pandaria Dungeon","22388",,"53248","10"
"snapshot_non_legion_category","True","6770","Heroic: Scarlet Monastery Guild Run","Defeat High Inquisitor Whitemane in Scarlet Monastery on Heroic Difficulty while in a guild group.","15153","Pandaria Dungeon","22374",,"53248","10"
"snapshot_non_legion_category","True","6771","Heroic: Scholomance Guild Run","Defeat Darkmaster Gandling in Scholomance on Heroic Difficulty while in a guild group.","15153","Pandaria Dungeon","22376",,"53248","10"
"snapshot_non_legion_category","True","6772","Heroic: Siege of Niuzao Temple Guild Run","Defeat Wing Leader Ner'onok in Siege of Niuzao Temple on Heroic Difficulty while in a guild group.","15153","Pandaria Dungeon","22380",,"53248","10"
"snapshot_non_legion_category","True","6775","Sha of Doubt kills (Temple of the Jade Serpent)","","15164","Mists of Pandaria","22400",,"1","0"
"snapshot_non_legion_category","True","6776","Sha of Doubt kills (Heroic Temple of the Jade Serpent)","","15164","Mists of Pandaria","22402",,"1","0"
"snapshot_non_legion_category","True","6777","Yan-Zhu the Uncasked kills (Stormstout Brewery)","","15164","Mists of Pandaria","22404",,"1","0"
"snapshot_non_legion_category","True","6778","Xin the Weaponmaster kills (Mogu'shan Palace)","","15164","Mists of Pandaria","22408",,"1","0"
"snapshot_non_legion_category","True","6779","Yan-Zhu the Uncasked kills (Heroic Stormstout Brewery)","","15164","Mists of Pandaria","22406",,"1","0"
"snapshot_non_legion_category","True","6780","Xin the Weaponmaster kills (Heroic Mogu'shan Palace)","","15164","Mists of Pandaria","22410",,"1","0"
"snapshot_non_legion_category","True","6781","Taran Zhu redemptions (Shado-Pan Monastery)","","15164","Mists of Pandaria","22412",,"1","0"
"snapshot_non_legion_category","True","6782","Taran Zhu redemptions (Heroic Shado-Pan Monastery)","","15164","Mists of Pandaria","22414",,"1","0"
"snapshot_non_legion_category","True","6783","Raigonn kills (Heroic Gate of the Setting Sun)","","15164","Mists of Pandaria","22416",,"1","0"
"snapshot_non_legion_category","True","6784","Flameweaver Koegler kills (Heroic Scarlet Halls)","","15164","Mists of Pandaria","22418",,"1","0"
"snapshot_non_legion_category","True","6785","High Inquisitor Whitemane kills (Heroic Scarlet Monastery)","","15164","Mists of Pandaria","22420",,"1","0"
"snapshot_non_legion_category","True","6786","Flameweaver Koegler kills (Scarlet Halls)","","14821","Classic","22423",,"1","0"
"snapshot_non_legion_category","True","6787","Darkmaster Gandling kills (Heroic Scholomance)","","15164","Mists of Pandaria","22425",,"1","0"
"snapshot_non_legion_category","True","6788","Wing Leader Ner'onok kills (Heroic Siege of Niuzao Temple)","","15164","Mists of Pandaria","22427",,"1","0"
"snapshot_non_legion_category","True","6789","Stone Guard kills (10-player Normal Mogu'shan Vaults)","","15164","Mists of Pandaria","22429",,"1","0"
"snapshot_non_legion_category","True","6790","Stone Guard kills (10-player Heroic Mogu'shan Vaults)","","15164","Mists of Pandaria","22431",,"1","0"
"snapshot_non_legion_category","True","6791","Feng the Accursed kills (10-player Normal Mogu'shan Vaults)","","15164","Mists of Pandaria","22433",,"1","0"
"snapshot_non_legion_category","True","6792","Feng the Accursed kills (10-player Heroic Mogu'shan Vaults)","","15164","Mists of Pandaria","22435",,"1","0"
"snapshot_non_legion_category","True","6793","Gara'jal the Spiritbinder kills (10-player Normal Mogu'shan Vaults)","","15164","Mists of Pandaria","22437",,"1","0"
"snapshot_non_legion_category","True","6794","Gara'jal the Spiritbinder kills (10-player Heroic Mogu'shan Vaults)","","15164","Mists of Pandaria","22439",,"1","0"
"snapshot_non_legion_category","True","6795","Four Kings kills (10-player Normal Mogu'shan Vaults)","","15164","Mists of Pandaria","22441",,"1","0"
"snapshot_non_legion_category","True","6796","Four Kings kills (10-player Heroic Mogu'shan Vaults)","","15164","Mists of Pandaria","22443",,"1","0"
"snapshot_non_legion_category","True","6797","Elegon kills (10-player Normal Mogu'shan Vaults)","","15164","Mists of Pandaria","22445",,"1","0"
"snapshot_non_legion_category","True","6798","Elegon kills (10-player Heroic Mogu'shan Vaults)","","15164","Mists of Pandaria","22447",,"1","0"
"snapshot_non_legion_category","True","6799","Will of the Emperor kills (10-player Normal Mogu'shan Vaults)","","15164","Mists of Pandaria","22449",,"1","0"
"snapshot_non_legion_category","True","6800","Will of the Emperor kills (10-player Heroic Mogu'shan Vaults)","","15164","Mists of Pandaria","22451",,"1","0"
"snapshot_non_legion_category","True","6801","Imperial Vizier Zor'lok kills (10-player Normal Heart of Fear)","","15164","Mists of Pandaria","22453",,"1","0"
"snapshot_non_legion_category","True","6802","Imperial Vizier Zor'lok kills (10-player Heroic Heart of Fear)","","15164","Mists of Pandaria","22455",,"1","0"
"snapshot_non_legion_category","True","6803","Blade Lord Ta'yak kills (10-player Normal Heart of Fear)","","15164","Mists of Pandaria","22457",,"1","0"
"snapshot_non_legion_category","True","6804","Blade Lord Ta'yak kills (10-player Heroic Heart of Fear)","","15164","Mists of Pandaria","22459",,"1","0"
"snapshot_non_legion_category","True","6805","Garalon kills (10-player Normal Heart of Fear)","","15164","Mists of Pandaria","22461",,"1","0"
"snapshot_non_legion_category","True","6806","Garalon kills (10-player Heroic Heart of Fear)","","15164","Mists of Pandaria","22463",,"1","0"
"snapshot_non_legion_category","True","6807","Wind Lord Mel'jarak kills (10-player Normal Heart of Fear)","","15164","Mists of Pandaria","22465",,"1","0"
"snapshot_non_legion_category","True","6808","Wind Lord Mel'jarak kills (10-player Heroic Heart of Fear)","","15164","Mists of Pandaria","22467",,"1","0"
"snapshot_non_legion_category","True","6809","Amber-Shaper Un'sok kills (10-player Normal Heart of Fear)","","15164","Mists of Pandaria","22469",,"1","0"
"snapshot_non_legion_category","True","6810","Amber-Shaper Un'sok kills (10-player Heroic Heart of Fear)","","15164","Mists of Pandaria","22471",,"1","0"
"snapshot_non_legion_category","True","6811","Grand Empress Shek'zeer kills (10-player Normal Heart of Fear)","","15164","Mists of Pandaria","22473",,"1","0"
"snapshot_non_legion_category","True","6812","Grand Empress Shek'zeer kills (10-player Heroic Heart of Fear)","","15164","Mists of Pandaria","22475",,"1","0"
"snapshot_non_legion_category","True","6813","Protectors of the Endless kills (10-player Normal Terrace of Endless Spring)","","15164","Mists of Pandaria","22477",,"1","0"
"snapshot_non_legion_category","True","6814","Protectors of the Endless kills (10-player Heroic Terrace of Endless Spring)","","15164","Mists of Pandaria","22479",,"1","0"
"snapshot_non_legion_category","True","6815","Tsulong redemptions (10-player Normal Terrace of Endless Spring)","","15164","Mists of Pandaria","22481",,"1","0"
"snapshot_non_legion_category","True","6816","Tsulong redemptions (10-player Heroic Terrace of Endless Spring)","","15164","Mists of Pandaria","22483",,"1","0"
"snapshot_non_legion_category","True","6817","Lei Shi redemptions (10-player Normal Terrace of Endless Spring)","","15164","Mists of Pandaria","22485",,"1","0"
"snapshot_non_legion_category","True","6818","Lei Shi redemptions (10-player Heroic Terrace of Endless Spring)","","15164","Mists of Pandaria","22487",,"1","0"
"snapshot_non_legion_category","True","6819","Sha of Fear kills (10-player Normal Terrace of Endless Spring)","","15164","Mists of Pandaria","22489",,"1","0"
"snapshot_non_legion_category","True","6820","Sha of Fear kills (10-player Heroic Terrace of Endless Spring)","","15164","Mists of Pandaria","22491",,"1","0"
"snapshot_non_legion_category","True","6821","School's Out Forever","Defeat 50 Expired Test Subjects within 20 seconds in Scholomance on Heroic Difficulty.","15106","Pandaria Dungeon","22724",,"0","10"
"snapshot_non_legion_category","True","6822","Run with the Wind","Defeat Ner'onok in Siege of Niuzao Temple on Heroic Difficulty while under the effect of Tenwu's Resolve.","15106","Pandaria Dungeon","22758",,"0","10"
"snapshot_non_legion_category","True","6823","Must Love Dogs","Defeat the Stone Guard in Mogu'shan Vaults on Normal or Heroic difficulty while every member of your raid is accompanied by a canine companion pet.","15107","Pandaria Raid","22921",,"0","10"
"snapshot_non_legion_category","True","6824","Face Clutchers","Defeat Lei Shi while all members of the raid are afflicted by Parasitic Clutch in Terrace of Endless Spring on Normal or Heroic difficulty.","15107","Pandaria Raid","22973",,"0","10"
"snapshot_non_legion_category","True","6825","The Mind-Killer","Defeat the Sha of Fear in Terrace of Endless Spring on Normal or Heroic difficulty without any raid members being feared by Dread Spray or Breath of Fear.","15107","Pandaria Raid","23028",,"0","10"
"snapshot_non_legion_category","True","6826","55 Exalted Reputations","Raise 55 reputations to Exalted.","201","Reputation","22527",,"12288","10"
"snapshot_non_legion_category","True","6827","Pandaren Ambassador","Earn Exalted with all of the pandaren reputations listed below.","15114","Pandaria","21702",,"12288","20"
"snapshot_non_legion_category","True","6828","Pandaren Ambassador","Earn Exalted with all of the pandaren reputations listed below.","15114","Pandaria","21755",,"12288","20"
"snapshot_non_legion_category","True","6829","Realm First! Pandaren Ambassador","First person on the realm to gain Exalted reputation with all pandaren factions.","81","Feats of Strength","22529",,"256","0"
"snapshot_non_legion_category","True","6830","Professional Zen Master","Obtain 600 skill points in a profession.","169","Professions","22532",,"4096","10"
"snapshot_non_legion_category","True","6835","Working For a Living","Obtain 600 skill points in two primary professions.","169","Professions","22550",,"0","10"
"snapshot_non_legion_category","True","6836","Serious Skills to Pay the Bills","Obtain 600 skill points in Fishing, First Aid, Cooking, and Archaeology.","169","Professions","20263",,"0","10"
"snapshot_non_legion_category","True","6837","Zen Master Archaeologist","Obtain 600 skill points in archaeology.","15071","Archaeology","22562",,"0","10"
"snapshot_non_legion_category","True","6838","Zen Master Medic","Obtain 600 skill points in first aid.","172","First Aid","22564",,"0","10"
"snapshot_non_legion_category","True","6839","Zen Master Fisherman","Obtain 600 skill points in fishing.","171","Fishing","22566",,"0","10"
"snapshot_non_legion_category","True","6844","The Vault of Mysteries","Defeat the final three bosses in Mogu'shan Vaults.","15107","Pandaria Raid","89",,"0","10"
"snapshot_non_legion_category","True","6845","Nightmare of Shek'zeer","Defeat the final three bosses in Heart of Fear.","15107","Pandaria Raid","22260",,"0","10"
"snapshot_non_legion_category","True","6846","Fish Tales","Discover each of the Jinyu lore objects in Pandaria.","15113","Pandaria","22626",,"0","10"
"snapshot_non_legion_category","True","6847","The Song of the Yaungol","Discover each of the Yaungol lore objects in Pandaria.","15113","Pandaria","22631",,"0","10"
"snapshot_non_legion_category","True","6848","Collector's Edition: Lucky Quilen Cub","Owner of the Mists of Pandaria Collector's Edition Lucky Quilen Cub pet.","15268","Promotions","22639",,"133120","0"
"snapshot_non_legion_category","True","6849","Collector's Edition: Imperial Quilen","Owner of the Mists of Pandaria Collector's Edition Imperial Quilen mount.","15268","Promotions","22636",,"133120","0"
"snapshot_non_legion_category","True","6850","Hozen in the Mist","Discover each of the Hozen lore objects in Pandaria.","15113","Pandaria","22642",,"0","10"
"snapshot_non_legion_category","True","6851","Take 'Em All On!","Win a solo pet battle against a pet of every family.","15119","Battle","22764",,"131072","10"
"snapshot_non_legion_category","True","6855","The Seven Burdens of Shaohao","Discover each of the lore objects that tell the tale of Shaohao, Last Emperor of Pandaria.","15113","Pandaria","22647",,"0","10"
"snapshot_non_legion_category","True","6856","Ballad of Liu Lang","Discover each of the lore objects in Pandaria that tell the tale of Liu Lang.","15113","Pandaria","22656",,"0","10"
"snapshot_non_legion_category","True","6857","Heart of the Mantid Swarm","Discover each of the Mantid lore objects in Pandaria.","15113","Pandaria","22661",,"0","10"
"snapshot_non_legion_category","True","6858","What Is Worth Fighting For","Discover each of the Monk lore objects in Pandaria.","15113","Pandaria","22666",,"0","10"
"snapshot_non_legion_category","True","6859","Realm First! Zen Master Alchemist","First person on the realm to achieve 600 skill in alchemy.","81","Feats of Strength","22671",,"256","0"
"snapshot_non_legion_category","True","6860","Realm First! Zen Master Blacksmith","First person on the realm to achieve 600 skill in blacksmithing.","81","Feats of Strength","22673",,"256","0"
"snapshot_non_legion_category","True","6861","Realm First! Zen Master Cook","First person on the realm to achieve 600 skill in cooking.","81","Feats of Strength","22675",,"256","0"
"snapshot_non_legion_category","True","6862","Realm First! Zen Master Enchanter","First person on the realm to achieve 600 skill in enchanting.","81","Feats of Strength","22677",,"256","0"
"snapshot_non_legion_category","True","6863","Realm First! Zen Master Engineer","First person on the realm to achieve 600 skill in engineering.","81","Feats of Strength","22679",,"256","0"
"snapshot_non_legion_category","True","6864","Realm First! Zen Master Medic","First person on the realm to achieve 600 skill in first aid.","81","Feats of Strength","22681",,"256","0"
"snapshot_non_legion_category","True","6865","Realm First! Zen Master Angler","First person on the realm to achieve 600 skill in fishing.","81","Feats of Strength","22683",,"256","0"
"snapshot_non_legion_category","True","6866","Realm First! Zen Master Herbalist","First person on the realm to achieve 600 skill in herbalism.","81","Feats of Strength","22685",,"256","0"
"snapshot_non_legion_category","True","6867","Realm First! Zen Master Scribe","First person on the realm to achieve 600 skill in inscription.","81","Feats of Strength","22687",,"256","0"
"snapshot_non_legion_category","True","6868","Realm First! Zen Master Jewelcrafter","First person on the realm to achieve 600 skill in jewelcrafting.","81","Feats of Strength","22689",,"256","0"
"snapshot_non_legion_category","True","6869","Realm First! Zen Master Leatherworker","First person on the realm to achieve 600 skill in leatherworking.","81","Feats of Strength","22691",,"256","0"
"snapshot_non_legion_category","True","6870","Realm First! Zen Master Miner","First person on the realm to achieve 600 skill in mining.","81","Feats of Strength","22693",,"256","0"
"snapshot_non_legion_category","True","6871","Realm First! Zen Master Skinner","First person on the realm to achieve 600 skill in skinning.","81","Feats of Strength","22695",,"256","0"
"snapshot_non_legion_category","True","6872","Realm First! Zen Master Tailor","First person on the realm to achieve 600 skill in tailoring.","81","Feats of Strength","22697",,"256","0"
"snapshot_non_legion_category","True","6873","Realm First! Zen Master Archaeologist","First person on the realm to achieve 600 skill in archaeology.","81","Feats of Strength","22699",,"256","0"
"snapshot_non_legion_category","True","6874","Scenaturday","Complete all of the scenarios listed below on a Saturday.","15229","Mists of Pandaria","28620",,"0","5"
"snapshot_non_legion_category","True","6882","Temple of Kotmogu Veteran","Complete 100 victories in Temple of Kotmogu.","15163","Temple of Kotmogu","22792",,"0","10"
"snapshot_non_legion_category","True","6883","Silvershard Mines Veteran","Complete 100 victories in Silvershard Mines.","15162","Silvershard Mines","22794",,"0","10"
"snapshot_non_legion_category","True","6884","Temple of the Jade Serpent Challenger","Complete the Temple of the Jade Serpent Challenge Mode.","15277","Dungeons","22796",,"2048","0"
"snapshot_non_legion_category","True","6885","Temple of the Jade Serpent: Bronze","Complete the Temple of the Jade Serpent Challenge Mode with a rating of Bronze or better.","15277","Dungeons","24430",,"2048","0"
"snapshot_non_legion_category","True","6886","Temple of the Jade Serpent: Silver","Complete the Temple of the Jade Serpent Challenge Mode with a rating of Silver or better.","15277","Dungeons","24432",,"2048","0"
"snapshot_non_legion_category","True","6887","Temple of the Jade Serpent: Gold","Complete the Temple of the Jade Serpent Challenge Mode with a rating of Gold.","15277","Dungeons","24434",,"2048","0"
"snapshot_non_legion_category","True","6888","Stormstout Brewery Challenger","Complete the Stormstout Brewery Challenge Mode.","15277","Dungeons","22798",,"2048","0"
"snapshot_non_legion_category","True","6889","Stormstout Brewery: Bronze","Complete the Stormstout Brewery Challenge Mode with a rating of Bronze or better.","15277","Dungeons","24437",,"2048","0"
"snapshot_non_legion_category","True","6890","Stormstout Brewery: Silver","Complete the Stormstout Brewery Challenge Mode with a rating of Silver or better.","15277","Dungeons","24439",,"2048","0"
"snapshot_non_legion_category","True","6891","Stormstout Brewery: Gold","Complete the Stormstout Brewery Challenge Mode with a rating of Gold.","15277","Dungeons","24441",,"2048","0"
"snapshot_non_legion_category","True","6892","Mogu'shan Palace Challenger","Complete the Mogu'shan Palace Challenge Mode.","15277","Dungeons","22799",,"2048","0"
"snapshot_non_legion_category","True","6893","Shado-Pan Monastery Challenger","Complete the Shado-Pan Monastery Challenge Mode.","15277","Dungeons","22800",,"2048","0"
"snapshot_non_legion_category","True","6894","Gate of the Setting Sun Challenger","Complete the Gate of the Setting Sun Challenge Mode.","15277","Dungeons","22801",,"2048","0"
"snapshot_non_legion_category","True","6895","Scarlet Halls Challenger","Complete the Scarlet Halls Challenge Mode.","15277","Dungeons","22802",,"2048","0"
"snapshot_non_legion_category","True","6896","Scarlet Monastery Challenger","Complete the Scarlet Monastery Challenge Mode.","15277","Dungeons","22803",,"2048","0"
"snapshot_non_legion_category","True","6897","Scholomance Challenger","Complete the Scholomance Challenge Mode.","15277","Dungeons","22804",,"2048","0"
"snapshot_non_legion_category","True","6898","Siege of Niuzao Temple Challenger","Complete the Siege of Niuzao Temple Challenge Mode.","15277","Dungeons","22806",,"2048","0"
"snapshot_non_legion_category","True","6899","Mogu'shan Palace: Bronze","Complete the Mogu'shan Palace Challenge Mode with a rating of Bronze or better.","15277","Dungeons","24444",,"2048","0"
"snapshot_non_legion_category","True","6900","Mogu'shan Palace: Silver","Complete the Mogu'shan Palace Challenge Mode with a rating of Silver or better.","15277","Dungeons","24446",,"2048","0"
"snapshot_non_legion_category","True","6901","Mogu'shan Palace: Gold","Complete the Mogu'shan Palace Challenge Mode with a rating of Gold.","15277","Dungeons","24448",,"2048","0"
"snapshot_non_legion_category","True","6902","Shado-Pan Monastery: Bronze","Complete the Shado-Pan Monastery Challenge Mode with a rating of Bronze or better.","15277","Dungeons","24451",,"2048","0"
"snapshot_non_legion_category","True","6903","Shado-Pan Monastery: Silver","Complete the Shado-Pan Monastery Challenge Mode with a rating of Silver or better.","15277","Dungeons","24453",,"2048","0"
"snapshot_non_legion_category","True","6904","Shado-Pan Monastery: Gold","Complete the Shado-Pan Monastery Challenge Mode with a rating of Gold.","15277","Dungeons","24455",,"2048","0"
"snapshot_non_legion_category","True","6905","Gate of the Setting Sun: Bronze","Complete the Gate of the Setting Sun Challenge Mode with a rating of Bronze or better.","15277","Dungeons","24458",,"2048","0"
"snapshot_non_legion_category","True","6906","Gate of the Setting Sun: Silver","Complete the Gate of the Setting Sun Challenge Mode with a rating of Silver or better.","15277","Dungeons","24460",,"2048","0"
"snapshot_non_legion_category","True","6907","Gate of the Setting Sun: Gold","Complete the Gate of the Setting Sun Challenge Mode with a rating of Gold.","15277","Dungeons","24462",,"2048","0"
"snapshot_non_legion_category","True","6908","Scarlet Halls: Bronze","Complete the Scarlet Halls Challenge Mode with a rating of Bronze or better.","15277","Dungeons","24465",,"2048","0"
"snapshot_non_legion_category","True","6909","Scarlet Halls: Silver","Complete the Scarlet Halls Challenge Mode with a rating of Silver or better.","15277","Dungeons","24467",,"2048","0"
"snapshot_non_legion_category","True","6910","Scarlet Halls: Gold","Complete the Scarlet Halls Challenge Mode with a rating of Gold.","15277","Dungeons","24469",,"2048","0"
"snapshot_non_legion_category","True","6911","Scarlet Monastery: Bronze","Complete the Scarlet Monastery Challenge Mode with a rating of Bronze or better.","15277","Dungeons","24472",,"2048","0"
"snapshot_non_legion_category","True","6912","Scarlet Monastery: Silver","Complete the Scarlet Monastery Challenge Mode with a rating of Silver or better.","15277","Dungeons","24474",,"2048","0"
"snapshot_non_legion_category","True","6913","Scarlet Monastery: Gold","Complete the Scarlet Monastery Challenge Mode with a rating of Gold.","15277","Dungeons","24476",,"2048","0"
"snapshot_non_legion_category","True","6914","Scholomance: Bronze","Complete the Scholomance Challenge Mode with a rating of Bronze or better.","15277","Dungeons","24484",,"2048","0"
"snapshot_non_legion_category","True","6915","Scholomance: Silver","Complete the Scholomance Challenge Mode with a rating of Silver or better.","15277","Dungeons","24486",,"2048","0"
"snapshot_non_legion_category","True","6916","Scholomance: Gold","Complete the Scholomance Challenge Mode with a rating of Gold.","15277","Dungeons","24488",,"2048","0"
"snapshot_non_legion_category","True","6917","Siege of Niuzao Temple: Bronze","Complete the Siege of Niuzao Temple Challenge Mode with a rating of Bronze or better.","15277","Dungeons","24478",,"2048","0"
"snapshot_non_legion_category","True","6918","Siege of Niuzao Temple: Silver","Complete the Siege of Niuzao Temple Challenge Mode with a rating of Silver or better.","15277","Dungeons","24480",,"2048","0"
"snapshot_non_legion_category","True","6919","Siege of Niuzao Temple: Gold","Complete the Siege of Niuzao Temple Challenge Mode with a rating of Gold.","15277","Dungeons","24482",,"2048","0"
"snapshot_non_legion_category","True","6920","Challenge Conqueror","Complete every Challenge Mode dungeon.","15277","Dungeons","22808",,"2048","0"
"snapshot_non_legion_category","True","6921","Challenge Conquerors - Guild Edition","Completed every Pandaria Challenge Mode dungeon while in a guild group.","15093","Guild Feats of Strength","27512",,"20480","0"
"snapshot_non_legion_category","True","6922","Timing is Everything","Defeat two Kor'thik Reavers within 10 seconds of each other, and then defeat Grand Empress Shek'zeer in Heart of Fear on Normal or Heroic difficulty.","15107","Pandaria Raid","27446",,"0","10"
"snapshot_non_legion_category","True","6923","Brewmoon Festival","Defeat Warbringer Qobi in the Brewmoon Festival scenario.","15229","Mists of Pandaria","22852",,"0","10"
"snapshot_non_legion_category","True","6924","100,000 Valor Points","Earn 100,000 Valor Points.","15280","Currencies","22870",,"133120","0"
"snapshot_non_legion_category","True","6925","Pandaria Dungeon Hero","Complete the heroic Pandaria dungeon achievements listed below.","168","Dungeons & Raids","22872",,"135168","20"
"snapshot_non_legion_category","True","6926","Tranquil Master","Purge Pandaria of Sha corruption, defeating each known manifestation of negative emotion.","168","Dungeons & Raids","22885",,"0","10"
"snapshot_non_legion_category","True","6927","Glory of the Pandaria Hero","Complete the Pandaria Heroic dungeon achievements listed below.","168","Dungeons & Raids","22892",,"143360","25"
"snapshot_non_legion_category","True","6928","Burning Man","Cause Brother Korloff to light six nearby training dummies on fire, and then defeat him, in Scarlet Monastery on Heroic Difficulty.","15106","Pandaria Dungeon","23331",,"0","10"
"snapshot_non_legion_category","True","6929","And Stay Dead!","Allow High Inquisitor Whitemane to cast Mass Resurrection, defeat all revived Scarlet Judicators, and then defeat Whitemane in Scarlet Monastery on Heroic Difficulty.","15106","Pandaria Dungeon","23441",,"0","10"
"snapshot_non_legion_category","True","6930","Yaungolian Barbecue","Complete the Brewmoon Festival scenario without any Bataari invaders setting the village on fire.","15229","Mists of Pandaria","24049",,"0","10"
"snapshot_non_legion_category","True","6931","Binan Village All-Star","Personally use each of the Brewmoon Festival defenses.","15229","Mists of Pandaria","22924",,"0","10"
"snapshot_non_legion_category","True","6932","Glory of the Pandaria Raider","Complete the Pandaria raid achievements listed below.","168","Dungeons & Raids","22937",,"143360","25"
"snapshot_non_legion_category","True","6933","Who's Got Two Green Thumbs?","Win the Tsulong encounter while keeping the Enchanted Plant alive.","15107","Pandaria Raid","23077",,"0","10"
"snapshot_non_legion_category","True","6936","Candle in the Wind","Defeat Blade Lord Ta'yak while all four braziers are lit in Heart of Fear on Normal or Heroic difficulty.","15107","Pandaria Raid","27450",,"0","10"
"snapshot_non_legion_category","True","6937","Overzealous","Defeat Imperial Vizier Zor'lok while every member of the raid is afflicted with the Zealous Parasite debuff.","15107","Pandaria Raid","23004",,"0","10"
"snapshot_non_legion_category","True","6938","Cataclysmic Gladiator","Achieved Cataclysmic Gladiator title.","15270","Player vs. Player","23015",,"2048","0"
"snapshot_non_legion_category","True","6939","Hero of the Alliance: Cataclysmic","End PvP season 11 in the top .5% of the rated battleground ladder.","15270","Player vs. Player","23017",,"14336","0"
"snapshot_non_legion_category","True","6940","Hero of the Horde: Cataclysmic","End PvP season 11 in the top .5% of the rated battleground ladder.","15270","Player vs. Player","23019",,"14336","0"
"snapshot_non_legion_category","True","6941","Hero of the Horde","End a PvP season in the top 0.5% of the rated battleground ladder (requires 50 games won in the current season).","15092","Rated Battleground","23030",,"12288","10"
"snapshot_non_legion_category","True","6942","Hero of the Alliance","End a PvP season in the top 0.5% of the rated battleground ladder (requires 50 games won in the current season).","15092","Rated Battleground","23032",,"12288","10"
"snapshot_non_legion_category","True","6943","Queuing Spree","Complete 100 scenarios.","15165","Scenarios","23075",,"0","10"
"snapshot_non_legion_category","True","6945","Mantid Swarm","Defeat Raigonn without killing any of the Mantid reinforcements.","15106","Pandaria Dungeon","23079",,"0","10"
"snapshot_non_legion_category","True","6946","Empowered Spiritualist","Defeat Thalnos the Soulrender while three Empowered Zombies are alive, in Scarlet Monastery on Heroic Difficulty.","15106","Pandaria Dungeon","23081",,"0","10"
"snapshot_non_legion_category","True","6947","Four Square","Hold all four Orbs of Power at least once in a single Temple of Kotmogu battle.","15163","Temple of Kotmogu","23085",,"0","10"
"snapshot_non_legion_category","True","6950","Powerball","Hold an Orb of Power in the center of the Temple of Kotmogu for 90 seconds.","15163","Temple of Kotmogu","27244",,"0","10"
"snapshot_non_legion_category","True","6954","Ahead of the Curve: Will of the Emperor","Defeat the Will of the Emperor in Mogu'shan Vaults on Normal difficulty, before the release of patch 5.2.","15271","Raids","23098",,"2048","0"
"snapshot_non_legion_category","True","6969","Explore Valley of the Four Winds","Explore Valley of the Four Winds, revealing the covered areas of the world map.","15113","Pandaria","23152",,"0","10"
"snapshot_non_legion_category","True","6970","Blackout","Kill 100 enemies that are holding an Orb of Power.","15163","Temple of Kotmogu","23150",,"0","10"
"snapshot_non_legion_category","True","6971","I've Got the Power","Win Temple of Kotmogu while controlling all 4 Orbs of Power.","15163","Temple of Kotmogu","27250",,"0","10"
"snapshot_non_legion_category","True","6972","What is Best in Life?","Earn 8,000 Victory Points for your team in Temple of Kotmogu.","15163","Temple of Kotmogu","23445",,"0","10"
"snapshot_non_legion_category","True","6973","Can't Stop Won't Stop","Kill 100 enemies while holding an Orb of Power.","15163","Temple of Kotmogu","23172",,"0","10"
"snapshot_non_legion_category","True","6974","Pandaria Explorer","Explore the regions of Pandaria.","97","Exploration","23169",,"131072","25"
"snapshot_non_legion_category","True","6975","Explore Krasarang Wilds","Explore Krasarang Wilds, revealing the covered areas of the world map.","15113","Pandaria","23180",,"0","10"
"snapshot_non_legion_category","True","6976","Explore Kun-Lai Summit","Explore Kun-Lai Summit, revealing the covered areas of the world map.","15113","Pandaria","23197",,"0","10"
"snapshot_non_legion_category","True","6977","Explore Townlong Steppes","Explore Townlong Steppes, revealing the covered areas of the world map.","15113","Pandaria","23212",,"0","10"
"snapshot_non_legion_category","True","6978","Explore Dread Wastes","Explore Dread Wastes, revealing the covered areas of the world map.","15113","Pandaria","27178",,"0","10"
"snapshot_non_legion_category","True","6979","Explore Vale of Eternal Blossoms","Explore the Vale of Eternal Blossoms, revealing the covered areas of the world map.","15113","Pandaria","23517",,"0","10"
"snapshot_non_legion_category","True","6980","Temple of Kotmogu All-Star","Hold four Orbs of Power and kill four enemies who are holding an Orb of Power in a single Temple of Kotmogu match.","15163","Temple of Kotmogu","27253",,"0","10"
"snapshot_non_legion_category","True","6981","Master of Temple of Kotmogu","Complete the Temple of Kotmogu achievements listed below.","15163","Temple of Kotmogu","24555",,"131072","10"
"snapshot_non_legion_category","True","6983","Stone Guard kills (LFR Mogu'shan Vaults)","","15164","Mists of Pandaria","23225",,"1","0"
"snapshot_non_legion_category","True","6984","Feng the Accursed kills (LFR Mogu'shan Vaults)","","15164","Mists of Pandaria","23227",,"1","0"
"snapshot_non_legion_category","True","6985","Gara'jal the Spiritbinder kills (LFR Mogu'shan Vaults)","","15164","Mists of Pandaria","23229",,"1","0"
"snapshot_non_legion_category","True","6986","Four Kings kills (LFR Mogu'shan Vaults)","","15164","Mists of Pandaria","23231",,"1","0"
"snapshot_non_legion_category","True","6987","Elegon kills (LFR Mogu'shan Vaults)","","15164","Mists of Pandaria","23233",,"1","0"
"snapshot_non_legion_category","True","6988","Will of the Emperor kills (LFR Normal Mogu'shan Vaults)","","15164","Mists of Pandaria","23235",,"1","0"
"snapshot_non_legion_category","True","6989","Sha of Anger kills (Kun-Lai Summit)","","15164","Mists of Pandaria","28398",,"1","0"
"snapshot_non_legion_category","True","6990","Salyis's Warband kills (Valley of the Four Winds)","","15164","Mists of Pandaria","28400",,"1","0"
"snapshot_non_legion_category","True","6991","Imperial Vizier Zor'lok kills (LFR Heart of Fear)","","15164","Mists of Pandaria","23237",,"1","0"
"snapshot_non_legion_category","True","6992","Blade Lord Ta'yak kills (LFR Heart of Fear)","","15164","Mists of Pandaria","23239",,"1","0"
"snapshot_non_legion_category","True","6993","Garalon kills (LFR Heart of Fear)","","15164","Mists of Pandaria","23241",,"1","0"
"snapshot_non_legion_category","True","6994","Wind Lord Mel'jarak kills (LFR Heart of Fear)","","15164","Mists of Pandaria","23243",,"1","0"
"snapshot_non_legion_category","True","6995","Amber-Shaper Un'sok kills (LFR Heart of Fear)","","15164","Mists of Pandaria","23245",,"1","0"
"snapshot_non_legion_category","True","6996","Grand Empress Shek'zeer kills (LFR Heart of Fear)","","15164","Mists of Pandaria","23247",,"1","0"
"snapshot_non_legion_category","True","6997","Protectors of the Endless kills (LFR Terrace of Endless Spring)","","15164","Mists of Pandaria","23249",,"1","0"
"snapshot_non_legion_category","True","6998","Tsulong redemptions (LFR Terrace of Endless Spring)","","15164","Mists of Pandaria","23251",,"1","0"
"snapshot_non_legion_category","True","6999","Lei Shi redemptions (LFR Terrace of Endless Spring)","","15164","Mists of Pandaria","23253",,"1","0"
"snapshot_non_legion_category","True","7000","Sha of Fear kills (LFR Terrace of Endless Spring)","","15164","Mists of Pandaria","23255",,"1","0"
"snapshot_non_legion_category","True","7039","The Long Riders","Escort a mine cart from its spawn to a depot and capture it without losing control.","15162","Silvershard Mines","27214",,"0","10"
"snapshot_non_legion_category","True","7049","Mine Cart Courier","Capture a mine cart using each of the 5 sets of tracks in a single Silvershard Mines match.","15162","Silvershard Mines","27229",,"0","10"
"snapshot_non_legion_category","True","7056","Sorry, Were You Looking for This?","Successfully activate the Ancient Mogu Artifact during the Gara'jal the Spiritbinder encounter in Mogu'shan Vaults on Normal or Heroic difficulty.","15107","Pandaria Raid","23363",,"0","10"
"snapshot_non_legion_category","True","7057","End of the Line","Seize control of a mine cart that is controlled by the opposing team within 20 yards of the depot, and then capture it.","15162","Silvershard Mines","27239",,"0","10"
"snapshot_non_legion_category","True","7062","Mine Mine Mine!","Kill 250 enemies while you are defending a mine cart.","15162","Silvershard Mines","27203",,"0","10"
"snapshot_non_legion_category","True","7099","Five for Five","Capture five mine carts in a single Silvershard Mines battle without dying.","15162","Silvershard Mines","27205",,"0","10"
"snapshot_non_legion_category","True","7100","My Diamonds and Your Rust","Win a Silvershard Mines battle without letting the enemy team capture a mine cart.","15162","Silvershard Mines","27207",,"0","10"
"snapshot_non_legion_category","True","7102","Escort Service","Capture 100 mine carts in Silvershard Mines.","15162","Silvershard Mines","27209",,"0","10"
"snapshot_non_legion_category","True","7103","Greed is Good","Gain both the Berserking and Restoration buffs at the same time in Silvershard Mines.","15162","Silvershard Mines","27211",,"0","10"
"snapshot_non_legion_category","True","7106","Master of Silvershard Mines","Complete the Silvershard Mines achievements listed below.","15162","Silvershard Mines","24545",,"131072","10"
"snapshot_non_legion_category","True","7223","Cataclysm dungeons completed (final boss defeated)","Cataclysm dungeons completed (final boss killed)","14807","Dungeons & Raids","24566",,"1","0"
"snapshot_non_legion_category","True","7224","Cataclysm raids completed (final boss defeated)","Cataclysm raids completed (final boss killed)","14807","Dungeons & Raids","24585",,"1","0"
"snapshot_non_legion_category","True","7230","Legend of the Brewfathers","Discover each of the three Brewfather Shrines in Pandaria.","15113","Pandaria","23695",,"0","10"
"snapshot_non_legion_category","True","7231","Spill No Evil","Complete Stage 2 of Unga Ingoo without any brew being stolen from the cauldron.","15229","Mists of Pandaria","24286",,"0","10"
"snapshot_non_legion_category","True","7232","The Keg Runner","Complete Stage 2 of Unga Ingoo in less than four minutes.","15229","Mists of Pandaria","24284",,"0","10"
"snapshot_non_legion_category","True","7239","Monkey in the Middle","Defeat Captain Ook without him getting an orange.","15229","Mists of Pandaria","24045",,"0","10"
"snapshot_non_legion_category","True","7240","Pandaria dungeons completed (final boss defeated)","Pandaria dungeons completed (final boss killed)","14807","Dungeons & Raids","24593",,"1","0"
"snapshot_non_legion_category","True","7241","Pandaria raids completed (final boss defeated)","Pandaria raids completed (final boss killed)","14807","Dungeons & Raids","24581",,"1","0"
"snapshot_non_legion_category","True","7242","Pandaria dungeon bosses defeated","Pandaria 5-player bosses killed","14807","Dungeons & Raids","24603",,"1","0"
"snapshot_non_legion_category","True","7244","Pandaria dungeon boss defeated the most","Pandaria dungeon boss killed the most","14807","Dungeons & Raids","24671",,"1","0"
"snapshot_non_legion_category","True","7245","Pandaria raid bosses defeated","Pandaria raid bosses killed","14807","Dungeons & Raids","24705",,"1","0"
"snapshot_non_legion_category","True","7247","Pandaria raid boss defeated the most","Pandaria raid boss killed the most","14807","Dungeons & Raids","24743",,"1","0"
"snapshot_non_legion_category","True","7248","Monkey See, Monkey Kill","Defeat all bosses of Unga Ingoo.","15229","Mists of Pandaria","24012",,"0","10"
"snapshot_non_legion_category","True","7249","Unga Ingoo","Defeat Captain Ook in Unga Ingoo.","15229","Mists of Pandaria","23699",,"0","10"
"snapshot_non_legion_category","True","7250","Resuscitated by monks","Resuscitated by monks","127","Resurrection","23701",,"1","0"
"snapshot_non_legion_category","True","7251","Raised by death knights","Raised by death knights","127","Resurrection","23703",,"1","0"
"snapshot_non_legion_category","True","7252","A Brewing Storm","Defeat Borokhula the Destroyer in A Brewing Storm.","15229","Mists of Pandaria","23707",,"0","10"
"removed_after_legion","False","7253","Deaths in Twin Peaks","Deaths in Twin Peaks","124","Battlegrounds","23705",,"1","0"
"removed_after_legion","False","7254","Deaths in The Battle for Gilneas","Deaths in Battle for Gilneas","124","Battlegrounds","23709",,"1","0"
"removed_after_legion","False","7255","Deaths in Silvershard Mines","Deaths in Silvershard Mines","124","Battlegrounds","23711",,"1","0"
"removed_after_legion","False","7256","Deaths in Temple of Kotmogu","Deaths in Temple of Kotmogu","124","Battlegrounds","23713",,"1","0"
"snapshot_non_legion_category","True","7257","Don't Shake the Keg","Defeat Borokhula the Destroyer in A Brewing Storm without getting hit by his Swamp Smash.","15229","Mists of Pandaria","24288",,"0","10"
"snapshot_non_legion_category","True","7258","Party of Six","Finish A Brewing Storm with all six Thunderpaw Guardians still alive.","15229","Mists of Pandaria","24290",,"0","10"
"snapshot_non_legion_category","True","7261","The Perfect Pour","Brew the Boomer Brew without anyone in your party being hit by lightning during A Brewing Storm.","15229","Mists of Pandaria","30244",,"0","10"
"snapshot_non_legion_category","True","7263","Silvershard Mines Killing Blows","Silvershard Mines Killing Blows","137","Killing Blows","23721",,"1","0"
"snapshot_non_legion_category","True","7264","Temple of Kotmogu Killing Blows","Temple of Kotmogu Killing Blows","137","Killing Blows","23723",,"1","0"
"snapshot_non_legion_category","True","7265","Greenstone Village","Defeat Vengeful Hui in the Greenstone Village scenario.","15229","Mists of Pandaria","23725",,"0","10"
"snapshot_non_legion_category","True","7266","Save it for Later","Complete the Greenstone Village scenario without using any Volatile Greenstone Brew.","15229","Mists of Pandaria","29382",,"0","10"
"snapshot_non_legion_category","True","7267","Perfect Delivery","Return six stolen kegs without any being damaged in the Greenstone Village scenario.","15229","Mists of Pandaria","29380",,"0","10"
"snapshot_non_legion_category","True","7268","The Temple of Kotmogu","Defeat General Zhun in the Temple of Kotmogu scenario.","15229","Mists of Pandaria","23729",,"2048","10"
"snapshot_non_legion_category","True","7269","Stay Off the Grass","Don't aggro any Zhun'ji Maulers or Ancestral Horrors in the Temple of Kotmogu scenario.","15229","Mists of Pandaria","0",,"2048","10"
"snapshot_non_legion_category","True","7270","For Display Only","Defeat General Zhu without using any of the artifact orbs in the Temple of Kotmogu scenario.","15229","Mists of Pandaria","0",,"2048","10"
"snapshot_non_legion_category","True","7271","Arena of Annihilation","Complete the Arena of Annihilation scenario.","15229","Mists of Pandaria","29335",,"0","10"
"snapshot_non_legion_category","True","7272","In the Eye of the Tiger","Defeat all final bosses - Cloudbender Kobo, Maki Waterblade, and Satay Byu - in the Arena of Annihilation scenario.","15229","Mists of Pandaria","23731",,"0","10"
"snapshot_non_legion_category","True","7273","Beat the Heat","Defeat Little Liuyang without anyone taking damage from a Flame Wall in the Arena of Annihilation scenario.","15229","Mists of Pandaria","29355",,"0","10"
"snapshot_non_legion_category","True","7274","Learning from the Best","Become best friends with Nat Pagle.","171","Fishing","23737",,"0","10"
"snapshot_non_legion_category","True","7275","It's a Trap!","Step on a floor trap in the Crypt of Forgotten Kings scenario.","15229","Mists of Pandaria","28128",,"0","10"
"snapshot_non_legion_category","True","7276","Fancy Footwork","Defeat the Abomination of Anger in the Crypt of Forgotten Kings scenario without anyone taking damage from the red clouds.","15229","Mists of Pandaria","28135",,"0","10"
"snapshot_non_legion_category","True","7281","Lost and Found","Find one of the lost treasures hidden throughout Pandaria.","15113","Pandaria","26962",,"131072","10"
"snapshot_non_legion_category","True","7282","Finders Keepers","Find 5 of the lost treasures hidden throughout Pandaria.","15113","Pandaria","27009",,"131200","10"
"snapshot_non_legion_category","True","7283","One Man's Trash...","Find 10 of the lost treasures hidden throughout Pandaria.","15113","Pandaria","27056",,"131200","10"
"snapshot_non_legion_category","True","7284","Is Another Man's Treasure","Find 20 of the lost treasures hidden throughout Pandaria.","15113","Pandaria","27103",,"131200","10"
"snapshot_non_legion_category","True","7285","Every Day I'm Pand-a-ren","Complete 25 daily quests in Pandaria in a single daily reset period.","15110","Pandaria","23814",,"0","10"
"snapshot_non_legion_category","True","7286","Finish Them!","Defeat the following opponents at the Temple of the White Tiger.","15110","Pandaria","23746",,"0","10"
"snapshot_non_legion_category","True","7287","Champion of Chi-Ji","Defeat every challenger at the Cradle of Chi-Ji.","15110","Pandaria","23758",,"0","10"
"snapshot_non_legion_category","True","7288","Yak Attack","Kill 15 Sra'thik attackers at the Niuzao Temple within 5 seconds.","15110","Pandaria","23762",,"0","10"
"snapshot_non_legion_category","True","7289","Shadow Hopper","Bounce a ball with a hatchling 25 times in a row without dropping it.","15110","Pandaria","23764",,"0","10"
"snapshot_non_legion_category","True","7290","How To Strain Your Dragon","Finish first in the Sky Race.","15110","Pandaria","23766",,"0","10"
"snapshot_non_legion_category","True","7291","In a Trail of Smoke","Finish the Sky Race with 10 stacks of the Fleet Winds buff.","15110","Pandaria","23768",,"0","10"
"snapshot_non_legion_category","True","7292","Green Acres","Successfully harvest your first crop.","15110","Pandaria","23770",,"0","10"
"snapshot_non_legion_category","True","7293","Till the Break of Dawn","Successfully harvest 100 crops.","15110","Pandaria","23772",,"0","10"
"snapshot_non_legion_category","True","7294","A Taste of Things to Come","Successfully harvest your first special crop.","15110","Pandaria","23774",,"0","10"
"snapshot_non_legion_category","True","7295","Listen to the Drunk Fish","Harvest each of the following vegetables on a high-forecast day.","15110","Pandaria","23776",,"0","10"
"snapshot_non_legion_category","True","7296","Ain't Lost No More","Return Old Man Thistle's lost treasure.","15110","Pandaria","23778",,"0","10"
"snapshot_non_legion_category","True","7297","Proven Strength","Earn the company of each of the following Shado-Pan heroes at the Shado-Pan Garrison.","15110","Pandaria","23780",,"0","10"
"snapshot_non_legion_category","True","7298","Getting Around with the Shado-Pan","Complete 15 Shado-Pan daily quests with each of the following Shado-Pan heroes.","15110","Pandaria","23800",,"0","10"
"snapshot_non_legion_category","True","7299","Loner and a Rebel","Complete each set of the Shado-Pan daily quests without a Shado-Pan companion or leaving Townlong Steppes.","15110","Pandaria","27587",,"0","10"
"snapshot_non_legion_category","True","7300","Master of the Grill","Obtain 600 skill points in the Way of the Grill.","170","Cooking","23816",,"0","10"
"snapshot_non_legion_category","True","7301","Master of the Wok","Obtain 600 skill points in the Way of the Wok.","170","Cooking","23818",,"0","10"
"snapshot_non_legion_category","True","7302","Master of the Pot","Obtain 600 skill points in the Way of the Pot.","170","Cooking","23820",,"0","10"
"snapshot_non_legion_category","True","7303","Master of the Steamer","Obtain 600 skill points in the Way of the Steamer.","170","Cooking","23873",,"0","10"
"snapshot_non_legion_category","True","7304","Master of the Oven","Obtain 600 skill points in the Way of the Oven.","170","Cooking","23822",,"0","10"
"snapshot_non_legion_category","True","7305","Master of the Brew","Obtain 600 skill points in the Way of the Brew.","170","Cooking","23850",,"0","10"
"snapshot_non_legion_category","True","7306","Master of Pandaren Cooking","Obtain 600 skill points in all six Ways of Pandaren cooking.","170","Cooking","23860",,"0","10"
"snapshot_non_legion_category","True","7307","Silent Assassin","Complete a full set of Shado-Pan Wu Kao daily quests while only killing the exact number of mantid required.","15110","Pandaria","23864",,"0","10"
"snapshot_non_legion_category","True","7308","Know Your Role","Complete each of the Shado-Pan Blackguard daily quests without taking any damage from monsters.","15110","Pandaria","23852",,"0","10"
"snapshot_non_legion_category","True","7309","Fire in the Yaung-hole!","Kill 15 or more Gai-Cho combatants with a single Highly Explosive Oil Barrel.","15110","Pandaria","23866",,"0","10"
"snapshot_non_legion_category","True","7310","Defender of Gods","Complete the Shado-Pan finale, ""Surprise Attack!""","15110","Pandaria","23871",,"0","10"
"snapshot_non_legion_category","True","7312","Amber is the Color of My Energy","Recover the following Klaxxi Paragons.","15110","Pandaria","23875",,"0","10"
"snapshot_non_legion_category","True","7313","Stay Klaxxi","Complete 5 Klaxxi daily quests with each of the following buffs.","15110","Pandaria","23886",,"0","10"
"snapshot_non_legion_category","True","7314","Test Drive","Grow a Kunchong to full size and take it on a rampage.","15110","Pandaria","23897",,"0","10"
"snapshot_non_legion_category","True","7315","Eternally in the Vale","Complete the following milestones with the Golden Lotus.","15234","Legacy","23907",,"2048","0"
"snapshot_non_legion_category","True","7316","Over Their Heads","Bomb the following targets during the daily quest, ""Dark Skies.""","15110","Pandaria","23899",,"0","10"
"snapshot_non_legion_category","True","7317","One Many Army","Defeat the following powerful enemies within the Vale of Eternal Blossoms.","15110","Pandaria","23913",,"0","10"
"snapshot_non_legion_category","True","7318","A Taste of History","Find a Guo-Lai Vault Key and open an Ancient Guo-Lai Cache.","15110","Pandaria","23930",,"0","10"
"snapshot_non_legion_category","True","7319","Ready for Raiding III","Complete the following Survival Ring challenges without taking any damage.","15110","Pandaria","23932",,"0","10"
"snapshot_non_legion_category","True","7320","Dog Pile","Defeat 10 Shado-Pan Trainees within 10 seconds.","15110","Pandaria","23938",,"0","10"
"snapshot_non_legion_category","True","7321","Spreading the Warmth","Kill 60 Krik'thik Hivelings with a single Shado-Pan torch.","15110","Pandaria","23940",,"0","10"
"snapshot_non_legion_category","True","7322","Roll Club","Complete the Serpent Spine roll course in 70 seconds or less.","15110","Pandaria","23942",,"0","10"
"snapshot_non_legion_category","True","7323","Collateral Damage","Use a Mogu Statue's Crushing Slam to kill another opponent.","15110","Pandaria","23944",,"0","10"
"snapshot_non_legion_category","True","7324","One Step at a Time","Complete The Crumbling Hall and The Thunder Below without taking damage from any source.","15110","Pandaria","23946",,"0","10"
"snapshot_non_legion_category","True","7325","Now I Am the Master","Take on an apprentice in the arts of cooking, and teach your student to become an expert.","170","Cooking","23954",,"0","10"
"snapshot_non_legion_category","True","7326","The Pandaren Gourmet","Cook 15 of the Pandaren recipes listed below.","170","Cooking","23958",,"0","10"
"snapshot_non_legion_category","True","7327","The Pandaren Gourmet","Cook 30 of the Pandaren recipes listed below.","170","Cooking","28333",,"0","10"
"snapshot_non_legion_category","True","7328","Ironpaw Chef","Learn 240 cooking recipes.","170","Cooking","24047",,"128","10"
"snapshot_non_legion_category","True","7329","Pandaren Cuisine","Sample the following Pandaren fare.","92","General","24051",,"0","10"
"snapshot_non_legion_category","True","7330","Pandaren Delicacies","Sample the following Pandaren delicacies.","92","General","24068",,"0","10"
"snapshot_non_legion_category","True","7331","The Three Brew Fathers","Discover the following artifacts of the Three Brewfathers.","15071","Archaeology","24093",,"0","10"
"snapshot_non_legion_category","True","7332","The Broken Hearted","Discover the following artifacts.","15071","Archaeology","24107",,"0","10"
"snapshot_non_legion_category","True","7333","The Four Celestials","Discover the following artifacts of the Celestials.","15071","Archaeology","24101",,"0","10"
"snapshot_non_legion_category","True","7334","Instruments of Cruelty","Discover the following artifacts.","15071","Archaeology","24097",,"0","10"
"snapshot_non_legion_category","True","7335","Symbols of Strength","Discover the following artifacts.","15071","Archaeology","24112",,"0","10"
"snapshot_non_legion_category","True","7336","Stone Servants","Discover the following artifacts.","15071","Archaeology","24117",,"0","10"
"snapshot_non_legion_category","True","7337","Documents of a Dark History","Discover the following artifacts.","15071","Archaeology","24120",,"0","10"
"snapshot_non_legion_category","True","7338","Collector: Pandaren Tea Sets","Restore 5 Pandaren Tea Sets.
","15071","Archaeology","24123",,"0","10"
"snapshot_non_legion_category","True","7339","Collector: Pandaren Game Boards","Restore 5 Pandaren Game Boards.","15071","Archaeology","24125",,"0","10"
"snapshot_non_legion_category","True","7340","Collector: Twin Stein Sets of Brewfather Quan Tou Kuo","Restore 5 Twin Stein Sets of Brewfather Quan Tou Kuo.","15071","Archaeology","24127",,"0","10"
"snapshot_non_legion_category","True","7341","Collector: Walking Canes of Brewfather Ren Yun","Restore 5 Walking Canes of Brewfather Ren Yun.","15071","Archaeology","24129",,"0","10"
"snapshot_non_legion_category","True","7342","Collector: Empty Kegs of Brewfather Xin Wo Yin","Restore 5 Empty Kegs of Brewfather Xin Wo Yin.","15071","Archaeology","24131",,"0","10"
"snapshot_non_legion_category","True","7343","Collector: Carved Bronze Mirrors","Restore 5 Carved Bronze Mirrors.","15071","Archaeology","24133",,"0","10"
"snapshot_non_legion_category","True","7344","Collector: Gold-Inlaid Porcelain Funerary Figurines","Restore 5 Gold-Inlaid Porcelain Funerary Figurines.","15071","Archaeology","24135",,"0","10"
"snapshot_non_legion_category","True","7345","Collector: Apothecary Tins","Restore 5 Apothecary Tins.","15071","Archaeology","24137",,"0","10"
"snapshot_non_legion_category","True","7346","Collector: Pearls of Yu'lon","Restore 5 Pearls of Yu'lon.","15071","Archaeology","24139",,"0","10"
"snapshot_non_legion_category","True","7347","Collector: Standards of Niuzao","Restore 5 Standards of Niuzao.","15071","Archaeology","24141",,"0","10"
"snapshot_non_legion_category","True","7348","Collector: Manacles of Rebellion","Restore 5 Manacles of Rebellion.","15071","Archaeology","24143",,"0","10"
"snapshot_non_legion_category","True","7349","Collector: Cracked Mogu Runestones","Restore 5 Cracked Mogu Runestones.","15071","Archaeology","24145",,"0","10"
"snapshot_non_legion_category","True","7350","Collector: Terracotta Arms","Restore 5 Terracotta Arms.","15071","Archaeology","24147",,"0","10"
"snapshot_non_legion_category","True","7351","Collector: Petrified Bone Whips","Restore 5 Petrified Bone Whips.","15071","Archaeology","24149",,"0","10"
"snapshot_non_legion_category","True","7352","Collector: Thunder King Insignias","Restore 5 Thunder King Insignias.","15071","Archaeology","24152",,"0","10"
"snapshot_non_legion_category","True","7353","Collector: Edicts of the Thunder King","Restore 5 Edicts of the Thunder King.","15071","Archaeology","24154",,"0","10"
"snapshot_non_legion_category","True","7354","Collector: Iron Amulets","Restore 5 Iron Amulets.","15071","Archaeology","24156",,"0","10"
"snapshot_non_legion_category","True","7355","Collector: Warlord's Branding Irons","Restore 5 Warlord's Branding Irons.","15071","Archaeology","24158",,"0","10"
"snapshot_non_legion_category","True","7356","Collector: Mogu Coins","Restore 5 Mogu Coins.","15071","Archaeology","24160",,"0","10"
"snapshot_non_legion_category","True","7357","Collector: Worn Monument Ledgers","Restore 5 Worn Monument Ledgers.","15071","Archaeology","24162",,"0","10"
"snapshot_non_legion_category","True","7358","Collector: Pandaren Tea Sets","Restore 20 Pandaren Tea Sets.","15071","Archaeology","24164",,"0","10"
"snapshot_non_legion_category","True","7359","Collector: Pandaren Game Boards","Restore 20 Pandaren Game Boards.","15071","Archaeology","24166",,"0","10"
"snapshot_non_legion_category","True","7360","Collector: Twin Stein Sets of Brewfather Quan Tou Kuo","Restore 20 Twin Stein Sets of Brewfather Quan Tou Kuo.","15071","Archaeology","24168",,"0","10"
"snapshot_non_legion_category","True","7361","Collector: Walking Canes of Brewfather Ren Yun","Restore 20 Walking Canes of Brewfather Ren Yun.","15071","Archaeology","24170",,"0","10"
"snapshot_non_legion_category","True","7362","Collector: Empty Kegs of Brewfather Xin Wo Yin","Restore 20 Empty Kegs of Brewfather Xin Wo Yin.","15071","Archaeology","24172",,"0","10"
"snapshot_non_legion_category","True","7363","Collector: Carved Bronze Mirrors","Restore 20 Carved Bronze Mirrors.","15071","Archaeology","24176",,"0","10"
"snapshot_non_legion_category","True","7364","Collector: Gold-Inlaid Porcelain Funerary Figurines","Restore 20 Gold-Inlaid Porcelain Funerary Figurines.","15071","Archaeology","24178",,"0","10"
"snapshot_non_legion_category","True","7365","Collector: Apothecary Tins","Restore 20 Apothecary Tins.","15071","Archaeology","24180",,"0","10"
"snapshot_non_legion_category","True","7366","Collector: Pearls of Yu'lon","Restore 20 Pearls of Yu'lon.","15071","Archaeology","24182",,"0","10"
"snapshot_non_legion_category","True","7367","Collector: Standards of Niuzao","Restore 20 Standards of Niuzao.","15071","Archaeology","24184",,"0","10"
"snapshot_non_legion_category","True","7368","Collector: Manacles of Rebellion","Restore 20 Manacles of Rebellion.","15071","Archaeology","24186",,"0","10"
"snapshot_non_legion_category","True","7369","Collector: Cracked Mogu Runestones","Restore 20 Cracked Mogu Runestones.","15071","Archaeology","24188",,"0","10"
"snapshot_non_legion_category","True","7370","Collector: Terracotta Arms","Restore 20 Terracotta Arms.","15071","Archaeology","24190",,"0","10"
"snapshot_non_legion_category","True","7371","Collector: Petrified Bone Whips","Restore 20 Petrified Bone Whips.","15071","Archaeology","24192",,"0","10"
"snapshot_non_legion_category","True","7372","Collector: Thunder King Insignias","Restore 20 Thunder King Insignias.","15071","Archaeology","24194",,"0","10"
"snapshot_non_legion_category","True","7373","Collector: Edicts of the Thunder King","Restore 20 Edicts of the Thunder King.","15071","Archaeology","24196",,"0","10"
"snapshot_non_legion_category","True","7374","Collector: Iron Amulets","Restore 20 Iron Amulets.","15071","Archaeology","28378",,"0","10"
"snapshot_non_legion_category","True","7375","Collector: Warlord's Branding Irons","Restore 20 Warlord's Branding Irons.","15071","Archaeology","24198",,"0","10"
"snapshot_non_legion_category","True","7376","Collector: Mogu Coins","Restore 20 Mogu Coins.","15071","Archaeology","24200",,"0","10"
"snapshot_non_legion_category","True","7377","Collector: Worn Monument Ledgers","Restore 20 Worn Monument Ledgers.","15071","Archaeology","24202",,"0","10"
"snapshot_non_legion_category","True","7378","Jack of All Trades","Raise five different primary professions to 600 skill points.","169","Professions","24207",,"135168","25"
"snapshot_non_legion_category","True","7379","Master of All","Raise all primary professions to 600 skill points.","169","Professions","24219",,"143360","50"
"snapshot_non_legion_category","True","7380","Double Agent","Reach maximum level on both an Alliance and a Horde character.","92","General","24231",,"135168","25"
"snapshot_non_legion_category","True","7381","Restore Balance","Visit the Shrine of Fellowship in the Jade Forest and follow in the footsteps of Chen Stormstout.","15113","Pandaria","24234",,"0","10"
"snapshot_non_legion_category","True","7382","Dynamic Duo","Reach maximum level with two different classes.","92","General","24236",,"131072","20"
"snapshot_non_legion_category","True","7383","Terrific Trio","Reach maximum level with three different classes.","92","General","24248",,"131072","30"
"snapshot_non_legion_category","True","7384","Quintessential Quintet","Reach maximum level with five different classes.","92","General","24260",,"131072","50"
"snapshot_non_legion_category","True","7385","Pub Crawl","Complete the Brewmaster scenario achievements listed below.","15229","Mists of Pandaria","24272",,"0","10"
"snapshot_non_legion_category","True","7386","Grand Expedition Yak","Obtain a Grand Expedition Yak from Uncle Bigpocket in Kun-Lai Summit.","15248","Mounts","24292",,"131072","10"
"snapshot_non_legion_category","True","7399","Challenge mode dungeons completed","","14807","Dungeons & Raids","24490",,"1","0"
"snapshot_non_legion_category","True","7400","Bronze Challenge ratings earned","","15176","Legacy","24492",,"524289","0"
"snapshot_non_legion_category","True","7401","Silver Challenge ratings earned","","15176","Legacy","24502",,"524289","0"
"snapshot_non_legion_category","True","7402","Gold Challenge ratings earned","","15176","Legacy","24512",,"524289","0"
"snapshot_non_legion_category","True","7410","5000 Daily Quests Completed","Complete 5000 daily quests.","96","Quests","28329",,"131072","10"
"snapshot_non_legion_category","True","7411","10000 Daily Quests Completed","Complete 10000 daily quests.","96","Quests","28331",,"131072","10"
"snapshot_non_legion_category","True","7412","Collector's Edition: Fetish Shaman","Owner of the Diablo III Collector's Edition Fetish Shaman pet.","15268","Promotions","24865",,"133120","0"
"snapshot_non_legion_category","True","7413","Scarlet Halls","Defeat Flameweaver Koegler in Scarlet Halls.","14808","Classic","26937",,"0","10"
"snapshot_non_legion_category","True","7433","Newbie","Raise a pet to level 3.","15120","Level","27192",,"131072","5"
"snapshot_non_legion_category","True","7434","Scarlet Halls Guild Run","Defeat Flameweaver Koegler in Scarlet Halls while in a guild group.","15082","Classic","27201",,"53248","10"
"snapshot_non_legion_category","True","7436","Zen Pet Hunter","Capture 200 pets in pet battle.","15118","Collect","28170",,"143360","10"
"snapshot_non_legion_category","True","7437","A Worthy Opponent","Defeat one of the powerful champions of the Pandarian races that wander the continent.","15113","Pandaria","27331",,"0","10"
"snapshot_non_legion_category","True","7438","Could We Find More Like That?","Defeat one of each type of Pandarian champion.","15113","Pandaria","27266",,"0","10"
"snapshot_non_legion_category","True","7439","Glorious!","Hunt down and defeat each and every one of the Pandarian champions.","15113","Pandaria","27396",,"0","30"
"snapshot_non_legion_category","True","7444","Scenario Challenges","Complete 50 guild scenario challenges.","15093","Guild Feats of Strength","27558",,"18432","0"
"snapshot_non_legion_category","True","7445","Challenge Mode Dungeon Challenges","Complete 50 guild challenge mode challenges.","15093","Guild Feats of Strength","0",,"18432","0"
"snapshot_non_legion_category","True","7446","The Ultimate Challenge","Complete 250 guild challenges.","15088","General","27562",,"28672","10"
"snapshot_non_legion_category","True","7447","More Fun With Friends","Complete 100 scenarios while in a guild group.","15088","General","27564",,"20480","10"
"snapshot_non_legion_category","True","7448","Scenario Roundup","Complete the following scenarios while in a guild group.","15088","General","27566",,"20480","10"
"snapshot_non_legion_category","True","7449","Scenario Roundup","Complete the following scenarios while in a guild group.","15088","General","27577",,"20480","10"
"snapshot_non_legion_category","True","7462","A Rare Catch","Capture a rare quality battle pet.","15118","Collect","27641",,"131072","5"
"snapshot_non_legion_category","True","7463","High Quality","Capture 10 rare quality battle pets.","15118","Collect","27643",,"131072","5"
"snapshot_non_legion_category","True","7464","Quality & Quantity","Capture 50 rare quality battle pets.","15118","Collect","27645",,"131072","10"
"snapshot_non_legion_category","True","7465","An Uncommon Find","Capture an uncommon quality battle pet.","15118","Collect","27647",,"131072","5"
"snapshot_non_legion_category","True","7467","Theramore's Fall","Protected Jaina as she recovered the Focusing Iris from the Horde-ravaged ruins of Theramore.","15274","Events","27652",,"2048","0"
"snapshot_non_legion_category","True","7468","Theramore's Fall","Assisted in the covert assault of Theramore Isle and the rescue of Thalen Songweaver.","15274","Events","27654",,"2048","0"
"snapshot_non_legion_category","True","7479","The Shado-Master","Prove your worth to the Shado-Pan elite by completing all of the achievements listed below.","15114","Pandaria","27679",,"4096","10"
"snapshot_non_legion_category","True","7482","Trainer Extraordinaire","Earn 100 pet battle achievement points.","15117","Pet Battles","27690",,"131072","5"
"snapshot_non_legion_category","True","7483","Battle Master","Earn 200 pet battle achievement points.","15117","Pet Battles","27692",,"131072","5"
"snapshot_non_legion_category","True","7485","Cutting Edge: Will of the Emperor","Defeat the Will of the Emperor in Mogu'shan Vaults on Heroic difficulty, before the release of patch 5.2.","15271","Raids","28137",,"2048","0"
"snapshot_non_legion_category","True","7486","Cutting Edge: Grand Empress Shek'zeer","Defeat Grand Empress Shek'zeer in Heart of Fear on Heroic difficulty, before the release of patch 5.2.","15271","Raids","28139",,"2048","0"
"snapshot_non_legion_category","True","7487","Cutting Edge: Sha of Fear","Defeat the Sha of Fear in Terrace of Endless Spring on Heroic difficulty, before the release of patch 5.2.","15271","Raids","28141",,"2048","0"
"snapshot_non_legion_category","True","7498","Taming the Great Outdoors","Defeat 15 master pet tamers.","15117","Pet Battles","29430",,"131200","5"
"snapshot_non_legion_category","True","7499","Taming the World","Defeat 40 master pet tamers.","15117","Pet Battles","29474",,"131200","10"
"snapshot_non_legion_category","True","7500","Going to Need More Leashes","Collect 250 unique pets.","15118","Collect","28482",,"143360","10"
"snapshot_non_legion_category","True","7501","That's a Lot of Pet Food","Collect 400 unique pets.","15118","Collect","28486",,"143360","10"
"snapshot_non_legion_category","True","7502","Savior of Stoneplow","Defeat the Ik'thik Colossus.","15110","Pandaria","28510",,"0","10"
"snapshot_non_legion_category","True","7509","Scenaturday","Complete all of the scenarios listed below on a Saturday.","15229","Mists of Pandaria","28629",,"0","5"
"snapshot_non_legion_category","True","7518","Wanderers, Dreamers, and You","Attend the opening or closing ceremonies of the Wanderer's Festival.","15113","Pandaria","29064",,"0","10"
"snapshot_non_legion_category","True","7520","The Loremaster","Complete the quest achievements listed below.","96","Quests","29150",,"135168","10"
"snapshot_non_legion_category","True","7521","Time to Open a Pet Store","Earn 400 pet battle achievement points.","15117","Pet Battles","29331",,"143360","10"
"snapshot_non_legion_category","True","7522","Crypt of Forgotten Kings","Complete the Crypt of Forgotten Kings scenario.","15229","Mists of Pandaria","29333",,"0","10"
"snapshot_non_legion_category","True","7523","Theramore's Fall","Complete the Theramore's Fall scenario.","15229","Mists of Pandaria","29347",,"0","10"
"snapshot_non_legion_category","True","7524","Theramore's Fall","Complete the Theramore's Fall scenario.","15229","Mists of Pandaria","29349",,"0","10"
"snapshot_non_legion_category","True","7525","Taming Cataclysm","Defeat all of the Pet Tamers in Cataclysm listed below.","15117","Pet Battles","29398",,"131072","5"
"snapshot_non_legion_category","True","7526","Kite Fight","Defeat Gash'nul without destroying any of his totems.","15229","Mists of Pandaria","29518",,"0","10"
"snapshot_non_legion_category","True","7527","No Tank You","Destroy Gatecrusher without anyone being hit by its ram or stone-thrower.","15229","Mists of Pandaria","29522",,"0","10"
"snapshot_non_legion_category","True","7529","Kite Fight","Defeat Baldruc without destroying any of his totems.","15229","Mists of Pandaria","29520",,"0","10"
"snapshot_non_legion_category","True","7530","No Tank You","Destroy Big Bessa without anyone being hit by its ram or cannon.","15229","Mists of Pandaria","29524",,"0","10"
"snapshot_non_legion_category","True","7533","Chapter I: Trial of the Black Prince","Prove your worth to Wrathion and acquire a sha-touched gem upgrade.","15234","Legacy","29530",,"2048","0"
"snapshot_non_legion_category","True","7534","Chapter II: Wrathion's War","Prove Alliance superiority to Wrathion by completing his trials after your forces land on the beach.","15234","Legacy","29532",,"2048","0"
"snapshot_non_legion_category","True","7535","Chapter III: Two Princes","Discover the secrets of the mogu with Wrathion, and deliver to him the heart of the Thunder King.","15234","Legacy","29534",,"2048","0"
"snapshot_non_legion_category","True","7536","Chapter IV: Celestial Blessings","Accompany Wrathion on his journey to obtain blessings from the four August Celestials.","15234","Legacy","29536",,"2048","0"
"snapshot_non_legion_category","True","7601","Tricks and Treats of Pandaria","Visit the Candy Buckets in Pandaria.","158","Hallow's End","29706",,"0","10"
"snapshot_non_legion_category","True","7602","Tricks and Treats of Pandaria","Visit the Candy Buckets in Pandaria.","158","Hallow's End","29729",,"0","10"
"snapshot_non_legion_category","True","7611","Pandarian Angler","Catch each type of fish native to Pandaria.","171","Fishing","29756",,"0","10"
"snapshot_non_legion_category","True","7612","The Seat of Knowledge","Restore and display pristine versions of all Pandaren and Mogu artifacts.","15071","Archaeology","29766",,"0","10"
"snapshot_non_legion_category","True","7614","Locking Down the Docks","Complete all of the Angler's Wharf dailies.","171","Fishing","29792",,"0","10"
"snapshot_non_legion_category","True","7823","Tol'viron Arena matches","Tol'viron Arena matches","152","Rated Arenas","30204",,"1","0"
"snapshot_non_legion_category","True","7824","Tol'viron Arena victories","Tol'viron Arena victories","152","Rated Arenas","30206",,"1","0"
"snapshot_non_legion_category","True","7825","Temple of Kotmogu battles","Temple of Kotmogu battles","153","Battlegrounds","30224",,"1","0"
"snapshot_non_legion_category","True","7826","Temple of Kotmogu victories","Temple of Kotmogu victories","153","Battlegrounds","30226",,"1","0"
"snapshot_non_legion_category","True","7827","Rated Temple of Kotmogu battles","Rated Temple of Kotmogu battles","153","Battlegrounds","30228",,"1","0"
"snapshot_non_legion_category","True","7828","Rated Temple of Kotmogu victories","Rated Temple of Kotmogu victories","153","Battlegrounds","30230",,"1","0"
"snapshot_non_legion_category","True","7829","Silvershard Mines battles","Silvershard Mines battles","153","Battlegrounds","30232",,"1","0"
"snapshot_non_legion_category","True","7830","Silvershard Mines victories","Silvershard Mines victories","153","Battlegrounds","30234",,"1","0"
"snapshot_non_legion_category","True","7831","Rated Silvershard Mines battles","Rated Silvershard Mines battles","153","Battlegrounds","30236",,"1","0"
"snapshot_non_legion_category","True","7832","Rated Silvershard Mines victories","Silvershard Mines victories","153","Battlegrounds","30238",,"1","0"
"snapshot_non_legion_category","True","7842","Collector's Edition: Baneling","Owner of the StarCraft II: Heart of the Swarm Collector's Edition Baneling pet.","15268","Promotions","30299",,"133120","0"
"snapshot_non_legion_category","True","7843","Diplomacy","Raise 15 reputations to Exalted.","15089","Reputation","30449",,"20480","10"
"snapshot_non_legion_category","True","7844","Ambassadors","Raise 25 reputations to Exalted.","15089","Reputation","30305",,"20480","10"
"snapshot_non_legion_category","True","7852","They're Both Footballs?","Proud owner of the 2012 Vintage Winter Veil gift, the Pigskin and Foot Ball.","15274","Events","30554",,"2048","0"
"snapshot_non_legion_category","True","7853","WoW's 9th Anniversary","Logged in during WoW's 9th Anniversary.","15274","Events","30711",,"2048","0"
"snapshot_non_legion_category","True","7860","We're Going to Need More Saddles","Obtain 150 mounts (usable by a single character).","15248","Mounts","30736",,"131072","10"
"snapshot_non_legion_category","True","7862","We're Going to Need More Saddles","Obtain 150 mounts (usable by a single character).","15248","Mounts","30738",,"131072","10"
"snapshot_non_legion_category","True","7908","I Choose You","Complete the Grand Master Aki quest.","15117","Pet Battles","31110",,"131072","5"
"snapshot_non_legion_category","True","7914","Stone Guard kills (25-player Normal Mogu'shan Vaults)","","15164","Mists of Pandaria","31126",,"1","0"
"snapshot_non_legion_category","True","7915","Stone Guard kills (25-player Heroic Mogu'shan Vaults)","","15164","Mists of Pandaria","31128",,"1","0"
"snapshot_non_legion_category","True","7917","Feng the Accursed kills (25-player Normal Mogu'shan Vaults)","","15164","Mists of Pandaria","31130",,"1","0"
"snapshot_non_legion_category","True","7918","Feng the Accursed kills (25-player Heroic Mogu'shan Vaults)","","15164","Mists of Pandaria","31132",,"1","0"
"snapshot_non_legion_category","True","7919","Gara'jal the Spiritbinder kills (25-player Normal Mogu'shan Vaults)","","15164","Mists of Pandaria","31134",,"1","0"
"snapshot_non_legion_category","True","7920","Gara'jal the Spiritbinder kills (25-player Heroic Mogu'shan Vaults)","","15164","Mists of Pandaria","31136",,"1","0"
"snapshot_non_legion_category","True","7921","Four Kings kills (25-player Normal Mogu'shan Vaults)","","15164","Mists of Pandaria","31138",,"1","0"
"snapshot_non_legion_category","True","7922","Four Kings kills (25-player Heroic Mogu'shan Vaults)","","15164","Mists of Pandaria","31140",,"1","0"
"snapshot_non_legion_category","True","7923","Elegon kills (25-player Normal Mogu'shan Vaults)","","15164","Mists of Pandaria","31142",,"1","0"
"snapshot_non_legion_category","True","7924","Elegon kills (25-player Heroic Mogu'shan Vaults)","","15164","Mists of Pandaria","31144",,"1","0"
"snapshot_non_legion_category","True","7926","Will of the Emperor kills (25-player Normal Mogu'shan Vaults)","","15164","Mists of Pandaria","31146",,"1","0"
"snapshot_non_legion_category","True","7927","Will of the Emperor kills (25-player Heroic Mogu'shan Vaults)","","15164","Mists of Pandaria","31148",,"1","0"
"snapshot_non_legion_category","True","7928","Operation: Shieldwall Campaign","Complete the Operation: Shieldwall storylines listed below.","15110","Pandaria","31150",,"0","10"
"snapshot_non_legion_category","True","7929","Dominance Offensive Campaign","Complete the Dominance Offensive storylines listed below.","15110","Pandaria","31167",,"0","10"
"snapshot_non_legion_category","True","7932","I'm In Your Base, Killing Your Dudes","Kill all three of the opposing faction's champions in Krasarang Wilds.","15113","Pandaria","31182",,"0","10"
"snapshot_non_legion_category","True","7933","And... It's Good!","Fly through the discs above the Engine of Nalak'sha in Mogu'shan Vaults on Normal or Heroic difficulty.","15107","Pandaria Raid","31194",,"0","10"
"snapshot_non_legion_category","True","7934","Raiding with Leashes","Collect all of the battle pets listed below from classic raids.","15118","Collect","31207",,"131072","10"
"snapshot_non_legion_category","True","7936","Pandaren Spirit Tamer","Complete the Pandaren Spirit Tamer quest.","15117","Pet Battles","31225",,"131072","5"
"snapshot_non_legion_category","True","7937","You Are Not Your $#*@! Legplates (Season 1)","Win a brawl during the Pandaria campaign.","15234","Legacy","0",,"2048","0"
"snapshot_non_legion_category","True","7939","The Second Rule of Brawler's Guild (Season 1)","Reach Rank 7 with Brawl'gar Arena during the Pandaria campaign.","15234","Legacy","31552",,"2048","0"
"snapshot_non_legion_category","True","7940","The Second Rule of Brawler's Guild (Season 1)","Reach Rank 7 with Bizmo's Brawlpub during the Pandaria campaign.","15234","Legacy","31550",,"2048","0"
"snapshot_non_legion_category","True","7941","Brawlin' and Shot Callin' (Season 1)","Reach Rank 8 with Bizmo's Brawlpub during the Pandaria campaign.","15234","Legacy","31521",,"6144","0"
"snapshot_non_legion_category","True","7942","Brawlin' and Shot Callin' (Season 1)","Reach Rank 8 with Brawl'gar Arena during the Pandaria campaign.","15234","Legacy","31523",,"6144","0"
"snapshot_non_legion_category","True","7943","I'm Your Number One Fan (Season 2)","Cheer a player on after they have won a brawl during the Draenor campaign.","15234","Legacy","31529",,"2048","0"
"snapshot_non_legion_category","True","7944","Bottle Service (Season 2)","Hit an angry spectator in the head with an Expired Blackout Brew during the Draenor campaign.","15234","Legacy","31533",,"2048","0"
"snapshot_non_legion_category","True","7945","Haters Gonna Hate (Season 2)","Win a brawl with ten stacks of You Stink! during the Draenor campaign.","15234","Legacy","31531",,"2048","0"
"snapshot_non_legion_category","True","7946","Now You're Just Showing Off (Season 1)","Defeat the following rare brawl bosses during the Pandaria campaign.","15234","Legacy","0",,"2048","0"
"snapshot_non_legion_category","True","7947","The First Rule of Brawler's Guild (Season 1 or 2)","Get invited to brawl at Bizmo's Brawlpub in the Deeprun Tram.","15234","Legacy","31554",,"2048","0"
"snapshot_non_legion_category","True","7948","The First Rule of Brawler's Guild (Season 1 or 2)","Get invited to brawl at Brawl'gar Arena in The Valley of Honor in Orgrimmar.","15234","Legacy","31556",,"2048","0"
"snapshot_non_legion_category","True","7949","Rabble Rabble Rabble (Season 2)","Take Willard ""Bubbles"" Wilcox's portal to Orgrimmar during the Draenor campaign.","15234","Legacy","31525",,"2048","0"
"snapshot_non_legion_category","True","7950","Rabble Rabble Rabble (Season 2)","Take Zippi Gallox's portal to Stormwind during the Draenor campaign.","15234","Legacy","31527",,"2048","0"
"snapshot_non_legion_category","True","7951","Imperial Vizier Zor'lok kills (25-player Normal Heart of Fear)","","15164","Mists of Pandaria","31243",,"1","0"
"snapshot_non_legion_category","True","7953","Imperial Vizier Zor'lok kills (25-player Heroic Heart of Fear)","","15164","Mists of Pandaria","31245",,"1","0"
"snapshot_non_legion_category","True","7954","Blade Lord Ta'yak kills (25-player Normal Heart of Fear)","","15164","Mists of Pandaria","31247",,"1","0"
"snapshot_non_legion_category","True","7955","Blade Lord Ta'yak kills (25-player Heroic Heart of Fear)","","15164","Mists of Pandaria","31249",,"1","0"
"snapshot_non_legion_category","True","7956","Garalon kills (25-player Normal Heart of Fear)","","15164","Mists of Pandaria","31251",,"1","0"
"snapshot_non_legion_category","True","7957","Garalon kills (25-player Heroic Heart of Fear)","","15164","Mists of Pandaria","31253",,"1","0"
"snapshot_non_legion_category","True","7958","Wind Lord Mel'jarak kills (25-player Normal Heart of Fear)","","15164","Mists of Pandaria","31255",,"1","0"
"snapshot_non_legion_category","True","7960","Wind Lord Mel'jarak kills (25-player Heroic Heart of Fear)","","15164","Mists of Pandaria","31257",,"1","0"
"snapshot_non_legion_category","True","7961","Amber-Shaper Un'sok kills (25-player Normal Heart of Fear)","","15164","Mists of Pandaria","31259",,"1","0"
"snapshot_non_legion_category","True","7962","Amber-Shaper Un'sok kills (25-player Heroic Heart of Fear)","","15164","Mists of Pandaria","31261",,"1","0"
"snapshot_non_legion_category","True","7963","Grand Empress Shek'zeer kills (25-player Normal Heart of Fear)","","15164","Mists of Pandaria","31263",,"1","0"
"snapshot_non_legion_category","True","7964","Grand Empress Shek'zeer kills (25-player Heroic Heart of Fear)","","15164","Mists of Pandaria","31265",,"1","0"
"snapshot_non_legion_category","True","7965","Protectors of the Endless kills (25-player Normal Terrace of Endless Spring)","","15164","Mists of Pandaria","31267",,"1","0"
"snapshot_non_legion_category","True","7966","Protectors of the Endless kills (25-player Heroic Terrace of Endless Spring)","","15164","Mists of Pandaria","31269",,"1","0"
"snapshot_non_legion_category","True","7967","Tsulong redemptions (25-player Normal Terrace of Endless Spring)","","15164","Mists of Pandaria","31271",,"1","0"
"snapshot_non_legion_category","True","7968","Tsulong redemptions (25-player Heroic Terrace of Endless Spring)","","15164","Mists of Pandaria","31273",,"1","0"
"snapshot_non_legion_category","True","7969","Lei Shi redemptions (25-player Normal Terrace of Endless Spring)","","15164","Mists of Pandaria","31275",,"1","0"
"snapshot_non_legion_category","True","7970","Lei Shi redemptions (25-player Heroic Terrace of Endless Spring)","","15164","Mists of Pandaria","31277",,"1","0"
"snapshot_non_legion_category","True","7971","Sha of Fear kills (25-player Normal Terrace of Endless Spring)","","15164","Mists of Pandaria","31279",,"1","0"
"snapshot_non_legion_category","True","7972","Sha of Fear kills (25-player Heroic Terrace of Endless Spring)","","15164","Mists of Pandaria","31281",,"1","0"
"snapshot_non_legion_category","True","7984","Watery Grave","Kill 3 of the Darkhatched Lizard-Lord's reinforcements using his Water Jets ability in the Dagger in the Dark Scenario.","15229","Mists of Pandaria","31412",,"0","10"
"snapshot_non_legion_category","True","7986","You Mean That Wasn't a Void Zone?","Defeat Rak'gor Bloodrazor without any member of your party standing in a Healing Ward during the encounter in the Dagger in the Dark Scenario.","15229","Mists of Pandaria","31417",,"0","10"
"snapshot_non_legion_category","True","7987","No Egg Left Behind","Destroy all remaining eggs before Broodmaster Noshi reaches 20% health in the Dagger in the Dark Scenario.","15229","Mists of Pandaria","31418",,"0","10"
"snapshot_non_legion_category","True","7988","A Little Patience","Complete the scenario, A Little Patience.","15229","Mists of Pandaria","31419",,"0","10"
"snapshot_non_legion_category","True","7989","Bubbletrapped!","Aid in the construction of the Jinyu defenses in the scenario, 'A Little Patience'.","15229","Mists of Pandaria","31420",,"0","10"
"snapshot_non_legion_category","True","7990","Cannonballer","Aid in the construction of the Dwarf defenses in the scenario, 'A Little Patience'.","15229","Mists of Pandaria","31421",,"0","10"
"snapshot_non_legion_category","True","7991","Which Came First?","Aid in the construction of the Gnome defenses in the scenario, 'A Little Patience'.","15229","Mists of Pandaria","31422",,"0","10"
"snapshot_non_legion_category","True","7992","I Used To Love Them","Aid in the construction of the Night Elf defenses in the scenario, 'A Little Patience'.","15229","Mists of Pandaria","31423",,"0","10"
"snapshot_non_legion_category","True","7993","We've Been Dancin'","Aid Master Brownstone in the construction of the Pandaren defenses in the scenario, 'A Little Patience'.","15229","Mists of Pandaria","31424",,"0","10"
"snapshot_non_legion_category","True","7994","Treasure of Pandaria","Find a Treasure of Pandaria.","15113","Pandaria","31310",,"128","10"
"snapshot_non_legion_category","True","7995","Fortune of Pandaria","Find 5 Treasures of Pandaria.","15113","Pandaria","31329",,"128","10"
"snapshot_non_legion_category","True","7996","Bounty of Pandaria","Find 10 Treasures of Pandaria.","15113","Pandaria","31348",,"128","10"
"snapshot_non_legion_category","True","7997","Riches of Pandaria","Find all of the Treasures of Pandaria.","15113","Pandaria","31367",,"128","10"
"snapshot_non_legion_category","True","8008","Chapter II: Wrathion's War","Prove Horde superiority to Wrathion by completing his trials after your forces land on the beach.","15234","Legacy","31443",,"2048","0"
"snapshot_non_legion_category","True","8009","Dagger in the Dark","Complete the Dagger in the Dark scenario.","15229","Mists of Pandaria","31449",,"0","10"
"snapshot_non_legion_category","True","8010","Lion's Landing","Complete the Lion's Landing scenario.","15229","Mists of Pandaria","31451",,"0","10"
"snapshot_non_legion_category","True","8011","Number Five Is Alive","All five non-player characters survive the Lion's Landing scenario.","15229","Mists of Pandaria","31453",,"0","10"
"snapshot_non_legion_category","True","8012","Waste Not, Want Not","Use every weapon and power-up in the Lion's Landing scenario.","15229","Mists of Pandaria","31454",,"0","10"
"snapshot_non_legion_category","True","8013","Domination Point","Complete the Domination Point scenario.","15229","Mists of Pandaria","31463",,"0","10"
"snapshot_non_legion_category","True","8014","Number Five Is Alive","All five non-player characters survive the Domination Point scenario.","15229","Mists of Pandaria","31465",,"0","10"
"snapshot_non_legion_category","True","8015","Waste Not, Want Not","Use every weapon and power-up in the Domination Point scenario.","15229","Mists of Pandaria","31466",,"0","10"
"snapshot_non_legion_category","True","8016","Assault on Zan'vess","Defeat Commander Tel'vrak in Assault on Zan'vess.","15229","Mists of Pandaria","31499",,"0","10"
"snapshot_non_legion_category","True","8017","For the Swarm","Defeat Commander Tel'vrak without killing any Zan'thik Swarmers in the Assault on Zan'vess scenario.","15229","Mists of Pandaria","31501",,"0","10"
"snapshot_non_legion_category","True","8020","You Are Not Your $#*@! Legplates (Season 1)","Win a brawl during the Pandaria campaign.","15234","Legacy","0",,"2048","0"
"snapshot_non_legion_category","True","8022","Now You're Just Showing Off (Season 1)","Defeat the following rare brawl bosses during the Pandaria campaign.","15234","Legacy","0",,"2048","0"
"snapshot_non_legion_category","True","8023","Wakener","Become an honorary Klaxxi Paragon by completing the achievements listed below.","15114","Pandaria","31546",,"0","10"
"snapshot_non_legion_category","True","8028","Praise the Sun!","Defeat Nalak, the Storm Lord, on the Isle of Thunder.","15107","Pandaria Raid","31625",,"0","10"
"snapshot_non_legion_category","True","8030","A Test of Valor","Start Wrathion's legendary ""Test of Valor"" quest and earn 3000 Valor Points.","15234","Legacy","31629",,"2048","0"
"snapshot_non_legion_category","True","8031","A Test of Valor","Start Wrathion's legendary ""Test of Valor"" quest and earn 3000 Valor Points.","15234","Legacy","31631",,"2048","0"
"snapshot_non_legion_category","True","8037","Genetically Unmodified Organism","Defeat Primordius in Throne of Thunder on Normal or Heroic difficulty without any player receiving a harmful mutation.","15107","Pandaria Raid","31668",,"0","10"
"snapshot_non_legion_category","True","8038","Cretaceous Collector","Defeat Horridon in Throne of Thunder on Normal or Heroic difficulty without killing any Zandalari Dinomancers.","15107","Pandaria Raid","31712",,"0","10"
"snapshot_non_legion_category","True","8042","Extinguishing Pandaria","Desecrate the Horde's bonfire in Pandaria's Vale of Eternal Blossoms.","161","Midsummer","31726",,"0","10"
"snapshot_non_legion_category","True","8043","Extinguishing Pandaria","Desecrate the Alliance's bonfire in Pandaria's Vale of Eternal Blossoms.","161","Midsummer","31728",,"0","10"
"snapshot_non_legion_category","True","8044","Flame Keeper of Pandaria","Honor the flames of Pandaria.","161","Midsummer","31730",,"0","10"
"snapshot_non_legion_category","True","8045","Flame Warden of Pandaria","Honor the flames of Pandaria.","161","Midsummer","31738",,"0","10"
"snapshot_non_legion_category","True","8049","The Zandalari Prophecy","Discover each of the lore objects in Pandaria that tell of the Zandalari and their dark prophecy.","15113","Pandaria","31776",,"0","10"
"snapshot_non_legion_category","True","8050","Rumbles of Thunder","Discover each of the lore objects in Pandaria that tell of Lei-Shen, the Thunder King.","15113","Pandaria","31781",,"0","10"
"snapshot_non_legion_category","True","8051","Gods and Monsters","Discover each of the lore objects in Pandaria that tell of the dark origins of the mogu.","15113","Pandaria","31786",,"0","10"
"snapshot_non_legion_category","True","8052","Khan","Complete the battleground achievements listed below.","95","Player vs. Player","31792",,"143360","50"
"snapshot_non_legion_category","True","8055","Khan","Complete the battleground achievements listed below.","95","Player vs. Player","31798",,"143360","50"
"snapshot_non_legion_category","True","8056","Heroic: Jin'rokh the Breaker","Defeat Jin'rokh the Breaker in Throne of Thunder on Heroic difficulty.","15107","Pandaria Raid","32120",,"0","10"
"snapshot_non_legion_category","True","8057","Heroic: Horridon","Defeat Horridon in Throne of Thunder on Heroic difficulty.","15107","Pandaria Raid","32122",,"0","10"
"snapshot_non_legion_category","True","8058","Heroic: Council of Elders","Defeat the Council of Elders in Throne of Thunder on Heroic difficulty.","15107","Pandaria Raid","32238",,"0","10"
"snapshot_non_legion_category","True","8059","Heroic: Tortos","Defeat Tortos in Throne of Thunder on Heroic difficulty.","15107","Pandaria Raid","32124",,"0","10"
"snapshot_non_legion_category","True","8060","Heroic: Megaera","Defeat Megaera in Throne of Thunder on Heroic difficulty.","15107","Pandaria Raid","32126",,"0","10"
"snapshot_non_legion_category","True","8061","Heroic: Ji-Kun","Defeat Ji-Kun in Throne of Thunder on Heroic difficulty.","15107","Pandaria Raid","32128",,"0","10"
"snapshot_non_legion_category","True","8062","Heroic: Durumu the Forgotten","Defeat Durumu the Forgotten in Throne of Thunder on Heroic difficulty.","15107","Pandaria Raid","32130",,"0","10"
"snapshot_non_legion_category","True","8063","Heroic: Primordius","Defeat Primordius in Throne of Thunder on Heroic difficulty.","15107","Pandaria Raid","32132",,"0","10"
"snapshot_non_legion_category","True","8064","Heroic: Dark Animus","Defeat the Dark Animus in Throne of Thunder on Heroic difficulty.","15107","Pandaria Raid","32134",,"0","10"
"snapshot_non_legion_category","True","8065","Heroic: Iron Qon","Defeat Iron Qon in Throne of Thunder on Heroic difficulty.","15107","Pandaria Raid","32136",,"0","10"
"snapshot_non_legion_category","True","8066","Heroic: Twin Consorts","Defeat the Twin Consorts in Throne of Thunder on Heroic difficulty.","15107","Pandaria Raid","32240",,"0","10"
"snapshot_non_legion_category","True","8067","Heroic: Lei Shen","Defeat Lei Shen in Throne of Thunder on Heroic difficulty.","15107","Pandaria Raid","32118",,"0","10"
"snapshot_non_legion_category","True","8068","Heroic: Ra-den","Defeat Ra-den in Throne of Thunder.","15107","Pandaria Raid","32242",,"0","10"
"snapshot_non_legion_category","True","8069","Last Stand of the Zandalari","Defeat the bosses occupying the ruins at the entrance to the Throne of Thunder.","15107","Pandaria Raid","32273",,"0","10"
"snapshot_non_legion_category","True","8070","Forgotten Depths","Defeat the bosses in the ancient caverns beneath the Throne of Thunder.","15107","Pandaria Raid","32277",,"0","10"
"snapshot_non_legion_category","True","8071","Halls of Flesh-Shaping","Defeat the bosses in the befouled chambers beneath the Throne of Thunder.","15107","Pandaria Raid","32281",,"0","10"
"snapshot_non_legion_category","True","8072","Pinnacle of Storms","Defeat the bosses in Lei Shen's inner sanctum within the Throne of Thunder.","15107","Pandaria Raid","32285",,"0","10"
"snapshot_non_legion_category","True","8073","Cage Match","Defeat the Council of Elders in Throne of Thunder on Normal or Heroic difficulty without any creature leaving the center rings.","15107","Pandaria Raid","31808",,"0","10"
"snapshot_non_legion_category","True","8077","One-Up","Defeat Tortos in Throne of Thunder on Normal or Heroic difficulty after kicking a Whirl Turtle shell through five or more other Whirl Turtles.","15107","Pandaria Raid","31892",,"0","10"
"snapshot_non_legion_category","True","8078","Zul'Again","Kill 10 Zandalari Warscouts and 5 Zandalari Warbringers.","15113","Pandaria","31815",,"0","10"
"snapshot_non_legion_category","True","8080","Fabled Pandaren Tamer","Complete the Beasts of Fable quest.","15117","Pet Battles","31828",,"131072","5"
"snapshot_non_legion_category","True","8081","Ritualist Who?","Defeat all 24 different Dark Ritualists on Normal or Heroic difficulty on separate visits to the Dark Animus chamber in Throne of Thunder.","15107","Pandaria Raid","31864",,"65536","10"
"snapshot_non_legion_category","True","8082","Head Case","Defeat Megaera in Throne of Thunder on Normal or Heroic difficulty without cutting off a head of the following types:","15107","Pandaria Raid","31848",,"0","10"
"snapshot_non_legion_category","True","8086","From Dusk 'til Dawn","Defeat Lu'lin before Suen falls below 30% health, and then defeat Suen in Throne of Thunder on Normal or Heroic difficulty.","15107","Pandaria Raid","31894",,"0","10"
"snapshot_non_legion_category","True","8087","Can't Touch This","Survive the Iron Qon fight in Throne of Thunder on Normal or Heroic difficulty without getting hit by any of the following abilities:","15107","Pandaria Raid","31896",,"0","10"
"snapshot_non_legion_category","True","8089","I Thought He Was Supposed to Be Hard?","Defeat Ra-den in Throne of Thunder on the first attempt without letting any raid members die.","15271","Raids","31902",,"2048","0"
"snapshot_non_legion_category","True","8090","A Complete Circuit","Defeat Lei Shen in the Throne of Thunder on Normal or Heroic Difficulty after disabling each of the four Conduits first.","15107","Pandaria Raid","31904",,"0","10"
"snapshot_non_legion_category","True","8092","I've Got 9999 Problems but a Bone-White Primal Raptor Ain't One","Obtain the reins of the Bone-White Primal Raptor from Ku'ma, the Bone Collector.","15269","Mounts","31909",,"133120","0"
"snapshot_non_legion_category","True","8093","Tyrannical Conquest","Earn 25,000 Conquest Points in Season 13.","15279","Player vs. Player","0",,"2048","0"
"snapshot_non_legion_category","True","8094","Lightning Overload","Cause two Focused Lightning Orbs to collide while fighting Jin'rokh the Breaker in Throne of Thunder on Normal or Heroic difficulty.","15107","Pandaria Raid","31915",,"0","10"
"snapshot_non_legion_category","True","8097","Soft Hands","Defeat Ji-Kun in Throne of Thunder on Normal or Heroic Difficulty with the Golden Egg Still Intact.","15107","Pandaria Raid","31920",,"0","10"
"snapshot_non_legion_category","True","8098","You Said Crossing the Streams Was Bad","Reveal the Orange, Purple, and Green Fog Beasts while facing Durumu the Forgotten in Throne of Thunder on Normal or Heroic Difficulty.","15107","Pandaria Raid","31918",,"0","10"
"snapshot_non_legion_category","True","8099","Isle of Thunder","Complete the Isle of Thunder storylines listed below.","15110","Pandaria","32070",,"0","10"
"snapshot_non_legion_category","True","8100","Pay to Slay","Defeat one of the Isle of Thunder summonable bosses listed below.","15110","Pandaria","31943",,"0","10"
"snapshot_non_legion_category","True","8101","It Was Worth Every Ritual Stone","Defeat all of the Isle of Thunder summonable bosses listed below.","15110","Pandaria","31953",,"0","10"
"snapshot_non_legion_category","True","8103","Champions of Lei Shen","Defeat all of the Isle of Thunder rare mobs listed below.","15113","Pandaria","31965",,"0","10"
"snapshot_non_legion_category","True","8104","Thunder Plunder","Find a Trove of the Thunder King.","15110","Pandaria","31976",,"0","10"
"snapshot_non_legion_category","True","8105","The Crumble Bundle","Complete the quest ""The Crumbled Chamberlain"" within 10 minutes of accepting it.","15110","Pandaria","32028",,"0","10"
"snapshot_non_legion_category","True","8106","In the Hall of the Thunder King","Achieve the following goals within the Troves of the Thunder King.","15234","Legacy","32116",,"2048","0"
"snapshot_non_legion_category","True","8107","Ready for RAAAAIIIIDDD?!?ing","Crush 200 Ihgaluk Roaches within 1 minute.","15110","Pandaria","31978",,"0","10"
"snapshot_non_legion_category","True","8108","When in Ihgaluk, Do as the Skumblade Do","/bow before the following forms of Kroshik.","15110","Pandaria","31980",,"0","10"
"snapshot_non_legion_category","True","8109","The Mogu Below-gu","In the Court of Bones, summon and defeat one of the ancient mogu listed below.","15110","Pandaria","31985",,"0","10"
"snapshot_non_legion_category","True","8110","These Mogu Have Gotta Go-gu","In the Court of Bones, summon and defeat all of the ancient mogu listed below.","15110","Pandaria","31989",,"0","10"
"snapshot_non_legion_category","True","8111","This Isn't Even My Final Form","Enjoy the effects of a Zandalari Potion and the Mighty Loa buff at the same time.","15110","Pandaria","31995",,"0","10"
"snapshot_non_legion_category","True","8112","Blue Response","Shoo away the rare blue Hatchling Skyscreamer.","15110","Pandaria","31941",,"0","10"
"snapshot_non_legion_category","True","8114","Platform Hero","Survive for 90 seconds on the pillars in the Swollen Vault.","15110","Pandaria","32156",,"0","10"
"snapshot_non_legion_category","True","8115","Speed Metal","Defeat Metal Lord Mono-Han with 10 stacks of Power Surge.","15110","Pandaria","32067",,"0","10"
"snapshot_non_legion_category","True","8116","You Made Me Bleed My Own Blood","Slay Fleshcrafter Hoku without killing any Possessed Blood.","15110","Pandaria","32003",,"0","10"
"snapshot_non_legion_category","True","8117","For the Ward!","Use a Sunreaver or Kirin Tor perimeter ward to finish off an opponent.","15110","Pandaria","32026",,"0","10"
"snapshot_non_legion_category","True","8118","Boop","Knock a Zandalari Beastcaller from his flying mount.","15110","Pandaria","32024",,"0","10"
"snapshot_non_legion_category","True","8119","Our Powers Combined","Kill Guardian Tak'u in both of the following ways.","15110","Pandaria","32000",,"0","10"
"snapshot_non_legion_category","True","8120","Direhorn in a China Shop","Destroy the Priceless Zandalari Vase using the Loa-Infused Bloodhorn's charge attack.","15110","Pandaria","32030",,"0","10"
"snapshot_non_legion_category","True","8121","Stormbreaker","Complete the Isle of Thunder achievements listed below.","15110","Pandaria","32005",,"135168","10"
"snapshot_non_legion_category","True","8123","Millions of Years of Evolution vs. My Fist","Defeat Oondasta on the Isle of Giants.","15107","Pandaria Raid","31963",,"0","10"
"snapshot_non_legion_category","True","8124","Glory of the Thundering Raider","Complete the Throne of Thunder raid achievements listed below.","168","Dungeons & Raids","32090",,"143360","25"
"snapshot_non_legion_category","True","8137","Nalak Guild Run","Defeat Nalak, the Storm Lord, on the Isle of Thunder while in a raid with at least 8 guild members.","15154","Pandaria Raid","32112",,"61440","10"
"snapshot_non_legion_category","True","8138","Oondasta Guild Run","Defeat Oondasta on the Isle of Giants while in a raid with at least 8 guild members.","15154","Pandaria Raid","32114",,"61440","10"
"snapshot_non_legion_category","True","8139","Heroic: Lei Shen Guild Run","Defeat Lei Shen in Throne of Thunder on Heroic difficulty while in a guild group.","15154","Pandaria Raid","32442",,"61440","10"
"snapshot_non_legion_category","True","8140","Throne of Thunder Guild Run","Defeat the bosses in the Throne of Thunder while in a guild group.","15154","Pandaria Raid","32458",,"61440","10"
"snapshot_non_legion_category","True","8141","Jin'rokh the Breaker kills (LFR Throne of Thunder)","","15164","Mists of Pandaria","32318",,"1","0"
"snapshot_non_legion_category","True","8142","Jin'rokh the Breaker kills (10-player Normal Throne of Thunder)","","15164","Mists of Pandaria","32320",,"1","0"
"snapshot_non_legion_category","True","8143","Jin'rokh the Breaker kills (25-player Normal Throne of Thunder)","","15164","Mists of Pandaria","32322",,"1","0"
"snapshot_non_legion_category","True","8144","Jin'rokh the Breaker kills (10-player Heroic Throne of Thunder)","","15164","Mists of Pandaria","32324",,"1","0"
"snapshot_non_legion_category","True","8145","Jin'rokh the Breaker kills (25-player Heroic Throne of Thunder)","","15164","Mists of Pandaria","32326",,"1","0"
"snapshot_non_legion_category","True","8146","Nalak kills","","15164","Mists of Pandaria","32602",,"1","0"
"snapshot_non_legion_category","True","8147","Oondasta kills","","15164","Mists of Pandaria","32604",,"1","0"
"snapshot_non_legion_category","True","8148","Horridon kills (LFR Throne of Thunder)","","15164","Mists of Pandaria","32328",,"1","0"
"snapshot_non_legion_category","True","8149","Horridon kills (10-player Normal Throne of Thunder)","","15164","Mists of Pandaria","32330",,"1","0"
"snapshot_non_legion_category","True","8150","Horridon kills (25-player Normal Throne of Thunder)","","15164","Mists of Pandaria","32332",,"1","0"
"snapshot_non_legion_category","True","8151","Horridon kills (10-player Heroic Throne of Thunder)","","15164","Mists of Pandaria","32334",,"1","0"
"snapshot_non_legion_category","True","8152","Horridon kills (25-player Heroic Throne of Thunder)","","15164","Mists of Pandaria","32336",,"1","0"
"snapshot_non_legion_category","True","8153","Council of Elders kills (LFR Throne of Thunder)","","15164","Mists of Pandaria","32338",,"1","0"
"snapshot_non_legion_category","True","8154","Council of Elders kills (10-player Normal Throne of Thunder)","","15164","Mists of Pandaria","32340",,"1","0"
"snapshot_non_legion_category","True","8155","Council of Elders kills (25-player Normal Throne of Thunder)","","15164","Mists of Pandaria","32342",,"1","0"
"snapshot_non_legion_category","True","8156","Council of Elders kills (10-player Heroic Throne of Thunder)","","15164","Mists of Pandaria","32344",,"1","0"
"snapshot_non_legion_category","True","8157","Council of Elders kills (25-player Heroic Throne of Thunder)","","15164","Mists of Pandaria","32346",,"1","0"
"snapshot_non_legion_category","True","8158","Tortos kills (LFR Throne of Thunder)","","15164","Mists of Pandaria","32348",,"1","0"
"snapshot_non_legion_category","True","8159","Tortos kills (10-player Normal Throne of Thunder)","","15164","Mists of Pandaria","32350",,"1","0"
"snapshot_non_legion_category","True","8160","Tortos kills (25-player Normal Throne of Thunder)","","15164","Mists of Pandaria","32352",,"1","0"
"snapshot_non_legion_category","True","8161","Tortos kills (25-player Heroic Throne of Thunder)","","15164","Mists of Pandaria","32356",,"1","0"
"snapshot_non_legion_category","True","8162","Tortos kills (10-player Heroic Throne of Thunder)","","15164","Mists of Pandaria","32354",,"1","0"
"snapshot_non_legion_category","True","8163","Megaera kills (LFR Throne of Thunder)","","15164","Mists of Pandaria","32358",,"1","0"
"snapshot_non_legion_category","True","8164","Megaera kills (10-player Normal Throne of Thunder)","","15164","Mists of Pandaria","32360",,"1","0"
"snapshot_non_legion_category","True","8165","Megaera kills (25-player Normal Throne of Thunder)","","15164","Mists of Pandaria","32362",,"1","0"
"snapshot_non_legion_category","True","8166","Megaera kills (10-player Heroic Throne of Thunder)","","15164","Mists of Pandaria","32364",,"1","0"
"snapshot_non_legion_category","True","8167","Megaera kills (25-player Heroic Throne of Thunder)","","15164","Mists of Pandaria","32366",,"1","0"
"snapshot_non_legion_category","True","8168","Ji-Kun kills (LFR Throne of Thunder)","","15164","Mists of Pandaria","32368",,"1","0"
"snapshot_non_legion_category","True","8169","Ji-Kun kills (10-player Normal Throne of Thunder)","","15164","Mists of Pandaria","32370",,"1","0"
"snapshot_non_legion_category","True","8170","Ji-Kun kills (25-player Normal Throne of Thunder)","","15164","Mists of Pandaria","32372",,"1","0"
"snapshot_non_legion_category","True","8171","Ji-Kun kills (10-player Heroic Throne of Thunder)","","15164","Mists of Pandaria","32374",,"1","0"
"snapshot_non_legion_category","True","8172","Ji-Kun kills (25-player Heroic Throne of Thunder)","","15164","Mists of Pandaria","32376",,"1","0"
"snapshot_non_legion_category","True","8173","Durumu the Forgotten kills (LFR Throne of Thunder)","","15164","Mists of Pandaria","32378",,"1","0"
"snapshot_non_legion_category","True","8174","Durumu the Forgotten kills (10-player Normal Throne of Thunder)","","15164","Mists of Pandaria","32380",,"1","0"
"snapshot_non_legion_category","True","8175","Durumu the Forgotten kills (25-player Normal Throne of Thunder)","","15164","Mists of Pandaria","32382",,"1","0"
"snapshot_non_legion_category","True","8176","Durumu the Forgotten kills (10-player Heroic Throne of Thunder)","","15164","Mists of Pandaria","32384",,"1","0"
"snapshot_non_legion_category","True","8177","Durumu the Forgotten kills (25-player Heroic Throne of Thunder)","","15164","Mists of Pandaria","32386",,"1","0"
"snapshot_non_legion_category","True","8178","Primordius kills (LFR Throne of Thunder)","","15164","Mists of Pandaria","32388",,"1","0"
"snapshot_non_legion_category","True","8179","Primordius kills (10-player Normal Throne of Thunder)","","15164","Mists of Pandaria","32390",,"1","0"
"snapshot_non_legion_category","True","8180","Primordius kills (25-player Heroic Throne of Thunder)","","15164","Mists of Pandaria","32396",,"1","0"
"snapshot_non_legion_category","True","8181","Primordius kills (10-player Heroic Throne of Thunder)","","15164","Mists of Pandaria","32394",,"1","0"
"snapshot_non_legion_category","True","8182","Primordius kills (25-player Normal Throne of Thunder)","","15164","Mists of Pandaria","32392",,"1","0"
"snapshot_non_legion_category","True","8183","Dark Animus kills (LFR Throne of Thunder)","","15164","Mists of Pandaria","32398",,"1","0"
"snapshot_non_legion_category","True","8184","Dark Animus kills (10-player Normal Throne of Thunder)","","15164","Mists of Pandaria","32400",,"1","0"
"snapshot_non_legion_category","True","8185","Dark Animus kills (25-player Normal Throne of Thunder)","","15164","Mists of Pandaria","32402",,"1","0"
"snapshot_non_legion_category","True","8186","Dark Animus kills (10-player Heroic Throne of Thunder)","","15164","Mists of Pandaria","32404",,"1","0"
"snapshot_non_legion_category","True","8187","Dark Animus kills (25-player Heroic Throne of Thunder)","","15164","Mists of Pandaria","32406",,"1","0"
"snapshot_non_legion_category","True","8188","Iron Qon kills (LFR Throne of Thunder)","","15164","Mists of Pandaria","32408",,"1","0"
"snapshot_non_legion_category","True","8189","Iron Qon kills (10-player Normal Throne of Thunder)","","15164","Mists of Pandaria","32410",,"1","0"
"snapshot_non_legion_category","True","8190","Iron Qon kills (25-player Normal Throne of Thunder)","","15164","Mists of Pandaria","32412",,"1","0"
"snapshot_non_legion_category","True","8191","Iron Qon kills (10-player Heroic Throne of Thunder)","","15164","Mists of Pandaria","32414",,"1","0"
"snapshot_non_legion_category","True","8192","Iron Qon kills (25-player Heroic Throne of Thunder)","","15164","Mists of Pandaria","32416",,"1","0"
"snapshot_non_legion_category","True","8193","Twin Consorts kills (LFR Throne of Thunder)","","15164","Mists of Pandaria","32418",,"1","0"
"snapshot_non_legion_category","True","8194","Twin Consorts kills (10-player Normal Throne of Thunder)","","15164","Mists of Pandaria","32420",,"1","0"
"snapshot_non_legion_category","True","8195","Twin Consorts kills (25-player Normal Throne of Thunder)","","15164","Mists of Pandaria","32422",,"1","0"
"snapshot_non_legion_category","True","8196","Twin Consorts kills (10-player Heroic Throne of Thunder)","","15164","Mists of Pandaria","32424",,"1","0"
"snapshot_non_legion_category","True","8197","Twin Consorts kills (25-player Heroic Throne of Thunder)","","15164","Mists of Pandaria","32426",,"1","0"
"snapshot_non_legion_category","True","8198","Lei Shen kills (LFR Throne of Thunder)","","15164","Mists of Pandaria","32428",,"1","0"
"snapshot_non_legion_category","True","8199","Lei Shen kills (10-player Normal Throne of Thunder)","","15164","Mists of Pandaria","32430",,"1","0"
"snapshot_non_legion_category","True","8200","Lei Shen kills (25-player Normal Throne of Thunder)","","15164","Mists of Pandaria","32432",,"1","0"
"snapshot_non_legion_category","True","8201","Lei Shen kills (25-player Heroic Throne of Thunder)","","15164","Mists of Pandaria","32436",,"1","0"
"snapshot_non_legion_category","True","8202","Lei Shen kills (10-player Heroic Throne of Thunder)","","15164","Mists of Pandaria","32434",,"1","0"
"snapshot_non_legion_category","True","8203","Ra-den defeated (10-player Heroic Throne of Thunder)","","15164","Mists of Pandaria","32438",,"1","0"
"snapshot_non_legion_category","True","8205","Operation: Shieldwall","Earn Exalted status with Operation: Shieldwall.","15114","Pandaria","32146",,"0","10"
"snapshot_non_legion_category","True","8206","Dominance Offensive","Earn Exalted status with the Dominance Offensive.","15114","Pandaria","32144",,"0","10"
"snapshot_non_legion_category","True","8208","Kirin Tor Offensive","Earn Exalted status with the Kirin Tor Offensive.","15114","Pandaria","32148",,"0","10"
"snapshot_non_legion_category","True","8209","Sunreaver Onslaught","Earn Exalted status with the Sunreaver Onslaught","15114","Pandaria","32150",,"0","10"
"snapshot_non_legion_category","True","8210","Shado-Pan Assault","Earn Exalted status with the Shado-Pan Assault.","15114","Pandaria","32152",,"0","10"
"snapshot_non_legion_category","True","8212","Zandalari Library Card","Loot the rare books listed below from Zandalari trolls on the Isle of Thunder.","15110","Pandaria","32160",,"0","10"
"snapshot_non_legion_category","True","8213","Friends In Places Higher Yet","Obtain a Heart of the Nightwing mount through the Recruit-a-Friend program.","15269","Mounts","32170",,"133120","0"
"snapshot_non_legion_category","True","8214","Malevolent Gladiator","Achieved Malevolent Gladiator title.","15270","Player vs. Player","32174",,"2048","0"
"snapshot_non_legion_category","True","8216","Malevolent Gladiator's Cloud Serpent","Obtain the Malevolent Gladiator's Cloud Serpent from Arena Season 12 of Mists of Pandaria.","15269","Mounts","32176",,"2048","0"
"snapshot_non_legion_category","True","8218","Tyrannical Conquest","Earn 25,000 Conquest Points in Season 13.","15279","Player vs. Player","0",,"2048","0"
"snapshot_non_legion_category","True","8219","History of the Mantid","Restore and display pristine versions of all Mantid artifacts.","15071","Archaeology","32185",,"0","10"
"snapshot_non_legion_category","True","8220","Collector: Banners of the Mantid Empire","Restore 5 Banners of the Mantid Empire.","15071","Archaeology","32206",,"0","10"
"snapshot_non_legion_category","True","8221","Collector: Banners of the Mantid Empire","Restore 20 Banners of the Mantid Empire.","15071","Archaeology","32208",,"0","10"
"snapshot_non_legion_category","True","8222","Collector: Ancient Sap Feeders","Restore 5 Ancient Sap Feeders.","15071","Archaeology","32210",,"0","10"
"snapshot_non_legion_category","True","8223","Collector: Ancient Sap Feeders","Restore 20 Ancient Sap Feeders.","15071","Archaeology","32212",,"0","10"
"snapshot_non_legion_category","True","8224","Collector: Praying Mantids","Restore 5 Praying Mantids.","15071","Archaeology","32214",,"0","10"
"snapshot_non_legion_category","True","8225","Collector: Praying Mantids","Restore 20 Praying Mantids.","15071","Archaeology","32216",,"0","10"
"snapshot_non_legion_category","True","8226","Collector: Inert Sound Beacons","Restore 5 Inert Sound Beacons.","15071","Archaeology","32218",,"0","10"
"snapshot_non_legion_category","True","8227","Collector: Inert Sound Beacons","Restore 20 Inert Sound Beacons.","15071","Archaeology","32220",,"0","10"
"snapshot_non_legion_category","True","8228","Collector: Remains of Paragons","Restore 5 Remains of Paragons.","15071","Archaeology","32222",,"0","10"
"snapshot_non_legion_category","True","8229","Collector: Remains of Paragons","Restore 20 Remains of Paragons.","15071","Archaeology","32224",,"0","10"
"snapshot_non_legion_category","True","8230","Collector: Mantid Lamps","Restore 5 Mantid Lamps.","15071","Archaeology","32226",,"0","10"
"snapshot_non_legion_category","True","8231","Collector: Mantid Lamps","Restore 20 Mantid Lamps.","15071","Archaeology","32228",,"0","10"
"snapshot_non_legion_category","True","8232","Collector: Pollen Collectors","Restore 5 Pollen Collectors.","15071","Archaeology","32230",,"0","10"
"snapshot_non_legion_category","True","8233","Collector: Pollen Collectors","Restore 20 Pollen Collectors.","15071","Archaeology","32232",,"0","10"
"snapshot_non_legion_category","True","8234","Collector: Kypari Sap Containers","Restore 5 Kypari Sap Containers.","15071","Archaeology","32234",,"0","10"
"snapshot_non_legion_category","True","8235","Collector: Kypari Sap Containers","Restore 20 Kypari Sap Containers.","15071","Archaeology","32236",,"0","10"
"snapshot_non_legion_category","True","8238","Cutting Edge: Lei Shen","Defeat Lei Shen in Throne of Thunder on Heroic difficulty, before the release of patch 5.4.","15271","Raids","32244",,"2048","0"
"snapshot_non_legion_category","True","8243","Hero of the Alliance: Malevolent","End PvP season 12 in the top .5% of the rated battleground ladder.","15270","Player vs. Player","32246",,"14336","0"
"snapshot_non_legion_category","True","8244","Hero of the Horde: Malevolent","End PvP season 12 in the top .5% of the rated battleground ladder.","15270","Player vs. Player","32248",,"14336","0"
"snapshot_non_legion_category","True","8246","Ahead of the Curve: Grand Empress Shek'zeer","Defeat Grand Empress Shek'zeer in Heart of Fear on Normal difficulty, before the release of patch 5.2.","15271","Raids","32257",,"2048","0"
"snapshot_non_legion_category","True","8248","Ahead of the Curve: Sha of Fear","Defeat the Sha of Fear in Terrace of Endless Spring on Normal difficulty, before the release of patch 5.2.","15271","Raids","32260",,"2048","0"
"snapshot_non_legion_category","True","8249","Ahead of the Curve: Lei Shen","Defeat Lei Shen in Throne of Thunder on Normal difficulty, before the release of patch 5.4.","15271","Raids","32265",,"2048","0"
"snapshot_non_legion_category","True","8256","Ra-den defeated (25-player Heroic Throne of Thunder)","","15164","Mists of Pandaria","32440",,"1","0"
"snapshot_non_legion_category","True","8257","Realm First! Ra-den","First guild on the realm to defeat Ra-den in Throne of Thunder on Heroic difficulty while in a guild group.","15093","Guild Feats of Strength","32472",,"63744","0"
"snapshot_non_legion_category","True","8258","Heroic: Ra-den Guild Run","Defeat Ra-den in Throne of Thunder while in a guild group.","15154","Pandaria Raid","32474",,"63488","10"
"snapshot_non_legion_category","True","8260","Cutting Edge: Ra-den","Defeat Ra-den in Throne of Thunder, before the release of patch 5.4.","15271","Raids","32476",,"2048","0"
"snapshot_non_legion_category","True","8278","Pet Battles won at max level","Number of pet battles won with all 3 pets at level 25.","15219","Pet Battles","32639",,"131073","0"
"snapshot_non_legion_category","True","8286","PvP Pet Battles won at max level","Number of PvP pet battles won with all 3 pets at level 25.","15219","Pet Battles","32718",,"131073","0"
"snapshot_non_legion_category","True","8291","Gastropod meals provided","","15164","Mists of Pandaria","32745",,"1","0"
"snapshot_non_legion_category","True","8293","Raiding with Leashes II: Attunement Edition","Collect all of the battle pets listed below from Karazhan, Serpentshrine Cavern, and Tempest Keep.","15118","Collect","32747",,"131072","10"
"snapshot_non_legion_category","True","8294","The Secrets of Ragefire","Complete the Secrets of Ragefire scenario.","15229","Mists of Pandaria","32873",,"0","10"
"snapshot_non_legion_category","True","8295","The Few, the Proud, the Gob Squad","Complete the Secrets of Ragefire scenario without any member of the Gob Squad taking damage.","15229","Mists of Pandaria","32877",,"0","10"
"snapshot_non_legion_category","True","8297","Merciless Pet Brawler","Win 10 PvP pet battles through Find Battle with a full team of level 25 pets.","15119","Battle","32761",,"131072","10"
"snapshot_non_legion_category","True","8298","Vengeful Pet Brawler","Win 50 PvP pet battles through Find Battle with a full team of level 25 pets.","15119","Battle","32763",,"131072","10"
"snapshot_non_legion_category","True","8300","Brutal Pet Brawler","Win 250 PvP pet battles through Find Battle with a full team of level 25 pets.","15119","Battle","32765",,"131072","10"
"snapshot_non_legion_category","True","8301","Deadly Pet Brawler","Win 1000 PvP pet battles through Find Battle with a full team of level 25 pets.","15119","Battle","32767",,"131072","10"
"snapshot_non_legion_category","True","8302","Mount Parade","Obtain 200 mounts (usable by a single character).","15248","Mounts","32772",,"131072","10"
"snapshot_non_legion_category","True","8304","Mount Parade","Obtain 200 mounts (usable by a single character).","15248","Mounts","32770",,"131072","10"
"snapshot_non_legion_category","True","8306","Hordebreaker","Responsible for pitting Vol'jin's troll uprising against Garrosh Hellscream's Horde during Patch 5.3: Escalation.","15234","Legacy","32783",,"2048","0"
"snapshot_non_legion_category","True","8307","Darkspear Revolutionary","Aided Vol'jin's troll uprising during Patch 5.3: Escalation.","15234","Legacy","32785",,"2048","0"
"snapshot_non_legion_category","True","8310","Heroic: A Brewing Storm","Defeat Borokhula the Destroyer in A Brewing Storm on Heroic Difficulty.","15229","Mists of Pandaria","32793",,"0","10"
"snapshot_non_legion_category","True","8311","Heroic: Crypt of Forgotten Kings","Complete the Crypt of Forgotten Kings scenario on Heroic Difficulty.","15229","Mists of Pandaria","32795",,"0","10"
"snapshot_non_legion_category","True","8312","Heroic: Blood in the Snow","Complete the Blood in the Snow scenario on Heroic Difficulty.","15229","Mists of Pandaria","32797",,"0","10"
"snapshot_non_legion_category","True","8314","Battle on the High Seas","Defeat Admiral Hagman in the Battle on the High Seas.","15229","Mists of Pandaria","32802",,"0","10"
"snapshot_non_legion_category","True","8315","Battle on the High Seas","Defeat Admiral Hodgson in the Battle on the High Seas.","15229","Mists of Pandaria","32804",,"0","10"
"snapshot_non_legion_category","True","8316","Blood in the Snow","Complete the Blood in the Snow scenario.","15229","Mists of Pandaria","32815",,"0","10"
"snapshot_non_legion_category","True","8317","Dark Heart of Pandaria","Complete the Dark Heart of Pandaria scenario.","15229","Mists of Pandaria","32825",,"0","10"
"snapshot_non_legion_category","True","8318","Heroic: Dark Heart of Pandaria","Complete the Dark Heart of Pandaria scenario on Heroic Difficulty.","15229","Mists of Pandaria","32827",,"0","10"
"snapshot_non_legion_category","True","8319","Accelerated Archaeology","Pick up three special artifacts in a single instance of the Dark Heart of Pandaria scenario.","15229","Mists of Pandaria","32829",,"0","10"
"snapshot_non_legion_category","True","8325","Chapter V: Judgment of the Black Prince","Work with Wrathion to create your legendary-quality cloak and complete his quest to defeat Garrosh Hellscream.","15234","Legacy","32871",,"2048","0"
"snapshot_non_legion_category","True","8327","Heroic: The Secrets of Ragefire","Complete the Secrets of Ragefire scenario on Heroic Difficulty.","15229","Mists of Pandaria","32875",,"0","10"
"snapshot_non_legion_category","True","8329","Heed the Weed","Use every basket of Shimmerweed in a single Blood in the Snow scenario run.","15229","Mists of Pandaria","32879",,"0","10"
"snapshot_non_legion_category","True","8330","Hekima's Heal-Halter","Don't let Hekima cast Hekima's Wisdom in the Blood in the Snow scenario.","15229","Mists of Pandaria","32880",,"0","10"
"snapshot_non_legion_category","True","8331","Deepwind Gorge Victory","Win Deepwind Gorge.","15218","Deepwind Gorge","32883",,"0","10"
"snapshot_non_legion_category","True","8332","Deepwind Gorge Veteran","Complete 100 victories in Deepwind Gorge.","15218","Deepwind Gorge","32885",,"0","10"
"snapshot_non_legion_category","True","8333","Deepwind Gorge Perfection","Win Deepwind Gorge with a score of 1500 to 0.","15218","Deepwind Gorge","32887",,"0","20"
"snapshot_non_legion_category","True","8335","Having a Brawl (Season 1)","Reach Rank 9 with Bizmo's Brawlpub during the Pandaria campaign.","15234","Legacy","32889",,"6144","0"
"snapshot_non_legion_category","True","8336","I've Got the Biggest Brawls of Them All (Season 1)","Reach Rank 10 with Bizmo's Brawlpub during the Pandaria campaign.","15234","Legacy","32891",,"6144","0"
"snapshot_non_legion_category","True","8337","Having a Brawl (Season 1)","Reach Rank 9 with Brawl'gar Arena during the Pandaria campaign.","15234","Legacy","32893",,"6144","0"
"snapshot_non_legion_category","True","8338","I've Got the Biggest Brawls of Them All (Season 1)","Reach Rank 10 with Brawl'gar Arena during the Pandaria campaign.","15234","Legacy","32895",,"6144","0"
"snapshot_non_legion_category","True","8339","Collect Your Deck (Season 2)","Earn the right to purchase challenge cards for the following Brawler's Guild bosses during the Draenor campaign.","15234","Legacy","32897",,"2048","0"
"snapshot_non_legion_category","True","8340","Deck Your Collection (Season 1)","Defeat the following Brawler's Guild bosses during the Pandaria campaign.","15234","Legacy","0",,"6144","0"
"snapshot_non_legion_category","True","8342","Collect Your Deck (Season 2)","Earn the right to purchase challenge cards for the following Brawler's Guild bosses during the Draenor campaign.","15234","Legacy","32923",,"2048","0"
"snapshot_non_legion_category","True","8343","Deck Your Collection (Season 1)","Defeat the following Brawler's Guild bosses during the Pandaria campaign.","15234","Legacy","0",,"6144","0"
"snapshot_non_legion_category","True","8345","Hearthstoned","Owner of the Hearthsteed mount from the Hearthstone promotion.","15268","Promotions","32951",,"133120","0"
"snapshot_non_legion_category","True","8347","Keep those Bombs Away! (From Me)","Complete the Battle on the High Seas Scenario without any member of your party getting hit by cannon fire at any point.","15229","Mists of Pandaria","32955",,"0","10"
"snapshot_non_legion_category","True","8348","The Longest Day","Complete all of the pet battle daily quests listed below.","15117","Pet Battles","32997",,"131072","10"
"snapshot_non_legion_category","True","8350","Mine! Mine! Mine!","Assault 50 mines in Deepwind Gorge.","15218","Deepwind Gorge","33001",,"0","10"
"snapshot_non_legion_category","True","8351","Other People's Property","Capture 50 mine carts in Deepwind Gorge.","15218","Deepwind Gorge","33003",,"0","10"
"snapshot_non_legion_category","True","8354","Puddle Jumper","Fall 25 yards without dying in Deepwind Gorge.","15218","Deepwind Gorge","33009",,"0","10"
"snapshot_non_legion_category","True","8355","Weighed Down","Kill an enemy carrying your mine cart before they leave your base.","15218","Deepwind Gorge","33011",,"0","10"
"snapshot_non_legion_category","True","8358","Deepwind Gorge All-Star","Assault a mine, Defend a mine, Capture a mine cart and Return a mine cart in a single Deepwind Gorge match.","15218","Deepwind Gorge","33013",,"0","20"
"snapshot_non_legion_category","True","8359","Capping Spree","Personally capture the enemy mine cart 4 times in a single Deepwind Gorge battleground.","15218","Deepwind Gorge","33018",,"0","10"
"snapshot_non_legion_category","True","8360","Master of Deepwind Gorge","Complete the Deepwind Gorge achievements listed below.","15218","Deepwind Gorge","33020",,"131072","10"
"snapshot_non_legion_category","True","8364","Heroic: Battle on the High Seas","Defeat Admiral Hagman in the Battle on the High Seas on Heroic Difficulty.","15229","Mists of Pandaria","33030",,"0","10"
"snapshot_non_legion_category","True","8366","Heroic: Battle on the High Seas","Defeat Admiral Hodgson in the Battle on the High Seas on Heroic Difficulty.","15229","Mists of Pandaria","33032",,"0","10"
"snapshot_non_legion_category","True","8367","PvP pet battles won through Find Battle with a full team of level 25 pets.","PvP pet battles won through Find Battle with a full team of level 25 pets.","15219","Pet Battles","33039",,"1","0"
"snapshot_non_legion_category","True","8368","Fight Anger with Anger","Defeat the Abomination of Anger in the Crypt of Forgotten Kings scenario with 20 stacks of Uncontrolled Anger.","15229","Mists of Pandaria","33107",,"0","10"
"snapshot_non_legion_category","True","8369","Tiger's Peak victories","Tiger's Peak victories","152","Rated Arenas","33109",,"1","0"
"snapshot_non_legion_category","True","8370","Tiger's Peak matches","Tiger's Peak matches","152","Rated Arenas","33111",,"1","0"
"snapshot_non_legion_category","True","8371","Rated Deepwind Gorge battles","Rated Deepwind Gorge battles","153","Battlegrounds","33119",,"1","0"
"snapshot_non_legion_category","True","8372","Rated Deepwind Gorge victories","Rated Deepwind Gorge victories","153","Battlegrounds","33117",,"1","0"
"snapshot_non_legion_category","True","8373","Deepwind Gorge victories","Deepwind Gorge victories","153","Battlegrounds","33115",,"1","0"
"snapshot_non_legion_category","True","8374","Deepwind Gorge battles","Deepwind Gorge battles","153","Battlegrounds","33113",,"1","0"
"snapshot_non_legion_category","True","8375","Deepwind Gorge Killing Blows","Deepwind Gorge Killing Blows","137","Killing Blows","33121",,"1","0"
"snapshot_non_legion_category","True","8376","Deepwind Gorge Honorable Kills","Deepwind Gorge Honorable Kills","136","Honorable Kills","33123",,"1","0"
"snapshot_non_legion_category","True","8381","Grievous Conquest","Earn 27,000 Conquest Points in Season 14.","15279","Player vs. Player","33158",,"2048","0"
"snapshot_non_legion_category","True","8382","Grievous Conquest","Earn 27,000 Conquest Points in Season 14.","15279","Player vs. Player","33160",,"2048","0"
"snapshot_non_legion_category","True","8391","Tournament Participation 2013","Participated in the 2013 Tournament Arena Realm.","15270","Player vs. Player","0",,"133120","0"
"snapshot_non_legion_category","True","8392","Tournament Glory 2013","Rated in the top 1000 of teams participating in the 2013 Tournament Arena Realm.","15270","Player vs. Player","0",,"133120","0"
"snapshot_non_legion_category","True","8397","Crazy for Cats","Obtain 20 of the cats listed below.","15118","Collect","33277",,"131072","10"
"snapshot_non_legion_category","True","8398","Ahead of the Curve: Garrosh Hellscream (10 player)","Defeat Garrosh Hellscream on 10-Player Normal difficulty or higher, before the release of patch 6.0.","15271","Raids","34038",,"133120","0"
"snapshot_non_legion_category","True","8399","Ahead of the Curve: Garrosh Hellscream (25 player)","Defeat Garrosh Hellscream on 25-Player Normal difficulty or higher, before the release of patch 6.0.","15271","Raids","34040",,"133120","0"
"snapshot_non_legion_category","True","8400","Cutting Edge: Garrosh Hellscream (10 player)","Defeat Garrosh Hellscream on 10-Player Heroic difficulty, before the release of patch 6.0.","15271","Raids","34042",,"2048","0"
"snapshot_non_legion_category","True","8401","Cutting Edge: Garrosh Hellscream (25 player)","Defeat Garrosh Hellscream on 25-Player Heroic difficulty, before the release of patch 6.0.","15271","Raids","34044",,"2048","0"
"snapshot_non_legion_category","True","8408","Celestial Tournament wins","Completed the Celestial Tournament scenario.","15219","Pet Battles","33364",,"1","0"
"snapshot_non_legion_category","True","8410","The Celestial Tournament","Complete the Celestial Tournament scenario.","15119","Battle","33366",,"131072","10"
"snapshot_non_legion_category","True","8430","Challenge Master: Temple of the Jade Serpent","Attain a realm-best time for the Temple of the Jade Serpent Challenge Mode.","15272","Dungeons","33421",,"6144","0"
"snapshot_non_legion_category","True","8431","Challenge Master: Stormstout Brewery","Attain a realm-best time for the Stormstout Brewery Challenge Mode.","15272","Dungeons","33418",,"6144","0"
"snapshot_non_legion_category","True","8432","Challenge Master: Shado-Pan Monastery","Attain a realm-best time for the Shado-Pan Monastery Challenge Mode.","15272","Dungeons","33412",,"6144","0"
"snapshot_non_legion_category","True","8433","Challenge Master: Mogu'shan Palace","Attain a realm-best time for the Mogu'shan Palace Challenge Mode.","15272","Dungeons","33400",,"6144","0"
"snapshot_non_legion_category","True","8434","Challenge Master: Gate of the Setting Sun","Attain a realm-best time for the Gate of the Setting Sun Challenge Mode.","15272","Dungeons","33397",,"6144","0"
"snapshot_non_legion_category","True","8436","Challenge Master: Scarlet Halls","Attain a realm-best time for the Scarlet Halls Challenge Mode.","15272","Dungeons","33403",,"6144","0"
"snapshot_non_legion_category","True","8437","Challenge Master: Scarlet Monastery","Attain a realm-best time for the Scarlet Monastery Challenge Mode.","15272","Dungeons","33406",,"6144","0"
"snapshot_non_legion_category","True","8438","Challenge Master: Scholomance","Attain a realm-best time for the Scholomance Challenge Mode.","15272","Dungeons","33409",,"6144","0"
"snapshot_non_legion_category","True","8439","Challenge Master: Siege of Niuzao Temple","Attain a realm-best time for the Siege of Niuzao Temple Challenge Mode.","15272","Dungeons","33415",,"6144","0"
"snapshot_non_legion_category","True","8448","Gamon Will Save Us!","Defeat General Nazgrim while Gamon is alive and participating in the battle in Siege of Orgrimmar on Normal difficulty or higher.","15107","Pandaria Raid","33433",,"0","10"
"snapshot_non_legion_category","True","8450","Prideful Conquest","Earn 27,000 Conquest Points in Season 15.","15279","Player vs. Player","33439",,"2048","0"
"snapshot_non_legion_category","True","8451","Prideful Conquest","Earn 27,000 Conquest Points in Season 15.","15279","Player vs. Player","33441",,"2048","0"
"snapshot_non_legion_category","True","8453","Rescue Raiders","Rescue a set of caged prisoners, a group of unwilling combat participants, and Ji Firepaw before defeating the Kor'kron Dark Shaman in Siege of Orgrimmar on Normal difficulty or higher.","15107","Pandaria Raid","33443",,"0","10"
"snapshot_non_legion_category","True","8454","Glory of the Orgrimmar Raider","Complete the Siege of Orgrimmar raid achievements listed below.","168","Dungeons & Raids","33477",,"143360","25"
"snapshot_non_legion_category","True","8458","Vale of Eternal Sorrows","Defeat the bosses in the scarred Vale of Eternal Blossoms in the prelude to the Siege of Orgrimmar.","15107","Pandaria Raid","33445",,"0","10"
"snapshot_non_legion_category","True","8459","Gates of Retribution","Defeat the bosses in the exterior of Orgrimmar in the Siege of Orgrimmar raid.","15107","Pandaria Raid","33464",,"0","10"
"snapshot_non_legion_category","True","8461","The Underhold","Defeat the bosses at the entrance to Garrosh's secret compound in the Siege of Orgrimmar raid.","15107","Pandaria Raid","33469",,"0","10"
"snapshot_non_legion_category","True","8462","Downfall","Defeat the bosses within Garrosh's inner sanctum in the Siege of Orgrimmar raid.","15107","Pandaria Raid","33473",,"0","10"
"snapshot_non_legion_category","True","8463","Mythic: Immerseus","Defeat Immerseus in Siege of Orgrimmar on Mythic difficulty.","15107","Pandaria Raid","33480",,"0","10"
"snapshot_non_legion_category","True","8465","Mythic: Fallen Protectors","Defeat the Fallen Protectors in Siege of Orgrimmar on Mythic difficulty.","15107","Pandaria Raid","33482",,"0","10"
"snapshot_non_legion_category","True","8466","Mythic: Norushen","Complete Norushen's trial in Siege of Orgrimmar on Mythic difficulty.","15107","Pandaria Raid","33484",,"0","10"
"snapshot_non_legion_category","True","8467","Mythic: Sha of Pride","Defeat the Sha of Pride in Siege of Orgrimmar on Mythic difficulty.","15107","Pandaria Raid","33486",,"0","10"
"snapshot_non_legion_category","True","8468","Mythic: Galakras","Defeat Galakras in Siege of Orgrimmar on Mythic difficulty.","15107","Pandaria Raid","33488",,"0","10"
"snapshot_non_legion_category","True","8469","Mythic: Iron Juggernaut","Defeat the Iron Juggernaut in Siege of Orgrimmar on Mythic difficulty.","15107","Pandaria Raid","33490",,"0","10"
"snapshot_non_legion_category","True","8470","Mythic: Kor'kron Dark Shaman","Defeat the Kor'kron Dark Shaman in Siege of Orgrimmar on Mythic difficulty.","15107","Pandaria Raid","33492",,"0","10"
"snapshot_non_legion_category","True","8471","Mythic: General Nazgrim","Defeat General Nazgrim in Siege of Orgrimmar on Mythic difficulty.","15107","Pandaria Raid","33494",,"0","10"
"snapshot_non_legion_category","True","8472","Mythic: Malkorok","Defeat Malkorok in Siege of Orgrimmar on Mythic difficulty.","15107","Pandaria Raid","33496",,"0","10"
"snapshot_non_legion_category","True","8478","Mythic: Spoils of Pandaria","Complete the Spoils of Pandaria event in Siege of Orgrimmar on Mythic difficulty.","15107","Pandaria Raid","33498",,"0","10"
"snapshot_non_legion_category","True","8479","Mythic: Thok the Bloodthirsty","Defeat Thok the Bloodthirsty in Siege of Orgrimmar on Mythic difficulty.","15107","Pandaria Raid","33500",,"0","10"
"snapshot_non_legion_category","True","8480","Mythic: Siegecrafter Blackfuse","Defeat Siegecrafter Blackfuse in Siege of Orgrimmar on Mythic difficulty.","15107","Pandaria Raid","33502",,"0","10"
"snapshot_non_legion_category","True","8481","Mythic: Paragons of the Klaxxi","Defeat the Klaxxi Paragons in Siege of Orgrimmar on Mythic difficulty.","15107","Pandaria Raid","33504",,"0","10"
"snapshot_non_legion_category","True","8482","Mythic: Garrosh Hellscream","Defeat Garrosh Hellscream in Siege of Orgrimmar on Mythic difficulty.","15107","Pandaria Raid","33506",,"0","10"
"snapshot_non_legion_category","True","8484","Grievous Combatant","Win 100 Arena (3v3) or 40 Rated Battlegrounds in Season 14","15279","Player vs. Player","33508",,"2048","0"
"snapshot_non_legion_category","True","8485","Grievous Combatant","Win 100 Arena (3v3) or 40 Rated Battlegrounds in Season 14","15279","Player vs. Player","33509",,"2048","0"
"snapshot_non_legion_category","True","8486","Proving Yourself: Bronze Damage (Level 90)","Successfully complete the Basic Damage (Bronze) trial at the Proving Grounds.","15234","Legacy","0",,"133120","0"
"snapshot_non_legion_category","True","8487","Proving Yourself: Bronze Tank (Level 90)","Successfully complete the Basic Tank (Bronze) trial at the Proving Grounds.","15234","Legacy","0",,"133120","0"
"snapshot_non_legion_category","True","8488","Proving Yourself: Bronze Healer (Level 90)","Successfully complete the Basic Healer (Bronze) trial at the Proving Grounds.","15234","Legacy","0",,"133120","0"
"snapshot_non_legion_category","True","8491","Proving Yourself: Silver Damage (Level 90)","Successfully complete the Basic Damage (Silver) trial at the Proving Grounds.","15234","Legacy","0",,"133120","0"
"snapshot_non_legion_category","True","8492","Proving Yourself: Silver Tank (Level 90)","Successfully complete the Basic Tank (Silver) trial at the Proving Grounds.","15234","Legacy","0",,"133120","0"
"snapshot_non_legion_category","True","8493","Proving Yourself: Silver Healer (Level 90)","Successfully complete the Basic Healer (Silver) trial at the Proving Grounds.","15234","Legacy","0",,"133120","0"
"snapshot_non_legion_category","True","8496","Proving Yourself: Gold Damage (Level 90)","Successfully complete the Basic Damage (Gold) trial at the Proving Grounds.","15234","Legacy","0",,"133120","0"
"snapshot_non_legion_category","True","8497","Proving Yourself: Gold Tank (Level 90)","Successfully complete the Basic Tank (Gold) trial at the Proving Grounds.","15234","Legacy","0",,"133120","0"
"snapshot_non_legion_category","True","8498","Proving Yourself: Gold Healer (Level 90)","Successfully complete the Basic Healer (Gold) trial at the Proving Grounds.","15234","Legacy","0",,"133120","0"
"snapshot_non_legion_category","True","8501","Proving Yourself: Endless Damage (Wave 10) (Level 90)","Successfully complete Wave 10 of the Basic Damage (Endless) trial at the Proving Grounds.","15234","Legacy","0",,"133120","0"
"snapshot_non_legion_category","True","8502","Proving Yourself: Endless Tank (Wave 10) (Level 90)","Successfully complete Wave 10 of the Basic Tank (Endless) trial at the Proving Grounds.","15234","Legacy","0",,"133120","0"
"snapshot_non_legion_category","True","8503","Proving Yourself: Endless Healer (Wave 10) (Level 90)","Successfully complete Wave 10 of the Basic Healer (Endless) trial at the Proving Grounds.","15234","Legacy","0",,"133120","0"
"snapshot_non_legion_category","True","8504","Proving Yourself: Endless Damage (Wave 20) (Level 90)","Successfully complete Wave 20 of the Basic Damage (Endless) trial at the Proving Grounds.","15234","Legacy","0",,"133120","0"
"snapshot_non_legion_category","True","8505","Proving Yourself: Endless Tank (Wave 20) (Level 90)","Successfully complete Wave 20 of the Basic Tank (Endless) trial at the Proving Grounds.","15234","Legacy","0",,"133120","0"
"snapshot_non_legion_category","True","8506","Proving Yourself: Endless Healer (Wave 20) (Level 90)","Successfully complete Wave 20 of the Basic Healer (Endless) trial at the Proving Grounds.","15234","Legacy","0",,"133120","0"
"snapshot_non_legion_category","True","8507","Proving Yourself: Endless Damage (Wave 30) (Level 90)","Successfully complete Wave 30 of the Basic Damage (Endless) trial at the Proving Grounds.","15234","Legacy","0",,"133120","0"
"snapshot_non_legion_category","True","8508","Proving Yourself: Endless Tank (Wave 30) (Level 90)","Successfully complete Wave 30 of the Basic Tank (Endless) trial at the Proving Grounds.","15234","Legacy","0",,"133120","0"
"snapshot_non_legion_category","True","8509","Proving Yourself: Endless Healer (Wave 30) (Level 90)","Successfully complete Wave 30 of the Basic Healer (Endless) trial at the Proving Grounds.","15234","Legacy","0",,"133120","0"
"snapshot_non_legion_category","True","8510","Siege of Orgrimmar Guild Run","Defeat the bosses in the Siege of Orgrimmar while in a guild group.","15154","Pandaria Raid","33540",,"61440","10"
"snapshot_non_legion_category","True","8511","Heroic: Garrosh Hellscream Guild Run","Defeat Garrosh Hellscream in Siege of Orgrimmar on Heroic difficulty while in a guild group.","15154","Pandaria Raid","33555",,"61440","10"
"snapshot_non_legion_category","True","8512","Realm First! Garrosh Hellscream (10 player)","First guild on the realm to defeat Garrosh Hellscream in Siege of Orgrimmar on 10-player Heroic difficulty while in a guild group.","15093","Guild Feats of Strength","33557",,"63744","0"
"snapshot_non_legion_category","True","8513","Realm First! Garrosh Hellscream (25 player)","First guild on the realm to defeat Garrosh Hellscream in Siege of Orgrimmar on 25-player Heroic difficulty while in a guild group.","15093","Guild Feats of Strength","33559",,"63744","0"
"snapshot_non_legion_category","True","8514","Highest score on Basic Damage (Endless) at the Proving Grounds (Level 90)","Highest score on the Basic Damage (Endless) trial at the Proving Grounds","15176","Legacy","33562",,"524289","0"
"snapshot_non_legion_category","True","8515","Highest score on Basic Tank (Endless) at the Proving Grounds (Level 90)","Highest score on the Basic Tank (Endless) trial at the Proving Grounds","15176","Legacy","33564",,"524289","0"
"snapshot_non_legion_category","True","8516","Highest score on Basic Healer (Endless) at the Proving Grounds (Level 90)","Highest score on the Basic Healer (Endless) trial at the Proving Grounds","15176","Legacy","33566",,"524289","0"
"snapshot_non_legion_category","True","8518","Master of the Masters","Defeat all the trainers listed below from the Celestial Tournament.","15119","Battle","33577",,"131072","5"
"snapshot_non_legion_category","True","8519","Celestial Family","Obtain all four of the celestial pets.","15118","Collect","33591",,"131072","5"
"snapshot_non_legion_category","True","8520","Fire in the Hole!","Stomp on 6 superheated Crawler Mines and then defeat the Iron Juggernaut in Siege of Orgrimmar on Normal difficulty or higher.","15107","Pandaria Raid","33596",,"0","10"
"snapshot_non_legion_category","True","8521","Swallow Your Pride","Defeat the Sha of Pride in Siege of Orgrimmar on Normal difficulty or higher after no player has gained Pride from Manifestations of Pride while Norushen is alive.","15107","Pandaria Raid","33598",,"0","10"
"snapshot_non_legion_category","True","8527","Giant Dinosaur vs. Mega Snail","Open the Thrice-Locked Cage during the Thok the Bloodthirsty encounter in Siege of Orgrimmar on Normal difficulty or higher, and then allow its inhabitant to feast upon Thok's corpse once you have defeated the encounter.","15107","Pandaria Raid","33989",,"0","10"
"snapshot_non_legion_category","True","8528","Go Long","Transfer the Mark of Anguish to at least 5 unique players over a total of 200 yards or more during a single Desperate Measures phase, and then defeat the Fallen Protectors in Siege of Orgrimmar on Normal difficulty or higher.","15107","Pandaria Raid","33624",,"0","10"
"snapshot_non_legion_category","True","8529","Criss Cross","Complete the Spoils of Pandaria encounter in Siege of Orgrimmar on Normal difficulty or higher without any raid member defeating both a Mantid and a Mogu enemy.","15107","Pandaria Raid","33626",,"0","10"
"snapshot_non_legion_category","True","8530","The Immortal Vanguard","Defeat Galakras without having allowed a single friendly NPC to perish in battle in Siege of Orgrimmar on Normal difficulty or higher.","15107","Pandaria Raid","33627",,"0","10"
"snapshot_non_legion_category","True","8531","Now We are the Paragon","Defeat the Paragons after assuming the mantle of three different Paragons in Siege of Orgrimmar on Normal difficulty or higher.","15107","Pandaria Raid","33638",,"0","10"
"snapshot_non_legion_category","True","8532","None Shall Pass","Defeat the Amalgam of Corruption without allowing any unleashed corruption to fuse with it in Siege of Orgrimmar on Normal difficulty or higher.","15107","Pandaria Raid","33636",,"0","10"
"snapshot_non_legion_category","True","8533","Ordos","Defeat Ordos, Fire-God of the Yaungol, atop the Timeless Isle.","15278","Raids","33648",,"2048","0"
"snapshot_non_legion_category","True","8535","Celestial Challenge","Complete the trials of all four Celestials, besting them each in combat on the Timeless Isle.","15107","Pandaria Raid","33650",,"0","10"
"snapshot_non_legion_category","True","8536","No More Tears","Defeat Immerseus after killing 10 Tears of the Vale in Siege of Orgrimmar on Normal difficulty or higher.","15107","Pandaria Raid","33983",,"0","10"
"snapshot_non_legion_category","True","8537","Strike!","Kill 18 Kor'kron Warbringers with a single Iron Star and then defeat Garrosh in Siege of Orgrimmar on Normal difficulty or higher.","15107","Pandaria Raid","33987",,"0","10"
"snapshot_non_legion_category","True","8538","Unlimited Potential","Transform a Corrupted Skullsplitter into a Corrupted Amalgamation and then defeat Malkorok in Siege of Orgrimmar on Normal difficulty or higher.","15107","Pandaria Raid","33679",,"0","10"
"snapshot_non_legion_category","True","8543","Lasers and Magnets and Drills! Oh My!","Defeat Siegecrafter Blackfuse without destroying each of the following weapons in Siege of Orgrimmar on Normal difficulty or higher.","15107","Pandaria Raid","33681",,"0","10"
"snapshot_non_legion_category","True","8544","Trials of Chi-Ji completed","","15164","Mists of Pandaria","33702",,"1","0"
"snapshot_non_legion_category","True","8545","Trials of Niuzao completed","","15164","Mists of Pandaria","33704",,"1","0"
"snapshot_non_legion_category","True","8546","Trials of Xuen completed","","15164","Mists of Pandaria","33706",,"1","0"
"snapshot_non_legion_category","True","8547","Trials of Yu'lon completed","","15164","Mists of Pandaria","33708",,"1","0"
"snapshot_non_legion_category","True","8548","Ordos kills","","15164","Mists of Pandaria","33710",,"1","0"
"snapshot_non_legion_category","True","8549","Immerseus defeated (LFR Siege of Orgrimmar)","","15164","Mists of Pandaria","33712",,"1","0"
"snapshot_non_legion_category","True","8550","Immerseus defeated (Flexible Siege of Orgrimmar)","","15164","Mists of Pandaria","33714",,"1","0"
"snapshot_non_legion_category","True","8551","Immerseus defeated (10-player Normal Siege of Orgrimmar)","","15164","Mists of Pandaria","33716",,"1","0"
"snapshot_non_legion_category","True","8552","Immerseus defeated (25-player Normal Siege of Orgrimmar)","","15164","Mists of Pandaria","33718",,"1","0"
"snapshot_non_legion_category","True","8553","Immerseus defeated (10-player Heroic Siege of Orgrimmar)","","15164","Mists of Pandaria","33720",,"1","0"
"snapshot_non_legion_category","True","8554","Immerseus defeated (25-player Heroic Siege of Orgrimmar)","","15164","Mists of Pandaria","33722",,"1","0"
"snapshot_non_legion_category","True","8555","Fallen Protectors kills (LFR Siege of Orgrimmar)","","15164","Mists of Pandaria","33724",,"1","0"
"snapshot_non_legion_category","True","8556","Fallen Protectors kills (Flexible Siege of Orgrimmar)","","15164","Mists of Pandaria","33726",,"1","0"
"snapshot_non_legion_category","True","8557","Fallen Protectors kills (10-player Normal Siege of Orgrimmar)","","15164","Mists of Pandaria","33728",,"1","0"
"snapshot_non_legion_category","True","8558","Fallen Protectors kills (25-player Normal Siege of Orgrimmar)","","15164","Mists of Pandaria","33730",,"1","0"
"snapshot_non_legion_category","True","8559","Fallen Protectors kills (10-player Heroic Siege of Orgrimmar)","","15164","Mists of Pandaria","33732",,"1","0"
"snapshot_non_legion_category","True","8560","Fallen Protectors kills (25-player Heroic Siege of Orgrimmar)","","15164","Mists of Pandaria","33734",,"1","0"
"snapshot_non_legion_category","True","8561","Norushen's test passed (LFR Siege of Orgrimmar)","","15164","Mists of Pandaria","33736",,"1","0"
"snapshot_non_legion_category","True","8562","Norushen's test passed (Flexible Siege of Orgrimmar)","","15164","Mists of Pandaria","33738",,"1","0"
"snapshot_non_legion_category","True","8563","Norushen's test passed (10-player Normal Siege of Orgrimmar)","","15164","Mists of Pandaria","33740",,"1","0"
"snapshot_non_legion_category","True","8564","Norushen's test passed (25-player Normal Siege of Orgrimmar)","","15164","Mists of Pandaria","33742",,"1","0"
"snapshot_non_legion_category","True","8565","Norushen's test passed (10-player Heroic Siege of Orgrimmar)","","15164","Mists of Pandaria","33744",,"1","0"
"snapshot_non_legion_category","True","8566","Norushen's test passed (25-player Heroic Siege of Orgrimmar)","","15164","Mists of Pandaria","33746",,"1","0"
"snapshot_non_legion_category","True","8567","Sha of Pride kills (LFR Siege of Orgrimmar)","","15164","Mists of Pandaria","33748",,"1","0"
"snapshot_non_legion_category","True","8568","Sha of Pride kills (Flexible Siege of Orgrimmar)","","15164","Mists of Pandaria","33750",,"1","0"
"snapshot_non_legion_category","True","8569","Sha of Pride kills (10-player Normal Siege of Orgrimmar)","","15164","Mists of Pandaria","33752",,"1","0"
"snapshot_non_legion_category","True","8570","Sha of Pride kills (25-player Normal Siege of Orgrimmar)","","15164","Mists of Pandaria","33754",,"1","0"
"snapshot_non_legion_category","True","8571","Sha of Pride kills (10-player Heroic Siege of Orgrimmar)","","15164","Mists of Pandaria","33756",,"1","0"
"snapshot_non_legion_category","True","8573","Sha of Pride kills (25-player Heroic Siege of Orgrimmar)","","15164","Mists of Pandaria","33758",,"1","0"
"snapshot_non_legion_category","True","8574","Galakras kills (LFR Siege of Orgrimmar)","","15164","Mists of Pandaria","33760",,"1","0"
"snapshot_non_legion_category","True","8575","Galakras kills (Flexible Siege of Orgrimmar)","","15164","Mists of Pandaria","33762",,"1","0"
"snapshot_non_legion_category","True","8576","Galakras kills (10-player Normal Siege of Orgrimmar)","","15164","Mists of Pandaria","33764",,"1","0"
"snapshot_non_legion_category","True","8577","Galakras kills (25-player Normal Siege of Orgrimmar)","","15164","Mists of Pandaria","33766",,"1","0"
"snapshot_non_legion_category","True","8578","Galakras kills (10-player Heroic Siege of Orgrimmar)","","15164","Mists of Pandaria","33768",,"1","0"
"snapshot_non_legion_category","True","8579","Galakras kills (25-player Heroic Siege of Orgrimmar)","","15164","Mists of Pandaria","33770",,"1","0"
"snapshot_non_legion_category","True","8580","Iron Juggernaut kills (LFR Siege of Orgrimmar)","","15164","Mists of Pandaria","33772",,"1","0"
"snapshot_non_legion_category","True","8581","Iron Juggernaut kills (Flexible Siege of Orgrimmar)","","15164","Mists of Pandaria","33774",,"1","0"
"snapshot_non_legion_category","True","8582","Iron Juggernaut kills (10-player Normal Siege of Orgrimmar)","","15164","Mists of Pandaria","33776",,"1","0"
"snapshot_non_legion_category","True","8583","Iron Juggernaut kills (25-player Normal Siege of Orgrimmar)","","15164","Mists of Pandaria","33778",,"1","0"
"snapshot_non_legion_category","True","8584","Iron Juggernaut kills (10-player Heroic Siege of Orgrimmar)","","15164","Mists of Pandaria","33780",,"1","0"
"snapshot_non_legion_category","True","8585","Iron Juggernaut kills (25-player Heroic Siege of Orgrimmar)","","15164","Mists of Pandaria","33782",,"1","0"
"snapshot_non_legion_category","True","8586","Dark Shaman kills (LFR Siege of Orgrimmar)","","15164","Mists of Pandaria","33784",,"1","0"
"snapshot_non_legion_category","True","8587","Dark Shaman kills (Flexible Siege of Orgrimmar)","","15164","Mists of Pandaria","33786",,"1","0"
"snapshot_non_legion_category","True","8588","Dark Shaman kills (10-player Normal Siege of Orgrimmar)","","15164","Mists of Pandaria","33788",,"1","0"
"snapshot_non_legion_category","True","8589","Dark Shaman kills (25-player Normal Siege of Orgrimmar)","","15164","Mists of Pandaria","33790",,"1","0"
"snapshot_non_legion_category","True","8590","Dark Shaman kills (10-player Heroic Siege of Orgrimmar)","","15164","Mists of Pandaria","33792",,"1","0"
"snapshot_non_legion_category","True","8591","Dark Shaman kills (25-player Heroic Siege of Orgrimmar)","","15164","Mists of Pandaria","33794",,"1","0"
"snapshot_non_legion_category","True","8593","General Nazgrim kills (LFR Siege of Orgrimmar)","","15164","Mists of Pandaria","33796",,"1","0"
"snapshot_non_legion_category","True","8594","General Nazgrim kills (Flexible Siege of Orgrimmar)","","15164","Mists of Pandaria","33798",,"1","0"
"snapshot_non_legion_category","True","8595","General Nazgrim kills (10-player Normal Siege of Orgrimmar)","","15164","Mists of Pandaria","33800",,"1","0"
"snapshot_non_legion_category","True","8596","General Nazgrim kills (25-player Normal Siege of Orgrimmar)","","15164","Mists of Pandaria","33802",,"1","0"
"snapshot_non_legion_category","True","8597","General Nazgrim kills (10-player Heroic Siege of Orgrimmar)","","15164","Mists of Pandaria","33804",,"1","0"
"snapshot_non_legion_category","True","8598","General Nazgrim kills (25-player Heroic Siege of Orgrimmar)","","15164","Mists of Pandaria","33806",,"1","0"
"snapshot_non_legion_category","True","8599","Malkorok kills (LFR Siege of Orgrimmar)","","15164","Mists of Pandaria","33808",,"1","0"
"snapshot_non_legion_category","True","8600","Malkorok kills (Flexible Siege of Orgrimmar)","","15164","Mists of Pandaria","33810",,"1","0"
"snapshot_non_legion_category","True","8601","Malkorok kills (10-player Normal Siege of Orgrimmar)","","15164","Mists of Pandaria","33812",,"1","0"
"snapshot_non_legion_category","True","8602","Malkorok kills (25-player Normal Siege of Orgrimmar)","","15164","Mists of Pandaria","33814",,"1","0"
"snapshot_non_legion_category","True","8603","Malkorok kills (10-player Heroic Siege of Orgrimmar)","","15164","Mists of Pandaria","33816",,"1","0"
"snapshot_non_legion_category","True","8604","Malkorok kills (25-player Heroic Siege of Orgrimmar)","","15164","Mists of Pandaria","33818",,"1","0"
"snapshot_non_legion_category","True","8605","Spoils of Pandaria plundered (LFR Siege of Orgrimmar)","","15164","Mists of Pandaria","33820",,"1","0"
"snapshot_non_legion_category","True","8606","Spoils of Pandaria plundered (Flexible Siege of Orgrimmar)","","15164","Mists of Pandaria","33822",,"1","0"
"snapshot_non_legion_category","True","8608","Spoils of Pandaria plundered (10-player Normal Siege of Orgrimmar)","","15164","Mists of Pandaria","33824",,"1","0"
"snapshot_non_legion_category","True","8609","Spoils of Pandaria plundered (25-player Normal Siege of Orgrimmar)","","15164","Mists of Pandaria","33826",,"1","0"
"snapshot_non_legion_category","True","8610","Spoils of Pandaria plundered (10-player Heroic Siege of Orgrimmar)","","15164","Mists of Pandaria","33828",,"1","0"
"snapshot_non_legion_category","True","8612","Spoils of Pandaria plundered (25-player Heroic Siege of Orgrimmar)","","15164","Mists of Pandaria","33830",,"1","0"
"snapshot_non_legion_category","True","8614","Thok the Bloodthirsty kills (LFR Siege of Orgrimmar)","","15164","Mists of Pandaria","33832",,"1","0"
"snapshot_non_legion_category","True","8615","Thok the Bloodthirsty kills (Flexible Siege of Orgrimmar)","","15164","Mists of Pandaria","33834",,"1","0"
"snapshot_non_legion_category","True","8616","Thok the Bloodthirsty kills (10-player Normal Siege of Orgrimmar)","","15164","Mists of Pandaria","33836",,"1","0"
"snapshot_non_legion_category","True","8617","Thok the Bloodthirsty kills (25-player Normal Siege of Orgrimmar)","","15164","Mists of Pandaria","33838",,"1","0"
"snapshot_non_legion_category","True","8618","Thok the Bloodthirsty kills (10-player Heroic Siege of Orgrimmar)","","15164","Mists of Pandaria","33840",,"1","0"
"snapshot_non_legion_category","True","8619","Thok the Bloodthirsty kills (25-player Heroic Siege of Orgrimmar)","","15164","Mists of Pandaria","33842",,"1","0"
"snapshot_non_legion_category","True","8620","Siegecrafter Blackfuse kills (LFR Siege of Orgrimmar)","","15164","Mists of Pandaria","33844",,"1","0"
"snapshot_non_legion_category","True","8621","Siegecrafter Blackfuse kills (Flexible Siege of Orgrimmar)","","15164","Mists of Pandaria","33846",,"1","0"
"snapshot_non_legion_category","True","8622","Siegecrafter Blackfuse kills (10-player Normal Siege of Orgrimmar)","","15164","Mists of Pandaria","33848",,"1","0"
"snapshot_non_legion_category","True","8623","Siegecrafter Blackfuse kills (25-player Normal Siege of Orgrimmar)","","15164","Mists of Pandaria","33850",,"1","0"
"snapshot_non_legion_category","True","8624","Siegecrafter Blackfuse kills (10-player Heroic Siege of Orgrimmar)","","15164","Mists of Pandaria","33852",,"1","0"
"snapshot_non_legion_category","True","8625","Siegecrafter Blackfuse kills (25-player Heroic Siege of Orgrimmar)","","15164","Mists of Pandaria","33854",,"1","0"
"snapshot_non_legion_category","True","8626","Paragons of the Klaxxi kills (LFR Siege of Orgrimmar)","","15164","Mists of Pandaria","33856",,"1","0"
"snapshot_non_legion_category","True","8627","Paragons of the Klaxxi kills (Flexible Siege of Orgrimmar)","","15164","Mists of Pandaria","33858",,"1","0"
"snapshot_non_legion_category","True","8628","Paragons of the Klaxxi kills (10-player Normal Siege of Orgrimmar)","","15164","Mists of Pandaria","33860",,"1","0"
"snapshot_non_legion_category","True","8629","Paragons of the Klaxxi kills (25-player Normal Siege of Orgrimmar)","","15164","Mists of Pandaria","33862",,"1","0"
"snapshot_non_legion_category","True","8630","Paragons of the Klaxxi kills (10-player Heroic Siege of Orgrimmar)","","15164","Mists of Pandaria","33864",,"1","0"
"snapshot_non_legion_category","True","8631","Paragons of the Klaxxi kills (25-player Heroic Siege of Orgrimmar)","","15164","Mists of Pandaria","33866",,"1","0"
"snapshot_non_legion_category","True","8632","Garrosh Hellscream (LFR Siege of Orgrimmar)","","15164","Mists of Pandaria","33868",,"1","0"
"snapshot_non_legion_category","True","8634","Garrosh Hellscream (Flexible Siege of Orgrimmar)","","15164","Mists of Pandaria","33870",,"1","0"
"snapshot_non_legion_category","True","8635","Garrosh Hellscream (10-player Normal Siege of Orgrimmar)","","15164","Mists of Pandaria","33872",,"1","0"
"snapshot_non_legion_category","True","8636","Garrosh Hellscream (25-player Normal Siege of Orgrimmar)","","15164","Mists of Pandaria","33874",,"1","0"
"snapshot_non_legion_category","True","8637","Garrosh Hellscream (10-player Heroic Siege of Orgrimmar)","","15164","Mists of Pandaria","33876",,"1","0"
"snapshot_non_legion_category","True","8638","Garrosh Hellscream (25-player Heroic Siege of Orgrimmar)","","15164","Mists of Pandaria","33878",,"1","0"
"snapshot_non_legion_category","True","8641","Prideful Combatant","Win 100 Arena (3v3) or 40 Rated Battlegrounds in Season 15","15279","Player vs. Player","33880",,"2048","0"
"snapshot_non_legion_category","True","8642","Prideful Combatant","Win 100 Arena (3v3) or 40 Rated Battlegrounds in Season 15","15279","Player vs. Player","33883",,"2048","0"
"snapshot_non_legion_category","True","8643","Grievous Gladiator: Season 14","End a PvP season in the top 0.1% of the arena ladder (requires 50 games won in Season 14).","15270","Player vs. Player","0",,"14336","0"
"snapshot_non_legion_category","True","8644","Gladiator: Season 14","End a PvP season in the top 0.5% of the arena ladder (requires 50 games won in Season 14).","15270","Player vs. Player","0",,"14336","0"
"snapshot_non_legion_category","True","8645","Duelist: Season 14","End a PvP season in the top 3% of the arena ladder (requires 50 games won in Season 14).","15270","Player vs. Player","0",,"14336","0"
"snapshot_non_legion_category","True","8646","Rival: Season 14","End a PvP season in the top 10% of the arena ladder (requires 50 games won in Season 14).","15270","Player vs. Player","0",,"14336","0"
"snapshot_non_legion_category","True","8649","Challenger: Season 14","End a PvP season in the top 35% of the arena ladder (requires 50 games won in Season 14).","15270","Player vs. Player","0",,"14336","0"
"snapshot_non_legion_category","True","8652","Hero of the Alliance: Tyrannical","End PvP season 13 in the top .5% of the rated battleground ladder.","15270","Player vs. Player","33886",,"14336","0"
"snapshot_non_legion_category","True","8653","Hero of the Horde: Tyrannical","End PvP season 13 in the top .5% of the rated battleground ladder.","15270","Player vs. Player","33912",,"14336","0"
"snapshot_non_legion_category","True","8654","Hero of the Alliance: Grievous","End PvP season 14 in the top .5% of the rated battleground ladder.","15270","Player vs. Player","33888",,"14336","0"
"snapshot_non_legion_category","True","8657","Hero of the Horde: Grievous","End PvP season 14 in the top .5% of the rated battleground ladder.","15270","Player vs. Player","33918",,"14336","0"
"snapshot_non_legion_category","True","8658","Hero of the Alliance: Prideful","End PvP season 15 in the top .5% of the rated battleground ladder.","15270","Player vs. Player","33890",,"14336","0"
"snapshot_non_legion_category","True","8659","Hero of the Horde: Prideful","End PvP season 15 in the top .5% of the rated battleground ladder.","15270","Player vs. Player","33916",,"14336","0"
"snapshot_non_legion_category","True","8666","Prideful Gladiator: Season 15","End a PvP season in the top 0.1% of the arena ladder (requires 50 games won in Season 15).","15270","Player vs. Player","0",,"14336","0"
"snapshot_non_legion_category","True","8667","Gladiator: Season 15","End a PvP season in the top 0.5% of the arena ladder (requires 50 games won in Season 15).","15270","Player vs. Player","0",,"14336","0"
"snapshot_non_legion_category","True","8668","Duelist: Season 15","End a PvP season in the top 3% of the arena ladder (requires 50 games won in Season 15).","15270","Player vs. Player","0",,"14336","0"
"snapshot_non_legion_category","True","8669","Rival: Season 15","End a PvP season in the top 10% of the arena ladder (requires 50 games won in Season 15).","15270","Player vs. Player","0",,"14336","0"
"snapshot_non_legion_category","True","8670","Challenger: Season 15","End a PvP season in the top 35% of the arena ladder (requires 50 games won in Season 15).","15270","Player vs. Player","0",,"14336","0"
"snapshot_non_legion_category","True","8671","You'll Get Caught Up In The... Frostfire!","Complete the Frostfire Ridge storylines listed below.","15220","Draenor","33931",,"0","10"
"snapshot_non_legion_category","True","8678","Tyrannical Gladiator's Cloud Serpent","Obtain the Tyrannical Gladiator's Cloud Serpent from Arena Season 13 of Mists of Pandaria.","15269","Mounts","33955",,"2048","0"
"snapshot_non_legion_category","True","8679","Conqueror of Orgrimmar","Defeat Garrosh Hellscream in Siege of Orgrimmar on Heroic or Mythic difficulty.","15107","Pandaria Raid","33959",,"0","10"
"snapshot_non_legion_category","True","8680","Liberator of Orgrimmar","Defeat Garrosh Hellscream in Siege of Orgrimmar on Heroic or Mythic difficulty.","15107","Pandaria Raid","33961",,"0","10"
"removed_after_legion","False","8681","Deaths in Deepwind Gorge","Deaths in Deepwind Gorge","124","Battlegrounds","33963",,"1","0"
"snapshot_non_legion_category","True","8697","You're Doing it Wrong (Level 90)","Successfully complete any of the Basic (Silver) trials at the Proving Grounds, while in a specialization not suited for it.","15234","Legacy","0",,"133120","0"
"snapshot_non_legion_category","True","8698","Crashin' Thrashin' Flyer","Proud owner of the 2013 Vintage Winter Veil gift, the Crashin' Thrashin' Flyer.","15274","Events","34025",,"2048","0"
"snapshot_non_legion_category","True","8699","The Danger Zone","Shoot down another player's Crashin' Thrashin' Flyer with yours.","156","Winter Veil","34027",,"0","10"
"snapshot_non_legion_category","True","8705","Grievous Gladiator's Cloud Serpent","Obtain the Grievous Gladiator's Cloud Serpent from Arena Season 14 of Mists of Pandaria.","15269","Mounts","34046",,"2048","0"
"snapshot_non_legion_category","True","8707","Prideful Gladiator's Cloud Serpent","Obtain the Prideful Gladiator's Cloud Serpent from Arena Season 15 of Mists of Pandaria.","15269","Mounts","34049",,"2048","0"
"snapshot_non_legion_category","True","8708","Shroud of the Celestials - Guild Edition","Owner of a Shroud of the Celestials.","15079","Dungeons & Raids","34052",,"94208","10"
"snapshot_non_legion_category","True","8712","Killing Time","Defeat all of the creatures of the Timeless Isle listed below.","15113","Pandaria","34083",,"0","10"
"snapshot_non_legion_category","True","8714","Timeless Champion","Defeat all of the rare creatures of the Timeless Isle listed below.","15113","Pandaria","34116",,"0","10"
"snapshot_non_legion_category","True","8715","Emperor Shaohao","Earn Exalted status with Emperor Shaohao.","15114","Pandaria","34149",,"0","10"
"snapshot_non_legion_category","True","8716","Emissary of Ordos","Use the Censer of Eternal Agony obtained from Speaker Gulan on the Timeless Isle.","15265","The Timeless Isle","34151",,"0","10"
"snapshot_non_legion_category","True","8717","Candlekeeper","Obtain 10 Bloody Coins as an Emissary of Ordos or Ordon Fire-Watcher.","15265","The Timeless Isle","34153",,"0","10"
"snapshot_non_legion_category","True","8718","Oathguard","Obtain 100 Bloody Coins as an Emissary of Ordos or Ordon Fire-Watcher.","15265","The Timeless Isle","34155",,"0","10"
"snapshot_non_legion_category","True","8719","Blazebinder","Obtain 500 Bloody Coins as an Emissary of Ordos or Ordon Fire-Watcher.","15265","The Timeless Isle","34157",,"0","10"
"snapshot_non_legion_category","True","8720","Kilnmaster","Obtain 1000 Bloody Coins as an Emissary of Ordos or Ordon Fire-Watcher.","15265","The Timeless Isle","34159",,"0","10"
"snapshot_non_legion_category","True","8721","Fire-Watcher","Obtain 2000 Bloody Coins as an Emissary of Ordos or Ordon Fire-Watcher.","15265","The Timeless Isle","34161",,"4096","10"
"snapshot_non_legion_category","True","8722","Timeless Nutriment","Consume all of the sources of Timeless Nutriment on the Timeless Isle.","15113","Pandaria","34163",,"0","10"
"snapshot_non_legion_category","True","8723","Legend of the Past","Find one of the lost pandaren artifacts on the Timeless Isle.","15113","Pandaria","34170",,"0","10"
"snapshot_non_legion_category","True","8724","Pilgrimage","Obtain the blessings of all four Celestials at Time-Lost Shrines on the Timeless Isle.","15113","Pandaria","34172",,"0","10"
"snapshot_non_legion_category","True","8725","Eyes On The Ground","Check for loot in suspicious places throughout the Timeless Isle.","15113","Pandaria","34177",,"0","10"
"snapshot_non_legion_category","True","8726","Extreme Treasure Hunter","Find and loot the Gleaming Treasure Chest, Rope-Bound Treasure Chest, and a Mist-Covered Treasure Chest on the Timeless Isle.","15113","Pandaria","34185",,"0","10"
"snapshot_non_legion_category","True","8727","Where There's Pirates, There's Booty","Obtain the Sunken Treasure, Blackguard's Jetsam, and Gleaming Treasure Satchel on the Timeless Isle.","15113","Pandaria","34189",,"0","10"
"snapshot_non_legion_category","True","8728","Going To Need A Bigger Bag","Obtain all of the rare items from the Timeless Isle listed below.","15246","Collections","34193",,"131072","10"
"snapshot_non_legion_category","True","8729","Treasure, Treasure Everywhere","Locate all of the Moss-Covered, Skull-Covered, Sturdy, Smoldering, and Blazing chests on the Timeless Isle.","15113","Pandaria","34253",,"0","10"
"snapshot_non_legion_category","True","8730","Rolo's Riddle","Solve Rolo's Riddle on the Timeless Isle.","15113","Pandaria","34251",,"0","10"
"snapshot_non_legion_category","True","8743","Zarhym Altogether","Help Zarhym find his body in the Cavern of Lost Spirits on Timeless Isle.","15113","Pandaria","34308",,"0","10"
"snapshot_non_legion_category","True","8784","Timeless Legends","Find all of the lost pandaren artifacts on the Timeless Isle.","15113","Pandaria","34392",,"0","10"
"snapshot_non_legion_category","True","8789","Celestial Challenge Guild Run","Complete the trials of all four Celestials, besting them each in combat on the Timeless Isle, while in a raid with at least 8 guild members.","15154","Pandaria Raid","34442",,"61440","10"
"snapshot_non_legion_category","True","8790","Ordos Guild Run","Defeat Ordos, Fire-God of the Yaungol, atop the Timeless Isle, while in a raid with at least 8 guild members.","15093","Guild Feats of Strength","34447",,"61440","0"
"snapshot_non_legion_category","True","8791","Tyrannical Gladiator","Achieved Tyrannical Gladiator title.","15270","Player vs. Player","34449",,"2048","0"
"snapshot_non_legion_category","True","8793","Murkalot","Proud owner of Murkalot from the 2013 BlizzCon.","15268","Promotions","34471",,"133120","0"
"snapshot_non_legion_category","True","8794","Friends In Places Even Higher Than That","Obtain an Emerald Hippogryph mount through the Recruit-a-Friend program.","15269","Mounts","34474",,"133120","0"
"snapshot_non_legion_category","True","8795","Collector's Edition: Treasure Goblin","Owner of the Diablo III: Reaper of Souls Collector's Edition Treasure Goblin pet.","15268","Promotions","34477",,"133120","0"
"snapshot_non_legion_category","True","8812","You're Really Doing It Wrong (Level 90)","Successfully completed any of the Level 90 Basic (Gold) trials at the Proving Grounds, while in a specialization not suited for it.","81","Feats of Strength","0",,"131072","0"
"snapshot_non_legion_category","True","8820","WoW's 10th Anniversary","Logged in during WoW's 10th Anniversary.","15274","Events","34572",,"2048","0"
"snapshot_non_legion_category","True","8843","Skyreach","Defeat High Sage Viryx in Skyreach.","15228","Draenor Dungeon","36075",,"0","10"
"snapshot_non_legion_category","True","8844","Heroic: Skyreach","Defeat High Sage Viryx in Skyreach on Heroic difficulty.","15228","Draenor Dungeon","36080",,"0","10"
"snapshot_non_legion_category","True","8845","As I Walk Through the Valley of the Shadow of Moon","Complete the Shadowmoon Valley storylines listed below.","15220","Draenor","34963",,"0","10"
"snapshot_non_legion_category","True","8871","Skyreach Challenger","Complete the Skyreach Challenge Mode.","15277","Dungeons","35417",,"2048","0"
"snapshot_non_legion_category","True","8872","Skyreach: Bronze","Complete the Skyreach Challenge Mode with a rating of Bronze or better.","15277","Dungeons","35419",,"2048","0"
"snapshot_non_legion_category","True","8873","Skyreach: Silver","Complete the Skyreach Challenge Mode with a rating of Silver or better.","15277","Dungeons","35421",,"2048","0"
"snapshot_non_legion_category","True","8874","Skyreach: Gold","Complete the Skyreach Challenge Mode with a rating of Gold.","15277","Dungeons","35423",,"2048","0"
"snapshot_non_legion_category","True","8875","Bloodmaul Slag Mines Challenger","Complete the Bloodmaul Slag Mines Challenge Mode.","15277","Dungeons","35425",,"2048","0"
"snapshot_non_legion_category","True","8876","Bloodmaul Slag Mines: Bronze","Complete the Bloodmaul Slag Mines Challenge Mode with a rating of Bronze or better.","15277","Dungeons","35427",,"2048","0"
"snapshot_non_legion_category","True","8877","Bloodmaul Slag Mines: Silver","Complete the Bloodmaul Slag Mines Challenge Mode with a rating of Silver or better.","15277","Dungeons","35429",,"2048","0"
"snapshot_non_legion_category","True","8878","Bloodmaul Slag Mines: Gold","Complete the Bloodmaul Slag Mines Challenge Mode with a rating of Gold.","15277","Dungeons","35431",,"2048","0"
"snapshot_non_legion_category","True","8879","Auchindoun Challenger","Complete the Auchindoun Challenge Mode.","15277","Dungeons","35433",,"2048","0"
"snapshot_non_legion_category","True","8880","Auchindoun: Bronze","Complete the Auchindoun Challenge Mode with a rating of Bronze or better.","15277","Dungeons","35435",,"2048","0"
"snapshot_non_legion_category","True","8881","Auchindoun: Silver","Complete the Auchindoun Challenge Mode with a rating of Silver or better.","15277","Dungeons","35437",,"2048","0"
"snapshot_non_legion_category","True","8882","Auchindoun: Gold","Complete the Auchindoun Challenge Mode with a rating of Gold.","15277","Dungeons","35439",,"2048","0"
"snapshot_non_legion_category","True","8883","Shadowmoon Burial Grounds Challenger","Complete the Shadowmoon Burial Grounds Challenge Mode.","15277","Dungeons","35441",,"2048","0"
"snapshot_non_legion_category","True","8884","Shadowmoon Burial Grounds: Bronze","Complete the Shadowmoon Burial Grounds Challenge Mode with a rating of Bronze or better.","15277","Dungeons","35443",,"2048","0"
"snapshot_non_legion_category","True","8885","Shadowmoon Burial Grounds: Silver","Complete the Shadowmoon Burial Grounds Challenge Mode with a rating of Silver or better.","15277","Dungeons","35445",,"2048","0"
"snapshot_non_legion_category","True","8886","Shadowmoon Burial Grounds: Gold","Complete the Shadowmoon Burial Grounds Challenge Mode with a rating of Gold.","15277","Dungeons","35447",,"2048","0"
"snapshot_non_legion_category","True","8887","Grimrail Depot Challenger","Complete the Grimrail Depot Challenge Mode.","15277","Dungeons","35449",,"2048","0"
"snapshot_non_legion_category","True","8888","Grimrail Depot: Bronze","Complete the Grimrail Depot Challenge Mode with a rating of Bronze or better.","15277","Dungeons","35451",,"2048","0"
"snapshot_non_legion_category","True","8889","Grimrail Depot: Silver","Complete the Grimrail Depot Challenge Mode with a rating of Silver or better.","15277","Dungeons","35453",,"2048","0"
"snapshot_non_legion_category","True","8890","Grimrail Depot: Gold","Complete the Grimrail Depot Challenge Mode with a rating of Gold.","15277","Dungeons","35455",,"2048","0"
"snapshot_non_legion_category","True","8891","Upper Blackrock Spire Challenger","Complete the Upper Blackrock Spire Challenge Mode.","15277","Dungeons","35457",,"2048","0"
"snapshot_non_legion_category","True","8892","Upper Blackrock Spire: Bronze","Complete the Upper Blackrock Spire Challenge Mode with a rating of Bronze or better.","15277","Dungeons","35459",,"2048","0"
"snapshot_non_legion_category","True","8893","Upper Blackrock Spire: Silver","Complete the Upper Blackrock Spire Challenge Mode with a rating of Silver or better.","15277","Dungeons","35461",,"2048","0"
"snapshot_non_legion_category","True","8894","Upper Blackrock Spire: Gold","Complete the Upper Blackrock Spire Challenge Mode with a rating of Gold.","15277","Dungeons","35463",,"2048","0"
"snapshot_non_legion_category","True","8895","Challenge Warlord","Complete every Challenge Mode dungeon from the Warlords of Draenor expansion.","15277","Dungeons","35465",,"2048","0"
"snapshot_non_legion_category","True","8897","Challenge Warlord: Bronze","Complete every Challenge Mode dungeon from the Warlords of Draenor expansion with a rating of Bronze or better.","15277","Dungeons","35472",,"2048","0"
"snapshot_non_legion_category","True","8898","Challenge Warlord: Silver","Complete every Challenge Mode dungeon from the Warlords of Draenor expansion with a rating of Silver or better.","15277","Dungeons","35479",,"2048","0"
"snapshot_non_legion_category","True","8899","Challenge Warlord: Gold","Complete every Challenge Mode dungeon from the Warlords of Draenor expansion with a rating of Gold.","15277","Dungeons","40286",,"2048","0"
"snapshot_non_legion_category","True","8903","Mistwalker","Attained one or more realm-best times during the Mists of Pandaria Challenge Mode season.","15272","Dungeons","35602",,"6144","0"
"snapshot_non_legion_category","True","8916","Collector's Edition: Dread Raven","Owner of the Warlords of Draenor Collector's Edition Dread Raven mount.","15268","Promotions","35729",,"133120","0"
"snapshot_non_legion_category","True","8917","Collector's Edition: Dread Hatchling","Owner of the Warlords of Draenor Collector's Edition Dread Hatchling pet.","15268","Promotions","35732",,"133120","0"
"snapshot_non_legion_category","True","8919","Don't Let the Tala-door Hit You on the Way Out","Complete the Talador storylines listed below.","15220","Draenor","35781",,"0","10"
"snapshot_non_legion_category","True","8920","Don't Let the Tala-door Hit You on the Way Out","Complete the Talador storylines listed below.","15220","Draenor","35783",,"0","10"
"snapshot_non_legion_category","True","8921","Welcome to Draenor","Complete the Assault on the Dark Portal.","15220","Draenor","35791",,"0","10"
"snapshot_non_legion_category","True","8922","Welcome to Draenor","Complete the Assault on the Dark Portal.","15220","Draenor","35789",,"0","10"
"snapshot_non_legion_category","True","8923","Putting the Gore in Gorgrond","Complete the Gorgrond storylines listed below.","15220","Draenor","35779",,"0","10"
"snapshot_non_legion_category","True","8924","Putting the Gore in Gorgrond","Complete the Gorgrond storylines listed below.","15220","Draenor","35777",,"0","10"
"snapshot_non_legion_category","True","8925","Between Arak and a Hard Place","Complete the Spires of Arak storylines listed below.","15220","Draenor","35787",,"0","10"
"snapshot_non_legion_category","True","8926","Between Arak and a Hard Place","Complete the Spires of Arak storylines listed below.","15220","Draenor","39401",,"0","10"
"snapshot_non_legion_category","True","8927","Nagrandeur","Complete the Nagrand storylines listed below.","15220","Draenor","35795",,"0","10"
"snapshot_non_legion_category","True","8928","Nagrandeur","Complete the Nagrand storylines listed below.","15220","Draenor","35793",,"0","10"
"snapshot_non_legion_category","True","8929","The Steel Has Been Brought","Defeat Flamebender Ka'graz in Blackrock Foundry without killing Aknor Steelbringer on Normal difficulty or higher.","15231","Draenor Raid","35930",,"0","10"
"snapshot_non_legion_category","True","8930","Ya, We've Got Time...","Complete the Blast Furnace encounter in Blackrock Foundry after defeating all four Primal Elementalists within 10 seconds of each other, on Normal difficulty or higher.","15231","Draenor Raid","35932",,"0","10"
"snapshot_non_legion_category","True","8932","Mythic: Flamebender Ka'graz","Defeat Flamebender Ka'graz in Blackrock Foundry on Mythic difficulty.","15231","Draenor Raid","35936",,"0","10"
"snapshot_non_legion_category","True","8933","Staying Regular","Relieve yourself in the garrison outhouse.","15237","Draenor Garrison","35938",,"0","5"
"snapshot_non_legion_category","True","8935","Draenor Explorer","Explore the regions of Draenor.","97","Exploration","35940",,"131072","25"
"snapshot_non_legion_category","True","8937","Explore Frostfire Ridge","Explore Frostfire Ridge, revealing the covered areas of the world map.","15235","Draenor","35948",,"0","10"
"snapshot_non_legion_category","True","8938","Explore Shadowmoon Valley","Explore Shadowmoon Valley, revealing the covered areas of the world map.","15235","Draenor","35949",,"0","10"
"snapshot_non_legion_category","True","8939","Explore Gorgrond","Explore Gorgrond, revealing the covered areas of the world map.","15235","Draenor","35950",,"0","10"
"snapshot_non_legion_category","True","8940","Explore Talador","Explore Talador, revealing the covered areas of the world map.","15235","Draenor","35951",,"0","10"
"snapshot_non_legion_category","True","8941","Explore Spires of Arak","Explore Spires of Arak, revealing the covered areas of the world map.","15235","Draenor","35952",,"0","10"
"snapshot_non_legion_category","True","8942","Explore Nagrand","Explore Nagrand, revealing the covered areas of the world map.","15235","Draenor","35953",,"0","10"
"snapshot_non_legion_category","True","8947","Hurry Up, Maggot!","Cause the Butcher in Highmaul to slay 6 Maggots before defeating him on Normal difficulty or higher.","15231","Draenor Raid","35956",,"0","10"
"snapshot_non_legion_category","True","8948","Flame On!","Defeat Kargath Bladefist in Highmaul without destroying any Fire Pillars on Normal difficulty or higher.","15231","Draenor Raid","35958",,"0","10"
"snapshot_non_legion_category","True","8949","Mythic: Kargath Bladefist","Defeat Kargath Bladefist in Highmaul on Mythic difficulty.","15231","Draenor Raid","35962",,"0","10"
"snapshot_non_legion_category","True","8952","Ashes, Ashes...","Defeat Blackhand in Blackrock Foundry after catching 20 Falling Ashes on Normal difficulty or higher.","15231","Draenor Raid","35966",,"0","10"
"snapshot_non_legion_category","True","8956","Mythic: Beastlord Darmac","Defeat Beastlord Darmac in Blackrock Foundry on Mythic difficulty.","15231","Draenor Raid","35983",,"0","10"
"snapshot_non_legion_category","True","8958","Brothers in Arms","Defeat the Twin Ogron in Highmaul without their Disposition ever exceeding 30% on Normal difficulty or higher.","15231","Draenor Raid","35985",,"0","10"
"snapshot_non_legion_category","True","8960","Mythic: The Butcher","Defeat The Butcher in Highmaul on Mythic difficulty.","15231","Draenor Raid","35987",,"0","10"
"snapshot_non_legion_category","True","8961","Mythic: Tectus","Defeat Tectus in Highmaul on Mythic difficulty.","15231","Draenor Raid","35989",,"0","10"
"snapshot_non_legion_category","True","8962","Mythic: Brackenspore","Defeat Brackenspore in Highmaul on Mythic difficulty.","15231","Draenor Raid","37106",,"0","10"
"snapshot_non_legion_category","True","8963","Mythic: Twin Ogron","Defeat the Twin Ogron in Highmaul on Mythic difficulty.","15231","Draenor Raid","37108",,"0","10"
"snapshot_non_legion_category","True","8964","Mythic: Ko'ragh","Defeat Ko'ragh in Highmaul on Mythic difficulty.","15231","Draenor Raid","37104",,"0","10"
"snapshot_non_legion_category","True","8965","Mythic: Imperator's Fall","Complete the Imperator Mar'gok encounter in Highmaul on Mythic difficulty.","15231","Draenor Raid","37110",,"0","10"
"snapshot_non_legion_category","True","8966","Mythic: Gruul","Defeat Gruul in Blackrock Foundry on Mythic difficulty.","15231","Draenor Raid","35990",,"0","10"
"snapshot_non_legion_category","True","8967","Mythic: Oregorger","Defeat Oregorger in Blackrock Foundry on Mythic difficulty.","15231","Draenor Raid","35992",,"0","10"
"snapshot_non_legion_category","True","8968","Mythic: Hans'gar and Franzok","Defeat Hans'gar and Franzok in Blackrock Foundry on Mythic difficulty.","15231","Draenor Raid","37112",,"0","10"
"snapshot_non_legion_category","True","8969","Mythic: Operator Thogar","Defeat Operator Thogar in Blackrock Foundry on Mythic difficulty.","15231","Draenor Raid","35994",,"0","10"
"snapshot_non_legion_category","True","8970","Mythic: Blast Furnace","Complete the Blast Furnace encounter in Blackrock Foundry on Mythic difficulty.","15231","Draenor Raid","36033",,"0","10"
"snapshot_non_legion_category","True","8971","Mythic: Kromog","Defeat Kromog in Blackrock Foundry on Mythic difficulty.","15231","Draenor Raid","35996",,"0","10"
"snapshot_non_legion_category","True","8972","Mythic: Iron Maidens","Defeat the Iron Maidens in Blackrock Foundry on Mythic difficulty.","15231","Draenor Raid","37114",,"0","10"
"snapshot_non_legion_category","True","8973","Mythic: Blackhand's Crucible","Defeat Warlord Blackhand in Blackrock Foundry on Mythic difficulty.","15231","Draenor Raid","35999",,"0","10"
"snapshot_non_legion_category","True","8974","More Like Wrecked-us","Defeat Tectus in Highmaul by destroying all eight Motes of Tectus within 10 seconds of each other on Normal difficulty or higher.","15231","Draenor Raid","39612",,"0","10"
"snapshot_non_legion_category","True","8975","A Fungus Among Us","Gain 15 stacks of Burning Infusion and then defeat Brackenspore in Highmaul on Normal difficulty or higher.","15231","Draenor Raid","36365",,"0","10"
"snapshot_non_legion_category","True","8976","Pair Annihilation","Defeat Ko'ragh in Highmaul with fewer than 15 Overflowing Energy orbs touching the ground or players without Nullification Barrier, on Normal difficulty or higher.","15231","Draenor Raid","36057",,"0","10"
"snapshot_non_legion_category","True","8977","Lineage of Power","Empower and defeat a Fortified Replicating Gorian Warmage and then defeat Imperator Mar'gok in Highmaul on Normal difficulty or higher.","15231","Draenor Raid","37072",,"0","10"
"snapshot_non_legion_category","True","8978","The Iron Price","Collect 3 Pristine True Iron Ores and then defeat Gruul in Blackrock Foundry in Normal difficulty or higher.","15231","Draenor Raid","36337",,"0","10"
"snapshot_non_legion_category","True","8979","He Shoots, He Ores","Deposit the Volatile Ore in the Ore Grinder, and then defeat Oregorger in Blackrock Foundry on Normal difficulty or higher.","15231","Draenor Raid","36059",,"0","10"
"snapshot_non_legion_category","True","8980","Stamp Stamp Revolution","Defeat Hans'gar and Franzok in Blackrock Foundry without any raid member being crushed by a stamping press on Normal difficulty or higher.","15231","Draenor Raid","36029",,"0","10"
"snapshot_non_legion_category","True","8981","Fain Would Lie Down","Defeat Beastlord Darmac in Blackrock Foundry on Normal difficulty or higher after causing him to mount each beast first:","15231","Draenor Raid","36019",,"0","10"
"snapshot_non_legion_category","True","8982","There's Always a Bigger Train","Engineer the ironic demise of an Exulting Wind-Up Train Wrecker in Blackrock Foundry on Normal difficulty or higher.","15231","Draenor Raid","36165",,"0","10"
"snapshot_non_legion_category","True","8983","Would You Give Me a Hand?","Defeat 10 Grasping Earth hands within 5 seconds and then defeat Kromog in Blackrock Foundry on Normal difficulty or higher.","15231","Draenor Raid","36254",,"0","10"
"snapshot_non_legion_category","True","8984","Be Quick or Be Dead","Defeat the Iron Maidens within 10 seconds of each other in Blackrock Foundry on Normal difficulty or higher.","15231","Draenor Raid","37464",,"0","10"
"snapshot_non_legion_category","True","8985","Glory of the Draenor Raider","Complete the Draenor raid achievements listed below.","168","Dungeons & Raids","36001",,"143360","25"
"snapshot_non_legion_category","True","8986","The Walled City","Defeat the bosses in the city section at the base of Highmaul.","15231","Draenor Raid","37116",,"0","10"
"snapshot_non_legion_category","True","8987","Arcane Sanctum","Defeat the bosses barring the way from the beach into the interior of the Arcane Sanctum in Highmaul.","15231","Draenor Raid","37120",,"0","10"
"snapshot_non_legion_category","True","8988","Imperator's Fall","Defeat Imperator Mar'gok atop his citadel in Highmaul.","15231","Draenor Raid","37125",,"0","10"
"snapshot_non_legion_category","True","8989","Slagworks","Defeat the bosses in the Slagworks in Blackrock Foundry.","15231","Draenor Raid","37127",,"0","10"
"snapshot_non_legion_category","True","8990","Black Forge","Defeat the bosses in the Black Forge in Blackrock Foundry.","15231","Draenor Raid","37131",,"0","10"
"snapshot_non_legion_category","True","8991","Iron Assembly","Defeat the bosses in the Iron Assembly in Blackrock Foundry.","15231","Draenor Raid","37135",,"0","10"
"snapshot_non_legion_category","True","8992","Blackhand's Crucible","Defeat Blackhand in Blackrock Foundry.","15231","Draenor Raid","37058",,"0","10"
"snapshot_non_legion_category","True","8993","A Gift of Earth and Fire","Defeat Magmolatus while Calamity and Ruination are still alive in Bloodmaul Slag Mines on Heroic difficulty.","15228","Draenor Dungeon","36031",,"0","10"
"snapshot_non_legion_category","True","8997","Iron Docks Challenger","Complete the Iron Docks Challenge Mode.","15277","Dungeons","35708",,"2048","0"
"snapshot_non_legion_category","True","8998","Iron Docks: Bronze","Complete the Iron Docks Challenge Mode with a rating of Bronze or better.","15277","Dungeons","35710",,"2048","0"
"snapshot_non_legion_category","True","8999","Iron Docks: Silver","Complete the Iron Docks Challenge Mode with a rating of Silver or better.","15277","Dungeons","35712",,"2048","0"
"snapshot_non_legion_category","True","9000","Iron Docks: Gold","Complete the Iron Docks Challenge Mode with a rating of Gold.","15277","Dungeons","35714",,"2048","0"
"snapshot_non_legion_category","True","9001","The Everbloom Challenger","Complete the Everbloom Challenge Mode.","15277","Dungeons","35716",,"2048","0"
"snapshot_non_legion_category","True","9002","The Everbloom: Bronze","Complete the Everbloom Challenge Mode with a rating of Bronze or better.","15277","Dungeons","35718",,"2048","0"
"snapshot_non_legion_category","True","9003","The Everbloom: Silver","Complete the Everbloom Challenge Mode with a rating of Silver or better.","15277","Dungeons","35720",,"2048","0"
"snapshot_non_legion_category","True","9004","The Everbloom: Gold","Complete the Everbloom Challenge Mode with a rating of Gold.","15277","Dungeons","35722",,"2048","0"
"snapshot_non_legion_category","True","9005","Come With Me If You Want to Live","Defeat Gug'rokk alongside Croman the Barbarian after finding his sword in Bloodmaul Slag Mines on Heroic difficulty.","15228","Draenor Dungeon","36055",,"0","10"
"snapshot_non_legion_category","True","9007","No Ticket","Defeat Nitrogg Thundertower after abruptly removing 20 enemies from the Grimrail in Grimrail Depot on Heroic difficulty.","15228","Draenor Dungeon","36200",,"0","10"
"snapshot_non_legion_category","True","9008","Is Draenor on Fire?","Defeat Gug'rokk without killing any Unstable Slag in Bloodmaul Slag Mines on Heroic difficulty.","15228","Draenor Dungeon","36073",,"0","10"
"snapshot_non_legion_category","True","9016","Breaker of the Black Harvest","Defeated Kanrethad Ebonlocke and gained command over fel energy before the expedition to Draenor set out.","81","Feats of Strength","36192",,"0","0"
"snapshot_non_legion_category","True","9017","Water Management","Defeat Witherbark without allowing him to replenish any of his Aqueous Energy in The Everbloom on Heroic difficulty.","15228","Draenor Dungeon","36194",,"0","10"
"snapshot_non_legion_category","True","9018","What's Your Sign?","Defeat Sadana Bloodfury while only having the runes that correspond to her active lunar cycle lit in Shadowmoon Burial Grounds on Heroic difficulty.","15228","Draenor Dungeon","36196",,"0","10"
"snapshot_non_legion_category","True","9023","...They All Fall Down","Defeat Soulbinder Nyami after defeating 12 fallen Auchenai protectors within 3 seconds in Auchindoun on Heroic difficulty.","15228","Draenor Dungeon","36198",,"0","10"
"snapshot_non_legion_category","True","9024","This Is Why We Can't Have Nice Things","Defeat Railmaster Rocketspark and Borka the Brute after destroying all of the Priceless Paraphernalia in Grimrail Depot on Heroic difficulty.","15228","Draenor Dungeon","36214",,"0","10"
"snapshot_non_legion_category","True","9025","Icky Ichors","Defeat Bonemaw after having fed him 25 Corpse Skitterlings in Shadowmoon Burial Grounds on Heroic difficulty.","15228","Draenor Dungeon","36218",,"0","10"
"snapshot_non_legion_category","True","9026","Souls of the Lost","Defeat Ner'zhul after slaying 2 Ritual of Bones skeletons within 5 seconds of each other in Shadowmoon Burial Grounds on Heroic difficulty.","15228","Draenor Dungeon","36220",,"0","10"
"snapshot_non_legion_category","True","9033","Ready for Raiding IV","Defeat Ranjit without taking damage from any of the following abilities in Skyreach on Heroic difficulty: Spinning Blade, Windwall, Four Winds, Lens Flare.","15228","Draenor Dungeon","36833",,"0","10"
"snapshot_non_legion_category","True","9034","Magnify... Enhance","Defeat the Empowered Construct in Skyreach on Heroic difficulty.","15228","Draenor Dungeon","36846",,"0","10"
"snapshot_non_legion_category","True","9035","I Saw Solis","Cause three Piles of Ash to form Solar Flares at the same time during the Rukhran encounter in Skyreach on Heroic difficulty.","15228","Draenor Dungeon","36848",,"0","10"
"snapshot_non_legion_category","True","9036","Monomania","Defeat High Sage Viryx without killing any of the Shield Constructs in Skyreach on Heroic difficulty.","15228","Draenor Dungeon","36920",,"0","10"
"snapshot_non_legion_category","True","9037","Bloodmaul Slag Mines","Defeat Gug'rokk in the Bloodmaul Slag Mines.","15228","Draenor Dungeon","37074",,"0","10"
"snapshot_non_legion_category","True","9038","Iron Docks","Defeat Skulloc in the Iron Docks.","15228","Draenor Dungeon","38121",,"0","10"
"snapshot_non_legion_category","True","9039","Auchindoun","Defeat Teron'gor in Auchindoun.","15228","Draenor Dungeon","37078",,"0","10"
"snapshot_non_legion_category","True","9041","Shadowmoon Burial Grounds","Defeat Ner'zhul in Shadowmoon Burial Grounds.","15228","Draenor Dungeon","37086",,"0","10"
"snapshot_non_legion_category","True","9042","Upper Blackrock Spire","Defeat Warlord Zaela in Upper Blackrock Spire.","15228","Draenor Dungeon","37090",,"0","10"
"snapshot_non_legion_category","True","9043","Grimrail Depot","Defeat Skylord Tovra in Grimrail Depot.","15228","Draenor Dungeon","37082",,"0","10"
"snapshot_non_legion_category","True","9044","The Everbloom","Defeat Yalnu in The Everbloom.","15228","Draenor Dungeon","37964",,"0","10"
"snapshot_non_legion_category","True","9045","Magnets, How Do They Work?","Defeat Orebender Gor'ashan without allowing him to cast Thundering Cacophony 4 times in Upper Blackrock Spire on Heroic difficulty.","15228","Draenor Dungeon","37070",,"0","10"
"snapshot_non_legion_category","True","9046","Heroic: Bloodmaul Slag Mines","Defeat Gug'rokk in the Bloodmaul Slag Mines on Heroic difficulty.","15228","Draenor Dungeon","37076",,"0","10"
"snapshot_non_legion_category","True","9047","Heroic: Iron Docks","Defeat Skulloc in the Iron Docks on Heroic difficulty.","15228","Draenor Dungeon","38123",,"0","10"
"snapshot_non_legion_category","True","9049","Heroic: Auchindoun","Defeat Teron'gor in Auchindoun on Heroic difficulty.","15228","Draenor Dungeon","37080",,"0","10"
"snapshot_non_legion_category","True","9052","Heroic: Grimrail Depot","Defeat Skylord Tovra in Grimrail Depot on Heroic difficulty.","15228","Draenor Dungeon","37084",,"0","10"
"snapshot_non_legion_category","True","9053","Heroic: The Everbloom","Defeat Yalnu in The Everbloom on Heroic difficulty.","15228","Draenor Dungeon","37966",,"0","10"
"snapshot_non_legion_category","True","9054","Heroic: Shadowmoon Burial Grounds","Defeat Ner'zhul in Shadowmoon Burial Grounds on Heroic difficulty.","15228","Draenor Dungeon","37088",,"0","10"
"snapshot_non_legion_category","True","9055","Heroic: Upper Blackrock Spire","Defeat Warlord Zaela in Upper Blackrock Spire on Heroic difficulty.","15228","Draenor Dungeon","37092",,"0","10"
"snapshot_non_legion_category","True","9056","Bridge Over Troubled Fire","Kill 20 Ragewing Whelps in 10 seconds while fighting Ragewing the Untamed in Upper Blackrock Spire on Heroic difficulty.","15228","Draenor Dungeon","37094",,"0","10"
"snapshot_non_legion_category","True","9057","Dragonmaw? More Like Dragonfall!","Kill 5 Emberscale Ironflight before defeating Warlord Zaela in Upper Blackrock Spire on Heroic difficulty.","15228","Draenor Dungeon","37096",,"0","10"
"snapshot_non_legion_category","True","9058","Leeeeeeeeeeeeeroy...?","Assist Leeroy Jenkins in recovering his Devout shoulders in Upper Blackrock Spire on Heroic difficulty.","15228","Draenor Dungeon","37099",,"0","10"
"snapshot_non_legion_category","True","9060","Level 100","Reach level 100.","92","General","37145",,"2109444","10"
"snapshot_non_legion_category","True","9069","An Awfully Big Adventure","Defeat the following trainers with an Elekk Plushie on your team.","15119","Battle","37382",,"131072","10"
"snapshot_non_legion_category","True","9070","Overstuffed","Raise an Elekk Plushie to level 25.","15120","Level","37389",,"131072","5"
"snapshot_non_legion_category","True","9071","Inspector Gadgetzan","Acquire the following decoded messages from Blingtron 5000.","169","Professions","37408",,"0","5"
"snapshot_non_legion_category","True","9072","Mantle of the Talon King","Complete the Terokk's Legacy storyline and earn Exalted status with the Arakkoa Outcasts.","15232","Draenor","39415",,"131072","5"
"snapshot_non_legion_category","True","9076","Choppin' Some Logs","Place 10 Work Orders at the Lumber Mill.","15238","Buildings","37479",,"131072","5"
"snapshot_non_legion_category","True","9077","Choppin' Some More Logs","Place 50 Work Orders at the Lumber Mill.","15238","Buildings","37481",,"131072","5"
"snapshot_non_legion_category","True","9078","Choppin' Even More Logs","Place 100 Work Orders at the Lumber Mill.","15238","Buildings","37483",,"131072","5"
"snapshot_non_legion_category","True","9080","Choppin' Even More Logs","Place 100 Work Orders at the Lumber Mill.","15238","Buildings","37485",,"131072","5"
"snapshot_non_legion_category","True","9081","Expert Timing","Slay 4 Ogron Laborers that are not in combat using a single Iron Star in Iron Docks on Heroic Difficulty.","15228","Draenor Dungeon","37551",,"0","10"
"snapshot_non_legion_category","True","9082","Take Cover!","Defeat Skulloc in Iron Docks on Heroic difficulty without any players getting hit by Cannon Barrage or Backdraft.","15228","Draenor Dungeon","37553",,"0","10"
"snapshot_non_legion_category","True","9083","Militaristic, Expansionist","Defeat Fleshrender Nok'gar in Iron Docks on Heroic difficulty, while Siegemaster Olugar, Pitwarden Gwarnok, and Champion Druna remain alive and in the fight.","15228","Draenor Dungeon","37555",,"0","10"
"snapshot_non_legion_category","True","9087","Grand Master of All","Raise all primary professions to 700 skill points.","169","Professions","37566",,"143360","50"
"snapshot_non_legion_category","True","9094","Garrison Architect","Complete the garrison building achievements listed below.","15238","Buildings","37590",,"0","10"
"snapshot_non_legion_category","True","9095","Builder","Upgrade all the buildings on your garrison plots to level 2.","15238","Buildings","37622",,"0","5"
"snapshot_non_legion_category","True","9096","Master Builder","Upgrade all the buildings on your garrison plots to level 3.","15238","Buildings","37646",,"0","5"
"snapshot_non_legion_category","True","9097","Keepin' Busy","Construct all the preset buildings listed below.","15238","Buildings","37614",,"0","5"
"snapshot_non_legion_category","True","9098","Movin' On Up","Upgrade any garrison building to level 3.","15238","Buildings","37672",,"0","5"
"snapshot_non_legion_category","True","9099","Time for an Upgrade","Upgrade any garrison building to level 2.","15238","Buildings","37670",,"0","5"
"snapshot_non_legion_category","True","9100","More Plots","Upgrade your garrison to tier 2.","15237","Draenor Garrison","37674",,"0","5"
"snapshot_non_legion_category","True","9101","Even More Plots","Upgrade your garrison to tier 3.","15237","Draenor Garrison","37676",,"0","5"
"snapshot_non_legion_category","True","9102","Ashran Victory","Kill the opposing faction Commander while controlling all points on the Road of Glory.","15241","Ashran","37596",,"0","10"
"snapshot_non_legion_category","True","9103","Bounty Hunter","Loot all the following off Alliance player corpses:","15241","Ashran","37598",,"0","10"
"snapshot_non_legion_category","True","9104","Bounty Hunter","Loot all the following off Horde player corpses:","15241","Ashran","37606",,"0","10"
"snapshot_non_legion_category","True","9105","Tour of Duty","Complete each PvP Event at the following areas listed below.","15241","Ashran","37619",,"0","10"
"snapshot_non_legion_category","True","9106","Just for Me","Activate a Class Specific Book Epic Item found within Ashran.","15241","Ashran","38948",,"0","10"
"snapshot_non_legion_category","True","9107","Follow the Leader","Recruit 5 followers.","15239","Followers","37678",,"0","5"
"snapshot_non_legion_category","True","9108","Where You Go, They Will Follow","Recruit 10 followers.","15239","Followers","37680",,"0","5"
"snapshot_non_legion_category","True","9109","Fearless Leader","Recruit 25 followers.","15239","Followers","37682",,"0","5"
"snapshot_non_legion_category","True","9110","Following Up","Raise a follower to level 100.","15239","Followers","37684",,"0","5"
"snapshot_non_legion_category","True","9111","Raising the Bar","Raise 10 garrison followers to level 100.","15239","Followers","37686",,"0","5"
"snapshot_non_legion_category","True","9125","Draftsman","Learn 20 garrison blueprints.","15238","Buildings","37688",,"0","5"
"snapshot_non_legion_category","True","9126","Master Draftsman","Learn 40 garrison blueprints.","15238","Buildings","37690",,"0","5"
"snapshot_non_legion_category","True","9128","Grand Master Draftsman","Learn 60 garrison blueprints.","15238","Buildings","37692",,"0","5"
"snapshot_non_legion_category","True","9129","Filling the Ranks","Raise 20 garrison followers to level 100.","15239","Followers","37697",,"131072","5"
"snapshot_non_legion_category","True","9130","A Rare Friend","Recruit a Rare follower.","15239","Followers","37699",,"0","5"
"snapshot_non_legion_category","True","9131","An Epic Buddy","Recruit an Epic follower.","15239","Followers","37701",,"0","5"
"snapshot_non_legion_category","True","9132","Garrison Buddies","Visit a friend's garrison and /wave.","15237","Draenor Garrison","37703",,"0","5"
"snapshot_non_legion_category","True","9133","On a Mission","Complete 10 garrison missions.","15240","Missions","37707",,"0","5"
"snapshot_non_legion_category","True","9134","On a Few Missions","Complete 50 garrison missions.","15240","Missions","37709",,"0","5"
"snapshot_non_legion_category","True","9138","On a Lot of Missions","Complete 100 garrison missions.","15240","Missions","37711",,"0","5"
"snapshot_non_legion_category","True","9139","On a Massive Number of Missions","Complete 500 garrison missions.","15240","Missions","37713",,"0","5"
"snapshot_non_legion_category","True","9140","On a Metric Ton of Missions","Complete 1000 garrison missions.","15240","Missions","37715",,"0","5"
"snapshot_non_legion_category","True","9141","A Rare Mission","Complete a Rare garrison mission.","15240","Missions","37717",,"0","5"
"snapshot_non_legion_category","True","9142","Keeping It Rare","Complete 50 Rare garrison missions.","15240","Missions","37719",,"0","5"
"snapshot_non_legion_category","True","9143","The Rarer the Better","Complete 300 Rare garrison missions.","15240","Missions","37721",,"0","5"
"snapshot_non_legion_category","True","9145","Treasure Mission Specialist","Complete a garrison treasure mission.","15240","Missions","37956",,"0","5"
"snapshot_non_legion_category","True","9146","Patrol Mission Specialist","Complete a garrison patrol mission.","15240","Missions","37727",,"0","5"
"snapshot_non_legion_category","True","9147","Mission Specialist","Complete the Mission Specialist achievements listed below.","15240","Missions","37944",,"0","5"
"snapshot_non_legion_category","True","9150","Exploration Mission Specialist","Complete a garrison exploration mission.","15240","Missions","37725",,"0","10"
"snapshot_non_legion_category","True","9152","It's an Invasion!","Successfully complete a garrison invasion.","15249","Invasions","37753",,"0","5"
"snapshot_non_legion_category","True","9162","Bronze Defender","Successfully complete a garrison invasion with a Bronze rating or better.","15249","Invasions","37760",,"0","5"
"snapshot_non_legion_category","True","9164","Silver Defender","Successfully complete a garrison invasion with a Silver rating or better.","15249","Invasions","37763",,"0","5"
"snapshot_non_legion_category","True","9165","Golden Defender","Successfully complete a garrison invasion with a Gold rating or better.","15249","Invasions","37766",,"0","5"
"snapshot_non_legion_category","True","9167","Invasion Specialist","Successfully complete 10 garrison invasions.","15249","Invasions","37773",,"128","5"
"snapshot_non_legion_category","True","9168","You Are Not Your $#*@! Legplates (Season 2)","Win a brawl during the Draenor campaign.","15234","Legacy","37780",,"2048","0"
"snapshot_non_legion_category","True","9169","The Second Rule of Brawler's Guild (Season 2)","Reach Rank 4 with Bizmo's Brawlpub during the Draenor campaign.","15234","Legacy","37784",,"2048","0"
"snapshot_non_legion_category","True","9170","Brawlin' and Shot Callin' (Season 2)","Reach Rank 8 with Bizmo's Brawlpub during the Draenor campaign.","15234","Legacy","37788",,"6144","0"
"snapshot_non_legion_category","True","9171","Now You're Just Showing Off (Season 2)","Defeat the following rare brawl bosses during the Draenor campaign.","15234","Legacy","37792",,"2048","0"
"snapshot_non_legion_category","True","9172","You Are Not Your $#*@! Legplates (Season 2)","Win a brawl during the Draenor campaign.","15234","Legacy","37782",,"2048","0"
"snapshot_non_legion_category","True","9173","The Second Rule of Brawler's Guild (Season 2)","Reach Rank 4 with Brawl'gar Arena during the Draenor campaign.","15234","Legacy","37786",,"2048","0"
"snapshot_non_legion_category","True","9174","Brawlin' and Shot Callin' (Season 2)","Reach Rank 8 with Brawl'gar Arena during the Draenor campaign.","15234","Legacy","37790",,"6144","0"
"snapshot_non_legion_category","True","9175","Now You're Just Showing Off (Season 2)","Defeat the following rare brawl bosses during the Draenor campaign.","15234","Legacy","37797",,"2048","0"
"snapshot_non_legion_category","True","9176","Deck Your Collection (Season 2)","Defeat the following Brawler's Guild bosses during the Draenor campaign.","15234","Legacy","37802",,"6144","0"
"snapshot_non_legion_category","True","9177","Deck Your Collection (Season 2)","Defeat the following Brawler's Guild bosses during the Draenor campaign.","15234","Legacy","37839",,"6144","0"
"snapshot_non_legion_category","True","9181","Save Those Buildings!","Complete the invasions listed below without letting any buildings get destroyed.","15249","Invasions","37878",,"0","5"
"snapshot_non_legion_category","True","9203","Shadow Council Invasion","Successfully complete a Shadow Council garrison invasion.","15249","Invasions","37902",,"0","5"
"snapshot_non_legion_category","True","9204","Ogre Invasion","Successfully complete an Ogre garrison invasion.","15249","Invasions","37904",,"0","5"
"snapshot_non_legion_category","True","9205","Iron Horde Invasion","Successfully complete an Iron Horde garrison invasion.","15249","Invasions","37906",,"0","5"
"snapshot_non_legion_category","True","9206","Shadowmoon Clan Invasion","Successfully complete a Shadowmoon Clan garrison invasion.","15249","Invasions","37908",,"0","5"
"snapshot_non_legion_category","True","9207","Goren Invasion","Successfully complete a Goren garrison invasion.","15249","Invasions","37910",,"0","5"
"snapshot_non_legion_category","True","9208","Botani Invasion","Successfully complete a Botani garrison invasion.","15249","Invasions","37912",,"0","5"
"snapshot_non_legion_category","True","9209","Master Defender","Earn a Gold rating in each max-level invasion.","15249","Invasions","41495",,"0","10"
"snapshot_non_legion_category","True","9210","Garrison Buddies","Visit a friend's garrison and /wave.","15237","Draenor Garrison","37922",,"0","5"
"snapshot_non_legion_category","True","9211","My Item Level Is Higher than Yours","Raise a follower's item level to 625.","15239","Followers","37950",,"0","5"
"snapshot_non_legion_category","True","9212","My Item Level Is Way Higher than Yours","Raise a follower's item level to 650.","15239","Followers","37952",,"0","5"
"snapshot_non_legion_category","True","9213","Item Level Army","Raise 10 followers' item level to 650.","15239","Followers","37954",,"0","5"
"snapshot_non_legion_category","True","9214","Hero of Stormshield","Gain exalted reputation with Wrynn's Vanguard.","15241","Ashran","37958",,"0","10"
"snapshot_non_legion_category","True","9215","Hero of Warspear","Gain exalted reputation with Vol'jin's Spear.","15241","Ashran","37960",,"0","10"
"snapshot_non_legion_category","True","9216","High-value Targets","Defeat all of the creatures within Ashran listed below.","15241","Ashran","39071",,"0","10"
"snapshot_non_legion_category","True","9217","Operation Counterattack","Defeat Fangraal within 8 minutes of it being summoned by the Alliance.","15241","Ashran","39067",,"0","10"
"snapshot_non_legion_category","True","9218","Grand Theft, 1st Degree","Loot 100 Artifact Fragments from enemy players.","15241","Ashran","38013",,"0","10"
"snapshot_non_legion_category","True","9219","Grand Theft, 2nd Degree","Loot 500 Artifact Fragments from enemy players.","15241","Ashran","38023",,"0","10"
"snapshot_non_legion_category","True","9220","Grand Theft, 3rd Degree","Loot 1000 Artifact Fragments from enemy players.","15241","Ashran","38025",,"0","10"
"snapshot_non_legion_category","True","9222","Divide and Conquer","Kill 5000 enemy players anywhere outside the Road of Glory within Ashran.","15241","Ashran","38946",,"0","10"
"snapshot_non_legion_category","True","9223","Weed Whacker","Defeat Yalnu without any Kirin Tor Battle-Mages dying in The Everbloom on Heroic difficulty.","15228","Draenor Dungeon","37968",,"0","10"
"snapshot_non_legion_category","True","9224","Take Them Out","Defeat all of the Alliance Captains listed below within The Road of Glory.","15241","Ashran","39897",,"0","10"
"snapshot_non_legion_category","True","9225","Take Them Out","Defeat all of the Horde Captains listed below within The Road of Glory.","15241","Ashran","39913",,"0","10"
"snapshot_non_legion_category","True","9228","Down Goes Van Rook","Kill Elliott Van Rook before he remembers how to use Ice Block.","15241","Ashran","37983",,"0","10"
"snapshot_non_legion_category","True","9229","Primal Gladiator's Felblood Gronnling","Obtain the Primal Gladiator's Felblood Gronnling from Warlords of Draenor Arena Season 1","15269","Mounts","37985",,"2048","0"
"snapshot_non_legion_category","True","9230","Hero of the Alliance: Primal","End Warlords PvP season 1 in the top 0.5% of the rated battleground ladder (requires 50 games won in Warlords Season 1).","15270","Player vs. Player","0",,"14336","0"
"snapshot_non_legion_category","True","9231","Hero of the Horde: Primal","End Warlords PvP season 1 in the top 0.5% of the rated battleground ladder (requires 50 games won in Warlords Season 1).","15270","Player vs. Player","0",,"14336","0"
"snapshot_non_legion_category","True","9232","Primal Gladiator: Warlords Season 1","End Warlords PvP season 1 in the top 0.1% of the arena ladder (requires 50 games won in Warlords Season 1).","15270","Player vs. Player","0",,"14336","0"
"snapshot_non_legion_category","True","9233","Primal Conquest","Earn 27,000 Conquest Points in Warlords Season 1.","15279","Player vs. Player","37992",,"2048","0"
"snapshot_non_legion_category","True","9234","Primal Conquest","Earn 27,000 Conquest Points in Warlords Season 1.","15279","Player vs. Player","37994",,"2048","0"
"snapshot_non_legion_category","True","9236","Primal Combatant","Win 100 Arena (3v3) or 40 Rated Battlegrounds in Warlords Season 1","15279","Player vs. Player","37996",,"2048","0"
"snapshot_non_legion_category","True","9238","Primal Combatant","Win 100 Arena (3v3) or 40 Rated Battlegrounds in Warlords Season 1","15279","Player vs. Player","37999",,"2048","0"
"snapshot_non_legion_category","True","9239","Gladiator: Warlords Season 1","End Warlords PvP season 1 in the top 0.5% of the arena ladder (requires 50 games won in Warlords Season 1).","15270","Player vs. Player","0",,"14336","0"
"snapshot_non_legion_category","True","9240","Duelist: Warlords Season 1","End Warlords PvP season 1 in the top 3% of the arena ladder (requires 50 games won in Warlords Season 1).","15270","Player vs. Player","0",,"14336","0"
"snapshot_non_legion_category","True","9241","Rival: Warlords Season 1","End Warlords PvP season 1 in the top 10% of the arena ladder (requires 50 games won in Warlords Season 1).","15270","Player vs. Player","0",,"14336","0"
"snapshot_non_legion_category","True","9242","Challenger: Warlords Season 1","End Warlords PvP season 1 in the top 35% of the arena ladder (requires 50 games won in Warlords Season 1).","15270","Player vs. Player","0",,"14336","0"
"snapshot_non_legion_category","True","9243","Item Level Force","Raise 20 followers' item level to 650.","15239","Followers","38059",,"0","5"
"snapshot_non_legion_category","True","9244","Invasions Are Better with Friends","Successfully complete a garrison invasion in a party of 3 players.","15249","Invasions","38061",,"0","5"
"snapshot_non_legion_category","True","9246","Master Draenor Crafter","Craft 50 Epic items with an item level of at least 600.","15242","Monuments","38068",,"0","10"
"snapshot_non_legion_category","True","9248","Defender of Draenor","Get 5000 honorable kills in Draenor.","15242","Monuments","38070",,"131072","10"
"snapshot_non_legion_category","True","9250","Flying High","Collect 10 Blazing Rings in one flight session of Firebird's Challenge.","15101","Darkmoon Faire","38072",,"0","10"
"snapshot_non_legion_category","True","9251","Ringmaster","Collect 25 Blazing Rings in one flight session of Firebird's Challenge.","15101","Darkmoon Faire","38074",,"0","10"
"snapshot_non_legion_category","True","9252","Brood of Alysrazor","Collect 50 Blazing Rings in one flight session of Firebird's Challenge.","15101","Darkmoon Faire","38076",,"0","10"
"snapshot_non_legion_category","True","9255","Mythic Draenor Raider","Complete the Mythic raiding achievements listed below.","15242","Monuments","38097",,"0","10"
"snapshot_non_legion_category","True","9256","Rescue Operation","Release the following captured prisoners from the Horde Prison:","15241","Ashran","38115",,"0","10"
"snapshot_non_legion_category","True","9257","Rescue Operation","Release the following captured prisoners from the Alliance Prison:","15241","Ashran","38206",,"0","10"
"snapshot_non_legion_category","True","9258","Gug'rokk kills (Bloodmaul Slag Mines)","","15233","Warlords of Draenor","38117",,"1","0"
"snapshot_non_legion_category","True","9259","Gug'rokk kills (Heroic Bloodmaul Slag Mines)","","15233","Warlords of Draenor","38119",,"1","0"
"snapshot_non_legion_category","True","9260","Skulloc kills (Iron Docks)","","15233","Warlords of Draenor","38125",,"1","0"
"snapshot_non_legion_category","True","9261","Skulloc kills (Heroic Iron Docks)","","15233","Warlords of Draenor","38127",,"1","0"
"snapshot_non_legion_category","True","9262","Teron'gor kills (Auchindoun)","","15233","Warlords of Draenor","38129",,"1","0"
"snapshot_non_legion_category","True","9263","Teron'gor kills (Heroic Auchindoun)","","15233","Warlords of Draenor","38131",,"1","0"
"snapshot_non_legion_category","True","9264","Draenor Pet Brawler","Win 2000 pet battles in Draenor.","15242","Monuments","38135",,"131072","10"
"snapshot_non_legion_category","True","9265","Master of Apexis","Collect 100,000 Apexis Crystals.","15242","Monuments","38137",,"131072","10"
"snapshot_non_legion_category","True","9266","High Sage Viryx kills (Skyreach)","","15233","Warlords of Draenor","38139",,"1","0"
"snapshot_non_legion_category","True","9267","High Sage Viryx kills (Heroic Skyreach)","","15233","Warlords of Draenor","38141",,"1","0"
"snapshot_non_legion_category","True","9268","Skylord Tovra kills (Grimrail Depot)","","15233","Warlords of Draenor","38156",,"1","0"
"snapshot_non_legion_category","True","9269","Skylord Tovra kills (Heroic Grimrail Depot)","","15233","Warlords of Draenor","38158",,"1","0"
"snapshot_non_legion_category","True","9271","Yalnu kills (The Everbloom)","","15233","Warlords of Draenor","38160",,"1","0"
"snapshot_non_legion_category","True","9272","Yalnu kills (Heroic The Everbloom)","","15233","Warlords of Draenor","38162",,"1","0"
"snapshot_non_legion_category","True","9273","Ner'zhul kills (Shadowmoon Burial Grounds)","","15233","Warlords of Draenor","38164",,"1","0"
"snapshot_non_legion_category","True","9274","Ner'zhul kills (Heroic Shadowmoon Burial Grounds)","","15233","Warlords of Draenor","38166",,"1","0"
"snapshot_non_legion_category","True","9275","Warlord Zaela kills (Upper Blackrock Spire)","","15233","Warlords of Draenor","38168",,"1","0"
"snapshot_non_legion_category","True","9276","Warlord Zaela kills (Heroic Upper Blackrock Spire)","","15233","Warlords of Draenor","38170",,"1","0"
"snapshot_non_legion_category","True","9277","Drov the Ruiner kills (Gorgrond)","","15233","Warlords of Draenor","38884",,"1","0"
"snapshot_non_legion_category","True","9278","Tarlna the Ageless kills (Gorgrond)","","15233","Warlords of Draenor","38886",,"1","0"
"snapshot_non_legion_category","True","9279","Rukhmar kills (Spires of Arak)","","15233","Warlords of Draenor","38172",,"1","0"
"snapshot_non_legion_category","True","9280","Kargath Bladefist defeats (Raid Finder Highmaul)","","15233","Warlords of Draenor","38174",,"1","0"
"snapshot_non_legion_category","True","9282","Kargath Bladefist defeats (Normal Highmaul)","","15233","Warlords of Draenor","38176",,"1","0"
"snapshot_non_legion_category","True","9284","Kargath Bladefist defeats (Heroic Highmaul)","","15233","Warlords of Draenor","38178",,"1","0"
"snapshot_non_legion_category","True","9285","Kargath Bladefist defeats (Mythic Highmaul)","","15233","Warlords of Draenor","38180",,"1","0"
"snapshot_non_legion_category","True","9286","The Butcher kills (Raid Finder Highmaul)","","15233","Warlords of Draenor","38182",,"1","0"
"snapshot_non_legion_category","True","9287","The Butcher kills (Normal Highmaul)","","15233","Warlords of Draenor","38184",,"1","0"
"snapshot_non_legion_category","True","9288","The Butcher kills (Heroic Highmaul)","","15233","Warlords of Draenor","38186",,"1","0"
"snapshot_non_legion_category","True","9289","The Butcher kills (Mythic Highmaul)","","15233","Warlords of Draenor","38188",,"1","0"
"snapshot_non_legion_category","True","9290","Tectus kills (Raid Finder Highmaul)","","15233","Warlords of Draenor","38190",,"1","0"
"snapshot_non_legion_category","True","9292","Tectus kills (Normal Highmaul)","","15233","Warlords of Draenor","38192",,"1","0"
"snapshot_non_legion_category","True","9293","Tectus kills (Heroic Highmaul)","","15233","Warlords of Draenor","38194",,"1","0"
"snapshot_non_legion_category","True","9294","Tectus kills (Mythic Highmaul)","","15233","Warlords of Draenor","38196",,"1","0"
"snapshot_non_legion_category","True","9295","Brackenspore kills (Raid Finder Highmaul)","","15233","Warlords of Draenor","38198",,"1","0"
"snapshot_non_legion_category","True","9297","Brackenspore kills (Normal Highmaul)","","15233","Warlords of Draenor","38200",,"1","0"
"snapshot_non_legion_category","True","9298","Brackenspore kills (Heroic Highmaul)","","15233","Warlords of Draenor","38202",,"1","0"
"snapshot_non_legion_category","True","9300","Brackenspore kills (Mythic Highmaul)","","15233","Warlords of Draenor","38204",,"1","0"
"snapshot_non_legion_category","True","9301","Twin Ogron kills (Raid Finder Highmaul)","","15233","Warlords of Draenor","38210",,"1","0"
"snapshot_non_legion_category","True","9302","Twin Ogron kills (Normal Highmaul)","","15233","Warlords of Draenor","38212",,"1","0"
"snapshot_non_legion_category","True","9303","Twin Ogron kills (Heroic Highmaul)","","15233","Warlords of Draenor","38214",,"1","0"
"snapshot_non_legion_category","True","9304","Twin Ogron kills (Mythic Highmaul)","","15233","Warlords of Draenor","38216",,"1","0"
"snapshot_non_legion_category","True","9306","Ko'ragh kills (Raid Finder Highmaul)","","15233","Warlords of Draenor","38218",,"1","0"
"snapshot_non_legion_category","True","9308","Ko'ragh kills (Normal Highmaul)","","15233","Warlords of Draenor","38220",,"1","0"
"snapshot_non_legion_category","True","9310","Ko'ragh kills (Heroic Highmaul)","","15233","Warlords of Draenor","38222",,"1","0"
"snapshot_non_legion_category","True","9311","Ko'ragh kills (Mythic Highmaul)","","15233","Warlords of Draenor","38224",,"1","0"
"snapshot_non_legion_category","True","9312","Imperator Mar'gok kills (Raid Finder Highmaul)","","15233","Warlords of Draenor","38226",,"1","0"
"snapshot_non_legion_category","True","9313","Imperator Mar'gok kills (Normal Highmaul)","","15233","Warlords of Draenor","38228",,"1","0"
"snapshot_non_legion_category","True","9314","Imperator Mar'gok kills (Heroic Highmaul)","","15233","Warlords of Draenor","38230",,"1","0"
"snapshot_non_legion_category","True","9315","Imperator Mar'gok kills (Mythic Highmaul)","","15233","Warlords of Draenor","38232",,"1","0"
"snapshot_non_legion_category","True","9316","Gruul kills (Raid Finder Blackrock Foundry)","","15233","Warlords of Draenor","38234",,"1","0"
"snapshot_non_legion_category","True","9317","Gruul kills (Normal Blackrock Foundry)","","15233","Warlords of Draenor","38236",,"1","0"
"snapshot_non_legion_category","True","9318","Gruul kills (Heroic Blackrock Foundry)","","15233","Warlords of Draenor","38238",,"1","0"
"snapshot_non_legion_category","True","9319","Gruul kills (Mythic Blackrock Foundry)","","15233","Warlords of Draenor","38240",,"1","0"
"snapshot_non_legion_category","True","9320","Oregorger kills (Raid Finder Blackrock Foundry)","","15233","Warlords of Draenor","38242",,"1","0"
"snapshot_non_legion_category","True","9321","Oregorger kills (Normal Blackrock Foundry)","","15233","Warlords of Draenor","38244",,"1","0"
"snapshot_non_legion_category","True","9322","Oregorger kills (Heroic Blackrock Foundry)","","15233","Warlords of Draenor","38246",,"1","0"
"snapshot_non_legion_category","True","9323","Oregorger kills (Mythic Blackrock Foundry)","","15233","Warlords of Draenor","38248",,"1","0"
"snapshot_non_legion_category","True","9324","Hans'gar and Franzok kills (Raid Finder Blackrock Foundry)","","15233","Warlords of Draenor","38250",,"1","0"
"snapshot_non_legion_category","True","9327","Hans'gar and Franzok kills (Normal Blackrock Foundry)","","15233","Warlords of Draenor","38252",,"1","0"
"snapshot_non_legion_category","True","9328","Hans'gar and Franzok kills (Heroic Blackrock Foundry)","","15233","Warlords of Draenor","38254",,"1","0"
"snapshot_non_legion_category","True","9329","Hans'gar and Franzok kills (Mythic Blackrock Foundry)","","15233","Warlords of Draenor","38256",,"1","0"
"snapshot_non_legion_category","True","9330","Flamebender Ka'graz kills (Raid Finder Blackrock Foundry)","","15233","Warlords of Draenor","38290",,"1","0"
"snapshot_non_legion_category","True","9331","Flamebender Ka'graz kills (Normal Blackrock Foundry)","","15233","Warlords of Draenor","38292",,"1","0"
"snapshot_non_legion_category","True","9332","Flamebender Ka'graz kills (Heroic Blackrock Foundry)","","15233","Warlords of Draenor","38294",,"1","0"
"snapshot_non_legion_category","True","9333","Flamebender Ka'graz kills (Mythic Blackrock Foundry)","","15233","Warlords of Draenor","38296",,"1","0"
"snapshot_non_legion_category","True","9334","Beastlord Darmac kills (Raid Finder Blackrock Foundry)","","15233","Warlords of Draenor","38298",,"1","0"
"snapshot_non_legion_category","True","9336","Beastlord Darmac kills (Normal Blackrock Foundry)","","15233","Warlords of Draenor","38300",,"1","0"
"snapshot_non_legion_category","True","9337","Beastlord Darmac kills (Heroic Blackrock Foundry)","","15233","Warlords of Draenor","38302",,"1","0"
"snapshot_non_legion_category","True","9338","Beastlord Darmac kills (Mythic Blackrock Foundry)","","15233","Warlords of Draenor","38304",,"1","0"
"snapshot_non_legion_category","True","9339","Operator Thogar kills (Raid Finder Blackrock Foundry)","","15233","Warlords of Draenor","38306",,"1","0"
"snapshot_non_legion_category","True","9340","Operator Thogar kills (Normal Blackrock Foundry)","","15233","Warlords of Draenor","38308",,"1","0"
"snapshot_non_legion_category","True","9341","Operator Thogar kills (Heroic Blackrock Foundry)","","15233","Warlords of Draenor","38310",,"1","0"
"snapshot_non_legion_category","True","9342","Operator Thogar kills (Mythic Blackrock Foundry)","","15233","Warlords of Draenor","38312",,"1","0"
"snapshot_non_legion_category","True","9343","Blast Furnace destructions (Raid Finder Blackrock Foundry)","","15233","Warlords of Draenor","38314",,"1","0"
"snapshot_non_legion_category","True","9349","Blast Furnace destructions (Normal Blackrock Foundry)","","15233","Warlords of Draenor","38316",,"1","0"
"snapshot_non_legion_category","True","9351","Blast Furnace destructions (Heroic Blackrock Foundry)","","15233","Warlords of Draenor","38318",,"1","0"
"snapshot_non_legion_category","True","9353","Blast Furnace destructions (Mythic Blackrock Foundry)","","15233","Warlords of Draenor","38320",,"1","0"
"snapshot_non_legion_category","True","9354","Kromog kills (Raid Finder Blackrock Foundry)","","15233","Warlords of Draenor","38322",,"1","0"
"snapshot_non_legion_category","True","9355","Kromog kills (Normal Blackrock Foundry)","","15233","Warlords of Draenor","38324",,"1","0"
"snapshot_non_legion_category","True","9356","Kromog kills (Heroic Blackrock Foundry)","","15233","Warlords of Draenor","38326",,"1","0"
"snapshot_non_legion_category","True","9357","Kromog kills (Mythic Blackrock Foundry)","","15233","Warlords of Draenor","38328",,"1","0"
"snapshot_non_legion_category","True","9358","Iron Maidens kills (Raid Finder Blackrock Foundry)","","15233","Warlords of Draenor","38330",,"1","0"
"snapshot_non_legion_category","True","9359","Iron Maidens kills (Normal Blackrock Foundry)","","15233","Warlords of Draenor","38332",,"1","0"
"snapshot_non_legion_category","True","9360","Iron Maidens kills (Heroic Blackrock Foundry)","","15233","Warlords of Draenor","38334",,"1","0"
"snapshot_non_legion_category","True","9361","Iron Maidens kills (Mythic Blackrock Foundry)","","15233","Warlords of Draenor","38336",,"1","0"
"snapshot_non_legion_category","True","9362","Warlord Blackhand kills (Raid Finder Blackrock Foundry)","","15233","Warlords of Draenor","38338",,"1","0"
"snapshot_non_legion_category","True","9363","Warlord Blackhand kills (Normal Blackrock Foundry)","","15233","Warlords of Draenor","38340",,"1","0"
"snapshot_non_legion_category","True","9364","Warlord Blackhand kills (Heroic Blackrock Foundry)","","15233","Warlords of Draenor","38342",,"1","0"
"snapshot_non_legion_category","True","9365","Warlord Blackhand kills (Mythic Blackrock Foundry)","","15233","Warlords of Draenor","38344",,"1","0"
"removed_after_legion","False","9368","Total deaths in raids","Total deaths in raids","125","Dungeons","38346",,"1","0"
"snapshot_non_legion_category","True","9369","Heroic: Bloodmaul Slag Mines Guild Run","Defeat Gug'rokk in the Bloodmaul Slag Mines on Heroic difficulty while in a guild group.","15243","Draenor Dungeon","38380",,"16384","10"
"snapshot_non_legion_category","True","9370","Heroic: Iron Docks Guild Run","Defeat Skulloc in the Iron Docks on Heroic difficulty while in a guild group.","15243","Draenor Dungeon","38382",,"16384","10"
"snapshot_non_legion_category","True","9371","Heroic: Auchindoun Guild Run","Defeat Teron'gor in Auchindoun on Heroic difficulty while in a guild group.","15243","Draenor Dungeon","38384",,"16384","10"
"snapshot_non_legion_category","True","9372","Heroic: Skyreach Guild Run","Defeat High Sage Viryx in Skyreach on Heroic difficulty while in a guild group.","15243","Draenor Dungeon","38386",,"16384","10"
"snapshot_non_legion_category","True","9373","Heroic: Grimrail Depot Guild Run","Defeat Skylord Tovra in Grimrail Depot on Heroic difficulty while in a guild group.","15243","Draenor Dungeon","38388",,"16384","10"
"snapshot_non_legion_category","True","9374","Heroic: The Everbloom Guild Run","Defeat Yalnu in The Everbloom on Heroic difficulty while in a guild group.","15243","Draenor Dungeon","38390",,"16384","10"
"snapshot_non_legion_category","True","9375","Heroic: Shadowmoon Burial Grounds Guild Run","Defeat Ner'zhul in Shadowmoon Burial Grounds on Heroic difficulty while in a guild group.","15243","Draenor Dungeon","38392",,"16384","10"
"snapshot_non_legion_category","True","9376","Heroic: Upper Blackrock Spire Guild Run","Defeat Warlord Zaela in Upper Blackrock Spire on Heroic difficulty while in a guild group.","15243","Draenor Dungeon","38394",,"16384","10"
"snapshot_non_legion_category","True","9388","Guild Draenor Dungeon Hero","Complete the heroic Draenor dungeon achievements listed below while in a guild group.","15079","Dungeons & Raids","38402",,"28672","10"
"snapshot_non_legion_category","True","9389","It Might Just Save Your Life","Unleash the power of love contained within a holiday necklace.","187","Love is in the Air","38413",,"0","10"
"snapshot_non_legion_category","True","9391","Draenor Dungeon Hero","Complete the Draenor Heroic dungeon achievements listed below.","168","Dungeons & Raids","38417",,"135168","20"
"snapshot_non_legion_category","True","9392","Love Magnet","Have 10 Love Rays active on you simultaneously.","187","Love is in the Air","38426",,"0","10"
"snapshot_non_legion_category","True","9393","Beacon of Love","Have 25 Love Rays active on you simultaneously.","187","Love is in the Air","38428",,"0","10"
"snapshot_non_legion_category","True","9394","They Really Love Me!","Have 50 Love Rays active on you simultaneously.","187","Love is in the Air","38430",,"0","10"
"snapshot_non_legion_category","True","9396","Glory of the Draenor Hero","Complete the Draenor Heroic dungeon achievements listed below.","168","Dungeons & Raids","38434",,"143360","25"
"snapshot_non_legion_category","True","9397","Realm First! Imperator's Fall","First guild on the realm to complete the Imperator Mar'gok encounter in Highmaul on Mythic difficulty while in a guild group.","15093","Guild Feats of Strength","38463",,"63744","0"
"snapshot_non_legion_category","True","9399","Realm First! Warlord Blackhand","First guild on the realm to defeat Warlord Blackhand in Blackrock Foundry on Mythic difficulty while in a guild group.","15093","Guild Feats of Strength","38465",,"63744","0"
"snapshot_non_legion_category","True","9400","Gorgrond Monster Hunter","Slay each of the following rare elites in Gorgrond.","15235","Draenor","38467",,"131072","10"
"snapshot_non_legion_category","True","9401","Shredder Maniac","Loot 12 or more Hardened Thornvines in Gorgrond.","15235","Draenor","38476",,"131200","10"
"snapshot_non_legion_category","True","9402","Prove Your Strength","Complete the following Proofs of Strength in Gorgrond.","15235","Draenor","38495",,"131072","10"
"snapshot_non_legion_category","True","9405","Working Some Orders","Complete 125 Work Orders at your garrison.","15238","Buildings","38559",,"128","5"
"snapshot_non_legion_category","True","9406","Working More Orders","Complete 250 Work Orders at your garrison.","15238","Buildings","38572",,"128","5"
"snapshot_non_legion_category","True","9407","Working Many Orders","Complete 750 Work Orders at your garrison.","15238","Buildings","38585",,"128","5"
"snapshot_non_legion_category","True","9408","Operation Counterattack","Defeat Kronus within 8 minutes of it being summoned by the Horde.","15241","Ashran","39069",,"0","10"
"snapshot_non_legion_category","True","9409","Draenor Archaeologist","Obtain 700 skill points in archaeology.","15071","Archaeology","38608",,"0","10"
"snapshot_non_legion_category","True","9410","Unite the Clans","Restore and display pristine versions of all Draenor Clans artifacts.","15071","Archaeology","38610",,"0","15"
"snapshot_non_legion_category","True","9411","Highmaul Historian","Restore and display pristine versions of all Ogre artifacts.","15071","Archaeology","38630",,"0","15"
"snapshot_non_legion_category","True","9412","Arakkoa Archivist","Restore and display pristine versions of all Arakkoa artifacts.","15071","Archaeology","38641",,"0","15"
"snapshot_non_legion_category","True","9413","Strength and Honor","Discover the following Draenor Clans artifacts.","15071","Archaeology","38652",,"0","10"
"snapshot_non_legion_category","True","9414","Ogre Observer","Discover the following Ogre artifacts.","15071","Archaeology","38682",,"0","10"
"snapshot_non_legion_category","True","9415","Secrets of Skettis","Discover the following Arakkoa artifacts.","15071","Archaeology","38693",,"0","10"
"snapshot_non_legion_category","True","9416","Highmaul Guild Run","Defeat the bosses of Highmaul on Normal difficulty or higher, while in a guild group.","15244","Draenor Raid","38760",,"61440","10"
"snapshot_non_legion_category","True","9417","Blackrock Foundry Guild Run","Defeat the bosses of Blackrock Foundry on Normal difficulty or higher, while in a guild group.","15244","Draenor Raid","38772",,"61440","10"
"snapshot_non_legion_category","True","9418","Goliaths of Gorgrond Guild Run","Defeat Tarlna the Ageless and Drov the Ruiner in Gorgrond while in a guild group.","15244","Draenor Raid","38888",,"61440","10"
"snapshot_non_legion_category","True","9419","Draenor Curator","Restore and display pristine versions of all Draenor artifacts.","15071","Archaeology","38704",,"0","25"
"snapshot_non_legion_category","True","9420","Mythic: Imperator's Fall Guild Run","Complete the Imperator Mar'gok encounter in Highmaul on Mythic difficulty, while in a guild group.","15244","Draenor Raid","38768",,"61440","10"
"snapshot_non_legion_category","True","9421","Mythic: Warlord Blackhand Guild Run","Defeat Warlord Blackhand in Blackrock Foundry on Mythic difficulty, while in a guild group.","15244","Draenor Raid","38770",,"61440","10"
"snapshot_non_legion_category","True","9422","The Search For Fact, Not Truth","Find 30 rare artifacts.","15071","Archaeology","38754",,"0","10"
"snapshot_non_legion_category","True","9423","Goliaths of Gorgrond","Defeat Tarlna the Ageless and Drov the Ruiner in Gorgrond.","15231","Draenor Raid","38881",,"0","10"
"snapshot_non_legion_category","True","9424","Rukhmar Guild Run","Defeat Rukhmar in Spires of Arak while in a guild group.","15244","Draenor Raid","38758",,"61440","10"
"snapshot_non_legion_category","True","9425","So Grossly Incandescent","Defeat Rukhmar in Spires of Arak.","15231","Draenor Raid","38756",,"0","10"
"snapshot_non_legion_category","True","9426","To The Afterlife","Defeat a contender while wearing a contender's outfit purchased during Day of the Dead.","155","World Events","38783",,"0","5"
"snapshot_non_legion_category","True","9427","Vientos!","Defeat 20 contenders while wearing a contender's outfit purchased during Day of the Dead.","155","World Events","38785",,"0","5"
"snapshot_non_legion_category","True","9428","Calavera","Defeat 50 contenders while wearing a contender's outfit purchased during Day of the Dead.","155","World Events","38787",,"0","10"
"snapshot_non_legion_category","True","9429","Upgrading the Mill","Place 75 Work Orders at the Lumber Mill and complete the quests listed below.","15238","Buildings","38801",,"131072","5"
"snapshot_non_legion_category","True","9430","Draenor dungeons completed (final boss defeated)","Draenor dungeons completed (final boss killed)","14807","Dungeons & Raids","38807",,"1","0"
"snapshot_non_legion_category","True","9432","Would You Like a Pamphlet?","Have all three incantations found in Forbidden Tomes active at once in the Shadowmoon Enclave.","15220","Draenor","38834",,"0","10"
"snapshot_non_legion_category","True","9433","A-VOID-ance","Defeat Kenos without using Void Implosion to slay any Coalesced Void Fragments in the Shadowmoon Enclave.","15220","Draenor","38838",,"0","10"
"snapshot_non_legion_category","True","9434","One of Us! One of Us!","Gain Power Overwhelming while inside the realm of the void in the Shadowmoon Enclave.","15220","Draenor","38840",,"0","10"
"snapshot_non_legion_category","True","9435","Take From Them Everything","Maintain one of the beneficial effects from destroying Sargerei supplies for 10 minutes in Socrethar's Rise.","15220","Draenor","38842",,"0","10"
"snapshot_non_legion_category","True","9436","It's the Stones!","Destroy 5 Draenic Darkstones in Socrethar's Rise.","15220","Draenor","38844",,"0","10"
"snapshot_non_legion_category","True","9437","A Demidos of Reality","Defeat Demidos, Devourer of Lights in Socrethar's Rise.","15220","Draenor","38846",,"0","10"
"snapshot_non_legion_category","True","9441","Ahead of the Curve: Imperator's Fall","Defeat Imperator Mar'gok atop his citadel in Highmaul on Heroic difficulty or higher, before the release of patch 6.2.","15271","Raids","38904",,"2048","0"
"snapshot_non_legion_category","True","9442","Cutting Edge: Imperator's Fall","Complete the Imperator Mar'gok encounter in Highmaul on Mythic difficulty, before the release of patch 6.2.","15271","Raids","38906",,"2048","0"
"snapshot_non_legion_category","True","9443","Cutting Edge: Blackhand's Crucible","Defeat Warlord Blackhand in Blackrock Foundry on Mythic difficulty, before the release of patch 6.2.","15271","Raids","38908",,"2048","0"
"snapshot_non_legion_category","True","9444","Ahead of the Curve: Blackhand's Crucible","Defeat Blackhand in Blackrock Foundry on Heroic difficulty or higher, before the release of patch 6.2.","15271","Raids","38902",,"2048","0"
"snapshot_non_legion_category","True","9450","The Trap Game","Place 50 Work Orders at the Barn by trapping creatures in the world.","15238","Buildings","38950",,"131200","5"
"snapshot_non_legion_category","True","9451","Trapper's Delight","Place 250 Work Orders at the Barn by trapping creatures in the world.","15238","Buildings","41428",,"131200","5"
"snapshot_non_legion_category","True","9452","Trap Superstar","Place 500 Work Orders at the Barn by trapping creatures in the world.","15238","Buildings","41435",,"131200","5"
"snapshot_non_legion_category","True","9453","Draenic Stone Collector","Collect 500 Draenic Stones.","169","Professions","38956",,"131072","5"
"snapshot_non_legion_category","True","9454","Draenic Seed Collector","Collect 500 Draenic Seeds.","169","Professions","38958",,"131072","5"
"snapshot_non_legion_category","True","9455","Fire Ammonite Angler","Catch 100 Enormous Fire Ammonite fish in Draenor.","171","Fishing","38970",,"0","5"
"snapshot_non_legion_category","True","9456","Abyssal Gulper Eel Angler","Catch 100 Enormous Abyssal Gulper Eels in Draenor.","171","Fishing","38972",,"0","5"
"snapshot_non_legion_category","True","9457","Blackwater Whiptail Angler","Catch 100 Enormous Blackwater Whiptail fish in Draenor.","171","Fishing","38974",,"0","5"
"snapshot_non_legion_category","True","9458","Blind Lake Sturgeon Angler","Catch 100 Enormous Blind Lake Sturgeon fish in Draenor.","171","Fishing","38976",,"0","5"
"snapshot_non_legion_category","True","9459","Fat Sleeper Angler","Catch 100 Enormous Fat Sleeper fish in Draenor.","171","Fishing","38978",,"0","5"
"snapshot_non_legion_category","True","9460","Jawless Skulker Angler","Catch 100 Enormous Jawless Skulker fish in Draenor.","171","Fishing","38980",,"0","5"
"snapshot_non_legion_category","True","9461","Sea Scorpion Angler","Catch 100 Enormous Sea Scorpion fish in Draenor.","171","Fishing","38982",,"0","5"
"snapshot_non_legion_category","True","9462","Draenor Angler","Complete the Angler achievements listed below.","171","Fishing","38984",,"131072","10"
"snapshot_non_legion_category","True","9463","Draenic Pet Battler","Win 150 pet battles in Draenor.","15119","Battle","38992",,"135168","5"
"snapshot_non_legion_category","True","9464","Draenor Master","Obtain 700 skill points in a profession.","169","Professions","38994",,"4096","10"
"snapshot_non_legion_category","True","9468","Salvaging Pays Off","Open 100 pieces of Salvage from missions.","15238","Buildings","39018",,"131200","5"
"snapshot_non_legion_category","True","9469","Arakkoa Outcasts","Earn Exalted status with the Arakkoa Outcasts.","15232","Draenor","39022",,"0","5"
"snapshot_non_legion_category","True","9470","Council of Exarchs","Earn Exalted status with the Council of Exarchs.","15232","Draenor","39026",,"0","10"
"snapshot_non_legion_category","True","9471","Frostwolf Orcs","Earn Exalted status with the Frostwolf Orcs.","15232","Draenor","39024",,"0","10"
"snapshot_non_legion_category","True","9472","Steamwheedle Preservation Society","Earn Exalted status with the Steamwheedle Preservation Society.","15232","Draenor","39028",,"0","10"
"snapshot_non_legion_category","True","9473","Vol'jin's Spear","Earn Exalted status with Vol'jin's Spear.","15232","Draenor","39030",,"0","10"
"snapshot_non_legion_category","True","9474","Wrynn's Vanguard","Earn Exalted status with Wrynn's Vanguard.","15232","Draenor","39032",,"0","10"
"snapshot_non_legion_category","True","9475","Laughing Skull Orcs","Earn Exalted status with Laughing Skull Orcs.","15232","Draenor","39034",,"0","10"
"snapshot_non_legion_category","True","9476","Sha'tari Defense","Earn Exalted status with Sha'tari Defense.","15232","Draenor","39036",,"0","10"
"snapshot_non_legion_category","True","9477","Savage Friends","Earn Exalted with 1 Draenor reputation.","15232","Draenor","39038",,"131200","5"
"snapshot_non_legion_category","True","9478","Savage Friends","Earn Exalted with 1 Draenor reputation.","15232","Draenor","39045",,"131200","5"
"snapshot_non_legion_category","True","9479","You Can't Make a Giant Omelette...","Break the Giant Rylak Egg in Darktide Roost.","15220","Draenor","39052",,"0","10"
"snapshot_non_legion_category","True","9481","You Have Been Rylakinated!","Defeat 10 Darkwing Adolescents within 3 minutes while driving a Rylakinator-3000 in Darktide Roost.","15220","Draenor","39054",,"0","10"
"snapshot_non_legion_category","True","9483","I Was Framed!","Bait Darkwing Matron into ambushing a Darktide Rylakinator-3000 in Darktide Roost.","15220","Draenor","39056",,"0","10"
"snapshot_non_legion_category","True","9486","Goodness Gracious","Activate 12 different Fel Runes within 6 seconds and live to tell the tale in Shattrath City.","15220","Draenor","39081",,"0","10"
"snapshot_non_legion_category","True","9487","Got My Mind On My Draenor Money","Loot 10,000 gold in Draenor.","92","General","39083",,"131072","10"
"snapshot_non_legion_category","True","9491","The Garrison Campaign","Complete the Garrison Campaign chapters listed below.","15220","Draenor","39085",,"0","10"
"snapshot_non_legion_category","True","9492","The Garrison Campaign","Complete the Garrison Campaign chapters listed below.","15220","Draenor","39101",,"0","10"
"snapshot_non_legion_category","True","9493","They Burn, Burn, Burn","Successfully jump over 5 of Archmage Sol's Firebloom explosion rings within 5 seconds in The Everbloom on Heroic difficulty.","15228","Draenor Dungeon","39117",,"0","10"
"snapshot_non_legion_category","True","9494","Commander","Recruit 40 followers.","15239","Followers","39140",,"0","5"
"snapshot_non_legion_category","True","9495","The Bone Collector","Collect Broken Bones from other players in Player versus Player combat across Draenor.","15238","Buildings","39142",,"131072","5"
"snapshot_non_legion_category","True","9496","Warlord's Deathwheel","Qualified to receive the winning entry in the Azeroth Choppers competition.","15268","Promotions","39144",,"133120","0"
"snapshot_non_legion_category","True","9497","Finding Your Waystones","Loot 500 Ogre Waystones.","15238","Buildings","39146",,"131072","5"
"snapshot_non_legion_category","True","9498","Wingman","Become a Personal Wingman with one of your Barracks Bodyguards.","15238","Buildings","39148",,"0","5"
"snapshot_non_legion_category","True","9499","Wingmen","Become a Personal Wingman with all of your Barracks Bodyguards.","15238","Buildings","39156",,"0","5"
"snapshot_non_legion_category","True","9500","Draenor Cook","Obtain 700 skill points in cooking.","170","Cooking","39176",,"0","10"
"snapshot_non_legion_category","True","9501","The Draenor Gourmet","Cook 20 of the Draenor recipes listed below.","170","Cooking","39178",,"0","10"
"snapshot_non_legion_category","True","9502","Draenor Cuisine","Sample the following Draenor foods.","92","General","39201",,"0","10"
"snapshot_non_legion_category","True","9503","Draenor Fisherman","Obtain 700 skill points in fishing.","171","Fishing","39222",,"0","10"
"snapshot_non_legion_category","True","9505","Draenor Medic","Obtain 700 skill points in first aid.","172","First Aid","39237",,"0","10"
"snapshot_non_legion_category","True","9506","Savage Skills to Pay the Bills","Obtain 700 skill points in Fishing, First Aid, Cooking, and Archaeology.","169","Professions","39239",,"0","10"
"snapshot_non_legion_category","True","9507","Working in Draenor","Obtain 700 skill points in two primary professions.","169","Professions","39244",,"0","10"
"snapshot_non_legion_category","True","9508","Warlord of Draenor","Complete all of the Nemesis quests at the Gladiator's Sanctum and the quest Fight, Kill, Salute! at the Highmaul Coliseum.","15238","Buildings","39270",,"143360","10"
"snapshot_non_legion_category","True","9509","Nemesis: Draenei Destroyer","Complete the quest Nemesis: Draenei Destroyer at the Gladiator's Sanctum.","15238","Buildings","39256",,"4096","5"
"snapshot_non_legion_category","True","9510","Nemesis: Dwarfstalker","Complete the quest Nemesis: Dwarfstalker at the Gladiator's Sanctum.","15238","Buildings","39258",,"4096","5"
"snapshot_non_legion_category","True","9511","Nemesis: Gnomebane","Complete the quest Nemesis: Gnomebane at the Gladiator's Sanctum.","15238","Buildings","39260",,"4096","5"
"snapshot_non_legion_category","True","9512","Nemesis: Manslayer","Complete the quest Nemesis: Manslayer at the Gladiator's Sanctum.","15238","Buildings","39262",,"4096","5"
"snapshot_non_legion_category","True","9513","Nemesis: Scourge of the Kaldorei","Complete the quest Nemesis: Scourge of the Kaldorei at the Gladiator's Sanctum.","15238","Buildings","39264",,"4096","5"
"snapshot_non_legion_category","True","9514","Nemesis: Terror of the Tushui","Complete the quest Nemesis: Terror of the Tushui at the Gladiator's Sanctum.","15238","Buildings","39266",,"4096","5"
"snapshot_non_legion_category","True","9515","Nemesis: Worgen Hunter","Complete the quest Nemesis: Worgen Hunter at the Gladiator's Sanctum.","15238","Buildings","39268",,"4096","5"
"snapshot_non_legion_category","True","9516","Nemesis: Slayer of Sin'dorei","Complete the quest Nemesis: Slayer of Sin'dorei at the Gladiator's Sanctum.","15238","Buildings","39278",,"4096","5"
"snapshot_non_legion_category","True","9517","Nemesis: Death Stalker","Complete the quest Nemesis: Death Stalker at the Gladiator's Sanctum.","15238","Buildings","39280",,"4096","5"
"snapshot_non_legion_category","True","9518","Nemesis: Killer of Kezan","Complete the quest Nemesis: Killer of Kezan at the Gladiator's Sanctum.","15238","Buildings","39282",,"4096","5"
"snapshot_non_legion_category","True","9519","Nemesis: Orcslayer","Complete the quest Nemesis: Orcslayer at the Gladiator's Sanctum.","15238","Buildings","39284",,"4096","5"
"snapshot_non_legion_category","True","9520","Nemesis: Huojin's Fall","Complete the quest Nemesis: Huojin's Fall at the Gladiator's Sanctum.","15238","Buildings","39286",,"4096","5"
"snapshot_non_legion_category","True","9521","Nemesis: The Butcher","Complete the quest Nemesis: The Butcher at the Gladiator's Sanctum.","15238","Buildings","39288",,"4096","5"
"snapshot_non_legion_category","True","9522","Nemesis: Troll Hunter","Complete the quest Nemesis: Troll Hunter at the Gladiator's Sanctum.","15238","Buildings","39290",,"4096","5"
"snapshot_non_legion_category","True","9523","Patrolling Draenor","Complete 50 garrison patrol missions.","15240","Missions","39301",,"131072","5"
"snapshot_non_legion_category","True","9524","Treasure Master","Complete 50 garrison treasure missions.","15240","Missions","39303",,"0","5"
"snapshot_non_legion_category","True","9526","Master of Mounts","Fully train all six mounts at your Stables.","15238","Buildings","39447",,"131072","5"
"snapshot_non_legion_category","True","9527","Terrific Technology","Use at least 6 of the inventions available at the Workshop specified below.","15238","Buildings","39319",,"131072","5"
"snapshot_non_legion_category","True","9528","On the Shadow's Trail","Complete the Shadowmoon Valley storyline listed below.","15220","Draenor","39353",,"0","10"
"snapshot_non_legion_category","True","9529","On the Shadow's Trail","Complete the Frostfire Ridge storyline listed below.","15220","Draenor","39355",,"0","10"
"snapshot_non_legion_category","True","9530","Writing in the Snow","Find Bodrick Grey's tattered journal page in the Bloodmaul Stronghold.","15220","Draenor","41504",,"0","10"
"snapshot_non_legion_category","True","9531","Writing in the Snow","Find Shadow Hunter Bwu'ja's tattered journal page in the Bloodmaul Stronghold.","15220","Draenor","41506",,"0","10"
"snapshot_non_legion_category","True","9533","Breaker of Chains","Free 50 slaves from captivity in the Bloodmaul Stronghold.","15220","Draenor","41502",,"0","10"
"snapshot_non_legion_category","True","9534","Delectable Ogre Delicacies","Gain the well fed effects from Toasted Roach Crunchies, Pickled Rat Skewers, and Charred Boar Chops at the same time in the Bloodmaul Stronghold.","15220","Draenor","40343",,"0","10"
"snapshot_non_legion_category","True","9535","That Was Entirely Unnecessary","Punt 100 Goren Eggs in Magnarok.","15220","Draenor","39971",,"0","10"
"snapshot_non_legion_category","True","9536","Slagnarok","Defeat 20 creatures after slagging them with goren acid in Magnarok.","15220","Draenor","39969",,"0","10"
"snapshot_non_legion_category","True","9537","By Fire Be... Merged?","Complete the quest ""Rekindling an Old Flame"" without using a Kindling Flame to rekindle the essence in Magnarok.","15220","Draenor","39967",,"0","10"
"snapshot_non_legion_category","True","9538","Intro to Husbandry","Complete all of the capture quests at the Stables.","15238","Buildings","39428",,"0","5"
"snapshot_non_legion_category","True","9539","Advanced Husbandry","Defeat all mount-in-training targets in Nagrand while carrying the Black Claw of Sethe.","15238","Buildings","39483",,"131072","10"
"snapshot_non_legion_category","True","9540","The Stable Master","Defeat all mount-in-training targets in Nagrand while carrying the Garn-Tooth Necklace.","15238","Buildings","39526",,"131072","10"
"snapshot_non_legion_category","True","9541","The Song of Silence","Defeat the elite Warsong of Mok'gol Watchpost.","15220","Draenor","39579",,"0","10"
"snapshot_non_legion_category","True","9543","Invasion? What Invasion?","Successfully complete 50 garrison invasions.","15249","Invasions","39584",,"128","5"
"snapshot_non_legion_category","True","9545","More Plots","Upgrade your garrison to tier 2.","15237","Draenor Garrison","39597",,"0","5"
"snapshot_non_legion_category","True","9546","Even More Plots","Upgrade your garrison to tier 3.","15237","Draenor Garrison","39599",,"0","5"
"snapshot_non_legion_category","True","9547","Everything Is Awesome!","Throw 20 Awesomefish.","92","General","39601",,"0","10"
"snapshot_non_legion_category","True","9548","Buried Treasures","Find all of the Warsong objects within Mok'gol Watchpost","15220","Draenor","39603",,"0","10"
"snapshot_non_legion_category","True","9550","Boldly, You Sought the Power of Ragnaros","Defeated the max-level event version of Ragnaros during the WoW 10th Anniversary celebration.","15274","Events","39610",,"2048","0"
"snapshot_non_legion_category","True","9551","Demon's Souls","Defeat Azzakel in Auchindoun on Heroic difficulty without killing any other demons during the encounter.","15228","Draenor Dungeon","39614",,"0","10"
"snapshot_non_legion_category","True","9552","No Tag-backs!","Defeat Teron'gor in Auchindoun on Heroic difficulty while under the effects of Curtain of Flame.","15228","Draenor Dungeon","39616",,"0","10"
"snapshot_non_legion_category","True","9553","Draenor dungeon bosses defeated","Draenor dungeon bosses defeated","14807","Dungeons & Raids","39618",,"1","0"
"snapshot_non_legion_category","True","9557","Draenor dungeon boss defeated the most","Draenor dungeon boss defeated the most","14807","Dungeons & Raids","39686",,"1","0"
"snapshot_non_legion_category","True","9558","Draenor raids completed (final boss defeated)","Draenor dungeon boss defeated the most","14807","Dungeons & Raids","39720",,"1","0"
"snapshot_non_legion_category","True","9559","Draenor raid bosses defeated","Draenor raid bosses defeated","14807","Dungeons & Raids","39723",,"1","0"
"snapshot_non_legion_category","True","9561","Draenor raid boss defeated the most","Draenor raid boss defeated the most","14807","Dungeons & Raids","39761",,"1","0"
"snapshot_non_legion_category","True","9562","Securing Draenor","Complete the Draenor bonus objectives listed below.","15220","Draenor","39832",,"0","10"
"snapshot_non_legion_category","True","9564","Securing Draenor","Complete the Draenor bonus objectives listed below.","15220","Draenor","39849",,"0","10"
"snapshot_non_legion_category","True","9565","Master Trapper","Place 125 Work Orders at the Barn by trapping creatures in the world.","15238","Buildings","41421",,"131200","5"
"snapshot_non_legion_category","True","9566","Victory in Hillsbrad","Win a battle in the 10th Anniversary battleground, Southshore vs. Tarren Mill.","15274","Events","0",,"2048","0"
"snapshot_non_legion_category","True","9571","Broke Back Precipice","Defeat the powerful foes within Broken Precipice.","15220","Draenor","39933",,"0","10"
"snapshot_non_legion_category","True","9572","Proving Yourself: Bronze Damage","Successfully complete the Basic Damage (Bronze) trial at the Proving Grounds.","15222","Proving Grounds","0",,"131072","10"
"snapshot_non_legion_category","True","9573","Proving Yourself: Silver Damage","Successfully complete the Basic Damage (Silver) trial at the Proving Grounds.","15222","Proving Grounds","0",,"131072","10"
"snapshot_non_legion_category","True","9574","Proving Yourself: Gold Damage","Successfully complete the Basic Damage (Gold) trial at the Proving Grounds.","15222","Proving Grounds","0",,"131072","10"
"snapshot_non_legion_category","True","9575","Proving Yourself: Endless Damage (Wave 10)","Successfully complete Wave 10 of the Basic Damage (Endless) trial at the Proving Grounds.","15222","Proving Grounds","0",,"131072","10"
"snapshot_non_legion_category","True","9576","Proving Yourself: Endless Damage (Wave 20)","Successfully complete Wave 20 of the Basic Damage (Endless) trial at the Proving Grounds.","15222","Proving Grounds","0",,"131072","10"
"snapshot_non_legion_category","True","9577","Proving Yourself: Endless Damage (Wave 30)","Successfully complete Wave 30 of the Basic Damage (Endless) trial at the Proving Grounds.","15222","Proving Grounds","0",,"131072","10"
"snapshot_non_legion_category","True","9578","Proving Yourself: Bronze Tank","Successfully complete the Basic Tank (Bronze) trial at the Proving Grounds.","15222","Proving Grounds","0",,"131072","10"
"snapshot_non_legion_category","True","9579","Proving Yourself: Silver Tank","Successfully complete the Basic Tank (Silver) trial at the Proving Grounds.","15222","Proving Grounds","0",,"131072","10"
"snapshot_non_legion_category","True","9580","Proving Yourself: Gold Tank","Successfully complete the Basic Tank (Gold) trial at the Proving Grounds.","15222","Proving Grounds","0",,"131072","10"
"snapshot_non_legion_category","True","9581","Proving Yourself: Endless Tank (Wave 10)","Successfully complete Wave 10 of the Basic Tank (Endless) trial at the Proving Grounds.","15222","Proving Grounds","0",,"131072","10"
"snapshot_non_legion_category","True","9582","Proving Yourself: Endless Tank (Wave 20)","Successfully complete Wave 20 of the Basic Tank (Endless) trial at the Proving Grounds.","15222","Proving Grounds","0",,"131072","10"
"snapshot_non_legion_category","True","9583","Proving Yourself: Endless Tank (Wave 30)","Successfully complete Wave 30 of the Basic Tank (Endless) trial at the Proving Grounds.","15222","Proving Grounds","0",,"131072","10"
"snapshot_non_legion_category","True","9584","Proving Yourself: Bronze Healer","Successfully complete the Basic Healer (Bronze) trial at the Proving Grounds.","15222","Proving Grounds","0",,"131072","10"
"snapshot_non_legion_category","True","9585","Proving Yourself: Silver Healer","Successfully complete the Basic Healer (Silver) trial at the Proving Grounds.","15222","Proving Grounds","0",,"131072","10"
"snapshot_non_legion_category","True","9586","Proving Yourself: Gold Healer","Successfully complete the Basic Healer (Gold) trial at the Proving Grounds.","15222","Proving Grounds","0",,"131072","10"
"snapshot_non_legion_category","True","9587","Proving Yourself: Endless Healer (Wave 10)","Successfully complete Wave 10 of the Basic Healer (Endless) trial at the Proving Grounds.","15222","Proving Grounds","0",,"131072","10"
"snapshot_non_legion_category","True","9588","Proving Yourself: Endless Healer (Wave 20)","Successfully complete Wave 20 of the Basic Healer (Endless) trial at the Proving Grounds.","15222","Proving Grounds","0",,"131072","10"
"snapshot_non_legion_category","True","9589","Proving Yourself: Endless Healer (Wave 30)","Successfully complete Wave 30 of the Basic Healer (Endless) trial at the Proving Grounds.","15222","Proving Grounds","0",,"131072","10"
"snapshot_non_legion_category","True","9590","You're Doing it Wrong","Successfully complete any of the Basic (Silver) trials at the Proving Grounds, while in a specialization not suited for it.","15222","Proving Grounds","0",,"131072","10"
"snapshot_non_legion_category","True","9594","Highest score on Basic Damage (Endless) at the Proving Grounds","Highest score on the Basic Damage (Endless) trial at the Proving Grounds","15227","Proving Grounds","39961",,"1","0"
"snapshot_non_legion_category","True","9595","Highest score on Basic Tank (Endless) at the Proving Grounds","Highest score on the Basic Tank (Endless) trial at the Proving Grounds","15227","Proving Grounds","39963",,"1","0"
"snapshot_non_legion_category","True","9596","Highest score on Basic Healer (Endless) at the Proving Grounds","Highest score on the Basic Healer (Endless) trial at the Proving Grounds","15227","Proving Grounds","39965",,"1","0"
"snapshot_non_legion_category","True","9597","You're Really Doing It Wrong","Successfully complete any of the Basic (Gold) trials at the Proving Grounds, while in a specialization not suited for it.","81","Feats of Strength","42425",,"131072","0"
"snapshot_non_legion_category","True","9598","Mountacular","Obtain 250 mounts (usable by a single character).","15248","Mounts","39992",,"131072","10"
"snapshot_non_legion_category","True","9599","Mountacular","Obtain 250 mounts (usable by a single character).","15248","Mounts","39994",,"131072","10"
"snapshot_non_legion_category","True","9600","Monster Mash","Successfully complete both of the following evolutions within the Lost Veil Anzu:","15220","Draenor","39998",,"0","10"
"snapshot_non_legion_category","True","9601","King of the Monsters","Defeat each of the following creatures while evolved in the Lost Veil Anzu.","15220","Draenor","39996",,"0","10"
"snapshot_non_legion_category","True","9602","Shoot For the Moon","Complete the Shadowmoon Valley bonus objectives below.","15220","Draenor","40004",,"0","10"
"snapshot_non_legion_category","True","9605","Arak Star","Complete the Spires of Arak bonus objectives listed below.","15220","Draenor","40018",,"0","10"
"snapshot_non_legion_category","True","9606","Frostfire Fridge","Complete the Frostfire Ridge bonus objectives listed below.","15220","Draenor","40023",,"0","10"
"snapshot_non_legion_category","True","9607","Make It a Bonus","Complete the Gorgrond bonus objectives below.","15220","Draenor","40027",,"0","10"
"snapshot_non_legion_category","True","9610","History of Violence","Unearth all the ancient ogre relics within Broken Precipice.","15220","Draenor","40029",,"0","10"
"snapshot_non_legion_category","True","9612","Eggs in One Basket","Escort Arakkoa Outcasts to an Outcast Darkscryer with a total of 100 morale during Operation: Skettis Ruins.","15220","Draenor","40048",,"0","10"
"snapshot_non_legion_category","True","9613","Fish Gotta Swim, Birds Gotta Eat","Steal a fish from a Kaliri before it successfully eats it and consume it yourself in Skettis Ruins.","15220","Draenor","40050",,"0","10"
"snapshot_non_legion_category","True","9615","With a Nagrand Cherry On Top","Complete the Nagrand bonus objectives below.","15220","Draenor","40052",,"0","10"
"snapshot_non_legion_category","True","9617","Making the Cut","Defeat Krud the Eviscerator within Gorian Proving Grounds.","15220","Draenor","40089",,"0","10"
"snapshot_non_legion_category","True","9618","The Iron Invasion","Complete the Blasted Lands invasion quests before the Assault on the Dark Portal begins.","15274","Events","40106",,"2048","0"
"snapshot_non_legion_category","True","9619","Savage Hero","Defeat the following Draenor dungeon and raid bosses on Heroic difficulty or higher.","168","Dungeons & Raids","40109",,"0","10"
"snapshot_non_legion_category","True","9620","Challenge Master: Bloodmaul Slag Mines","Attain a realm-best time for the Bloodmaul Slag Mines Challenge Mode.","15272","Dungeons","40120",,"6144","0"
"snapshot_non_legion_category","True","9621","Challenge Master: Iron Docks","Attain a realm-best time for the Iron Docks Challenge Mode.","15272","Dungeons","40123",,"6144","0"
"snapshot_non_legion_category","True","9622","Challenge Master: Auchindoun","Attain a realm-best time for the Auchindoun Challenge Mode.","15272","Dungeons","40126",,"6144","0"
"snapshot_non_legion_category","True","9623","Challenge Master: Skyreach","Attain a realm-best time for the Skyreach Challenge Mode.","15272","Dungeons","40129",,"6144","0"
"snapshot_non_legion_category","True","9624","Challenge Master: The Everbloom","Attain a realm-best time for The Everbloom Challenge Mode.","15272","Dungeons","40132",,"6144","0"
"snapshot_non_legion_category","True","9625","Challenge Master: Grimrail Depot","Attain a realm-best time for the Grimrail Depot Challenge Mode.","15272","Dungeons","40135",,"6144","0"
"snapshot_non_legion_category","True","9626","Challenge Master: Shadowmoon Burial Grounds","Attain a realm-best time for the Shadowmoon Burial Grounds Challenge Mode.","15272","Dungeons","40138",,"6144","0"
"snapshot_non_legion_category","True","9627","Challenge Master: Upper Blackrock Spire","Attain a realm-best time for the Upper Blackrock Spire Challenge Mode.","15272","Dungeons","40141",,"6144","0"
"snapshot_non_legion_category","True","9630","Defender of Draenor","Get 5000 honorable kills in Draenor.","15242","Monuments","40162",,"131072","10"
"snapshot_non_legion_category","True","9631","Mythic Draenor Raider","Complete the Mythic raiding achievements listed below.","15242","Monuments","40144",,"0","10"
"snapshot_non_legion_category","True","9632","The Power Is Yours","Combine the effects of all three types of Rune Crystals in Shattrath City.","15220","Draenor","40164",,"0","10"
"snapshot_non_legion_category","True","9633","Cut off the Head","Defeat all of the rare creatures in Shattrath City listed below.","15220","Draenor","40166",,"0","10"
"snapshot_non_legion_category","True","9634","Charged Up","Defeat 30 Shadow Council members while under the effects of Arkonite Empowerment in Shattrath City.","15220","Draenor","40196",,"0","10"
"snapshot_non_legion_category","True","9635","Bobbing for Orcs","Dispose of 40 floating orcs in Shattrath City.","15220","Draenor","40190",,"0","10"
"snapshot_non_legion_category","True","9636","United We Stand","Free 10 captured guards in Shattrath City.","15220","Draenor","40194",,"0","10"
"snapshot_non_legion_category","True","9637","Poor Communication","Burn 30 Sargerei Missives in Shattrath City.","15220","Draenor","40198",,"0","10"
"snapshot_non_legion_category","True","9638","Heralds of the Legion","Defeat all the rare creatures in Shattrath City listed below.","15220","Draenor","40200",,"0","10"
"snapshot_non_legion_category","True","9639","Fight, Kill, Salute!","Complete the quest Fight, Kill, Salute at the Highmaul Coliseum.","15238","Buildings","40207",,"4096","10"
"snapshot_non_legion_category","True","9640","Chapter I: Call of the Archmage","Begin Khadgar's legendary quest and prove yourself raid-ready by defeating the spirit of Kairozdormu.","15234","Legacy","40212",,"0","25"
"snapshot_non_legion_category","True","9641","Chapter II: Gul'dan Strikes Back","Complete Khadgar's legendary Highmaul raid quests and save his life when things take a turn for the worse.","15234","Legacy","40214",,"0","0"
"snapshot_non_legion_category","True","9642","Chapter III: The Foundry Falls","Complete Khadgar's legendary quests within the Blackrock Foundry until the Iron Horde is on the run!","15234","Legacy","40216",,"0","25"
"snapshot_non_legion_category","True","9643","So. Many. Pets.","Collect 600 unique pets.","15118","Collect","40239",,"143360","10"
"snapshot_non_legion_category","True","9648","Challenge Warlords - Guild Edition","Complete every Warlords of Draenor Challenge Mode dungeon while in a guild group.","15093","Guild Feats of Strength","40241",,"20480","0"
"snapshot_non_legion_category","True","9649","Challenge Warlords: Bronze - Guild Edition","Complete every Warlords of Draenor Challenge Mode dungeon with a rating of Bronze or better while in a guild group.","15093","Guild Feats of Strength","40250",,"20480","0"
"snapshot_non_legion_category","True","9650","Challenge Warlords: Silver - Guild Edition","Complete every Warlords of Draenor Challenge Mode dungeon with a rating of Silver or better while in a guild group.","15093","Guild Feats of Strength","40259",,"20480","0"
"snapshot_non_legion_category","True","9651","Challenge Warlords: Gold - Guild Edition","Complete every Warlords of Draenor Challenge Mode dungeon with a rating of Gold while in a guild group.","15093","Guild Feats of Strength","40268",,"20480","0"
"snapshot_non_legion_category","True","9654","Mean and Green","Reach 10 stacks of Mutagen in the Everbloom Wilds.","15220","Draenor","40301",,"0","10"
"snapshot_non_legion_category","True","9655","Fight the Power","Defeat all of the rare creatures in The Pit listed below.","15220","Draenor","40303",,"0","10"
"snapshot_non_legion_category","True","9656","In Plain Sight","Find the Iron Horde Attack Plans in The Pit.","15220","Draenor","41508",,"0","10"
"snapshot_non_legion_category","True","9658","Pillars of Draenor","Hold the power of all 3 pillars of power in the Everbloom Wilds simultaneously.","15220","Draenor","40325",,"0","10"
"snapshot_non_legion_category","True","9659","Iron Wings","Use the Iron Troop Launcher in The Pit to get launched through four rings in 3 minutes.","15220","Draenor","41510",,"0","10"
"snapshot_non_legion_category","True","9663","Picky Palate","Benefit from the effects of a Lovely Coconut, a Prickly Guava and a Handful of Gorgraberries simultaneously in the Everbloom Wilds.","15220","Draenor","40344",,"0","10"
"snapshot_non_legion_category","True","9667","Burn It to the Ground","Burn 100 trees in the Everbloom Wilds.","15220","Draenor","40389",,"0","10"
"snapshot_non_legion_category","True","9669","Guild Glory of the Draenor Raider","Complete the Draenor raid achievements listed below while in a guild group.","15079","Dungeons & Raids","40391",,"28672","10"
"snapshot_non_legion_category","True","9670","Toying Around","Collect 25 toys.","15247","Toy Box","40727",,"131072","10"
"snapshot_non_legion_category","True","9671","Having a Ball","Collect 50 toys.","15247","Toy Box","40729",,"131072","10"
"snapshot_non_legion_category","True","9672","Tons of Toys","Collect 100 toys.","15247","Toy Box","40731",,"131072","10"
"snapshot_non_legion_category","True","9673","The Toymaster","Collect 150 toys.","15247","Toy Box","40733",,"131072","10"
"snapshot_non_legion_category","True","9674","I Want More Talador","Complete the Talador bonus objectives listed below.","15220","Draenor","40382",,"0","10"
"snapshot_non_legion_category","True","9678","Ancient No More","Defeat all of the rare creatures in the Everbloom Wilds listed below.","15220","Draenor","40396",,"0","10"
"snapshot_non_legion_category","True","9680","Time is a Flat Circle","Defeat Archimonde on Normal difficulty or higher, before the release of patch 7.0.

""Everything we have ever done or will do, we are going to do over and over and over again.""","15271","Raids","43795",,"2048","0"
"snapshot_non_legion_category","True","9685","Draenor Safari","Catch every battle pet in Draenor.","15118","Collect","40409",,"131072","5"
"snapshot_non_legion_category","True","9686","Aquatic Acquiescence","Defeat 12 Master Tamers in Broken Isles with all Aquatic pets.","15119","Battle","52628",,"131072","5"
"snapshot_non_legion_category","True","9687","Best of the Beasts","Defeat 12 Master Tamers in Broken Isles with all Beast pets.","15119","Battle","52687",,"131072","5"
"snapshot_non_legion_category","True","9688","Mousing Around","Defeat 12 Master Tamers in Broken Isles with all Critter pets.","15119","Battle","52703",,"131072","5"
"snapshot_non_legion_category","True","9689","Dragons!","Defeat 12 Master Tamers in Broken Isles with all Dragonkin pets.","15119","Battle","52719",,"131072","5"
"snapshot_non_legion_category","True","9690","Ragnaros, Watch and Learn","Defeat 12 Master Tamers in Broken Isles with all Elemental pets.","15119","Battle","52735",,"131072","5"
"snapshot_non_legion_category","True","9691","Flock Together","Defeat 12 Master Tamers in Broken Isles with all Flying pets.","15119","Battle","52751",,"131072","5"
"snapshot_non_legion_category","True","9692","Murlocs, Harpies, and Wolvar, Oh My!","Defeat 12 Master Tamers in Broken Isles with all Humanoid pets.","15119","Battle","52767",,"131072","5"
"snapshot_non_legion_category","True","9693","Master of Magic","Defeat 12 Master Tamers in Broken Isles with all Magic pets.","15119","Battle","52783",,"131072","5"
"snapshot_non_legion_category","True","9694","Roboteer","Defeat 12 Master Tamers in Broken Isles with all Mechanical pets.","15119","Battle","52799",,"131072","5"
"snapshot_non_legion_category","True","9695","The Lil' Necromancer","Defeat 12 Master Tamers in Broken Isles with all Undead pets.","15119","Battle","52815",,"131072","5"
"snapshot_non_legion_category","True","9696","Family Familiar","Complete the following achievements.","15119","Battle","40411",,"135168","10"
"snapshot_non_legion_category","True","9703","Stay Awhile and Listen","Complete at least 10 of the Inn quests listed below.","15238","Buildings","40417",,"131072","5"
"snapshot_non_legion_category","True","9705","Advanced Husbandry","Defeat all mount-in-training targets in Nagrand while carrying the Black Claw of Sethe.","15238","Buildings","40457",,"131072","10"
"snapshot_non_legion_category","True","9706","The Stable Master","Defeat all mount-in-training targets in Nagrand while carrying the Garn-Tooth Necklace.","15238","Buildings","40500",,"131072","10"
"snapshot_non_legion_category","True","9707","Savagely Superior","Equip a superior item in every slot with a minimum item level of 608.","92","General","40546",,"0","10"
"snapshot_non_legion_category","True","9708","Savagely Epic","Equip an epic item in every slot with a minimum item level of 640.","92","General","40562",,"0","10"
"snapshot_non_legion_category","True","9710","Poisoning the Well","Poison 10 Kegs of Impaler Ale in Iron Siegeworks.","15220","Draenor","40580",,"0","10"
"snapshot_non_legion_category","True","9711","Planned to Fail","Destroy 10 Secret Warplans in Iron Siegeworks.","15220","Draenor","40582",,"0","10"
"snapshot_non_legion_category","True","9712","Pet Charmer","Earn 500 Pet Charms.","15117","Pet Battles","40593",,"0","5"
"snapshot_non_legion_category","True","9713","Awake the Drakes","Collect the following drake mounts.","15248","Mounts","40595",,"131072","5"
"snapshot_non_legion_category","True","9714","Thy Kingdom Come","Win Kor'lok's favor for your faction by defeating his bodyguard, Muk'Mar Raz.","15241","Ashran","40666",,"0","10"
"snapshot_non_legion_category","True","9715","Thy Kingdom Come","Win Kor'lok's favor for your faction by defeating his bodyguard, Gaul Dun Firok.","15241","Ashran","40668",,"0","10"
"snapshot_non_legion_category","True","9724","Taming Draenor","Defeat all of the Pet Tamers in Draenor listed below.","15117","Pet Battles","40948",,"131072","5"
"snapshot_non_legion_category","True","9725","The Last of Us","Become the last gladiator standing at the Highmaul Coliseum.","15270","Player vs. Player","40969",,"6144","0"
"snapshot_non_legion_category","True","9726","Treasure Hunter","Discover 10 treasures of Draenor (excluding Tanaan Jungle).","15235","Draenor","40973",,"128","10"
"snapshot_non_legion_category","True","9727","Expert Treasure Hunter","Discover 50 treasures of Draenor (excluding Tanaan Jungle).","15235","Draenor","41533",,"128","10"
"snapshot_non_legion_category","True","9728","Grand Treasure Hunter","Discover 200 treasures of Draenor (excluding Tanaan Jungle).","15235","Draenor","41840",,"128","10"
"snapshot_non_legion_category","True","9729","Victory in Hillsbrad","Win a battle in the 10th Anniversary battleground, Southshore vs. Tarren Mill.","15274","Events","0",,"2048","0"
"snapshot_non_legion_category","True","9738","Warlord of Draenor","Complete all of the Nemesis quests at the Gladiator's Sanctum and the quest Fight, Kill, Salute! at the Highmaul Coliseum.","15238","Buildings","41512",,"143360","10"
"snapshot_non_legion_category","True","9755","Darkmoon Race Enthusiast","Successfully complete Welcome to the Darkmoon Races or The Real Race with the Racing Strider.","15101","Darkmoon Faire","42488",,"0","5"
"snapshot_non_legion_category","True","9756","Darkmoon Racer Novice","Complete The Real Race with the Racing Strider within 25 tolls.","15101","Darkmoon Faire","42490",,"0","5"
"snapshot_non_legion_category","True","9759","Darkmoon Racer Jockey","Complete The Real Race with the Racing Strider within 20 tolls.","15101","Darkmoon Faire","42492",,"0","5"
"snapshot_non_legion_category","True","9760","Darkmoon Racer Leadfoot","Complete The Real Race with the Racing Strider within 15 tolls.","15101","Darkmoon Faire","42496",,"0","5"
"snapshot_non_legion_category","True","9761","Darkmoon Racer Roadhog","Complete The Real Race with the Racing Strider within 11 tolls.","15101","Darkmoon Faire","42500",,"0","5"
"snapshot_non_legion_category","True","9763","Grommloc","Proud owner of Grommloc from the 2014 BlizzCon.","15268","Promotions","42502",,"133120","0"
"snapshot_non_legion_category","True","9764","Rocketeer: Gold","Complete The Real Race with the Rocketeer within 11 tolls.","15101","Darkmoon Faire","42507",,"0","5"
"snapshot_non_legion_category","True","9766","Rocketeer: Silver","Complete The Real Race with the Rocketeer within 15 tolls.","15101","Darkmoon Faire","42511",,"0","5"
"snapshot_non_legion_category","True","9769","Rocketeer: Bronze","Complete The Real Race with the Rocketeer within 20 tolls.","15101","Darkmoon Faire","42515",,"0","5"
"snapshot_non_legion_category","True","9770","Blast Off!","Complete The Real Race with the Rocketeer within 25 tolls.","15101","Darkmoon Faire","42517",,"0","5"
"snapshot_non_legion_category","True","9780","Go-Getter","Complete The Real Race with the Powermonger within 25 tolls.","15101","Darkmoon Faire","42519",,"0","5"
"snapshot_non_legion_category","True","9781","Powermonger: Bronze","Complete The Real Race with the Powermonger within 20 tolls.","15101","Darkmoon Faire","42521",,"0","5"
"snapshot_non_legion_category","True","9783","Powermonger: Silver","Complete The Real Race with the Powermonger within 15 tolls.","15101","Darkmoon Faire","42525",,"0","5"
"snapshot_non_legion_category","True","9785","Powermonger: Gold","Complete The Real Race with the Powermonger within 11 tolls.","15101","Darkmoon Faire","42529",,"0","5"
"snapshot_non_legion_category","True","9786","Wayfarer","Complete The Real Race with the Wanderluster within 25 tolls.","15101","Darkmoon Faire","42531",,"0","5"
"snapshot_non_legion_category","True","9787","Wanderluster: Bronze","Complete The Real Race with the Wanderluster within 20 tolls.","15101","Darkmoon Faire","42533",,"0","5"
"snapshot_non_legion_category","True","9790","Wanderluster: Silver","Complete The Real Race with the Wanderluster within 15 tolls.","15101","Darkmoon Faire","42539",,"0","5"
"snapshot_non_legion_category","True","9792","Wanderluster: Gold","Complete The Real Race with the Wanderluster within 11 tolls.","15101","Darkmoon Faire","42543",,"0","5"
"snapshot_non_legion_category","True","9793","Big Race Enthusiast","Complete The Real Big Race with the Racing Strider within 40 tolls.","15101","Darkmoon Faire","42557",,"0","5"
"snapshot_non_legion_category","True","9794","Big Race Novice","Complete The Real Big Race with the Racing Strider within 35 tolls.","15101","Darkmoon Faire","42559",,"0","5"
"snapshot_non_legion_category","True","9795","Big Race Jockey","Complete The Real Big Race with the Racing Strider within 30 tolls.","15101","Darkmoon Faire","42561",,"0","5"
"snapshot_non_legion_category","True","9797","Big Race Leadfoot","Complete The Real Big Race with the Racing Strider within 25 tolls.","15101","Darkmoon Faire","42565",,"0","5"
"snapshot_non_legion_category","True","9799","Big Race Roadhog","Complete The Real Big Race with the Racing Strider within 20 tolls.","15101","Darkmoon Faire","42569",,"0","5"
"snapshot_non_legion_category","True","9800","Rocket Man","Complete The Real Big Race with the Rocketeer within 40 tolls.","15101","Darkmoon Faire","42571",,"0","5"
"snapshot_non_legion_category","True","9801","Big Rocketeer: Bronze","Complete The Real Big Race with the Rocketeer within 30 tolls.","15101","Darkmoon Faire","42573",,"0","5"
"snapshot_non_legion_category","True","9803","Big Rocketeer: Silver","Complete The Real Big Race with the Rocketeer within 25 tolls.","15101","Darkmoon Faire","42577",,"0","5"
"snapshot_non_legion_category","True","9805","Big Rocketeer: Gold","Complete The Real Big Race with the Rocketeer within 20 tolls.","15101","Darkmoon Faire","42581",,"0","5"
"snapshot_non_legion_category","True","9806","Vagabond","Complete The Real Big Race with the Wanderluster within 40 tolls.","15101","Darkmoon Faire","42583",,"0","5"
"snapshot_non_legion_category","True","9807","Big Wanderluster: Bronze","Complete The Real Big Race with the Wanderluster within 30 tolls.","15101","Darkmoon Faire","42585",,"0","5"
"snapshot_non_legion_category","True","9809","Big Wanderluster: Silver","Complete The Real Big Race with the Wanderluster within 25 tolls.","15101","Darkmoon Faire","42589",,"0","5"
"snapshot_non_legion_category","True","9811","Big Wanderluster: Gold","Complete The Real Big Race with the Wanderluster within 20 tolls.","15101","Darkmoon Faire","42593",,"0","5"
"snapshot_non_legion_category","True","9812","Goal-Oriented","Complete The Real Big Race with the Powermonger within 40 tolls.","15101","Darkmoon Faire","42595",,"0","5"
"snapshot_non_legion_category","True","9813","Big Powermonger: Bronze","Complete The Real Big Race with the Powermonger within 30 tolls.","15101","Darkmoon Faire","42597",,"0","5"
"snapshot_non_legion_category","True","9815","Big Powermonger: Silver","Complete The Real Big Race with the Powermonger within 25 tolls.","15101","Darkmoon Faire","42601",,"0","5"
"snapshot_non_legion_category","True","9817","Big Powermonger: Gold","Complete The Real Big Race with the Powermonger within 20 tolls.","15101","Darkmoon Faire","42605",,"0","5"
"snapshot_non_legion_category","True","9819","Darkmoon Like the Wind","Stay aloft with the Wanderluster's Glider for more than 10 seconds.","15101","Darkmoon Faire","42607",,"0","5"
"snapshot_non_legion_category","True","9824","Raiding with Leashes III: Drinkin' From the Sunwell","Collect all of the battle pets listed below from Black Temple, Hyjal Summit, and the Sunwell.","15118","Collect","42671",,"131072","10"
"snapshot_non_legion_category","True","9825","Master Relic Hunter","Complete all 6 Relic Hunter Quests offered by Harrison Jones in your Garrison.","15220","Draenor","42684",,"0","10"
"snapshot_non_legion_category","True","9826","Platinum Defender","Successfully complete a garrison invasion with a Platinum rating.","15249","Invasions","42700",,"0","5"
"snapshot_non_legion_category","True","9827","Impervious Defender","Earn a Platinum rating in each max-level invasion.","15249","Invasions","42707",,"0","10"
"snapshot_non_legion_category","True","9828","Ten Hit Tunes","Collect ten Music Rolls for your garrison's jukebox.","15237","Draenor Garrison","42726",,"0","5"
"snapshot_non_legion_category","True","9833","Loremaster of Draenor","Complete the Draenor quest achievements listed below.","15220","Draenor","42728",,"131072","10"
"snapshot_non_legion_category","True","9836","Master Relic Hunter","Complete all 6 Relic Hunter Quests offered by Harrison Jones in your Garrison.","15220","Draenor","42761",,"0","10"
"snapshot_non_legion_category","True","9838","What A Strange, Interdimensional Trip It's Been","Defeat the following Draenor bosses while being accompanied by Pepe.","15246","Collections","42808",,"131072","10"
"snapshot_non_legion_category","True","9858","Master and Commander","Defeat all of the summonable Garrison raid bosses.","15249","Invasions","42928",,"0","10"
"snapshot_non_legion_category","True","9885","Ace Tonk Commander","Score 45 hits in one session of the Tonk Challenge.","15101","Darkmoon Faire","43004",,"0","10"
"snapshot_non_legion_category","True","9894","Triumphant Turtle Tossing","Successfully toss 10 rings onto Dubenko the Darkmoon Turtle in one session of the Ring Toss.","15101","Darkmoon Faire","43008",,"0","10"
"snapshot_non_legion_category","True","9897","Ten Hit Tunes","Collect ten Music Rolls for your garrison's jukebox.","15237","Draenor Garrison","43299",,"0","5"
"snapshot_non_legion_category","True","9900","Exploration Mission Master","Complete all of the garrison exploration missions listed below.","15240","Missions","43091",,"0","10"
"snapshot_non_legion_category","True","9901","Don't Call Me Junior","Complete the achievements listed below:","15237","Draenor Garrison","43117",,"0","10"
"snapshot_non_legion_category","True","9906","Alt-ernative Lifestyle","Collect 5 Heirlooms.","15246","Collections","43137",,"131072","10"
"snapshot_non_legion_category","True","9908","Ready for Powerleveling","Collect 15 Heirlooms.","15246","Collections","43139",,"131072","10"
"snapshot_non_legion_category","True","9909","Heirloom Hoarder","Collect 35 Heirlooms.","15246","Collections","43141",,"131072","10"
"snapshot_non_legion_category","True","9911","Where's the Mailbox?","Collect a Heirloom item.","15246","Collections","43143",,"131072","5"
"snapshot_non_legion_category","True","9912","Azeroth's Top Twenty Tunes","Collect twenty Music Rolls for your garrison's jukebox.","15237","Draenor Garrison","43267",,"0","5"
"snapshot_non_legion_category","True","9914","Azeroth's Top Twenty Tunes","Collect twenty Music Rolls for your garrison's jukebox.","15237","Draenor Garrison","43331",,"0","5"
"snapshot_non_legion_category","True","9915","Crashin' Thrashin' Shredder","Proud owner of the 2014 Vintage Winter Veil gift, the Crashin' Thrashin' Shredder.","15274","Events","43209",,"2048","0"
"snapshot_non_legion_category","True","9923","Loremaster of Draenor","Complete the Draenor quest achievements listed below.","15220","Draenor","43363",,"131072","10"
"snapshot_non_legion_category","True","9924","Field Photographer","Take a picture with the S.E.L.F.I.E. camera in all of the locations listed below.","97","Exploration","43389",,"131072","5"
"snapshot_non_legion_category","True","9925","Friends In Places Yet Even Higher Than That","Obtain a Cindermane Charger mount through the Recruit-a-Friend program.","15269","Mounts","43410",,"133120","0"
"snapshot_non_legion_category","True","9926","Hero of the Storm","Owner of the Graves pet from the Heroes of the Storm promotion.","15268","Promotions","43413",,"133120","0"
"snapshot_non_legion_category","True","9928","Don't Call Me Junior","Complete the achievements listed below:","15237","Draenor Garrison","43417",,"0","10"
"snapshot_non_legion_category","True","9972","A Race Against Slime","Defeat Kilrogg Deadeye in Hellfire Citadel with Ariok surviving the encounter on Normal difficulty or higher.","15231","Draenor Raid","43508",,"0","10"
"snapshot_non_legion_category","True","9979","Get In My Belly!","Defeat Gorefiend after killing the Soul of the Crone in Hellfire Citadel on Normal difficulty or higher.","15231","Draenor Raid","43556",,"0","10"
"snapshot_non_legion_category","True","9983","That's Whack!","Score 45 points in one session of Whack-a-Gnoll.","15101","Darkmoon Faire","43562",,"0","10"
"snapshot_non_legion_category","True","9988","Pro Toss","Defeat Shadow-Lord Iskar in Hellfire Citadel without anyone holding the Eye of Anzu for more that 5 seconds in a row, on Normal difficulty or higher.","15231","Draenor Raid","43583",,"0","10"
"snapshot_non_legion_category","True","9989","Non-Lethal Enforcer","Defeat Tyrant Velhari in Hellfire Citadel without killing the Ancient Enforcer on Normal difficulty or higher.","15231","Draenor Raid","43591",,"0","10"
"snapshot_non_legion_category","True","9995","Soldier of the Alliance: Warlords Season 1","End Warlords PvP season 1 in the top 35% of the rated battleground ladder (requires 50 games won in Warlords Season 1).","15270","Player vs. Player","0",,"14336","0"
"snapshot_non_legion_category","True","9996","Defender of the Alliance: Warlords Season 1","End Warlords PvP season 1 in the top 10% of the rated battleground ladder (requires 50 games won in Warlords Season 1).","15270","Player vs. Player","0",,"14336","0"
"snapshot_non_legion_category","True","9997","Guardian of the Alliance: Warlords Season 1","End Warlords PvP season 1 in the top 3% of the rated battleground ladder (requires 50 games won in Warlords Season 1).","15270","Player vs. Player","0",,"14336","0"
"snapshot_non_legion_category","True","9998","Soldier of the Horde: Warlords Season 1","End Warlords PvP season 1 in the top 35% of the rated battleground ladder (requires 50 games won in Warlords Season 1).","15270","Player vs. Player","0",,"14336","0"
"snapshot_non_legion_category","True","10000","Guardian of the Horde: Warlords Season 1","End Warlords PvP season 1 in the top 3% of the rated battleground ladder (requires 50 games won in Warlords Season 1).","15270","Player vs. Player","0",,"14336","0"
"snapshot_non_legion_category","True","10001","Defender of the Horde: Warlords Season 1","End Warlords PvP season 1 in the top 10% of the rated battleground ladder (requires 50 games won in Warlords Season 1).","15270","Player vs. Player","0",,"14336","0"
"snapshot_non_legion_category","True","10010","Gate of the Setting Sun","Defeat Raigonn in Gate of the Setting Sun.","15106","Pandaria Dungeon","43685",,"0","10"
"snapshot_non_legion_category","True","10011","Siege of Niuzao Temple","Defeat Wing Leader Ner'onok in Siege of Niuzao Temple.","15106","Pandaria Dungeon","43688",,"0","10"
"snapshot_non_legion_category","True","10012","This Land Was Green and Good Until...","Defeat Fel Lord Zakuun in Hellfire Citadel without absorbing any Rumbling Fissures on Normal difficulty or higher.","15231","Draenor Raid","43691",,"0","10"
"snapshot_non_legion_category","True","10013","Waves Came Crashing Down All Around","Defeat Kormrok in Hellfire Citadel without taking damage from any of the waves on Normal difficulty or higher.","15231","Draenor Raid","43693",,"0","10"
"snapshot_non_legion_category","True","10015","Full Discography","Collect all of the Music Rolls available for your garrison's jukebox.","15237","Draenor Garrison","43701",,"0","5"
"snapshot_non_legion_category","True","10016","Full Discography","Collect all of the Music Rolls available for your garrison's jukebox.","15237","Draenor Garrison","43733",,"0","5"
"snapshot_non_legion_category","True","10017","Naval Bonus Specialist","Complete 10 Naval Bonus Missions.","15250","Shipyard","44520",,"0","5"
"snapshot_non_legion_category","True","10018","Draenor Pathfinder","Complete the Draenor achievements listed below:","15235","Draenor","43781",,"393216","25"
"snapshot_non_legion_category","True","10019","The Black Gate","Defeat Archimonde in Hellfire Citadel.","15231","Draenor Raid","43782",,"0","10"
"snapshot_non_legion_category","True","10020","Destructor's Rise","Defeat the following bosses in the upper reaches of Hellfire Citadel:","15231","Draenor Raid","43791",,"0","10"
"snapshot_non_legion_category","True","10021","Chapter IV: Darkness Incarnate","Acquire your legendary ring by completing Khadgar's quests.","15234","Legacy","43799",,"0","0"
"snapshot_non_legion_category","True","10023","Hellbreach","Defeat the following bosses at the entrance to Hellfire Citadel:","15231","Draenor Raid","43809",,"0","10"
"snapshot_non_legion_category","True","10024","Halls of Blood","Defeat the following bosses in the depths of Hellfire Citadel:","15231","Draenor Raid","43813",,"0","10"
"snapshot_non_legion_category","True","10025","Bastion of Shadows","Defeat the following bosses in the upper reaches of Hellfire Citadel:","15231","Draenor Raid","43817",,"0","10"
"snapshot_non_legion_category","True","10026","Nearly Indestructible","Complete the Hellfire Assault encounter in Hellfire Citadel while keeping the Hellfire Cannons above 90% health on Normal difficulty or higher.","15231","Draenor Raid","43821",,"0","10"
"snapshot_non_legion_category","True","10027","Mythic: Hellfire Assault","Complete the Hellfire Assault encounter in Hellfire Citadel on Mythic difficulty.","15231","Draenor Raid","43825",,"0","10"
"snapshot_non_legion_category","True","10030","Bad Manner(oth)","Kill a Doom Lord using Empowered Felseeker, then defeat Mannoroth in Hellfire Citadel on Normal difficulty or higher.","15231","Draenor Raid","43849",,"0","10"
"snapshot_non_legion_category","True","10032","Mythic: Iron Reaver","Defeat the Iron Reaver in Hellfire Citadel on Mythic difficulty.","15231","Draenor Raid","43831",,"0","10"
"snapshot_non_legion_category","True","10033","Mythic: Kormrok","Defeat Kormrok in Hellfire Citadel on Mythic difficulty.","15231","Draenor Raid","43833",,"0","10"
"snapshot_non_legion_category","True","10034","Mythic: Hellfire High Council","Defeat the Hellfire High Council in Hellfire Citadel on Mythic difficulty.","15231","Draenor Raid","43835",,"0","10"
"snapshot_non_legion_category","True","10035","Mythic: Kilrogg Deadeye","Defeat Kilrogg Deadeye in Hellfire Citadel on Mythic difficulty.","15231","Draenor Raid","43837",,"0","10"
"snapshot_non_legion_category","True","10036","Naval Bonus Expert","Complete 25 Naval Bonus Missions.","15250","Shipyard","44522",,"0","5"
"snapshot_non_legion_category","True","10037","Mythic: Shadow-Lord Iskar","Defeat Shadow-Lord Iskar in Hellfire Citadel on Mythic difficulty.","15231","Draenor Raid","43853",,"0","10"
"snapshot_non_legion_category","True","10038","Mythic: Fel Lord Zakuun","Defeat Fel Lord Zakuun in Hellfire Citadel on Mythic difficulty.","15231","Draenor Raid","43855",,"0","10"
"snapshot_non_legion_category","True","10039","Mythic: Xhul'horac","Defeat Xhul'horac in Hellfire Citadel on Mythic difficulty.","15231","Draenor Raid","43857",,"0","10"
"snapshot_non_legion_category","True","10040","Mythic: Socrethar the Eternal","Defeat Socrethar the Eternal in Hellfire Citadel on Mythic difficulty.","15231","Draenor Raid","43859",,"0","10"
"snapshot_non_legion_category","True","10041","Mythic: Tyrant Velhari","Defeat Tyrant Velhari in Hellfire Citadel on Mythic difficulty.","15231","Draenor Raid","43861",,"0","10"
"snapshot_non_legion_category","True","10042","Mythic: Mannoroth","Defeat Mannoroth in Hellfire Citadel on Mythic difficulty.","15231","Draenor Raid","43863",,"0","10"
"snapshot_non_legion_category","True","10043","Mythic: Archimonde","Defeat Archimonde in Hellfire Citadel on Mythic difficulty.","15231","Draenor Raid","43865",,"0","10"
"snapshot_non_legion_category","True","10044","Ahead of the Curve: The Black Gate","Defeat Archimonde on Heroic difficulty or higher, before the release of patch 7.0.","15271","Raids","43867",,"2048","0"
"snapshot_non_legion_category","True","10045","Cutting Edge: The Black Gate","Defeat Archimonde on Mythic difficulty, before the release of patch 7.0.","15271","Raids","43869",,"2048","0"
"snapshot_non_legion_category","True","10050","Learn A Primary Profession","","169","Professions","43902",,"1048580","0"
"snapshot_non_legion_category","True","10051","Learn Two Primary Professions","","169","Professions","43914",,"1048580","0"
"snapshot_non_legion_category","True","10052","Tiny Terrors in Tanaan","Defeat the following fel-corrupted pets in Tanaan Jungle.","15119","Battle","44000",,"131072","10"
"snapshot_non_legion_category","True","10053","I Found Pepe!","Find Pepe wearing his viking, ninja, knight, and pirate outfits.","15246","Collections","44030",,"131072","10"
"snapshot_non_legion_category","True","10054","Don't Fear the Reaper","Defeat all 3 members of the Hellfire High Council in Hellfire Citadel within 10 seconds of each other on Normal difficulty or higher.","15231","Draenor Raid","44041",,"0","10"
"snapshot_non_legion_category","True","10055","<DND> Follower Raid iLevel - Foundry","","15239","Followers","44053",,"1048576","0"
"snapshot_non_legion_category","True","10056","<DND> Follower Raid iLevel - Highmaul","","15239","Followers","44055",,"1048576","0"
"snapshot_non_legion_category","True","10057","Turning the Tide","Kill 10 Hellfire Guardians, then defeat the Iron Reaver in Hellfire Citadel on Normal difficulty or higher.","15231","Draenor Raid","44059",,"0","10"
"snapshot_non_legion_category","True","10058","WoW's 11th Anniversary","Logged in during WoW's 11th Anniversary.","15274","Events","44062",,"2048","0"
"legion_category_confirmed","True","10059","Ain't No Mountain High Enough","Complete the Highmountain storylines listed below.","15252","Legion","44072",,"0","10"
"removed_after_legion","False","10060","Garrison Followers recruited","Garrison Followers recruited","15253","Garrison","44078",,"1","0"
"snapshot_non_legion_category","True","10061","Hellbane","Defeat all of the champions of Hellfire Citadel in Tanaan Jungle.","15235","Draenor","44086",,"0","10"
"snapshot_non_legion_category","True","10067","In Pursuit of Gul'dan","Complete the Garrison Campaign chapters listed below.","15220","Draenor","44192",,"0","10"
"snapshot_non_legion_category","True","10068","Draenor's Last Stand","Complete the Tanaan Jungle daily objectives listed below.","15220","Draenor","44208",,"0","10"
"snapshot_non_legion_category","True","10069","I Came, I Clawed, I Conquered","Loot 5000 Blackfang Claws from saberon at Fang'rila in Tanaan Jungle.","15235","Draenor","44291",,"0","10"
"snapshot_non_legion_category","True","10070","Jungle Stalker","Defeat all of the rare creatures in Tanaan Jungle.","15235","Draenor","44241",,"0","10"
"snapshot_non_legion_category","True","10071","The Legion Will NOT Conquer All","Defeat Supreme Lord Kazzak in Tanaan Jungle.","15231","Draenor Raid","44168",,"0","10"
"snapshot_non_legion_category","True","10072","Rumble in the Jungle","Complete all of the Tanaan Jungle achievements listed below.","15220","Draenor","44170",,"131072","25"
"snapshot_non_legion_category","True","10073","Echoes of Doomfire","Defeat Archimonde in Hellfire Citadel with Doomfire still active on Normal difficulty or higher.","15231","Draenor Raid","44176",,"0","10"
"snapshot_non_legion_category","True","10074","In Pursuit of Gul'dan","Complete the Garrison Campaign chapters listed below.","15220","Draenor","44199",,"0","10"
"snapshot_non_legion_category","True","10075","Draenor's Last Stand","Complete the Tanaan Jungle daily objectives listed below.","15220","Draenor","44233",,"0","10"
"snapshot_non_legion_category","True","10076","Mythic: Bloodmaul Slag Mines","Defeat Gug'rokk in the Bloodmaul Slag Mines on Mythic difficulty.","15228","Draenor Dungeon","44209",,"0","10"
"snapshot_non_legion_category","True","10077","Mythic Dungeoneer","","15228","Draenor Dungeon","44211",,"1048580","0"
"snapshot_non_legion_category","True","10079","Mythic: Iron Docks","Defeat Skulloc in the Iron Docks on Mythic difficulty.","15228","Draenor Dungeon","44212",,"0","10"
"snapshot_non_legion_category","True","10080","Mythic: Auchindoun","Defeat Teron'gor in Auchindoun on Mythic difficulty.","15228","Draenor Dungeon","44214",,"0","10"
"snapshot_non_legion_category","True","10081","Mythic: Skyreach","Defeat High Sage Viryx in Skyreach on Mythic difficulty.","15228","Draenor Dungeon","44216",,"0","10"
"snapshot_non_legion_category","True","10082","Mythic: Grimrail Depot","Defeat Skylord Tovra in Grimrail Depot on Mythic difficulty.","15228","Draenor Dungeon","44218",,"0","10"
"snapshot_non_legion_category","True","10083","Mythic: The Everbloom","Defeat Yalnu in The Everbloom on Mythic difficulty.","15228","Draenor Dungeon","44220",,"0","10"
"snapshot_non_legion_category","True","10084","Mythic: Shadowmoon Burial Grounds","Defeat Ner'zhul in Shadowmoon Burial Grounds on Mythic difficulty.","15228","Draenor Dungeon","44222",,"0","10"
"snapshot_non_legion_category","True","10085","Mythic: Upper Blackrock Spire","Defeat Warlord Zaela in Upper Blackrock Spire on Mythic difficulty.","15228","Draenor Dungeon","44224",,"0","10"
"snapshot_non_legion_category","True","10086","I'm a Soul Man","Defeat Socrethar the Eternal in Hellfire Citadel after killing 20 Haunting Souls within 10 seconds on Normal difficulty or higher.","15231","Draenor Raid","44293",,"0","10"
"snapshot_non_legion_category","True","10087","You Gotta Keep 'em Separated","Defeat Xhul'horac in Hellfire Citadel without triggering any Shadowfel Annihilations on Normal difficulty or higher.","15231","Draenor Raid","44299",,"0","10"
"snapshot_non_legion_category","True","10088","Wild Conquest","Earn 27,000 Conquest Points in Warlords Season 2.","15279","Player vs. Player","44301",,"2048","0"
"snapshot_non_legion_category","True","10089","Wild Conquest","Earn 27,000 Conquest Points in Warlords Season 2.","15279","Player vs. Player","44303",,"2048","0"
"snapshot_non_legion_category","True","10090","Warmongering Conquest","Earn 27,000 Conquest Points in Warlords Season 3.","15279","Player vs. Player","44305",,"2048","0"
"snapshot_non_legion_category","True","10091","Warmongering Conquest","Earn 27,000 Conquest Points in Warlords Season 3.","15279","Player vs. Player","44307",,"2048","0"
"snapshot_non_legion_category","True","10092","Wild Combatant","Win 100 Arena (3v3) or 40 Rated Battlegrounds in Warlords Season 2","15279","Player vs. Player","44309",,"2048","0"
"snapshot_non_legion_category","True","10093","Wild Combatant","Win 100 Arena (3v3) or 40 Rated Battlegrounds in Warlords Season 2","15279","Player vs. Player","44312",,"2048","0"
"snapshot_non_legion_category","True","10094","Warmongering Combatant","Win 100 Arena (3v3) or 40 Rated Battlegrounds in Warlords Season 3","15270","Player vs. Player","44315",,"2048","0"
"snapshot_non_legion_category","True","10095","Warmongering Combatant","Win 100 Arena (3v3) or 40 Rated Battlegrounds in Warlords Season 3","15270","Player vs. Player","44318",,"2048","0"
"snapshot_non_legion_category","True","10096","Wild Gladiator: Warlords Season 2","End Warlords PvP season 2 in the top 0.1% of the arena ladder (requires 50 games won in Warlords Season 2).","15270","Player vs. Player","0",,"14336","0"
"snapshot_non_legion_category","True","10097","Warmongering Gladiator: Warlords Season 3","End Warlords PvP season 3 in the top 0.1% of the arena ladder (requires 50 games won in Warlords Season 3).","15270","Player vs. Player","0",,"14336","0"
"snapshot_non_legion_category","True","10098","Gladiator: Warlords Season 2","End Warlords PvP season 2 in the top 0.5% of the arena ladder (requires 50 games won in Warlords Season 2).","15270","Player vs. Player","0",,"14336","0"
"snapshot_non_legion_category","True","10099","Duelist: Warlords Season 2","End Warlords PvP season 2 in the top 3% of the arena ladder (requires 50 games won in Warlords Season 2).","15270","Player vs. Player","0",,"14336","0"
"snapshot_non_legion_category","True","10100","Rival: Warlords Season 2","End Warlords PvP season 2 in the top 10% of the arena ladder (requires 50 games won in Warlords Season 2).","15270","Player vs. Player","0",,"14336","0"
"snapshot_non_legion_category","True","10101","Challenger: Warlords Season 2","End Warlords PvP season 2 in the top 35% of the arena ladder (requires 50 games won in Warlords Season 2).","15270","Player vs. Player","0",,"14336","0"
"snapshot_non_legion_category","True","10102","Hero of the Alliance: Wild","End Warlords PvP season 2 in the top 0.5% of the rated battleground ladder (requires 50 games won in Warlords Season 2).","15270","Player vs. Player","0",,"14336","0"
"snapshot_non_legion_category","True","10103","Hero of the Horde: Wild","End Warlords PvP season 2 in the top 0.5% of the rated battleground ladder (requires 50 games won in Warlords Season 2).","15270","Player vs. Player","0",,"14336","0"
"snapshot_non_legion_category","True","10104","Soldier of the Alliance: Warlords Season 2","End Warlords PvP season 2 in the top 35% of the rated battleground ladder (requires 50 games won in Warlords Season 2).","15270","Player vs. Player","0",,"14336","0"
"snapshot_non_legion_category","True","10105","Soldier of the Horde: Warlords Season 2","End Warlords PvP season 2 in the top 35% of the rated battleground ladder (requires 50 games won in Warlords Season 2).","15270","Player vs. Player","0",,"14336","0"
"snapshot_non_legion_category","True","10106","Defender of the Alliance: Warlords Season 2","End Warlords PvP season 2 in the top 10% of the rated battleground ladder (requires 50 games won in Warlords Season 2).","15270","Player vs. Player","0",,"14336","0"
"snapshot_non_legion_category","True","10107","Defender of the Horde: Warlords Season 2","End Warlords PvP season 2 in the top 10% of the rated battleground ladder (requires 50 games won in Warlords Season 2).","15270","Player vs. Player","0",,"14336","0"
"snapshot_non_legion_category","True","10108","Guardian of the Alliance: Warlords Season 2","End Warlords PvP season 2 in the top 3% of the rated battleground ladder (requires 50 games won in Warlords Season 2).","15270","Player vs. Player","0",,"14336","0"
"snapshot_non_legion_category","True","10109","Guardian of the Horde: Warlords Season 2","End Warlords PvP season 2 in the top 3% of the rated battleground ladder (requires 50 games won in Warlords Season 2).","15270","Player vs. Player","0",,"14336","0"
"snapshot_non_legion_category","True","10110","Gladiator: Warlords Season 3","End Warlords PvP season 3 in the top 0.5% of the arena ladder (requires 50 games won in Warlords Season 3).","15270","Player vs. Player","0",,"14336","0"
"snapshot_non_legion_category","True","10111","Duelist: Warlords Season 3","End Warlords PvP season 3 in the top 3% of the arena ladder (requires 50 games won in Warlords Season 3).","15270","Player vs. Player","0",,"14336","0"
"snapshot_non_legion_category","True","10112","Rival: Warlords Season 3","End Warlords PvP season 3 in the top 10% of the arena ladder (requires 50 games won in Warlords Season 3).","15270","Player vs. Player","0",,"14336","0"
"snapshot_non_legion_category","True","10113","Challenger: Warlords Season 3","End Warlords PvP season 3 in the top 35% of the arena ladder (requires 50 games won in Warlords Season 3).","15270","Player vs. Player","0",,"2048","0"
"snapshot_non_legion_category","True","10114","Hero of the Alliance: Warmongering","End Warlords PvP season 3 in the top 0.5% of the rated battleground ladder (requires 50 games won in Warlords Season 3).","15270","Player vs. Player","0",,"14336","0"
"snapshot_non_legion_category","True","10115","Hero of the Horde: Warmongering","End Warlords PvP season 3 in the top 0.5% of the rated battleground ladder (requires 50 games won in Warlords Season 3).","15270","Player vs. Player","0",,"14336","0"
"snapshot_non_legion_category","True","10116","Guardian of the Alliance: Warlords Season 3","End Warlords PvP season 3 in the top 3% of the rated battleground ladder (requires 50 games won in Warlords Season 3).","15270","Player vs. Player","0",,"14336","0"
"snapshot_non_legion_category","True","10117","Guardian of the Horde: Warlords Season 3","End Warlords PvP season 3 in the top 3% of the rated battleground ladder (requires 50 games won in Warlords Season 3).","15270","Player vs. Player","0",,"14336","0"
"snapshot_non_legion_category","True","10118","Defender of the Alliance: Warlords Season 3","End Warlords PvP season 3 in the top 10% of the rated battleground ladder (requires 50 games won in Warlords Season 3).","15270","Player vs. Player","0",,"14336","0"
"snapshot_non_legion_category","True","10119","Defender of the Horde: Warlords Season 3","End Warlords PvP season 3 in the top 10% of the rated battleground ladder (requires 50 games won in Warlords Season 3).","15270","Player vs. Player","0",,"14336","0"
"snapshot_non_legion_category","True","10120","Soldier of the Alliance: Warlords Season 3","End Warlords PvP season 3 in the top 35% of the rated battleground ladder (requires 50 games won in Warlords Season 3).","15270","Player vs. Player","0",,"14336","0"
"snapshot_non_legion_category","True","10121","Soldier of the Horde: Warlords Season 3","End Warlords PvP season 3 in the top 35% of the rated battleground ladder (requires 50 games won in Warlords Season 3).","15270","Player vs. Player","0",,"14336","0"
"snapshot_non_legion_category","True","10137","Wild Gladiator's Felblood Gronnling","Obtain the Wild Gladiator's Felblood Gronnling from Warlords of Draenor Arena Season 2","15269","Mounts","44361",,"2048","0"
"snapshot_non_legion_category","True","10146","Warmongering Gladiator's Felblood Gronnling","Obtain the Warmongering Gladiator's Felblood Gronnling from Warlords of Draenor Arena Season 3","15269","Mounts","44367",,"2048","0"
"snapshot_non_legion_category","True","10148","Chapter IV: Darkness Incarnate","Acquire your legendary ring by completing Khadgar's quests.","15234","Legacy","44370",,"0","0"
"snapshot_non_legion_category","True","10149","Glory of the Hellfire Raider","Complete the Hellfire Citadel raid achievements listed below.","168","Dungeons & Raids","44494",,"143360","25"
"snapshot_non_legion_category","True","10154","Naval Combat Expert","Complete 50 Naval Combat Missions.","15250","Shipyard","44512",,"0","5"
"snapshot_non_legion_category","True","10155","Naval Siege Expert","Complete 25 Naval Siege Missions.","15250","Shipyard","44510",,"0","5"
"snapshot_non_legion_category","True","10156","Naval Combat Specialist","Complete 25 Naval Combat Missions.","15250","Shipyard","44514",,"0","5"
"snapshot_non_legion_category","True","10159","Naval Treasure Specialist","Complete 25 Naval Treasure Missions.","15250","Shipyard","44524",,"0","5"
"snapshot_non_legion_category","True","10160","Naval Treasure Expert","Complete 50 Naval Treasure Missions.","15250","Shipyard","44526",,"0","5"
"snapshot_non_legion_category","True","10161","Naval Siege Specialist","Complete 10 Naval Siege Missions.","15250","Shipyard","44528",,"0","5"
"snapshot_non_legion_category","True","10162","Naval Training Specialist","Complete 10 Naval Training Missions.","15250","Shipyard","43839",,"0","5"
"snapshot_non_legion_category","True","10163","Naval Training Expert","Complete 25 Naval Training Missions.","15250","Shipyard","43769",,"0","5"
"snapshot_non_legion_category","True","10164","Master of the Seas","Complete the naval mission achievments listed below.","15250","Shipyard","44530",,"0","5"
"snapshot_non_legion_category","True","10165","Ironsides","Upgrade a ship of every type to Epic quality.","15250","Shipyard","44536",,"0","5"
"snapshot_non_legion_category","True","10166","Naval Mechanics","Obtain all of the naval equipment blueprints listed below.","15250","Shipyard","44542",,"131072","5"
"snapshot_non_legion_category","True","10167","Exploring the High Seas","Complete all of the Rare Naval Missions listed below.","15250","Shipyard","44812",,"0","10"
"snapshot_non_legion_category","True","10168","Naval Armada","Upgrade your shipyard to level 3.","15250","Shipyard","44604",,"0","5"
"snapshot_non_legion_category","True","10169","Naval Fleet","Upgrade your shipyard to level 2.","15250","Shipyard","44602",,"0","5"
"snapshot_non_legion_category","True","10170","Seaman","Complete 50 Naval Missions.","15250","Shipyard","44606",,"0","5"
"snapshot_non_legion_category","True","10172","Petty Officer","Complete 100 Naval Missions.","15250","Shipyard","44608",,"0","5"
"snapshot_non_legion_category","True","10173","Fleet Commander","Complete 500 Naval Missions.","15250","Shipyard","44610",,"0","5"
"snapshot_non_legion_category","True","10174","Admiral","Complete 1000 Naval Missions.","15250","Shipyard","44612",,"0","10"
"snapshot_non_legion_category","True","10175","Kazzak Guild Run","Defeat Supreme Lord Kazzak in Tanaan Jungle, while in a guild group.","15244","Draenor Raid","44585",,"49152","10"
"snapshot_non_legion_category","True","10176","Mythic: Archimonde Guild Run","Defeat Archimonde in Hellfire Citadel on Mythic difficulty, while in a guild group.","15244","Draenor Raid","44587",,"61440","10"
"snapshot_non_legion_category","True","10177","Set Sail!","Construct a shipyard for your garrison.","15250","Shipyard","44600",,"0","5"
"removed_after_legion","False","10181","Garrison Missions completed","Garrision Missions completed","15253","Garrison","44618",,"1","0"
"removed_after_legion","False","10184","Garrison Rare Missions completed","Garrision Rare Missions completed","15253","Garrison","44624",,"1","0"
"snapshot_non_legion_category","True","10192","Gug'rokk kills (Mythic Bloodmaul Slag Mines)","","15233","Warlords of Draenor","44684",,"1","0"
"snapshot_non_legion_category","True","10193","Skulloc kills (Mythic Iron Docks)","","15233","Warlords of Draenor","44686",,"1","0"
"snapshot_non_legion_category","True","10194","Teron'gor kills (Mythic Auchindoun)","","15233","Warlords of Draenor","44688",,"1","0"
"snapshot_non_legion_category","True","10195","High Sage Viryx kills (Mythic Skyreach)","","15233","Warlords of Draenor","44690",,"1","0"
"snapshot_non_legion_category","True","10196","Skylord Tovra kills (Mythic Grimrail Depot)","","15233","Warlords of Draenor","44692",,"1","0"
"snapshot_non_legion_category","True","10197","Yalnu kills (Mythic The Everbloom)","","15233","Warlords of Draenor","44694",,"1","0"
"snapshot_non_legion_category","True","10198","Ner'zhul kills (Mythic Shadowmoon Burial Grounds)","","15233","Warlords of Draenor","44696",,"1","0"
"snapshot_non_legion_category","True","10199","Warlord Zaela kills (Mythic Upper Blackrock Spire)","","15233","Warlords of Draenor","44698",,"1","0"
"snapshot_non_legion_category","True","10200","Supreme Lord Kazzak kills (Tanaan Jungle)","","15233","Warlords of Draenor","44700",,"1","0"
"snapshot_non_legion_category","True","10201","Hellfire Assault victories (Raid Finder Hellfire Citadel)","","15233","Warlords of Draenor","44702",,"1","0"
"snapshot_non_legion_category","True","10202","Hellfire Assault victories (Normal Hellfire Citadel)","","15233","Warlords of Draenor","44704",,"1","0"
"snapshot_non_legion_category","True","10203","Hellfire Assault victories (Heroic Hellfire Citadel)","","15233","Warlords of Draenor","44706",,"1","0"
"snapshot_non_legion_category","True","10204","Hellfire Assault victories (Mythic Hellfire Citadel)","","15233","Warlords of Draenor","44708",,"1","0"
"snapshot_non_legion_category","True","10205","Iron Reaver kills (Raid Finder Hellfire Citadel)","","15233","Warlords of Draenor","44710",,"1","0"
"snapshot_non_legion_category","True","10206","Iron Reaver kills (Normal Hellfire Citadel)","","15233","Warlords of Draenor","44712",,"1","0"
"snapshot_non_legion_category","True","10207","Iron Reaver kills (Heroic Hellfire Citadel)","","15233","Warlords of Draenor","44714",,"1","0"
"snapshot_non_legion_category","True","10208","Iron Reaver kills (Mythic Hellfire Citadel)","","15233","Warlords of Draenor","44716",,"1","0"
"snapshot_non_legion_category","True","10209","Kormrok kills (Raid Finder Hellfire Citadel)","","15233","Warlords of Draenor","44718",,"1","0"
"snapshot_non_legion_category","True","10210","Kormrok kills (Normal Hellfire Citadel)","","15233","Warlords of Draenor","44720",,"1","0"
"snapshot_non_legion_category","True","10211","Kormrok kills (Heroic Hellfire Citadel)","","15233","Warlords of Draenor","44722",,"1","0"
"snapshot_non_legion_category","True","10212","Kormrok kills (Mythic Hellfire Citadel)","","15233","Warlords of Draenor","44724",,"1","0"
"snapshot_non_legion_category","True","10213","Hellfire High Council kills (Raid Finder Hellfire Citadel)","","15233","Warlords of Draenor","44726",,"1","0"
"snapshot_non_legion_category","True","10214","Hellfire High Council kills (Normal Hellfire Citadel)","","15233","Warlords of Draenor","44728",,"1","0"
"snapshot_non_legion_category","True","10215","Hellfire High Council kills (Heroic Hellfire Citadel)","","15233","Warlords of Draenor","44730",,"1","0"
"snapshot_non_legion_category","True","10216","Hellfire High Council kills (Mythic Hellfire Citadel)","","15233","Warlords of Draenor","44732",,"1","0"
"snapshot_non_legion_category","True","10217","Kilrogg Deadeye kills (Raid Finder Hellfire Citadel)","","15233","Warlords of Draenor","44734",,"1","0"
"snapshot_non_legion_category","True","10218","Kilrogg Deadeye kills (Normal Hellfire Citadel)","","15233","Warlords of Draenor","44736",,"1","0"
"snapshot_non_legion_category","True","10219","Kilrogg Deadeye kills (Heroic Hellfire Citadel)","","15233","Warlords of Draenor","44738",,"1","0"
"snapshot_non_legion_category","True","10220","Kilrogg Deadeye kills (Mythic Hellfire Citadel)","","15233","Warlords of Draenor","44740",,"1","0"
"snapshot_non_legion_category","True","10221","Gorefiend kills (Raid Finder Hellfire Citadel)","","15233","Warlords of Draenor","44742",,"1","0"
"snapshot_non_legion_category","True","10222","Gorefiend kills (Normal Hellfire Citadel)","","15233","Warlords of Draenor","44744",,"1","0"
"snapshot_non_legion_category","True","10223","Gorefiend kills (Heroic Hellfire Citadel)","","15233","Warlords of Draenor","44746",,"1","0"
"snapshot_non_legion_category","True","10224","Gorefiend kills (Mythic Hellfire Citadel)","","15233","Warlords of Draenor","44748",,"1","0"
"snapshot_non_legion_category","True","10225","Shadow-Lord Iskar kills (Raid Finder Hellfire Citadel)","","15233","Warlords of Draenor","44752",,"1","0"
"snapshot_non_legion_category","True","10226","Shadow-Lord Iskar kills (Normal Hellfire Citadel)","","15233","Warlords of Draenor","44754",,"1","0"
"snapshot_non_legion_category","True","10227","Shadow-Lord Iskar kills (Heroic Hellfire Citadel)","","15233","Warlords of Draenor","44756",,"1","0"
"snapshot_non_legion_category","True","10228","Shadow-Lord Iskar kills (Mythic Hellfire Citadel)","","15233","Warlords of Draenor","44758",,"1","0"
"snapshot_non_legion_category","True","10229","Socrethar the Eternal kills (Raid Finder Hellfire Citadel)","","15233","Warlords of Draenor","44760",,"1","0"
"snapshot_non_legion_category","True","10230","Socrethar the Eternal kills (Normal Hellfire Citadel)","","15233","Warlords of Draenor","44762",,"1","0"
"snapshot_non_legion_category","True","10231","Socrethar the Eternal kills (Heroic Hellfire Citadel)","","15233","Warlords of Draenor","44764",,"1","0"
"snapshot_non_legion_category","True","10232","Socrethar the Eternal kills (Mythic Hellfire Citadel)","","15233","Warlords of Draenor","44766",,"1","0"
"snapshot_non_legion_category","True","10233","Fel Lord Zakuun kills (Raid Finder Hellfire Citadel)","","15233","Warlords of Draenor","44768",,"1","0"
"snapshot_non_legion_category","True","10234","Fel Lord Zakuun kills (Normal Hellfire Citadel)","","15233","Warlords of Draenor","44770",,"1","0"
"snapshot_non_legion_category","True","10235","Fel Lord Zakuun kills (Heroic Hellfire Citadel)","","15233","Warlords of Draenor","44772",,"1","0"
"snapshot_non_legion_category","True","10236","Fel Lord Zakuun kills (Mythic Hellfire Citadel)","","15233","Warlords of Draenor","44774",,"1","0"
"snapshot_non_legion_category","True","10237","Xhul'horac kills (Raid Finder Hellfire Citadel)","","15233","Warlords of Draenor","44776",,"1","0"
"snapshot_non_legion_category","True","10238","Xhul'horac kills (Normal Hellfire Citadel)","","15233","Warlords of Draenor","44778",,"1","0"
"snapshot_non_legion_category","True","10239","Xhul'horac kills (Heroic Hellfire Citadel)","","15233","Warlords of Draenor","44780",,"1","0"
"snapshot_non_legion_category","True","10240","Xhul'horac kills (Mythic Hellfire Citadel)","","15233","Warlords of Draenor","44782",,"1","0"
"snapshot_non_legion_category","True","10241","Tyrant Velhari kills (Raid Finder Hellfire Citadel)","","15233","Warlords of Draenor","44784",,"1","0"
"snapshot_non_legion_category","True","10242","Tyrant Velhari kills (Normal Hellfire Citadel)","","15233","Warlords of Draenor","44786",,"1","0"
"snapshot_non_legion_category","True","10243","Tyrant Velhari kills (Heroic Hellfire Citadel)","","15233","Warlords of Draenor","44788",,"1","0"
"snapshot_non_legion_category","True","10244","Tyrant Velhari kills (Mythic Hellfire Citadel)","","15233","Warlords of Draenor","44790",,"1","0"
"snapshot_non_legion_category","True","10245","Mannoroth kills (Raid Finder Hellfire Citadel)","","15233","Warlords of Draenor","44792",,"1","0"
"snapshot_non_legion_category","True","10246","Mannoroth kills (Normal Hellfire Citadel)","","15233","Warlords of Draenor","44794",,"1","0"
"snapshot_non_legion_category","True","10247","Mannoroth kills (Heroic Hellfire Citadel)","","15233","Warlords of Draenor","44796",,"1","0"
"snapshot_non_legion_category","True","10248","Mannoroth kills (Mythic Hellfire Citadel)","","15233","Warlords of Draenor","44798",,"1","0"
"snapshot_non_legion_category","True","10249","Archimonde kills (Raid Finder Hellfire Citadel)","","15233","Warlords of Draenor","44800",,"1","0"
"snapshot_non_legion_category","True","10250","Archimonde kills (Normal Hellfire Citadel)","","15233","Warlords of Draenor","44802",,"1","0"
"snapshot_non_legion_category","True","10251","Archimonde kills (Heroic Hellfire Citadel)","","15233","Warlords of Draenor","44804",,"1","0"
"snapshot_non_legion_category","True","10252","Archimonde kills (Mythic Hellfire Citadel)","","15233","Warlords of Draenor","44806",,"1","0"
"snapshot_non_legion_category","True","10253","Mythic: Gorefiend","Defeat Gorefiend in Hellfire Citadel on Mythic difficulty.","15231","Draenor Raid","44750",,"0","10"
"snapshot_non_legion_category","True","10255","Petty Officer","Complete 100 Naval Missions.","15250","Shipyard","44810",,"0","5"
"snapshot_non_legion_category","True","10256","Charting a Course","Complete three of the Rare Naval Missions listed below.","15250","Shipyard","44559",,"0","10"
"snapshot_non_legion_category","True","10258","Charting a Course","Complete three of the Rare Naval Missions listed below.","15250","Shipyard","44819",,"0","10"
"snapshot_non_legion_category","True","10259","Jungle Hunter","Defeat 25 rare creatures in Tanaan Jungle.","15235","Draenor","44826",,"0","10"
"snapshot_non_legion_category","True","10260","Explore Tanaan Jungle","Explore Tanaan Jungle, revealing the covered areas of the world map.","15235","Draenor","44877",,"0","10"
"snapshot_non_legion_category","True","10261","Jungle Treasure Hunter","Discover 20 treasures in Tanaan Jungle.","15235","Draenor","44892",,"128","5"
"snapshot_non_legion_category","True","10262","Jungle Treasure Master","Discover all of the treasures in Tanaan Jungle.","15235","Draenor","44933",,"128","5"
"snapshot_non_legion_category","True","10265","Rumble in the Jungle","Complete all of the Tanaan Jungle achievements listed below.","15220","Draenor","45001",,"131072","25"
"snapshot_non_legion_category","True","10275","Fleet Commander","Complete 500 Naval Missions.","15250","Shipyard","45014",,"0","5"
"snapshot_non_legion_category","True","10276","Admiral","Complete 1000 Naval Missions.","15250","Shipyard","45012",,"0","10"
"snapshot_non_legion_category","True","10278","<DND> Item Level Army - Account Wide","Raise 10 followers' item level to 650.","15239","Followers","45048",,"1179648","0"
"snapshot_non_legion_category","True","10307","Exploring the High Seas","Complete all of the Rare Naval Missions listed below.","15250","Shipyard","45104",,"0","10"
"snapshot_non_legion_category","True","10309","Collector's Edition: Zeradar","Owner of the Legacy of the Void Collector's Edition archon pet, Zeradar.","15268","Promotions","45080",,"133120","0"
"snapshot_non_legion_category","True","10320","Collector's Edition: Illidari Felstalker","Owner of the Legion Collector's Edition Illidari Felstalker mount.","15268","Promotions","45112",,"133120","0"
"snapshot_non_legion_category","True","10321","Collector's Edition: Nibbles","Owner of the Legion Collector's Edition felstalker pet, Nibbles.","15268","Promotions","45115",,"133120","0"
"snapshot_non_legion_category","True","10322","Murkidan","Proud owner of Murkidan from the 2015 BlizzCon.","15268","Promotions","45118",,"133120","0"
"removed_after_legion","False","10327","Item slots equipped with Uncommon items","","191","Gear","45147",,"1","0"
"removed_after_legion","False","10328","Item slots equipped with Rare items","","191","Gear","45148",,"1","0"
"removed_after_legion","False","10329","Item slots equipped with Epic items","","191","Gear","45149",,"1","0"
"removed_after_legion","False","10330","Item slots equipped with Legendary items","","191","Gear","45150",,"1","0"
"removed_after_legion","False","10331","Item slots equipped with Heirloom items","","191","Gear","45151",,"1","0"
"snapshot_non_legion_category","True","10334","Predator","Defeat Xemirkol in Tanaan Jungle.","81","Feats of Strength","45263",,"0","0"
"snapshot_non_legion_category","True","10335","Did Someone Say...?","Wielded Inflatable Thunderfury, Blessed Blade of the Windseeker.","15274","Events","45273",,"133120","0"
"snapshot_non_legion_category","True","10337","Crashin' Thrashin' Flamer","Proud owner of the 2015 Vintage Winter Veil gift, the Crashin' Thrashin' Flamer.","15274","Events","45301",,"2048","0"
"snapshot_non_legion_category","True","10348","Master Treasure Hunter","Discover 100 treasures of Draenor (excluding Tanaan Jungle).","15235","Draenor","45378",,"128","10"
"snapshot_non_legion_category","True","10349","Tanaan Diplomat","Earn Revered reputation with all three factions in Tanaan Jungle.","15232","Draenor","45688",,"0","10"
"snapshot_non_legion_category","True","10350","Tanaan Diplomat","Earn Revered reputation with all three factions in Tanaan Jungle.","15232","Draenor","45692",,"0","10"
"snapshot_non_legion_category","True","10353","Iron Armada","Collect all five toys that are part of the Crashin' Thrashin' ""Iron Armada"" set.","156","Winter Veil","45702",,"131072","10"
"snapshot_non_legion_category","True","10354","Crashin' Thrashin' Commander","Collect 200 toys.","15247","Toy Box","45827",,"131072","10"
"snapshot_non_legion_category","True","10355","Lord of the Reins","Obtain 300 mounts (usable by a single character).","15248","Mounts","45764",,"131072","10"
"snapshot_non_legion_category","True","10356","Lord of the Reins","Obtain 300 mounts (usable by a single character).","15248","Mounts","45766",,"131072","10"
"snapshot_non_legion_category","True","10365","A Frightening Friend","Find Pepe wearing his spooky scarecrow costume.","158","Hallow's End","45812",,"131072","10"
"snapshot_non_legion_category","True","10366","<DND> Account Has Curious Wolvar Pup","Added for playercondition issues.","163","Children's Week","45835",,"1179652","0"
"snapshot_non_legion_category","True","10367","<DND> Account Has Oracle Hatchling","Added for playercondition issues.","163","Children's Week","45837",,"1179652","0"
"snapshot_non_legion_category","True","10372","<DND> Player has learned Blige Pump","","15250","Shipyard","45880",,"1048576","0"
"snapshot_non_legion_category","True","10373","<DND> Player has learned Felsmoke","","15250","Shipyard","45882",,"1048576","0"
"snapshot_non_legion_category","True","10374","<DND> Player has learned Fog Lights","","15250","Shipyard","45894",,"1048576","0"
"snapshot_non_legion_category","True","10375","<DND> Player has learned Ghostly Spyglass","","15250","Shipyard","45886",,"1048576","0"
"snapshot_non_legion_category","True","10376","<DND> Player has learned Gyroscopic Internal Stabilizer","","15250","Shipyard","45888",,"1048576","0"
"snapshot_non_legion_category","True","10377","<DND> Player has learned Ice Cutter","","15250","Shipyard","45884",,"1048576","0"
"snapshot_non_legion_category","True","10378","<DND> Player has learned Trained Shark Tank","","15250","Shipyard","45890",,"1048576","0"
"snapshot_non_legion_category","True","10379","<DND> Player has learned True Iron Rudder","","15250","Shipyard","45892",,"1048576","0"
"snapshot_non_legion_category","True","10380","Realm First! Archimonde","First guild on the realm to defeat Archimonde in Hellfire Citadel on Mythic difficulty while in a guild group.","15093","Guild Feats of Strength","45898",,"63744","0"
"legion_category_confirmed","True","10398","Drum Circle","Participate in a drum circle at the Thunder Drum in Highmountain.","15252","Legion","46077",,"2048","5"
"legion_category_confirmed","True","10411","Helheim Hath No Fury","Rescue the Captured Val'kyr in Maw of Souls on Mythic difficulty.","15254","Legion Dungeon","47173",,"0","10"
"legion_category_confirmed","True","10412","Poor Unfortunate Souls","Defeat Helya in Maw of Souls while all group members are Poor Unfortunate Souls on Mythic difficulty.","15254","Legion Dungeon","48380",,"0","10"
"legion_category_confirmed","True","10413","Instant Karma","Defeat Ymiron after defiantly striking down 6 Risen Warriors in Maw of Souls on Mythic difficulty.","15254","Legion Dungeon","47165",,"0","10"
"legion_category_confirmed","True","10456","But You Say He's Just a Friend","Defeat Warlord Parjesh without allowing any Hatecoil Shellbreakers to die in Eye of Azshara on Mythic difficulty.","15254","Legion Dungeon","46583",,"0","10"
"legion_category_confirmed","True","10457","Stay Salty","Defeat Lady Hatecoil after destroying 11 or more Saltsea Globules with a single Curse of the Witch in Eye of Azshara on Mythic difficulty.","15254","Legion Dungeon","46591",,"0","10"
"legion_category_confirmed","True","10458","Ready for Raiding V","Defeat the Wrath of Azshara without being struck by Magic or Frost Resonance in Eye of Azshara on Mythic difficulty.","15254","Legion Dungeon","46593",,"0","10"
"legion_category_confirmed","True","10459","Improving on History","Complete the quest line ""Balance of Power,"" unlocking a new appearance for your artifact weapon.","15256","Artifacts","51773",,"0","10"
"legion_category_confirmed","True","10460","Hidden Potential","Locate and unlock a hidden appearance for your artifact.","15256","Artifacts","51775",,"0","10"
"legion_category_confirmed","True","10461","Fighting with Style: Classic","Unlock all 4 color variations for your original artifact appearance.","15256","Artifacts","51987",,"0","10"
"snapshot_non_legion_category","True","10537","Patron of War","Witness the world's finest Gladiators compete!","15268","Promotions","56345",,"133120","0"
"legion_category_confirmed","True","10542","I Got What You Mead","Splash all four vrykul kings with a Mug of Mead in Halls of Valor on Mythic difficulty.","15254","Legion Dungeon","47159",,"0","10"
"legion_category_confirmed","True","10543","Surge Protector","Defeat Odyn without any Stormforged Obliterators successfully casting Surge in Halls of Valor on Mythic difficulty.","15254","Legion Dungeon","47163",,"0","10"
"legion_category_confirmed","True","10544","Stag Party","Defeat a Storm Drake after allowing it to gain 10 stacks of Killing Blow in Halls of Valor on Mythic difficulty.","15254","Legion Dungeon","47169",,"0","10"
"legion_category_confirmed","True","10553","You're Just Making It WORSE!","Defeat Millificent Manastorm after she becomes very cross with you in Assault on Violet Hold on Mythic difficulty.","15254","Legion Dungeon","47207",,"0","10"
"legion_category_confirmed","True","10554","I Made a Food!","Defeat Festerface after slaying a Black Bile in Assault on Violet Hold on Mythic difficulty.","15254","Legion Dungeon","47205",,"0","10"
"legion_category_confirmed","True","10555","Buggy Fight","Defeat Nythendra in The Emerald Nightmare after squishing 15 Glow Bugs on Normal difficulty or higher.","15255","Legion Raid","47209",,"0","10"
"snapshot_non_legion_category","True","10561","Honorable Medallion","Enter a Battleground or Arena and learn the spell Honorable Medallion.","95","Player vs. Player","47301",,"0","10"
"legion_category_confirmed","True","10575","Burning Bridges","Defeat Krosus in The Nighthold after quenching 15 Burning Embers on Normal difficulty or higher.","15255","Legion Raid","47356",,"0","10"
"snapshot_non_legion_category","True","10580","Heroic Skills to Pay the Bills","Obtain 800 skill points in Fishing, First Aid, Cooking, and Archaeology.","169","Professions","47565",,"0","10"
"snapshot_non_legion_category","True","10581","Working the Isles","Obtain 800 skill points in two primary professions.","169","Professions","47574",,"0","10"
"snapshot_non_legion_category","True","10582","Professional Legion Master","Obtain 800 skill points in a profession.","169","Professions","47586",,"4096","10"
"snapshot_non_legion_category","True","10583","Legion Master of All","Raise all primary professions to 800 skill points.","169","Professions","47598",,"143360","50"
"snapshot_non_legion_category","True","10585","Fel-Smelter","Learn how to use the Obliterum Forge.","169","Professions","47618",,"0","10"
"snapshot_non_legion_category","True","10586","Mass Obliteration","Obliterate 50 crafted items in the Obliterum Forge.","169","Professions","47620",,"0","15"
"snapshot_non_legion_category","True","10587","Hot Swapper","Achieve 250000 points in a single jewelcrafting minigame.","169","Professions","47622",,"0","10"
"snapshot_non_legion_category","True","10588","The Shortest Distance","Reach level 20 in the Blingtron Circuit Tutorial minigame.","169","Professions","47624",,"0","10"
"snapshot_non_legion_category","True","10589","Legion Cook","Obtain 800 skill points in cooking.","170","Cooking","47626",,"0","10"
"snapshot_non_legion_category","True","10591","All Grown Up","Work with Nomi to open the test kitchen.","170","Cooking","47658",,"0","10"
"snapshot_non_legion_category","True","10592","Never A Day's Rest","Place 100 work orders with Nomi.","170","Cooking","47660",,"128","10"
"snapshot_non_legion_category","True","10593","Everything Tastes Better","Obtain a 6 hour ""Yummy Bacon"" buff.","170","Cooking","47684",,"0","5"
"snapshot_non_legion_category","True","10594","Legion Fisherman","Obtain 800 skill points in fishing.","171","Fishing","47686",,"0","10"
"snapshot_non_legion_category","True","10595","A Cast Above the Rest","Catch one of the rare Legion fish in the list below.","171","Fishing","47690",,"0","10"
"snapshot_non_legion_category","True","10596","Bigger Fish to Fry","Catch all of the rare Legion fish.","171","Fishing","47711",,"0","10"
"snapshot_non_legion_category","True","10597","Legion Aquaculture","Catch 100 normal fish in Legion.","171","Fishing","47730",,"128","10"
"snapshot_non_legion_category","True","10598","Fishing 'Round the Isles","Complete 20 of the fishing world quests.","171","Fishing","47738",,"0","10"
"snapshot_non_legion_category","True","10599","Legion Medic","Obtain 800 skill points in first aid.","172","First Aid","47774",,"0","10"
"snapshot_non_legion_category","True","10600","Legion Archaeologist","Obtain 800 skill points in archaeology.","15071","Archaeology","47780",,"0","10"
"snapshot_non_legion_category","True","10601","Surveying the Land","Obtain one of the rare archaeological finds below.","15071","Archaeology","47799",,"0","10"
"snapshot_non_legion_category","True","10602","This Side Up","Obtain eight of the rare archaeological finds below.","15071","Archaeology","47813",,"0","10"
"snapshot_non_legion_category","True","10603","A Keen Eye","Obtain all of the rare archaeological finds below.","15071","Archaeology","47827",,"0","10"
"snapshot_non_legion_category","True","10604","Legion Curator","Restore and display pristine versions of all Legion artifacts.","15071","Archaeology","47841",,"0","25"
"snapshot_non_legion_category","True","10605","Handle With Care","Restore one of each of the common Legion artifacts.","15071","Archaeology","47857",,"0","10"
"snapshot_non_legion_category","True","10606","The Dwarven Dream","Help Brann find all the pieces for his titan relic.","15071","Archaeology","47873",,"0","5"
"snapshot_non_legion_category","True","10607","Getting Your Hands Dirty","Complete 50 Legion Digsites.","15071","Archaeology","47875",,"0","10"
"snapshot_non_legion_category","True","10608","Sifting Through the Sand","Complete 100 Legion Digsites.","15071","Archaeology","47877",,"0","10"
"snapshot_non_legion_category","True","10609","No Stone Unturned","Complete 250 Legion Digsites.","15071","Archaeology","47879",,"0","10"
"legion_category_confirmed","True","10610","Waiting for Gerdo","Disable each of the watchposts after Patrol Captain Gerdo signals them and then defeat him in Court of Stars on Mythic difficulty.","15254","Legion Dungeon","48196",,"0","10"
"legion_category_confirmed","True","10611","Dropping Some Eaves","Witness the conversation between Advisor Melandrus and Grand Magistrix Elisande in Court of Stars on Mythic difficulty.","15254","Legion Dungeon","49604",,"0","10"
"legion_category_hidden","True","10614","Hidden Tracking - 325 Artifact XP Earned","","15256","Artifacts","48043",,"1048576","0"
"legion_category_confirmed","True","10617","Nightfallen But Not Forgotten","Establish relations with the Nightfallen by completing the storylines below.","15252","Legion","48103",,"0","10"
"legion_category_confirmed","True","10626","Zoom!","Help Zoom win the snail race in Stonedark Grotto.","15252","Legion","48216",,"133120","5"
"legion_category_confirmed","True","10627","Going Up","Ascend to the top of Nashal's Watch in Stormheim.","15257","Legion","48278",,"0","5"
"snapshot_non_legion_category","True","10657","Fledgling Hero of Warcraft","Raise your character's level to 20.","15268","Promotions","48441",,"133124","0"
"legion_category_confirmed","True","10663","Imagined Dragons World Tour","Defeat Ysondre in The Emerald Nightmare while all members of the raid have Dream Essences from all four gateway locations on Normal difficulty or higher.","15255","Legion Raid","48566",,"0","10"
"legion_category_confirmed","True","10665","Explore Azsuna","Explore Azsuna, revealing the covered areas of the world map.","15257","Legion","48630",,"0","10"
"legion_category_confirmed","True","10666","Explore Val'sharah","Explore Val'sharah, revealing the covered areas of the world map.","15257","Legion","48646",,"0","10"
"legion_category_confirmed","True","10667","Explore Highmountain","Explore Highmountain, revealing the covered areas of the world map.","15257","Legion","48662",,"0","10"
"legion_category_confirmed","True","10668","Explore Stormheim","Explore Stormheim, revealing the covered areas of the world map.","15257","Legion","48678",,"0","10"
"legion_category_confirmed","True","10669","Explore Suramar","Explore Suramar, revealing the covered areas of the world map.","15257","Legion","48694",,"0","10"
"snapshot_non_legion_category","True","10671","Level 110","Reach level 110.","92","General","48713",,"274436","10"
"legion_category_confirmed","True","10672","Broken Isles Diplomat","Earn Revered with all of the Broken Isles reputations listed below.","15258","Legion","48715",,"131072","10"
"legion_category_confirmed","True","10678","Cage Rematch","Defeat Skorpyron in The Nighthold on Normal difficulty or higher without any player leaving the center rings.","15255","Legion Raid","48806",,"0","10"
"legion_category_confirmed","True","10679","I Ain't Even Cold","Defeat Ash'Golm while all party members are Fired Up in the Vault of the Wardens on Mythic difficulty.","15254","Legion Dungeon","48847",,"0","10"
"legion_category_confirmed","True","10680","Who's Afraid of the Dark?","Defeat Cordana after successfully navigating Creeping Doom without holding Elune's Light while she is in the air, in Vault of the Wardens on Mythic difficulty.","15254","Legion Dungeon","48849",,"0","10"
"snapshot_non_legion_category","True","10681","Fashionista: Head","Collect 100 head slot appearances.","15259","Appearances","48856",,"131072","5"
"snapshot_non_legion_category","True","10682","Fashionista: Chest","Collect 100 chest slot appearances.","15259","Appearances","48858",,"131072","5"
"snapshot_non_legion_category","True","10683","Artifacts - Beast Master Hunter Hati Display Info","Artifacts - Beast Master Hunter Hati Display Info","130","Character","48864",,"1048577","0"
"snapshot_non_legion_category","True","10684","Fashionista: Legs","Collect 100 leg slot appearances.","15259","Appearances","48872",,"131072","5"
"snapshot_non_legion_category","True","10685","Fashionista: Feet","Collect 100 feet slot appearances.","15259","Appearances","48874",,"131072","5"
"snapshot_non_legion_category","True","10686","Fashionista: Waist","Collect 100 waist slot appearances.","15259","Appearances","48876",,"131072","5"
"snapshot_non_legion_category","True","10687","Fashionista: Back","Collect 200 back slot appearances.","15259","Appearances","48878",,"131072","5"
"snapshot_non_legion_category","True","10688","Fashionista: Wrist","Collect 100 wrist slot appearances.","15259","Appearances","48880",,"131072","5"
"snapshot_non_legion_category","True","10689","Fashionista: Weapon & Off-Hand","Collect 100 weapon or off-hand slot appearances.","15259","Appearances","48882",,"131200","5"
"snapshot_non_legion_category","True","10690","Fashionista: Tabard","Collect 15 tabard slot appearances.","15259","Appearances","48885",,"131072","5"
"snapshot_non_legion_category","True","10691","Fashionista: Shirt","Collect 15 shirt slot appearances.","15259","Appearances","48887",,"131072","5"
"snapshot_non_legion_category","True","10692","Fashionista: Shoulder","Collect 100 shoulder slot appearances.","15259","Appearances","48889",,"131072","5"
"snapshot_non_legion_category","True","10693","Fashionista: Hand","Collect 100 hand slot appearances.","15259","Appearances","48891",,"131072","5"
"snapshot_non_legion_category","True","10694","Fabulous","Unlock each of the achievements listed below.","15259","Appearances","48893",,"131072","10"
"legion_category_confirmed","True","10696","I've Got My Eyes On You","Defeat Gul'dan in The Nighthold on Normal difficulty or higher, after defeating 16 Eyes of Gul'dan within 3 seconds.","15255","Legion Raid","48931",,"0","10"
"legion_category_confirmed","True","10697","Grand Opening","Activate all the spotlights around the Nightwell and then defeat the Chronomatic Anomaly in The Nighthold, on Normal difficulty or higher.","15255","Legion Raid","48964",,"0","10"
"legion_category_confirmed","True","10698","That's Val'sharah Folks!","Complete the Val'sharah storylines listed below.","15252","Legion","48968",,"0","10"
"legion_category_confirmed","True","10699","Infinitesimal","Get betrayed by and then defeat an Infinite Whelpling during the Grand Magistrix Elisande encounter, then defeat Grand Magistrix Elisande in The Nighthold, on Normal difficulty or higher.","15255","Legion Raid","48989",,"0","10"
"legion_category_confirmed","True","10704","Not For You","Defeat Tichondrius in The Nighthold without taking any damage from Echoes of the Void on Normal difficulty or higher.","15255","Legion Raid","49029",,"0","10"
"legion_category_confirmed","True","10706","Training the Troops","Recruit 5 troops.","15276","Missions","49035",,"0","5"
"legion_category_confirmed","True","10707","A Specter, Illuminated","Illuminate and free the Specter of Vengeance in Vault of the Wardens on Mythic difficulty.","15254","Legion Dungeon","49067",,"0","10"
"legion_category_confirmed","True","10709","You Used to Scrawl Me In Your Fel Tome","Find all entries of Illysanna Ravencrest's diary in Black Rook Hold.","15254","Legion Dungeon","50230",,"0","10"
"legion_category_confirmed","True","10710","Black Rook Moan","Defeat Amalgam of Souls after killing a Frustrated Soul in Black Rook Hold on Mythic difficulty.","15254","Legion Dungeon","52306",,"0","10"
"legion_category_confirmed","True","10711","Adds? More Like Bads","Defeat Illysanna Ravencrest without killing any of her allies in Black Rook Hold on Mythic difficulty.","15254","Legion Dungeon","52304",,"0","10"
"snapshot_non_legion_category","True","10712","Artifact Power - Earned - Vignette","Artifact Power earned from Vignettes","130","Character","49116",,"1048576","0"
"snapshot_non_legion_category","True","10713","Artifact Power - Earned - Treasure","Artifact Power earned from Treasures","130","Character","49118",,"1048576","0"
"snapshot_non_legion_category","True","10714","Artifact Power - Earned - World Drop","Artifact Power earned from World Drops","130","Character","49121",,"1048576","0"
"snapshot_non_legion_category","True","10715","Artifact Power - Earned - Quest","Artifact Power earned from Quests","130","Character","49123",,"1048576","0"
"snapshot_non_legion_category","True","10716","Artifact Power - Earned - Dungeon","Artifact Power earned from Dungeons","130","Character","49125",,"1048576","0"
"snapshot_non_legion_category","True","10717","Artifact Power - Earned - Skirmish","Artifact Power earned from Skirmishes","130","Character","49127",,"1048576","0"
"snapshot_non_legion_category","True","10718","Artifact Power - Earned - Arena","Artifact Power earned from Arena","130","Character","49129",,"1048576","0"
"snapshot_non_legion_category","True","10719","Artifact Power - Earned - Unrated BG","Artifact Power earned from Unrated BG","130","Character","49131",,"1048576","0"
"snapshot_non_legion_category","True","10720","Artifact Power - Earned - Rated BG","Artifact Power earned from Rated BG","130","Character","49133",,"1048576","0"
"snapshot_non_legion_category","True","10721","Artifact Power - Earned - Honor System","Artifact Power earned from Honor System","130","Character","49135",,"1048576","0"
"snapshot_non_legion_category","True","10722","The Wish Remover","Fish up all of the below coins from the Broken Isles Dalaran fountain.","171","Fishing","49182",,"0","10"
"snapshot_non_legion_category","True","10741","WoW's 12th Anniversary","Logged in during WoW's 12th Anniversary.","15274","Events","49489",,"2048","0"
"legion_category_confirmed","True","10742","Gluten Free","Defeat Trilliax in The Nighthold while eating no more than 20 Toxic Slices on Normal Difficulty or higher.","15255","Legion Raid","49502",,"0","10"
"legion_category_confirmed","True","10743","The Prestige","Successfully reach Prestige level 1, rank 50 and be recognized for your valor by the leaders of the Alliance.","15256","Artifacts","49504",,"4096","10"
"legion_category_confirmed","True","10745","The Prestige","Successfully reach Prestige level 1, rank 50 and be recognized for your valor by the leaders of the Horde.","15256","Artifacts","49506",,"4096","10"
"legion_category_confirmed","True","10746","Forged for Battle","Complete your Order Campaign and unlock a new appearance for your artifact weapon.","15256","Artifacts","49542",,"4096","10"
"legion_category_confirmed","True","10747","Fighting with Style: Upgraded","Unlock all 4 color variations for your upgraded artifact appearance.","15256","Artifacts","51992",,"0","10"
"legion_category_confirmed","True","10748","Fighting with Style: Valorous","Unlock all 4 color variations for your valorous artifact appearance.","15256","Artifacts","51997",,"0","10"
"legion_category_confirmed","True","10749","Fighting with Style: War-torn","Unlock all 4 color variations for your war-torn artifact appearance.","15256","Artifacts","51922",,"0","10"
"legion_category_confirmed","True","10750","Fighting with Style: Hidden","Unlock all 4 color variations for your hidden artifact appearance.","15256","Artifacts","55245",,"0","10"
"snapshot_non_legion_category","True","10751","Brr... It's Cold in Here","Proud owner of the 2016 Vintage Winter Veil gift, the Endothermic Blaster.","15274","Events","49553",,"2048","0"
"legion_category_confirmed","True","10753","Scare Bear","Defeat Ursoc in The Emerald Nightmare while keeping Tur Ragepaw alive on Normal difficulty or higher.","15255","Legion Raid","51067",,"0","10"
"legion_category_confirmed","True","10754","Fruit of All Evil","Defeat High Botanist Tel'arn in The Nighthold while all members of the raid are afflicted with Arcane Exposure on Normal Difficulty or higher.","15255","Legion Raid","49725",,"0","10"
"legion_category_confirmed","True","10755","I Attack the Darkness","Defeat a Creature in the Dark during each of phase of the encounter with Xavius in The Emerald Nightmare on Normal difficulty or higher.","15255","Legion Raid","49729",,"0","10"
"legion_category_confirmed","True","10756","Leyline Bling","Activate all leyline feeds in Suramar.","15252","Legion","49749",,"0","10"
"snapshot_non_legion_category","True","10761","Resourceful","Upgrade all star recipes in one primary profession to 2 stars or higher.","169","Professions","49815",,"0","10"
"snapshot_non_legion_category","True","10762","The Legion Menu","Cook 15 of the Legion recipes listed below.","170","Cooking","50012",,"0","10"
"legion_category_confirmed","True","10763","Azsuna Matata","Complete the Azsuna storylines listed below.","15252","Legion","50075",,"0","10"
"snapshot_non_legion_category","True","10764","Brokenly Superior","Equip a superior item in every slot with a minimum item level of 790.","92","General","50085",,"0","10"
"snapshot_non_legion_category","True","10765","Brokenly Epic","Equip an epic item in every slot with a minimum item level of 840.","92","General","50101",,"0","10"
"legion_category_confirmed","True","10766","Egg-cellent!","Defeat Dresaron after slaying the Hatespawn Abomination in Darkheart Thicket on Mythic difficulty.","15254","Legion Dungeon","50117",,"0","10"
"legion_category_hidden","True","10768","Hidden Tracking - Apocalypse Ghouls Summoned","Number of Ghouls Summoned by Unholy DK Artifact","15256","Artifacts","50156",,"1048577","0"
"legion_category_confirmed","True","10769","Burning Down the House","Defeat the Shade of Xavius while he has 10 stacks of Apocalyptic Empowerment in Darkheart Thicket on Mythic difficulty.","15254","Legion Dungeon","50206",,"0","10"
"snapshot_non_legion_category","True","10770","The Tangerine Traveler","Find Pepe wearing his tiny, adorable goggles.","15246","Collections","50208",,"0","5"
"legion_category_confirmed","True","10771","Webbing Crashers","Defeat Elerethe Renferal in The Emerald Nightmare after destroying all her Pulsing Egg Sacs during the encounter on Normal difficulty or higher.","15255","Legion Raid","50213",,"0","10"
"legion_category_confirmed","True","10772","Use the Force(s)","Defeat Cenarius without cleansing each of the following Forces of Nightmare in The Emerald Nightmare on Normal difficulty or higher.","15255","Legion Raid","50215",,"0","10"
"legion_category_confirmed","True","10773","Arcanic Cling","Defeat Ivanyr without taking any damage from Charged Bolt in The Arcway on Mythic difficulty.","15254","Legion Dungeon","50253",,"0","10"
"legion_category_confirmed","True","10774","Hatchling of the Talon","Gather 10 Emerald Orbs in a single session of Aviana's challenge in Sylvan Falls.","15252","Legion","50237",,"0","5"
"legion_category_confirmed","True","10775","Clean House","Defeat Corstilax without any pools of Nightwell Energy expiring in the Arcway on Mythic difficulty.","15254","Legion Dungeon","50251",,"0","10"
"legion_category_confirmed","True","10776","No Time to Waste","Defeat Advisor Vandros without killing any Timeless Wraiths in the Arcway on Mythic difficulty.","15254","Legion Dungeon","50249",,"0","10"
"legion_category_confirmed","True","10778","The Nightfallen","Earn Exalted status with The Nightfallen.","15258","Legion","50247",,"0","10"
"legion_category_confirmed","True","10780","Eye of Azshara","Defeat the Wrath of Azshara in Eye of Azshara.","15254","Legion Dungeon","50261",,"0","10"
"legion_category_confirmed","True","10781","Heroic: Eye of Azshara","Defeat the Wrath of Azshara in Eye of Azshara on Heroic difficulty or higher.","15254","Legion Dungeon","50263",,"0","10"
"legion_category_confirmed","True","10782","Mythic: Eye of Azshara","Defeat the Wrath of Azshara in Eye of Azshara on Mythic difficulty.","15254","Legion Dungeon","50265",,"0","10"
"legion_category_confirmed","True","10783","Darkheart Thicket","Defeat the Shade of Xavius in Darkheart Thicket.","15254","Legion Dungeon","50267",,"0","10"
"legion_category_confirmed","True","10784","Heroic: Darkheart Thicket","Defeat the Shade of Xavius in Darkheart Thicket on Heroic difficulty or higher.","15254","Legion Dungeon","50269",,"0","10"
"legion_category_confirmed","True","10785","Mythic: Darkheart Thicket","Defeat the Shade of Xavius in Darkheart Thicket on Mythic difficulty.","15254","Legion Dungeon","50271",,"0","10"
"legion_category_confirmed","True","10786","Halls of Valor","Defeat Odyn in Halls of Valor.","15254","Legion Dungeon","50276",,"0","10"
"legion_category_confirmed","True","10788","Heroic: Halls of Valor","Defeat Odyn in Halls of Valor on Heroic difficulty or higher.","15254","Legion Dungeon","50278",,"0","10"
"legion_category_confirmed","True","10789","Mythic: Halls of Valor","Defeat Odyn in Halls of Valor on Mythic difficulty.","15254","Legion Dungeon","50280",,"0","10"
"legion_category_confirmed","True","10790","Vrykul Story, Bro","Complete the Stormheim storylines listed below.","15252","Legion","50290",,"0","10"
"legion_category_confirmed","True","10793","What a Ripoff!","Complete all of the Sixtrigger brothers' quests in Stormheim.","15252","Legion","50305",,"0","5"
"legion_category_confirmed","True","10795","Neltharion's Lair","Defeat Dargrul in Neltharion's Lair.","15254","Legion Dungeon","50307",,"0","10"
"legion_category_confirmed","True","10796","Heroic: Neltharion's Lair","Defeat Dargrul in Neltharion's Lair on Heroic difficulty or higher.","15254","Legion Dungeon","50309",,"0","10"
"legion_category_confirmed","True","10797","Mythic: Neltharion's Lair","Defeat Dargrul in Neltharion's Lair on Mythic difficulty.","15254","Legion Dungeon","50311",,"0","10"
"legion_category_confirmed","True","10798","Assault on Violet Hold","Defeat the leader of the Assault on Violet Hold.","15254","Legion Dungeon","50313",,"0","10"
"legion_category_confirmed","True","10799","Heroic: Assault on Violet Hold","Defeat the leader of the Assault on Violet Hold on Heroic difficulty or higher.","15254","Legion Dungeon","50316",,"0","10"
"legion_category_confirmed","True","10800","Mythic: Assault on Violet Hold","Defeat the leader of the Assault on Violet Hold on Mythic difficulty.","15254","Legion Dungeon","50319",,"0","10"
"legion_category_confirmed","True","10801","Vault of the Wardens","Defeat Cordana Felsong in Vault of the Wardens.","15254","Legion Dungeon","50322",,"0","10"
"legion_category_confirmed","True","10802","Heroic: Vault of the Wardens","Defeat Cordana Felsong in Vault of the Wardens on Heroic difficulty or higher.","15254","Legion Dungeon","50324",,"0","10"
"legion_category_confirmed","True","10803","Mythic: Vault of the Wardens","Defeat Cordana Felsong in Vault of the Wardens on Mythic difficulty.","15254","Legion Dungeon","50326",,"0","10"
"legion_category_confirmed","True","10804","Black Rook Hold","Defeat Lord Kur'talos Ravencrest in Black Rook Hold.","15254","Legion Dungeon","50328",,"0","10"
"legion_category_confirmed","True","10805","Heroic: Black Rook Hold","Defeat Lord Kur'talos Ravencrest in Black Rook Hold on Heroic difficulty or higher.","15254","Legion Dungeon","50330",,"0","10"
"legion_category_confirmed","True","10806","Mythic: Black Rook Hold","Defeat Lord Kur'talos Ravencrest in Black Rook Hold on Mythic difficulty.","15254","Legion Dungeon","50332",,"0","10"
"legion_category_confirmed","True","10807","Maw of Souls","Defeat Helya in Maw of Souls.","15254","Legion Dungeon","50334",,"0","10"
"legion_category_confirmed","True","10808","Heroic: Maw of Souls","Defeat Helya in Maw of Souls on Heroic difficulty or higher.","15254","Legion Dungeon","50336",,"0","10"
"legion_category_confirmed","True","10809","Mythic: Maw of Souls","Defeat Helya in Maw of Souls on Mythic difficulty.","15254","Legion Dungeon","50338",,"0","10"
"legion_category_confirmed","True","10813","Mythic: The Arcway","Defeat Advisor Vandros in The Arcway on Mythic difficulty.","15254","Legion Dungeon","50346",,"0","10"
"legion_category_confirmed","True","10816","Mythic: Court of Stars","Defeat Advisor Melandrus in Court of Stars on Mythic difficulty.","15254","Legion Dungeon","50350",,"0","10"
"legion_category_confirmed","True","10817","A Change In Scenery","Engage and defeat Spellblade Aluriel in the following areas of The Nighthold on Normal difficulty or higher. She must reach her destination within 120 seconds of entering combat and remain there until defeated:","15255","Legion Raid","50356",,"0","10"
"legion_category_confirmed","True","10818","Darkbough","Defeat the following bosses within the clutches of The Emerald Nightmare.","15255","Legion Raid","50361",,"0","10"
"legion_category_confirmed","True","10819","Tormented Guardians","Defeat the following corrupted protectors in The Emerald Nightmare.","15255","Legion Raid","50365",,"0","10"
"legion_category_confirmed","True","10820","Rift of Aln","Defeat Xavius in The Emerald Nightmare.","15255","Legion Raid","50369",,"0","10"
"legion_category_confirmed","True","10821","Mythic: Nythendra","Defeat Nythendra in the Emerald Nightmare on Mythic difficulty.","15255","Legion Raid","50371",,"4096","10"
"legion_category_confirmed","True","10822","Mythic: Elerethe Renferal","Defeat Elerethe Renferal in the Emerald Nightmare on Mythic difficulty.","15255","Legion Raid","50373",,"4096","10"
"legion_category_confirmed","True","10823","Mythic: Il'gynoth","Defeat Il'gynoth, the Heart of Corruption, in the Emerald Nightmare on Mythic difficulty.","15255","Legion Raid","50375",,"4096","10"
"legion_category_confirmed","True","10824","Mythic: Ursoc","Defeat Ursoc in the Emerald Nightmare on Mythic difficulty.","15255","Legion Raid","50377",,"4096","10"
"legion_category_confirmed","True","10825","Mythic: Dragons of Nightmare","Defeat the Dragons of Nightmare in the Emerald Nightmare on Mythic difficulty.","15255","Legion Raid","50379",,"4096","10"
"legion_category_confirmed","True","10826","Mythic: Cenarius","Defeat Cenarius in the Emerald Nightmare on Mythic difficulty.","15255","Legion Raid","50381",,"4096","10"
"legion_category_confirmed","True","10827","Mythic: Xavius","Defeat Xavius in the Emerald Nightmare on Mythic difficulty.","15255","Legion Raid","50383",,"4096","10"
"legion_category_confirmed","True","10829","Arcing Aqueducts","Defeat the following bosses within the base of The Nighthold.","15255","Legion Raid","50387",,"0","10"
"legion_category_confirmed","True","10830","Took the Red Eye Down","Defeat Il'gynoth in The Emerald Nightmare after inflicting 20 Nightmare Explosions on the Eye of Il'gynoth within 10 seconds on Normal difficulty or higher.","15255","Legion Raid","50391",,"0","10"
"legion_category_confirmed","True","10837","Royal Athenaeum","Defeat the following bosses within The Nighthold.","15255","Legion Raid","50393",,"0","10"
"legion_category_confirmed","True","10838","Nightspire","Defeat the following bosses within The Nighthold.","15255","Legion Raid","50397",,"0","10"
"legion_category_confirmed","True","10839","Betrayer's Rise","Defeat Gul'dan atop The Nighthold.","15255","Legion Raid","50401",,"0","10"
"legion_category_confirmed","True","10840","Mythic: Skorpyron","Defeat Skorpyron in The Nighthold on Mythic difficulty.","15255","Legion Raid","50403",,"4096","10"
"legion_category_confirmed","True","10842","Mythic: Chronomatic Anomaly","Defeat Chronomatic Anomaly in The Nighthold on Mythic difficulty.","15255","Legion Raid","50405",,"4096","10"
"legion_category_confirmed","True","10843","Mythic: Trilliax","Defeat Trilliax in The Nighthold on Mythic difficulty.","15255","Legion Raid","50408",,"4096","10"
"legion_category_confirmed","True","10844","Mythic: Spellblade Aluriel","Defeat Spellblade Aluriel in The Nighthold on Mythic difficulty.","15255","Legion Raid","50410",,"4096","10"
"legion_category_confirmed","True","10845","Mythic: Star Augur Etraeus","Defeat Star Augur Etraeus in The Nighthold on Mythic difficulty.","15255","Legion Raid","50412",,"4096","10"
"legion_category_confirmed","True","10846","Mythic: High Botanist Tel'arn","Defeat High Botanist Tel'arn in The Nighthold on Mythic difficulty.","15255","Legion Raid","50414",,"4096","10"
"legion_category_confirmed","True","10847","Mythic: Tichondrius","Defeat Tichondrius in The Nighthold on Mythic difficulty.","15255","Legion Raid","50416",,"4096","10"
"legion_category_confirmed","True","10848","Mythic: Krosus","Defeat Krosus in The Nighthold on Mythic difficulty.","15255","Legion Raid","50418",,"4096","10"
"legion_category_confirmed","True","10849","Mythic: Grand Magistrix Elisande","Defeat Grand Magistrix Elisande in The Nighthold on Mythic difficulty.","15255","Legion Raid","50420",,"4096","10"
"legion_category_confirmed","True","10850","Mythic: Gul'dan","Defeat Gul'dan in The Nighthold on Mythic difficulty.","15255","Legion Raid","50422",,"4096","10"
"legion_category_confirmed","True","10851","Elementalry!","Defeat Star Augur Etraeus in The Nighthold after having defeated a Well-Traveled Nether Elemental on Normal difficulty or higher.","15255","Legion Raid","50424",,"0","10"
"legion_category_confirmed","True","10852","Artifact or Artifiction","Reach Artifact Knowledge level 10 through the researchers in your Class Hall.","15256","Artifacts","50428",,"0","10"
"legion_category_confirmed","True","10853","Part of History","Learn everything there is to know about an artifact weapon through the researchers in your Class Hall.","15256","Artifacts","50430",,"0","10"
"snapshot_non_legion_category","True","10854","Realm First! Xavius","First guild on the realm to defeat Xavius in The Emerald Nightmare on Mythic difficulty while in a guild group.","15093","Guild Feats of Strength","50432",,"63744","0"
"snapshot_non_legion_category","True","10855","Realm First! Gul'dan","First guild on the realm to defeat Gul'dan in The Nighthold on Mythic difficulty while in a guild group.","15093","Guild Feats of Strength","50434",,"63744","0"
"snapshot_non_legion_category","True","10856","Mythic: Eye of Azshara Guild Run","Defeat the Wrath of Azshara in Eye of Azshara on Mythic difficulty while in a guild group.","15262","Legion Dungeon","50436",,"49152","10"
"snapshot_non_legion_category","True","10857","Mythic: Darkheart Thicket Guild Run","Defeat the Shade of Xavius in Darkheart Thicket on Mythic difficulty while in a guild group.","15262","Legion Dungeon","50438",,"49152","10"
"snapshot_non_legion_category","True","10858","Mythic: Halls of Valor Guild Run","Defeat Odyn in Halls of Valor on Mythic difficulty while in a guild group.","15262","Legion Dungeon","50440",,"49152","10"
"snapshot_non_legion_category","True","10859","Mythic: Neltharion's Lair Guild Run","Defeat Dargrul in Neltharion's Lair on Mythic difficulty while in a guild group.","15262","Legion Dungeon","50442",,"49152","10"
"snapshot_non_legion_category","True","10860","Mythic: Assault on Violet Hold Guild Run","Defeat the leader of the Assault on Violet Hold on Mythic difficulty while in a guild group.","15262","Legion Dungeon","50444",,"49152","10"
"snapshot_non_legion_category","True","10861","Mythic: Vault of the Wardens Guild Run","Defeat Cordana Felsong in Vault of the Wardens on Mythic difficulty while in a guild group.","15262","Legion Dungeon","50447",,"49152","10"
"snapshot_non_legion_category","True","10862","Mythic: Black Rook Hold Guild Run","Defeat Lord Kur'talos Ravencrest in Black Rook Hold on Mythic difficulty while in a guild group.","15262","Legion Dungeon","50449",,"49152","10"
"snapshot_non_legion_category","True","10863","Mythic: Maw of Souls Guild Run","Defeat Helya in Maw of Souls on Mythic difficulty while in a guild group.","15262","Legion Dungeon","50451",,"49152","10"
"snapshot_non_legion_category","True","10864","Mythic: The Arcway Guild Run","Defeat Advisor Vandros in The Arcway on Mythic difficulty while in a guild group.","15262","Legion Dungeon","50453",,"49152","10"
"snapshot_non_legion_category","True","10865","Mythic: Court of Stars Guild Run","Defeat Advisor Melandrus in Court of Stars on Mythic difficulty while in a guild group.","15262","Legion Dungeon","50455",,"49152","10"
"snapshot_non_legion_category","True","10866","The Emerald Nightmare Guild Run","Defeat the bosses of The Emerald Nightmare on Normal difficulty or higher, while in a guild group.","15263","Legion Raid","50457",,"61440","10"
"snapshot_non_legion_category","True","10868","The Nighthold Guild Run","Defeat the bosses of The Nighthold on Normal difficulty or higher, while in a guild group.","15263","Legion Raid","50465",,"61440","10"
"legion_category_confirmed","True","10875","Can't Eat Just One","Defeat Naraxas after she gains 6 stacks of Ravenous in Neltharion's Lair on Mythic difficulty.","15254","Legion Dungeon","50542",,"0","10"
"snapshot_non_legion_category","True","10876","Battle on the Broken Isles","Complete 30 Pet Battle World Quests","15119","Battle","50544",,"135168","10"
"legion_category_confirmed","True","10877","Pillars of Creation","Scour the Broken Isles and recover all five Pillars of Creation.","15252","Legion","50645",,"0","25"
"snapshot_non_legion_category","True","10878","Wrath of Azshara kills (Normal Eye of Azshara)","","15264","Legion","50693",,"1","0"
"snapshot_non_legion_category","True","10879","Wrath of Azshara kills (Heroic Eye of Azshara)","","15264","Legion","50695",,"1","0"
"snapshot_non_legion_category","True","10880","Wrath of Azshara kills (Mythic Eye of Azshara)","","15264","Legion","50697",,"1","0"
"snapshot_non_legion_category","True","10881","Shade of Xavius kills (Normal Darkheart Thicket)","","15264","Legion","50699",,"1","0"
"snapshot_non_legion_category","True","10882","Shade of Xavius kills (Heroic Darkheart Thicket)","","15264","Legion","50701",,"1","0"
"snapshot_non_legion_category","True","10883","Shade of Xavius kills (Mythic Darkheart Thicket)","","15264","Legion","50703",,"1","0"
"snapshot_non_legion_category","True","10884","Dargrul kills (Normal Neltharion's Lair)","","15264","Legion","50705",,"1","0"
"snapshot_non_legion_category","True","10885","Dargrul kills (Heroic Neltharion's Lair)","","15264","Legion","50707",,"1","0"
"snapshot_non_legion_category","True","10886","Dargrul kills (Mythic Neltharion's Lair)","","15264","Legion","50709",,"1","0"
"snapshot_non_legion_category","True","10887","Odyn defeats (Normal Halls of Valor)","","15264","Legion","50711",,"1","0"
"snapshot_non_legion_category","True","10888","Odyn defeats (Heroic Halls of Valor)","","15264","Legion","50713",,"1","0"
"snapshot_non_legion_category","True","10889","Odyn defeats (Mythic Halls of Valor)","","15264","Legion","50715",,"1","0"
"snapshot_non_legion_category","True","10890","Fel Lord Betrug kills (Normal Assault on Violet Hold)","","15264","Legion","50717",,"1","0"
"snapshot_non_legion_category","True","10891","Fel Lord Betrug kills (Heroic Assault on Violet Hold)","","15264","Legion","50720",,"1","0"
"snapshot_non_legion_category","True","10892","Fel Lord Betrug kills (Mythic Assault on Violet Hold)","","15264","Legion","50723",,"1","0"
"snapshot_non_legion_category","True","10893","Sael'orn kills (Normal Assault on Violet Hold)","","15264","Legion","50725",,"1","0"
"snapshot_non_legion_category","True","10894","Sael'orn kills (Heroic Assault on Violet Hold)","","15264","Legion","50727",,"1","0"
"snapshot_non_legion_category","True","10895","Sael'orn kills (Mythic Assault on Violet Hold)","","15264","Legion","50729",,"1","0"
"snapshot_non_legion_category","True","10896","Cordana Felsong kills (Normal Vault of the Wardens)","","15264","Legion","50731",,"1","0"
"snapshot_non_legion_category","True","10897","Cordana Felsong kills (Heroic Vault of the Wardens)","","15264","Legion","50733",,"1","0"
"snapshot_non_legion_category","True","10898","Cordana Felsong kills (Mythic Vault of the Wardens)","","15264","Legion","50735",,"1","0"
"snapshot_non_legion_category","True","10899","Kur'talos Ravencrest defeats (Normal Black Rook Hold)","","15264","Legion","50737",,"1","0"
"snapshot_non_legion_category","True","10900","Kur'talos Ravencrest defeats (Heroic Black Rook Hold)","","15264","Legion","50739",,"1","0"
"snapshot_non_legion_category","True","10901","Kur'talos Ravencrest defeats (Mythic Black Rook Hold)","","15264","Legion","50741",,"1","0"
"snapshot_non_legion_category","True","10902","Helya defeats (Normal Maw of Souls)","","15264","Legion","50743",,"1","0"
"snapshot_non_legion_category","True","10903","Helya defeats (Heroic Maw of Souls)","","15264","Legion","50745",,"1","0"
"snapshot_non_legion_category","True","10904","Helya defeats (Mythic Maw of Souls)","","15264","Legion","50747",,"1","0"
"snapshot_non_legion_category","True","10907","Advisor Vandros kills (Mythic Arcway)","","15264","Legion","50753",,"1","0"
"snapshot_non_legion_category","True","10910","Advisor Melandrus kills (Mythic Court of Stars)","","15264","Legion","50759",,"1","0"
"snapshot_non_legion_category","True","10911","Nythendra kills (Raid Finder Emerald Nightmare)","","15264","Legion","50761",,"1","0"
"snapshot_non_legion_category","True","10912","Nythendra kills (Normal Emerald Nightmare)","","15264","Legion","50763",,"1","0"
"snapshot_non_legion_category","True","10913","Nythendra kills (Heroic Emerald Nightmare)","","15264","Legion","50765",,"1","0"
"snapshot_non_legion_category","True","10914","Nythendra kills (Mythic Emerald Nightmare)","","15264","Legion","50767",,"1","0"
"snapshot_non_legion_category","True","10915","Ursoc kills (Raid Finder Emerald Nightmare)","","15264","Legion","50769",,"1","0"
"snapshot_non_legion_category","True","10916","Ursoc kills (Normal Emerald Nightmare)","","15264","Legion","50771",,"1","0"
"snapshot_non_legion_category","True","10917","Ursoc kills (Heroic Emerald Nightmare)","","15264","Legion","50773",,"1","0"
"snapshot_non_legion_category","True","10919","Ursoc kills (Mythic Emerald Nightmare)","","15264","Legion","50775",,"1","0"
"snapshot_non_legion_category","True","10920","Elerethe Renferal kills (Raid Finder Emerald Nightmare)","","15264","Legion","50777",,"1","0"
"snapshot_non_legion_category","True","10921","Elerethe Renferal kills (Normal Emerald Nightmare)","","15264","Legion","50779",,"1","0"
"snapshot_non_legion_category","True","10922","Elerethe Renferal kills (Heroic Emerald Nightmare)","","15264","Legion","50781",,"1","0"
"snapshot_non_legion_category","True","10923","Elerethe Renferal kills (Mythic Emerald Nightmare)","","15264","Legion","50783",,"1","0"
"snapshot_non_legion_category","True","10924","Il'gynoth kills (Raid Finder Emerald Nightmare)","","15264","Legion","50785",,"1","0"
"snapshot_non_legion_category","True","10925","Il'gynoth kills (Normal Emerald Nightmare)","","15264","Legion","50787",,"1","0"
"snapshot_non_legion_category","True","10926","Il'gynoth kills (Heroic Emerald Nightmare)","","15264","Legion","50789",,"1","0"
"snapshot_non_legion_category","True","10927","Il'gynoth kills (Mythic Emerald Nightmare)","","15264","Legion","50791",,"1","0"
"snapshot_non_legion_category","True","10928","Dragons of Nightmare kills (Raid Finder Emerald Nightmare)","","15264","Legion","50793",,"1","0"
"snapshot_non_legion_category","True","10929","Dragons of Nightmare kills (Normal Emerald Nightmare)","","15264","Legion","50795",,"1","0"
"snapshot_non_legion_category","True","10930","Dragons of Nightmare kills (Heroic Emerald Nightmare)","","15264","Legion","50797",,"1","0"
"snapshot_non_legion_category","True","10931","Dragons of Nightmare kills (Mythic Emerald Nightmare)","","15264","Legion","50799",,"1","0"
"snapshot_non_legion_category","True","10932","Cenarius redemptions (Raid Finder Emerald Nightmare)","","15264","Legion","50801",,"1","0"
"snapshot_non_legion_category","True","10933","Cenarius redemptions (Normal Emerald Nightmare)","","15264","Legion","50803",,"1","0"
"snapshot_non_legion_category","True","10934","Cenarius redemptions (Heroic Emerald Nightmare)","","15264","Legion","50805",,"1","0"
"snapshot_non_legion_category","True","10935","Cenarius redemptions (Mythic Emerald Nightmare)","","15264","Legion","50807",,"1","0"
"snapshot_non_legion_category","True","10936","Xavius kills (Raid Finder Emerald Nightmare)","","15264","Legion","50809",,"1","0"
"snapshot_non_legion_category","True","10937","Xavius kills (Normal Emerald Nightmare)","","15264","Legion","50811",,"1","0"
"snapshot_non_legion_category","True","10938","Xavius kills (Heroic Emerald Nightmare)","","15264","Legion","50813",,"1","0"
"snapshot_non_legion_category","True","10939","Xavius kills (Mythic Emerald Nightmare)","","15264","Legion","50815",,"1","0"
"snapshot_non_legion_category","True","10940","Skorpyron kills (Raid Finder Nighthold)","","15264","Legion","50817",,"1","0"
"snapshot_non_legion_category","True","10941","Skorpyron kills (Normal Nighthold)","","15264","Legion","50819",,"1","0"
"snapshot_non_legion_category","True","10942","Skorpyron kills (Heroic Nighthold)","","15264","Legion","50821",,"1","0"
"snapshot_non_legion_category","True","10943","Skorpyron kills (Mythic Nighthold)","","15264","Legion","50823",,"1","0"
"snapshot_non_legion_category","True","10944","Chronomatic Anomaly kills (Raid Finder Nighthold)","","15264","Legion","50825",,"1","0"
"snapshot_non_legion_category","True","10945","Chronomatic Anomaly kills (Normal Nighthold)","","15264","Legion","50827",,"1","0"
"snapshot_non_legion_category","True","10946","Chronomatic Anomaly kills (Heroic Nighthold)","","15264","Legion","50829",,"1","0"
"snapshot_non_legion_category","True","10947","Chronomatic Anomaly kills (Mythic Nighthold)","","15264","Legion","50831",,"1","0"
"snapshot_non_legion_category","True","10948","Trilliax kills (Raid Finder Nighthold)","","15264","Legion","50833",,"1","0"
"snapshot_non_legion_category","True","10949","Trilliax kills (Normal Nighthold)","","15264","Legion","50835",,"1","0"
"snapshot_non_legion_category","True","10950","Trilliax kills (Heroic Nighthold)","","15264","Legion","50837",,"1","0"
"snapshot_non_legion_category","True","10951","Trilliax kills (Mythic Nighthold)","","15264","Legion","50839",,"1","0"
"snapshot_non_legion_category","True","10952","Spellblade Aluriel kills (Raid Finder Nighthold)","","15264","Legion","50841",,"1","0"
"snapshot_non_legion_category","True","10953","Spellblade Aluriel kills (Normal Nighthold)","","15264","Legion","50843",,"1","0"
"snapshot_non_legion_category","True","10954","Spellblade Aluriel kills (Heroic Nighthold)","","15264","Legion","50845",,"1","0"
"snapshot_non_legion_category","True","10955","Spellblade Aluriel kills (Mythic Nighthold)","","15264","Legion","50847",,"1","0"
"snapshot_non_legion_category","True","10956","Star Augur Etraeus kills (Raid Finder Nighthold)","","15264","Legion","50849",,"1","0"
"snapshot_non_legion_category","True","10957","Star Augur Etraeus kills (Normal Nighthold)","","15264","Legion","50851",,"1","0"
"snapshot_non_legion_category","True","10959","Star Augur Etraeus kills (Heroic Nighthold)","","15264","Legion","50853",,"1","0"
"snapshot_non_legion_category","True","10960","Star Augur Etraeus kills (Mythic Nighthold)","","15264","Legion","50855",,"1","0"
"snapshot_non_legion_category","True","10961","High Botanist Tel'arn kills (Raid Finder Nighthold)","","15264","Legion","50857",,"1","0"
"snapshot_non_legion_category","True","10962","High Botanist Tel'arn kills (Normal Nighthold)","","15264","Legion","50859",,"1","0"
"snapshot_non_legion_category","True","10963","High Botanist Tel'arn kills (Heroic Nighthold)","","15264","Legion","50861",,"1","0"
"snapshot_non_legion_category","True","10964","High Botanist Tel'arn kills (Mythic Nighthold)","","15264","Legion","50863",,"1","0"
"snapshot_non_legion_category","True","10965","Tichondrius kills (Raid Finder Nighthold)","","15264","Legion","50865",,"1","0"
"snapshot_non_legion_category","True","10966","Tichondrius kills (Normal Nighthold)","","15264","Legion","50867",,"1","0"
"snapshot_non_legion_category","True","10967","Tichondrius kills (Heroic Nighthold)","","15264","Legion","50869",,"1","0"
"snapshot_non_legion_category","True","10968","Tichondrius kills (Mythic Nighthold)","","15264","Legion","50871",,"1","0"
"snapshot_non_legion_category","True","10969","Krosus kills (Raid Finder Nighthold)","","15264","Legion","50873",,"1","0"
"snapshot_non_legion_category","True","10970","Krosus kills (Normal Nighthold)","","15264","Legion","50875",,"1","0"
"snapshot_non_legion_category","True","10971","Krosus kills (Heroic Nighthold)","","15264","Legion","50877",,"1","0"
"snapshot_non_legion_category","True","10972","Krosus kills (Mythic Nighthold)","","15264","Legion","50879",,"1","0"
"snapshot_non_legion_category","True","10973","Grand Magistrix Elisande kills (Raid Finder Nighthold)","","15264","Legion","50881",,"1","0"
"snapshot_non_legion_category","True","10974","Grand Magistrix Elisande kills (Normal Nighthold)","","15264","Legion","50883",,"1","0"
"snapshot_non_legion_category","True","10975","Grand Magistrix Elisande kills (Heroic Nighthold)","","15264","Legion","50885",,"1","0"
"snapshot_non_legion_category","True","10976","Grand Magistrix Elisande kills (Mythic Nighthold)","","15264","Legion","50887",,"1","0"
"snapshot_non_legion_category","True","10977","Gul'dan kills (Raid Finder Nighthold)","","15264","Legion","50889",,"1","0"
"snapshot_non_legion_category","True","10978","Gul'dan kills (Normal Nighthold)","","15264","Legion","50891",,"1","0"
"snapshot_non_legion_category","True","10979","Gul'dan kills (Heroic Nighthold)","","15264","Legion","50893",,"1","0"
"snapshot_non_legion_category","True","10980","Gul'dan kills (Mythic Nighthold)","","15264","Legion","50895",,"1","0"
"snapshot_non_legion_category","True","10981","Legion dungeons completed (final boss defeated)","Legion dungeons completed (final boss defeated)","14807","Dungeons & Raids","50897",,"1","0"
"snapshot_non_legion_category","True","10982","Legion dungeon bosses defeated","Legion dungeon bosses defeated","14807","Dungeons & Raids","50909",,"1","0"
"snapshot_non_legion_category","True","10983","Legion dungeon boss defeated the most","Legion dungeon boss defeated the most","14807","Dungeons & Raids","50956",,"1","0"
"snapshot_non_legion_category","True","10984","Legion raids completed (final boss defeated)","Legion dungeon boss defeated the most","14807","Dungeons & Raids","51003",,"1","0"
"snapshot_non_legion_category","True","10985","Legion raid bosses defeated","Legion raid bosses defeated","14807","Dungeons & Raids","51006",,"1","0"
"snapshot_non_legion_category","True","10986","Legion raid boss defeated the most","Legion raid boss defeated the most","14807","Dungeons & Raids","51024",,"1","0"
"removed_after_legion","False","10988","Top Honors","Reach Honor Level 50.","15266","Honor","51139",,"0","10"
"removed_after_legion","False","10990","Top Honors","Reach Honor Level 50.","15266","Honor","51155",,"0","10"
"snapshot_non_legion_category","True","10991","First Step into a Larger World","Reach Prestige Level 1.","15266","Honor","51157",,"12288","10"
"snapshot_non_legion_category","True","10992","Here We Go Again","Reach Prestige Level 2.","15266","Honor","51159",,"12288","10"
"snapshot_non_legion_category","True","10993","Third Time's The Charm","Reach Prestige Level 3.","15266","Honor","51161",,"12288","10"
"legion_category_confirmed","True","10994","A Glorious Campaign","Complete your class Order Campaign.","15275","Class Hall","51056",,"0","10"
"snapshot_non_legion_category","True","10995","For Prestige","Reach Prestige Level 4.","15266","Honor","51193",,"12288","10"
"legion_category_confirmed","True","10996","Got to Ketchum All","Use the Ketchum Tablet to acquire imprints of all the named snails within Neltharion's Lair.","15254","Legion Dungeon","51195",,"0","10"
"snapshot_non_legion_category","True","10997","Vindictive Combatant","Win 100 Arena (3v3) or 40 Rated Battlegrounds in Legion Season 1.","15270","Player vs. Player","51197",,"2048","0"
"snapshot_non_legion_category","True","10998","Vindictive Combatant","Win 100 Arena (3v3) or 40 Rated Battlegrounds in Legion Season 1.","15270","Player vs. Player","51200",,"2048","0"
"snapshot_non_legion_category","True","10999","Vindictive Gladiator's Storm Dragon","Obtain the Vindictive Gladiator's Storm Dragon from Legion Arena Season 1.","15269","Mounts","51208",,"14336","0"
"snapshot_non_legion_category","True","11000","Fearless Gladiator's Storm Dragon","Obtain the Fearless Gladiator's Storm Dragon from Legion Arena Season 2.","15269","Mounts","51211",,"14336","0"
"snapshot_non_legion_category","True","11001","Cruel Gladiator's Storm Dragon","Obtain the Cruel Gladiator's Storm Dragon from Legion Arena Season 3.","15269","Mounts","51214",,"14336","0"
"snapshot_non_legion_category","True","11002","Ferocious Gladiator's Storm Dragon","Obtain the Ferocious Gladiator's Storm Dragon from Legion Arena Season 4.","15269","Mounts","51217",,"14336","0"
"snapshot_non_legion_category","True","11003","Fearless Combatant","Win 100 Arena (3v3) or 40 Rated Battlegrounds in Legion Season 2.","15270","Player vs. Player","58865",,"14336","0"
"snapshot_non_legion_category","True","11004","Fearless Combatant","Win 100 Arena (3v3) or 40 Rated Battlegrounds in Legion Season 2.","15270","Player vs. Player","51223",,"14336","0"
"snapshot_non_legion_category","True","11005","Cruel Combatant","Win 100 Arena (3v3) or 40 Rated Battlegrounds in Legion Season 3.","15270","Player vs. Player","51226",,"6144","0"
"snapshot_non_legion_category","True","11008","Cruel Combatant","Win 100 Arena (3v3) or 40 Rated Battlegrounds in Legion Season 3.","15270","Player vs. Player","51229",,"6144","0"
"snapshot_non_legion_category","True","11009","Ferocious Combatant","Win 100 Arena (3v3) or 40 Rated Battlegrounds in Legion Season 4.","15270","Player vs. Player","51232",,"6144","0"
"snapshot_non_legion_category","True","11010","Ferocious Combatant","Win 100 Arena (3v3) or 40 Rated Battlegrounds in Legion Season 4.","15270","Player vs. Player","51235",,"6144","0"
"snapshot_non_legion_category","True","11011","Gladiator: Legion Season 1","End Legion PvP season 1 in the top 0.5% of the arena ladder (requires 50 games won in Legion Season 1).","15270","Player vs. Player","0",,"14336","0"
"snapshot_non_legion_category","True","11012","Vindictive Gladiator: Legion Season 1","End Legion PvP season 1 in the top 0.1% of the arena ladder (requires 50 games won in Legion Season 1).","15270","Player vs. Player","0",,"14336","0"
"snapshot_non_legion_category","True","11013","Gladiator: Legion Season 2","End Legion PvP season 2 in the top 0.5% of the arena ladder (requires 50 games won in Legion Season 2).","15270","Player vs. Player","0",,"14336","0"
"snapshot_non_legion_category","True","11014","Fearless Gladiator: Legion Season 2","End Legion PvP season 2 in the top 0.1% of the arena ladder (requires 50 games won in Legion Season 2).","15270","Player vs. Player","0",,"14336","0"
"snapshot_non_legion_category","True","11015","Duelist: Legion Season 1","End Legion PvP season 1 in the top 3% of the arena ladder (requires 50 games won in Legion Season 1).","15270","Player vs. Player","0",,"14336","0"
"snapshot_non_legion_category","True","11016","Rival: Legion Season 1","End Legion PvP season 1 in the top 10% of the arena ladder (requires 50 games won in Legion Season 1).","15270","Player vs. Player","0",,"14336","0"
"snapshot_non_legion_category","True","11017","Challenger: Legion Season 1","End Legion PvP season 1 in the top 35% of the arena ladder (requires 50 games won in Legion Season 1).","15270","Player vs. Player","0",,"2048","0"
"snapshot_non_legion_category","True","11018","Hero of the Alliance: Vindictive","End Legion PvP season 1 in the top 0.5% of the rated battleground ladder (requires 50 games won in Legion Season 1).","15270","Player vs. Player","0",,"14336","0"
"snapshot_non_legion_category","True","11019","Hero of the Horde: Vindictive","End Legion PvP season 1 in the top 0.5% of the rated battleground ladder (requires 50 games won in Legion Season 1).","15270","Player vs. Player","0",,"14336","0"
"snapshot_non_legion_category","True","11020","Guardian of the Alliance: Legion Season 1","End Legion PvP season 1 in the top 3% of the rated battleground ladder (requires 50 games won in Legion Season 1).","15270","Player vs. Player","0",,"14336","0"
"snapshot_non_legion_category","True","11021","Guardian of the Horde: Legion Season 1","End Legion PvP season 1 in the top 3% of the rated battleground ladder (requires 50 games won in Legion Season 1).","15270","Player vs. Player","0",,"14336","0"
"snapshot_non_legion_category","True","11022","Defender of the Alliance: Legion Season 1","End Legion PvP season 1 in the top 10% of the rated battleground ladder (requires 50 games won in Legion Season 1).","15270","Player vs. Player","0",,"14336","0"
"snapshot_non_legion_category","True","11023","Defender of the Horde: Legion Season 1","End Legion PvP season 1 in the top 10% of the rated battleground ladder (requires 50 games won in Legion Season 1).","15270","Player vs. Player","0",,"14336","0"
"snapshot_non_legion_category","True","11024","Soldier of the Alliance: Legion Season 1","End Legion PvP season 1 in the top 35% of the rated battleground ladder (requires 50 games won in Legion Season 1).","15270","Player vs. Player","0",,"14336","0"
"snapshot_non_legion_category","True","11025","Soldier of the Horde: Legion Season 1","End Legion PvP season 1 in the top 35% of the rated battleground ladder (requires 50 games won in Legion Season 1).","15270","Player vs. Player","0",,"14336","0"
"snapshot_non_legion_category","True","11026","Duelist: Legion Season 2","End Legion PvP season 2 in the top 3% of the arena ladder (requires 50 games won in Legion Season 2).","15270","Player vs. Player","0",,"14336","0"
"snapshot_non_legion_category","True","11027","Rival: Legion Season 2","End Legion PvP season 2 in the top 10% of the arena ladder (requires 50 games won in Legion Season 2).","15270","Player vs. Player","0",,"14336","0"
"snapshot_non_legion_category","True","11028","Challenger: Legion Season 2","End Legion PvP season 2 in the top 35% of the arena ladder (requires 50 games won in Legion Season 2).","15270","Player vs. Player","0",,"2048","0"
"snapshot_non_legion_category","True","11029","Hero of the Horde: Fearless","End Legion PvP season 2 in the top 0.5% of the rated battleground ladder (requires 50 games won in Legion Season 2).","15270","Player vs. Player","0",,"14336","0"
"snapshot_non_legion_category","True","11030","Hero of the Alliance: Fearless","End Legion PvP season 2 in the top 0.5% of the rated battleground ladder (requires 50 games won in Legion Season 2).","15270","Player vs. Player","0",,"14336","0"
"snapshot_non_legion_category","True","11031","Guardian of the Horde: Legion Season 2","End Legion PvP season 2 in the top 3% of the rated battleground ladder (requires 50 games won in Legion Season 2).","15270","Player vs. Player","0",,"14336","0"
"snapshot_non_legion_category","True","11032","Guardian of the Alliance: Legion Season 2","End Legion PvP season 2 in the top 3% of the rated battleground ladder (requires 50 games won in Legion Season 2).","15270","Player vs. Player","0",,"14336","0"
"snapshot_non_legion_category","True","11033","Defender of the Horde: Legion Season 2","End Legion PvP season 2 in the top 10% of the rated battleground ladder (requires 50 games won in Legion Season 2).","15270","Player vs. Player","0",,"14336","0"
"snapshot_non_legion_category","True","11034","Defender of the Alliance: Legion Season 2","End Legion PvP season 2 in the top 10% of the rated battleground ladder (requires 50 games won in Legion Season 2).","15270","Player vs. Player","0",,"14336","0"
"snapshot_non_legion_category","True","11035","Soldier of the Horde: Legion Season 2","End Legion PvP season 2 in the top 35% of the rated battleground ladder (requires 50 games won in Legion Season 2).","15270","Player vs. Player","0",,"14336","0"
"snapshot_non_legion_category","True","11036","Soldier of the Alliance: Legion Season 2","End Legion PvP season 2 in the top 35% of the rated battleground ladder (requires 50 games won in Legion Season 2).","15270","Player vs. Player","0",,"14336","0"
"snapshot_non_legion_category","True","11037","Cruel Gladiator: Legion Season 3","End Legion PvP season 3 in the top 0.1% of the arena ladder (requires 150 games won on your current faction in Legion Season 3).","15270","Player vs. Player","0",,"14336","0"
"snapshot_non_legion_category","True","11038","Gladiator: Legion Season 3","End Legion PvP season 3 in the top 0.5% of the arena ladder (requires 150 games won your current faction in Legion Season 3).","15270","Player vs. Player","0",,"14336","0"
"snapshot_non_legion_category","True","11039","Challenger: Legion Season 3","End Legion PvP season 3 in the top 35% of the arena ladder (requires 50 games won your current faction in Legion Season 3).","15270","Player vs. Player","0",,"2048","0"
"snapshot_non_legion_category","True","11040","Rival: Legion Season 3","End Legion PvP season 3 in the top 10% of the arena ladder (requires 50 games won your current faction in Legion Season 3).","15270","Player vs. Player","0",,"14336","0"
"snapshot_non_legion_category","True","11041","Duelist: Legion Season 3","End Legion PvP season 3 in the top 3% of the arena ladder (requires 50 games won your current faction in Legion Season 3).","15270","Player vs. Player","0",,"14336","0"
"snapshot_non_legion_category","True","11042","Hero of the Horde: Cruel","End Legion PvP season 3 in the top 0.5% of the rated battleground ladder (requires 50 games won your current faction in Legion Season 3).","15270","Player vs. Player","0",,"14336","0"
"snapshot_non_legion_category","True","11043","Hero of the Alliance: Cruel","End Legion PvP season 3 in the top 0.5% of the rated battleground ladder (requires 50 games won your current faction in Legion Season 3).","15270","Player vs. Player","0",,"14336","0"
"snapshot_non_legion_category","True","11044","Defender of the Horde: Legion Season 3","End Legion PvP season 3 in the top 10% of the rated battleground ladder (requires 50 games won your current faction in Legion Season 3).","15270","Player vs. Player","0",,"14336","0"
"snapshot_non_legion_category","True","11045","Defender of the Alliance: Legion Season 3","End Legion PvP season 3 in the top 10% of the rated battleground ladder (requires 50 games won your current faction in Legion Season 3).","15270","Player vs. Player","0",,"14336","0"
"snapshot_non_legion_category","True","11046","Guardian of the Horde: Legion Season 3","End Legion PvP season 3 in the top 3% of the rated battleground ladder (requires 50 games won your current faction in Legion Season 3).","15270","Player vs. Player","0",,"14336","0"
"snapshot_non_legion_category","True","11047","Guardian of the Alliance: Legion Season 3","End Legion PvP season 3 in the top 3% of the rated battleground ladder (requires 50 games won your current faction in Legion Season 3).","15270","Player vs. Player","0",,"14336","0"
"snapshot_non_legion_category","True","11048","Soldier of the Horde: Legion Season 3","End Legion PvP season 3 in the top 35% of the rated battleground ladder (requires 50 games won your current faction in Legion Season 3).","15270","Player vs. Player","0",,"14336","0"
"snapshot_non_legion_category","True","11049","Soldier of the Alliance: Legion Season 3","End Legion PvP season 3 in the top 35% of the rated battleground ladder (requires 50 games won your current faction in Legion Season 3).","15270","Player vs. Player","0",,"14336","0"
"snapshot_non_legion_category","True","11050","Soldier of the Alliance: Legion Season 4","End Legion PvP season 4 in the top 35% of the rated battleground ladder (requires 50 games won your current faction in Legion Season 4).","15270","Player vs. Player","0",,"14336","0"
"snapshot_non_legion_category","True","11051","Soldier of the Horde: Legion Season 4","End Legion PvP season 4 in the top 35% of the rated battleground ladder (requires 50 games won your current faction in Legion Season 4).","15270","Player vs. Player","0",,"14336","0"
"snapshot_non_legion_category","True","11052","Guardian of the Alliance: Legion Season 4","End Legion PvP season 4 in the top 3% of the rated battleground ladder (requires 50 games won your current faction in Legion Season 4).","15270","Player vs. Player","0",,"14336","0"
"snapshot_non_legion_category","True","11053","Guardian of the Horde: Legion Season 4","End Legion PvP season 4 in the top 3% of the rated battleground ladder (requires 50 games won your current faction in Legion Season 4).","15270","Player vs. Player","0",,"14336","0"
"snapshot_non_legion_category","True","11054","Defender of the Alliance: Legion Season 4","End Legion PvP season 4 in the top 10% of the rated battleground ladder (requires 50 games won your current faction in Legion Season 4).","15270","Player vs. Player","0",,"14336","0"
"snapshot_non_legion_category","True","11055","Defender of the Horde: Legion Season 4","End Legion PvP season 4 in the top 10% of the rated battleground ladder (requires 50 games won your current faction in Legion Season 4).","15270","Player vs. Player","0",,"14336","0"
"snapshot_non_legion_category","True","11056","Hero of the Alliance: Ferocious","End Legion PvP season 4 in the top 0.5% of the rated battleground ladder (requires 50 games won your current faction in Legion Season 4).","15270","Player vs. Player","0",,"14336","0"
"snapshot_non_legion_category","True","11057","Hero of the Horde: Ferocious","End Legion PvP season 4 in the top 0.5% of the rated battleground ladder (requires 50 games won your current faction in Legion Season 4).","15270","Player vs. Player","0",,"14336","0"
"snapshot_non_legion_category","True","11058","Duelist: Legion Season 4","End Legion PvP season 4 in the top 3% of the arena ladder (requires 50 games won your current faction in Legion Season 4).","15270","Player vs. Player","0",,"14336","0"
"snapshot_non_legion_category","True","11059","Rival: Legion Season 4","End Legion PvP season 4 in the top 10% of the arena ladder (requires 50 games won your current faction in Legion Season 4).","15270","Player vs. Player","0",,"14336","0"
"snapshot_non_legion_category","True","11060","Challenger: Legion Season 4","End Legion PvP season 4 in the top 35% of the arena ladder (requires 50 games won your current faction in Legion Season 4).","15270","Player vs. Player","0",,"2048","0"
"snapshot_non_legion_category","True","11061","Gladiator: Legion Season 4","End Legion PvP season 4 in the top 0.5% of the arena ladder (requires 150 games won your current faction in Legion Season 4).","15270","Player vs. Player","0",,"14336","0"
"snapshot_non_legion_category","True","11062","Ferocious Gladiator: Legion Season 4","End Legion PvP season 4 in the top 0.1% of the arena ladder (requires 150 games won your current faction in Legion Season 4).","15270","Player vs. Player","0",,"14336","0"
"legion_category_hidden","True","11063","Hidden Tracking - 1+ Acquision Line Completed","Has completed 1 acquisition line of any spec, for purposes of adventure journal.","15256","Artifacts","51284",,"1048576","0"
"snapshot_non_legion_category","True","11064","Collector's Edition: Baby Winston","Owner of the Overwatch Origins Edition and Collector's Edition pet, Baby Winston.","15268","Promotions","51282",,"133120","0"
"snapshot_non_legion_category","True","11065","It All Makes Sense Now","Collect all 12 pamphlets from doomsayers during the Legion pre-launch events.","15274","Events","51324",,"2048","0"
"legion_category_confirmed","True","11066","Underbelly Tycoon","Loot 20,000 Sightless Eyes in Dalaran's Underbelly.","15257","Legion","51337",,"0","10"
"legion_category_confirmed","True","11124","Good Suramaritan","Complete the Suramar storylines listed below.","15252","Legion","51582",,"0","10"
"legion_category_confirmed","True","11125","Now You're Thinking With Portals","Activate all teleporters in Suramar.","15252","Legion","51601",,"128","10"
"legion_category_confirmed","True","11126","50 World Quests Completed","Complete 50 World Quests.","15252","Legion","53570",,"131072","5"
"legion_category_confirmed","True","11127","200 World Quests Completed","Complete 200 World Quests.","15252","Legion","53572",,"131072","5"
"legion_category_confirmed","True","11128","500 World Quests Completed","Complete 500 World Quests.","15252","Legion","53574",,"131072","5"
"legion_category_confirmed","True","11129","1000 World Quests Completed","Complete 1000 World Quests.","15252","Legion","53576",,"131072","5"
"legion_category_confirmed","True","11130","2500 World Quests Completed","Complete 2500 World Quests.","15252","Legion","53578",,"131072","5"
"legion_category_confirmed","True","11131","5000 World Quests Completed","Complete 5000 World Quests.","15252","Legion","53580",,"131072","5"
"legion_category_confirmed","True","11132","10,000 World Quests Completed","Complete 10,000 World Quests.","15252","Legion","53582",,"131072","5"
"legion_category_confirmed","True","11133","Why Can't I Hold All This Mana?","Obtain all possible increases to your Ancient Mana capacity.","15252","Legion","51613",,"128","10"
"legion_category_confirmed","True","11135","A Heroic Campaign","Complete three different class Order Campaigns.","15275","Class Hall","51637",,"131072","20"
"legion_category_confirmed","True","11136","An Epic Campaign","Complete five different class Order Campaigns.","15275","Class Hall","52376",,"131072","30"
"snapshot_non_legion_category","True","11137","A Legendary Campaign","Complete 12 class order campaigns.","81","Feats of Strength","52389",,"131072","0"
"snapshot_non_legion_category","True","11138","Is There a Medic in the Zone?","Come to the aid of 10 wounded travelers across the Broken Isles.","172","First Aid","51739",,"0","5"
"snapshot_non_legion_category","True","11139","Field Medic","Come to the aid of all wounded travelers across the Broken Isles.","172","First Aid","55981",,"0","10"
"legion_category_hidden","True","11143","Honoring the Past","Unlock a new color variant for your artifact by honoring its past.","15256","Artifacts","53248",,"1048576","0"
"legion_category_confirmed","True","11144","Power Realized","Unlock every Artifact Trait for a single artifact weapon.","15256","Artifacts","51829",,"0","10"
"legion_category_hidden","True","11152","Hidden Tracking - Appearance Unlock - Hidden - Color 2","","15256","Artifacts","53135",,"1048576","0"
"legion_category_hidden","True","11153","Hidden Tracking - Appearance Unlock - Hidden - Color 3 (update criteria when world quests available)","","15256","Artifacts","53137",,"1048576","0"
"legion_category_hidden","True","11154","Hidden Tracking - Appearance Unlock - Hidden - Color 4","","15256","Artifacts","53133",,"1048576","0"
"snapshot_non_legion_category","True","11156","Artifacts - Beast Master Hunter Hati Scale Info","Artifacts - Beast Master Hunter Hati Scale Info","130","Character","51820",,"1048577","0"
"legion_category_confirmed","True","11157","Loremaster of Legion","Complete the Legion quest achievements listed below.","15252","Legion","51831",,"131072","10"
"legion_category_hidden","True","11158","Hidden Tracking - Order Hall Class Set - Artifact XP Earned","","15256","Artifacts","51843",,"1048576","0"
"legion_category_confirmed","True","11159","Friends in a Broken Land","Earn Exalted with one of the Broken Isles reputations listed below.","15258","Legion","51849",,"0","5"
"legion_category_confirmed","True","11160","Unleashed Monstrosities","Defeat 8 of the following monstrous creatures on the Broken Isles.","15255","Legion Raid","51904",,"0","10"
"legion_category_confirmed","True","11162","Keystone Master","Complete a Level 15 or higher Mythic dungeon within the time limit.","15254","Legion Dungeon","51812",,"0","10"
"snapshot_non_legion_category","True","11163","Glory of the Legion Hero","Complete the Legion Mythic dungeon achievements listed below.","168","Dungeons & Raids","51919",,"143360","25"
"snapshot_non_legion_category","True","11164","Legion Dungeon Hero","Complete the Legion Heroic dungeon achievements listed below.","168","Dungeons & Raids","51938",,"135168","20"
"snapshot_non_legion_category","True","11165","Crest of Heroism","Reach Prestige level 6 and earn a Crest of Heroism.","15266","Honor","51975",,"0","10"
"snapshot_non_legion_category","True","11166","Crest of Heroism","Reach Prestige level 6 and earn a Crest of Heroism.","15266","Honor","51977",,"0","10"
"snapshot_non_legion_category","True","11167","Crest of Carnage","Reach Prestige level 11 and earn a Crest of Carnage.","15266","Honor","51979",,"0","10"
"snapshot_non_legion_category","True","11168","Crest of Carnage","Reach Prestige level 11 and earn a Crest of Carnage.","15266","Honor","51981",,"0","10"
"snapshot_non_legion_category","True","11169","Crest of Devastation","Reach Prestige level 15 and earn a Crest of Devastation","15266","Honor","51983",,"0","10"
"snapshot_non_legion_category","True","11170","Crest of Devastation","Reach Prestige level 15 and earn a Crest of Devastation","15266","Honor","51985",,"0","10"
"legion_category_confirmed","True","11171","Arsenal of Power","Obtain every artifact available to your class.","15256","Artifacts","52002",,"0","10"
"legion_category_confirmed","True","11173","Fighting with Style: War-torn","Unlock all 4 color variations for your war-torn artifact appearance.","15256","Artifacts","52051",,"0","10"
"legion_category_hidden","True","11174","Hidden Tracking - 2+ Acquision Line Completed","Has completed 2+ acquisition lines, for purposes of adventure journal.","15256","Artifacts","51436",,"1048576","0"
"legion_category_confirmed","True","11175","Higher Dimensional Learning","Read the seven chapters of the Beginner's Guide to Dimensional Rifting scattered across Azsuna.","15257","Legion","52064",,"0","10"
"snapshot_non_legion_category","True","11176","Remember to Share","Collect 300 toys.","15247","Toy Box","52072",,"131072","10"
"snapshot_non_legion_category","True","11177","70 Exalted Reputations","Raise 70 reputations to Exalted.","201","Reputation","52203",,"12288","10"
"snapshot_non_legion_category","True","11178","Wake the Dragon","Mount Stormtalon in Storm's Reach","95","Player vs. Player","52205",,"0","10"
"snapshot_non_legion_category","True","11180","Glory of the Legion Raider","Complete the Legion raid achievements listed below.","168","Dungeons & Raids","52211",,"143360","25"
"legion_category_confirmed","True","11181","Broken Isles Keymaster","Complete the following Legion dungeons using a Mythic Keystone:","15254","Legion Dungeon","52234",,"0","10"
"legion_category_confirmed","True","11183","Keystone Initiate","Complete a Level 2 or higher Mythic dungeon within the time limit.","15254","Legion Dungeon","52244",,"0","10"
"legion_category_confirmed","True","11184","Keystone Challenger","Complete a Level 5 or higher Mythic dungeon within the time limit.","15254","Legion Dungeon","52246",,"0","10"
"legion_category_confirmed","True","11185","Keystone Conqueror","Complete a Level 10 or higher Mythic dungeon within the time limit.","15254","Legion Dungeon","52248",,"0","10"
"legion_category_confirmed","True","11186","Tehd & Marius' Excellent Adventure","Find and aid Tehd & Marius in a demon encounter in each of the following zones.","15252","Legion","52346",,"0","5"
"snapshot_non_legion_category","True","11188","Broken Isles Explorer","Explore the regions of the Broken Isles.","97","Exploration","52361",,"131072","25"
"legion_category_confirmed","True","11189","Variety is the Spice of Life","Complete 100 different World Quests.","15252","Legion","54305",,"131200","10"
"legion_category_confirmed","True","11190","Broken Isles Pathfinder, Part One","Complete the Broken Isles achievements listed below.","15257","Legion","52370",,"393216","25"
"snapshot_non_legion_category","True","11191","Cutting Edge: Xavius","Defeat Xavius in the Emerald Nightmare on Mythic difficulty, before the opening of the Nighthold.","15271","Raids","52493",,"6144","0"
"snapshot_non_legion_category","True","11192","Cutting Edge: Gul'dan","Defeat Gul'dan in The Nighthold on Mythic difficulty, before the opening of the Tomb of Sargeras.","15271","Raids","52495",,"6144","0"
"snapshot_non_legion_category","True","11194","Ahead of the Curve: Xavius","Defeat Xavius in the Emerald Nightmare on Heroic difficulty or higher, before the opening of the Nighthold.","15271","Raids","52497",,"6144","0"
"snapshot_non_legion_category","True","11195","Ahead of the Curve: Gul'dan","Defeat Gul'dan in The Nighthold on Heroic difficulty or higher, before the opening of the Tomb of Sargeras.","15271","Raids","52499",,"6144","0"
"snapshot_non_legion_category","True","11200","Stand Against the Legion","Defend against the Burning Legion by completing an invasion during the Legion pre-launch events.","15274","Events","52872",,"2048","0"
"snapshot_non_legion_category","True","11201","Defender of Azeroth: Legion Invasions","Defend against each of the Legion's assaults on Azeroth during the Legion pre-launch events.","15274","Events","52879",,"2048","0"
"snapshot_non_legion_category","True","11210","Fight for the Alliance","Log in during the two months following the international premiere of Warcraft.","15268","Promotions","53123",,"133120","0"
"snapshot_non_legion_category","True","11211","Fight for the Horde","Log in during the two months following the international premiere of Warcraft.","15268","Promotions","53125",,"133120","0"
"legion_category_confirmed","True","11212","Raise an Army","Recruit 20 troops.","15276","Missions","53178",,"0","5"
"legion_category_confirmed","True","11213","Lead a Legion","Recruit 100 troops.","15276","Missions","53180",,"0","5"
"legion_category_confirmed","True","11214","Many Missions","Complete 10 Class Hall Missions.","15276","Missions","53182",,"0","5"
"legion_category_confirmed","True","11215","Quite a Few Missions","Complete 50 Class Hall Missions.","15276","Missions","53184",,"0","5"
"legion_category_confirmed","True","11216","So Many Missions","Complete 100 Class Hall Missions.","15276","Missions","53186",,"0","5"
"legion_category_confirmed","True","11217","Many Many Missions, Handle It!","Complete 500 Class Hall Missions.","15276","Missions","53188",,"0","5"
"legion_category_confirmed","True","11218","There's a Boss In There","Complete a Class Hall Mission that rewards a Dungeon Quest.","15276","Missions","53190",,"0","5"
"legion_category_confirmed","True","11219","Need Backup","Complete a Class Hall Mission that rewards a Raid Quest.","15276","Missions","53192",,"0","5"
"legion_category_confirmed","True","11220","Roster of Champions","Collect 8 Class Hall Champions.","15276","Missions","53194",,"0","5"
"legion_category_confirmed","True","11221","Champions Rise","Raise 8 Class Hall Champions to level 110.","15276","Missions","53198",,"0","5"
"legion_category_confirmed","True","11222","Champions of Power","Raise 8 Class Hall Champions to item level 850.","15276","Missions","53200",,"0","5"
"legion_category_confirmed","True","11223","Legendary Research","Research all your Class Hall Upgrades.","15275","Class Hall","53202",,"0","5"
"snapshot_non_legion_category","True","11224","Realm First! Keystone Master","Participated in the realm-first completion of a Level 15 or higher Mythic dungeon within the time limit.","81","Feats of Strength","55281",,"12544","0"
"snapshot_non_legion_category","True","11225","Keystone Initiate Guild Run","Complete a Level 2 or higher Mythic dungeon within the time limit while in a guild group.","15262","Legion Dungeon","53214",,"49152","10"
"snapshot_non_legion_category","True","11226","Keystone Challenger Guild Run","Complete a Level 5 or higher Mythic dungeon within the time limit while in a guild group.","15262","Legion Dungeon","53216",,"49152","10"
"snapshot_non_legion_category","True","11227","Keystone Conqueror Guild Run","Complete a Level 10 or higher Mythic dungeon within the time limit while in a guild group.","15262","Legion Dungeon","53218",,"49152","10"
"snapshot_non_legion_category","True","11228","Mythic Keystone Challenges","Complete 50 guild Mythic Keystone challenges.","15088","General","53229",,"28672","10"
"legion_category_hidden","True","11229","Hidden Tracking - Appearance Unlock - Base - Color 4 - Death Knight, Blood","","15256","Artifacts","53233",,"1048576","0"
"legion_category_hidden","True","11230","Hidden Tracking - Appearance Unlock - Base - Color 4 - Death Knight, Frost","","15256","Artifacts","53235",,"1048576","0"
"legion_category_hidden","True","11231","Hidden Tracking - Appearance Unlock - Base - Color 4 - Death Knight, Unholy","","15256","Artifacts","53236",,"1048704","0"
"legion_category_confirmed","True","11232","Lock, Stock and Two Smoking Goblins","Complete the quest ""Time to Collect.""","15252","Legion","53562",,"0","5"
"snapshot_non_legion_category","True","11233","Broken Isles Safari","Catch every battle pet in the Broken Isles.","15118","Collect","53599",,"131072","5"
"removed_after_legion","False","11234","Class Hall Champions recruited","","15281","Class Hall","53635",,"1","0"
"removed_after_legion","False","11235","Class Hall Troops recruited","","15281","Class Hall","53637",,"1","0"
"removed_after_legion","False","11236","Class Hall Missions completed","","15281","Class Hall","53639",,"1","0"
"removed_after_legion","False","11237","Class Hall Rare Missions completed","","15281","Class Hall","53643",,"1","0"
"snapshot_non_legion_category","True","11238","Mythic: Xavius Guild Run","Defeat Xavius in the Emerald Nightmare on Mythic difficulty, while in a guild group.","15263","Legion Raid","53641",,"61440","10"
"snapshot_non_legion_category","True","11239","Mythic: Gul'dan Guild Run","Defeat Gul'dan in The Nighthold on Mythic difficulty, while in a guild group.","15263","Legion Raid","53645",,"61440","10"
"legion_category_confirmed","True","11240","Harbinger","Unearth the stories of the Harbingers of the Legion's invasion.","15252","Legion","53647",,"0","5"
"legion_category_confirmed","True","11256","Treasures of Azsuna","Discover 35 treasures in Azsuna.","15257","Legion","53746",,"128","10"
"legion_category_confirmed","True","11257","Treasures of Highmountain","Discover 40 treasures in Highmountain.","15257","Legion","53801",,"128","10"
"legion_category_confirmed","True","11258","Treasures of Val'sharah","Discover 40 treasures in Val'sharah.","15257","Legion","53804",,"128","10"
"legion_category_confirmed","True","11259","Treasures of Stormheim","Discover 60 treasures in Stormheim.","15257","Legion","53806",,"128","10"
"legion_category_confirmed","True","11260","Treasures of Suramar","Discover 45 treasures in Suramar.","15257","Legion","53808",,"128","10"
"legion_category_confirmed","True","11261","Adventurer of Azsuna","Complete the following special encounters in Azsuna.","15257","Legion","53796",,"0","10"
"legion_category_confirmed","True","11262","Adventurer of Val'sharah","Complete the following special encounters in Val'sharah.","15257","Legion","53828",,"0","10"
"legion_category_confirmed","True","11263","Adventurer of Stormheim","Complete the following special encounters in Stormheim.","15257","Legion","53850",,"0","10"
"legion_category_confirmed","True","11264","Adventurer of Highmountain","Complete the following special encounters in Highmountain.","15257","Legion","53876",,"0","10"
"legion_category_confirmed","True","11265","Adventurer of Suramar","Complete the following special encounters in Suramar.","15257","Legion","53901",,"0","10"
"snapshot_non_legion_category","True","11276","Extinguishing Draenor","Desecrate the Horde's bonfire in Draenor's Frostfire Ridge.","161","Midsummer","54206",,"0","10"
"snapshot_non_legion_category","True","11277","Extinguishing Draenor","Desecrate the Alliance's bonfire in Draenor's Shadowmoon Valley.","161","Midsummer","54208",,"0","10"
"snapshot_non_legion_category","True","11278","Extinguishing the Broken Isles","Desecrate the Horde's bonfire in Suramar.","161","Midsummer","54210",,"0","10"
"snapshot_non_legion_category","True","11279","Extinguishing the Broken Isles","Desecrate the Alliance's bonfire in Suramar.","161","Midsummer","54212",,"0","10"
"snapshot_non_legion_category","True","11280","Flame Warden of the Broken Isles","Honor the flames of the Broken Isles.","161","Midsummer","54214",,"0","10"
"snapshot_non_legion_category","True","11282","Flame Keeper of the Broken Isles","Honor the flames of the Broken Isles.","161","Midsummer","54220",,"0","10"
"snapshot_non_legion_category","True","11283","Flame Warden of Draenor","Honor the flames of Draenor.","161","Midsummer","54226",,"0","10"
"snapshot_non_legion_category","True","11284","Flame Keeper of Draenor","Honor the flames of Draenor.","161","Midsummer","54232",,"0","10"
"snapshot_non_legion_category","True","11294","Murloc Battlemasters","Proud owner of Knight-Captain Murky and Legionnaire Murky from the 2016 BlizzCon.","15268","Promotions","53666",,"133120","0"
"snapshot_non_legion_category","True","11296","The Ancient Keeper","Obtain Rhok'delar, Longbow of the Ancient Keepers and Lok'delar, Stave of the Ancient Keepers.","15234","Legacy","55136",,"2048","0"
"snapshot_non_legion_category","True","11297","The Balance of Light and Shadow","Obtain Benediction and Anathema.","15234","Legacy","55139",,"2048","0"
"legion_category_confirmed","True","11298","A Classy Outfit","Earn all 8 pieces of your Class Hall Armor Set.","15275","Class Hall","55155",,"0","10"
"legion_category_hidden","True","11318","Hidden Tracking - Artifact Knowledge Shipments Picked Up","","15256","Artifacts","55251",,"1048577","0"
"snapshot_non_legion_category","True","11320","Raiding with Leashes IV: Wrath of the Lick King","Collect all of the battle pets listed below from Ulduar, Trial of the Crusader, and Icecrown Citadel.","15118","Collect","55350",,"131072","10"
"legion_category_confirmed","True","11335","Season Tickets","Complete each of the following Opera Hall plays in Return to Karazhan on Mythic difficulty:","15254","Legion Dungeon","55379",,"0","10"
"legion_category_confirmed","True","11337","You Runed Everything!","Defeat Odyn in the Trial of Valor after gaining Runic Mastery on Normal difficulty or higher.","15255","Legion Raid","55452",,"0","10"
"legion_category_confirmed","True","11338","Dine and Bash","Complete the Moroes encounter in Return to Karazhan on Mythic difficulty after defeating all 4 dinner guests within 10 seconds of each other.","15254","Legion Dungeon","55462",,"0","10"
"legion_category_confirmed","True","11340","Insurrection","Complete the Suramar storylines listed below.","15252","Legion","55488",,"0","10"
"legion_category_confirmed","True","11377","Patient Zero","Defeat Helya while all raid members but one are afflicted with Fetid Rot, in Trial of Valor on Normal difficulty or higher.","15255","Legion Raid","55682",,"0","10"
"legion_category_confirmed","True","11386","Boneafide Tri Tip","Defeat Guarm after taking his Chew Toy into all three Guardian's Breaths in Trial of Valor on Normal difficulty or higher.","15255","Legion Raid","55738",,"0","10"
"legion_category_confirmed","True","11387","The Chosen","Defeat Helya in Trial of Valor on Mythic difficulty without failing the Test of the Chosen.","15255","Legion Raid","55768",,"0","10"
"legion_category_confirmed","True","11394","Trial of Valor","Defeat the following bosses within the Trial of Valor.","15255","Legion Raid","55786",,"0","10"
"snapshot_non_legion_category","True","11395","Diablo's 20th Anniversary","There is no cow level.","15274","Events","55790",,"133120","0"
"legion_category_confirmed","True","11396","Mythic: Odyn","Defeat Odyn in Trial of Valor on Mythic difficulty.","15255","Legion Raid","55797",,"0","10"
"legion_category_confirmed","True","11397","Mythic: Guarm","Defeat Guarm in Trial of Valor on Mythic difficulty.","15255","Legion Raid","55799",,"0","10"
"legion_category_confirmed","True","11398","Mythic: Helya","Defeat Helya in Trial of Valor on Mythic difficulty.","15255","Legion Raid","55801",,"0","10"
"snapshot_non_legion_category","True","11403","Trial of Valor Guild Run","Defeat the bosses of Trial of Valor on Normal difficulty or higher, while in a guild group.","15263","Legion Raid","55818",,"61440","10"
"snapshot_non_legion_category","True","11404","Mythic: Helya Guild Run","Defeat Helya in Trial of Valor on Mythic difficulty, while in a guild group.","15263","Legion Raid","55822",,"61440","10"
"snapshot_non_legion_category","True","11405","Realm First! Helya","First guild on the realm to defeat Helya in Trial of Valor on Mythic difficulty while in a guild group.","15093","Guild Feats of Strength","55824",,"61696","10"
"snapshot_non_legion_category","True","11406","Viz'aduum the Watcher kills (Return to Karazhan)","","15264","Legion","55826",,"1","0"
"snapshot_non_legion_category","True","11407","Odyn defeats (Raid Finder Trial of Valor)","","15264","Legion","55835",,"1","0"
"snapshot_non_legion_category","True","11408","Odyn defeats (Normal Trial of Valor)","","15264","Legion","55837",,"1","0"
"snapshot_non_legion_category","True","11409","Odyn defeats (Heroic Trial of Valor)","","15264","Legion","55839",,"1","0"
"snapshot_non_legion_category","True","11410","Odyn defeats (Mythic Trial of Valor)","","15264","Legion","55841",,"1","0"
"snapshot_non_legion_category","True","11411","Guarm kills (Raid Finder Trial of Valor)","","15264","Legion","55843",,"1","0"
"snapshot_non_legion_category","True","11412","Guarm kills (Normal Trial of Valor)","","15264","Legion","55845",,"1","0"
"snapshot_non_legion_category","True","11413","Guarm kills (Heroic Trial of Valor)","","15264","Legion","55847",,"1","0"
"snapshot_non_legion_category","True","11414","Guarm kills (Mythic Trial of Valor)","","15264","Legion","55849",,"1","0"
"snapshot_non_legion_category","True","11415","Helya kills (Raid Finder Trial of Valor)","","15264","Legion","55851",,"1","0"
"snapshot_non_legion_category","True","11416","Helya kills (Normal Trial of Valor)","","15264","Legion","55854",,"1","0"
"snapshot_non_legion_category","True","11417","Helya kills (Heroic Trial of Valor)","","15264","Legion","55856",,"1","0"
"snapshot_non_legion_category","True","11418","Helya kills (Mythic Trial of Valor)","","15264","Legion","55858",,"1","0"
"legion_category_hidden","True","11419","<Hidden> Insurrection - Capper","Players must defeat the Chronomatic Anomaly in the Nighthold.","15252","Legion","55860",,"1048576","0"
"snapshot_non_legion_category","True","11425","Herald of Flames","Owner of the Primal Flamesaber mount from the Heroes of the Storm promotion.","15268","Promotions","55864",,"133120","0"
"legion_category_confirmed","True","11426","Heroic: Trial of Valor","Defeat the following bosses within the Trial of Valor on Heroic difficulty or higher.","15255","Legion Raid","55912",,"0","10"
"legion_category_confirmed","True","11427","No Shellfish Endeavor","Complete the Murky quests listed below.","15252","Legion","55927",,"0","5"
"snapshot_non_legion_category","True","11428","Return to Karazhan Guild Run","Defeat Viz'aduum the Watcher in Return to Karazhan on Mythic difficulty while in a guild group.","15262","Legion Dungeon","55931",,"49152","10"
"legion_category_confirmed","True","11429","Mythic: Return to Karazhan","Defeat Viz'aduum the Watcher in Return to Karazhan on Mythic difficulty.","15254","Legion Dungeon","55933",,"0","10"
"legion_category_confirmed","True","11430","One Night in Karazhan","Speak with the Image of Medivh on Mythic difficulty in Return to Karazhan.","15254","Legion Dungeon","55935",,"0","10"
"legion_category_confirmed","True","11431","The Rat Pack","Defeat a Mana Devourer while the entire party is riding a Rodents of Usual Size.","15254","Legion Dungeon","56279",,"0","10"
"legion_category_confirmed","True","11432","Scared Straight","Defeat the Shade of Medivh while all party members have Paranoid on Mythic difficulty in Return to Karazhan.","15254","Legion Dungeon","55942",,"0","10"
"legion_category_confirmed","True","11433","Burn After Reading","Collect all four Sealed Tomes from Return to Karazhan on Mythic difficulty.","15254","Legion Dungeon","55937",,"0","10"
"legion_category_confirmed","True","11446","Broken Isles Pathfinder, Part Two","Complete the Broken Isles achievements listed below.","15257","Legion","56300",,"393216","25"
"snapshot_non_legion_category","True","11468","Alive for Five","Reach Prestige Level 5.","15266","Honor","56419",,"12288","10"
"snapshot_non_legion_category","True","11469","The River Six","Reach Prestige Level 6.","15266","Honor","56421",,"12288","10"
"snapshot_non_legion_category","True","11470","Slayin' to Seven","Reach Prestige Level 7.","15266","Honor","56423",,"12288","10"
"snapshot_non_legion_category","True","11471","Don't Hate, Grind to Eight","Reach Prestige Level 8.","15266","Honor","56425",,"12288","10"
"snapshot_non_legion_category","True","11472","Hell, It's About Nine","Reach Prestige Level 9.","15266","Honor","56427",,"12288","10"
"legion_category_hidden","True","11473","WQ Unlock <DND>","","15252","Legion","56429",,"1179648","0"
"snapshot_non_legion_category","True","11474","Free For All, More For Me","Complete the achievements listed below.","15283","Legion","56431",,"12288","20"
"snapshot_non_legion_category","True","11475","Mission Accomplished","Complete Operation Murloc Freedom 20 times.","15283","Legion","56436",,"0","10"
"snapshot_non_legion_category","True","11476","Saddle Sore","Complete Bareback Brawl 20 times.","15283","Legion","56439",,"0","10"
"snapshot_non_legion_category","True","11477","Off the Top Rook","Complete Black Rook Rumble 20 times.","15283","Legion","56441",,"0","10"
"snapshot_non_legion_category","True","11478","The Darkbrul-oh","Complete Darkbrul Arena 20 times.","15283","Legion","56443",,"0","10"
"legion_category_confirmed","True","11543","Explore Broken Shore","Explore the Broken Shore, revealing the covered areas of the world map.","15257","Legion","58969",,"0","10"
"legion_category_confirmed","True","11544","Defender of the Broken Isles","Repel Legion assaults against Azsuna, Highmountain, Stormheim, and Val'sharah.","15252","Legion","58906",,"0","10"
"legion_category_confirmed","True","11545","Legionfall Commander","Earn Revered status with the Armies of Legionfall.","15258","Legion","58034",,"0","5"
"legion_category_confirmed","True","11546","Breaching the Tomb","Complete the Legionfall campaign.","15252","Legion","58978",,"0","10"
"legion_category_hidden","True","11547","Karazhan Attunement <DND>","","15254","Legion Dungeon","56794",,"1048580","0"
"snapshot_non_legion_category","True","11552","Follower Ability Tracking <DND>","","15281","Class Hall","56797",,"1048581","0"
"snapshot_non_legion_category","True","11558","The First Rule of Brawler's Guild","Get invited to brawl at Bizmo's Brawlpub in the Deeprun Tram.","15282","Brawler's Guild","57034",,"0","5"
"snapshot_non_legion_category","True","11559","The First Rule of Brawler's Guild","Get invited to brawl at Brawl'gar Arena in The Valley of Honor in Orgrimmar.","15282","Brawler's Guild","57036",,"0","5"
"snapshot_non_legion_category","True","11560","You Are Not Your $#*@! Legplates","Win a brawl.","15282","Brawler's Guild","57042",,"0","5"
"snapshot_non_legion_category","True","11561","You Are Not Your $#*@! Legplates","Win a brawl.","15282","Brawler's Guild","57044",,"0","5"
"snapshot_non_legion_category","True","11563","The Second Rule of Brawler's Guild","Reach Rank 4 with Bizmo's Brawlpub.","15282","Brawler's Guild","57046",,"0","5"
"snapshot_non_legion_category","True","11564","The Second Rule of Brawler's Guild","Reach Rank 4 with Brawl'gar Arena.","15282","Brawler's Guild","57048",,"0","5"
"snapshot_non_legion_category","True","11565","King of the Guild","Reach Rank 8 with Bizmo's Brawlpub.","15282","Brawler's Guild","57050",,"4096","5"
"snapshot_non_legion_category","True","11566","King of the Guild","Reach Rank 8 with Brawl'gar Arena.","15282","Brawler's Guild","57052",,"4096","5"
"snapshot_non_legion_category","True","11567","You Are Not The Contents Of Your Wallet","Obtain 20,000 Brawler's Gold.","15282","Brawler's Guild","57082",,"0","5"
"snapshot_non_legion_category","True","11570","Educated Guesser","Obtain 10 stacks of Vested Interest in the Brawler's Guild.","15282","Brawler's Guild","57106",,"0","5"
"snapshot_non_legion_category","True","11572","I Am Thrall's Complete Lack Of Surprise","Defeat 10 bosses using random brawl mode in the Brawler's Guild.","15282","Brawler's Guild","57119",,"0","5"
"snapshot_non_legion_category","True","11573","Rumble Club","Defeat all rumbles in the Brawler's Guild.","15282","Brawler's Guild","57121",,"0","5"
"snapshot_non_legion_category","True","11578","Vindictive Elite","Reach 2000 in any Rated PvP Bracket during Legion Season 1","15270","Player vs. Player","57242",,"2048","0"
"snapshot_non_legion_category","True","11579","Fearless Elite","Reach 2000 in any Rated PvP Bracket during Legion Season 2","15270","Player vs. Player","57285",,"2048","0"
"snapshot_non_legion_category","True","11580","Cutting Edge: Helya","Defeat Helya in Trial of Valor on Mythic difficulty, before the opening of the Tomb of Sargeras.","15271","Raids","57174",,"6144","0"
"snapshot_non_legion_category","True","11581","Ahead of the Curve: Helya","Defeat Helya in Trial of Valor on Heroic difficulty or higher, before the opening of the Tomb of Sargeras.","15271","Raids","57177",,"6144","0"
"snapshot_non_legion_category","True","11601","7.1 - Max Work Orders for Artifact Knowledge (Do Not Localize)","Hidden Achievement to be used to disable Artifact Knowledge Work Orders at 25 sent.","15268","Promotions","57422",,"1048576","0"
"snapshot_non_legion_category","True","11606","7.1.5 - Max Catch Up Work Orders for Artifact Knowledge (Do Not Localize)","Hidden Achievement to be used to disable Artifact Knowledge Catch Up Quests at 15 work orders.","15268","Promotions","57426",,"1048576","0"
"legion_category_confirmed","True","11607","They See Me Rolling","Successfully deliver a Barrel of Storm Brew without taking any damage.","15252","Legion","57438",,"2048","10"
"legion_category_confirmed","True","11609","Power Unbound","Unlock a new set of traits for one of your Artifacts.","15256","Artifacts","57440",,"0","10"
"legion_category_confirmed","True","11610","Power Unleashed","Unlock the new set of traits for all of your Artifacts.","15256","Artifacts","57450",,"0","10"
"legion_category_confirmed","True","11611","A Challenging Look","Complete an artifact challenge quest line and unlock a new appearance for your artifact weapon.","15256","Artifacts","57458",,"0","10"
"legion_category_confirmed","True","11612","Fighting with Style: Challenging","Unlock all of your challenging artifact appearances.","15256","Artifacts","57469",,"0","10"
"snapshot_non_legion_category","True","11628","That's So Last Millennium","Collect any class armor set from the Nighthold.","15259","Appearances","57545",,"131072","10"
"snapshot_non_legion_category","True","11629","Untamed Beauty","Collect any class armor set from PvP Season 16.","15259","Appearances","57558",,"131072","10"
"snapshot_non_legion_category","True","11630","More Like Win-dictive","Collect any class armor set from PvP Season 19 or 20.","15259","Appearances","57643",,"131072","10"
"snapshot_non_legion_category","True","11631","Extreme Makeover: Fel Edition","Collect any class armor set from Hellfire Citadel.","15259","Appearances","57645",,"131072","10"
"snapshot_non_legion_category","True","11632","7.1.5 25 Work Orders Sent","25 Work Orders Sent","15268","Promotions","57700",,"1048576","0"
"snapshot_non_legion_category","True","11633","7.2.0 40 Work Orders Sent","40 Work Orders Sent","15268","Promotions","57919",,"1048576","0"
"legion_category_confirmed","True","11652","The Reputable","Earn an exalted supply reward from any faction within the Broken Isles.","15258","Legion","58081",,"0","10"
"legion_category_confirmed","True","11653","Paragon of the Broken Isles","Earn 10 exalted supply rewards from any faction within the Broken Isles.","15258","Legion","58089",,"128","10"
"legion_category_hidden","True","11657","Hidden Tracking - Appearance Unlock - Challenge - Color 2 - Spec 1","","15256","Artifacts","58130",,"1048576","0"
"legion_category_hidden","True","11658","Hidden Tracking - Appearance Unlock - Challenge - Color 2 - Spec 2","","15256","Artifacts","58132",,"1048576","0"
"legion_category_hidden","True","11659","Hidden Tracking - Appearance Unlock - Challenge - Color 2 - Spec 3","","15256","Artifacts","58134",,"1048576","0"
"legion_category_hidden","True","11660","Hidden Tracking - Appearance Unlock - Challenge - Color 2 - Spec 4","","15256","Artifacts","58136",,"1048576","0"
"legion_category_hidden","True","11661","Hidden Tracking - Appearance Unlock - Challenge - Color 3 - Spec 1","","15256","Artifacts","58138",,"1048576","0"
"legion_category_hidden","True","11662","Hidden Tracking - Appearance Unlock - Challenge - Color 3 - Spec 2","","15256","Artifacts","58140",,"1048576","0"
"legion_category_hidden","True","11663","Hidden Tracking - Appearance Unlock - Challenge - Color 3 - Spec 3","","15256","Artifacts","58142",,"1048576","0"
"legion_category_hidden","True","11664","Hidden Tracking - Appearance Unlock - Challenge - Color 3 - Spec 4","","15256","Artifacts","58144",,"1048576","0"
"legion_category_hidden","True","11665","Hidden Tracking - Appearance Unlock - Challenge - Color 4 - Spec 1","","15256","Artifacts","58150",,"1048576","0"
"legion_category_hidden","True","11666","Hidden Tracking - Appearance Unlock - Challenge - Color 4 - Spec 2","","15256","Artifacts","58189",,"1048576","0"
"legion_category_hidden","True","11667","Hidden Tracking - Appearance Unlock - Challenge - Color 4 - Spec 3","","15256","Artifacts","58202",,"1048576","0"
"legion_category_hidden","True","11668","Hidden Tracking - Appearance Unlock - Challenge - Color 4 - Spec 4","","15256","Artifacts","58215",,"1048576","0"
"legion_category_confirmed","True","11674","Great Soul, Great Purpose","Defeat the Desolate Host in Tomb of Sargeras while keeping the Diminishing Soul from perishing on Normal difficulty or higher.","15255","Legion Raid","58248",,"0","10"
"legion_category_confirmed","True","11675","Sky Walker","Defeat the Maiden of Vigilance in Tomb of Sargeras having captured every Titanic Anomaly on Normal difficulty or higher.","15255","Legion Raid","58250",,"0","10"
"legion_category_confirmed","True","11676","Five Course Seafood Buffet","Defeat Mistress Sass'zine in Tomb of Sargeras after feeding the following items to Sarukel on Normal difficulty or higher.","15255","Legion Raid","58254",,"0","10"
"legion_category_confirmed","True","11681","Crate Expectations","Reach the final portal of the Dreadex without losing your Wyrmtongue Transformation.","15252","Legion","58294",,"0","10"
"legion_category_confirmed","True","11683","Bingo!","Defeat the Fallen Avatar in Tomb of Sargeras without breaking any floor segments in the following patterns on Normal difficulty or higher.","15255","Legion Raid","58297",,"0","10"
"snapshot_non_legion_category","True","11685","Decade of Dominance","Reach Prestige Level 10.","15266","Honor","58309",,"12288","10"
"snapshot_non_legion_category","True","11686","These Go To Eleven","Reach Prestige Level 11.","15266","Honor","58311",,"12288","10"
"snapshot_non_legion_category","True","11687","Demonic Dozen","Reach Prestige Level 12.","15266","Honor","58313",,"12288","10"
"snapshot_non_legion_category","True","11688","Floor Thirteen","Reach Prestige Level 13.","15266","Honor","58315",,"12288","10"
"snapshot_non_legion_category","True","11689","Fourteen for the Team","Reach Prestige Level 14.","15266","Honor","58317",,"12288","10"
"snapshot_non_legion_category","True","11690","When You're Fifteen","Reach Prestige Level 15.","15266","Honor","58319",,"12288","10"
"snapshot_non_legion_category","True","11691","You Are Sixteen","Reach Prestige Level 16.","15266","Honor","58321",,"12288","10"
"snapshot_non_legion_category","True","11692","Going On Seventeen","Reach Prestige Level 17.","15266","Honor","58323",,"12288","10"
"snapshot_non_legion_category","True","11693","Eighteen and Over","Reach Prestige Level 18.","15266","Honor","58325",,"12288","10"
"snapshot_non_legion_category","True","11694","Hell, It's About Nineteen","Reach Prestige Level 19.","15266","Honor","58327",,"12288","10"
"legion_category_confirmed","True","11696","Grin and Bear It","Defeat the Demonic Inquisition in Tomb of Sargeras while every party member is at maximum Torment on Normal difficulty or higher.","15255","Legion Raid","59158",,"0","10"
"snapshot_non_legion_category","True","11697","Cruel Elite","Reach 2000 in any Rated PvP Bracket during Legion Season 3","15270","Player vs. Player","58355",,"6144","0"
"snapshot_non_legion_category","True","11698","Ferocious Elite","Reach 2000 in any Rated PvP Bracket during Legion Season 4","15270","Player vs. Player","58359",,"14336","0"
"legion_category_confirmed","True","11699","Grand Fin-ale","Summon Elder Murk-Eye using a Mrgrglhjorn, then defeat him and Harjatan in Tomb of Sargeras on Normal difficulty or higher.","15255","Legion Raid","58353",,"0","10"
"legion_category_confirmed","True","11700","Cathedral of Eternal Night","Defeat Mephistroth within the Cathedral of Eternal Night.","15254","Legion Dungeon","58373",,"0","10"
"legion_category_confirmed","True","11701","Heroic: Cathedral of Eternal Night","Defeat Mephistroth in Cathedral of Eternal Night on Heroic difficulty or higher.","15254","Legion Dungeon","58375",,"0","10"
"legion_category_confirmed","True","11702","Mythic: Cathedral of Eternal Night","Defeat Mephistroth in Cathedral of Eternal Night on Mythic difficulty.","15254","Legion Dungeon","58377",,"0","10"
"legion_category_confirmed","True","11703","Master of Shadows","Defeat Mephistroth within the Cathedral of Eternal Night after blocking 20 Shadow Blasts with the Aegis of Aggramar on Mythic difficulty.","15254","Legion Dungeon","58918",,"0","10"
"snapshot_non_legion_category","True","11706","The Original","Collect any class armor set from PvP Season 1.","15259","Appearances","58398",,"131072","10"
"snapshot_non_legion_category","True","11707","No Mercy","Collect any class armor set from PvP Season 2.","15259","Appearances","58400",,"131072","10"
"snapshot_non_legion_category","True","11708","With a Vengeance","Collect any class armor set from PvP Season 3.","15259","Appearances","58402",,"131072","10"
"snapshot_non_legion_category","True","11709","Tough Threads","Collect any class armor set from PvP Season 4.","15259","Appearances","58404",,"131072","10"
"snapshot_non_legion_category","True","11710","Lethal Looks","Collect any class armor set from PvP Season 5.","15259","Appearances","58406",,"131072","10"
"snapshot_non_legion_category","True","11711","The Fierce and the Furious","Collect any class armor set from PvP Season 6.","15259","Appearances","58408",,"131072","10"
"snapshot_non_legion_category","True","11712","Relentlessly Good Looking","Collect any class armor set from PvP Season 7.","15259","Appearances","58410",,"131072","10"
"snapshot_non_legion_category","True","11713","Wrath of the Stitch King","Collect any class armor set from PvP Season 8.","15259","Appearances","58412",,"131072","10"
"snapshot_non_legion_category","True","11714","Viciously Vintage","Collect any class armor set from PvP Season 9.","15259","Appearances","58414",,"131072","10"
"snapshot_non_legion_category","True","11715","(Ruth)less is More","Collect any class armor set from PvP Season 10.","15259","Appearances","58416",,"131072","10"
"snapshot_non_legion_category","True","11716","Cataclysmic Catwalk","Collect any class armor set from PvP Season 11.","15259","Appearances","58418",,"131072","10"
"snapshot_non_legion_category","True","11717","Why Male(volent) Models?","Collect any class armor set from PvP Season 12.","15259","Appearances","58420",,"131072","10"
"snapshot_non_legion_category","True","11718","Dressed to Oppress","Collect any class armor set from PvP Season 13.","15259","Appearances","58422",,"131072","10"
"snapshot_non_legion_category","True","11719","It's Not Fashion Unless It Hurts","Collect any class armor set from PvP Season 14.","15259","Appearances","58424",,"131072","10"
"snapshot_non_legion_category","True","11720","Wear It With Pride","Collect any class armor set from PvP Season 15.","15259","Appearances","58426",,"131072","10"
"snapshot_non_legion_category","True","11721","Wild Style","Collect any class armor set from PvP Season 17.","15259","Appearances","58428",,"131072","10"
"snapshot_non_legion_category","True","11722","War-Mog-ering","Collect any class armor set from PvP Season 18.","15259","Appearances","58430",,"131072","10"
"snapshot_non_legion_category","True","11723","Cruel Intentions","Collect any class armor set from PvP Season 21 or 22.","15259","Appearances","58432",,"131072","10"
"legion_category_confirmed","True","11724","Fel Turkey!","Destroy 30 Infernal Spikes with Shattering Stars and then defeat Goroth in Tomb of Sargeras on Normal difficulty or higher.","15255","Legion Raid","58523",,"0","10"
"snapshot_non_legion_category","True","11725","Fisherfriend of the Isles","Become Best Friends with the Fishing Masters of the Broken Isles.","171","Fishing","58535",,"0","5"
"legion_category_confirmed","True","11731","A Magic Contribution","Contribute to the Mage Tower on the Broken Shore 5 times.","15252","Legion","58544",,"0","5"
"legion_category_confirmed","True","11732","A Magnificent Contribution","Contribute to the Mage Tower on the Broken Shore 50 times.","15252","Legion","58546",,"0","10"
"legion_category_confirmed","True","11735","Take Command","Contribute to the Command Center on the Broken Shore 5 times.","15252","Legion","58548",,"0","5"
"legion_category_confirmed","True","11736","Assume Command","Contribute to the Command Center on the Broken Shore 50 times.","15252","Legion","58550",,"0","10"
"legion_category_confirmed","True","11737","Disrupting the Nether","Contribute to the Nether Disruptor on the Broken Shore 5 times.","15252","Legion","58552",,"0","5"
"legion_category_confirmed","True","11738","It'll Nether Happen","Contribute to the Nether Disruptor on the Broken Shore 50 times.","15252","Legion","58554",,"0","10"
"snapshot_non_legion_category","True","11740","Make it W-orc W-orc","Collect any class armor set from Blackrock Foundry.","15259","Appearances","58560",,"131072","10"
"snapshot_non_legion_category","True","11741","So Hot Right Now","Collect any class armor set from Molten Core.","15259","Appearances","58562",,"131072","10"
"snapshot_non_legion_category","True","11742","Dress in Lairs","Collect any class armor set from Blackwing Lair.","15259","Appearances","58564",,"131072","10"
"snapshot_non_legion_category","True","11743","Accessor-Eyes","Collect any class armor set from the Temple of Ahn'Qiraj.","15259","Appearances","58566",,"131072","10"
"snapshot_non_legion_category","True","11744","Drop Dead, Gorgeous","Collect any class armor set from Naxxramas.","15271","Raids","58568",,"133120","0"
"snapshot_non_legion_category","True","11746","Outlandish Style","Collect any class armor set from Gruul's Lair, Karazhan, and Magtheridon's Lair.","15259","Appearances","58570",,"131072","10"
"snapshot_non_legion_category","True","11747","Merely a Set","Collect any class armor set from Serpentshrine Cavern and The Eye.","15259","Appearances","58572",,"131072","10"
"snapshot_non_legion_category","True","11748","Black is the New Black","Collect any class armor set from Black Temple.","15259","Appearances","58574",,"131072","10"
"snapshot_non_legion_category","True","11749","Suns Out, Thori'dals Out","Collect any class armor set from Sunwell Plateau.","15259","Appearances","58576",,"131072","10"
"snapshot_non_legion_category","True","11750","Undying Aesthetic","Collect any class armor set from Naxxramas.","15259","Appearances","58578",,"131072","10"
"snapshot_non_legion_category","True","11751","Mogg-Saron","Collect any class armor set from Ulduar.","15259","Appearances","58580",,"131072","10"
"snapshot_non_legion_category","True","11752","Style of the Crusader","Collect any class armor set from Trial of the Crusader.","15259","Appearances","58582",,"131072","10"
"snapshot_non_legion_category","True","11753","Winter Catalog","Collect any class armor set from Icecrown Citadel.","15259","Appearances","58584",,"131072","10"
"snapshot_non_legion_category","True","11754","Glamour of Twilight","Collect any class armor set from The Bastion of Twilight and Blackwing Descent.","15259","Appearances","58586",,"131072","10"
"snapshot_non_legion_category","True","11755","Hot Couture","Collect any class armor set from the Firelands.","15259","Appearances","58588",,"131072","10"
"snapshot_non_legion_category","True","11756","Wardrobe of the Old Gods","Collect any class armor set from Dragon Soul.","15259","Appearances","58590",,"131072","10"
"snapshot_non_legion_category","True","11757","Sha of Fabulous","Collect any class armor set from the Heart of Fear and Terrace of Endless Spring.","15259","Appearances","58592",,"131072","10"
"snapshot_non_legion_category","True","11758","Thunderwear","Collect any class armor set from Throne of Thunder.","15259","Appearances","58594",,"131072","10"
"snapshot_non_legion_category","True","11759","Yaass'shaarj","Collect any class armor set from the Siege of Orgrimmar.","15259","Appearances","58596",,"131072","10"
"snapshot_non_legion_category","True","11760","Retro Trend","Collect any class armor set from the Tomb of Sargeras.","15259","Appearances","58598",,"131072","10"
"snapshot_non_legion_category","True","11761","Azeroth's Next Top Model","Unlock a class armor set from 10 different raid tiers or PvP seasons.","15259","Appearances","58604",,"131200","20"
"snapshot_non_legion_category","True","11762","Can I Get A Helya","Collect any class armor set from the Trial of Valor.","15259","Appearances","58646",,"131072","10"
"snapshot_non_legion_category","True","11763","Glory of the Tomb Raider","Complete the Tomb of Sargeras raid achievements listed below.","168","Dungeons & Raids","58739",,"143360","25"
"snapshot_non_legion_category","True","11765","Pet Battle Challenge: Wailing Caverns","Complete Pet Battle Challenge in Wailing Caverns.","15117","Pet Battles","58748",,"131072","5"
"legion_category_confirmed","True","11767","Mythic: Goroth","Defeat Goroth in Tomb of Sargeras on Mythic difficulty.","15255","Legion Raid","58753",,"4096","10"
"legion_category_confirmed","True","11768","Boom Bloom","Defeat Agronox after fulminating 4 budding flowers in the Cathedral of Eternal Night on Mythic difficulty.","15254","Legion Dungeon","59097",,"0","10"
"legion_category_confirmed","True","11769","A Steamy Romance Saga","Defeat Thrashbite the Scornful after all party members have read the entire Steamy Romance saga within Cathedral of Eternal Night on Mythic difficulty.","15254","Legion Dungeon","59292",,"0","10"
"legion_category_confirmed","True","11770","Dark Souls","Defeat Kil'jaeden in Tomb of Sargeras without any Shadowsouls finishing a cast of Destabilized Shadowsoul on Normal difficulty or higher.","15255","Legion Raid","58768",,"0","10"
"legion_category_confirmed","True","11772","Power Ascended","Unlock every Artifact Trait for a single artifact weapon after empowering it.","15256","Artifacts","58783",,"0","10"
"legion_category_confirmed","True","11773","Wax On, Wax Off","Defeat a Waxing Twilight Soul and then defeat the Sisters of the Moon in Tomb of Sargeras on Normal difficulty or higher.","15255","Legion Raid","58857",,"0","10"
"legion_category_confirmed","True","11774","Mythic: Demonic Inquisition","Defeat Demonic Inquisition in Tomb of Sargeras on Mythic difficulty.","15255","Legion Raid","58875",,"4096","10"
"legion_category_confirmed","True","11775","Mythic: Harjatan","Defeat Harjatan in Tomb of Sargeras on Mythic difficulty.","15255","Legion Raid","58877",,"4096","10"
"legion_category_confirmed","True","11776","Mythic: Mistress Sassz'ine","Defeat Mistress Sassz'ine in Tomb of Sargeras on Mythic difficulty.","15255","Legion Raid","58879",,"4096","10"
"legion_category_confirmed","True","11777","Mythic: Sisters of the Moon","Defeat Sisters of the Moon in Tomb of Sargeras on Mythic difficulty.","15255","Legion Raid","58881",,"4096","10"
"legion_category_confirmed","True","11778","Mythic: The Desolate Host","Defeat the Desolate Host in Tomb of Sargeras on Mythic difficulty.","15255","Legion Raid","58883",,"4096","10"
"legion_category_confirmed","True","11779","Mythic: Maiden of Vigilance","Defeat the Maiden of Vigilance in Tomb of Sargeras on Mythic difficulty.","15255","Legion Raid","58885",,"4096","10"
"legion_category_confirmed","True","11780","Mythic: Fallen Avatar","Defeat the Fallen Avatar in Tomb of Sargeras on Mythic difficulty.","15255","Legion Raid","58887",,"4096","10"
"legion_category_confirmed","True","11781","Mythic: Kil'jaeden","Defeat Kil'jaeden in Tomb of Sargeras on Mythic difficulty.","15255","Legion Raid","58889",,"4096","10"
"snapshot_non_legion_category","True","11782","Tomb of Sargeras Guild Run","Defeat the bosses of Tomb of Sargeras on Normal difficulty or higher, while in a guild group.","15263","Legion Raid","58891",,"61440","10"
"snapshot_non_legion_category","True","11783","Realm First! Kil'jaeden","First guild on the realm to defeat Kil'jaeden in Tomb of Sargeras on Mythic difficulty while in a guild group.","15093","Guild Feats of Strength","58901",,"63744","0"
"snapshot_non_legion_category","True","11784","Mythic: Kil'jaeden Guild Run","Defeat Kil'jaeden in Tomb of Sargeras on Mythic difficulty, while in a guild group.","15263","Legion Raid","58911",,"61440","10"
"legion_category_confirmed","True","11786","Terrors of the Shore","Defeat all 4 of the following monstrous creatures in Broken Shore.","15255","Legion Raid","58913",,"0","10"
"legion_category_confirmed","True","11787","The Gates of Hell","Defeat the following bosses near the entrance to the Tomb of Sargeras.","15255","Legion Raid","58920",,"0","10"
"legion_category_confirmed","True","11788","Wailing Halls","Defeat the following bosses in the lower levels of the Tomb of Sargeras.","15255","Legion Raid","58924",,"0","10"
"legion_category_confirmed","True","11789","Chamber of the Avatar","Defeat the following bosses in the ancient vault beneath the Tomb of Sargeras.","15255","Legion Raid","58928",,"0","10"
"legion_category_confirmed","True","11790","Deceiver's Fall","Defeat Kil'jaeden in the Tomb of Sargeras.","15255","Legion Raid","58931",,"0","10"
"legion_category_confirmed","True","11796","Armies of Legionfall","Earn Exalted status with the Armies of Legionfall.","15258","Legion","59008",,"0","5"
"legion_category_confirmed","True","11802","Bringing Home the Beacon","Use a Sentinax beacon in each of the following areas.","15257","Legion","59066",,"0","10"
"legion_category_confirmed","True","11841","Naxt Victim","Slay each of the demonic lieutenants that can be summoned from the Sentinax in Broken Shore.","15257","Legion","59090",,"0","10"
"legion_category_confirmed","True","11846","Champions of Legionfall","Recruit your Legionfall campaign follower by completing the quest ""Champions of Legionfall.""","15252","Legion","59126",,"0","10"
"snapshot_non_legion_category","True","11847","7.2.0 50 Work Orders Sent","50 Work Orders Sent","15268","Promotions","59128",,"1048576","0"
"snapshot_non_legion_category","True","11848","WoW's 13th Anniversary","Logged in during WoW's 13th Anniversary.","15274","Events","59144",,"2048","0"
"internal_dnt","True","11851","Unlocked Lunarwing Form (DNT)","","92","General","59273",,"1048576","0"
"snapshot_non_legion_category","True","11856","Pet Battle Challenge: Deadmines","Complete Pet Battle Challenge in Deadmines.","15117","Pet Battles","59444",,"131072","5"
"snapshot_non_legion_category","True","11869","I'll Hold These For You Until You Get Out","Defeat Illidan during Black Temple Timewalking after completing the ""Warglaives of Azzinoth"" achievement.","15271","Raids","59748",,"2048","0"
"snapshot_non_legion_category","True","11874","Ahead of the Curve: Kil'jaeden","Defeat Kil'jaeden in Tomb of Sargeras on Heroic difficulty or higher, before the opening of Antorus, the Burning Throne.","15271","Raids","59789",,"6144","0"
"snapshot_non_legion_category","True","11875","Cutting Edge: Kil'jaeden","Defeat Kil'jaeden in Tomb of Sargeras on Mythic difficulty, before the opening of Antorus, the Burning Throne.","15271","Raids","59791",,"6144","0"
"snapshot_non_legion_category","True","11876","Legion - PATCH 7.3 Quest Launch","","92","General","59793",,"1310724","0"
"snapshot_non_legion_category","True","11877","Goroth kills (Raid Finder Tomb of Sargeras)","","15264","Legion","59824",,"1","0"
"snapshot_non_legion_category","True","11878","Goroth kills (Normal Tomb of Sargeras)","","15264","Legion","59826",,"1","0"
"snapshot_non_legion_category","True","11879","Goroth kills (Heroic Tomb of Sargeras)","","15264","Legion","59828",,"1","0"
"snapshot_non_legion_category","True","11880","Goroth kills (Mythic Tomb of Sargeras)","","15264","Legion","59830",,"1","0"
"snapshot_non_legion_category","True","11881","Demonic Inquisition kills (Raid Finder Tomb of Sargeras)","","15264","Legion","59832",,"1","0"
"snapshot_non_legion_category","True","11882","Demonic Inquisition kills (Normal Tomb of Sargeras)","","15264","Legion","59834",,"1","0"
"snapshot_non_legion_category","True","11883","Demonic Inquisition kills (Heroic Tomb of Sargeras)","","15264","Legion","59836",,"1","0"
"snapshot_non_legion_category","True","11884","Demonic Inquisition kills (Mythic Tomb of Sargeras)","","15264","Legion","59838",,"1","0"
"snapshot_non_legion_category","True","11885","Harjatan kills (Raid Finder Tomb of Sargeras)","","15264","Legion","59840",,"1","0"
"snapshot_non_legion_category","True","11886","Harjatan kills (Normal Tomb of Sargeras)","","15264","Legion","59842",,"1","0"
"snapshot_non_legion_category","True","11887","Harjatan kills (Heroic Tomb of Sargeras)","","15264","Legion","59844",,"1","0"
"snapshot_non_legion_category","True","11888","Harjatan kills (Mythic Tomb of Sargeras)","","15264","Legion","59846",,"1","0"
"snapshot_non_legion_category","True","11889","Sisters of the Moon kills (Raid Finder Tomb of Sargeras)","","15264","Legion","59848",,"1","0"
"snapshot_non_legion_category","True","11890","Sisters of the Moon kills (Normal Tomb of Sargeras)","","15264","Legion","59850",,"1","0"
"snapshot_non_legion_category","True","11891","Sisters of the Moon kills (Heroic Tomb of Sargeras)","","15264","Legion","59852",,"1","0"
"snapshot_non_legion_category","True","11892","Sisters of the Moon kills (Mythic Tomb of Sargeras)","","15264","Legion","59854",,"1","0"
"snapshot_non_legion_category","True","11893","Mistress Sassz'ine kills (Raid Finder Tomb of Sargeras)","","15264","Legion","59856",,"1","0"
"snapshot_non_legion_category","True","11894","Mistress Sassz'ine kills (Normal Tomb of Sargeras)","","15264","Legion","59858",,"1","0"
"snapshot_non_legion_category","True","11895","Mistress Sassz'ine kills (Heroic Tomb of Sargeras)","","15264","Legion","59860",,"1","0"
"snapshot_non_legion_category","True","11896","Mistress Sassz'ine kills (Mythic Tomb of Sargeras)","","15264","Legion","59862",,"1","0"
"snapshot_non_legion_category","True","11897","The Desolate Host kills (Raid Finder Tomb of Sargeras)","","15264","Legion","59864",,"1","0"
"snapshot_non_legion_category","True","11898","The Desolate Host kills (Normal Tomb of Sargeras)","","15264","Legion","59866",,"1","0"
"snapshot_non_legion_category","True","11899","The Desolate Host kills (Heroic Tomb of Sargeras)","","15264","Legion","59868",,"1","0"
"snapshot_non_legion_category","True","11900","The Desolate Host kills (Mythic Tomb of Sargeras)","","15264","Legion","59870",,"1","0"
"snapshot_non_legion_category","True","11901","Maiden of Vigilance kills (Raid Finder Tomb of Sargeras)","","15264","Legion","59872",,"1","0"
"snapshot_non_legion_category","True","11902","Maiden of Vigilance kills (Normal Tomb of Sargeras)","","15264","Legion","59874",,"1","0"
"snapshot_non_legion_category","True","11903","Maiden of Vigilance kills (Heroic Tomb of Sargeras)","","15264","Legion","59876",,"1","0"
"snapshot_non_legion_category","True","11904","Maiden of Vigilance kills (Mythic Tomb of Sargeras)","","15264","Legion","59878",,"1","0"
"snapshot_non_legion_category","True","11905","Fallen Avatar kills (Raid Finder Tomb of Sargeras)","","15264","Legion","59880",,"1","0"
"snapshot_non_legion_category","True","11906","Fallen Avatar kills (Normal Tomb of Sargeras)","","15264","Legion","59882",,"1","0"
"snapshot_non_legion_category","True","11907","Fallen Avatar kills (Heroic Tomb of Sargeras)","","15264","Legion","59884",,"1","0"
"snapshot_non_legion_category","True","11908","Fallen Avatar kills (Mythic Tomb of Sargeras)","","15264","Legion","59886",,"1","0"
"snapshot_non_legion_category","True","11909","Kil'jaeden kills (Raid Finder Tomb of Sargeras)","","15264","Legion","59888",,"1","0"
"snapshot_non_legion_category","True","11910","Kil'jaeden kills (Normal Tomb of Sargeras)","","15264","Legion","59890",,"1","0"
"snapshot_non_legion_category","True","11911","Kil'jaeden kills (Heroic Tomb of Sargeras)","","15264","Legion","59892",,"1","0"
"snapshot_non_legion_category","True","11912","Kil'jaeden kills (Mythic Tomb of Sargeras)","","15264","Legion","59894",,"1","0"
"snapshot_non_legion_category","True","11913","Don't Play With That In The House","Proud owner of the 2017 Vintage Winter Veil gift, the Toy Weapon Set.","15274","Events","59896",,"2048","0"
"legion_category_confirmed","True","11915","Don't Sweat the Technique","Defeat Aggramar after slaying a Manifestation of Taeshalach in Antorus, the Burning Throne on Normal difficulty or higher.","15255","Legion Raid","59908",,"0","10"
"snapshot_non_legion_category","True","11918","Hey, You're a Rockstar!","Participate in the Blight Boar concert.","15101","Darkmoon Faire","59925",,"524288","5"
"snapshot_non_legion_category","True","11919","Taking this Show on the Road","Have each of the band's roles assigned to you after participating in the Blight Boar concert.","15101","Darkmoon Faire","59927",,"0","10"
"snapshot_non_legion_category","True","11920","Perfect Performance","Participate in a perfect performance of the Blight Boar concert.","15101","Darkmoon Faire","59933",,"0","10"
"snapshot_non_legion_category","True","11921","Mosh Pit","Don't allow any ghouls to reach Devlynn Styx during the Blight Boar concert.","15101","Darkmoon Faire","60211",,"0","5"
"legion_category_confirmed","True","11928","Portal Combat","Defeat Portal Keeper Hasabel in Antorus, the Burning Throne after opening a chaotic rift on Normal difficulty or higher.","15255","Legion Raid","59945",,"0","10"
"legion_category_confirmed","True","11929","Heroic: Return to Karazhan","Defeat Viz'aduum the Watcher in Return to Karazhan on Heroic difficulty or higher.","15254","Legion Dungeon","59947",,"0","10"
"legion_category_confirmed","True","11930","Worm-monger","Defeat Garothi Worldbreaker in Antorus, the Burning Throne after decimating 16 Blightscale Worms on Normal difficulty or higher.","15255","Legion Raid","59957",,"0","10"
"snapshot_non_legion_category","True","11931","Rides of War","Proud owner of the Stormwind Skychaser and Orgrimmar Interceptor from the 2017 BlizzCon.","15268","Promotions","59976",,"133120","0"
"legion_category_confirmed","True","11941","Chromie Homie","Reach the ""Timelord"" friendship rank with Chromie.","15258","Legion","60190",,"0","10"
"legion_category_confirmed","True","11948","Together We Stand","Defeat Varimathras in Antorus, the Burning Throne on Normal difficulty or higher without triggering Alone in the Darkness.","15255","Legion Raid","60305",,"0","10"
"legion_category_confirmed","True","11949","Hard to Kill","Defeat Imonar the Soulhunter in Antorus, the Burning Throne after triggering every trap on the bridge on Normal difficulty or higher.","15255","Legion Raid","60441",,"0","10"
"snapshot_non_legion_category","True","11954","Garothi Worldbreaker kills (Normal Antorus, the Burning Throne)","","15264","Legion","60459",,"1","0"
"snapshot_non_legion_category","True","11955","Garothi Worldbreaker kills (Heroic Antorus, the Burning Throne)","","15264","Legion","60461",,"1","0"
"snapshot_non_legion_category","True","11956","Garothi Worldbreaker kills (Mythic Antorus, the Burning Throne)","","15264","Legion","60463",,"1","0"
"snapshot_non_legion_category","True","11957","Hounds of Sargeras kills (Normal Antorus, the Burning Throne)","","15264","Legion","60465",,"1","0"
"snapshot_non_legion_category","True","11958","Hounds of Sargeras kills (Heroic Antorus, the Burning Throne)","","15264","Legion","60467",,"1","0"
"snapshot_non_legion_category","True","11959","Hounds of Sargeras kills (Mythic Antorus, the Burning Throne)","","15264","Legion","60469",,"1","0"
"snapshot_non_legion_category","True","11960","Antoran High Command kills (Normal Antorus, the Burning Throne)","","15264","Legion","60471",,"1","0"
"snapshot_non_legion_category","True","11961","Antoran High Command kills (Heroic Antorus, the Burning Throne)","","15264","Legion","60473",,"1","0"
"snapshot_non_legion_category","True","11962","Antoran High Command kills (Mythic Antorus, the Burning Throne)","","15264","Legion","60475",,"1","0"
"snapshot_non_legion_category","True","11963","Portal Keeper Hasabel kills (Normal Antorus, the Burning Throne)","","15264","Legion","60477",,"1","0"
"snapshot_non_legion_category","True","11964","Portal Keeper Hasabel kills (Heroic Antorus, the Burning Throne)","","15264","Legion","60479",,"1","0"
"snapshot_non_legion_category","True","11965","Portal Keeper Hasabel kills (Mythic Antorus, the Burning Throne)","","15264","Legion","60481",,"1","0"
"snapshot_non_legion_category","True","11966","Eonar defenses (Normal Antorus, the Burning Throne)","","15264","Legion","60483",,"1","0"
"snapshot_non_legion_category","True","11967","Eonar defenses (Heroic Antorus, the Burning Throne)","","15264","Legion","60485",,"1","0"
"snapshot_non_legion_category","True","11968","Eonar defenses (Mythic Antorus, the Burning Throne)","","15264","Legion","60487",,"1","0"
"snapshot_non_legion_category","True","11969","Imonar the Soulhunter kills (Normal Antorus, the Burning Throne)","","15264","Legion","60489",,"1","0"
"snapshot_non_legion_category","True","11970","Imonar the Soulhunter kills (Heroic Antorus, the Burning Throne)","","15264","Legion","60491",,"1","0"
"snapshot_non_legion_category","True","11971","Imonar the Soulhunter kills (Mythic Antorus, the Burning Throne)","","15264","Legion","60493",,"1","0"
"snapshot_non_legion_category","True","11972","Kin'garoth kills (Normal Antorus, the Burning Throne)","","15264","Legion","60495",,"1","0"
"snapshot_non_legion_category","True","11973","Kin'garoth kills (Heroic Antorus, the Burning Throne)","","15264","Legion","60497",,"1","0"
"snapshot_non_legion_category","True","11974","Kin'garoth kills (Mythic Antorus, the Burning Throne)","","15264","Legion","60499",,"1","0"
"snapshot_non_legion_category","True","11975","Varimathras kills (Normal Antorus, the Burning Throne)","","15264","Legion","60501",,"1","0"
"snapshot_non_legion_category","True","11976","Varimathras kills (Heroic Antorus, the Burning Throne)","","15264","Legion","60503",,"1","0"
"snapshot_non_legion_category","True","11977","Varimathras kills (Mythic Antorus, the Burning Throne)","","15264","Legion","60505",,"1","0"
"snapshot_non_legion_category","True","11978","The Coven of Shivarra kills (Normal Antorus, the Burning Throne)","","15264","Legion","60507",,"1","0"
"snapshot_non_legion_category","True","11979","The Coven of Shivarra kills (Heroic Antorus, the Burning Throne)","","15264","Legion","60509",,"1","0"
"snapshot_non_legion_category","True","11980","The Coven of Shivarra kills (Mythic Antorus, the Burning Throne)","","15264","Legion","60511",,"1","0"
"snapshot_non_legion_category","True","11981","Aggramar kills (Normal Antorus, the Burning Throne)","","15264","Legion","60513",,"1","0"
"snapshot_non_legion_category","True","11982","Aggramar kills (Heroic Antorus, the Burning Throne)","","15264","Legion","60515",,"1","0"
"snapshot_non_legion_category","True","11983","Aggramar kills (Mythic Antorus, the Burning Throne)","","15264","Legion","60517",,"1","0"
"snapshot_non_legion_category","True","11984","Argus the Unmaker kills (Normal Antorus, the Burning Throne)","","15264","Legion","60519",,"1","0"
"snapshot_non_legion_category","True","11985","Argus the Unmaker kills (Heroic Antorus, the Burning Throne)","","15264","Legion","60521",,"1","0"
"snapshot_non_legion_category","True","11986","Argus the Unmaker kills (Mythic Antorus, the Burning Throne)","","15264","Legion","60523",,"1","0"
"snapshot_non_legion_category","True","11987","Glory of the Argus Raider","Complete the Antorus, the Burning Throne raid achievements listed below.","168","Dungeons & Raids","60525",,"143360","25"
"legion_category_confirmed","True","11988","Light's Breach","Defeat the following bosses at the entrance to Antorus, the Burning Throne.","15255","Legion Raid","60531",,"0","10"
"legion_category_confirmed","True","11989","Forbidden Descent","Defeat the following bosses on the second island of Antorus, the Burning Throne.","15255","Legion Raid","60535",,"0","10"
"legion_category_confirmed","True","11990","Hope's End","Defeat the following bosses in the depths of Antorus, the Burning Throne.","15255","Legion Raid","60539",,"0","10"
"legion_category_confirmed","True","11991","Seat of the Pantheon","Defeat the following bosses in the depths of Antorus, the Burning Throne.","15255","Legion Raid","60543",,"0","10"
"legion_category_confirmed","True","11992","Mythic: Garothi Worldbreaker","Defeat the Garothi Worldbreaker in Antorus, the Burning Throne on Mythic difficulty.","15255","Legion Raid","60546",,"4096","10"
"legion_category_confirmed","True","11993","Mythic: Hounds of Sargeras","Defeat the Hounds of Sargeras in Antorus, the Burning Throne on Mythic difficulty.","15255","Legion Raid","60548",,"4096","10"
"legion_category_confirmed","True","11994","Mythic: Antoran High Command","Defeat the Antoran High Command in Antorus, the Burning Throne on Mythic difficulty.","15255","Legion Raid","60550",,"4096","10"
"legion_category_confirmed","True","11995","Mythic: Portal Keeper Hasabel","Defeat Portal Keeper Hasabel in Antorus, the Burning Throne on Mythic difficulty.","15255","Legion Raid","60552",,"4096","10"
"legion_category_confirmed","True","11996","Mythic: Eonar","Successfully defend Eonar in Antorus, the Burning Throne on Mythic difficulty.","15255","Legion Raid","60554",,"4096","10"
"legion_category_confirmed","True","11997","Mythic: Imonar the Soulhunter","Defeat Imonar the Soulhunter in Antorus, the Burning Throne on Mythic difficulty.","15255","Legion Raid","60556",,"4096","10"
"legion_category_confirmed","True","11998","Mythic: Kin'garoth","Defeat Kin'garoth in Antorus, the Burning Throne on Mythic difficulty.","15255","Legion Raid","60558",,"4096","10"
"legion_category_confirmed","True","11999","Mythic: Varimathras","Defeat Varimathras in Antorus, the Burning Throne on Mythic difficulty.","15255","Legion Raid","60560",,"4096","10"
"legion_category_confirmed","True","12000","Mythic: The Coven of Shivarra","Defeat The Coven of Shivarra in Antorus, the Burning Throne on Mythic difficulty.","15255","Legion Raid","60562",,"4096","10"
"legion_category_confirmed","True","12001","Mythic: Aggramar","Defeat Aggramar in Antorus, the Burning Throne on Mythic difficulty.","15255","Legion Raid","60564",,"4096","10"
"legion_category_confirmed","True","12002","Mythic: Argus the Unmaker","Defeat Argus the Unmaker in Antorus, the Burning Throne on Mythic difficulty.","15255","Legion Raid","60566",,"4096","10"
"legion_category_confirmed","True","12004","Welcome the Void","Bring Urjad from the void realm using Void Tear, then defeat him and Zuraal the Ascended in Seat of the Triumvirate on Mythic Difficulty.","15254","Legion Dungeon","60653",,"0","10"
"legion_category_confirmed","True","12005","Let it All Out","Have Darkfang destroy 4 Sealed Void Caches using Shadow Pounce, then defeat Saprish in Seat of the Triumvirate on Mythic Difficulty.","15254","Legion Dungeon","60658",,"0","10"
"legion_category_confirmed","True","12007","Heroic: Seat of the Triumvirate","Defeat L'ura in Seat of the Triumvirate on Heroic difficulty or higher.","15254","Legion Dungeon","60660",,"0","10"
"legion_category_confirmed","True","12008","Mythic: Seat of the Triumvirate","Defeat L'ura in Seat of the Triumvirate on Mythic difficulty.","15254","Legion Dungeon","60664",,"0","10"
"legion_category_confirmed","True","12009","Darker Side","Defeat L'ura in Seat of the Triumvirate with all party members affected by Crushing Darkness on Mythic Difficulty.","15254","Legion Dungeon","60674",,"0","10"
"snapshot_non_legion_category","True","12010","Fierce Gladiator: Legion Season 5","End Legion PvP season 5 in the top 0.1% of the arena ladder (requires 150 games won your current faction in Legion Season 5).","15270","Player vs. Player","0",,"14336","0"
"legion_category_hidden","True","12015","BS Unlock <DND>","","15252","Legion","60748",,"1179648","0"
"snapshot_non_legion_category","True","12020","Argussy Up","Collect any class armor set from Antorus, the Burning Throne.","15259","Appearances","60845",,"131072","10"
"snapshot_non_legion_category","True","12021","Claws Out","Collect any class armor set from PvP Season 23, 24, or 25.","15259","Appearances","60847",,"131072","10"
"legion_category_confirmed","True","12026","Invasion Obliteration","Defeat each of the following Legion Generals by completing each of the Greater Invasion Point scenarios.","15257","Legion","61020",,"0","10"
"legion_category_confirmed","True","12028","Envision Invasion Eradication","Slay each of the demonic commanders that can control the Invasion Points.","15257","Legion","61027",,"0","10"
"legion_category_confirmed","True","12030","The World Revolves Around Me","Defeat Kin'garoth with 9 Diabolic Bombs active in Antorus, the Burning Throne on Normal difficulty or higher.","15255","Legion Raid","61045",,"0","10"
"snapshot_non_legion_category","True","12031","Fierce Combatant","Win 100 Arena (3v3) or 40 Rated Battlegrounds in Legion Season 5.","15270","Player vs. Player","61050",,"6144","0"
"snapshot_non_legion_category","True","12032","Fierce Combatant","Win 100 Arena (3v3) or 40 Rated Battlegrounds in Legion Season 5.","15270","Player vs. Player","61053",,"6144","0"
"snapshot_non_legion_category","True","12034","Duelist: Legion Season 5","End Legion PvP season 5 in the top 3% of the arena ladder (requires 50 games won your current faction in Legion Season 5).","15270","Player vs. Player","0",,"14336","0"
"snapshot_non_legion_category","True","12035","Rival: Legion Season 5","End Legion PvP season 5 in the top 10% of the arena ladder (requires 50 games won your current faction in Legion Season 5).","15270","Player vs. Player","0",,"14336","0"
"snapshot_non_legion_category","True","12036","Challenger: Legion Season 5","End Legion PvP season 5 in the top 35% of the arena ladder (requires 50 games won your current faction in Legion Season 5).","15270","Player vs. Player","0",,"2048","0"
"snapshot_non_legion_category","True","12037","Hero of the Alliance: Fierce","End Legion PvP season 5 in the top 0.5% of the rated battleground ladder (requires 50 games won your current faction in Legion Season 5).","15270","Player vs. Player","0",,"14336","0"
"snapshot_non_legion_category","True","12038","Guardian of the Alliance: Legion Season 5","End Legion PvP season 5 in the top 3% of the rated battleground ladder (requires 50 games won your current faction in Legion Season 5).","15270","Player vs. Player","0",,"14336","0"
"snapshot_non_legion_category","True","12039","Defender of the Alliance: Legion Season 5","End Legion PvP season 5 in the top 10% of the rated battleground ladder (requires 50 games won your current faction in Legion Season 5).","15270","Player vs. Player","0",,"14336","0"
"snapshot_non_legion_category","True","12040","Soldier of the Alliance: Legion Season 5","End Legion PvP season 5 in the top 35% of the rated battleground ladder (requires 50 games won your current faction in Legion Season 5).","15270","Player vs. Player","0",,"14336","0"
"snapshot_non_legion_category","True","12041","Hero of the Horde: Fierce","End Legion PvP season 5 in the top 0.5% of the rated battleground ladder (requires 50 games won your current faction in Legion Season 5).","15270","Player vs. Player","0",,"14336","0"
"snapshot_non_legion_category","True","12042","Guardian of the Horde: Legion Season 5","End Legion PvP season 5 in the top 3% of the rated battleground ladder (requires 50 games won your current faction in Legion Season 5).","15270","Player vs. Player","0",,"14336","0"
"snapshot_non_legion_category","True","12043","Defender of the Horde: Legion Season 5","End Legion PvP season 5 in the top 10% of the rated battleground ladder (requires 50 games won your current faction in Legion Season 5).","15270","Player vs. Player","0",,"14336","0"
"snapshot_non_legion_category","True","12044","Soldier of the Horde: Legion Season 5","End Legion PvP season 5 in the top 35% of the rated battleground ladder (requires 50 games won your current faction in Legion Season 5).","15270","Player vs. Player","0",,"14336","0"
"snapshot_non_legion_category","True","12045","Gladiator: Legion Season 5","End Legion PvP season 5 in the top 0.5% of the arena ladder (requires 150 games won your current faction in Legion Season 5).","15270","Player vs. Player","0",,"14336","0"
"legion_category_confirmed","True","12046","Remember the Titans","Defeat the Coven of Shivarra in Antorus, the Burning Throne on Normal difficulty or higher while at least one of each Torment survives.","15255","Legion Raid","61061",,"0","10"
"legion_category_confirmed","True","12065","Hounds Good To Me","Defeat the Felhounds of Sargeras in Antorus, the Burning Throne on Normal difficulty or higher with both Felhounds afflicted with 5 stacks of Fel Imbuement.","15255","Legion Raid","61126",,"0","10"
"legion_category_confirmed","True","12066","You Are Now Prepared!","Complete the Argus campaign.","15252","Legion","61110",,"0","10"
"legion_category_confirmed","True","12067","Spheres of Influence","Collect the 5 Orbs of Life placed around Eonar's sanctuary in Antorus, the Burning Throne on Normal difficulty or higher.","15255","Legion Raid","61238",,"0","10"
"legion_category_confirmed","True","12069","Explore Argus","Explore Argus, revealing the covered areas of the world map on Krokuun, Mac'Aree, and the Antoran Wastes.","15257","Legion","61241",,"0","10"
"legion_category_confirmed","True","12071","Crucible's Promise","Fully unlock the power of the Netherlight Crucible on one of your artifact weapons.","15256","Artifacts","61258",,"0","10"
"legion_category_confirmed","True","12072","Now You're Cooking with Netherlight","Unlock the Netherlight Crucible.","15256","Artifacts","61559",,"131072","5"
"legion_category_confirmed","True","12073","Locked and Loaded","Unlock all of the powers for the Vindicaar Matrix Core.","15252","Legion","62047",,"0","5"
"legion_category_confirmed","True","12074","Shoot First, Loot Later","Discover the hidden treasures of Argus.","15257","Legion","61265",,"0","10"
"legion_category_confirmed","True","12076","Protector of the Argussian Reach","Earn Exalted status with the Argussian Reach.","15258","Legion","61495",,"0","10"
"legion_category_confirmed","True","12077","Adventurer of Argus","Complete 25 of the following special encounters on Argus.","15257","Legion","61433",,"0","10"
"legion_category_confirmed","True","12078","Commander of Argus","Complete the following special encounters on Argus.","15257","Legion","61348",,"0","10"
"snapshot_non_legion_category","True","12079","Raiding with Leashes V: Cuteaclysm","Collect all of the battle pets listed below from Bastion of Twilight, Blackwing Descent, Throne of the Four Winds, Firelands, and Dragon Soul.","15118","Collect","61417",,"131072","10"
"legion_category_confirmed","True","12081","Officer of the Light","Earn Exalted status with the Army of the Light.","15258","Legion","61501",,"0","10"
"legion_category_hidden","True","12082","Argus - Block 1 Unlock <DND>","","15252","Legion","61505",,"1179648","0"
"legion_category_confirmed","True","12083","Paragon of Argus","Complete the Argus achievements listed below.","15257","Legion","61513",,"131072","25"
"legion_category_confirmed","True","12084","Infused and Abused","Kill 10 enemies while Fel Infused from a single lightning strike on Argus.","15257","Legion","61519",,"0","5"
"legion_category_hidden","True","12085","Argus - Block 2 Unlock <DND>","","15252","Legion","61534",,"1179648","0"
"legion_category_hidden","True","12086","Argus - Block 3 Unlock <DND>","","15252","Legion","61536",,"1179648","0"
"snapshot_non_legion_category","True","12088","Anomalous Animals of Argus","Defeat the following corrupted pets on Argus.","15119","Battle","61565",,"131072","10"
"snapshot_non_legion_category","True","12089","Aquatic Assault","Defeat the corrupted pets of Argus with all Aquatic pets.","15119","Battle","61584",,"131072","5"
"snapshot_non_legion_category","True","12090","Fierce Elite","Reach 2000 in any Rated PvP Bracket during Legion Season 5","15270","Player vs. Player","61586",,"14336","0"
"snapshot_non_legion_category","True","12091","Beast Blitz","Defeat the corrupted pets of Argus with all Beast pets.","15119","Battle","61608",,"131072","5"
"snapshot_non_legion_category","True","12092","Critical Critters","Defeat the corrupted pets of Argus with all Critter pets.","15119","Battle","61627",,"131072","5"
"snapshot_non_legion_category","True","12093","Draconic Destruction","Defeat the corrupted pets of Argus with all Dragonkin pets.","15119","Battle","61646",,"131072","5"
"snapshot_non_legion_category","True","12094","Elemental Escalation","Defeat the corrupted pets of Argus with all Elemental pets.","15119","Battle","61665",,"131072","5"
"snapshot_non_legion_category","True","12095","Fierce Fliers","Defeat the corrupted pets of Argus with all Flying pets.","15119","Battle","61684",,"131072","5"
"snapshot_non_legion_category","True","12096","Humanoid Havoc","Defeat the corrupted pets of Argus with all Humanoid pets.","15119","Battle","61703",,"131072","5"
"snapshot_non_legion_category","True","12097","Magical Mayhem","Defeat the corrupted pets of Argus with all Magic pets.","15119","Battle","61722",,"131072","5"
"snapshot_non_legion_category","True","12098","Mechanical Melee","Defeat the corrupted pets of Argus with all Mechanical pets.","15119","Battle","61741",,"131072","5"
"snapshot_non_legion_category","True","12099","Unstoppable Undead","Defeat the corrupted pets of Argus with all Undead pets.","15119","Battle","61760",,"131072","5"
"snapshot_non_legion_category","True","12100","Family Fighter","Complete the following achievements.","15119","Battle","61779",,"135168","10"
"legion_category_confirmed","True","12101","We Came Here For Two Reasons","Slay 100 non-trivial demons in Krokuun, Mac'Aree, and the Antoran Wastes.","15257","Legion","61790",,"0","10"
"legion_category_confirmed","True","12102","To Kill Demons...","Slay 500 non-trivial demons in Krokuun, Mac'Aree, and the Antoran Wastes.","15257","Legion","61792",,"0","10"
"legion_category_confirmed","True","12103","...And Chew Mana Buns","Slay 2000 non-trivial demons in Krokuun, Mac'Aree, and the Antoran Wastes.","15257","Legion","61794",,"0","10"
"legion_category_confirmed","True","12104","And We're All Out of Mana Buns","Slay 5000 non-trivial demons in Krokuun, Mac'Aree, and the Antoran Wastes.","15257","Legion","61796",,"0","10"
"removed_after_legion","False","12107","Season 3v3 victories on your current faction","Season 3v3 victories on your current faction","152","Rated Arenas","61806",,"1","0"
"snapshot_non_legion_category","True","12108","Double Decade of Dominance","Reach Prestige Level 20.","15266","Honor","61865",,"12288","10"
"snapshot_non_legion_category","True","12109","Twenty-One Arms Salute","Reach Prestige Level 21.","15266","Honor","61867",,"12288","10"
"snapshot_non_legion_category","True","12110","Ahead of the Curve: Argus the Unmaker","Defeat Argus the Unmaker in Antorus, the Burning Throne, on Heroic difficulty or higher, before the opening of the next raid tier.","15271","Raids","61876",,"6144","0"
"snapshot_non_legion_category","True","12111","Cutting Edge: Argus the Unmaker","Defeat Argus the Unmaker in Antorus, the Burning Throne, on Mythic difficulty, before the opening of the next raid tier.","15271","Raids","61878",,"6144","0"
"snapshot_non_legion_category","True","12112","Antorus, the Burning Throne Guild Run","Defeat the bosses of Antorus, the Burning Throne on Normal difficulty or higher, while in a guild group.","15263","Legion Raid","61880",,"61440","10"
"snapshot_non_legion_category","True","12113","Mythic: Argus the Unmaker Guild Run","Defeat Argus the Unmaker in Antorus, the Burning Throne on Mythic difficulty, while in a guild group.","15263","Legion Raid","61892",,"61440","10"
"snapshot_non_legion_category","True","12117","Garothi Worldbreaker kills (Raid Finder Antorus, the Burning Throne)","","15264","Legion","61934",,"1","0"
"snapshot_non_legion_category","True","12118","Hounds of Sargeras kills (Raid Finder Antorus, the Burning Throne)","","15264","Legion","61936",,"1","0"
"snapshot_non_legion_category","True","12119","Antoran High Command kills (Raid Finder Antorus, the Burning Throne)","","15264","Legion","61938",,"1","0"
"snapshot_non_legion_category","True","12120","Portal Keeper Hasabel kills (Raid Finder Antorus, the Burning Throne)","","15264","Legion","61940",,"1","0"
"snapshot_non_legion_category","True","12121","Eonar defenses (Raid Finder Antorus, the Burning Throne)","","15264","Legion","61942",,"1","0"
"snapshot_non_legion_category","True","12122","Imonar the Soulhunter kills (Raid Finder Antorus, the Burning Throne)","","15264","Legion","61944",,"1","0"
"snapshot_non_legion_category","True","12123","Kin'garoth kills (Raid Finder Antorus, the Burning Throne)","","15264","Legion","61946",,"1","0"
"snapshot_non_legion_category","True","12124","Varimathras kills (Raid Finder Antorus, the Burning Throne)","","15264","Legion","61949",,"1","0"
"snapshot_non_legion_category","True","12125","The Coven of Shivarra kills (Raid Finder Antorus, the Burning Throne)","","15264","Legion","61951",,"1","0"
"snapshot_non_legion_category","True","12126","Aggramar kills (Raid Finder Antorus, the Burning Throne)","","15264","Legion","61953",,"1","0"
"snapshot_non_legion_category","True","12127","Argus the Unmaker kills (Raid Finder Antorus, the Burning Throne)","","15264","Legion","61955",,"1","0"
"legion_category_confirmed","True","12129","This is the War Room!","Defeat the Antoran High Command in Antorus, the Burning Throne while placing three or fewer Felshield Emitters.","15255","Legion Raid","61983",,"0","10"
"snapshot_non_legion_category","True","12134","Dominant Gladiator: Legion Season 6","End Legion PvP season 6 in the top 0.1% of the arena ladder (requires 150 games won your current faction in Legion Season 6).","15270","Player vs. Player","0",,"14336","0"
"snapshot_non_legion_category","True","12135","Dominant Elite","Reach 2000 in any Rated PvP Bracket during Legion Season 6","15270","Player vs. Player","63058",,"12288","10"
"snapshot_non_legion_category","True","12136","Dominant Combatant","Win 100 Arena (3v3) or 40 Rated Battlegrounds in Legion Season 6.","95","Player vs. Player","62078",,"4096","15"
"snapshot_non_legion_category","True","12137","Dominant Combatant","Win 100 Arena (3v3) or 40 Rated Battlegrounds in Legion Season 6.","95","Player vs. Player","62081",,"4096","15"
"removed_after_legion","False","12138","Fierce Gladiator's Storm Dragon","Obtain the Fierce Gladiator's Storm Dragon from Legion Arena Season 5.","15269","Mounts","62084",,"14336","0"
"snapshot_non_legion_category","True","12139","Dominant Gladiator's Storm Dragon","Obtain the Dominant Gladiator's Storm Dragon from Legion Arena Season 6.","15269","Mounts","62087",,"14336","0"
"snapshot_non_legion_category","True","12140","Demonic Gladiator's Storm Dragon","Obtain the Demonic Gladiator's Storm Dragon from Legion Arena Season 7.","15269","Mounts","62090",,"14336","0"
"snapshot_non_legion_category","True","12167","Gladiator: Legion Season 6","End Legion PvP season 6 in the top 0.5% of the arena ladder (requires 150 games won your current faction in Legion Season 6).","15270","Player vs. Player","0",,"14336","0"
"snapshot_non_legion_category","True","12168","Gladiator: Legion Season 7","End Legion PvP season 7 in the top 0.5% of the arena ladder (requires 150 games won your current faction in Legion Season 7).","15270","Player vs. Player","0",,"14336","0"
"snapshot_non_legion_category","True","12169","Challenger: Legion Season 6","End Legion PvP season 6 in the top 35% of the arena ladder (requires 50 games won your current faction in Legion Season 6).","15270","Player vs. Player","0",,"2048","0"
"snapshot_non_legion_category","True","12170","Rival: Legion Season 6","End Legion PvP season 6 in the top 10% of the arena ladder (requires 50 games won your current faction in Legion Season 6).","15270","Player vs. Player","0",,"14336","0"
"snapshot_non_legion_category","True","12171","Duelist: Legion Season 6","End Legion PvP season 6 in the top 3% of the arena ladder (requires 50 games won your current faction in Legion Season 6).","15270","Player vs. Player","0",,"14336","0"
"snapshot_non_legion_category","True","12172","Hero of the Horde: Dominant","End Legion PvP season 6 in the top 0.5% of the rated battleground ladder (requires 50 games won your current faction in Legion Season 6).","15270","Player vs. Player","0",,"14336","0"
"snapshot_non_legion_category","True","12173","Hero of the Alliance: Dominant","End Legion PvP season 6 in the top 0.5% of the rated battleground ladder (requires 50 games won your current faction in Legion Season 6).","15270","Player vs. Player","0",,"14336","0"
"snapshot_non_legion_category","True","12174","Defender of the Horde: Legion Season 6","End Legion PvP season 6 in the top 10% of the rated battleground ladder (requires 50 games won your current faction in Legion Season 6).","15270","Player vs. Player","0",,"14336","0"
"snapshot_non_legion_category","True","12175","Defender of the Alliance: Legion Season 6","End Legion PvP season 6 in the top 10% of the rated battleground ladder (requires 50 games won your current faction in Legion Season 6).","15270","Player vs. Player","0",,"14336","0"
"snapshot_non_legion_category","True","12176","Guardian of the Horde: Legion Season 6","End Legion PvP season 6 in the top 3% of the rated battleground ladder (requires 50 games won your current faction in Legion Season 6).","15270","Player vs. Player","0",,"14336","0"
"snapshot_non_legion_category","True","12177","Guardian of the Alliance: Legion Season 6","End Legion PvP season 6 in the top 3% of the rated battleground ladder (requires 50 games won your current faction in Legion Season 6).","15270","Player vs. Player","0",,"14336","0"
"snapshot_non_legion_category","True","12178","Soldier of the Horde: Legion Season 6","End Legion PvP season 6 in the top 35% of the rated battleground ladder (requires 50 games won your current faction in Legion Season 6).","15270","Player vs. Player","0",,"14336","0"
"snapshot_non_legion_category","True","12179","Soldier of the Alliance: Legion Season 6","End Legion PvP season 6 in the top 35% of the rated battleground ladder (requires 50 games won your current faction in Legion Season 6).","15270","Player vs. Player","0",,"14336","0"
"snapshot_non_legion_category","True","12180","Catching Twenty-Two","Reach Prestige Level 22.","15266","Honor","62123",,"12288","10"
"snapshot_non_legion_category","True","12181","Protocol 2.3","Reach Prestige Level 23.","15266","Honor","62125",,"12288","10"
"snapshot_non_legion_category","True","12182","Demonic Double Dozen","Reach Prestige Level 24.","15266","Honor","62127",,"12288","10"
"snapshot_non_legion_category","True","12183","Prestige Quartermaster","Reach Prestige Level 25.","15266","Honor","62129",,"12288","10"
"legion_category_hidden","True","12184","Netherlight Crucible - At Least 1 Relic Power Unlocked","","15256","Artifacts","62135",,"1048576","0"
"snapshot_non_legion_category","True","12185","Demonic Gladiator: Legion Season 7","End Legion PvP season 7 in the top 0.1% of the arena ladder (requires 150 games won your current faction in Legion Season 7).","15270","Player vs. Player","0",,"14336","0"
"snapshot_non_legion_category","True","12186","Duelist: Legion Season 7","End Legion PvP season 7 in the top 3% of the arena ladder (requires 50 games won your current faction in Legion Season 7).","15270","Player vs. Player","0",,"14336","0"
"snapshot_non_legion_category","True","12187","Challenger: Legion Season 7","End Legion PvP season 7 in the top 35% of the arena ladder (requires 50 games won your current faction in Legion Season 7).","15270","Player vs. Player","0",,"2048","0"
"snapshot_non_legion_category","True","12188","Rival: Legion Season 7","End Legion PvP season 7 in the top 10% of the arena ladder (requires 50 games won your current faction in Legion Season 7).","15270","Player vs. Player","0",,"14336","0"
"snapshot_non_legion_category","True","12189","Soldier of the Alliance: Legion Season 7","End Legion PvP season 7 in the top 35% of the rated battleground ladder (requires 50 games won your current faction in Legion Season 7).","15270","Player vs. Player","0",,"14336","0"
"snapshot_non_legion_category","True","12190","Soldier of the Horde: Legion Season 7","End Legion PvP season 7 in the top 35% of the rated battleground ladder (requires 50 games won your current faction in Legion Season 7).","15270","Player vs. Player","0",,"14336","0"
"snapshot_non_legion_category","True","12191","Guardian of the Alliance: Legion Season 7","End Legion PvP season 7 in the top 3% of the rated battleground ladder (requires 50 games won your current faction in Legion Season 7).","15270","Player vs. Player","0",,"14336","0"
"snapshot_non_legion_category","True","12192","Guardian of the Horde: Legion Season 7","End Legion PvP season 7 in the top 3% of the rated battleground ladder (requires 50 games won your current faction in Legion Season 7).","15270","Player vs. Player","0",,"14336","0"
"snapshot_non_legion_category","True","12194","Defender of the Horde: Legion Season 7","End Legion PvP season 7 in the top 10% of the rated battleground ladder (requires 50 games won your current faction in Legion Season 7).","15270","Player vs. Player","0",,"14336","0"
"snapshot_non_legion_category","True","12195","Defender of the Alliance: Legion Season 7","End Legion PvP season 7 in the top 10% of the rated battleground ladder (requires 50 games won your current faction in Legion Season 7).","15270","Player vs. Player","0",,"14336","0"
"snapshot_non_legion_category","True","12196","Hero of the Horde: Demonic","End Legion PvP season 7 in the top 0.5% of the rated battleground ladder (requires 50 games won your current faction in Legion Season 7).","15270","Player vs. Player","0",,"14336","0"
"snapshot_non_legion_category","True","12197","Hero of the Alliance: Demonic","End Legion PvP season 7 in the top 0.5% of the rated battleground ladder (requires 50 games won your current faction in Legion Season 7).","15270","Player vs. Player","0",,"14336","0"
"snapshot_non_legion_category","True","12198","Demonic Elite","Reach 2000 in any Rated PvP Bracket during Legion Season 7","15283","Legion","62152",,"12288","10"
"snapshot_non_legion_category","True","12199","Demonic Combatant","Win 100 Arena (3v3) or 40 Rated Battlegrounds in Legion Season 7.","95","Player vs. Player","62156",,"4096","0"
"snapshot_non_legion_category","True","12200","Demonic Combatant","Win 100 Arena (3v3) or 40 Rated Battlegrounds in Legion Season 7.","95","Player vs. Player","62159",,"4096","0"
"snapshot_non_legion_category","True","12242","Allied Races: Void Elf","Complete the void elf unlock quest line.","81","Feats of Strength","62296",,"131072","0"
"snapshot_non_legion_category","True","12243","Allied Races: Lightforged Draenei","Complete the Lightforged draenei unlock quest line.","81","Feats of Strength","62298",,"131072","0"
"snapshot_non_legion_category","True","12244","Allied Races: Nightborne","Complete the nightborne unlock quest line.","81","Feats of Strength","62300",,"131072","0"
"snapshot_non_legion_category","True","12245","Allied Races: Highmountain Tauren","Complete the Highmountain tauren unlock quest line.","81","Feats of Strength","62302",,"131072","0"
"legion_category_confirmed","True","12257","Stardust Crusaders","Collect 20 Motes of Titanic Power within 5 seconds and then defeat Argus the Unmaker in Antorus, the Burning Throne on Normal difficulty or higher.","15255","Legion Raid","62544",,"0","10"
"snapshot_non_legion_category","True","12258","Realm First! Argus the Unmaker","First guild on the realm to defeat Argus the Unmaker in Antorus, the Burning Throne on Mythic difficulty, while in a guild group.","15093","Guild Feats of Strength","62689",,"63744","0"
"legion_category_hidden","True","12266","Argus Raid - Argus the Unmaker Defeated","","15255","Legion Raid","62342",,"1048580","0"
"snapshot_non_legion_category","True","12279","Mechanical Brawler","Win 10 PvP pet battles through Find Battle with a full team of level 25 Mechanical pets.","15119","Battle","63628",,"131072","5"
"snapshot_non_legion_category","True","12280","Aquatic Brawler","Win 10 PvP pet battles through Find Battle with a full team of level 25 Aquatic pets.","15119","Battle","63630",,"131072","5"
"snapshot_non_legion_category","True","12281","Beast Brawler","Win 10 PvP pet battles through Find Battle with a full team of level 25 Beast pets.","15119","Battle","63632",,"131072","5"
"snapshot_non_legion_category","True","12282","Elemental Brawler","Win 10 PvP pet battles through Find Battle with a full team of level 25 Elemental pets.","15119","Battle","63634",,"131072","5"
"snapshot_non_legion_category","True","12283","Magic Brawler","Win 10 PvP pet battles through Find Battle with a full team of level 25 Magic pets.","15119","Battle","63636",,"131072","5"
"snapshot_non_legion_category","True","12284","Critter Brawler","Win 10 PvP pet battles through Find Battle with a full team of level 25 Critter pets.","15119","Battle","63638",,"131072","5"
"snapshot_non_legion_category","True","12285","Undead Brawler","Win 10 PvP pet battles through Find Battle with a full team of level 25 Undead pets.","15119","Battle","63640",,"131072","5"
"snapshot_non_legion_category","True","12286","Flying Brawler","Win 10 PvP pet battles through Find Battle with a full team of level 25 Flying pets.","15119","Battle","63642",,"131072","5"
"snapshot_non_legion_category","True","12287","Dragonkin Brawler","Win 10 PvP pet battles through Find Battle with a full team of level 25 Dragonkin pets.","15119","Battle","63644",,"131072","5"
"snapshot_non_legion_category","True","12289","Humanoid Brawler","Win 10 PvP pet battles through Find Battle with a full team of level 25 Humanoid pets.","15119","Battle","63646",,"131072","5"
"snapshot_non_legion_category","True","12290","Family Brawler","Complete the following achievements.","15119","Battle","63648",,"135168","10"
"snapshot_non_legion_category","True","12291","Heritage of the Void","Earn level 110 on a newly created Void Elf character.","81","Feats of Strength","63704",,"131072","0"
"legion_category_confirmed","True","12292","Highmountain Tribe","Earn Exalted status with the Highmountain Tribe.","15258","Legion","63931",,"0","5"
"snapshot_non_legion_category","True","12297","The Siege of Ulduar","Defeat the bosses of the Siege area of Ulduar.","14922","Lich King Raid","64347",,"2097152","10"
"snapshot_non_legion_category","True","12302","The Antechamber of Ulduar","Defeat the bosses of the Antechamber area of Ulduar.","14922","Lich King Raid","64384",,"2097152","10"
"snapshot_non_legion_category","True","12309","The Keepers of Ulduar","Defeat the Keeper bosses of Ulduar.","14922","Lich King Raid","64399",,"2097152","10"
"snapshot_non_legion_category","True","12310","The Descent into Madness","Defeat the bosses of the Descent into Madness area of Ulduar.","14922","Lich King Raid","64417",,"2097152","10"
"snapshot_non_legion_category","True","12311","The Secrets of Ulduar","Defeat every boss in Ulduar.","14922","Lich King Raid","64426",,"2228224","25"
"snapshot_non_legion_category","True","12312","Dwarfageddon","Destroy 100 Steelforged Defenders in 10 seconds in the Iron Concourse at the entrance to Ulduar.","14922","Lich King Raid","64441",,"2097152","10"
"snapshot_non_legion_category","True","12313","Unbroken","Defeat Flame Leviathan in Ulduar on the first try without anyone repairing their vehicle.","14922","Lich King Raid","64445",,"2097152","10"
"snapshot_non_legion_category","True","12314","Three Car Garage","Defeat Flame Leviathan in Ulduar while in each of the following vehicles.","14922","Lich King Raid","64449",,"2097152","10"
"snapshot_non_legion_category","True","12315","Take Out Those Turrets","Destroy a Flame Leviathan Defense Turret in Ulduar.","14922","Lich King Raid","64462",,"2097152","10"
"snapshot_non_legion_category","True","12316","Shutout","Defeat Flame Leviathan in Ulduar without causing a System Shutdown.","14922","Lich King Raid","64466",,"2097152","10"
"snapshot_non_legion_category","True","12317","Orbital Bombardment","Defeat Flame Leviathan in Ulduar with at least 1 Orbital Defense System active.","14922","Lich King Raid","64470",,"2097152","10"
"snapshot_non_legion_category","True","12318","Orbital Devastation","Defeat Flame Leviathan in Ulduar with at least 2 Orbital Defense Systems active.","14922","Lich King Raid","64477",,"2097152","10"
"snapshot_non_legion_category","True","12319","Nuked from Orbit","Defeat Flame Leviathan in Ulduar with at least 3 Orbital Defense Systems active.","14922","Lich King Raid","64483",,"2097152","10"
"snapshot_non_legion_category","True","12320","Orbit-uary","Defeat Flame Leviathan in Ulduar with all 4 Orbital Defense Systems active.","14922","Lich King Raid","64487",,"2097152","10"
"snapshot_non_legion_category","True","12321","A Quick Shave","Defeat Razorscale in Ulduar without allowing her to fly into the air more than once.","14922","Lich King Raid","64491",,"2097152","10"
"snapshot_non_legion_category","True","12322","Iron Dwarf, Medium Rare","Defeat 25 Dark Rune Guardian Dwarves with Razorscale's Flame Breath in Ulduar.","14922","Lich King Raid","64497",,"2097152","10"
"snapshot_non_legion_category","True","12323","Shattered","Defeat Ignis the Furnace Master in Ulduar after shattering 2 Iron Constructs within 5 seconds.","14922","Lich King Raid","64507",,"2097152","10"
"snapshot_non_legion_category","True","12324","Hot Pocket","Survive being thrown into Ignis the Furnace Master's Slag Pot in Ulduar.","14922","Lich King Raid","64511",,"2097152","10"
"snapshot_non_legion_category","True","12325","Stokin' the Furnace","Defeat Ignis the Furnace Master in Ulduar in under 4 minutes.","14922","Lich King Raid","64515",,"2097152","10"
"snapshot_non_legion_category","True","12326","Nerf Engineering","Defeat XT-002 Deconstructor in Ulduar without allowing him to recover any health from XS-013 Scrapbots.","14922","Lich King Raid","64522",,"2097152","10"
"snapshot_non_legion_category","True","12327","Nerf Scrapbots","While facing XT-002 Deconstructor in Ulduar, using XE-321 Boombots to defeat 20 XS-013 Scrapbots within 12 seconds.","14922","Lich King Raid","64526",,"2097152","10"
"snapshot_non_legion_category","True","12328","Nerf Gravity Bombs","Defeat XT-002 Deconstructor in Ulduar without any raid member dying from a Gravity Bomb.","14922","Lich King Raid","64530",,"2097152","10"
"snapshot_non_legion_category","True","12329","Must Deconstruct Faster","Defeat XT-002 Deconstructor in Ulduar in under 205 seconds.","14922","Lich King Raid","64534",,"2097152","10"
"snapshot_non_legion_category","True","12330","Heartbreaker","Defeat XT-002 Deconstructor in Ulduar after destroying his heart.","14922","Lich King Raid","64541",,"2097152","10"
"snapshot_non_legion_category","True","12332","I Choose You, Runemaster Molgeim","Defeat the Assembly of Iron in Ulduar with Runemaster Molgeim as the last member alive.","14922","Lich King Raid","64547",,"2097152","10"
"snapshot_non_legion_category","True","12333","I Choose You, Stormcaller Brundir","Defeat the Assembly of Iron in Ulduar with Stormcaller Brundir as the last member alive.","14922","Lich King Raid","64551",,"2097152","10"
"snapshot_non_legion_category","True","12334","I Choose You, Steelbreaker","Defeat the Assembly of Iron in Ulduar with Steelbreaker as the last member alive.","14922","Lich King Raid","64557",,"2097152","10"
"snapshot_non_legion_category","True","12335","But I'm On Your Side","Defeat the Assembly of Iron in Ulduar while under the effect of an Iron Boot Flask.","14922","Lich King Raid","64564",,"2097152","10"
"snapshot_non_legion_category","True","12336","Can't Do That While Stunned","Defeat the Assembly of Iron in Ulduar without allowing Stormcaller Brundir to damage anyone with Chain Lightning or Lightning Whirl.","14922","Lich King Raid","64569",,"2097152","10"
"snapshot_non_legion_category","True","12337","With Open Arms","Defeat Kologarn in Ulduar without destroying either of his arms.","14922","Lich King Raid","64573",,"2097152","10"
"snapshot_non_legion_category","True","12338","Disarmed","Destroy both of Kologarn's arms and then Kologarn himself within 12 seconds in Ulduar.","14922","Lich King Raid","64583",,"2097152","10"
"snapshot_non_legion_category","True","12339","If Looks Could Kill","Defeat Kologarn in Ulduar without any raid member being hit by Focused Eyebeams.","14922","Lich King Raid","64588",,"2097152","10"
"snapshot_non_legion_category","True","12340","Rubble and Roll","Defeat Kologarn in Ulduar after causing at least 25 Rubble creatures to spawn.","14922","Lich King Raid","64592",,"2097152","10"
"snapshot_non_legion_category","True","12341","Crazy Cat Lady","Defeat Auriaya in Ulduar without destroying her Sanctum Sentries.","14922","Lich King Raid","64598",,"2097152","10"
"snapshot_non_legion_category","True","12342","Nine Lives","Defeat the Feral Defender and then defeat Auriaya in Ulduar.","14922","Lich King Raid","64602",,"2097152","10"
"snapshot_non_legion_category","True","12343","Cheese the Freeze","Defeat Hodir in Ulduar without any raid member being hit by Flash Freeze.","14922","Lich King Raid","64606",,"2097152","10"
"snapshot_non_legion_category","True","12344","I Have the Coolest Friends","Defeat Hodir in Ulduar without letting any of the frozen adventurers perish.","14922","Lich King Raid","64610",,"2097152","10"
"snapshot_non_legion_category","True","12345","Getting Cold in Here","Defeat Hodir in Ulduar without any raid member ever gaining more than 2 stacks of Biting Cold.","14922","Lich King Raid","64614",,"2097152","10"
"snapshot_non_legion_category","True","12346","Staying Buffed All Winter","While fighting Hodir in Ulduar, benefit from Toasty Fire, Storm Power and Starlight simultaneously.","14922","Lich King Raid","64624",,"2097152","10"
"snapshot_non_legion_category","True","12347","I Could Say That This Cache Was Rare","Defeat Hodir in Ulduar before he shatters his Rare Cache of Winter.","14922","Lich King Raid","64618",,"2097152","10"
"snapshot_non_legion_category","True","12348","Don't Stand in the Lightning","Defeat Thorim in Ulduar without any raid member being struck by Lightning Charge.","14922","Lich King Raid","64657",,"2097152","10"
"snapshot_non_legion_category","True","12349","I'll Take You All On","When fighting Thorim in Ulduar, participate in killing the Ancient Rune Giant and the Runic Colossus.","14922","Lich King Raid","8101",,"2097152","10"
"snapshot_non_legion_category","True","12350","Who Needs Bloodlust?","Defeat Thorim in Ulduar while under the effect of Aura of Celerity.","14922","Lich King Raid","64670",,"2097152","10"
"snapshot_non_legion_category","True","12351","Siffed","While fighting Thorim in Ulduar, force him into the arena before Sif departs.","14922","Lich King Raid","64674",,"2097152","10"
"snapshot_non_legion_category","True","12352","Lose Your Illusion","Defeat Thorim in Ulduar while Sif is present.","14922","Lich King Raid","64678",,"2097152","10"
"snapshot_non_legion_category","True","12360","Lumberjacked","Defeat Elder Brightleaf, Elder Ironbranch, and Elder Stonebark in Ulduar within 15 seconds of each other.","14922","Lich King Raid","64691",,"2097152","10"
"snapshot_non_legion_category","True","12361","Con-speed-atory","Defeat Freya in Ulduar within 20 minutes of the first creature killed in the Conservatory of Life.","14922","Lich King Raid","64695",,"2097152","10"
"snapshot_non_legion_category","True","12362","Deforestation","While fighting Freya in Ulduar, defeat 2 Ancient Water Spirits, 2 Storm Lashers, and 2 Snaplashers within 10 seconds.","14922","Lich King Raid","64699",,"2097152","10"
"snapshot_non_legion_category","True","12363","Getting Back to Nature","Defeat Freya in Ulduar while she is affected by at least 25 stacks of Attuned to Nature.","14922","Lich King Raid","8277",,"2097152","10"
"snapshot_non_legion_category","True","12364","Knock on Wood","Defeat Freya in Ulduar while leaving at least 1 Elder alive.","14922","Lich King Raid","64706",,"2097152","10"
"snapshot_non_legion_category","True","12365","Knock, Knock on Wood","Defeat Freya in Ulduar while leaving at least 2 Elders alive.","14922","Lich King Raid","64710",,"2097152","10"
"snapshot_non_legion_category","True","12366","Knock, Knock, Knock on Wood","Defeat Freya in Ulduar while leaving all 3 Elders alive.","14922","Lich King Raid","64714",,"2097152","10"
"snapshot_non_legion_category","True","12367","Set Up Us the Bomb","Defeat Mimiron in Ulduar without anyone in the raid being hit by the following:","14922","Lich King Raid","64718",,"2097152","10"
"snapshot_non_legion_category","True","12368","Not-So-Friendly Fire","While fighting Mimiron in Ulduar, cause him to kill an Assault Bot with a Rocket Strike.","14922","Lich King Raid","64731",,"2097152","10"
"snapshot_non_legion_category","True","12369","Firefighter","Defeat Mimiron in Ulduar after activating his Self-Destruct mechanism.","14922","Lich King Raid","64735",,"2097152","10"
"snapshot_non_legion_category","True","12372","Shadowdodger","Defeat General Vezax in Ulduar without any raid member being hit by Shadow Crash.","14922","Lich King Raid","64739",,"2097152","10"
"snapshot_non_legion_category","True","12373","I Love the Smell of Saronite in the Morning","Defeat General Vezax in Ulduar after defeating the Saronite Animus.","14922","Lich King Raid","64743",,"2097152","10"
"snapshot_non_legion_category","True","12384","Kiss and Make Up","/Kiss Sara in Ulduar while she is angry with you.","14922","Lich King Raid","64747",,"2097152","10"
"snapshot_non_legion_category","True","12385","Three Lights in the Darkness","Defeat Yogg-Saron in Ulduar with the assistance of three or fewer Keepers.","14922","Lich King Raid","64751",,"2097152","10"
"snapshot_non_legion_category","True","12386","Two Lights in the Darkness","Defeat Yogg-Saron in Ulduar with the assistance of two or fewer Keepers.","14922","Lich King Raid","64755",,"2097152","10"
"snapshot_non_legion_category","True","12387","One Light in the Darkness","Defeat Yogg-Saron in Ulduar with the assistance of one or fewer Keepers.","14922","Lich King Raid","64759",,"2097152","10"
"snapshot_non_legion_category","True","12388","Alone in the Darkness","Defeat Yogg-Saron in Ulduar without the assistance of any Keepers.","14922","Lich King Raid","64763",,"2097152","10"
"snapshot_non_legion_category","True","12395","Drive Me Crazy","Defeat Yogg-Saron in Ulduar without any raid member going insane.","14922","Lich King Raid","64767",,"2097152","10"
"snapshot_non_legion_category","True","12396","He's Not Getting Any Older","Defeat Yogg-Saron in Ulduar within 7 minutes.","14922","Lich King Raid","64771",,"2097152","10"
"snapshot_non_legion_category","True","12397","They're Coming Out of the Walls","While rescuing Sara from Yogg-Saron in Ulduar, defeat 9 Guardians of Yogg-Saron within 12 seconds.","14922","Lich King Raid","64775",,"2097152","10"
"snapshot_non_legion_category","True","12398","In His House He Waits Dreaming","Experience all 3 visions of Yogg-Saron's mind in Ulduar.","14922","Lich King Raid","64779",,"2097152","10"
"snapshot_non_legion_category","True","12399","Observed","Defeat Algalon the Observer in Ulduar.","14922","Lich King Raid","64792",,"2097152","10"
"snapshot_non_legion_category","True","12400","Supermassive","Defeat Algalon the Observer in Ulduar after closing 3 Black Holes within 10 seconds.","14922","Lich King Raid","64796",,"2097152","10"
"snapshot_non_legion_category","True","12401","Glory of the Ulduar Raider","Complete the Ulduar raid achievements listed below.","168","Dungeons & Raids","64805",,"2228224","25"
"snapshot_non_legion_category","True","12404","Claim Jumper","Within 30 seconds of landing on Seething Shore, collect an Azerite deposit.","15292","Seething Shore","65169",,"0","10"
"snapshot_non_legion_category","True","12405","Death from Above","Slay an enemy within 30 seconds of landing on Seething Shore.","15292","Seething Shore","65177",,"0","10"
"snapshot_non_legion_category","True","12406","A Good Start","Collect 100,000 Azerite in Seething Shore.","15292","Seething Shore","65167",,"0","20"
"snapshot_non_legion_category","True","12407","Seething Shore Perfection","Win Seething Shore with a score of 1500 to 0.","15292","Seething Shore","65175",,"0","20"
"snapshot_non_legion_category","True","12408","Seething Shore Domination","Capture Azerite in each of the following locations in Seething Shore.","15292","Seething Shore","65181",,"0","20"
"snapshot_non_legion_category","True","12409","Seething Shore Victory","Win Seething Shore.","15292","Seething Shore","65171",,"0","10"
"snapshot_non_legion_category","True","12410","Seething Shore Veteran","Complete 100 victories in Seething Shore.","15292","Seething Shore","65173",,"0","15"
"snapshot_non_legion_category","True","12411","Blood and Sand","Slay 50 enemies near an Azerite deposit.","15292","Seething Shore","65305",,"128","10"
"snapshot_non_legion_category","True","12412","Master of Seething Shore","Complete the Seething Shore achievements listed below.","15292","Seething Shore","65198",,"0","25"
"snapshot_non_legion_category","True","12413","Heritage of the Nightborne","Earn level 110 on a newly created Nightborne character.","81","Feats of Strength","64903",,"131072","0"
"snapshot_non_legion_category","True","12414","Heritage of the Lightforged","Earn level 110 on a newly created Lightforged Draenei character.","81","Feats of Strength","64905",,"131072","0"
"snapshot_non_legion_category","True","12415","Heritage of Highmountain","Earn level 110 on a newly created Highmountain Tauren character.","81","Feats of Strength","64907",,"131072","0"
"legion_category_confirmed","True","12416","The Total Package","Find the Postmaster in Dalaran and lend him your aid.","15252","Legion","64935",,"0","5"
"snapshot_non_legion_category","True","12429","Wetlands Quests","Complete the Wetlands storylines listed below.","14861","Eastern Kingdoms","65027",,"0","10"
"snapshot_non_legion_category","True","12430","Duskwood Quests","Complete the Duskwood storylines listed below.","14861","Eastern Kingdoms","65048",,"0","10"
"legion_category_confirmed","True","12431","Post Haste","Sort 30 letters within 60 seconds in the Postmaster's Office.","15252","Legion","65088",,"0","5"
"legion_category_confirmed","True","12439","Priority Mail","Sort 30 partially addressed letters within 60 seconds in the Postmaster's Office.","15252","Legion","65117",,"0","5"
"snapshot_non_legion_category","True","12445","Allied Races: Highmountain Tauren Unlock Requirements","","81","Feats of Strength","65249",,"1179652","0"
"snapshot_non_legion_category","True","12446","Allied Races: Nightborne Unlock Requirements","","81","Feats of Strength","65258",,"1179652","0"
"snapshot_non_legion_category","True","12447","Allied Races: Void Elf Unlock Requirements","","81","Feats of Strength","65261",,"1179652","0"
"snapshot_non_legion_category","True","12448","Allied Races: Lightforged Draenei Unlock Requirements","","81","Feats of Strength","65264",,"1179652","0"
"snapshot_non_legion_category","True","12450","Allied Races: Void Elf (Hidden Character Achievement)","Complete the quest below.","81","Feats of Strength","65267",,"1048580","0"
"snapshot_non_legion_category","True","12451","Allied Races: Lightforged Draenei (Hidden Character Achievement)","Complete the quest below.","81","Feats of Strength","65269",,"1048580","0"
"snapshot_non_legion_category","True","12452","Allied Races: Highmountain Tauren (Hidden Character Achievement)","Complete the quest below.","81","Feats of Strength","65271",,"1048580","0"
"snapshot_non_legion_category","True","12453","Allied Races: Nightborne (Hidden Character Achievement)","Complete the quest below.","81","Feats of Strength","65273",,"1048580","0"
"snapshot_non_legion_category","True","12455","Westfall & Duskwood Quests","Complete the Westfall and Duskwood storylines.","14861","Eastern Kingdoms","65286",,"1048576","0"
"snapshot_non_legion_category","True","12456","Loch Modan & Wetlands Quests","Complete the Loch Modan and Wetlands storylines.","14861","Eastern Kingdoms","65289",,"1048576","0"
