"achievement_id","title","category_id","order_path","tree_id","description","criteria_id","criteria_type","asset_id","amount","operator"
"11861","The Throne of Zuldazar","15284","0","59506","Portents and Prophecies","36882","27","49663","0","0"
"11861","The Throne of Zuldazar","15284","1","65797","Port of Zandalar","40025","27","50881","0","0"
"11861","The Throne of Zuldazar","15284","2","59508","Warport Rastari","38187","27","49310","0","0"
"11861","The Throne of Zuldazar","15284","3","59509","Web of Lies","38189","27","47528","0","0"
"11861","The Throne of Zuldazar","15284","4","59511","Among the People","37082","27","47741","0","0"
"11861","The Throne of Zuldazar","15284","5/0","59507","","37953","27","47440","0","0"
"11861","The Throne of Zuldazar","15284","5/1","61847","","37954","27","47439","0","0"
"11861","The Throne of Zuldazar","15284","6","59510","March of the Loa","38514","27","49426","0","0"
"11868","The Dark Heart of Nazmir","15284","0","59735","Deep in the Swamp","36955","27","47188","0","0"
"11868","The Dark Heart of Nazmir","15284","1","59736","A Pact with Death","36956","27","47250","0","0"
"11868","The Dark Heart of Nazmir","15284","2","59737","Undercover Sista","37971","27","49082","0","0"
"11868","The Dark Heart of Nazmir","15284","3","59738","Turtle Power","37970","27","49160","0","0"
"11868","The Dark Heart of Nazmir","15284","4","59739","A Friend of the Frogs","36957","27","47696","0","0"
"11868","The Dark Heart of Nazmir","15284","5","61873","Bring the Boom","36958","27","47601","0","0"
"11868","The Dark Heart of Nazmir","15284","6","59740","Everything Contained","36979","27","49985","0","0"
"11868","The Dark Heart of Nazmir","15284","7","61874","Bleeding the Blood Trolls","36978","27","50087","0","0"
"12087","The Reining Champion","15284","0","61547","Score at least 600 points in the Norwington Estate horse show.","37709","27","49037","1","0"
"12270","Bringing Hexy Back","15285","0","62877","Vol'kaal defeated","38504","28","259103","1","0"
"12270","Bringing Hexy Back","15285","1","62880","Priestess Alun'za defeated","38505","28","259107","1","0"
"12270","Bringing Hexy Back","15285","2","62881","Rezan defeated","38506","28","259109","1","0"
"12270","Bringing Hexy Back","15285","3","62882","Yazma defeated","38507","28","259108","1","0"
"12272","Gold Fever","15285","0","62894","","38518","28","259231","0","0"
"12273","It's Lit!","15285","0","62898","","38520","28","259289","0","0"
"12457","Remix to Ignition","15285","0","65319","","39759","0","127490","1","0"
"12462","Shot Through the Heart","15285","0","65337","","39764","0","127503","1","0"
"12473","A Sound Plan","15284","0","65710","The Ashvane Trading Company","39984","27","50531","0","0"
"12473","A Sound Plan","15284","1","65712","Freehold","39987","27","49404","0","0"
"12473","A Sound Plan","15284","2/0","65714","","39988","27","49736","0","0"
"12473","A Sound Plan","15284","2/1","65715","","39989","27","49737","0","0"
"12473","A Sound Plan","15284","2/2","65716","","39990","27","49740","0","0"
"12473","A Sound Plan","15284","3","65717","Enemies Within","39991","27","50972","0","0"
"12473","A Sound Plan","15284","4","66075","The Shadow Over Anglepoint","39993","27","49302","0","0"
"12473","A Sound Plan","15284","5/0","66077","","39992","27","48088","0","0"
"12473","A Sound Plan","15284","5/1","66078","","40155","27","48089","0","0"
"12473","A Sound Plan","15284","6/0","65711","","39985","27","48505","0","0"
"12473","A Sound Plan","15284","6/1","66876","","40551","27","49178","0","0"
"12473","A Sound Plan","15284","6/2","66877","","40552","27","49226","0","0"
"12473","A Sound Plan","15284","6/3","66878","","40553","27","49230","0","0"
"12473","A Sound Plan","15284","6/4","66879","","40554","27","48421","0","0"
"12478","Secrets in the Sands","15284","0","65787","Unlikely Allies","40280","27","51364","0","0"
"12478","Secrets in the Sands","15284","1/0","65785","","40016","27","48550","0","0"
"12478","Secrets in the Sands","15284","1/1","65786","","40017","27","48549","0","0"
"12478","Secrets in the Sands","15284","2","65789","The Warguard's Fate","40020","27","47874","0","0"
"12478","Secrets in the Sands","15284","3","65790","A City of Secrets","40021","27","50561","0","0"
"12478","Secrets in the Sands","15284","4","65791","The Three Keepers","40022","27","49340","0","0"
"12478","Secrets in the Sands","15284","5","65792","Storming the Spire","40023","27","50550","0","0"
"12478","Secrets in the Sands","15284","6","65793","Atul'Aman","40024","27","50702","0","0"
"12479","Zandalar Forever!","15284","0","65801","","40030","8","11861","0","0"
"12479","Zandalar Forever!","15284","1","65802","","40031","8","11868","0","0"
"12479","Zandalar Forever!","15284","2","65803","","40032","8","12478","0","0"
"12479","Zandalar Forever!","15284","3","65806","","40034","8","12480","0","0"
"12479","Zandalar Forever!","15284","4","65809","","40036","8","12481","0","0"
"12480","A Bargain of Blood","15284","0","65805","","40033","27","47229","0","0"
"12481","The Final Seal","15284","0","65808","","40035","152","1524","0","0"
"12481","The Final Seal","15284","1","78334","","44207","27","50954","0","0"
"12482","Get Hek'd","15298","0","65812","Golden Ravasaur Egg","40037","27","50308","1","0"
"12482","Get Hek'd","15298","1","65817","Vilescale Pearl","40041","27","50435","1","0"
"12482","Get Hek'd","15298","2","65822","Charged Ranishu Antennae","40045","27","50883","1","0"
"12482","Get Hek'd","15298","3","65813","Big Hunter Mon","40038","27","50332","1","0"
"12482","Get Hek'd","15298","4","65818","Snapjaw Tail","40042","27","50437","1","0"
"12482","Get Hek'd","15298","5","65823","Polished Ringhorn Hoof","40046","27","50890","1","0"
"12482","Get Hek'd","15298","6","65814","The Great Hat Robbery","40039","27","50381","1","0"
"12482","Get Hek'd","15298","7","65819","Nazwathan Relic","40043","27","50441","1","0"
"12482","Get Hek'd","15298","8","65824","Sturdy Redrock Jaw","40047","27","50892","1","0"
"12482","Get Hek'd","15298","9","65815","Feathered Viper Scale","40040","27","50431","1","0"
"12482","Get Hek'd","15298","10","65820","Taking the Loa Road","40044","27","50444","1","0"
"12482","Get Hek'd","15298","11","65825","Saurid Surprise","40048","27","50901","1","0"
"12483","Waycrest Manor","15285","0","65979","Kill Gorak Tul - Waycrest Manor","42241","165","2117","1","0"
"12484","Heroic: Waycrest Manor","15285","0","65981","Kill Gorak Tul - Waycrest Manor","40143","165","2117","1","0"
"12488","Mythic: Waycrest Manor","15285","0","65983","Kill Gorak Tul - Waycrest Manor","40144","165","2117","1","0"
"12489","Losing My Profession","15285","0","65985","Governess Tabitha","40145","0","131595","1","0"
"12489","Losing My Profession","15285","1","65986","Head Vintner Justin","40146","0","131615","1","0"
"12489","Losing My Profession","15285","2","65987","Groundskeeper Lilith","40147","0","131617","1","0"
"12489","Losing My Profession","15285","3","65988","Seamstress Johanna","40148","0","131619","1","0"
"12489","Losing My Profession","15285","4","65989","Huntmaster Grath","40149","0","131853","1","0"
"12489","Losing My Profession","15285","5","67353","Threshanator 3000","40749","0","141805","1","0"
"12489","Losing My Profession","15285","6","67354","Brutik Blackanvil","40750","0","141800","1","0"
"12489","Losing My Profession","15285","7","67355","Liz Vilepot","40751","0","141792","1","0"
"12490","Alchemical Romance","15285","0","65991","Destroy three Deathtouched Slavers's corpses using a single Alchemical Fire.","40150","165","2117","1","0"
"12495","Run Wild Like a Man On Fire","15285","0","66013","Defeat Soulbound Goliath with less than 12 stacks of Soul Harvest.","40156","165","2114","1","0"
"12496","Stormsong and Dance","15284","0","66030","The Tidesages of Stormsong","40160","27","51401","0","0"
"12496","Stormsong and Dance","15284","1","66116","A House in Peril","40194","27","49997","0","0"
"12496","Stormsong and Dance","15284","2","66029","The Growing Tempest","40195","27","50611","0","0"
"12496","Stormsong and Dance","15284","3","66028","At the Edge of Madness","40196","27","50824","0","0"
"12496","Stormsong and Dance","15284","4","67441","Cycle of Hatred","40198","27","51712","0","0"
"12496","Stormsong and Dance","15284","5","67442","From the Depths They Come","40162","27","49831","0","0"
"12496","Stormsong and Dance","15284","6","67443","Briarback Kraul","40161","27","50640","0","0"
"12496","Stormsong and Dance","15284","7","67444","Treasure in Deadwash","40197","27","50742","0","0"
"12497","Drust Do It.","15284","0","66065","The Final Effigy","40168","27","47982","1","0"
"12497","Drust Do It.","15284","1","66066","The Burden of Proof","40169","27","48198","1","0"
"12497","Drust Do It.","15284","2","66067","An Airtight Alibi","40170","27","48538","1","0"
"12497","Drust Do It.","15284","3","66068","The Order of Embers","40171","27","48946","1","0"
"12497","Drust Do It.","15284","4","66069","A New Order","40172","27","49807","1","0"
"12497","Drust Do It.","15284","5","66070","Break on Through","40173","27","50457","1","0"
"12497","Drust Do It.","15284","6","66071","Storming the Manor","40174","27","50588","1","0"
"12497","Drust Do It.","15284","7","66072","Drustfall","40175","27","49890","1","0"
"12497","Drust Do It.","15284","8","66073","Fighting With Fire","40176","27","50063","1","0"
"12497","Drust Do It.","15284","9","66074","Stick It To 'Em!","40177","27","50533","1","0"
"12498","Taint Nobody Got Time For That","15285","0","66082","Defeat Elder Leaxa","40179","165","2111","1","0"
"12499","Sporely Alive","15285","0","66090","","40182","165","2123","1","0"
"12500","Underrot","15285","0","66092","","39714","165","2123","1","0"
"12501","Heroic: Underrot","15285","0","66094","","40183","165","2123","1","0"
"12502","Mythic: Underrot","15285","0","66096","","40184","165","2123","1","0"
"12503","Snake Eyes","15285","0","66105","","40189","28","267613","0","0"
"12504","The Temple of Sethraliss","15285","0","66107","","39863","165","2127","0","0"
"12505","Heroic: The Temple of Sethraliss","15285","0","66109","","40190","165","2127","0","0"
"12506","Mythic: The Temple of Sethraliss","15285","0","66111","","40191","165","2127","0","0"
"12507","Snake Eater","15285","0","66113","","40192","28","270324","0","0"
"12508","Good Night, Sweet Prince","15285","0","66115","","40193","28","270325","0","0"
"12509","Ready for War","15284","0","66124","Drustvar Foothold","40200","27","51985","1","0"
"12509","Ready for War","15284","1","66671","Tiragarde Sound Foothold","40453","27","51984","1","0"
"12509","Ready for War","15284","2","66796","Stormsong Valley Foothold","40509","27","51986","1","0"
"12509","Ready for War","15284","3","66797","The First Assault","40454","27","51601","1","0"
"12509","Ready for War","15284","4","66798","The Marshal's Grave","40510","27","51789","1","0"
"12509","Ready for War","15284","5","66799","Death of a Tidesage","40511","27","52122","1","0"
"12509","Ready for War","15284","6","67654","At the Bottom of the Sea","40867","27","52978","1","0"
"12509","Ready for War","15284","7","67655","The Strike on Boralus","40868","27","53003","1","0"
"12510","Ready for War","15284","0","66126","Nazmir Foothold","40201","27","51967","1","0"
"12510","Ready for War","15284","1","66127","Vol'dun Foothold","40202","27","51969","1","0"
"12510","Ready for War","15284","2","66128","Zuldazar Foothold","40203","27","51968","1","0"
"12510","Ready for War","15284","3","67048","Blood on the Sand","40573","27","52146","1","0"
"12510","Ready for War","15284","4","67049","Chasing Darkness","40574","27","52219","1","0"
"12510","Ready for War","15284","5","67062","A Golden Opportunity","40583","27","52261","1","0"
"12510","Ready for War","15284","6","67656","Blood in the Water","40869","27","52496","1","0"
"12510","Ready for War","15284","7","67657","The Strike on Zuldazar","40870","27","52790","1","0"
"12521","Halls of Containment","15286","0","66225","Taloc","40246","165","2144","1","0"
"12521","Halls of Containment","15286","1","66226","MOTHER","40247","165","2141","1","0"
"12521","Halls of Containment","15286","2","66227","Zek'voz","40223","165","2136","1","0"
"12522","Crimson Descent","15286","0","66229","Vectis","40248","165","2134","1","0"
"12522","Crimson Descent","15286","1","66230","Fetid Devourer","40222","165","2128","1","0"
"12522","Crimson Descent","15286","2","66231","Zul","40224","165","2145","1","0"
"12523","Heart of Corruption","15286","0","66233","Mythrax","40220","165","2135","1","0"
"12523","Heart of Corruption","15286","1","66234","G'huun","40221","165","2122","1","0"
"12524","Mythic: Taloc","15286","0","66237","","40251","165","2144","1","0"
"12526","Mythic: MOTHER","15286","0","66240","","40252","165","2141","1","0"
"12527","Mythic: Zek'voz","15286","0","66242","","40253","165","2136","1","0"
"12529","Mythic: Vectis","15286","0","66244","","40254","165","2134","1","0"
"12530","Mythic: Fetid Devourer","15286","0","66251","","40260","165","2128","1","0"
"12531","Mythic: Zul","15286","0","66254","","40261","165","2145","1","0"
"12532","Mythic: Mythrax the Unraveler","15286","0","66256","","40262","165","2135","1","0"
"12533","Mythic: G'huun","15286","0","66258","","40263","165","2122","1","0"
"12548","I'm in Charge Now!","15285","0","66548","","40409","165","2093","1","0"
"12549","Not a Fun Guy","15285","0","66685","Musashitake Defeated","40455","165","2112","1","0"
"12550","Pecking Order","15285","0","71128","","43331","28","280564","0","0"
"12551","Double Dribble","15286","0","66712","","40470","165","2122","1","0"
"12555","Welcome to Zandalar","15284","0","66734","","40481","27","52131","0","0"
"12556","Explore Tiragarde Sound","15298","0","69137","Anglepoint Wharf","41799","43","3905","0","0"
"12556","Explore Tiragarde Sound","15298","1","69138","Boralus","41801","43","3922","0","0"
"12556","Explore Tiragarde Sound","15298","2","69139","Fernwood Ridge","41802","43","3924","0","0"
"12556","Explore Tiragarde Sound","15298","3","69140","Freehold","41803","43","3925","0","0"
"12556","Explore Tiragarde Sound","15298","4","69141","Norwington Estate","41804","43","3926","0","0"
"12556","Explore Tiragarde Sound","15298","5","69142","Krakenbane Cove","41805","43","3927","0","0"
"12556","Explore Tiragarde Sound","15298","6","69143","Abandoned Junkheap","41807","43","3928","0","0"
"12556","Explore Tiragarde Sound","15298","7","69144","Kennings Lodge","41808","43","3929","0","0"
"12556","Explore Tiragarde Sound","15298","8","69145","The Wailing Tideway","41809","43","3930","0","0"
"12556","Explore Tiragarde Sound","15298","9","69146","Vigil Hill","41810","43","3931","0","0"
"12556","Explore Tiragarde Sound","15298","10","69147","Waning Glacier","41811","43","3932","0","0"
"12557","Explore Drustvar","15298","0","69004","Arom's Stand","41685","43","3958","1","0"
"12557","Explore Drustvar","15298","1","69005","Barrowknoll Cemetery","41686","43","3959","1","0"
"12557","Explore Drustvar","15298","2","69006","Carver's Harbor","41687","43","3960","1","0"
"12557","Explore Drustvar","15298","3","69007","Corlain","41688","43","3961","1","0"
"12557","Explore Drustvar","15298","4","69008","Crimson Forest","41689","43","3962","1","0"
"12557","Explore Drustvar","15298","5","69009","Fallhaven","41690","43","3963","1","0"
"12557","Explore Drustvar","15298","6","69010","Fletcher's Hollow","41691","43","3964","1","0"
"12557","Explore Drustvar","15298","7","69011","Gol Koval","41692","43","3965","1","0"
"12557","Explore Drustvar","15298","8","69012","Highroad Pass","41693","43","3966","1","0"
"12557","Explore Drustvar","15298","9","69013","Western Watch","41694","43","3967","1","0"
"12557","Explore Drustvar","15298","10","69014","Iceveil Glacier","41695","43","3968","1","0"
"12557","Explore Drustvar","15298","11","69015","Waycrest Manor","41696","43","3969","1","0"
"12558","Explore Stormsong Valley","15298","0","67889","Brennadam","40978","43","3896","1","0"
"12558","Explore Stormsong Valley","15298","1","67890","Briarback Kraul","40979","43","3897","1","0"
"12558","Explore Stormsong Valley","15298","2","67891","Mariner's Strand","40980","43","3898","1","0"
"12558","Explore Stormsong Valley","15298","3","67892","Warfang Hold","40981","43","3899","1","0"
"12558","Explore Stormsong Valley","15298","4","67893","Deadwash","40982","43","3900","1","0"
"12558","Explore Stormsong Valley","15298","5","67894","Fort Daelin","40983","43","3901","1","0"
"12558","Explore Stormsong Valley","15298","6","67895","Sagehold","40984","43","3902","1","0"
"12558","Explore Stormsong Valley","15298","7","67896","Shrine of the Storm","40985","43","3903","1","0"
"12558","Explore Stormsong Valley","15298","8","67897","Millstone Hamlet","40986","43","3904","1","0"
"12559","Explore Zuldazar","15298","0","69027","Atal'Dazar","41731","43","3946","0","0"
"12559","Explore Zuldazar","15298","1","69028","Atal'Gral","41734","43","3947","0","0"
"12559","Explore Zuldazar","15298","2","69029","Blood Gate","41735","43","3948","0","0"
"12559","Explore Zuldazar","15298","3","69030","Dazar'alor","41737","43","3949","0","0"
"12559","Explore Zuldazar","15298","4","69031","Dreadpearl Shallows","41738","43","3950","0","0"
"12559","Explore Zuldazar","15298","5","69032","Garden of the Loa","41740","43","3951","0","0"
"12559","Explore Zuldazar","15298","6","69033","Savagelands","41741","43","3952","0","0"
"12559","Explore Zuldazar","15298","7","69034","The Sliver","41743","43","3953","0","0"
"12559","Explore Zuldazar","15298","8","69035","Tusk Isle","41744","43","3954","0","0"
"12559","Explore Zuldazar","15298","9","69036","Talanji's Rebuke","41746","43","3955","0","0"
"12559","Explore Zuldazar","15298","10","69037","Xibala","41747","43","3956","0","0"
"12559","Explore Zuldazar","15298","11","69038","Zeb'ahari","41749","43","3957","0","0"
"12560","Explore Vol'dun","15298","0","68890","Atul'Aman","41592","43","3934","1","0"
"12560","Explore Vol'dun","15298","1","68891","Darkwood Shoal","41593","43","3936","1","0"
"12560","Explore Vol'dun","15298","2","68892","Port of Zem'lan","41594","43","3938","1","0"
"12560","Explore Vol'dun","15298","3","68893","Redrock Harbor","41595","43","3941","1","0"
"12560","Explore Vol'dun","15298","4","68894","Shatterstone Harbor","41596","43","3939","1","0"
"12560","Explore Vol'dun","15298","5","68895","Slithering Gulch","41597","43","3940","1","0"
"12560","Explore Vol'dun","15298","6","68899","Temple of Akunda","41599","43","3933","1","0"
"12560","Explore Vol'dun","15298","7","68900","Terrace of the Devoted","41600","43","3944","1","0"
"12560","Explore Vol'dun","15298","8","68901","The Bone Pit","41601","43","3935","1","0"
"12560","Explore Vol'dun","15298","9","68902","The Brine Basin","41602","43","3937","1","0"
"12560","Explore Vol'dun","15298","10","68903","The Cracked Coast","41603","43","3943","1","0"
"12560","Explore Vol'dun","15298","11","68904","Tortaka Refuge","41604","43","3945","1","0"
"12560","Explore Vol'dun","15298","12","68905","Whistlebloom Oasis","41605","43","3942","1","0"
"12561","Explore Nazmir","15298","0","68786","Primal Wetlands","41526","43","3891","1","0"
"12561","Explore Nazmir","15298","1","68787","Heart of Darkness","41527","43","3888","1","0"
"12561","Explore Nazmir","15298","2","68788","The Rivermarsh","41528","43","3892","1","0"
"12561","Explore Nazmir","15298","3","68789","The Necropolis","41530","43","3890","1","0"
"12561","Explore Nazmir","15298","4","68790","Zalamar","41534","43","3895","1","0"
"12561","Explore Nazmir","15298","5","68791","Torga's Rest","41531","43","3893","1","0"
"12561","Explore Nazmir","15298","6","68792","Nazwatha","41529","43","3889","1","0"
"12561","Explore Nazmir","15298","7","68793","Zal'amak","41532","43","3894","1","0"
"12561","Explore Nazmir","15298","8","68794","The Frogmarsh","41533","43","3887","1","0"
"12582","Come Sail Away","15284","0","66807","A Nation Divided","39983","27","47189","0","0"
"12587","Unbound Monstrosities","15286","0","66831","Warbringer Yenajz","40529","0","140163","1","0"
"12587","Unbound Monstrosities","15286","1","66832","Hailstone Construct","40530","0","140252","1","0"
"12587","Unbound Monstrosities","15286","2","66833","T'zane","40531","0","132701","1","0"
"12587","Unbound Monstrosities","15286","3","66834","Ji'arak","40532","0","132253","1","0"
"12587","Unbound Monstrosities","15286","4","66835","Dunegorger Kraulok","40533","0","138794","1","0"
"12587","Unbound Monstrosities","15286","5","66836","Azurethos","40534","0","136385","1","0"
"12588","Eat Your Greens","15298","0","66860","Saurolisk Tail Nibs","40542","69","273779","1","0"
"12588","Eat Your Greens","15298","1","66861","Bwonsamdi's Tears","40543","69","273781","1","0"
"12588","Eat Your Greens","15298","2","66862","Gnarl Root","40544","69","273797","1","0"
"12588","Eat Your Greens","15298","3","66865","Sapphire Amaraina","40546","69","275032","1","0"
"12588","Eat Your Greens","15298","4","66870","Krag'wa's Ire","40549","69","275054","1","0"
"12588","Eat Your Greens","15298","5","66871","Stonebloom","40550","69","275059","1","0"
"12589","Heroic: Un'gol Ruins","15307","0","69279","","41887","28","245618","0","0"
"12590","Un'gol Ruins","15307","0","69227","","41878","28","245618","0","0"
"12591","Mythic: Un'gol Ruins","15307","0","69277","","41894","28","245618","0","0"
"12592","Ruined the Ruins","15307","0","69275","","41901","28","245618","0","0"
"12593","Loremaster of Kul Tiras","15284","0","66892","","40559","8","12473","1","0"
"12593","Loremaster of Kul Tiras","15284","1","66893","","40560","8","12497","1","0"
"12593","Loremaster of Kul Tiras","15284","2","66894","","40561","8","12496","1","0"
"12594","Competent Captain","15307","0","66896","","40562","28","245618","20","0"
"12595","Expert Expeditioner","15307","0","66898","","40563","28","245618","50","0"
"12596","No Tourist","15307","0","66900","","40564","28","245618","10","0"
"12597","Bayside Brawler","15307","0","66902","","40565","28","245618","10","0"
"12600","Breath of the Shrine","15285","0","67051","","40575","28","275666","1","0"
"12601","The Void Lies Sleeping","15285","0","67053","","40576","0","134060","1","0"
"12602","Trust No One","15285","0","67057","","40578","28","275718","1","0"
"12614","Loa Expectations","15284","0","67121","Boon of Gonk","40619","28","272118","0","0"
"12614","Loa Expectations","15284","1","67122","Boon of Pa'ku","40620","28","272119","0","0"
"12614","Loa Expectations","15284","2","67123","Boon of Akunda","40621","28","272121","0","0"
"12614","Loa Expectations","15284","3","67124","Boon of Bwonsamdi","40622","28","272122","0","0"
"12614","Loa Expectations","15284","4","67125","Boon of Kimbul","40623","28","272123","0","0"
"12614","Loa Expectations","15284","5","67126","Boon of Krag'wa","40624","28","272128","0","0"
"12719","Spirits Be With You","15284","0","67208","The Fallen Chieftain","40709","27","51517","0","0"
"12719","Spirits Be With You","15284","1","67209","Justice For The Fallen","40710","27","51521","0","0"
"12721","Wrap God","15285","0","68637","","41394","165","2142","1","0"
"12722","It Belongs in a Mausoleum!","15285","0","68418","First trinket found","41269","28","279021","1","0"
"12722","It Belongs in a Mausoleum!","15285","1","68419","Second trinket found","41270","28","279022","1","0"
"12722","It Belongs in a Mausoleum!","15285","2","68420","Third trinket found","41271","28","279023","1","0"
"12722","It Belongs in a Mausoleum!","15285","3","68421","Fourth trinket found","41272","28","279024","1","0"
"12723","How to Keep a Mummy","15285","0","69674","","42255","165","2143","0","0"
"12726","A Fish Out of Water","15285","0","67346","Kick fifteen Gasping Flounders back into the water then defeat Viq'Goth in the Siege of Boralus on Mythic difficulty.","44267","165","2100","1","0"
"12727","Stand by Me","15285","0","67348","Never let Dread Captain Lockwood use Bounding Retreat before defeating her in the Siege of Boralus on Mythic difficulty.","40745","0","129208","1","0"
"12771","Treasures of Nazmir","15298","0","67644","Lucky Horace's Lucky Chest","40857","27","49867","1","0"
"12771","Treasures of Nazmir","15298","1","67645","Partially-Digested Treasure","40858","27","50061","1","0"
"12771","Treasures of Nazmir","15298","2","67646","Cursed Nazmani Chest","40859","27","49979","1","0"
"12771","Treasures of Nazmir","15298","3","67647","Cleverly Disguised Chest","40860","27","49885","1","0"
"12771","Treasures of Nazmir","15298","4","67648","Lost Nazmani Treasure","40861","27","49891","1","0"
"12771","Treasures of Nazmir","15298","5","67649","Offering to Bwonsamdi","40862","27","49484","1","0"
"12771","Treasures of Nazmir","15298","6","67650","Shipwrecked Chest","40863","27","49483","1","0"
"12771","Treasures of Nazmir","15298","7","67651","Venomous Seal","40864","27","49889","1","0"
"12771","Treasures of Nazmir","15298","8","67652","Swallowed Naga Chest","40865","27","50045","1","0"
"12771","Treasures of Nazmir","15298","9","67653","Wunja's Trove","40866","27","49313","1","0"
"12772","Now We Got Bad Blood","15286","0","67660","","40871","165","2134","1","0"
"12823","Thrash Mouth - All Stars","15286","0","67764","","40915","28","278002","1","0"
"12824","Atal'Dazar","15285","0","67766","","41418","165","2087","1","0"
"12825","Heroic: Atal'Dazar","15285","0","67768","","40916","165","2087","1","0"
"12826","Mythic: Atal'Dazar","15285","0","67770","","40808","165","2087","1","0"
"12828","What's in the Box?","15286","0","67866","","40960","165","2136","1","0"
"12830","Edgelords","15286","0","67812","","40936","165","2145","1","0"
"12831","Freehold","15285","0","67818","","37369","165","2096","1","0"
"12832","Heroic: Freehold","15285","0","67820","","40939","165","2096","1","0"
"12833","Mythic: Freehold","15285","0","67822","","40812","165","2096","1","0"
"12835","Shrine of the Storm","15285","0","67824","","39779","165","2133","1","0"
"12836","Existential Crisis","15286","0","67832","","40943","165","2135","1","0"
"12837","Heroic: Shrine of the Storm","15285","0","67826","","40940","165","2133","1","0"
"12838","Mythic: Shrine of the Storm","15285","0","67828","","40941","165","2133","1","0"
"12840","Tol Dagor","15285","0","67830","","40158","165","2104","1","0"
"12841","Heroic: Tol Dagor","15285","0","67834","","40942","165","2104","1","0"
"12842","Mythic: Tol Dagor","15285","0","67836","","40944","165","2104","1","0"
"12844","The MOTHERLODE!!","15285","0","67854","","38196","165","2108","1","0"
"12845","Heroic: The MOTHERLODE!!","15285","0","67856","","40954","165","2108","1","0"
"12846","Mythic: The MOTHERLODE!!","15285","0","67858","","40955","165","2108","1","0"
"12847","Siege of Boralus","15285","0","67862","","43355","165","2100","1","0"
"12848","Kings' Rest","15285","0","67865","","40959","165","2143","1","0"
"12849","Treasures of Vol'dun","15298","0","67873","Ashvane Spoils","40966","27","50237","1","0"
"12849","Treasures of Vol'dun","15298","1","67874","Grayal's Last Offering","40967","27","51093","1","0"
"12849","Treasures of Vol'dun","15298","2","67875","Lost Explorer's Bounty","40968","27","51132","1","0"
"12849","Treasures of Vol'dun","15298","3","67876","Sandfury Reserve","40969","27","51133","1","0"
"12849","Treasures of Vol'dun","15298","4","67877","Stranded Cache","40970","27","51135","1","0"
"12849","Treasures of Vol'dun","15298","5","67878","Excavator's Greed","40971","27","51136","1","0"
"12849","Treasures of Vol'dun","15298","6","67879","Zem'lan's Buried Treasure","40972","27","51137","1","0"
"12849","Treasures of Vol'dun","15298","7","67913","Lost Offerings of Kimbul","41002","27","52992","1","0"
"12849","Treasures of Vol'dun","15298","8","67914","Deadwood Chest","41003","27","52994","1","0"
"12849","Treasures of Vol'dun","15298","9","67915","Sandsunken Treasure","41004","27","53004","1","0"
"12851","Treasures of Zuldazar","15298","0","67899","Offerings of the Chosen","40988","27","48938","1","0"
"12851","Treasures of Zuldazar","15298","1","67900","Witch Doctor's Hoard","40989","27","50259","1","0"
"12851","Treasures of Zuldazar","15298","2","67901","Spoils of Pandaria","40990","27","49936","1","0"
"12851","Treasures of Zuldazar","15298","3","67902","Gift of the Brokenhearted","40991","27","50582","1","0"
"12851","Treasures of Zuldazar","15298","4","67903","Warlord's Cache","40992","27","49257","1","0"
"12851","Treasures of Zuldazar","15298","5","67904","Dazar's Forgotten Chest","40993","27","50707","1","0"
"12851","Treasures of Zuldazar","15298","6","67905","Da White Shark's Bounty","40994","27","50947","1","0"
"12851","Treasures of Zuldazar","15298","7","67906","The Exile's Lament","40995","27","50949","1","0"
"12851","Treasures of Zuldazar","15298","8","67907","Cache of Secrets","40996","27","51338","1","0"
"12851","Treasures of Zuldazar","15298","9","67908","Riches of Tor'nowa","40997","27","51624","1","0"
"12852","Treasures of Tiragarde Sound","15298","0","67943","Hay Covered Chest","41012","27","49963","1","0"
"12852","Treasures of Tiragarde Sound","15298","1","67944","Cutwater Treasure Chest","41013","27","50442","1","0"
"12852","Treasures of Tiragarde Sound","15298","2","67945","Precarious Noble Cache","41014","27","52866","1","0"
"12852","Treasures of Tiragarde Sound","15298","3","67946","Forgotten Smuggler's Stash","41015","27","52867","1","0"
"12852","Treasures of Tiragarde Sound","15298","4","67947","Scrimshaw Cache","41016","27","52870","1","0"
"12852","Treasures of Tiragarde Sound","15298","5","67948","Secret of the Depths","41017","27","52195","1","0"
"12852","Treasures of Tiragarde Sound","15298","6","67949","Soggy Treasure Map","41018","27","52807","1","0"
"12852","Treasures of Tiragarde Sound","15298","7","67950","Faded Treasure Map","41019","27","52833","1","0"
"12852","Treasures of Tiragarde Sound","15298","8","67951","Yellowed Treasure Map","41020","27","52836","1","0"
"12852","Treasures of Tiragarde Sound","15298","9","67952","Singed Treasure Map","41021","27","52845","1","0"
"12853","Treasures of Stormsong Valley","15298","0","68003","Weathered Treasure Chest","41061","27","51449","1","0"
"12853","Treasures of Stormsong Valley","15298","1","68004","Old Ironbound Chest","41062","27","50089","1","0"
"12853","Treasures of Stormsong Valley","15298","2","68005","Frosty Treasure Chest","41063","27","50526","1","0"
"12853","Treasures of Stormsong Valley","15298","3","68006","Sunken Strongbox","41064","27","50734","1","0"
"12853","Treasures of Stormsong Valley","15298","4","68007","Hidden Scholar's Chest","41065","27","50937","1","0"
"12853","Treasures of Stormsong Valley","15298","5","68008","Smuggler's Stash","41066","27","49811","1","0"
"12853","Treasures of Stormsong Valley","15298","6","68009","Discarded Lunchbox","41067","27","52326","1","0"
"12853","Treasures of Stormsong Valley","15298","7","68010","Carved Wooden Chest","41068","27","52429","1","0"
"12853","Treasures of Stormsong Valley","15298","8","68011","Venture Co. Supply Chest","41069","27","52976","1","0"
"12853","Treasures of Stormsong Valley","15298","9","68012","Forgotten Chest","41070","27","52980","1","0"
"12854","Ready for Raiding VI","15285","0","69672","Defeat Mogul Razdunk without being struck by Gatling Gun, Micro Missiles, Big Red Rocket, or a direct hit from Drill Smash in The MOTHERLODE!! on Mythic difficulty.","42253","28","281363","1","0"
"12855","Pitch Invasion","15285","0","68024","Defeat the Coin-Operated Crowd Pummeler after defeating Ledley the Bold in The MOTHERLODE!! on Mythic difficulty.","41078","165","2105","1","0"
"12867","Azeroth at War: The Barrens","15308","0","68068","","41096","174","1929","1","0"
"12867","Azeroth at War: The Barrens","15308","1","68069","","41097","174","1923","1","0"
"12867","Azeroth at War: The Barrens","15308","2","68070","","41098","174","1934","1","0"
"12867","Azeroth at War: The Barrens","15308","3","68071","","41099","174","1935","1","0"
"12867","Azeroth at War: The Barrens","15308","4","68072","","41100","174","1879","1","0"
"12867","Azeroth at War: The Barrens","15308","5","68073","","41101","174","1959","1","0"
"12867","Azeroth at War: The Barrens","15308","6","68074","","41102","174","1937","1","0"
"12867","Azeroth at War: The Barrens","15308","7","68075","","41103","174","1936","1","0"
"12867","Azeroth at War: The Barrens","15308","8","68076","","41104","174","1943","1","0"
"12867","Azeroth at War: The Barrens","15308","9","68077","","41105","174","1951","1","0"
"12867","Azeroth at War: The Barrens","15308","10","68078","","41106","174","1944","1","0"
"12867","Azeroth at War: The Barrens","15308","11","68079","","41107","174","1955","1","0"
"12867","Azeroth at War: The Barrens","15308","12","68080","","41108","174","1956","1","0"
"12869","Azeroth at War: After Lordaeron","15308","0","68223","","41163","174","1921","1","0"
"12869","Azeroth at War: After Lordaeron","15308","1","68231","","41164","174","1922","1","0"
"12869","Azeroth at War: After Lordaeron","15308","2","68224","","41165","174","1927","1","0"
"12869","Azeroth at War: After Lordaeron","15308","3","68227","","41166","174","1928","1","0"
"12869","Azeroth at War: After Lordaeron","15308","4","68234","","41167","174","1932","1","0"
"12869","Azeroth at War: After Lordaeron","15308","5","68230","","41168","174","1933","1","0"
"12869","Azeroth at War: After Lordaeron","15308","6","68226","","41169","174","1941","1","0"
"12869","Azeroth at War: After Lordaeron","15308","7","68229","","41170","174","1942","1","0"
"12869","Azeroth at War: After Lordaeron","15308","8","68233","","41171","174","1946","1","0"
"12869","Azeroth at War: After Lordaeron","15308","9","68225","","41172","174","1949","1","0"
"12869","Azeroth at War: After Lordaeron","15308","10","68222","","41173","174","1950","1","0"
"12869","Azeroth at War: After Lordaeron","15308","11","68232","","41174","174","1952","1","0"
"12869","Azeroth at War: After Lordaeron","15308","12","68228","","41175","174","1953","1","0"
"12870","Azeroth at War: Kalimdor on Fire","15308","0","68263","","41202","174","1919","1","0"
"12870","Azeroth at War: Kalimdor on Fire","15308","1","68264","","41203","174","1920","1","0"
"12870","Azeroth at War: Kalimdor on Fire","15308","2","68265","","41204","174","1925","1","0"
"12870","Azeroth at War: Kalimdor on Fire","15308","3","68266","","41205","174","1926","1","0"
"12870","Azeroth at War: Kalimdor on Fire","15308","4","68267","","41206","174","1930","1","0"
"12870","Azeroth at War: Kalimdor on Fire","15308","5","68268","","41207","174","1931","1","0"
"12870","Azeroth at War: Kalimdor on Fire","15308","6","68269","","41208","174","1938","1","0"
"12870","Azeroth at War: Kalimdor on Fire","15308","7","68270","","41209","174","1939","1","0"
"12870","Azeroth at War: Kalimdor on Fire","15308","8","68271","","41210","174","1940","1","0"
"12870","Azeroth at War: Kalimdor on Fire","15308","9","68272","","41211","174","1945","1","0"
"12870","Azeroth at War: Kalimdor on Fire","15308","10","68273","","41212","174","1947","1","0"
"12870","Azeroth at War: Kalimdor on Fire","15308","11","68274","","41213","174","1948","1","0"
"12870","Azeroth at War: Kalimdor on Fire","15308","12","68275","","41214","174","1954","1","0"
"12872","The Dirty Five","15308","0","68276","","41215","187","0","0","0"
"12873","War is Hell","15308","0","68086","","41109","152","1346","1","0"
"12874","An Eventful Battle","15308","0","68578","Fozruk","42128","28","280888","1","0"
"12874","An Eventful Battle","15308","1","68579","Hostage Rescue","42129","28","280902","1","0"
"12874","An Eventful Battle","15308","2","68580","Lost Caravan","42130","28","280901","1","0"
"12874","An Eventful Battle","15308","3","68581","The Branchlord","41364","0","126427","1","0"
"12874","An Eventful Battle","15308","4","68582","Rumbling Goliath","42131","28","280889","1","0"
"12874","An Eventful Battle","15308","5","68583","Yogursa","42123","0","142251","1","0"
"12874","An Eventful Battle","15308","6","68584","Thundering Goliath","42132","28","280890","1","0"
"12874","An Eventful Battle","15308","7","68585","Plaguefeather","42124","0","142361","1","0"
"12874","An Eventful Battle","15308","8","68586","Ragebeak","42125","0","142321","1","0"
"12874","An Eventful Battle","15308","9","68587","Skullripper","42126","0","142312","1","0"
"12874","An Eventful Battle","15308","10","68588","Venomarus","42127","0","142301","1","0"
"12874","An Eventful Battle","15308","11","68589","Cresting Goliath","42133","28","280891","1","0"
"12876","Strike Fast","15308","0","68106","Circle of Elements","41111","73","60288","1","0"
"12876","Strike Fast","15308","1","68107","Hatchet Ridge","41113","73","60377","1","0"
"12876","Strike Fast","15308","2","68104","High Perch","41114","73","60492","1","0"
"12876","Strike Fast","15308","3","68105","Northfold Crossing","41115","73","60559","1","0"
"12876","Strike Fast","15308","4","68110","Newstead","41116","73","60573","1","0"
"12876","Strike Fast","15308","5","68109","Valorcall Pass","41117","73","60940","1","0"
"12876","Strike Fast","15308","6","68108","Drywhisker Mine","41118","73","60990","1","0"
"12877","Strike Hard","15308","0","68097","Circle of Elements","41111","73","60288","1","0"
"12877","Strike Hard","15308","1","68098","Hatchet Ridge","41113","73","60377","1","0"
"12877","Strike Hard","15308","2","68099","High Perch","41114","73","60492","1","0"
"12877","Strike Hard","15308","3","68100","Northfold Crossing","41115","73","60559","1","0"
"12877","Strike Hard","15308","4","68101","Newstead","41116","73","60573","1","0"
"12877","Strike Hard","15308","5","68102","Valorcall Pass","41117","73","60940","1","0"
"12877","Strike Hard","15308","6","68103","Drywhisker Mine","41118","73","60990","1","0"
"12878","Leader of Troops","15308","0","68112","Grunts","41120","29","243551","1","0"
"12878","Leader of Troops","15308","1","68113","Axe Thowers","41121","29","281594","1","0"
"12878","Leader of Troops","15308","2","68114","Shaman","41122","29","256097","1","0"
"12878","Leader of Troops","15308","3","68115","Raiders","41123","29","256063","1","0"
"12878","Leader of Troops","15308","4","68122","Demolishers","43403","29","314318","1","0"
"12879","Tour of War","15308","0/0","68124","Danath Trollbane","43479","152","1346","1","0"
"12879","Tour of War","15308","1/0","68127","Turalyon","42136","152","1346","1","0"
"12879","Tour of War","15308","2/0","68130","Muradin","42137","152","1346","1","0"
"12881","War is Hell","15308","0","68090","","41110","152","1568","1","0"
"12884","Leader of Troops","15308","0","68117","Footmen","41124","29","281653","1","0"
"12884","Leader of Troops","15308","1","68118","Riflemen","41125","29","281658","1","0"
"12884","Leader of Troops","15308","2","68119","Priests","41126","29","281662","1","0"
"12884","Leader of Troops","15308","3","68120","Knights","41127","29","281666","1","0"
"12884","Leader of Troops","15308","4","69482","Siege Engine","42138","29","314319","1","0"
"12886","Tour of War","15308","0/0","68144","Eitrigg","43480","152","1568","1","0"
"12886","Tour of War","15308","1/0","68147","Lady Liadrin","42134","152","1568","1","0"
"12886","Tour of War","15308","2/0","68150","Rokhan","42135","152","1568","1","0"
"12888","Strike Hard","15308","0","68163","Galson's Lode","41130","73","63882","1","0"
"12888","Strike Hard","15308","1","68164","Highlands Mill","41131","73","63884","1","0"
"12888","Strike Hard","15308","2","68165","Valorcall Pass","41132","73","63871","1","0"
"12888","Strike Hard","15308","3","68166","High Perch","41133","73","63877","1","0"
"12888","Strike Hard","15308","4","68167","Newstead","41134","73","63875","1","0"
"12888","Strike Hard","15308","5","68168","Circle of Elements","41135","73","63879","1","0"
"12888","Strike Hard","15308","6","68169","Northfold Crossing","41136","73","63873","1","0"
"12889","Strike Fast","15308","0","68172","Galson's Lode","41130","73","63882","1","0"
"12889","Strike Fast","15308","1","68176","Highlands Mill","41131","73","63884","1","0"
"12889","Strike Fast","15308","2","68173","Valorcall Pass","41132","73","63871","1","0"
"12889","Strike Fast","15308","3","68177","High Perch","41133","73","63877","1","0"
"12889","Strike Fast","15308","4","68171","Newstead","41134","73","63875","1","0"
"12889","Strike Fast","15308","5","68174","Circle of Elements","41135","73","63879","1","0"
"12889","Strike Fast","15308","6","68175","Northfold Crossing","41136","73","63873","1","0"
"12891","A Nation United","15284","0","68179","","41137","8","12593","0","0"
"12891","A Nation United","15284","1","68180","","41395","8","12997","0","0"
"12891","A Nation United","15284","2","68181","A Nation United","41138","27","52151","0","0"
"12896","Azeroth at War: The Barrens","15308","0","68208","","41140","174","1885","1","0"
"12896","Azeroth at War: The Barrens","15308","1","68209","","41141","174","1886","1","0"
"12896","Azeroth at War: The Barrens","15308","2","68210","","41139","174","1890","1","0"
"12896","Azeroth at War: The Barrens","15308","3","68211","","41142","174","1891","1","0"
"12896","Azeroth at War: The Barrens","15308","4","68212","","41143","174","1896","1","0"
"12896","Azeroth at War: The Barrens","15308","5","68213","","41144","174","1897","1","0"
"12896","Azeroth at War: The Barrens","15308","6","68214","","41145","174","1898","1","0"
"12896","Azeroth at War: The Barrens","15308","7","68215","","41146","174","1899","1","0"
"12896","Azeroth at War: The Barrens","15308","8","68216","","41147","174","1905","1","0"
"12896","Azeroth at War: The Barrens","15308","9","68217","","41148","174","1906","1","0"
"12896","Azeroth at War: The Barrens","15308","10","68218","","41149","174","1913","1","0"
"12896","Azeroth at War: The Barrens","15308","11","68219","","41150","174","1917","1","0"
"12896","Azeroth at War: The Barrens","15308","12","68220","","41151","174","1918","1","0"
"12898","Azeroth at War: After Lordaeron","15308","0","68236","","41176","174","1883","1","0"
"12898","Azeroth at War: After Lordaeron","15308","1","68237","","41177","174","1884","1","0"
"12898","Azeroth at War: After Lordaeron","15308","2","68238","","41178","174","1888","1","0"
"12898","Azeroth at War: After Lordaeron","15308","3","68239","","41179","174","1889","1","0"
"12898","Azeroth at War: After Lordaeron","15308","4","68240","","41180","174","1894","1","0"
"12898","Azeroth at War: After Lordaeron","15308","5","68241","","41181","174","1895","1","0"
"12898","Azeroth at War: After Lordaeron","15308","6","68242","","41182","174","1903","1","0"
"12898","Azeroth at War: After Lordaeron","15308","7","68243","","41183","174","1904","1","0"
"12898","Azeroth at War: After Lordaeron","15308","8","68244","","41184","174","1909","1","0"
"12898","Azeroth at War: After Lordaeron","15308","9","68245","","41185","174","1911","1","0"
"12898","Azeroth at War: After Lordaeron","15308","10","68246","","41186","174","1912","1","0"
"12898","Azeroth at War: After Lordaeron","15308","11","68247","","41187","174","1914","1","0"
"12898","Azeroth at War: After Lordaeron","15308","12","68248","","41188","174","1915","1","0"
"12899","Azeroth at War: Kalimdor on Fire","15308","0","68250","","41189","174","1858","1","0"
"12899","Azeroth at War: Kalimdor on Fire","15308","1","68251","","41190","174","1866","1","0"
"12899","Azeroth at War: Kalimdor on Fire","15308","2","68252","","41191","174","1882","1","0"
"12899","Azeroth at War: Kalimdor on Fire","15308","3","68253","","41192","174","1887","1","0"
"12899","Azeroth at War: Kalimdor on Fire","15308","4","68254","","41193","174","1892","1","0"
"12899","Azeroth at War: Kalimdor on Fire","15308","5","68255","","41194","174","1893","1","0"
"12899","Azeroth at War: Kalimdor on Fire","15308","6","68256","","41195","174","1900","1","0"
"12899","Azeroth at War: Kalimdor on Fire","15308","7","68257","","41196","174","1901","1","0"
"12899","Azeroth at War: Kalimdor on Fire","15308","8","68258","","41197","174","1902","1","0"
"12899","Azeroth at War: Kalimdor on Fire","15308","9","68259","","41198","174","1907","1","0"
"12899","Azeroth at War: Kalimdor on Fire","15308","10","68260","","41199","174","1908","1","0"
"12899","Azeroth at War: Kalimdor on Fire","15308","11","68261","","41200","174","1910","1","0"
"12899","Azeroth at War: Kalimdor on Fire","15308","12","68262","","41201","174","1916","1","0"
"12918","Have a Heart","15417","0","68314","","41236","36","158075","1","0"
"12937","Elevator Music","15286","0","68996","","41678","0","137119","0","0"
"12938","Parental Controls","15286","0","70708","","43144","0","135452","0","0"
"12939","Adventurer of Tiragarde Sound","15298","0","69152","Auditor Dolp","41793","0","132182","1","0"
"12939","Adventurer of Tiragarde Sound","15298","1","69153","Barman Bill","41795","0","129181","1","0"
"12939","Adventurer of Tiragarde Sound","15298","2","69154","Bashmu","41796","0","132068","1","0"
"12939","Adventurer of Tiragarde Sound","15298","3","69155","Black-Eyed Bart","41797","0","132086","1","0"
"12939","Adventurer of Tiragarde Sound","15298","4","69156","Blackthorne","41798","0","139145","1","0"
"12939","Adventurer of Tiragarde Sound","15298","5","69157","Broodmother Razora","41800","0","130508","1","0"
"12939","Adventurer of Tiragarde Sound","15298","6","69158","Captain Wintersail","41806","0","132088","1","0"
"12939","Adventurer of Tiragarde Sound","15298","7","69159","Carla Smirk","41812","0","139152","1","0"
"12939","Adventurer of Tiragarde Sound","15298","8","69160","Fowlmouth","41813","0","132211","1","0"
"12939","Adventurer of Tiragarde Sound","15298","9","69161","Foxhollow Skyterror","41814","0","132127","1","0"
"12939","Adventurer of Tiragarde Sound","15298","10","69162","Gulliver","41819","0","139233","1","0"
"12939","Adventurer of Tiragarde Sound","15298","11","69163","Kulett the Ornery","41820","0","131520","1","0"
"12939","Adventurer of Tiragarde Sound","15298","12","69164","Lumbergrasp Sentinel","41821","0","134106","1","0"
"12939","Adventurer of Tiragarde Sound","15298","13","69165","Maison the Portable","41822","0","139290","1","0"
"12939","Adventurer of Tiragarde Sound","15298","14","69166","Imperiled Merchants","41823","0","137183","1","0"
"12939","Adventurer of Tiragarde Sound","15298","15","69167","Merianae","41824","0","131252","1","0"
"12939","Adventurer of Tiragarde Sound","15298","16","69168","P4-N73R4","41825","0","139205","1","0"
"12939","Adventurer of Tiragarde Sound","15298","17","69169","Pack Leader Asenya","41826","0","131262","1","0"
"12939","Adventurer of Tiragarde Sound","15298","18","69170","Raging Swell","41827","0","132179","1","0"
"12939","Adventurer of Tiragarde Sound","15298","19","69171","Ranja","41828","0","139278","1","0"
"12939","Adventurer of Tiragarde Sound","15298","20","69172","Saurolisk Tamer Mugg","41829","0","127290","1","0"
"12939","Adventurer of Tiragarde Sound","15298","21","69173","Sawtooth","41830","0","139287","1","0"
"12939","Adventurer of Tiragarde Sound","15298","22","69174","Shiverscale the Toxic","41831","0","139285","1","0"
"12939","Adventurer of Tiragarde Sound","15298","23","69175","Squacks","41832","0","132280","1","0"
"12939","Adventurer of Tiragarde Sound","15298","24","69176","Squirgle of the Depths","41833","0","139135","1","0"
"12939","Adventurer of Tiragarde Sound","15298","25","69177","Sythian the Swift","41834","0","139280","1","0"
"12939","Adventurer of Tiragarde Sound","15298","26","69178","Tempestria","41835","0","133356","1","0"
"12939","Adventurer of Tiragarde Sound","15298","27","69179","Tentulos the Drifter","41836","0","139289","1","0"
"12939","Adventurer of Tiragarde Sound","15298","28","69180","Teres","41837","0","131389","1","0"
"12939","Adventurer of Tiragarde Sound","15298","29","69181","Tort Jaw","41838","0","139235","1","0"
"12939","Adventurer of Tiragarde Sound","15298","30","69182","Totes","41839","0","132076","1","0"
"12939","Adventurer of Tiragarde Sound","15298","31","69183","Twin-hearted Construct","41840","0","131984","1","0"
"12940","Adventurer of Stormsong Valley","15298","0","69076","Song Mistress Dadalea","41753","27","52448","1","0"
"12940","Adventurer of Stormsong Valley","15298","1","69078","Severus the Outcast","41754","27","50938","1","0"
"12940","Adventurer of Stormsong Valley","15298","2","69079","Seabreaker Skoloth","41755","27","51757","1","0"
"12940","Adventurer of Stormsong Valley","15298","3","69080","Sabertron","41756","27","51956","1","0"
"12940","Adventurer of Stormsong Valley","15298","4","69081","The Lichen King","41757","27","50974","1","0"
"12940","Adventurer of Stormsong Valley","15298","5","69082","Ragna","41758","27","50725","1","0"
"12940","Adventurer of Stormsong Valley","15298","6","69083","Slickspill","41759","27","51958","1","0"
"12940","Adventurer of Stormsong Valley","15298","7","69084","Broodmother","41760","27","51298","1","0"
"12940","Adventurer of Stormsong Valley","15298","8","69085","Galestorm","41761","27","50075","1","0"
"12940","Adventurer of Stormsong Valley","15298","9","69086","Whirlwing","41762","27","52457","1","0"
"12940","Adventurer of Stormsong Valley","15298","10","69087","Kickers","41763","27","52318","1","0"
"12940","Adventurer of Stormsong Valley","15298","11","69088","Foreman Scripps","41765","27","49951","1","0"
"12940","Adventurer of Stormsong Valley","15298","12","69098","Poacher Zane","41769","27","52469","1","0"
"12940","Adventurer of Stormsong Valley","15298","13","69099","Pinku'shon","41772","27","51959","1","0"
"12940","Adventurer of Stormsong Valley","15298","14","69100","Grimscowl the Harebrained","41774","27","52329","1","0"
"12940","Adventurer of Stormsong Valley","15298","15","69101","Deepfang","41775","27","50692","1","0"
"12940","Adventurer of Stormsong Valley","15298","16","69102","Croaker","41776","27","52303","1","0"
"12940","Adventurer of Stormsong Valley","15298","17","69103","Corrupted Pod","41777","27","52121","1","0"
"12940","Adventurer of Stormsong Valley","15298","18","69104","Crushtacean","41778","27","52466","1","0"
"12940","Adventurer of Stormsong Valley","15298","19","69105","Dagrus the Scorned","43470","27","50731","1","0"
"12940","Adventurer of Stormsong Valley","15298","20","69106","Vinespeaker Ratha","41782","27","50037","1","0"
"12940","Adventurer of Stormsong Valley","15298","21","69107","Strange Mushroom Ring","41787","27","50024","1","0"
"12940","Adventurer of Stormsong Valley","15298","22","69135","Haegol the Hammer","41815","27","52460","1","0"
"12940","Adventurer of Stormsong Valley","15298","23","69148","Squall","41816","27","52433","1","0"
"12940","Adventurer of Stormsong Valley","15298","24","69149","Ice Sickle","41817","27","52327","1","0"
"12940","Adventurer of Stormsong Valley","15298","25","69150","Captain Razorspine","41818","27","50170","1","0"
"12940","Adventurer of Stormsong Valley","15298","26","69184","Whiplash","41841","27","52296","1","0"
"12940","Adventurer of Stormsong Valley","15298","27","69185","Sister Absinthe","41842","27","52441","1","0"
"12940","Adventurer of Stormsong Valley","15298","28","69186","Wagga Snarltusk","41843","27","50819","1","0"
"12940","Adventurer of Stormsong Valley","15298","29","69187","Nestmother Acada","41844","27","51762","1","0"
"12940","Adventurer of Stormsong Valley","15298","30","69188","Osca the Bloodied","41845","27","52461","1","0"
"12940","Adventurer of Stormsong Valley","15298","31","69189","Sandfang","41846","27","52125","1","0"
"12940","Adventurer of Stormsong Valley","15298","32","69190","Taja the Tidehowler","41847","27","52123","1","0"
"12940","Adventurer of Stormsong Valley","15298","33/0","69192","Doc Marrtens","41849","27","52323","1","0"
"12940","Adventurer of Stormsong Valley","15298","33/1","69191","Jakala the Cruel","41848","27","52324","1","0"
"12941","Adventurer of Drustvar","15298","0","69040","Betsy","41706","27","47884","1","0"
"12941","Adventurer of Drustvar","15298","1","69041","Quillrat Matriarch","41707","27","48178","1","0"
"12941","Adventurer of Drustvar","15298","2","69042","Barbthorn Queen","41708","27","48842","1","0"
"12941","Adventurer of Drustvar","15298","3","69043","Vicemaul","41709","27","48928","1","0"
"12941","Adventurer of Drustvar","15298","4","69045","Bonesquall","41711","27","48978","1","0"
"12941","Adventurer of Drustvar","15298","5","69046","Gluttonous Yeti","41712","27","48979","1","0"
"12941","Adventurer of Drustvar","15298","6","69047","Longfang","41713","27","48981","1","0"
"12941","Adventurer of Drustvar","15298","7","69048","Ancient Sarcophagus","41714","27","49137","1","0"
"12941","Adventurer of Drustvar","15298","8","69049","Beastly Ritual Skull","41715","27","49216","1","0"
"12941","Adventurer of Drustvar","15298","9","69051","Rimestone","41717","27","49269","1","0"
"12941","Adventurer of Drustvar","15298","10","69052","Whargarble the Ill-Tempered","41718","27","49311","1","0"
"12941","Adventurer of Drustvar","15298","11","69053","Seething Cache","41719","27","49341","1","0"
"12941","Adventurer of Drustvar","15298","12","69054","Grozgore","41720","27","49388","1","0"
"12941","Adventurer of Drustvar","15298","13","69055","Gorehorn","41721","27","49480","1","0"
"12941","Adventurer of Drustvar","15298","14","69056","Beshol","41722","27","49481","1","0"
"12941","Adventurer of Drustvar","15298","15","69057","Talon","41723","27","49528","1","0"
"12941","Adventurer of Drustvar","15298","16","69058","Emily Mayville","41724","27","49530","1","0"
"12941","Adventurer of Drustvar","15298","17","69059","Nevermore","41725","27","49601","1","0"
"12941","Adventurer of Drustvar","15298","18","69060","Balethorn","41726","27","49602","1","0"
"12941","Adventurer of Drustvar","15298","19","69061","Bilefang Mother","41727","27","50163","1","0"
"12941","Adventurer of Drustvar","15298","20","69062","Executioner Blackwell","41728","27","50546","1","0"
"12941","Adventurer of Drustvar","15298","21","69063","Deathcap","42342","27","50669","1","0"
"12941","Adventurer of Drustvar","15298","22","69064","Hyo'gi","41729","27","50688","1","0"
"12941","Adventurer of Drustvar","15298","23","69065","Captain Leadfist","41730","27","50939","1","0"
"12941","Adventurer of Drustvar","15298","24","69066","Arvon the Betrayed","41732","27","51383","1","0"
"12941","Adventurer of Drustvar","15298","25","69067","Arclight","41733","27","51470","1","0"
"12941","Adventurer of Drustvar","15298","26","69068","Avalanche","41736","27","51471","1","0"
"12941","Adventurer of Drustvar","15298","27","69069","Haywire Golem","41739","27","51698","1","0"
"12941","Adventurer of Drustvar","15298","28","69070","Gorged Boar","41742","27","51700","1","0"
"12941","Adventurer of Drustvar","15298","29","69071","Sister Martha","41745","27","51748","1","0"
"12941","Adventurer of Drustvar","15298","30","69072","Fungi Trio","41748","27","51749","1","0"
"12941","Adventurer of Drustvar","15298","31","69073","Braedan Whitewall","41750","27","51922","1","0"
"12941","Adventurer of Drustvar","15298","32","69074","Hexed Hunter","41751","27","51923","1","0"
"12942","Adventurer of Nazmir","15298","0","68700","Ancient Jawbreaker","41440","27","48063","0","0"
"12942","Adventurer of Nazmir","15298","1","68701","Azerite Infused Elemental","41444","27","50569","0","0"
"12942","Adventurer of Nazmir","15298","2","68702","Azerite Infused Slag","41447","27","50563","0","0"
"12942","Adventurer of Nazmir","15298","3","68703","Blood Priest Xak'lar","41448","27","48541","0","0"
"12942","Adventurer of Nazmir","15298","4","68704","Uroku the Bound","41450","27","49305","0","0"
"12942","Adventurer of Nazmir","15298","5","68705","King Kooba","41451","27","49317","0","0"
"12942","Adventurer of Nazmir","15298","6","68706","Chag's Challenge","41452","27","50567","0","0"
"12942","Adventurer of Nazmir","15298","7","68707","Corpse Bringer Yal'kar","41453","27","48462","0","0"
"12942","Adventurer of Nazmir","15298","8","68708","Cursed Chest","41454","27","48057","0","0"
"12942","Adventurer of Nazmir","15298","9","68709","Gwugnug the Cursed","41455","27","48638","0","0"
"12942","Adventurer of Nazmir","15298","10","68710","Glompmaw","41456","27","50361","0","0"
"12942","Adventurer of Nazmir","15298","11","68711","Gutrip the Hungry","41457","27","49231","0","0"
"12942","Adventurer of Nazmir","15298","12","68712","Queen Tzxi'kik","41458","27","49312","0","0"
"12942","Adventurer of Nazmir","15298","13","68713","Infected Direhorn","41459","27","47877","0","0"
"12942","Adventurer of Nazmir","15298","14","68714","Jax'teb the Reanimated","41460","27","50307","0","0"
"12942","Adventurer of Nazmir","15298","15","68715","Juba the Scarred","41461","27","50342","0","0"
"12942","Adventurer of Nazmir","15298","16","68716","Kal'draxa","41462","27","47843","0","0"
"12942","Adventurer of Nazmir","15298","17","68717","Krubbs","41463","27","48052","0","0"
"12942","Adventurer of Nazmir","15298","18","68718","Lost Scroll","41464","27","50565","0","0"
"12942","Adventurer of Nazmir","15298","19","68719","Bajiatha","41466","27","48439","0","0"
"12942","Adventurer of Nazmir","15298","20","68720","Scout Skrasniss","41467","27","48972","0","0"
"12942","Adventurer of Nazmir","15298","21","68721","Scrounger Patriarch","41468","27","48980","0","0"
"12942","Adventurer of Nazmir","15298","22","68722","Tainted Guardian","41469","27","48508","0","0"
"12942","Adventurer of Nazmir","15298","23","68723","Totem Maker Jash'ga","41470","27","48406","0","0"
"12942","Adventurer of Nazmir","15298","24","68725","Urn of Agussu","41472","27","50888","0","0"
"12942","Adventurer of Nazmir","15298","25","68726","Venomjaw","41473","27","48626","0","0"
"12942","Adventurer of Nazmir","15298","26","68727","Wardrummer Zurula","41474","27","48623","0","0"
"12942","Adventurer of Nazmir","15298","27","68728","Xu'ba the Bone Collector","41475","27","50348","0","0"
"12942","Adventurer of Nazmir","15298","28","68729","Za'amar the Queen's Blade","41476","27","49469","0","0"
"12942","Adventurer of Nazmir","15298","29","68730","Zanxib the Engorged","41477","27","50423","0","0"
"12942","Adventurer of Nazmir","15298","30","68731","Lo'kuno","41478","27","50355","0","0"
"12942","Adventurer of Nazmir","15298","31","68732","Mala'kili and Rohnkor","41479","27","50040","0","0"
"12943","Adventurer of Vol'dun","15298","0","68907","Ak'tar","41606","0","135852","0","0"
"12943","Adventurer of Vol'dun","15298","1","68908","Ashmane","41607","0","130439","0","0"
"12943","Adventurer of Vol'dun","15298","2","68909","Azer'tor","41608","0","128553","0","0"
"12943","Adventurer of Vol'dun","15298","3","68910","Bajiani the Slick","41609","0","128497","0","0"
"12943","Adventurer of Vol'dun","15298","4","68911","Bloated Krolusk","41610","0","129476","0","0"
"12943","Adventurer of Vol'dun","15298","5","68912","Bloodwing Bonepicker","41611","0","136393","0","0"
"12943","Adventurer of Vol'dun","15298","6","68913","Captain Stef ""Marrow"" Quin","41612","0","136346","0","0"
"12943","Adventurer of Vol'dun","15298","7","68914","Commodore Calhoun","41613","0","124722","0","0"
"12943","Adventurer of Vol'dun","15298","8","68915","Enraged Krolusk","41614","0","136335","0","0"
"12943","Adventurer of Vol'dun","15298","9","68916","Gut-Gut the Glutton","41615","0","128674","0","0"
"12943","Adventurer of Vol'dun","15298","10","68917","Hivemother Kraxi","41616","0","130443","0","0"
"12943","Adventurer of Vol'dun","15298","11","68918","Jumbo Sandsnapper","41617","0","129283","0","0"
"12943","Adventurer of Vol'dun","15298","12","68919","Jungleweb Hunter","41618","0","136341","0","0"
"12943","Adventurer of Vol'dun","15298","13","68920","Kamid the Trapper","41619","0","128686","0","0"
"12943","Adventurer of Vol'dun","15298","14","68921","King Clickyclack","41620","0","137681","0","0"
"12943","Adventurer of Vol'dun","15298","15","68922","Nez'ara","41621","0","128951","0","0"
"12943","Adventurer of Vol'dun","15298","16","68923","Relic Hunter Hazaak","41622","0","136340","0","0"
"12943","Adventurer of Vol'dun","15298","17","68924","Scaleclaw Broodmother","41623","0","127776","0","0"
"12943","Adventurer of Vol'dun","15298","18","68925","Scorpox","41624","0","136336","0","0"
"12943","Adventurer of Vol'dun","15298","19","68926","Sirokar","41625","0","136338","0","0"
"12943","Adventurer of Vol'dun","15298","20","68927","Skycaller Teskris","41626","0","134571","0","0"
"12943","Adventurer of Vol'dun","15298","21","68928","Skycarver Krakit","41627","0","134745","0","0"
"12943","Adventurer of Vol'dun","15298","22","68929","Songstress Nahjeen","41628","0","136304","0","0"
"12943","Adventurer of Vol'dun","15298","23","68930","Vathikur","41629","0","130401","0","0"
"12943","Adventurer of Vol'dun","15298","24","68931","Warbringer Hozzik","41630","0","129180","0","0"
"12943","Adventurer of Vol'dun","15298","25","68932","Warlord Zothix","41631","0","134638","0","0"
"12943","Adventurer of Vol'dun","15298","26","68933","Warmother Captive","41632","0","134625","0","0"
"12943","Adventurer of Vol'dun","15298","27","68934","Zunashi the Exile","41633","0","129411","0","0"
"12944","Adventurer of Zuldazar","15298","0","69199","Atal'zul Gotaka","41850","27","50280","0","0"
"12944","Adventurer of Zuldazar","15298","1","69200","Gahz'ralka","41851","27","50439","0","0"
"12944","Adventurer of Zuldazar","15298","2","69201","Dark Chronicler","41852","27","51083","0","0"
"12944","Adventurer of Zuldazar","15298","3","69202","Syrawon the Dominus","41853","27","51080","0","0"
"12944","Adventurer of Zuldazar","15298","4","69215","Zayoos","41869","27","49972","0","0"
"12944","Adventurer of Zuldazar","15298","5","69216","Lei-Zhi","41870","27","49911","0","0"
"12944","Adventurer of Zuldazar","15298","6","69217","Avatar of Xolotal","41871","27","49410","0","0"
"12944","Adventurer of Zuldazar","15298","7","69218","Bloodbulge","41872","27","49267","0","0"
"12944","Adventurer of Zuldazar","15298","8","69219","Torraske the Eternal","41873","27","49004","0","0"
"12944","Adventurer of Zuldazar","15298","9","69220","Kandak","41874","27","48543","0","0"
"12944","Adventurer of Zuldazar","15298","10","69221","Kul'krazahn","41875","27","48333","0","0"
"12944","Adventurer of Zuldazar","15298","11","69222","Golrakahn","41876","27","47792","0","0"
"12944","Adventurer of Zuldazar","15298","12","69223","Umbra'jin","41877","0","122004","1","0"
"12944","Adventurer of Zuldazar","15298","13","69204","Darkspeaker Jo'la","41855","27","50693","0","0"
"12944","Adventurer of Zuldazar","15298","14","69205","Hakbi the Risen","41856","27","50677","0","0"
"12944","Adventurer of Zuldazar","15298","15","69207","Vukuba","41858","27","50508","0","0"
"12944","Adventurer of Zuldazar","15298","16","69208","Warcrawler Karkithiss","41859","27","50438","0","0"
"12944","Adventurer of Zuldazar","15298","17","69209","Murderbeak","41863","27","50281","0","0"
"12944","Adventurer of Zuldazar","15298","18","69210","Daggerjaw","41864","27","50269","0","0"
"12944","Adventurer of Zuldazar","15298","19","69211","G'Naat","41865","27","50260","0","0"
"12944","Adventurer of Zuldazar","15298","20","69212","Kiboku","41866","27","50159","0","0"
"12944","Adventurer of Zuldazar","15298","21","69213","Bramblewing","41867","27","50034","0","0"
"12944","Adventurer of Zuldazar","15298","22","69214","Tambano","41868","27","50013","0","0"
"12947","Azerothian Diplomat","15305","0/0","69625","Zandalari Empire","42226","46","2103","21000","0"
"12947","Azerothian Diplomat","15305","0/1","70657","Proudmoore Admiralty","42229","46","2160","21000","0"
"12947","Azerothian Diplomat","15305","1/0","69626","Talanji's Expedition","42228","46","2156","21000","0"
"12947","Azerothian Diplomat","15305","1/1","70659","Order of Embers","42231","46","2161","21000","0"
"12947","Azerothian Diplomat","15305","2/0","69627","Voldunai","42227","46","2158","21000","0"
"12947","Azerothian Diplomat","15305","2/1","70661","Storm's Wake","42230","46","2162","21000","0"
"12947","Azerothian Diplomat","15305","3/0","70663","The Honorbound","41655","46","2157","21000","0"
"12947","Azerothian Diplomat","15305","3/1","70664","7th Legion","41654","46","2159","21000","0"
"12947","Azerothian Diplomat","15305","4","70665","Champions of Azeroth","43121","46","2164","21000","0"
"12947","Azerothian Diplomat","15305","5","70666","Tortollan Seekers","43122","46","2163","21000","0"
"12948","Talanji's Expedition","15305","0","70669","","42228","46","2156","42000","0"
"12949","The Voldunai","15305","0","70671","","42227","46","2158","42000","0"
"12950","Zandalari Empire","15305","0","70673","","42226","46","2103","42000","0"
"12951","Proudmoore Admiralty","15305","0","70675","","42229","46","2160","42000","0"
"12952","Order of Embers","15305","0","70679","","42231","46","2161","42000","0"
"12953","Storm's Wake","15305","0","70677","","42230","46","2162","42000","0"
"12954","Champion of the 7th Legion","15305","0","68965","7th Legion","41654","46","2159","42000","0"
"12955","Champions of Azeroth","15305","0","70681","","43121","46","2164","42000","0"
"12956","Tortollan Seekers","15305","0","70683","","43122","46","2163","42000","0"
"12957","Champion of the Honorbound","15305","0","68967","The Honorbound","41655","46","2157","42000","0"
"12989","Battle for Azeroth Pathfinder, Part One","15298","0","68500","","41308","8","12988","0","0"
"12989","Battle for Azeroth Pathfinder, Part One","15298","1","68503","","41310","8","12947","0","0"
"12989","Battle for Azeroth Pathfinder, Part One","15298","2","68506","","43123","8","13144","0","0"
"12989","Battle for Azeroth Pathfinder, Part One","15298","3/0","68501","","41137","8","12593","0","0"
"12989","Battle for Azeroth Pathfinder, Part One","15298","3/1","68502","","41309","8","12479","0","0"
"12989","Battle for Azeroth Pathfinder, Part One","15298","4/0","68505","Complete War Campaign Chapter 5","41491","8","12510","0","0"
"12989","Battle for Azeroth Pathfinder, Part One","15298","4/1","68753","Complete War Campaign Chapter 5","41493","8","12509","0","0"
"12995","Treasures of Drustvar","15298","0","69017","Web-Covered Chest","41697","27","53356","1","0"
"12995","Treasures of Drustvar","15298","1","69018","Merchant's Chest","41698","27","53357","1","0"
"12995","Treasures of Drustvar","15298","2","69019","Runebound Cache","41699","27","53385","1","0"
"12995","Treasures of Drustvar","15298","3","69020","Runebound Chest","41700","27","53386","1","0"
"12995","Treasures of Drustvar","15298","4","69021","Runebound Coffer","41701","27","53387","1","0"
"12995","Treasures of Drustvar","15298","5","69022","Hexed Chest","41702","27","53471","1","0"
"12995","Treasures of Drustvar","15298","6","69023","Bespelled Chest","41703","27","53472","1","0"
"12995","Treasures of Drustvar","15298","7","69024","Ensorcelled Chest","41704","27","53473","1","0"
"12995","Treasures of Drustvar","15298","8","69025","Enchanted Chest","41705","27","53474","1","0"
"12995","Treasures of Drustvar","15298","9","69077","Stolen Thornspeaker Cache","41752","27","53475","1","0"
"12997","The Pride of Kul Tiras","15284","0","68525","","41324","27","51445","1","0"
"12998","That Sweete Booty","15285","0","70749","","43436","165","2096","0","0"
"13009","Adept Sandfisher","15284","0","68549","Cobalt Sandworm Scale","41335","42","163464","1","0"
"13009","Adept Sandfisher","15284","1","68550","Silver Sandworm Scale","41336","42","163465","1","0"
"13009","Adept Sandfisher","15284","2","68551","Emerald Sandworm Scale","41337","42","163467","1","0"
"13009","Adept Sandfisher","15284","3","68552","Ruby Sandworm Scale","41338","42","163468","1","0"
"13009","Adept Sandfisher","15284","4","68553","Onyx Sandworm Scale","41339","42","163469","1","0"
"13011","Scourge of Zem'lan","15284","0","68557","Zem'lan pirates slain","41341","0","139050","20","0"
"13014","Vorrik's Champion","15284","0","68574","Faithless slain with Vorrik's Bulwark","41356","0","135969","300","0"
"13014","Vorrik's Champion","15284","1","68575","Faithless slain with Rakjan the Unbroken","41357","0","135186","150","0"
"13014","Vorrik's Champion","15284","2","68576","Faithless charged with a Battle Krolusk","41358","0","143249","100","0"
"13016","Scavenger of the Sands","15298","0","68559","Jason's Rusty Blade","41342","27","53132","1","0"
"13016","Scavenger of the Sands","15298","1","68560","Ian's Empty Bottle","41343","27","53133","1","0"
"13016","Scavenger of the Sands","15298","2","68561","Julie's Cracked Dish","41344","27","53134","1","0"
"13016","Scavenger of the Sands","15298","3","68562","Brian's Broken Compass","41345","27","53135","1","0"
"13016","Scavenger of the Sands","15298","4","68563","Ofer's Bound Journal","41346","27","53136","1","0"
"13016","Scavenger of the Sands","15298","5","68564","Skye's Pet Rock","41347","27","53137","1","0"
"13016","Scavenger of the Sands","15298","6","68565","Julien's Left Boot","41348","27","53138","1","0"
"13016","Scavenger of the Sands","15298","7","68566","Navarro's Flask","41349","27","53139","1","0"
"13016","Scavenger of the Sands","15298","8","68567","Zach's Canteen","41350","27","53140","1","0"
"13016","Scavenger of the Sands","15298","9","68568","Damarcus' Backpack","41351","27","53141","1","0"
"13016","Scavenger of the Sands","15298","10","68569","Rachel's Flute","41352","27","53142","1","0"
"13016","Scavenger of the Sands","15298","11","68570","Josh's Fang Necklace","41353","27","53143","1","0"
"13016","Scavenger of the Sands","15298","12","68571","Portrait of Commander Martens","41354","27","53144","1","0"
"13016","Scavenger of the Sands","15298","13","68572","Kurt's Ornate Key","41355","27","53145","1","0"
"13017","Champion of the Vulpera","15284","0","68590","Vulpera rescued","41359","0","143252","50","0"
"13018","Dune Rider","15298","0","68592","","41360","0","143255","1","0"
"13018","Dune Rider","15298","1","68593","","41361","0","143256","1","0"
"13018","Dune Rider","15298","2","68594","","41362","0","143257","1","0"
"13018","Dune Rider","15298","3","68595","","41363","0","143258","1","0"
"13018","Dune Rider","15298","4","68842","","41560","0","143668","1","0"
"13020","Bow to Your Masters","15284","0","68759","Bwonsamdi respected","41525","69","279852","0","0"
"13020","Bow to Your Masters","15284","1","68760","Krag'wa respected","41495","69","279853","0","0"
"13020","Bow to Your Masters","15284","2","68761","Akunda respected","41497","69","279858","0","0"
"13020","Bow to Your Masters","15284","3","68762","Gonk respected","41498","69","279859","0","0"
"13020","Bow to Your Masters","15284","4","68763","Kimbul respected","41499","69","279860","0","0"
"13020","Bow to Your Masters","15284","5","68764","Jani respected","41500","69","279861","0","0"
"13020","Bow to Your Masters","15284","6","68765","Pa'ku respected","41501","69","279862","0","0"
"13020","Bow to Your Masters","15284","7","68766","Rezan respected","41502","69","279863","0","0"
"13020","Bow to Your Masters","15284","8","68767","Sethraliss respected","41503","69","279864","0","0"
"13021","A Most Efficient Apocalypse","15284","0","68951","","41646","29","264807","80","0"
"13022","Revenge is Best Served Speedily","15284","0","68953","","41647","78","0","150","0"
"13023","It's Really Getting Out of Hand","15284","0","68687","","41435","78","0","40","0"
"13024","Carved in Stone, Written in Blood","15298","0","68597","Ancient Nazmani Tablet","41860","68","298921","1","0"
"13024","Carved in Stone, Written in Blood","15298","1","69196","Weathered Nazmani Tablet","41861","68","298963","1","0"
"13024","Carved in Stone, Written in Blood","15298","2","69197","Cracked Tablet","41862","68","298965","1","0"
"13024","Carved in Stone, Written in Blood","15298","3","69466","Fractured Tablet","42116","68","299073","1","0"
"13025","Zandalari Spycatcher","15284","0","68971","","43158","29","280319","1","0"
"13026","7th Legion Spycatcher","15284","0","68973","","41658","29","280339","1","0"
"13027","Mushroom Harvest","15298","0","68631","Skullcap killed","41390","0","143316","1","0"
"13027","Mushroom Harvest","15298","1","68632","Bane of the Woods killed","41391","0","143314","1","0"
"13027","Mushroom Harvest","15298","2","68633","Portakillo killed","41392","0","143313","1","0"
"13027","Mushroom Harvest","15298","3","68634","Toadcruel killed","41393","0","143311","1","0"
"13028","Hoppin' Sad","15298","0/0","68897","Lost Spawn of Krag'wa shooed","41598","29","280105","10","0"
"13029","Eating Out of the Palm of My Tiny Hand","15298","0","68625","Brutosaur of Nazmir Fed","41575","0","143683","0","0"
"13029","Eating Out of the Palm of My Tiny Hand","15298","1","68858","Brutosaur of Vol'dun Fed","41578","0","143684","0","0"
"13029","Eating Out of the Palm of My Tiny Hand","15298","2","68859","Brutosaur of Zuldazar Fed","41580","0","143685","0","0"
"13030","How to Ptrain Your Pterrordax","15284","0","69094","Nature Versus Nurture","41773","27","52305","1","0"
"13030","How to Ptrain Your Pterrordax","15284","1","69095","Room To Grow","41771","27","52447","1","0"
"13030","How to Ptrain Your Pterrordax","15284","2","69096","Eyes on the Skies","41770","27","52748","1","0"
"13030","How to Ptrain Your Pterrordax","15284","3","69097","Down, But Not Out","41767","27","50944","1","0"
"13035","By de Power of de Loa!","15284","0","69467","","42117","28","280779","1","0"
"13036","A Loa of a Tale","15298","0","68852","Tales of de Loa: Akunda","41564","68","297495","1","0"
"13036","A Loa of a Tale","15298","1","68853","Tales of de Loa: Bwonsamdi","41565","68","297491","1","0"
"13036","A Loa of a Tale","15298","2","68854","Tales of de Loa: Gonk","41566","68","297521","1","0"
"13036","A Loa of a Tale","15298","3","68855","Tales of de Loa: Gral","41567","68","297074","1","0"
"13036","A Loa of a Tale","15298","4","68856","Tales of de Loa: Hir'eek","41568","68","297522","1","0"
"13036","A Loa of a Tale","15298","5","68857","Tales of de Loa: Jani","41569","68","297528","1","0"
"13036","A Loa of a Tale","15298","6","68860","Tales of de Loa: Kimbul","41570","68","297494","1","0"
"13036","A Loa of a Tale","15298","7","68861","Tales of de Loa: Krag'wa","41571","68","297489","1","0"
"13036","A Loa of a Tale","15298","8","68862","Tales of de Loa: Pa'ku","41572","68","297524","1","0"
"13036","A Loa of a Tale","15298","9","68863","Tales of de Loa: Rezan","41573","68","297490","1","0"
"13036","A Loa of a Tale","15298","10","68864","Tales of de Loa: Sethraliss","41574","68","297485","1","0"
"13036","A Loa of a Tale","15298","11","68865","Tales of de Loa: Shadra","41576","68","297493","1","0"
"13036","A Loa of a Tale","15298","12","68866","Tales of de Loa: Torcali","41577","68","297885","1","0"
"13036","A Loa of a Tale","15298","13","68867","Tales of de Loa: Torga","41579","68","297523","1","0"
"13036","A Loa of a Tale","15298","14","68868","Tales of de Loa: Zandalar","41581","68","297700","1","0"
"13038","Raptari Rider","15284","0","69510","","42158","29","281054","1","0"
"13039","Paku'ai","15284","0","69508","","42157","28","259140","5","0"
"13041","Hungry, Hungry Ranishu","15284","0","68685","","42119","28","280824","0","0"
"13042","About To Break","15284","0","68811","","41547","69","276939","0","0"
"13042","About To Break","15284","1","68812","","41548","69","276943","0","0"
"13042","About To Break","15284","2","68813","","41549","69","276948","0","0"
"13045","Every Day I'm Truffling","15284","0","68800","","41537","69","276030","0","0"
"13045","Every Day I'm Truffling","15284","1","68801","","41538","69","276041","0","0"
"13045","Every Day I'm Truffling","15284","2","68802","","41539","69","276024","0","0"
"13045","Every Day I'm Truffling","15284","3","68803","","41540","69","275911","0","0"
"13046","These Hills Sing","15284","0","68798","Unforgettable Luncheon enjoyed","41536","28","279418","0","0"
"13047","Clever Use of Mechanical Explosives","15284","0","68796","Lichen King hit with Sporonite Bomb","41535","28","279931","0","0"
"13048","Life Finds a Way... To Die!","15284","0","68880","Thunderfoot the Brutosaur","41675","0","135512","1","0"
"13048","Life Finds a Way... To Die!","15284","1","68881","Azuresail the Diemetrodon","41676","0","135510","1","0"
"13048","Life Finds a Way... To Die!","15284","2","68882","Queenfeather the Ravasaur","41672","0","139365","1","0"
"13048","Life Finds a Way... To Die!","15284","3","68883","Makatau the Pterrordax","41683","0","143898","1","0"
"13048","Life Finds a Way... To Die!","15284","4","68885","The Sabertusk Empress","41674","0","129323","1","0"
"13048","Life Finds a Way... To Die!","15284","5","68886","Sludgecrusher the Anklyodon","41684","0","143910","1","0"
"13048","Life Finds a Way... To Die!","15284","6","68887","Nol'ixwan the Direhorn","41673","0","130741","1","0"
"13048","Life Finds a Way... To Die!","15284","7","68888","King K'tal the Devilsaur","41677","0","123502","1","0"
"13049","The Long Con","15284","0","68987","Aged to Perfection","41668","27","49290","0","0"
"13049","The Long Con","15284","1","68990","Trixie Business","41669","27","49407","0","0"
"13049","The Long Con","15284","2","68991","Carentan's Payment","41670","27","49522","0","0"
"13049","The Long Con","15284","3","68992","A Bad Deal","41671","27","49523","0","0"
"13049","The Long Con","15284","4","68993","The Long Con","41666","27","49223","0","0"
"13050","Bless the Rains Down in Freehold","15284","0","68982","Banana Hoard","41662","0","143855","0","0"
"13050","Bless the Rains Down in Freehold","15284","1","68983","Sweete's Feast","41663","0","143827","0","0"
"13050","Bless the Rains Down in Freehold","15284","2","68984","Cart o' Cutlasses","41664","0","143857","0","0"
"13050","Bless the Rains Down in Freehold","15284","3","68985","Blacktooth Brew","41665","0","143840","0","0"
"13051","Legends of the Tidesages","15298","0","68670","Legends of the Tidesages - Part 1","41425","68","296854","1","0"
"13051","Legends of the Tidesages","15298","1","68671","Legends of the Tidesages - Part 2","41426","68","296902","1","0"
"13051","Legends of the Tidesages","15298","2","68672","Legends of the Tidesages - Part 3","41427","68","296903","1","0"
"13051","Legends of the Tidesages","15298","3","68673","Legends of the Tidesages - Part 4","41428","68","296904","1","0"
"13051","Legends of the Tidesages","15298","4","68674","Legends of the Tidesages - Part 5","41429","68","296905","1","0"
"13051","Legends of the Tidesages","15298","5","68675","Legends of the Tidesages - Part 6","41430","68","296906","1","0"
"13051","Legends of the Tidesages","15298","6","68676","Legends of the Tidesages - Part 7","41431","68","296907","1","0"
"13051","Legends of the Tidesages","15298","7","68677","Legends of the Tidesages - Part 8","41432","68","296908","1","0"
"13053","Deadliest Cache","15284","0","68662","","41419","27","52130","1","0"
"13054","Sabertron Assemble","15284","0","68664","Red Sabertron","41420","0","139328","1","0"
"13054","Sabertron Assemble","15284","1","68665","Yellow Sabertron","41421","0","139335","1","0"
"13054","Sabertron Assemble","15284","2","68666","Orange Sabertron","41422","0","139356","1","0"
"13054","Sabertron Assemble","15284","3","68667","Green Sabertron","41423","0","139336","1","0"
"13054","Sabertron Assemble","15284","4","68668","Copper Sabertron","41424","0","139359","1","0"
"13057","Shanty Raid","15298","0","68804","Shanty of the Lively Men","41541","36","163714","1","0"
"13057","Shanty Raid","15298","1","68805","Shanty of Fruit Counting","41542","36","163715","1","0"
"13057","Shanty Raid","15298","2","68806","Shanty of Inebriation","41543","36","163716","1","0"
"13057","Shanty Raid","15298","3","68807","Shanty of Josephus","41544","36","163717","1","0"
"13057","Shanty Raid","15298","4","68808","Shanty of the Black Sphere","41545","36","163718","1","0"
"13057","Shanty Raid","15298","5","68809","Shanty of the Horse","41546","36","163719","1","0"
"13058","Kul Tiran Up the Dance Floor","15298","0","68989","","41667","29","280401","1","0"
"13059","Drag Race","15284","0","68998","","41679","29","280499","0","0"
"13060","Kul Runnings","15284","0","69091","Sliding with Style","41764","29","280456","1","0"
"13060","Kul Runnings","15284","1","69092","Frozen Freestyle","41766","29","280457","1","0"
"13060","Kul Runnings","15284","2","69093","Slippery Slopes","41768","29","280458","1","0"
"13061","Three Sheets to the Wind","15298","0","68639","""Aurora Borealis""","41396","36","160484","1","0"
"13061","Three Sheets to the Wind","15298","1","68640","Admiralty-Issued Grog","41397","36","163103","1","0"
"13061","Three Sheets to the Wind","15298","2","68641","Arathor Single Cask","41398","36","163639","1","0"
"13061","Three Sheets to the Wind","15298","3","68642","Bitter Darkroot Vodka","41399","36","159850","1","0"
"13061","Three Sheets to the Wind","15298","4","68643","Blacktooth Bloodwine","41400","36","159848","1","0"
"13061","Three Sheets to the Wind","15298","5","68644","Brennadam Apple Brandy","41401","36","159845","1","0"
"13061","Three Sheets to the Wind","15298","6","68645","Corlain Estate 12 Year","41402","36","163638","1","0"
"13061","Three Sheets to the Wind","15298","7","68646","Dark and Stormy","41403","36","163522","1","0"
"13061","Three Sheets to the Wind","15298","8","68647","Drop Anchor Dunkel","41404","36","163019","1","0"
"13061","Three Sheets to the Wind","15298","9","68648","Foaming Turtle Broth","41405","36","158927","1","0"
"13061","Three Sheets to the Wind","15298","10","68649","Hook Point Porter","41406","36","162026","1","0"
"13061","Three Sheets to the Wind","15298","11","68650","Hook Point Schnapps","41407","36","159849","1","0"
"13061","Three Sheets to the Wind","15298","12","68651","Kul Tiran Tripel","41408","36","163548","1","0"
"13061","Three Sheets to the Wind","15298","13","68652","Long Forgotten Rum","41409","36","161153","1","0"
"13061","Three Sheets to the Wind","15298","14","68653","Mildenhall Mead","41410","36","159847","1","0"
"13061","Three Sheets to the Wind","15298","15","68654","Patina Pale Ale","41411","36","162560","1","0"
"13061","Three Sheets to the Wind","15298","16","68655","Pontoon Pilsner","41412","36","163018","1","0"
"13061","Three Sheets to the Wind","15298","17","68656","Sausage Martini","41413","36","163651","1","0"
"13061","Three Sheets to the Wind","15298","18","68657","Snowberry Berliner","41414","36","163094","1","0"
"13061","Three Sheets to the Wind","15298","19","68658","Thornspeaker Moonshine","41415","36","163549","1","0"
"13061","Three Sheets to the Wind","15298","20","68659","Tradewinds Kolsch","41416","36","163098","1","0"
"13061","Three Sheets to the Wind","15298","21","68660","Whitegrove Pale Ale","41417","36","159846","1","0"
"13062","Let's Bee Friends","15284","0","68936","Feed Bumbles the Mildenhall Growth Formula.","41634","27","53371","7","0"
"13064","Drust the Facts, Ma'am","15298","0","68689","Drust Stele: The Circle","41436","68","296915","1","0"
"13064","Drust the Facts, Ma'am","15298","1","68690","Drust Stele: The Ritual","41437","68","296916","1","0"
"13064","Drust the Facts, Ma'am","15298","2","68691","Drust Stele: The Tree","41438","68","296917","1","0"
"13064","Drust the Facts, Ma'am","15298","3","68692","Drust Stele: Breath Into Stone","41439","68","296918","1","0"
"13064","Drust the Facts, Ma'am","15298","4","68693","Drust Stele: Sacrifice","41441","68","297627","1","0"
"13064","Drust the Facts, Ma'am","15298","5","68694","Drust Stele: Constructs","41442","68","297628","1","0"
"13064","Drust the Facts, Ma'am","15298","6","68695","Drust Stele: The Cycle","41443","68","297629","1","0"
"13064","Drust the Facts, Ma'am","15298","7","68696","Drust Stele: Conflict","41445","68","297630","1","0"
"13064","Drust the Facts, Ma'am","15298","8","68697","Drust Stele: The Flayed Man","41446","68","297631","1","0"
"13064","Drust the Facts, Ma'am","15298","9","68698","Drust Stele: Protectors of the Forest","41449","68","297632","1","0"
"13075","Battle for Azeroth Keymaster","15285","0","68771","","41513","71","1754","1","0"
"13075","Battle for Azeroth Keymaster","15285","1","68772","","41508","71","1862","1","0"
"13075","Battle for Azeroth Keymaster","15285","2","68773","","41507","71","1864","1","0"
"13075","Battle for Azeroth Keymaster","15285","3","68774","","41511","71","1763","1","0"
"13075","Battle for Azeroth Keymaster","15285","4","68775","","41509","71","1841","1","0"
"13075","Battle for Azeroth Keymaster","15285","5","68776","","41506","71","1877","1","0"
"13075","Battle for Azeroth Keymaster","15285","6","68777","","41514","71","1771","1","0"
"13075","Battle for Azeroth Keymaster","15285","7","68778","","41515","71","1594","1","0"
"13075","Battle for Azeroth Keymaster","15285","8","68779","","41510","71","1822","1","0"
"13075","Battle for Azeroth Keymaster","15285","9","68780","","41512","71","1762","1","0"
"13082","Everything Old Is New Again","15298","0","68938","Crossbow","41636","27","53430","1","0"
"13082","Everything Old Is New Again","15298","1","68939","Flask","41637","27","53431","1","0"
"13082","Everything Old Is New Again","15298","2","68940","Hat","41638","27","53433","1","0"
"13082","Everything Old Is New Again","15298","3","68941","Knife","41639","27","53432","1","0"
"13083","Better, Faster, Stronger","15298","0","69676","","42256","69","263652","1","0"
"13083","Better, Faster, Stronger","15298","1","69677","","42257","69","264815","1","0"
"13083","Better, Faster, Stronger","15298","2","69678","","42258","69","263664","1","0"
"13083","Better, Faster, Stronger","15298","3","69679","","42259","69","264813","1","0"
"13083","Better, Faster, Stronger","15298","4","69680","","42260","69","263833","1","0"
"13083","Better, Faster, Stronger","15298","5","69681","","42261","69","264811","1","0"
"13083","Better, Faster, Stronger","15298","6","69682","","42262","69","263708","1","0"
"13083","Better, Faster, Stronger","15298","7","69683","","42263","69","264814","1","0"
"13083","Better, Faster, Stronger","15298","8","69684","","42264","69","263831","1","0"
"13087","Sausage Sampler","15298","0","68955","Fried Boar Sausage","41649","41","163110","1","0"
"13087","Sausage Sampler","15298","1","68956","Goldshire Farms Smoked Sausage","41648","41","155812","1","0"
"13087","Sausage Sampler","15298","2","68957","Heartsbane Hexwurst","41650","41","163781","1","0"
"13087","Sausage Sampler","15298","3","68958","Roland's Famous Frankfurter","41651","41","155811","1","0"
"13087","Sausage Sampler","15298","4","68959","Rosco Fryer's Mostly-Meat Brat","41652","41","155813","1","0"
"13087","Sausage Sampler","15298","5","68960","Timmy Gene Sunrise Pork","41653","41","155814","1","0"
"13094","Cursed Game Hunter","15298","0/0","69110","","41794","0","143929","1","0"
"13094","Cursed Game Hunter","15298","1/0","69491","","42143","0","129764","1","0"
"13094","Cursed Game Hunter","15298","1/1","69492","","42144","0","128361","1","0"
"13094","Cursed Game Hunter","15298","1/2","69493","","42145","0","129835","1","0"
"13094","Cursed Game Hunter","15298","2/0","69113","","41783","0","124170","1","0"
"13094","Cursed Game Hunter","15298","2/1","69114","","41784","0","124548","1","0"
"13094","Cursed Game Hunter","15298","3/0","70653","","42265","0","142278","1","0"
"13094","Cursed Game Hunter","15298","3/1","70654","","42266","0","135868","1","0"
"13094","Cursed Game Hunter","15298","3/2","70655","","42267","0","135869","1","0"
"13094","Cursed Game Hunter","15298","4/0","69117","","41779","0","132195","1","0"
"13094","Cursed Game Hunter","15298","4/1","69118","","41780","0","132194","1","0"
"13094","Cursed Game Hunter","15298","4/2","69119","","41781","0","124885","1","0"
"13094","Cursed Game Hunter","15298","5/0","69494","","42146","0","124890","1","0"
"13094","Cursed Game Hunter","15298","5/1","69495","","42147","0","124382","1","0"
"13094","Cursed Game Hunter","15298","6/0","69122","","41790","0","129877","1","0"
"13094","Cursed Game Hunter","15298","6/1","69123","","41791","0","129899","1","0"
"13094","Cursed Game Hunter","15298","6/2","69124","","41792","0","129904","1","0"
"13094","Cursed Game Hunter","15298","7/0","69126","","41785","0","131518","1","0"
"13094","Cursed Game Hunter","15298","7/1","69127","","41786","0","132240","1","0"
"13094","Cursed Game Hunter","15298","7/2","69128","","41788","0","133988","1","0"
"13094","Cursed Game Hunter","15298","7/3","69129","","41789","0","122961","1","0"
"13094","Cursed Game Hunter","15298","8/0","69501","","42153","0","134753","1","0"
"13094","Cursed Game Hunter","15298","8/1","69502","","42154","0","133501","1","0"
"13094","Cursed Game Hunter","15298","9/0","69496","","42148","0","143953","1","0"
"13094","Cursed Game Hunter","15298","10/0","69497","","42149","0","131534","1","0"
"13094","Cursed Game Hunter","15298","10/1","69498","","42150","0","134307","1","0"
"13094","Cursed Game Hunter","15298","11/0","69499","","42151","0","143951","1","0"
"13094","Cursed Game Hunter","15298","12/0","69500","","42152","0","143928","1","0"
"13095","Dread Chain","15307","0","69249","","41881","28","245618","0","0"
"13096","Heroic: Dread Chain","15307","0","69247","","41889","28","245618","0","0"
"13097","Mythic: Dread Chain","15307","0","69245","","41896","28","245618","0","0"
"13098","Bane of the Chain","15307","0","69243","","41903","28","245618","0","0"
"13099","Molten Cay","15307","0","69225","","41880","28","245618","0","0"
"13100","Heroic: Molten Cay","15307","0","69229","","41891","28","245618","0","0"
"13101","Mythic: Molten Cay","15307","0","69231","","41898","28","245618","0","0"
"13102","Clash at the Cay","15307","0","69233","","41905","28","245618","0","0"
"13103","Rotting Mire","15307","0","69257","","41882","28","245618","0","0"
"13104","Heroic: Rotting Mire","15307","0","69255","","41888","28","245618","0","0"
"13105","Mythic: Rotting Mire","15307","0","69253","","41895","28","245618","0","0"
"13106","Mire Marauder","15307","0","69251","","41902","28","245618","0","0"
"13107","Skittering Hollow","15307","0","69241","","41879","28","245618","0","0"
"13108","Heroic: Skittering Hollow","15307","0","69239","","41890","28","245618","0","0"
"13109","Mythic: Skittering Hollow","15307","0","69237","","41897","28","245618","0","0"
"13110","Skittering Smashed","15307","0","69235","","41904","28","245618","0","0"
"13111","Verdant Wilds","15307","0","69265","","41883","28","245618","0","0"
"13112","Heroic: Verdant Wilds","15307","0","69263","","41886","28","245618","0","0"
"13113","Mythic: Verdant Wilds","15307","0","69261","","41893","28","245618","0","0"
"13114","War for the Wilds","15307","0","69259","","41900","28","245618","0","0"
"13115","Reef Madness","15307","0","69267","","41899","28","245618","0","0"
"13116","Mythic: Whispering Reef","15307","0","69269","","41892","28","245618","0","0"
"13118","Heroic: Whispering Reef","15307","0","69271","","41885","28","245618","0","0"
"13119","Whispering Reef","15307","0","69273","","41884","28","245618","0","0"
"13120","Blood in the Water","15307","0","69281","","40565","28","245618","20","0"
"13121","Notorious","15307","0","69283","","40565","28","245618","50","0"
"13122","Island Conqueror","15307","0","69288","Mythic: Dread Chain","41909","8","13097","1","0"
"13122","Island Conqueror","15307","1","69292","Mythic: Molten Cay","41913","8","13101","1","0"
"13122","Island Conqueror","15307","2","69296","Mythic: Rotting Mire","41917","8","13105","1","0"
"13122","Island Conqueror","15307","3","69300","Mythic: Skittering Hollow","41921","8","13109","1","0"
"13122","Island Conqueror","15307","4","69304","Mythic: Un'gol Ruins","41925","8","12591","1","0"
"13122","Island Conqueror","15307","5","69308","Mythic: Verdant Wilds","41929","8","13113","1","0"
"13122","Island Conqueror","15307","6","69312","Mythic: Whispering Reef","41933","8","13116","1","0"
"13122","Island Conqueror","15307","7","72432","Mythic: Jorundall","44036","8","13395","1","0"
"13122","Island Conqueror","15307","8","72433","Mythic: Havenswood","44037","8","13398","1","0"
"13122","Island Conqueror","15307","9","80297","Mythic: Crestfall","45357","8","13579","1","0"
"13122","Island Conqueror","15307","10","80298","Mythic: Snowblossom Village","45358","8","13583","1","0"
"13123","My Dubs","15307","0","69314","","41934","12","1710","10","0"
"13124","Metal Detector","15307","0","69316","","41934","12","1710","100","0"
"13125","Azerite Admiral","15307","0","69318","","41935","0","132935","1000000","0"
"13126","Give Me The Energy","15307","0","69320","","41936","29","265703","30","0"
"13127","Tell Me A Tale","15307","0","69322","Weathered Pamphlet","41937","27","53184","1","0"
"13127","Tell Me A Tale","15307","1","69323","Wriggling Mass","41938","27","53183","1","0"
"13127","Tell Me A Tale","15307","2","69324","Strangling Root","41939","27","53182","1","0"
"13127","Tell Me A Tale","15307","3","69325","Druidic Fur","41940","27","53181","1","0"
"13127","Tell Me A Tale","15307","4","69326","Vorus'arak's Carapace","41941","27","53180","1","0"
"13127","Tell Me A Tale","15307","5","69327","Razorfin Hunting Spear","41942","27","53178","1","0"
"13127","Tell Me A Tale","15307","6","69328","Broken Compass","41943","27","53177","1","0"
"13127","Tell Me A Tale","15307","7","69329","Glittering Scarab","41944","27","53176","1","0"
"13127","Tell Me A Tale","15307","8","69330","Murloc Eye","41945","27","53174","1","0"
"13127","Tell Me A Tale","15307","9","69331","Venture Co. Business Plan","41946","27","53172","1","0"
"13127","Tell Me A Tale","15307","10","69332","Battered Twilight Scale","41947","27","53171","1","0"
"13127","Tell Me A Tale","15307","11","69333","Unscarred Black Scale","41948","27","53170","1","0"
"13127","Tell Me A Tale","15307","12","69334","Elemental Core","41949","27","53169","1","0"
"13127","Tell Me A Tale","15307","13","69335","Magical Spyglass","41950","27","53168","1","0"
"13127","Tell Me A Tale","15307","14","69336","Icetusk Fur Cloak","41951","27","53167","1","0"
"13127","Tell Me A Tale","15307","15","69337","Sonic Stone","41952","27","53164","1","0"
"13127","Tell Me A Tale","15307","16","69338","Bloodwake Drinking Horn","41953","27","53163","1","0"
"13127","Tell Me A Tale","15307","17","69339","Ring of the Reefs","41954","27","53161","1","0"
"13127","Tell Me A Tale","15307","18","69340","Ancient Crypt Key","41955","27","53160","1","0"
"13127","Tell Me A Tale","15307","19","69341","Notched Coin","41956","27","53155","1","0"
"13128","I'm Here for the Pets","15307","0","69343","Scuttle","41984","96","143794","1","0"
"13128","I'm Here for the Pets","15307","1","69344","Captain Nibs","41983","96","143795","1","0"
"13128","I'm Here for the Pets","15307","2","69345","Barnaby","41982","96","143796","1","0"
"13128","I'm Here for the Pets","15307","3","69346","Poro","41981","96","143797","1","0"
"13128","I'm Here for the Pets","15307","4","69347","Octopode Fry","41980","96","143798","1","0"
"13128","I'm Here for the Pets","15307","5","69348","Inky","41979","96","143799","1","0"
"13128","I'm Here for the Pets","15307","6","69349","Sparkleshell Sandcrawler","41978","96","143801","1","0"
"13128","I'm Here for the Pets","15307","7","69350","Kindleweb Spiderling","41977","96","143802","1","0"
"13128","I'm Here for the Pets","15307","8","69351","Craghoof Kid","41976","96","143803","1","0"
"13128","I'm Here for the Pets","15307","9","69352","False Knucklebump","41975","96","143804","1","0"
"13128","I'm Here for the Pets","15307","10","69353","Tinder Pup","41974","96","143805","1","0"
"13128","I'm Here for the Pets","15307","11","69354","Sandshell Chitterer","41973","96","143806","1","0"
"13128","I'm Here for the Pets","15307","12","69355","Deathsting Scorpid","41972","96","143807","1","0"
"13128","I'm Here for the Pets","15307","13","69356","Thistlebrush Bud","41971","96","143808","1","0"
"13128","I'm Here for the Pets","15307","14","69357","Giggling Flame","41970","96","143809","1","0"
"13128","I'm Here for the Pets","15307","15","69358","Laughing Stonekin","41969","96","143810","1","0"
"13128","I'm Here for the Pets","15307","16","69359","Playful Frostkin","41968","96","143811","1","0"
"13128","I'm Here for the Pets","15307","17","69360","Mischievous Zephyr","41967","96","143812","1","0"
"13128","I'm Here for the Pets","15307","18","69361","Littlehoof","41966","96","143813","1","0"
"13128","I'm Here for the Pets","15307","19","69362","Snapper","41965","96","143814","1","0"
"13128","I'm Here for the Pets","15307","20","69363","Sunscale Hatchling","41964","96","143815","1","0"
"13128","I'm Here for the Pets","15307","21","69364","Bloodstone Tunneler","41963","96","143816","1","0"
"13128","I'm Here for the Pets","15307","22","69365","Snort","41962","96","143817","1","0"
"13128","I'm Here for the Pets","15307","23","69366","Muskflank Calfling","41961","96","143818","1","0"
"13128","I'm Here for the Pets","15307","24","69367","Juvenile Brineshell","41960","96","143819","1","0"
"13128","I'm Here for the Pets","15307","25","69368","Kunchong Hatchling","41959","96","143820","1","0"
"13128","I'm Here for the Pets","15307","26","69369","Coldlight Surfrunner","41958","96","143821","1","0"
"13128","I'm Here for the Pets","15307","27","69370","Voru'kar Leecher","41957","96","143822","1","0"
"13129","Sucker Punch","15307","0","69378","","41987","70","0","1","0"
"13132","Helping Hand","15307","0","69382","Valero","42041","0","136534","1","0"
"13132","Helping Hand","15307","1","69383","Brunold","42042","0","136533","1","0"
"13132","Helping Hand","15307","2","69384","Aerin Skyhammer","42043","0","136535","1","0"
"13132","Helping Hand","15307","3","69385","Spooner the Scalawag","42044","0","122418","1","0"
"13132","Helping Hand","15307","4","69386","Royston P. Crutchley III","42045","0","122572","1","0"
"13132","Helping Hand","15307","5","69387","Tinny","42046","0","136538","1","0"
"13132","Helping Hand","15307","6","69388","Tweets Lightsprocket","42047","0","136526","1","0"
"13132","Helping Hand","15307","7","69389","Gimzy Trickelbank","42048","0","122419","1","0"
"13132","Helping Hand","15307","8","69390","Glint-Eyed Frankie","42049","0","136537","1","0"
"13132","Helping Hand","15307","9","69391","Two-Socks","42050","0","136530","1","0"
"13132","Helping Hand","15307","10","69392","Apprentice Karyn","42051","0","136540","1","0"
"13132","Helping Hand","15307","11","69393","Grubby Beard","42052","0","122083","1","0"
"13132","Helping Hand","15307","12","69394","Sylvester","42053","0","136532","1","0"
"13132","Helping Hand","15307","13","69395","Waterspeaker Deshi","42054","0","136527","1","0"
"13132","Helping Hand","15307","14","69396","Flickerwick","42055","0","136531","1","0"
"13132","Helping Hand","15307","15","69397","Burgle","42056","0","131432","1","0"
"13132","Helping Hand","15307","16","69398","Vizio the Cartographer","42057","0","136525","1","0"
"13132","Helping Hand","15307","17","69399","Gregg","42058","0","136529","1","0"
"13132","Helping Hand","15307","18","69400","Old Li","42059","0","122297","1","0"
"13132","Helping Hand","15307","19","69401","Yuke","42060","0","136522","1","0"
"13132","Helping Hand","15307","20","69402","Longpaws","42061","0","136536","1","0"
"13132","Helping Hand","15307","21","69403","Nizhoni","42062","0","136528","1","0"
"13132","Helping Hand","15307","22","69404","Taz'anga","42063","0","136521","1","0"
"13132","Helping Hand","15307","23","69405","Manape","42064","0","136524","1","0"
"13132","Helping Hand","15307","24","69406","Arwan Beastheart","42065","0","136523","1","0"
"13133","Team Deathmatch","15307","0","69416","Gazlowe","42069","0","134997","1","0"
"13133","Team Deathmatch","15307","1","69417","Lady Sena","42070","0","130872","1","0"
"13133","Team Deathmatch","15307","2","69418","Skaggit","42071","0","130871","1","0"
"13133","Team Deathmatch","15307","3","69419","Captain Greenbelly","42072","0","134332","1","0"
"13133","Team Deathmatch","15307","4","69420","Dorp","42073","0","134333","1","0"
"13133","Team Deathmatch","15307","5","69421","Sneaky Pete","42074","0","129364","1","0"
"13133","Team Deathmatch","15307","6","69422","Astralite Visara","42075","0","133738","1","0"
"13133","Team Deathmatch","15307","7","69423","Moonscythe Pelani","42076","0","133733","1","0"
"13133","Team Deathmatch","15307","8","69424","Rune Scribe Lusaris","42077","0","133734","1","0"
"13133","Team Deathmatch","15307","9","69425","Phoenix Mage Rhydras","42078","0","129064","1","0"
"13133","Team Deathmatch","15307","10","69426","Phoenix Mage Ryleia","42079","0","129065","1","0"
"13133","Team Deathmatch","15307","11","69427","Sunbringer Firasi","42080","0","129062","1","0"
"13133","Team Deathmatch","15307","12","69428","Berserker Zar'ri","42081","0","130302","1","0"
"13133","Team Deathmatch","15307","13","69429","Shadow Hunter Ju'loa","42082","0","130301","1","0"
"13133","Team Deathmatch","15307","14","69430","Witch Doctor Unbugu","42083","0","130303","1","0"
"13133","Team Deathmatch","15307","15","69431","Mahna Flamewhisper","42084","0","134269","1","0"
"13133","Team Deathmatch","15307","16","69432","Spiritwalker Quura","42085","0","134270","1","0"
"13133","Team Deathmatch","15307","17","69433","Sunwalker Ordel","42086","0","134271","1","0"
"13133","Team Deathmatch","15307","18","75403","Charg ""The Boisterous""","44167","0","144784","1","0"
"13133","Team Deathmatch","15307","19","75404","Nagtar Wolfsbane","44168","0","144785","1","0"
"13133","Team Deathmatch","15307","20","75405","Ranah Saberclaw","44169","0","144789","1","0"
"13133","Team Deathmatch","15307","21","80273","Guardian M'sheke","45341","0","151017","1","0"
"13133","Team Deathmatch","15307","22","80274","Wardruid Ko'chus","45342","0","151025","1","0"
"13133","Team Deathmatch","15307","23","80275","Mooncaller Mozo'kas","45343","0","151026","1","0"
"13134","Expedition Leader","15307","0","69454","","42105","8","13122","0","0"
"13134","Expedition Leader","15307","1","69455","","42106","8","13125","0","0"
"13134","Expedition Leader","15307","2","69456","","42107","8","13126","0","0"
"13134","Expedition Leader","15307","3","69457","","42108","8","13127","0","0"
"13134","Expedition Leader","15307","4","69458","","42109","8","13124","0","0"
"13134","Expedition Leader","15307","5","69459","","42110","8","13128","0","0"
"13134","Expedition Leader","15307","6","69460","","42111","8","13132","0","0"
"13134","Expedition Leader","15307","7","69461","","42112","8","13121","0","0"
"13134","Expedition Leader","15307","8","69462","","42113","8","12595","0","0"
"13134","Expedition Leader","15307","9/0","69464","Team Deathmatch","42115","8","13135","0","0"
"13134","Expedition Leader","15307","9/1","69465","Team Deathmatch","42114","8","13133","0","0"
"13134","Expedition Leader","15307","10","69656","","42242","8","13141","0","0"
"13135","Team Deathmatch","15307","0","69435","Briona the Bloodthirsty","42087","0","135248","1","0"
"13135","Team Deathmatch","15307","1","69436","""Stabby"" Lottie","42088","0","135246","1","0"
"13135","Team Deathmatch","15307","2","69437","Varigg","42089","0","135247","1","0"
"13135","Team Deathmatch","15307","3","69438","Frostfencer Seraphi","42090","0","130620","1","0"
"13135","Team Deathmatch","15307","4","69439","Squallshaper Auran","42091","0","130622","1","0"
"13135","Team Deathmatch","15307","5","69440","Squallshaper Bryson","42092","0","130621","1","0"
"13135","Team Deathmatch","15307","6","69441","Anchorite Lanna","42093","0","134283","1","0"
"13135","Team Deathmatch","15307","7","69442","Archmage Tamuura","42094","0","134286","1","0"
"13135","Team Deathmatch","15307","8","69443","Vindicator Baatul","42095","0","134280","1","0"
"13135","Team Deathmatch","15307","9","69444","Dizzy Dina","42096","0","133585","1","0"
"13135","Team Deathmatch","15307","10","69445","Tally Zapnabber","42097","0","133627","1","0"
"13135","Team Deathmatch","15307","11","69446","Razak Ironsides","42098","0","133556","1","0"
"13135","Team Deathmatch","15307","12","69447","Duskrunner Lorinas","42099","0","134215","1","0"
"13135","Team Deathmatch","15307","13","69448","Riftblade Kelain","42100","0","134214","1","0"
"13135","Team Deathmatch","15307","14","69449","Shadeweaver Zarra","42101","0","134216","1","0"
"13135","Team Deathmatch","15307","15","69450","Fenrae the Cunning","42102","0","131727","1","0"
"13135","Team Deathmatch","15307","16","69451","Gunnolf the Ferocious","42103","0","131726","1","0"
"13135","Team Deathmatch","15307","17","69452","Raul the Tenacious","42104","0","131728","1","0"
"13135","Team Deathmatch","15307","18","75406","Airyn Swiftfeet","44170","0","144776","1","0"
"13135","Team Deathmatch","15307","19","75407","Brother Bruen","44171","0","144782","1","0"
"13135","Team Deathmatch","15307","20","75408","Lady Tamakeen","44172","0","144772","1","0"
"13135","Team Deathmatch","15307","21","80276","Thornguard Burton","45344","0","151027","1","0"
"13135","Team Deathmatch","15307","22","80277","Thornstalker Nydora","45345","0","151028","1","0"
"13135","Team Deathmatch","15307","23","80278","Thornspeaker Tavery","45346","0","151029","1","0"
"13141","Island Slayer","15307","0","69649","Reef Madness","41930","8","13115","1","0"
"13141","Island Slayer","15307","1","69650","War for the Wilds","41926","8","13114","1","0"
"13141","Island Slayer","15307","2","69651","Skittering Smashed","41918","8","13110","1","0"
"13141","Island Slayer","15307","3","69652","Mire Marauder","41914","8","13106","1","0"
"13141","Island Slayer","15307","4","69653","Clash at the Cay","41910","8","13102","1","0"
"13141","Island Slayer","15307","5","69654","Bane of the Chain","41906","8","13098","1","0"
"13141","Island Slayer","15307","6","69655","Ruined the Ruins","41922","8","12592","1","0"
"13141","Island Slayer","15307","7","72438","Jorundall Justice","44040","8","13399","1","0"
"13141","Island Slayer","15307","8","72439","Havenswood Hero","44041","8","13400","1","0"
"13141","Island Slayer","15307","9","80301","Crestfallen","45360","8","13580","1","0"
"13141","Island Slayer","15307","10","80302","Snowblossom Scrapper","45361","8","13584","1","0"
"13142","Archipelago Explorer","15307","0","69664","","42247","28","245618","1","0"
"13142","Archipelago Explorer","15307","1","69665","","42246","28","245618","1","0"
"13142","Archipelago Explorer","15307","2","69666","","42248","28","245618","1","0"
"13142","Archipelago Explorer","15307","3","69667","","42249","28","245618","1","0"
"13142","Archipelago Explorer","15307","4","69668","","42252","28","245618","1","0"
"13142","Archipelago Explorer","15307","5","69669","","42251","28","245618","1","0"
"13142","Archipelago Explorer","15307","6","69670","","42250","28","245618","1","0"
"13142","Archipelago Explorer","15307","7","72430","","44034","28","245618","1","0"
"13142","Archipelago Explorer","15307","8","72431","","44035","28","245618","1","0"
"13142","Archipelago Explorer","15307","9","80279","","45347","28","245618","1","0"
"13142","Archipelago Explorer","15307","10","80280","","45348","28","245618","1","0"
"13144","Wide World of Quests","15284","0","70540","","42271","27","51710","1","0"
"13144","Wide World of Quests","15284","1","69878","","42272","27","51434","1","0"
"13144","Wide World of Quests","15284","2","70046","","42273","27","51739","1","0"
"13144","Wide World of Quests","15284","3","69764","","42274","27","51719","1","0"
"13144","Wide World of Quests","15284","4","69991","","42275","27","51397","1","0"
"13144","Wide World of Quests","15284","5","70487","","42276","27","51697","1","0"
"13144","Wide World of Quests","15284","6","69695","","42277","27","51740","1","0"
"13144","Wide World of Quests","15284","7","70437","","42278","27","51709","1","0"
"13144","Wide World of Quests","15284","8","70003","","42279","27","51741","1","0"
"13144","Wide World of Quests","15284","9","70401","","42280","27","51908","1","0"
"13144","Wide World of Quests","15284","10","69909","","42281","27","51919","1","0"
"13144","Wide World of Quests","15284","11","69771","","42282","27","51616","1","0"
"13144","Wide World of Quests","15284","12","70021","","42283","27","51693","1","0"
"13144","Wide World of Quests","15284","13","70063","","42284","27","51742","1","0"
"13144","Wide World of Quests","15284","14","69869","","42285","27","51754","1","0"
"13144","Wide World of Quests","15284","15","69898","","42286","27","49397","1","0"
"13144","Wide World of Quests","15284","16","69733","","42287","27","51970","1","0"
"13144","Wide World of Quests","15284","17","70322","","42288","27","51874","1","0"
"13144","Wide World of Quests","15284","18","70425","","42289","27","51884","1","0"
"13144","Wide World of Quests","15284","19","69842","","42290","27","51887","1","0"
"13144","Wide World of Quests","15284","20","70286","","42291","27","51433","1","0"
"13144","Wide World of Quests","15284","21","70539","","42292","27","51699","1","0"
"13144","Wide World of Quests","15284","22","70486","","42293","27","51658","1","0"
"13144","Wide World of Quests","15284","23","70067","","42294","27","51667","1","0"
"13144","Wide World of Quests","15284","24","70582","","42295","27","51707","1","0"
"13144","Wide World of Quests","15284","25","70002","","42296","27","51743","1","0"
"13144","Wide World of Quests","15284","26","70299","","42297","27","51727","1","0"
"13144","Wide World of Quests","15284","27","69805","","42298","27","51612","1","0"
"13144","Wide World of Quests","15284","28","70117","","42299","27","51608","1","0"
"13144","Wide World of Quests","15284","29","70588","","42300","27","51615","1","0"
"13144","Wide World of Quests","15284","30","70190","","42301","27","51609","1","0"
"13144","Wide World of Quests","15284","31","70037","","42302","27","52862","1","0"
"13144","Wide World of Quests","15284","32","69730","","42303","27","52872","1","0"
"13144","Wide World of Quests","15284","33","70097","","42304","27","52009","1","0"
"13144","Wide World of Quests","15284","34","70188","","42305","27","52218","1","0"
"13144","Wide World of Quests","15284","35","70557","","42306","27","52278","1","0"
"13144","Wide World of Quests","15284","36","70310","","42307","27","52297","1","0"
"13144","Wide World of Quests","15284","37","70399","","42308","27","51988","1","0"
"13144","Wide World of Quests","15284","38","69857","","42309","27","50000","1","0"
"13144","Wide World of Quests","15284","39","69686","","42310","27","51585","1","0"
"13144","Wide World of Quests","15284","40","70625","","42311","27","51917","1","0"
"13144","Wide World of Quests","15284","41","69935","","42312","27","51676","1","0"
"13144","Wide World of Quests","15284","42","69993","","42313","27","51769","1","0"
"13144","Wide World of Quests","15284","43","70089","","42314","27","51681","1","0"
"13144","Wide World of Quests","15284","44","70093","","42315","27","51683","1","0"
"13144","Wide World of Quests","15284","45","70482","","42316","27","51686","1","0"
"13144","Wide World of Quests","15284","46","69858","","42317","27","51604","1","0"
"13144","Wide World of Quests","15284","47","69987","","42318","27","51764","1","0"
"13144","Wide World of Quests","15284","48","70602","","42319","27","51920","1","0"
"13144","Wide World of Quests","15284","49","69877","","42320","27","51897","1","0"
"13144","Wide World of Quests","15284","50","69969","","42321","27","51972","1","0"
"13144","Wide World of Quests","15284","51","70070","","42322","27","51454","1","0"
"13144","Wide World of Quests","15284","52","70636","","42323","27","51619","1","0"
"13144","Wide World of Quests","15284","53","70471","","42324","27","51767","1","0"
"13144","Wide World of Quests","15284","54","69903","","42325","27","51620","1","0"
"13144","Wide World of Quests","15284","55","69896","","42326","27","51768","1","0"
"13144","Wide World of Quests","15284","56","69834","","42327","27","51694","1","0"
"13144","Wide World of Quests","15284","57","70624","","42328","27","51747","1","0"
"13144","Wide World of Quests","15284","58","69952","","42329","27","51687","1","0"
"13144","Wide World of Quests","15284","59","69988","","42330","27","51745","1","0"
"13144","Wide World of Quests","15284","60","69996","","42331","27","51528","1","0"
"13144","Wide World of Quests","15284","61","70458","","42332","27","51457","1","0"
"13144","Wide World of Quests","15284","62","69968","","42333","27","51512","1","0"
"13144","Wide World of Quests","15284","63","70060","","42334","27","51541","1","0"
"13144","Wide World of Quests","15284","64","70490","","42335","27","51469","1","0"
"13144","Wide World of Quests","15284","65","70011","","42336","27","51507","1","0"
"13144","Wide World of Quests","15284","66","70019","","42337","27","51505","1","0"
"13144","Wide World of Quests","15284","67","70583","","42338","27","51506","1","0"
"13144","Wide World of Quests","15284","68","69799","","42339","27","51491","1","0"
"13144","Wide World of Quests","15284","69","70194","","42340","27","51466","1","0"
"13144","Wide World of Quests","15284","70","70030","","42341","27","51542","1","0"
"13144","Wide World of Quests","15284","71","70456","","42342","27","50669","1","0"
"13144","Wide World of Quests","15284","72","69776","","42343","27","51467","1","0"
"13144","Wide World of Quests","15284","73","70409","","42344","27","51529","1","0"
"13144","Wide World of Quests","15284","74","70641","","42345","27","51508","1","0"
"13144","Wide World of Quests","15284","75","70519","","42346","27","51527","1","0"
"13144","Wide World of Quests","15284","76","70253","","42347","27","51468","1","0"
"13144","Wide World of Quests","15284","77","69870","","42348","27","52000","1","0"
"13144","Wide World of Quests","15284","78","69851","","42349","27","52002","1","0"
"13144","Wide World of Quests","15284","79","70066","","42350","27","51999","1","0"
"13144","Wide World of Quests","15284","80","69752","","42351","27","52001","1","0"
"13144","Wide World of Quests","15284","81","70282","","42352","27","51588","1","0"
"13144","Wide World of Quests","15284","82","70446","","42353","27","51761","1","0"
"13144","Wide World of Quests","15284","83","69792","","42354","27","51906","1","0"
"13144","Wide World of Quests","15284","84","70340","","42355","27","51989","1","0"
"13144","Wide World of Quests","15284","85","70640","","42356","27","51431","1","0"
"13144","Wide World of Quests","15284","86","70404","","42357","27","50369","1","0"
"13144","Wide World of Quests","15284","87","70300","","42358","27","51737","1","0"
"13144","Wide World of Quests","15284","88","70119","","42359","27","51576","1","0"
"13144","Wide World of Quests","15284","89","70121","","42360","27","51832","1","0"
"13144","Wide World of Quests","15284","90","69890","","42361","27","51706","1","0"
"13144","Wide World of Quests","15284","91","70157","","42362","27","51909","1","0"
"13144","Wide World of Quests","15284","92","69836","","42363","27","51690","1","0"
"13144","Wide World of Quests","15284","93","70175","","42364","27","51682","1","0"
"13144","Wide World of Quests","15284","94","70303","","42365","27","51746","1","0"
"13144","Wide World of Quests","15284","95","70027","","42366","27","51738","1","0"
"13144","Wide World of Quests","15284","96","69883","","42367","27","51672","1","0"
"13144","Wide World of Quests","15284","97","70238","","42368","27","51765","1","0"
"13144","Wide World of Quests","15284","98","70629","","42369","27","51530","1","0"
"13144","Wide World of Quests","15284","99","70095","","42370","27","52334","1","0"
"13144","Wide World of Quests","15284","100","70132","","42371","27","52357","1","0"
"13144","Wide World of Quests","15284","101","70648","","42372","27","52364","1","0"
"13144","Wide World of Quests","15284","102","70236","","42373","27","52365","1","0"
"13144","Wide World of Quests","15284","103","69705","","42374","27","52381","1","0"
"13144","Wide World of Quests","15284","104","69732","","42375","27","53266","1","0"
"13144","Wide World of Quests","15284","105","70367","","42376","27","53270","1","0"
"13144","Wide World of Quests","15284","106","70610","","42377","27","53271","1","0"
"13144","Wide World of Quests","15284","107","69933","","42378","27","53272","1","0"
"13144","Wide World of Quests","15284","108","70330","","42379","27","53273","1","0"
"13144","Wide World of Quests","15284","109","70266","","42380","27","53274","1","0"
"13144","Wide World of Quests","15284","110","69994","","42381","27","50985","1","0"
"13144","Wide World of Quests","15284","111","70071","","42382","27","50986","1","0"
"13144","Wide World of Quests","15284","112","70288","","42383","27","52390","1","0"
"13144","Wide World of Quests","15284","113","69689","","42384","27","52406","1","0"
"13144","Wide World of Quests","15284","114","70345","","42385","27","52407","1","0"
"13144","Wide World of Quests","15284","115","70058","","42386","27","52414","1","0"
"13144","Wide World of Quests","15284","116","70165","","42387","27","53308","1","0"
"13144","Wide World of Quests","15284","117","69735","","42388","27","53311","1","0"
"13144","Wide World of Quests","15284","118","70297","","42389","27","53312","1","0"
"13144","Wide World of Quests","15284","119","69939","","42390","27","50987","1","0"
"13144","Wide World of Quests","15284","120","70586","","42391","27","50991","1","0"
"13144","Wide World of Quests","15284","121","70569","","42392","27","50994","1","0"
"13144","Wide World of Quests","15284","122","70543","","42393","27","52424","1","0"
"13144","Wide World of Quests","15284","123","69973","","42394","27","52333","1","0"
"13144","Wide World of Quests","15284","124","70479","","42395","27","52355","1","0"
"13144","Wide World of Quests","15284","125","70530","","42396","27","52356","1","0"
"13144","Wide World of Quests","15284","126","69694","","42397","27","52366","1","0"
"13144","Wide World of Quests","15284","127","69835","","42398","27","52377","1","0"
"13144","Wide World of Quests","15284","128","70564","","42399","27","53277","1","0"
"13144","Wide World of Quests","15284","129","70096","","42400","27","53278","1","0"
"13144","Wide World of Quests","15284","130","69899","","42401","27","53279","1","0"
"13144","Wide World of Quests","15284","131","70143","","42402","27","53280","1","0"
"13144","Wide World of Quests","15284","132","70462","","42403","27","53281","1","0"
"13144","Wide World of Quests","15284","133","70044","","42404","27","53282","1","0"
"13144","Wide World of Quests","15284","134","69999","","42405","27","50983","1","0"
"13144","Wide World of Quests","15284","135","70043","","42406","27","50984","1","0"
"13144","Wide World of Quests","15284","136","70645","","42407","27","52389","1","0"
"13144","Wide World of Quests","15284","137","69975","","42408","27","52404","1","0"
"13144","Wide World of Quests","15284","138","70560","","42409","27","52405","1","0"
"13144","Wide World of Quests","15284","139","70313","","42410","27","52416","1","0"
"13144","Wide World of Quests","15284","140","70363","","42411","27","52417","1","0"
"13144","Wide World of Quests","15284","141","70336","","42412","27","53313","1","0"
"13144","Wide World of Quests","15284","142","69936","","42413","27","53314","1","0"
"13144","Wide World of Quests","15284","143","69724","","42414","27","53315","1","0"
"13144","Wide World of Quests","15284","144","69985","","42415","27","50992","1","0"
"13144","Wide World of Quests","15284","145","70197","","42416","27","50995","1","0"
"13144","Wide World of Quests","15284","146","70572","","42417","27","50998","1","0"
"13144","Wide World of Quests","15284","147","70532","","42418","27","52423","1","0"
"13144","Wide World of Quests","15284","148","70397","","42419","27","52332","1","0"
"13144","Wide World of Quests","15284","149","69868","","42420","27","52353","1","0"
"13144","Wide World of Quests","15284","150","70277","","42421","27","52354","1","0"
"13144","Wide World of Quests","15284","151","70261","","42422","27","52367","1","0"
"13144","Wide World of Quests","15284","152","69780","","42423","27","52380","1","0"
"13144","Wide World of Quests","15284","153","70125","","42424","27","53283","1","0"
"13144","Wide World of Quests","15284","154","70355","","42425","27","53284","1","0"
"13144","Wide World of Quests","15284","155","70082","","42426","27","53285","1","0"
"13144","Wide World of Quests","15284","156","70526","","42427","27","53286","1","0"
"13144","Wide World of Quests","15284","157","69811","","42428","27","53287","1","0"
"13144","Wide World of Quests","15284","158","70069","","42429","27","53288","1","0"
"13144","Wide World of Quests","15284","159","70376","","42430","27","50981","1","0"
"13144","Wide World of Quests","15284","160","70074","","42431","27","50982","1","0"
"13144","Wide World of Quests","15284","161","70343","","42432","27","52391","1","0"
"13144","Wide World of Quests","15284","162","70020","","42433","27","52400","1","0"
"13144","Wide World of Quests","15284","163","70348","","42434","27","52402","1","0"
"13144","Wide World of Quests","15284","164","69965","","42435","27","52415","1","0"
"13144","Wide World of Quests","15284","165","70388","","42436","27","53316","1","0"
"13144","Wide World of Quests","15284","166","69711","","42437","27","53317","1","0"
"13144","Wide World of Quests","15284","167","69812","","42438","27","53318","1","0"
"13144","Wide World of Quests","15284","168","70013","","42439","27","50989","1","0"
"13144","Wide World of Quests","15284","169","70438","","42440","27","50993","1","0"
"13144","Wide World of Quests","15284","170","69727","","42441","27","50996","1","0"
"13144","Wide World of Quests","15284","171","70247","","42442","27","50997","1","0"
"13144","Wide World of Quests","15284","172","70324","","42443","27","52422","1","0"
"13144","Wide World of Quests","15284","173","69775","","42444","27","52344","1","0"
"13144","Wide World of Quests","15284","174","70009","","42445","27","52345","1","0"
"13144","Wide World of Quests","15284","175","69827","","42446","27","52346","1","0"
"13144","Wide World of Quests","15284","176","70108","","42447","27","52347","1","0"
"13144","Wide World of Quests","15284","177","70621","","42448","27","52331","1","0"
"13144","Wide World of Quests","15284","178","70138","","42449","27","52339","1","0"
"13144","Wide World of Quests","15284","179","70601","","42450","27","52340","1","0"
"13144","Wide World of Quests","15284","180","69704","","42451","27","52363","1","0"
"13144","Wide World of Quests","15284","181","70392","","42452","27","52368","1","0"
"13144","Wide World of Quests","15284","182","70365","","42453","27","52375","1","0"
"13144","Wide World of Quests","15284","183","70136","","42454","27","52376","1","0"
"13144","Wide World of Quests","15284","184","70091","","42455","27","52378","1","0"
"13144","Wide World of Quests","15284","185","70412","","42456","27","52379","1","0"
"13144","Wide World of Quests","15284","186","69912","","42457","27","51022","1","0"
"13144","Wide World of Quests","15284","187","70035","","42458","27","51023","1","0"
"13144","Wide World of Quests","15284","188","70478","","42459","27","51024","1","0"
"13144","Wide World of Quests","15284","189","69900","","42460","27","51025","1","0"
"13144","Wide World of Quests","15284","190","70612","","42461","27","51026","1","0"
"13144","Wide World of Quests","15284","191","69919","","42462","27","51027","1","0"
"13144","Wide World of Quests","15284","192","70631","","42463","27","52392","1","0"
"13144","Wide World of Quests","15284","193","69742","","42464","27","51017","1","0"
"13144","Wide World of Quests","15284","194","70513","","42465","27","51021","1","0"
"13144","Wide World of Quests","15284","195","69746","","42466","27","51028","1","0"
"13144","Wide World of Quests","15284","196","70112","","42467","27","51029","1","0"
"13144","Wide World of Quests","15284","197","70476","","42468","27","51030","1","0"
"13144","Wide World of Quests","15284","198","70613","","42469","27","51031","1","0"
"13144","Wide World of Quests","15284","199","70045","","42470","27","51032","1","0"
"13144","Wide World of Quests","15284","200","69737","","42471","27","51033","1","0"
"13144","Wide World of Quests","15284","201","69774","","42472","27","51034","1","0"
"13144","Wide World of Quests","15284","202","70413","","42473","27","51035","1","0"
"13144","Wide World of Quests","15284","203","70283","","42474","27","51127","1","0"
"13144","Wide World of Quests","15284","204","70360","","42475","27","50559","1","0"
"13144","Wide World of Quests","15284","205","70421","","42476","27","51550","1","0"
"13144","Wide World of Quests","15284","206","69847","","42477","27","50648","1","0"
"13144","Wide World of Quests","15284","207","70252","","42478","27","50718","1","0"
"13144","Wide World of Quests","15284","208","70135","","42479","27","51412","1","0"
"13144","Wide World of Quests","15284","209","70591","","42480","27","51415","1","0"
"13144","Wide World of Quests","15284","210","70198","","42481","27","51411","1","0"
"13144","Wide World of Quests","15284","211","70549","","42482","27","51064","1","0"
"13144","Wide World of Quests","15284","212","70378","","42483","27","52832","1","0"
"13144","Wide World of Quests","15284","213","69959","","42484","27","52808","1","0"
"13144","Wide World of Quests","15284","214","70209","","42485","27","52884","1","0"
"13144","Wide World of Quests","15284","215","69784","","42486","27","52779","1","0"
"13144","Wide World of Quests","15284","216","70331","","42487","27","52799","1","0"
"13144","Wide World of Quests","15284","217","69902","","42488","27","52803","1","0"
"13144","Wide World of Quests","15284","218","70130","","42489","27","52754","1","0"
"13144","Wide World of Quests","15284","219","70204","","42490","27","50572","1","0"
"13144","Wide World of Quests","15284","220","70342","","42491","27","50676","1","0"
"13144","Wide World of Quests","15284","221","70049","","42492","27","51548","1","0"
"13144","Wide World of Quests","15284","222","69833","","42493","27","50587","1","0"
"13144","Wide World of Quests","15284","223","70615","","42494","27","52007","1","0"
"13144","Wide World of Quests","15284","224","70291","","42495","27","52006","1","0"
"13144","Wide World of Quests","15284","225","69838","","42496","27","51166","1","0"
"13144","Wide World of Quests","15284","226","70047","","42497","27","50443","1","0"
"13144","Wide World of Quests","15284","227","69715","","42498","27","50695","1","0"
"13144","Wide World of Quests","15284","228","69840","","42499","27","51154","1","0"
"13144","Wide World of Quests","15284","229","70012","","42500","27","50667","1","0"
"13144","Wide World of Quests","15284","230","70503","","42501","27","50735","1","0"
"13144","Wide World of Quests","15284","231","70442","","42502","27","50899","1","0"
"13144","Wide World of Quests","15284","232","70195","","42503","27","51109","1","0"
"13144","Wide World of Quests","15284","233","69824","","42504","27","51176","1","0"
"13144","Wide World of Quests","15284","234","69788","","42505","27","50717","1","0"
"13144","Wide World of Quests","15284","235","70158","","42506","27","50521","1","0"
"13144","Wide World of Quests","15284","236","70468","","42507","27","50577","1","0"
"13144","Wide World of Quests","15284","237","70254","","42508","27","50488","1","0"
"13144","Wide World of Quests","15284","238","69855","","42509","27","50489","1","0"
"13144","Wide World of Quests","15284","239","70423","","42510","27","50490","1","0"
"13144","Wide World of Quests","15284","240","70033","","42511","27","50491","1","0"
"13144","Wide World of Quests","15284","241","69917","","42512","27","50492","1","0"
"13144","Wide World of Quests","15284","242","69927","","42513","27","50496","1","0"
"13144","Wide World of Quests","15284","243","70596","","42514","27","50498","1","0"
"13144","Wide World of Quests","15284","244","69798","","42515","27","50499","1","0"
"13144","Wide World of Quests","15284","245","70110","","42516","27","50501","1","0"
"13144","Wide World of Quests","15284","246","69911","","42517","27","50502","1","0"
"13144","Wide World of Quests","15284","247","70550","","42518","27","50503","1","0"
"13144","Wide World of Quests","15284","248","70493","","42519","27","50505","1","0"
"13144","Wide World of Quests","15284","249","70400","","42520","27","50506","1","0"
"13144","Wide World of Quests","15284","250","70056","","42521","27","50507","1","0"
"13144","Wide World of Quests","15284","251","70607","","42522","27","50509","1","0"
"13144","Wide World of Quests","15284","252","69875","","42523","27","50510","1","0"
"13144","Wide World of Quests","15284","253","70134","","42524","27","50511","1","0"
"13144","Wide World of Quests","15284","254","70004","","42525","27","50512","1","0"
"13144","Wide World of Quests","15284","255","70289","","42526","27","50513","1","0"
"13144","Wide World of Quests","15284","256","69872","","42527","27","50514","1","0"
"13144","Wide World of Quests","15284","257","70290","","42528","27","50515","1","0"
"13144","Wide World of Quests","15284","258","70562","","42529","27","50516","1","0"
"13144","Wide World of Quests","15284","259","70457","","42530","27","50517","1","0"
"13144","Wide World of Quests","15284","260","70587","","42531","27","50518","1","0"
"13144","Wide World of Quests","15284","261","70651","","42532","27","50519","1","0"
"13144","Wide World of Quests","15284","262","70036","","42533","27","50564","1","0"
"13144","Wide World of Quests","15284","263","70222","","42534","27","50566","1","0"
"13144","Wide World of Quests","15284","264","70218","","42535","27","50568","1","0"
"13144","Wide World of Quests","15284","265","70585","","42536","27","50570","1","0"
"13144","Wide World of Quests","15284","266","69728","","42537","27","50459","1","0"
"13144","Wide World of Quests","15284","267","70420","","42538","27","50461","1","0"
"13144","Wide World of Quests","15284","268","70333","","42539","27","50468","1","0"
"13144","Wide World of Quests","15284","269","70618","","42540","27","50483","1","0"
"13144","Wide World of Quests","15284","270","70213","","42541","27","51172","1","0"
"13144","Wide World of Quests","15284","271","70415","","42542","27","50545","1","0"
"13144","Wide World of Quests","15284","272","69941","","42543","27","50936","1","0"
"13144","Wide World of Quests","15284","273","70211","","42544","27","50660","1","0"
"13144","Wide World of Quests","15284","274","69895","","42545","27","50665","1","0"
"13144","Wide World of Quests","15284","275","70616","","42546","27","50962","1","0"
"13144","Wide World of Quests","15284","276","70485","","42547","27","50813","1","0"
"13144","Wide World of Quests","15284","277","70432","","42548","27","51546","1","0"
"13144","Wide World of Quests","15284","278","70327","","42549","27","50689","1","0"
"13144","Wide World of Quests","15284","279","69853","","42550","27","50474","1","0"
"13144","Wide World of Quests","15284","280","69839","","42551","27","50529","1","0"
"13144","Wide World of Quests","15284","281","70534","","42552","27","50961","1","0"
"13144","Wide World of Quests","15284","282","69688","","42553","27","50634","1","0"
"13144","Wide World of Quests","15284","283","70111","","42554","27","50497","1","0"
"13144","Wide World of Quests","15284","284","70649","","42555","27","51131","1","0"
"13144","Wide World of Quests","15284","285","70579","","42556","27","50549","1","0"
"13144","Wide World of Quests","15284","286","70375","","42557","27","50786","1","0"
"13144","Wide World of Quests","15284","287","70294","","42558","27","52785","1","0"
"13144","Wide World of Quests","15284","288","69849","","42559","27","50650","1","0"
"13144","Wide World of Quests","15284","289","69981","","42560","27","50366","1","0"
"13144","Wide World of Quests","15284","290","70455","","42561","27","50460","1","0"
"13144","Wide World of Quests","15284","291","69736","","42562","27","50462","1","0"
"13144","Wide World of Quests","15284","292","69795","","42563","27","50467","1","0"
"13144","Wide World of Quests","15284","293","70368","","42564","27","50472","1","0"
"13144","Wide World of Quests","15284","294","70152","","42565","27","50477","1","0"
"13144","Wide World of Quests","15284","295","69787","","42566","27","50480","1","0"
"13144","Wide World of Quests","15284","296","70440","","42567","27","52393","1","0"
"13144","Wide World of Quests","15284","297","69862","","42568","27","52394","1","0"
"13144","Wide World of Quests","15284","298","70390","","42569","27","52180","1","0"
"13144","Wide World of Quests","15284","299","70608","","42570","27","52168","1","0"
"13144","Wide World of Quests","15284","300","70499","","42571","27","52198","1","0"
"13144","Wide World of Quests","15284","301","70638","","42572","27","52071","1","0"
"13144","Wide World of Quests","15284","302","70385","","42573","27","52045","1","0"
"13144","Wide World of Quests","15284","303","70010","","42574","27","52117","1","0"
"13144","Wide World of Quests","15284","304","70257","","42575","27","52063","1","0"
"13144","Wide World of Quests","15284","305","70483","","42576","27","51855","1","0"
"13144","Wide World of Quests","15284","306","69818","","42577","27","52164","1","0"
"13144","Wide World of Quests","15284","307","70305","","42578","27","52199","1","0"
"13144","Wide World of Quests","15284","308","70281","","42579","27","52140","1","0"
"13144","Wide World of Quests","15284","309","69783","","42580","27","52011","1","0"
"13144","Wide World of Quests","15284","310","70154","","42581","27","52064","1","0"
"13144","Wide World of Quests","15284","311","70039","","42582","27","52236","1","0"
"13144","Wide World of Quests","15284","312","70081","","42583","27","53108","1","0"
"13144","Wide World of Quests","15284","313","70469","","42584","27","53106","1","0"
"13144","Wide World of Quests","15284","314","70402","","42585","27","53107","1","0"
"13144","Wide World of Quests","15284","315","70187","","42586","27","53344","1","0"
"13144","Wide World of Quests","15284","316","69916","","42587","27","53343","1","0"
"13144","Wide World of Quests","15284","317","69942","","42588","27","53345","1","0"
"13144","Wide World of Quests","15284","318","70006","","42589","27","52507","1","0"
"13144","Wide World of Quests","15284","319","70643","","42590","27","52211","1","0"
"13144","Wide World of Quests","15284","320","69889","","42591","27","51981","1","0"
"13144","Wide World of Quests","15284","321","69720","","42592","27","52230","1","0"
"13144","Wide World of Quests","15284","322","69755","","42593","27","51996","1","0"
"13144","Wide World of Quests","15284","323","70109","","42594","27","52239","1","0"
"13144","Wide World of Quests","15284","324","69980","","42595","27","52935","1","0"
"13144","Wide World of Quests","15284","325","70633","","42596","27","52936","1","0"
"13144","Wide World of Quests","15284","326","70547","","42597","27","53025","1","0"
"13144","Wide World of Quests","15284","327","69989","","42598","27","53027","1","0"
"13144","Wide World of Quests","15284","328","70059","","42599","27","51617","1","0"
"13144","Wide World of Quests","15284","329","69757","","42600","27","51618","1","0"
"13144","Wide World of Quests","15284","330","70314","","42601","27","51644","1","0"
"13144","Wide World of Quests","15284","331","69885","","42602","27","51623","1","0"
"13144","Wide World of Quests","15284","332","69826","","42603","27","52871","1","0"
"13144","Wide World of Quests","15284","333","70127","","42604","27","52873","1","0"
"13144","Wide World of Quests","15284","334","70416","","42605","27","51759","1","0"
"13144","Wide World of Quests","15284","335","70406","","42606","27","51774","1","0"
"13144","Wide World of Quests","15284","336","70212","","42607","27","51776","1","0"
"13144","Wide World of Quests","15284","337","70149","","42608","27","51777","1","0"
"13144","Wide World of Quests","15284","338","69884","","42609","27","51778","1","0"
"13144","Wide World of Quests","15284","339","70347","","42610","27","51779","1","0"
"13144","Wide World of Quests","15284","340","70523","","42611","27","51781","1","0"
"13144","Wide World of Quests","15284","341","70433","","42612","27","51782","1","0"
"13144","Wide World of Quests","15284","342","70414","","42613","27","51886","1","0"
"13144","Wide World of Quests","15284","343","70387","","42614","27","51901","1","0"
"13144","Wide World of Quests","15284","344","69932","","42615","27","51921","1","0"
"13144","Wide World of Quests","15284","345","70014","","42616","27","51974","1","0"
"13144","Wide World of Quests","15284","346","70644","","42617","27","51976","1","0"
"13144","Wide World of Quests","15284","347","70566","","42618","27","51978","1","0"
"13144","Wide World of Quests","15284","348","70504","","42619","27","51947","1","0"
"13144","Wide World of Quests","15284","349","69767","","42620","27","51977","1","0"
"13144","Wide World of Quests","15284","350","70133","","42621","27","52299","1","0"
"13144","Wide World of Quests","15284","351","69846","","42622","27","52300","1","0"
"13144","Wide World of Quests","15284","352","69808","","42623","27","52301","1","0"
"13144","Wide World of Quests","15284","353","69915","","42624","27","52306","1","0"
"13144","Wide World of Quests","15284","354","69738","","42625","27","52309","1","0"
"13144","Wide World of Quests","15284","355","70389","","42626","27","52310","1","0"
"13144","Wide World of Quests","15284","356","70268","","42627","27","52315","1","0"
"13144","Wide World of Quests","15284","357","69713","","42628","27","52321","1","0"
"13144","Wide World of Quests","15284","358","70502","","42629","27","52322","1","0"
"13144","Wide World of Quests","15284","359","70509","","42630","27","52328","1","0"
"13144","Wide World of Quests","15284","360","69709","","42631","27","52432","1","0"
"13144","Wide World of Quests","15284","361","70459","","42632","27","52446","1","0"
"13144","Wide World of Quests","15284","362","70356","","42633","27","52452","1","0"
"13144","Wide World of Quests","15284","363","69801","","42634","27","52459","1","0"
"13144","Wide World of Quests","15284","364","70185","","42635","27","52463","1","0"
"13144","Wide World of Quests","15284","365","70262","","42636","27","52464","1","0"
"13144","Wide World of Quests","15284","366","70574","","42637","27","52474","1","0"
"13144","Wide World of Quests","15284","367","70269","","42638","27","52476","1","0"
"13144","Wide World of Quests","15284","368","70233","","42639","27","52880","1","0"
"13144","Wide World of Quests","15284","369","70533","","42640","27","52889","1","0"
"13144","Wide World of Quests","15284","370","70398","","42641","27","51806","1","0"
"13144","Wide World of Quests","15284","371","70079","","42642","27","51905","1","0"
"13144","Wide World of Quests","15284","372","69856","","42643","27","52352","1","0"
"13144","Wide World of Quests","15284","373","70032","","42644","27","52330","1","0"
"13144","Wide World of Quests","15284","374","70350","","42645","27","52133","1","0"
"13144","Wide World of Quests","15284","375","70243","","42646","27","52941","1","0"
"13144","Wide World of Quests","15284","376","70231","","42647","27","52979","1","0"
"13144","Wide World of Quests","15284","377","70107","","42648","27","52968","1","0"
"13144","Wide World of Quests","15284","378","70341","","42649","27","52986","1","0"
"13144","Wide World of Quests","15284","379","70328","","42650","27","52939","1","0"
"13144","Wide World of Quests","15284","380","70116","","42651","27","52940","1","0"
"13144","Wide World of Quests","15284","381","69926","","42652","27","52179","1","0"
"13144","Wide World of Quests","15284","382","70439","","42653","27","51854","1","0"
"13144","Wide World of Quests","15284","383","70639","","42654","27","52142","1","0"
"13144","Wide World of Quests","15284","384","69819","","42655","27","52160","1","0"
"13144","Wide World of Quests","15284","385","69740","","42656","27","50591","1","0"
"13144","Wide World of Quests","15284","386","70498","","42657","27","52004","1","0"
"13144","Wide World of Quests","15284","387","70494","","42658","27","52115","1","0"
"13144","Wide World of Quests","15284","388","69962","","42659","27","52924","1","0"
"13144","Wide World of Quests","15284","389","70593","","42660","27","52972","1","0"
"13144","Wide World of Quests","15284","390","69955","","42661","27","52947","1","0"
"13144","Wide World of Quests","15284","391","70274","","42662","27","52964","1","0"
"13144","Wide World of Quests","15284","392","69758","","42663","27","52988","1","0"
"13144","Wide World of Quests","15284","393","70140","","42664","27","53008","1","0"
"13144","Wide World of Quests","15284","394","70352","","42665","27","52879","1","0"
"13144","Wide World of Quests","15284","395","70422","","42666","27","52882","1","0"
"13144","Wide World of Quests","15284","396","69725","","42667","27","52794","1","0"
"13144","Wide World of Quests","15284","397","70302","","42668","27","53040","1","0"
"13144","Wide World of Quests","15284","398","70087","","42669","27","53042","1","0"
"13144","Wide World of Quests","15284","399","69828","","42670","27","52200","1","0"
"13144","Wide World of Quests","15284","400","69698","","42671","27","52209","1","0"
"13144","Wide World of Quests","15284","401","70380","","42672","27","52174","1","0"
"13144","Wide World of Quests","15284","402","70567","","42673","27","51827","1","0"
"13144","Wide World of Quests","15284","403","70364","","42674","27","51828","1","0"
"13144","Wide World of Quests","15284","404","69832","","42675","27","51817","1","0"
"13144","Wide World of Quests","15284","405","69913","","42676","27","51811","1","0"
"13144","Wide World of Quests","15284","406","70630","","42677","27","51982","1","0"
"13144","Wide World of Quests","15284","407","70115","","42678","27","52982","1","0"
"13144","Wide World of Quests","15284","408","70460","","42679","27","52987","1","0"
"13144","Wide World of Quests","15284","409","70139","","42680","27","53012","1","0"
"13144","Wide World of Quests","15284","410","69717","","42681","27","52891","1","0"
"13144","Wide World of Quests","15284","411","70270","","42682","27","52054","1","0"
"13144","Wide World of Quests","15284","412","70603","","42683","27","52229","1","0"
"13144","Wide World of Quests","15284","413","70050","","42684","27","51820","1","0"
"13144","Wide World of Quests","15284","414","69765","","42685","27","52271","1","0"
"13144","Wide World of Quests","15284","415","70057","","42686","27","51840","1","0"
"13144","Wide World of Quests","15284","416","70611","","42687","27","52280","1","0"
"13144","Wide World of Quests","15284","417","69894","","42688","27","52865","1","0"
"13144","Wide World of Quests","15284","418","70160","","42689","27","52126","1","0"
"13144","Wide World of Quests","15284","419","70208","","42690","27","52165","1","0"
"13144","Wide World of Quests","15284","420","69741","","42691","27","52316","1","0"
"13144","Wide World of Quests","15284","421","70592","","42692","27","52325","1","0"
"13144","Wide World of Quests","15284","422","70568","","42693","27","51586","1","0"
"13144","Wide World of Quests","15284","423","70619","","42694","27","51584","1","0"
"13144","Wide World of Quests","15284","424","70142","","42695","27","51581","1","0"
"13144","Wide World of Quests","15284","425","70642","","42696","27","51583","1","0"
"13144","Wide World of Quests","15284","426","70099","","42697","27","52869","1","0"
"13144","Wide World of Quests","15284","427","69739","","42698","27","52874","1","0"
"13144","Wide World of Quests","15284","428","69753","","42699","27","52124","1","0"
"13144","Wide World of Quests","15284","429","70034","","42700","27","50295","1","0"
"13144","Wide World of Quests","15284","430","70173","","42701","27","50299","1","0"
"13144","Wide World of Quests","15284","431","70435","","42702","27","50296","1","0"
"13144","Wide World of Quests","15284","432","70411","","42703","27","50164","1","0"
"13144","Wide World of Quests","15284","433","70366","","42704","27","50234","1","0"
"13144","Wide World of Quests","15284","434","70078","","42705","27","51579","1","0"
"13144","Wide World of Quests","15284","435","70580","","42706","27","53188","1","0"
"13144","Wide World of Quests","15284","436","70505","","42707","27","49994","1","0"
"13144","Wide World of Quests","15284","437","70040","","42708","27","53189","1","0"
"13144","Wide World of Quests","15284","438","70052","","42709","27","52120","1","0"
"13144","Wide World of Quests","15284","439","70118","","42710","27","52119","1","0"
"13144","Wide World of Quests","15284","440","69754","","42711","27","51092","1","0"
"13144","Wide World of Quests","15284","441","70156","","42712","27","51333","1","0"
"13144","Wide World of Quests","15284","442","69914","","42713","27","51577","1","0"
"13144","Wide World of Quests","15284","443","69865","","42714","27","51318","1","0"
"13144","Wide World of Quests","15284","444","69719","","42715","27","51578","1","0"
"13144","Wide World of Quests","15284","445","69944","","42716","27","51463","1","0"
"13144","Wide World of Quests","15284","446","70529","","42717","27","51462","1","0"
"13144","Wide World of Quests","15284","447","70284","","42718","27","52047","1","0"
"13144","Wide World of Quests","15284","448","69707","","42719","27","52010","1","0"
"13144","Wide World of Quests","15284","449","70599","","42720","27","51621","1","0"
"13144","Wide World of Quests","15284","450","69761","","42721","27","52057","1","0"
"13144","Wide World of Quests","15284","451","69778","","42722","27","52056","1","0"
"13144","Wide World of Quests","15284","452","69888","","42723","27","51622","1","0"
"13144","Wide World of Quests","15284","453","70100","","42724","27","51758","1","0"
"13144","Wide World of Quests","15284","454","70467","","42725","27","50767","1","0"
"13144","Wide World of Quests","15284","455","69820","","42726","27","52167","1","0"
"13144","Wide World of Quests","15284","456","69930","","42727","27","52755","1","0"
"13144","Wide World of Quests","15284","457","70062","","42728","27","51225","1","0"
"13144","Wide World of Quests","15284","458","70216","","42729","27","50792","1","0"
"13144","Wide World of Quests","15284","459","69905","","42730","27","50776","1","0"
"13144","Wide World of Quests","15284","460","70191","","42731","27","50958","1","0"
"13144","Wide World of Quests","15284","461","69978","","42732","27","52751","1","0"
"13144","Wide World of Quests","15284","462","70235","","42733","27","52455","1","0"
"13144","Wide World of Quests","15284","463","69829","","42734","27","52471","1","0"
"13144","Wide World of Quests","15284","464","70150","","42735","27","52430","1","0"
"13144","Wide World of Quests","15284","465","69887","","42736","27","51651","1","0"
"13144","Wide World of Quests","15284","466","70192","","42737","27","51652","1","0"
"13144","Wide World of Quests","15284","467","70329","","42738","27","51653","1","0"
"13144","Wide World of Quests","15284","468","69813","","42739","27","51654","1","0"
"13144","Wide World of Quests","15284","469","70489","","42740","27","51655","1","0"
"13144","Wide World of Quests","15284","470","69687","","42741","27","51656","1","0"
"13144","Wide World of Quests","15284","471","70179","","42742","27","51657","1","0"
"13144","Wide World of Quests","15284","472","70518","","42743","27","51659","1","0"
"13144","Wide World of Quests","15284","473","69782","","42744","27","51660","1","0"
"13144","Wide World of Quests","15284","474","69946","","42745","27","51661","1","0"
"13144","Wide World of Quests","15284","475","70370","","42746","27","51662","1","0"
"13144","Wide World of Quests","15284","476","69964","","42747","27","51664","1","0"
"13144","Wide World of Quests","15284","477","70186","","42748","27","51665","1","0"
"13144","Wide World of Quests","15284","478","70000","","42749","27","51666","1","0"
"13144","Wide World of Quests","15284","479","70545","","42750","27","51669","1","0"
"13144","Wide World of Quests","15284","480","70237","","42751","27","51670","1","0"
"13144","Wide World of Quests","15284","481","69692","","42752","27","51839","1","0"
"13144","Wide World of Quests","15284","482","70061","","42753","27","51841","1","0"
"13144","Wide World of Quests","15284","483","70076","","42754","27","51842","1","0"
"13144","Wide World of Quests","15284","484","70260","","42755","27","51843","1","0"
"13144","Wide World of Quests","15284","485","70077","","42756","27","51844","1","0"
"13144","Wide World of Quests","15284","486","70542","","42757","27","51847","1","0"
"13144","Wide World of Quests","15284","487","70344","","42758","27","51848","1","0"
"13144","Wide World of Quests","15284","488","70123","","42759","27","51849","1","0"
"13144","Wide World of Quests","15284","489","70512","","42760","27","51890","1","0"
"13144","Wide World of Quests","15284","490","70426","","42761","27","51891","1","0"
"13144","Wide World of Quests","15284","491","69940","","42762","27","51892","1","0"
"13144","Wide World of Quests","15284","492","70248","","42763","27","51893","1","0"
"13144","Wide World of Quests","15284","493","69807","","42764","27","51894","1","0"
"13144","Wide World of Quests","15284","494","69696","","42765","27","51895","1","0"
"13144","Wide World of Quests","15284","495","70578","","42766","27","51610","1","0"
"13144","Wide World of Quests","15284","496","69931","","42767","27","51611","1","0"
"13144","Wide World of Quests","15284","497","69971","","42768","27","51613","1","0"
"13144","Wide World of Quests","15284","498","69958","","42769","27","53331","1","0"
"13144","Wide World of Quests","15284","499","70090","","42770","27","50315","1","0"
"13144","Wide World of Quests","15284","500","70325","","42771","27","50324","1","0"
"13144","Wide World of Quests","15284","501","69747","","42772","27","52144","1","0"
"13144","Wide World of Quests","15284","502","70576","","42773","27","52143","1","0"
"13144","Wide World of Quests","15284","503","70453","","42774","27","53076","1","0"
"13144","Wide World of Quests","15284","504","70007","","42775","27","52159","1","0"
"13144","Wide World of Quests","15284","505","70598","","42776","27","50421","1","0"
"13144","Wide World of Quests","15284","506","70018","","42777","27","53196","1","0"
"13144","Wide World of Quests","15284","507","70622","","42778","27","52145","1","0"
"13144","Wide World of Quests","15284","508","70298","","42779","27","51580","1","0"
"13144","Wide World of Quests","15284","509","70565","","42780","27","52804","1","0"
"13144","Wide World of Quests","15284","510","69745","","42781","27","52757","1","0"
"13144","Wide World of Quests","15284","511","70177","","42782","27","51671","1","0"
"13144","Wide World of Quests","15284","512","70623","","42783","27","51090","1","0"
"13144","Wide World of Quests","15284","513","69718","","42784","27","51646","1","0"
"13144","Wide World of Quests","15284","514","69863","","42785","27","51647","1","0"
"13144","Wide World of Quests","15284","515","69956","","42786","27","52155","1","0"
"13144","Wide World of Quests","15284","516","70098","","42787","27","53078","1","0"
"13144","Wide World of Quests","15284","517","70541","","42788","27","52760","1","0"
"13144","Wide World of Quests","15284","518","70321","","42789","27","52752","1","0"
"13144","Wide World of Quests","15284","519","70571","","42790","27","52805","1","0"
"13144","Wide World of Quests","15284","520","69970","","42791","27","52756","1","0"
"13144","Wide World of Quests","15284","521","70051","","42792","27","50977","1","0"
"13144","Wide World of Quests","15284","522","69770","","42793","27","51311","1","0"
"13144","Wide World of Quests","15284","523","70627","","42794","27","53346","1","0"
"13144","Wide World of Quests","15284","524","70597","","42795","27","51385","1","0"
"13144","Wide World of Quests","15284","525","69831","","42796","27","51405","1","0"
"13144","Wide World of Quests","15284","526","70129","","42797","27","51566","1","0"
"13144","Wide World of Quests","15284","527","70182","","42798","27","51388","1","0"
"13144","Wide World of Quests","15284","528","70295","","42799","27","51406","1","0"
"13144","Wide World of Quests","15284","529","70217","","42800","27","51284","1","0"
"13144","Wide World of Quests","15284","530","69854","","42801","27","50322","1","0"
"13144","Wide World of Quests","15284","531","70055","","42802","27","51245","1","0"
"13144","Wide World of Quests","15284","532","70202","","42803","27","51241","1","0"
"13144","Wide World of Quests","15284","533","69702","","42804","27","51317","1","0"
"13144","Wide World of Quests","15284","534","70384","","42805","27","51637","1","0"
"13144","Wide World of Quests","15284","535","69882","","42806","27","51640","1","0"
"13144","Wide World of Quests","15284","536","69864","","42807","27","51639","1","0"
"13144","Wide World of Quests","15284","537","70172","","42808","27","51638","1","0"
"13144","Wide World of Quests","15284","538","70255","","42809","27","51641","1","0"
"13144","Wide World of Quests","15284","539","69803","","42810","27","51642","1","0"
"13144","Wide World of Quests","15284","540","69843","","42811","27","51631","1","0"
"13144","Wide World of Quests","15284","541","70634","","42812","27","51634","1","0"
"13144","Wide World of Quests","15284","542","70647","","42813","27","51633","1","0"
"13144","Wide World of Quests","15284","543","70306","","42814","27","51632","1","0"
"13144","Wide World of Quests","15284","544","70114","","42815","27","53369","1","0"
"13144","Wide World of Quests","15284","545","70265","","42816","27","52472","1","0"
"13144","Wide World of Quests","15284","546","69729","","42817","27","51635","1","0"
"13144","Wide World of Quests","15284","547","69797","","42818","27","51636","1","0"
"13144","Wide World of Quests","15284","548","70246","","42819","27","51625","1","0"
"13144","Wide World of Quests","15284","549","69763","","42820","27","51628","1","0"
"13144","Wide World of Quests","15284","550","70454","","42821","27","51627","1","0"
"13144","Wide World of Quests","15284","551","70561","","42822","27","51626","1","0"
"13144","Wide World of Quests","15284","552","69901","","42823","27","51629","1","0"
"13144","Wide World of Quests","15284","553","69766","","42824","27","51630","1","0"
"13144","Wide World of Quests","15284","554","69904","","42825","27","52798","1","0"
"13144","Wide World of Quests","15284","555","69734","","42826","27","51252","1","0"
"13144","Wide World of Quests","15284","556","69793","","42827","27","51561","1","0"
"13144","Wide World of Quests","15284","557","69923","","42828","27","51562","1","0"
"13144","Wide World of Quests","15284","558","70184","","42829","27","51565","1","0"
"13144","Wide World of Quests","15284","559","70369","","42830","27","51564","1","0"
"13144","Wide World of Quests","15284","560","70465","","42831","27","51793","1","0"
"13144","Wide World of Quests","15284","561","69810","","42832","27","51794","1","0"
"13144","Wide World of Quests","15284","562","70430","","42833","27","52059","1","0"
"13144","Wide World of Quests","15284","563","70042","","42834","27","51783","1","0"
"13144","Wide World of Quests","15284","564","70276","","42835","27","51995","1","0"
"13144","Wide World of Quests","15284","565","69701","","42836","27","51924","1","0"
"13144","Wide World of Quests","15284","566","69697","","42837","27","51760","1","0"
"13144","Wide World of Quests","15284","567","70590","","42838","27","51963","1","0"
"13144","Wide World of Quests","15284","568","69760","","42839","27","51853","1","0"
"13144","Wide World of Quests","15284","569","69947","","42840","27","51238","1","0"
"13144","Wide World of Quests","15284","570","70126","","42841","27","51948","1","0"
"13144","Wide World of Quests","15284","571","69876","","42842","27","51330","1","0"
"13144","Wide World of Quests","15284","572","70441","","42843","27","51836","1","0"
"13144","Wide World of Quests","15284","573","70589","","42844","27","51804","1","0"
"13144","Wide World of Quests","15284","574","70531","","42845","27","51250","1","0"
"13144","Wide World of Quests","15284","575","69997","","42846","27","51185","1","0"
"13144","Wide World of Quests","15284","576","70312","","42847","27","51422","1","0"
"13144","Wide World of Quests","15284","577","70292","","42848","27","50975","1","0"
"13144","Wide World of Quests","15284","578","70382","","42849","27","51428","1","0"
"13144","Wide World of Quests","15284","579","70577","","42850","27","52849","1","0"
"13144","Wide World of Quests","15284","580","70372","","42851","27","52875","1","0"
"13144","Wide World of Quests","15284","581","69967","","42852","27","52850","1","0"
"13144","Wide World of Quests","15284","582","69953","","42853","27","52878","1","0"
"13144","Wide World of Quests","15284","583","70244","","42854","27","52856","1","0"
"13144","Wide World of Quests","15284","584","70501","","42855","27","52864","1","0"
"13144","Wide World of Quests","15284","585","70318","","42856","27","51095","1","0"
"13144","Wide World of Quests","15284","586","70525","","42857","27","51096","1","0"
"13144","Wide World of Quests","15284","587","70381","","42858","27","51097","1","0"
"13144","Wide World of Quests","15284","588","70054","","42859","27","51098","1","0"
"13144","Wide World of Quests","15284","589","70301","","42860","27","51099","1","0"
"13144","Wide World of Quests","15284","590","70584","","42861","27","51100","1","0"
"13144","Wide World of Quests","15284","591","69768","","42862","27","51102","1","0"
"13144","Wide World of Quests","15284","592","70551","","42863","27","51103","1","0"
"13144","Wide World of Quests","15284","593","70153","","42864","27","51104","1","0"
"13144","Wide World of Quests","15284","594","70626","","42865","27","51105","1","0"
"13144","Wide World of Quests","15284","595","70232","","42866","27","51106","1","0"
"13144","Wide World of Quests","15284","596","70319","","42867","27","51107","1","0"
"13144","Wide World of Quests","15284","597","70041","","42868","27","51108","1","0"
"13144","Wide World of Quests","15284","598","70488","","42869","27","51112","1","0"
"13144","Wide World of Quests","15284","599","70443","","42870","27","51113","1","0"
"13144","Wide World of Quests","15284","600","70315","","42871","27","51114","1","0"
"13144","Wide World of Quests","15284","601","70086","","42872","27","51115","1","0"
"13144","Wide World of Quests","15284","602","70407","","42873","27","51116","1","0"
"13144","Wide World of Quests","15284","603","70500","","42874","27","51117","1","0"
"13144","Wide World of Quests","15284","604","69708","","42875","27","51118","1","0"
"13144","Wide World of Quests","15284","605","70492","","42876","27","51119","1","0"
"13144","Wide World of Quests","15284","606","70450","","42877","27","51120","1","0"
"13144","Wide World of Quests","15284","607","69710","","42878","27","51121","1","0"
"13144","Wide World of Quests","15284","608","70151","","42879","27","51122","1","0"
"13144","Wide World of Quests","15284","609","70617","","42880","27","51123","1","0"
"13144","Wide World of Quests","15284","610","70497","","42881","27","51124","1","0"
"13144","Wide World of Quests","15284","611","70224","","42882","27","51125","1","0"
"13144","Wide World of Quests","15284","612","70131","","42883","27","51429","1","0"
"13144","Wide World of Quests","15284","613","69866","","42884","27","51315","1","0"
"13144","Wide World of Quests","15284","614","70048","","42885","27","51834","1","0"
"13144","Wide World of Quests","15284","615","69796","","42886","27","51558","1","0"
"13144","Wide World of Quests","15284","616","70594","","42887","27","51559","1","0"
"13144","Wide World of Quests","15284","617","70162","","42888","27","51285","1","0"
"13144","Wide World of Quests","15284","618","70163","","42889","27","51198","1","0"
"13144","Wide World of Quests","15284","619","70555","","42890","27","51791","1","0"
"13144","Wide World of Quests","15284","620","70251","","42891","27","51792","1","0"
"13144","Wide World of Quests","15284","621","70507","","42892","27","51173","1","0"
"13144","Wide World of Quests","15284","622","70167","","42893","27","51997","1","0"
"13144","Wide World of Quests","15284","623","70461","","42894","27","51763","1","0"
"13144","Wide World of Quests","15284","624","69874","","42895","27","51983","1","0"
"13144","Wide World of Quests","15284","625","70170","","42896","27","51228","1","0"
"13144","Wide World of Quests","15284","626","70353","","42897","27","51900","1","0"
"13144","Wide World of Quests","15284","627","70155","","42898","27","51316","1","0"
"13144","Wide World of Quests","15284","628","70183","","42899","27","49345","1","0"
"13144","Wide World of Quests","15284","629","70214","","42900","27","47704","1","0"
"13144","Wide World of Quests","15284","630","70124","","42901","27","51957","1","0"
"13144","Wide World of Quests","15284","631","69943","","42902","27","51850","1","0"
"13144","Wide World of Quests","15284","632","69790","","42903","27","51322","1","0"
"13144","Wide World of Quests","15284","633","70650","","42904","27","51831","1","0"
"13144","Wide World of Quests","15284","634","70358","","42905","27","51153","1","0"
"13144","Wide World of Quests","15284","635","69781","","42906","27","51156","1","0"
"13144","Wide World of Quests","15284","636","70521","","42907","27","51155","1","0"
"13144","Wide World of Quests","15284","637","70496","","42908","27","51157","1","0"
"13144","Wide World of Quests","15284","638","70220","","42909","27","49013","1","0"
"13144","Wide World of Quests","15284","639","69937","","42910","27","51210","1","0"
"13144","Wide World of Quests","15284","640","70436","","42911","27","51925","1","0"
"13144","Wide World of Quests","15284","641","69786","","42912","27","51928","1","0"
"13144","Wide World of Quests","15284","642","69984","","42913","27","51931","1","0"
"13144","Wide World of Quests","15284","643","70128","","42914","27","51933","1","0"
"13144","Wide World of Quests","15284","644","70026","","42915","27","51174","1","0"
"13144","Wide World of Quests","15284","645","70296","","42916","27","51180","1","0"
"13144","Wide World of Quests","15284","646","69906","","42917","27","51181","1","0"
"13144","Wide World of Quests","15284","647","69706","","42918","27","51239","1","0"
"13144","Wide World of Quests","15284","648","70148","","42919","27","51780","1","0"
"13144","Wide World of Quests","15284","649","69966","","42920","27","51223","1","0"
"13144","Wide World of Quests","15284","650","69800","","42921","27","50666","1","0"
"13144","Wide World of Quests","15284","651","70395","","42922","27","51065","1","0"
"13144","Wide World of Quests","15284","652","70475","","42923","27","50663","1","0"
"13144","Wide World of Quests","15284","653","70263","","42924","27","50362","1","0"
"13144","Wide World of Quests","15284","654","70028","","42925","27","52337","1","0"
"13144","Wide World of Quests","15284","655","70168","","42926","27","52360","1","0"
"13144","Wide World of Quests","15284","656","70206","","42927","27","52361","1","0"
"13144","Wide World of Quests","15284","657","70394","","42928","27","52372","1","0"
"13144","Wide World of Quests","15284","658","70464","","42929","27","52385","1","0"
"13144","Wide World of Quests","15284","659","70207","","42930","27","53289","1","0"
"13144","Wide World of Quests","15284","660","69861","","42931","27","53290","1","0"
"13144","Wide World of Quests","15284","661","69785","","42932","27","53291","1","0"
"13144","Wide World of Quests","15284","662","70088","","42933","27","53292","1","0"
"13144","Wide World of Quests","15284","663","70396","","42934","27","53293","1","0"
"13144","Wide World of Quests","15284","664","70015","","42935","27","51004","1","0"
"13144","Wide World of Quests","15284","665","70510","","42936","27","51005","1","0"
"13144","Wide World of Quests","15284","666","70463","","42937","27","52396","1","0"
"13144","Wide World of Quests","15284","667","69744","","42938","27","52410","1","0"
"13144","Wide World of Quests","15284","668","70554","","42939","27","52411","1","0"
"13144","Wide World of Quests","15284","669","69910","","42940","27","52418","1","0"
"13144","Wide World of Quests","15284","670","69817","","42941","27","53321","1","0"
"13144","Wide World of Quests","15284","671","70105","","42942","27","53322","1","0"
"13144","Wide World of Quests","15284","672","70120","","42943","27","53323","1","0"
"13144","Wide World of Quests","15284","673","70064","","42944","27","51006","1","0"
"13144","Wide World of Quests","15284","674","70606","","42945","27","51009","1","0"
"13144","Wide World of Quests","15284","675","70240","","42946","27","51012","1","0"
"13144","Wide World of Quests","15284","676","69691","","42947","27","51015","1","0"
"13144","Wide World of Quests","15284","677","70189","","42948","27","52426","1","0"
"13144","Wide World of Quests","15284","678","70424","","42949","27","52348","1","0"
"13144","Wide World of Quests","15284","679","69699","","42950","27","52349","1","0"
"13144","Wide World of Quests","15284","680","69756","","42951","27","52350","1","0"
"13144","Wide World of Quests","15284","681","69974","","42952","27","52351","1","0"
"13144","Wide World of Quests","15284","682","70144","","42953","27","52338","1","0"
"13144","Wide World of Quests","15284","683","70537","","42954","27","52362","1","0"
"13144","Wide World of Quests","15284","684","69716","","42955","27","52370","1","0"
"13144","Wide World of Quests","15284","685","70335","","42956","27","52371","1","0"
"13144","Wide World of Quests","15284","686","69703","","42957","27","52386","1","0"
"13144","Wide World of Quests","15284","687","69806","","42958","27","53296","1","0"
"13144","Wide World of Quests","15284","688","70005","","42959","27","53297","1","0"
"13144","Wide World of Quests","15284","689","70470","","42960","27","53298","1","0"
"13144","Wide World of Quests","15284","690","70106","","42961","27","53299","1","0"
"13144","Wide World of Quests","15284","691","70383","","42962","27","53294","1","0"
"13144","Wide World of Quests","15284","692","70605","","42963","27","53300","1","0"
"13144","Wide World of Quests","15284","693","70563","","42964","27","51002","1","0"
"13144","Wide World of Quests","15284","694","69922","","42965","27","51003","1","0"
"13144","Wide World of Quests","15284","695","69908","","42966","27","52397","1","0"
"13144","Wide World of Quests","15284","696","69963","","42967","27","52412","1","0"
"13144","Wide World of Quests","15284","697","70137","","42968","27","52413","1","0"
"13144","Wide World of Quests","15284","698","70558","","42969","27","52419","1","0"
"13144","Wide World of Quests","15284","699","70147","","42970","27","53324","1","0"
"13144","Wide World of Quests","15284","700","69982","","42971","27","53325","1","0"
"13144","Wide World of Quests","15284","701","70444","","42972","27","53326","1","0"
"13144","Wide World of Quests","15284","702","70386","","42973","27","51007","1","0"
"13144","Wide World of Quests","15284","703","70316","","42974","27","51008","1","0"
"13144","Wide World of Quests","15284","704","70632","","42975","27","51011","1","0"
"13144","Wide World of Quests","15284","705","70391","","42976","27","52427","1","0"
"13144","Wide World of Quests","15284","706","69983","","42977","27","52335","1","0"
"13144","Wide World of Quests","15284","707","70495","","42978","27","52341","1","0"
"13144","Wide World of Quests","15284","708","70024","","42979","27","52342","1","0"
"13144","Wide World of Quests","15284","709","70600","","42980","27","52369","1","0"
"13144","Wide World of Quests","15284","710","70200","","42981","27","52374","1","0"
"13144","Wide World of Quests","15284","711","70609","","42982","27","52382","1","0"
"13144","Wide World of Quests","15284","712","70219","","42983","27","52384","1","0"
"13144","Wide World of Quests","15284","713","70016","","42984","27","52387","1","0"
"13144","Wide World of Quests","15284","714","70351","","42985","27","52388","1","0"
"13144","Wide World of Quests","15284","715","69714","","42986","27","51036","1","0"
"13144","Wide World of Quests","15284","716","69920","","42987","27","51037","1","0"
"13144","Wide World of Quests","15284","717","70230","","42988","27","51038","1","0"
"13144","Wide World of Quests","15284","718","69918","","42989","27","51039","1","0"
"13144","Wide World of Quests","15284","719","69954","","42990","27","51040","1","0"
"13144","Wide World of Quests","15284","720","69723","","42991","27","51041","1","0"
"13144","Wide World of Quests","15284","721","70515","","42992","27","52398","1","0"
"13144","Wide World of Quests","15284","722","70520","","42993","27","51042","1","0"
"13144","Wide World of Quests","15284","723","70628","","42994","27","51043","1","0"
"13144","Wide World of Quests","15284","724","70332","","42995","27","51044","1","0"
"13144","Wide World of Quests","15284","725","69881","","42996","27","51045","1","0"
"13144","Wide World of Quests","15284","726","70323","","42997","27","51046","1","0"
"13144","Wide World of Quests","15284","727","69693","","42998","27","51047","1","0"
"13144","Wide World of Quests","15284","728","70491","","42999","27","51048","1","0"
"13144","Wide World of Quests","15284","729","70239","","43000","27","51049","1","0"
"13144","Wide World of Quests","15284","730","70527","","43001","27","51050","1","0"
"13144","Wide World of Quests","15284","731","70307","","43002","27","51051","1","0"
"13144","Wide World of Quests","15284","732","70354","","43003","27","52336","1","0"
"13144","Wide World of Quests","15284","733","70514","","43004","27","52358","1","0"
"13144","Wide World of Quests","15284","734","70101","","43005","27","52359","1","0"
"13144","Wide World of Quests","15284","735","70473","","43006","27","52373","1","0"
"13144","Wide World of Quests","15284","736","70084","","43007","27","52383","1","0"
"13144","Wide World of Quests","15284","737","70196","","43008","27","53301","1","0"
"13144","Wide World of Quests","15284","738","70575","","43009","27","53302","1","0"
"13144","Wide World of Quests","15284","739","70477","","43010","27","53303","1","0"
"13144","Wide World of Quests","15284","740","70215","","43011","27","53304","1","0"
"13144","Wide World of Quests","15284","741","70326","","43012","27","53305","1","0"
"13144","Wide World of Quests","15284","742","70357","","43013","27","50999","1","0"
"13144","Wide World of Quests","15284","743","70614","","43014","27","51000","1","0"
"13144","Wide World of Quests","15284","744","70256","","43015","27","52395","1","0"
"13144","Wide World of Quests","15284","745","69802","","43016","27","52408","1","0"
"13144","Wide World of Quests","15284","746","70210","","43017","27","52409","1","0"
"13144","Wide World of Quests","15284","747","69743","","43018","27","52420","1","0"
"13144","Wide World of Quests","15284","748","70553","","43019","27","52421","1","0"
"13144","Wide World of Quests","15284","749","70646","","43020","27","53327","1","0"
"13144","Wide World of Quests","15284","750","70506","","43021","27","53328","1","0"
"13144","Wide World of Quests","15284","751","69976","","43022","27","53329","1","0"
"13144","Wide World of Quests","15284","752","70083","","43023","27","51010","1","0"
"13144","Wide World of Quests","15284","753","70349","","43024","27","51013","1","0"
"13144","Wide World of Quests","15284","754","70481","","43025","27","51014","1","0"
"13144","Wide World of Quests","15284","755","70419","","43026","27","52425","1","0"
"13144","Wide World of Quests","15284","756","69700","","43027","27","50855","1","0"
"13144","Wide World of Quests","15284","757","70431","","43028","27","50858","1","0"
"13144","Wide World of Quests","15284","758","70227","","43029","27","53165","1","0"
"13144","Wide World of Quests","15284","759","70203","","43030","27","51822","1","0"
"13144","Wide World of Quests","15284","760","70552","","43031","27","50581","1","0"
"13144","Wide World of Quests","15284","761","69816","","43032","27","51494","1","0"
"13144","Wide World of Quests","15284","762","69871","","43033","27","51495","1","0"
"13144","Wide World of Quests","15284","763","69945","","43034","27","49444","1","0"
"13144","Wide World of Quests","15284","764","70405","","43035","27","51821","1","0"
"13144","Wide World of Quests","15284","765","69886","","43036","27","49068","1","0"
"13144","Wide World of Quests","15284","766","69751","","43037","27","51444","1","0"
"13144","Wide World of Quests","15284","767","70595","","43038","27","51179","1","0"
"13144","Wide World of Quests","15284","768","70410","","43039","27","51450","1","0"
"13144","Wide World of Quests","15284","769","70159","","43040","27","51175","1","0"
"13144","Wide World of Quests","15284","770","70448","","43041","27","52858","1","0"
"13144","Wide World of Quests","15284","771","70337","","43042","27","52877","1","0"
"13144","Wide World of Quests","15284","772","70103","","43043","27","52937","1","0"
"13144","Wide World of Quests","15284","773","69690","","43044","27","52892","1","0"
"13144","Wide World of Quests","15284","774","69921","","43045","27","52923","1","0"
"13144","Wide World of Quests","15284","775","69726","","43046","27","52938","1","0"
"13144","Wide World of Quests","15284","776","69924","","43047","27","50845","1","0"
"13144","Wide World of Quests","15284","777","70250","","43048","27","50854","1","0"
"13144","Wide World of Quests","15284","778","70271","","43049","27","50857","1","0"
"13144","Wide World of Quests","15284","779","69814","","43050","27","50859","1","0"
"13144","Wide World of Quests","15284","780","70428","","43051","27","50861","1","0"
"13144","Wide World of Quests","15284","781","70080","","43052","27","50862","1","0"
"13144","Wide World of Quests","15284","782","70166","","43053","27","50863","1","0"
"13144","Wide World of Quests","15284","783","70581","","43054","27","50864","1","0"
"13144","Wide World of Quests","15284","784","69845","","43055","27","50866","1","0"
"13144","Wide World of Quests","15284","785","70339","","43056","27","50867","1","0"
"13144","Wide World of Quests","15284","786","70359","","43057","27","50868","1","0"
"13144","Wide World of Quests","15284","787","70279","","43058","27","50869","1","0"
"13144","Wide World of Quests","15284","788","70146","","43059","27","50870","1","0"
"13144","Wide World of Quests","15284","789","70508","","43060","27","50871","1","0"
"13144","Wide World of Quests","15284","790","70447","","43061","27","50872","1","0"
"13144","Wide World of Quests","15284","791","69880","","43062","27","50873","1","0"
"13144","Wide World of Quests","15284","792","69841","","43063","27","50874","1","0"
"13144","Wide World of Quests","15284","793","70449","","43064","27","50875","1","0"
"13144","Wide World of Quests","15284","794","70001","","43065","27","50876","1","0"
"13144","Wide World of Quests","15284","795","70221","","43066","27","50877","1","0"
"13144","Wide World of Quests","15284","796","69825","","43067","27","50885","1","0"
"13144","Wide World of Quests","15284","797","70536","","43068","27","51084","1","0"
"13144","Wide World of Quests","15284","798","70346","","43069","27","51081","1","0"
"13144","Wide World of Quests","15284","799","70548","","43070","27","50846","1","0"
"13144","Wide World of Quests","15284","800","70180","","43071","27","50847","1","0"
"13144","Wide World of Quests","15284","801","70241","","43072","27","50850","1","0"
"13144","Wide World of Quests","15284","802","69848","","43073","27","50853","1","0"
"13144","Wide World of Quests","15284","803","70176","","43074","27","51374","1","0"
"13144","Wide World of Quests","15284","804","70480","","43075","27","50287","1","0"
"13144","Wide World of Quests","15284","805","70374","","43076","27","50756","1","0"
"13144","Wide World of Quests","15284","806","70317","","43077","27","52251","1","0"
"13144","Wide World of Quests","15284","807","69990","","43078","27","49413","1","0"
"13144","Wide World of Quests","15284","808","69837","","43079","27","50765","1","0"
"13144","Wide World of Quests","15284","809","69859","","43080","27","51475","1","0"
"13144","Wide World of Quests","15284","810","70025","","43081","27","50333","1","0"
"13144","Wide World of Quests","15284","811","70544","","43082","27","51816","1","0"
"13144","Wide World of Quests","15284","812","69867","","43083","27","51814","1","0"
"13144","Wide World of Quests","15284","813","70620","","43084","27","50652","1","0"
"13144","Wide World of Quests","15284","814","69773","","43085","27","50633","1","0"
"13144","Wide World of Quests","15284","815","70334","","43086","27","50636","1","0"
"13144","Wide World of Quests","15284","816","69949","","43087","27","50592","1","0"
"13144","Wide World of Quests","15284","817","70403","","43088","27","50747","1","0"
"13144","Wide World of Quests","15284","818","69844","","43089","27","50744","1","0"
"13144","Wide World of Quests","15284","819","70171","","43090","27","51178","1","0"
"13144","Wide World of Quests","15284","820","70229","","43091","27","51232","1","0"
"13144","Wide World of Quests","15284","821","70022","","43092","27","50548","1","0"
"13144","Wide World of Quests","15284","822","70556","","43093","27","50969","1","0"
"13144","Wide World of Quests","15284","823","69957","","43094","27","50966","1","0"
"13144","Wide World of Quests","15284","824","70228","","43095","27","50957","1","0"
"13144","Wide World of Quests","15284","825","69907","","43096","27","50524","1","0"
"13144","Wide World of Quests","15284","826","69769","","43097","27","50578","1","0"
"13144","Wide World of Quests","15284","827","69992","","43098","27","51497","1","0"
"13144","Wide World of Quests","15284","828","69979","","43099","27","51496","1","0"
"13144","Wide World of Quests","15284","829","70516","","43100","27","50737","1","0"
"13144","Wide World of Quests","15284","830","69860","","43101","27","50651","1","0"
"13144","Wide World of Quests","15284","831","69750","","43102","27","50574","1","0"
"13144","Wide World of Quests","15284","832","70361","","43103","27","51815","1","0"
"13144","Wide World of Quests","15284","833","70245","","43104","27","50571","1","0"
"13144","Wide World of Quests","15284","834","69893","","43105","27","50782","1","0"
"13144","Wide World of Quests","15284","835","69998","","43106","27","51373","1","0"
"13144","Wide World of Quests","15284","836","70418","","43107","27","50527","1","0"
"13144","Wide World of Quests","15284","837","70293","","43108","27","50540","1","0"
"13144","Wide World of Quests","15284","838","70017","","43109","27","52250","1","0"
"13144","Wide World of Quests","15284","839","69948","","43110","27","52249","1","0"
"13144","Wide World of Quests","15284","840","70287","","43111","27","51824","1","0"
"13144","Wide World of Quests","15284","841","69873","","43112","27","52248","1","0"
"13144","Wide World of Quests","15284","842","69852","","43113","27","50619","1","0"
"13144","Wide World of Quests","15284","843","69749","","43114","27","50964","1","0"
"13144","Wide World of Quests","15284","844","70309","","43115","27","50547","1","0"
"13144","Wide World of Quests","15284","845","70466","","43116","27","53199","1","0"
"13144","Wide World of Quests","15284","846","70285","","43117","27","50661","1","0"
"13144","Wide World of Quests","15284","847","69791","","43118","27","50671","1","0"
"13144","Wide World of Quests","15284","848","70085","","43119","27","50673","1","0"
"13250","Battle for Azeroth Pathfinder, Part Two","15298","0","79818","","45159","8","12989","0","0"
"13250","Battle for Azeroth Pathfinder, Part Two","15298","1","71466","Rustbolt Resistance Revered","45265","46","2391","21000","0"
"13250","Battle for Azeroth Pathfinder, Part Two","15298","2/0","80096","Ankoan Revered","45266","46","2400","21000","0"
"13250","Battle for Azeroth Pathfinder, Part Two","15298","2/1","80095","Unshackled Revered","45267","46","2373","21000","0"
"13250","Battle for Azeroth Pathfinder, Part Two","15298","3","81488","","45925","8","13712","0","0"
"13250","Battle for Azeroth Pathfinder, Part Two","15298","4","81489","","46115","8","13776","0","0"
"13251","In Teldrassil's Shadow","15284","0","71484","Complete the Tyrande's Ascension storyline.","43474","27","53990","1","0"
"13251","In Teldrassil's Shadow","15284","1","79098","","44710","8","13488","1","0"
"13263","The Shadow Hunter","15284","0","71567","","43508","27","53782","0","0"
"13283","Frontline Warrior","15284","0","71791","A Sound Defense","43630","27","53711","0","0"
"13283","Frontline Warrior","15284","1","71853","Storm's Rage","43680","27","54317","0","0"
"13283","Frontline Warrior","15284","2","71816","A Drust Cause","43637","27","54318","0","0"
"13283","Frontline Warrior","15284","3","71854","Many Fine Heroes","43681","27","54315","0","0"
"13283","Frontline Warrior","15284","4","71855","March on the Marsh","43682","27","54325","0","0"
"13283","Frontline Warrior","15284","5","71856","Ritual Rampage","43683","27","54324","0","0"
"13284","Frontline Warrior","15284","0","71793","Breaching Boralus","43642","27","54314","0","0"
"13284","Frontline Warrior","15284","1","71857","Romp in the Swamp","43684","27","54326","0","0"
"13284","Frontline Warrior","15284","2","71858","Isolated Victory","43685","27","54322","0","0"
"13284","Frontline Warrior","15284","3","71859","Shores of Zuldazar","43686","27","54323","0","0"
"13284","Frontline Warrior","15284","4","71860","In Every Dark Corner","43687","27","54319","0","0"
"13284","Frontline Warrior","15284","5","71861","Horde of Heroes","43688","27","54316","0","0"
"13285","Upright Citizens","15284","0","71899","Russel the Bard recruited","43718","27","54400","1","0"
"13285","Upright Citizens","15284","1","71900","Flynn Fairwind recruited","43719","27","54401","1","0"
"13285","Upright Citizens","15284","2","71901","Leeroy Jenkins recruited","43720","27","54399","1","0"
"13286","Siege of Dazar'alor","15286","0","72115","Champion of the Light","43867","165","2265","1","0"
"13286","Siege of Dazar'alor","15286","1","72116","Grong the Revenant","43868","165","2284","1","0"
"13286","Siege of Dazar'alor","15286","2","72117","Jadefire Masters","43884","165","2285","1","0"
"13287","Empire's Fall","15286","0","72119","Opulence","43869","165","2271","1","0"
"13287","Empire's Fall","15286","1","72120","Loa Council","43870","165","2268","1","0"
"13287","Empire's Fall","15286","2","72121","King Rastakhan","43871","165","2272","1","0"
"13288","Might of the Alliance","15286","0","72123","Mekkatorque","43872","165","2276","1","0"
"13288","Might of the Alliance","15286","1","72124","Stormwall Blockade","43873","165","2280","1","0"
"13288","Might of the Alliance","15286","2","72125","Lady Jaina Proudmoore","43874","165","2281","1","0"
"13289","Defense of Dazar'alor","15286","0","72127","Champion of the Light","43867","165","2265","1","0"
"13289","Defense of Dazar'alor","15286","1","72128","Grong","43875","165","2263","1","0"
"13289","Defense of Dazar'alor","15286","2","72129","Jadefire Masters","43876","165","2266","1","0"
"13290","Death's Bargain","15286","0","72131","Opulence","43869","165","2271","1","0"
"13290","Death's Bargain","15286","1","72132","Conclave of the Chosen","43870","165","2268","1","0"
"13290","Death's Bargain","15286","2","72133","King Rastakhan","43871","165","2272","1","0"
"13291","Victory or Death","15286","0","72135","Mekkatorque","43872","165","2276","1","0"
"13291","Victory or Death","15286","1","72136","Stormwall Blockade","43873","165","2280","1","0"
"13291","Victory or Death","15286","2","72137","Lady Jaina Proudmoore","43874","165","2281","1","0"
"13292","Mythic: Champion of the Light","15286","0","72139","","43877","165","2265","1","0"
"13293","Mythic: Grong","15286","0","72141","","43878","165","2284","1","0"
"13293","Mythic: Grong","15286","1","72142","","43879","165","2263","1","0"
"13294","Loremaster of Zandalar","15284","0","72146","","40030","8","11861","0","0"
"13294","Loremaster of Zandalar","15284","1","72147","","40031","8","11868","0","0"
"13294","Loremaster of Zandalar","15284","2","72148","","40032","8","12478","0","0"
"13295","Mythic: Jadefire Masters","15286","0","72155","","43883","165","2266","1","0"
"13296","War for the Shore","15308","0","72153","","43882","152","1701","1","0"
"13297","War for the Shore","15308","0","72157","","43885","152","1697","1","0"
"13298","Mythic: Jadefire Masters","15286","0","72159","","43886","165","2285","1","0"
"13299","Mythic: Opulence","15286","0","72161","","43887","165","2271","1","0"
"13300","Mythic: Conclave of the Chosen","15286","0","72163","","43888","165","2268","1","0"
"13301","Under Cover of Darkness","15308","0","72165","Bashal'Aran","43889","73","65886","1","0"
"13301","Under Cover of Darkness","15308","1","72166","Gloomtide Strand","43890","73","65910","1","0"
"13301","Under Cover of Darkness","15308","2","72167","Cinderfall Grove","43891","73","65916","1","0"
"13301","Under Cover of Darkness","15308","3","72168","Lornesta Mine","43892","73","65922","1","0"
"13301","Under Cover of Darkness","15308","4","72169","Forlorn Crossing","43894","73","66013","1","0"
"13301","Under Cover of Darkness","15308","5","72170","Ashwood Depot","43893","73","65932","1","0"
"13301","Under Cover of Darkness","15308","6","72171","Lor'danel Landing","43895","73","66058","1","0"
"13302","Under Cover of Darkness","15308","0","72173","Bashal'Aran","43889","73","65886","1","0"
"13302","Under Cover of Darkness","15308","1","72174","Gloomtide Strand","43896","73","65899","1","0"
"13302","Under Cover of Darkness","15308","2","72175","Cinderfall Grove","43902","73","65896","1","0"
"13302","Under Cover of Darkness","15308","3","72176","Lornesta Mine","43898","73","65921","1","0"
"13302","Under Cover of Darkness","15308","4","72177","Forlorn Crossing","43897","73","66012","1","0"
"13302","Under Cover of Darkness","15308","5","72178","Ashwood Depot","43901","73","65900","1","0"
"13302","Under Cover of Darkness","15308","6","72179","Lor'danel Landing","43900","73","65901","1","0"
"13305","Night Moves","15308","0","72181","Bashal'Aran","43889","73","65886","1","0"
"13305","Night Moves","15308","1","72182","Gloomtide Strand","43896","73","65899","1","0"
"13305","Night Moves","15308","2","72183","Cinderfall Grove","43902","73","65896","1","0"
"13305","Night Moves","15308","3","72184","Lornesta Mine","43898","73","65921","1","0"
"13305","Night Moves","15308","4","72185","Forlorn Crossing","43897","73","66012","1","0"
"13305","Night Moves","15308","5","72186","Ashwood Depot","43901","73","65900","1","0"
"13305","Night Moves","15308","6","72187","Lor'danel Landing","43900","73","65901","1","0"
"13306","Night Moves","15308","0","72189","Bashal'Aran","43889","73","65886","1","0"
"13306","Night Moves","15308","1","72190","Gloomtide Strand","43890","73","65910","1","0"
"13306","Night Moves","15308","2","72191","Cinderfall Grove","43891","73","65916","1","0"
"13306","Night Moves","15308","3","72192","Lornesta Mine","43892","73","65922","1","0"
"13306","Night Moves","15308","4","72193","Forlorn Crossing","43894","73","66013","1","0"
"13306","Night Moves","15308","5","72194","Ashwood Depot","43893","73","65932","1","0"
"13306","Night Moves","15308","6","72195","Lor'danel Landing","43895","73","66058","1","0"
"13307","Recruitment Officer","15308","0","72197","Forsaken Alchemist","43903","29","282258","1","0"
"13307","Recruitment Officer","15308","1","72198","Forsaken Lancer","43905","29","282260","1","0"
"13307","Recruitment Officer","15308","2","72199","Forsaken Deathguard","43907","29","282262","1","0"
"13307","Recruitment Officer","15308","3","72200","Forsaken Deadshot","43909","29","282265","1","0"
"13307","Recruitment Officer","15308","4","72201","Catapult","43465","29","284783","1","0"
"13308","Recruitment Officer","15308","0","72203","Kaldorei Archer","43911","29","282251","1","0"
"13308","Recruitment Officer","15308","1","72204","Druid of the Branch","43913","29","282256","1","0"
"13308","Recruitment Officer","15308","2","72205","Kaldorei Hunter","43915","29","282253","1","0"
"13308","Recruitment Officer","15308","3","72206","Kaldorei Sentinel","43917","29","282173","1","0"
"13308","Recruitment Officer","15308","4","72207","Glaive Thrower","43327","29","282490","1","0"
"13309","Deforester","15308","0","72209","Banshee","43924","29","283121","1","0"
"13309","Deforester","15308","1","72210","AzerMEK Prototype","43923","29","283824","1","0"
"13309","Deforester","15308","2","72211","Abomination","43922","29","282374","1","0"
"13310","By Nature's Call","15308","0","72213","Dryad","43919","29","283225","1","0"
"13310","By Nature's Call","15308","1","72214","Faerie Dragon","43920","29","282756","1","0"
"13310","By Nature's Call","15308","2","72215","Keeper of the Grove","43921","29","282284","1","0"
"13311","Mythic: King Rastakhan","15286","0","72217","","43925","165","2272","1","0"
"13312","Mythic: Mekkatorque","15286","0","72219","","43926","165","2276","1","0"
"13313","Mythic: Stormwall Blockade","15286","0","72221","","43927","165","2280","1","0"
"13314","Mythic: Lady Jaina Proudmoore","15286","0","72223","","43928","165","2281","1","0"
"13316","Can I Get a Hek Hek Hek Yeah?","15286","0","72227","Steal 3 Shinies from each Crusader, Disciple and Champion of the Light","43929","28","289811","1","0"
"13325","Walk the Dinosaur","15286","0","72269","Defeat the Conclave of the Chosen in the Battle of Dazar'alor without killing all the initial raptors summoned by Gonk's Wrath on Normal difficulty or higher.","43953","165","2268","1","0"
"13345","Praise the Sunflower","15286","0","78297","","44197","165","2271","0","0"
"13383","Barrel of Monkeys","15286","0","72384","","44003","0","144637","1","0"
"13383","Barrel of Monkeys","15286","1","72385","","44004","0","144638","1","0"
"13384","Kul Tirans Don't Look at Explosions","15284","0","72396","","44008","27","54703","1","0"
"13389","Jorundall","15307","0","72419","","44028","28","245618","0","0"
"13394","Heroic: Jorundall","15307","0","72421","","44029","28","245618","0","0"
"13395","Mythic: Jorundall","15307","0","72423","","44030","28","245618","0","0"
"13396","Havenswood","15307","0","72425","","44031","28","245618","0","0"
"13397","Heroic: Havenswood","15307","0","72427","","44032","28","245618","0","0"
"13398","Mythic: Havenswood","15307","0","72429","","44033","28","245618","0","0"
"13399","Jorundall Justice","15307","0","72435","","44038","28","245618","0","0"
"13400","Havenswood Hero","15307","0","72437","","44039","28","245618","0","0"
"13401","I Got Next!","15286","0","75507","Blingtron MK2 Defeated","44185","165","2276","1","0"
"13410","Snow Fun Allowed","15286","0","72471","Build a Frosty Snowmon then destroy it before defeating Lady Jaina Proudmoore in the Battle of Dazar'alor on Normal Difficulty or higher.","44055","165","2281","1","0"
"13414","Crucible of Storms","15286","0","72461","The Restless Cabal","44051","165","2269","1","0"
"13414","Crucible of Storms","15286","1","72462","Uu'nat, Harbinger of the Void","44052","165","2273","1","0"
"13416","Mythic: The Restless Cabal","15286","0","72467","","44046","165","2269","1","0"
"13417","Mythic: Uu'nat, Harbinger of the Void","15286","0","72469","","44050","165","2273","1","0"
"13425","We Got Spirit, How About You?","15286","0","72514","","44086","0","145616","1","0"
"13426","Come On and Slam","15284","0","72516","","44087","28","290394","1","0"
"13430","De Lurker Be'loa","15286","0","72520","Defeat the Stormwall Blockade while De Lurker Be'loa is present.","44089","165","2280","0","0"
"13431","Hidden Dragon","15286","0","72522","Hatch the cloud serpent egg during the Jadefire Masters encounter in the Battle of Bazar'alor on Normal difficulty of higher.","44090","69","289542","1","0"
"13435","Doomsoul Surprise","15284","0","72528","","44092","0","149403","1","0"
"13437","Scavenge like a Vulpera","15284","0","72530","","44093","6","0","1","0"
"13440","Pushing the Payload","15284","0","72536","","44096","78","0","1","0"
"13440","Pushing the Payload","15284","1","72537","","44097","70","0","1","0"
"13441","Pushing the Payload","15284","0","72539","","44098","78","0","1","0"
"13441","Pushing the Payload","15284","1","72540","","44099","70","0","1","0"
"13466","Tides of Vengeance","15284","0","78416","The Day is Won","44256","27","53981","1","0"
"13466","Tides of Vengeance","15284","1/0","78417","Battle Plans","44259","27","54022","1","0"
"13466","Tides of Vengeance","15284","1/1","79562","From Gallywix","44997","27","54635","1","0"
"13466","Tides of Vengeance","15284","2","78418","Through the Front Door","44257","27","54179","1","0"
"13466","Tides of Vengeance","15284","3","78419","Fly Out to Meet Them","44258","27","54280","1","0"
"13467","Tides of Vengeance","15284","0","78421","War Marches On","44260","27","53887","1","0"
"13467","Tides of Vengeance","15284","1","78422","The Sleeper Agent","44261","27","54206","1","0"
"13467","Tides of Vengeance","15284","2","78423","Mischief Managed","44262","27","54510","1","0"
"13467","Tides of Vengeance","15284","3","78424","He Who Walks in the Light","44263","27","54459","1","0"
"13470","Rest In Pistons","15298","0","79764","Mechagonian Nullifier","45117","27","55207","1","0"
"13470","Rest In Pistons","15298","1","79765","The Scrap King","45118","27","55364","1","0"
"13470","Rest In Pistons","15298","2","79766","Mecharantuala","45119","27","55386","1","0"
"13470","Rest In Pistons","15298","3","79769","Jawbreaker","45121","27","55399","1","0"
"13470","Rest In Pistons","15298","4","79770","Paol Pondwader","45122","27","55405","1","0"
"13470","Rest In Pistons","15298","5","79771","Rumblerocks","45123","27","55368","1","0"
"13470","Rest In Pistons","15298","6","79772","Arachnoid Harvester","45124","27","55512","1","0"
"13470","Rest In Pistons","15298","7","79773","Killsaw","45125","27","55369","1","0"
"13470","Rest In Pistons","15298","8","79774","Fungarian Furor","45126","27","55367","1","0"
"13470","Rest In Pistons","15298","9","79775","Foul Manifestation","45127","27","55513","1","0"
"13470","Rest In Pistons","15298","10","79776","Deepwater Maw","45128","27","55514","1","0"
"13470","Rest In Pistons","15298","11","79777","OOX-Avenger/MG","45129","27","55515","1","0"
"13470","Rest In Pistons","15298","12","79778","Bonepicker","45130","27","55537","1","0"
"13470","Rest In Pistons","15298","13","79779","Boggac Skullbash","45131","27","55539","1","0"
"13470","Rest In Pistons","15298","14","79781","Uncle T'Rogg","45132","27","55538","1","0"
"13470","Rest In Pistons","15298","15","79782","Seaspit","45133","27","55545","1","0"
"13470","Rest In Pistons","15298","16","79783","Sparkqueen P'Emp","45134","27","55810","1","0"
"13470","Rest In Pistons","15298","17","79784","Rustfeather","45135","27","55811","1","0"
"13470","Rest In Pistons","15298","18","79785","Malfunctioning Beastbot","45136","27","55544","1","0"
"13470","Rest In Pistons","15298","19","79787","Crazed Trogg","45137","27","55812","1","0"
"13470","Rest In Pistons","15298","20","79788","Earthbreaker Gulroc","45138","27","55814","1","0"
"13470","Rest In Pistons","15298","21","79803","Ol' Big Tusk","45145","27","55853","1","0"
"13470","Rest In Pistons","15298","22","79804","Gemicide","45146","27","55855","1","0"
"13470","Rest In Pistons","15298","23","79816","Oxidized Leachbeast","45157","27","55856","1","0"
"13470","Rest In Pistons","15298","24","79811","Boilburn","45152","27","55857","1","0"
"13470","Rest In Pistons","15298","25","79812","The Kleptoboss","45153","27","55858","1","0"
"13470","Rest In Pistons","15298","26","79813","Steel Singer Freza","45154","27","55854","1","0"
"13470","Rest In Pistons","15298","27","79814","Gear Checker Cogstar","45155","27","55852","1","0"
"13470","Rest In Pistons","15298","28","79815","Mr. Fixthis","45156","27","55859","1","0"
"13470","Rest In Pistons","15298","29","79817","Vaultbot","45158","27","55546","1","0"
"13470","Rest In Pistons","15298","30","80320","Enforcer KX-T57","45373","27","56207","1","0"
"13470","Rest In Pistons","15298","31","80321","The Rusty Prince","45374","27","56182","1","0"
"13470","Rest In Pistons","15298","32","80390","Gorged Gear-Cruncher","45410","27","56367","1","0"
"13470","Rest In Pistons","15298","33","80392","Caustic Mechaslime","45411","27","56368","1","0"
"13470","Rest In Pistons","15298","34","80418","The Doppel Gang","45433","27","56419","1","0"
"13470","Rest In Pistons","15298","35","80842","Scrapclaw","45691","27","56737","1","0"
"13472","Deep Pockets","15298","0","78497","","44402","0","150969","250","0"
"13473","Diversified Investments","15298","0","78508","Flame Turret","44303","0","150604","1","0"
"13473","Diversified Investments","15298","1","78509","Drill Rig","44304","0","150605","1","0"
"13473","Diversified Investments","15298","2","78510","Charging Station","44305","0","150606","1","0"
"13473","Diversified Investments","15298","3","78512","Rustbolt Armory","44307","0","150608","1","0"
"13473","Diversified Investments","15298","4","78517","Reclamation Rig","44308","0","150609","1","0"
"13474","Junkyard Machinist","15298","0","78519","","44403","0","150970","100","0"
"13475","Junkyard Scavenger","15298","0","78480","","44292","0","150614","50","0"
"13476","Junkyard Tinkerer","15298","0","78484","","44292","0","150614","1000","0"
"13477","Junkyard Apprentice","15298","0","78482","","44292","0","150614","250","0"
"13478","Junkyard Collector","15298","0","81340","Scrap Grenade","46287","27","55101","1","0"
"13478","Junkyard Collector","15298","1","78539","Scrap Trap","44313","27","55030","1","0"
"13478","Junkyard Collector","15298","2","78540","Hundred-Fathom Lure","44314","27","55055","1","0"
"13478","Junkyard Collector","15298","3","78541","Mechanocat Laser Pointer","44315","27","55056","1","0"
"13478","Junkyard Collector","15298","4","78542","Canned Minnows","44316","27","55057","1","0"
"13478","Junkyard Collector","15298","5","78543","Vaultbot Key","44317","27","55058","1","0"
"13478","Junkyard Collector","15298","6","78544","Emergency Repair Kit","44318","27","55059","1","0"
"13478","Junkyard Collector","15298","7","78545","Emergency Powerpack","44319","27","55060","1","0"
"13478","Junkyard Collector","15298","8","78546","Mechano-Treat","44320","27","55061","1","0"
"13478","Junkyard Collector","15298","9","78547","Ultrasafe Transporter: Mechagon","44321","27","55062","1","0"
"13478","Junkyard Collector","15298","10","78548","G99.99 Landshark","44322","27","55063","1","0"
"13478","Junkyard Collector","15298","11","78549","Rustbolt Gramophone","44323","27","55064","1","0"
"13478","Junkyard Collector","15298","12","78550","Rustbolt Kegerator","44324","27","55065","1","0"
"13478","Junkyard Collector","15298","13","78551","Beastbot Powerpack","44325","27","55066","1","0"
"13478","Junkyard Collector","15298","14","78553","BAWLD-371","44327","27","55068","1","0"
"13478","Junkyard Collector","15298","15","78554","Protocol Transference Device","44328","27","55069","1","0"
"13478","Junkyard Collector","15298","16","78556","Emergency Rocket Chicken","44330","27","55071","1","0"
"13478","Junkyard Collector","15298","17","78557","Battle Box","44331","27","55072","1","0"
"13478","Junkyard Collector","15298","18","78558","Rustbolt Resistance Insignia","44332","27","55073","1","0"
"13478","Junkyard Collector","15298","19","78559","Rustbolt Requisitions","44333","27","55074","1","0"
"13478","Junkyard Collector","15298","20","80201","Scrapmaster's Blowtorch","45308","27","56181","1","0"
"13478","Junkyard Collector","15298","21","80209","Experimental Adventurer Augment","45326","27","56087","1","0"
"13478","Junkyard Collector","15298","22","80207","Advanced Adventurer Augment","45324","27","56145","1","0"
"13478","Junkyard Collector","15298","23","80208","Extraordinary Adventurer Augment","45325","27","56165","1","0"
"13478","Junkyard Collector","15298","24","80210","Holographic Digitalization Relay","45327","27","56086","1","0"
"13478","Junkyard Collector","15298","25","78555","Personal Time Displacer","44329","27","55070","1","0"
"13478","Junkyard Collector","15298","26","78560","Orange Spraybot","44334","27","55075","1","0"
"13478","Junkyard Collector","15298","27","78561","Green Spraybot","44335","27","55076","1","0"
"13478","Junkyard Collector","15298","28","78562","Blue Spraybot","44336","27","55077","1","0"
"13478","Junkyard Collector","15298","29","78563","Utility Mechanoclaw","44337","27","55078","1","0"
"13478","Junkyard Collector","15298","30","78564","Microbot XD","44338","27","55079","1","0"
"13478","Junkyard Collector","15298","31","78565","Perfectly Timed Differential","44339","27","55080","1","0"
"13478","Junkyard Collector","15298","32","78566","Anti-Gravity Pack","44340","27","55081","1","0"
"13478","Junkyard Collector","15298","33","78567","Rustbolt Pocket Turret","44341","27","55082","1","0"
"13478","Junkyard Collector","15298","34","78568","Annoy-o-Tron Gang","44342","27","55083","1","0"
"13478","Junkyard Collector","15298","35","78569","Encrypted Black Market Radio","44343","27","55084","1","0"
"13478","Junkyard Collector","15298","36","80205","Re-Procedurally Generated Punchcard","44326","27","55067","1","0"
"13478","Junkyard Collector","15298","37","80228","S.P.A.R.E. Crate","45323","27","56740","1","0"
"13479","Junkyard Architect","15298","0","81341","Scrap Grenade","46287","27","55101","1","0"
"13479","Junkyard Architect","15298","1","78571","Scrap Trap","44313","27","55030","1","0"
"13479","Junkyard Architect","15298","2","78572","Hundred-Fathom Lure","44314","27","55055","1","0"
"13479","Junkyard Architect","15298","3","78573","Mechanocat Laser Pointer","44315","27","55056","1","0"
"13479","Junkyard Architect","15298","4","78574","Canned Minnows","44316","27","55057","1","0"
"13479","Junkyard Architect","15298","5","78575","Vaultbot Key","44317","27","55058","1","0"
"13479","Junkyard Architect","15298","6","78576","Emergency Repair Kit","44318","27","55059","1","0"
"13479","Junkyard Architect","15298","7","78577","Emergency Powerpack","44319","27","55060","1","0"
"13479","Junkyard Architect","15298","8","78578","Mechano-Treat","44320","27","55061","1","0"
"13479","Junkyard Architect","15298","9","78579","Ultrasafe Transporter: Mechagon","44321","27","55062","1","0"
"13479","Junkyard Architect","15298","10","78580","G99.99 Landshark","44322","27","55063","1","0"
"13479","Junkyard Architect","15298","11","78581","Rustbolt Gramophone","44323","27","55064","1","0"
"13479","Junkyard Architect","15298","12","78582","Rustbolt Kegerator","44324","27","55065","1","0"
"13479","Junkyard Architect","15298","13","78583","Beastbot Powerpack","44325","27","55066","1","0"
"13479","Junkyard Architect","15298","14","78585","BAWLD-371","44327","27","55068","1","0"
"13479","Junkyard Architect","15298","15","78586","Protocol Transference Device","44328","27","55069","1","0"
"13479","Junkyard Architect","15298","16","78588","Emergency Rocket Chicken","44330","27","55071","1","0"
"13479","Junkyard Architect","15298","17","78589","Battle Box","44331","27","55072","1","0"
"13479","Junkyard Architect","15298","18","78590","Rustbolt Resistance Insignia","44332","27","55073","1","0"
"13479","Junkyard Architect","15298","19","78591","Rustbolt Requisitions","44333","27","55074","1","0"
"13479","Junkyard Architect","15298","20","80202","Scrapmaster's Blowtorch","45308","27","56181","1","0"
"13479","Junkyard Architect","15298","21","80214","Experimental Adventurer Augment","45326","27","56087","1","0"
"13479","Junkyard Architect","15298","22","80213","Advanced Adventurer Augment","45324","27","56145","1","0"
"13479","Junkyard Architect","15298","23","80211","Extraordinary Adventurer Augment","45325","27","56165","1","0"
"13479","Junkyard Architect","15298","24","80212","Holographic Digitalization Relay","45327","27","56086","1","0"
"13479","Junkyard Architect","15298","25","78587","Personal Time Displacer","44329","27","55070","1","0"
"13479","Junkyard Architect","15298","26","78592","Orange Spraybot","44334","27","55075","1","0"
"13479","Junkyard Architect","15298","27","78593","Green Spraybot","44335","27","55076","1","0"
"13479","Junkyard Architect","15298","28","78594","Blue Spraybot","44336","27","55077","1","0"
"13479","Junkyard Architect","15298","29","78595","Utility Mechanoclaw","44337","27","55078","1","0"
"13479","Junkyard Architect","15298","30","78596","Microbot XD","44338","27","55079","1","0"
"13479","Junkyard Architect","15298","31","78598","Anti-Gravity Pack","44340","27","55081","1","0"
"13479","Junkyard Architect","15298","32","78599","Rustbolt Pocket Turret","44341","27","55082","1","0"
"13479","Junkyard Architect","15298","33","78600","Annoy-o-Tron Gang","44342","27","55083","1","0"
"13479","Junkyard Architect","15298","34","78601","Encrypted Black Market Radio","44343","27","55084","1","0"
"13479","Junkyard Architect","15298","35","80206","Re-Procedurally Generated Punchcard","44326","27","55067","1","0"
"13479","Junkyard Architect","15298","36","80242","S.P.A.R.E. Crate","45323","27","56740","1","0"
"13482","Head Financier of Mechagon","15298","0","78605","","44402","0","150969","1000","0"
"13501","Gotta Bounce","15286","0","79285","","44795","165","2269","1","0"
"13506","A Good Eye-dea","15286","0","79329","","44833","165","2273","1","0"
"13512","Master Calligrapher","15284","0","79365","Master of Calligraphy - Circle","44853","69","294857","0","0"
"13512","Master Calligrapher","15284","1","79366","Master of Calligraphy - Square","44854","69","294858","0","0"
"13512","Master Calligrapher","15284","2","79367","Master of Calligraphy - Triangle","44855","69","294859","0","0"
"13517","Two Sides to Every Tale","15284","0","79433","","44252","8","12891","0","0"
"13517","Two Sides to Every Tale","15284","1","79434","","44284","8","13467","0","0"
"13517","Two Sides to Every Tale","15284","2","79435","","41309","8","12479","0","0"
"13517","Two Sides to Every Tale","15284","3","79436","","44694","8","13466","0","0"
"13541","Mecha-Done","15298","0/0","80065","The Mechagonian Threat","45245","8","13553","1","0"
"13541","Mecha-Done","15298","0/1","80898","The Mechagonian Threat","45731","8","13700","1","0"
"13541","Mecha-Done","15298","1","80064","Rest in Pistons","45120","8","13470","1","0"
"13541","Mecha-Done","15298","2","80082","Outside Influences","45260","8","13556","1","0"
"13541","Mecha-Done","15298","3","80896","Junkyard Architect","45243","8","13479","1","0"
"13541","Mecha-Done","15298","4","80084","Junkyard Apprentice","45262","8","13477","1","0"
"13541","Mecha-Done","15298","5","80083","Junkyard Machinist","45261","8","13474","1","0"
"13541","Mecha-Done","15298","6","80066","Available in Eight Colors","45244","8","13513","1","0"
"13541","Mecha-Done","15298","7","80587","Junkyard Melomaniac","45499","8","13686","1","0"
"13541","Mecha-Done","15298","8","81382","Making the Mount","46016","8","13791","1","0"
"13541","Mecha-Done","15298","9","81383","Armed for Action","46017","8","13790","1","0"
"13542","How to Train Your Direhorn","15284","0","79806","Naptime","45147","27","47310","1","0"
"13542","How to Train Your Direhorn","15284","1","79807","Held for Observation","45148","27","52857","1","0"
"13542","How to Train Your Direhorn","15284","2","79808","Sleep, Eat, Repeat","45149","27","55258","1","0"
"13542","How to Train Your Direhorn","15284","3","79809","Torcali's Blessing","45150","27","55507","1","0"
"13542","How to Train Your Direhorn","15284","4","79810","Wander Not Alone","45151","27","55798","1","0"
"13545","Go Ahead, Make My Daisy","15285","0","79892","Defeat the Machinist's Garden in Mechagon without being struck by ""Hidden"" Flame Cannon, Self-Trimming Hedges, Discom-BOMB-ulator, or Roaring Flame on Mythic Difficulty.","45189","28","298285","1","0"
"13549","Trove Tracker","15298","0/0","79930","","45197","68","326394","1","0"
"13549","Trove Tracker","15298","0/1","79931","","45198","68","326401","1","0"
"13549","Trove Tracker","15298","0/2","79932","","45199","68","326402","1","0"
"13549","Trove Tracker","15298","0/3","79933","","45200","68","326403","1","0"
"13549","Trove Tracker","15298","0/4","79934","","45201","68","326404","1","0"
"13549","Trove Tracker","15298","0/5","79935","","45202","68","326405","1","0"
"13549","Trove Tracker","15298","0/6","79936","","45203","68","326406","1","0"
"13549","Trove Tracker","15298","0/7","79937","","45204","68","326407","1","0"
"13549","Trove Tracker","15298","0/8","79938","","45205","68","326408","1","0"
"13549","Trove Tracker","15298","0/9","79939","","45206","68","326419","1","0"
"13549","Trove Tracker","15298","0/10","79940","","45207","68","326417","1","0"
"13549","Trove Tracker","15298","0/11","79941","","45208","68","326416","1","0"
"13549","Trove Tracker","15298","0/12","79942","","45209","68","326415","1","0"
"13549","Trove Tracker","15298","0/13","79943","","45210","68","326414","1","0"
"13549","Trove Tracker","15298","0/14","79944","","45211","68","326413","1","0"
"13549","Trove Tracker","15298","0/15","79945","","45212","68","326412","1","0"
"13549","Trove Tracker","15298","0/16","79946","","45213","68","326411","1","0"
"13549","Trove Tracker","15298","0/17","79947","","45214","68","326410","1","0"
"13549","Trove Tracker","15298","0/18","79948","","45215","68","326409","1","0"
"13549","Trove Tracker","15298","0/19","79949","","45216","68","326418","1","0"
"13549","Trove Tracker","15298","1/0","79951","","45222","68","326400","1","0"
"13549","Trove Tracker","15298","1/1","79952","","45219","68","326397","1","0"
"13549","Trove Tracker","15298","1/2","79953","","45220","68","326398","1","0"
"13549","Trove Tracker","15298","1/3","79954","","45218","68","326396","1","0"
"13549","Trove Tracker","15298","1/4","79955","","45217","68","326395","1","0"
"13549","Trove Tracker","15298","1/5","79956","","45221","68","326399","1","0"
"13549","Trove Tracker","15298","1/6","81025","","45793","68","329783","1","0"
"13549","Trove Tracker","15298","1/7","81568","","46122","68","332220","1","0"
"13553","The Mechagonian Threat","15284","0","80850","The Legend of Mechagon","45695","27","54088","1","0"
"13553","The Mechagonian Threat","15284","1","80853","Looking Inside","45697","27","55040","1","0"
"13553","The Mechagonian Threat","15284","2","80856","Let's Get It Started","45699","27","54945","1","0"
"13553","The Mechagonian Threat","15284","3","80849","You Must be This Height","45701","27","54087","1","0"
"13553","The Mechagonian Threat","15284","4","80851","Report to Gila","45702","27","54946","1","0"
"13553","The Mechagonian Threat","15284","5","80852","A Small Team","45703","27","54947","1","0"
"13553","The Mechagonian Threat","15284","6","80854","The Start of Something Bigger","45704","27","54992","1","0"
"13553","The Mechagonian Threat","15284","7","80858","Princely Visit","45705","27","55645","1","0"
"13553","The Mechagonian Threat","15284","8","80859","The Resistance Needs YOU!","45706","27","55729","1","0"
"13553","The Mechagonian Threat","15284","9","80860","Rescuing the Resistance","45707","27","55730","1","0"
"13553","The Mechagonian Threat","15284","10","80861","My Father's Armies","45708","27","55731","1","0"
"13553","The Mechagonian Threat","15284","11","80862","We Can Fix It","45709","27","55995","1","0"
"13553","The Mechagonian Threat","15284","12","80863","Drill Rig Construction","45710","27","55734","1","0"
"13553","The Mechagonian Threat","15284","13","80864","Send My Father a Message","45711","27","55096","1","0"
"13553","The Mechagonian Threat","15284","14","80865","Welcome to the Resistance","45712","27","55736","1","0"
"13553","The Mechagonian Threat","15284","15","80866","Operation: Mechagon - The Mechoriginator","45713","27","55609","1","0"
"13555","Junkyard Tinkmaster","15298","0","80061","Junkyard Tinkerer","45242","8","13476","0","0"
"13555","Junkyard Tinkmaster","15298","1","81011","Head Financier of Mechagon","45783","8","13482","0","0"
"13556","Outside Influences","15298","0","80069","Aid From Nordrassil","45246","27","55463","1","0"
"13556","Outside Influences","15298","1","80071","One Gnome's Trash","45248","27","55575","1","0"
"13556","Outside Influences","15298","2","80072","Clues Abound","45249","27","55658","1","0"
"13556","Outside Influences","15298","3","80073","A Historical Mess","45250","27","55672","1","0"
"13556","Outside Influences","15298","4","80074","A Growing Mystery","45251","27","55688","1","0"
"13556","Outside Influences","15298","5","80075","Time for Heroics","45252","27","55717","1","0"
"13556","Outside Influences","15298","6","80076","Strange Discovery","45253","27","55718","1","0"
"13556","Outside Influences","15298","7","80079","Deck 'Em","45258","27","56049","1","0"
"13556","Outside Influences","15298","8","80078","Bugs, Lots of 'Em!","45255","27","55765","1","0"
"13556","Outside Influences","15298","9","80070","Pirates? I Hate Those Guys!","45633","27","56469","1","0"
"13556","Outside Influences","15298","10","80077","Rico's Rescue","45256","27","55885","1","0"
"13556","Outside Influences","15298","11","80080","The Other Place","45257","27","55816","1","0"
"13556","Outside Influences","15298","12","80081","The Final Act","45259","27","56053","1","0"
"13556","Outside Influences","15298","13","80085","Abduction Reduction","45263","27","55905","1","0"
"13556","Outside Influences","15298","14","80087","Aim High","45264","27","55813","1","0"
"13556","Outside Influences","15298","15","80313","Pirates, Sea Monsters, Robots","45368","27","56184","1","0"
"13556","Outside Influences","15298","16","80314","Go For The Gold","45369","27","56301","1","0"
"13556","Outside Influences","15298","17","80317","The Family Jewels","45370","27","56306","1","0"
"13556","Outside Influences","15298","18","80318","Adapt, Improve, Overcome!","45371","27","56142","1","0"
"13556","Outside Influences","15298","19","80378","Toys For Destruction","45403","27","54090","1","0"
"13556","Outside Influences","15298","20","80381","Playtime's Over","45405","27","55528","1","0"
"13556","Outside Influences","15298","21","80382","Battle Tested","45406","27","56355","1","0"
"13556","Outside Influences","15298","22","80389","Be Kind, Rewind","45409","27","56365","1","0"
"13556","Outside Influences","15298","23","80714","My Chicken are Not For Eating!","45609","27","56523","1","0"
"13556","Outside Influences","15298","24/0","80757","Off-the-Books Brawlin' (Horde)","45620","27","56552","1","0"
"13556","Outside Influences","15298","24/1","80759","Off-the-Books Brawlin' (Alliance)","45621","27","56558","1","0"
"13556","Outside Influences","15298","25","80787","Discs of Norgannon","45644","27","56410","1","0"
"13556","Outside Influences","15298","26","80788","Toys Like Us","45643","27","56572","1","0"
"13556","Outside Influences","15298","27","80789","Waste Not","45645","27","56508","1","0"
"13556","Outside Influences","15298","28","80790","Taking The Air Out","45646","27","56501","1","0"
"13556","Outside Influences","15298","29","80791","Unprofitable Ventures","45647","27","56471","1","0"
"13556","Outside Influences","15298","30","80792","A Direct Approach","45648","27","56493","1","0"
"13556","Outside Influences","15298","31","80847","Cogfrenzy's Construction Frenzy","45694","27","56405","1","0"
"13557","Rustbolt Rebellion","15305","0","80089","","45265","46","2391","42000","0"
"13558","Waveblade Ankoan","15305","0","80091","","45266","46","2400","42000","0"
"13559","The Unshackled","15305","0","80093","","45267","46","2373","42000","0"
"13572","The Heart Forge","15417","0","80258","Unlock the Heart Forge","45334","27","57010","0","0"
"13573","How to Ptrain Your Pterrordax","15284","0","80260","Just Ptrust Me On This","45335","27","56205","1","0"
"13577","Crestfall","15307","0","80282","","45349","28","245618","0","0"
"13578","Heroic: Crestfall","15307","0","80284","","45350","28","245618","0","0"
"13579","Mythic: Crestfall","15307","0","80286","","45351","28","245618","0","0"
"13580","Crestfallen","15307","0","80288","","45352","28","245618","0","0"
"13581","Snowblossom Village","15307","0","80290","","45353","28","245618","0","0"
"13582","Heroic: Snowblossom Village","15307","0","80292","","45354","28","245618","0","0"
"13583","Mythic: Snowblossom Village","15307","0","80294","","45355","28","245618","0","0"
"13584","Snowblossom Scrapper","15307","0","80296","","45356","28","245618","0","0"
"13624","Keep DPS-ing and Nobody Explodes","15285","0","80463","","45458","165","2260","0","0"
"13628","Intro to Marine Biology","15286","0","80489","","45480","165","2289","0","0"
"13629","Simple Geometry","15286","0","80495","Simple Geometry","45481","165","2304","0","0"
"13633","If It Pleases the Court","15286","0","80520","Earn Queen Azshara's Favor","45488","28","302054","0","0"
"13635","Tour of the Depths","15298","0/0","80943","","45742","27","56119","1","0"
"13635","Tour of the Depths","15298","0/1","80944","","45743","27","56120","1","0"
"13635","Tour of the Depths","15298","1/0","80938","","45739","27","56057","1","0"
"13635","Tour of the Depths","15298","1/1","80939","","45740","27","56056","1","0"
"13635","Tour of the Depths","15298","2/0","80946","","45744","27","56211","1","0"
"13635","Tour of the Depths","15298","2/1","80947","","45745","27","56210","1","0"
"13635","Tour of the Depths","15298","3/0","80922","","45508","27","55899","0","0"
"13635","Tour of the Depths","15298","3/1","80923","","45515","27","55892","0","0"
"13635","Tour of the Depths","15298","3/2","80924","","45509","27","55893","0","0"
"13635","Tour of the Depths","15298","3/3","80925","","45507","27","55898","0","0"
"13635","Tour of the Depths","15298","3/4","80926","","45504","27","55897","0","0"
"13635","Tour of the Depths","15298","3/5","80927","","45512","27","55886","0","0"
"13635","Tour of the Depths","15298","3/6","80928","","45514","27","55887","0","0"
"13635","Tour of the Depths","15298","3/7","80929","","45517","27","55888","0","0"
"13635","Tour of the Depths","15298","3/8","80930","","45505","27","55895","0","0"
"13635","Tour of the Depths","15298","3/9","80931","","45518","27","55890","0","0"
"13635","Tour of the Depths","15298","3/10","80932","","45510","27","55896","0","0"
"13635","Tour of the Depths","15298","3/11","80933","","45516","27","55889","0","0"
"13635","Tour of the Depths","15298","3/12","80934","","45511","27","55900","0","0"
"13635","Tour of the Depths","15298","3/13","80935","","45506","27","55894","0","0"
"13635","Tour of the Depths","15298","3/14","80936","","45513","27","55891","0","0"
"13635","Tour of the Depths","15298","4/0","80915","","45734","46","2388","1200","0"
"13635","Tour of the Depths","15298","4/1","80916","","45735","46","2389","1200","0"
"13635","Tour of the Depths","15298","4/2","80917","","45736","46","2390","1200","0"
"13635","Tour of the Depths","15298","4/3","80918","","45737","46","2375","1200","0"
"13635","Tour of the Depths","15298","4/4","80919","","45738","46","2376","1200","0"
"13635","Tour of the Depths","15298","4/5","80920","","45733","46","2377","1200","0"
"13635","Tour of the Depths","15298","5/0","80941","","45741","0","150949","1","0"
"13635","Tour of the Depths","15298","6/0","80949","","45746","27","55983","1","0"
"13635","Tour of the Depths","15298","6/1","80950","","45747","27","55530","1","0"
"13638","Undersea Usurper","15298","0","81135","","45834","8","13635","0","0"
"13638","Undersea Usurper","15298","1","81136","","45835","8","13690","0","0"
"13638","Undersea Usurper","15298","2","81137","","45836","8","13691","0","0"
"13638","Undersea Usurper","15298","3/0","81140","","45838","8","13761","0","0"
"13638","Undersea Usurper","15298","3/1","81141","","45839","8","13762","0","0"
"13638","Undersea Usurper","15298","4","81142","","45841","8","13549","0","0"
"13638","Undersea Usurper","15298","5","81143","","45840","8","13711","0","0"
"13638","Undersea Usurper","15298","6","81144","","45842","8","13722","0","0"
"13638","Undersea Usurper","15298","7","81145","","45843","8","13699","0","0"
"13638","Undersea Usurper","15298","8","81146","","45844","8","13713","0","0"
"13638","Undersea Usurper","15298","9","81147","","45845","8","13707","0","0"
"13638","Undersea Usurper","15298","10","81175","","45868","8","13763","0","0"
"13638","Undersea Usurper","15298","11","81176","","45869","8","13764","0","0"
"13638","Undersea Usurper","15298","12","81234","","45925","8","13712","0","0"
"13638","Undersea Usurper","15298","13/0","81236","","45270","8","13558","0","0"
"13638","Undersea Usurper","15298","13/1","81237","","45269","8","13559","0","0"
"13638","Undersea Usurper","15298","14","81238","","45926","8","13765","0","0"
"13638","Undersea Usurper","15298","15/0","81240","","45927","8","13709","0","0"
"13638","Undersea Usurper","15298","15/1","81241","","45928","8","13710","0","0"
"13638","Undersea Usurper","15298","16","81487","","46114","8","13836","0","0"
"13645","Nautical Battlefield Training","15298","0","81794","Reach Rank 16 with Poen.","45734","46","2388","4800","0"
"13645","Nautical Battlefield Training","15298","1","81795","Reach Rank 16 with Vim.","45736","46","2390","4800","0"
"13645","Nautical Battlefield Training","15298","2","81796","Reach Rank 16 with Neri.","45735","46","2389","4800","0"
"13684","You and What Army?","15286","0","80578","","45492","28","302620","0","0"
"13686","Junkyard Melomaniac","15298","0","80580","Ode to Tinkertown","45493","27","55534","1","0"
"13686","Junkyard Melomaniac","15298","1","80581","Gnomeregan Forever","45494","27","56515","1","0"
"13686","Junkyard Melomaniac","15298","2","80582","Mimiron's Brainstorm","45495","27","56516","1","0"
"13686","Junkyard Melomaniac","15298","3","80583","Battle of Gnomeregan","45496","27","56517","1","0"
"13686","Junkyard Melomaniac","15298","4","80584","Depths of Ulduar","45497","27","56518","1","0"
"13686","Junkyard Melomaniac","15298","5","80585","Triumph of Gnomeregan","45498","27","56519","1","0"
"13690","Nazjatarget Eliminated","15298","0","80597","Szun, Breaker of Slaves","45504","27","55897","1","0"
"13690","Nazjatarget Eliminated","15298","1","80598","Frozen Winds of Zhiela","45505","27","55895","1","0"
"13690","Nazjatarget Eliminated","15298","2","80599","Zoko, Her Iron Defender","45506","27","55894","1","0"
"13690","Nazjatarget Eliminated","15298","3","80600","Tempest-Speaker Shalan'ali","45507","27","55898","1","0"
"13690","Nazjatarget Eliminated","15298","4","80601","Starseeker of the Shirakess","45508","27","55899","1","0"
"13690","Nazjatarget Eliminated","15298","5","80602","Azanz, the Slitherblade","45509","27","55893","1","0"
"13690","Nazjatarget Eliminated","15298","6","80603","Undana, Chilling Assassin","45510","27","55896","0","0"
"13690","Nazjatarget Eliminated","15298","7","80604","Kassar, Wielder of Dark Blades","45511","27","55900","0","0"
"13690","Nazjatarget Eliminated","15298","8","80605","The Zanj'ir Brutalizer","45512","27","55886","0","0"
"13690","Nazjatarget Eliminated","15298","9","80606","Champion Aldrantiss, Defender of Her Kingdom","45513","27","55891","0","0"
"13690","Nazjatarget Eliminated","15298","10","80607","Champion Alzana, Arrow of Thunder","45514","27","55887","0","0"
"13690","Nazjatarget Eliminated","15298","11","80608","Champion Eldanar, Shield of Her Glory","45515","27","55892","0","0"
"13690","Nazjatarget Eliminated","15298","12","80609","Champion Kyx'zhul the Deepspeaker","45516","27","55889","0","0"
"13690","Nazjatarget Eliminated","15298","13","80610","Champion Qalina, Spear of Ice","45517","27","55888","0","0"
"13690","Nazjatarget Eliminated","15298","14","80611","Champion Vyz'olgo the Mind-Taker","45518","27","55890","0","0"
"13691","I Thought You Said They'd Be Rare?","15298","0","80613","Alga the Eyeless","45519","0","152415","0","0"
"13691","I Thought You Said They'd Be Rare?","15298","1","80614","Allseer Oma'kil","45520","0","152416","0","0"
"13691","I Thought You Said They'd Be Rare?","15298","2","80615","Amethyst Spireshell","45521","0","152794","0","0"
"13691","I Thought You Said They'd Be Rare?","15298","3","80616","Anemonar","45522","0","152566","0","0"
"13691","I Thought You Said They'd Be Rare?","15298","4","80618","Banescale the Packfather","45524","0","152361","0","0"
"13691","I Thought You Said They'd Be Rare?","15298","5","80619","Blindlight","45525","0","152712","0","0"
"13691","I Thought You Said They'd Be Rare?","15298","6","80621","Caverndark Terror","45527","0","152464","0","0"
"13691","I Thought You Said They'd Be Rare?","15298","7","80622","Chasm-Haunter","45528","0","152556","0","0"
"13691","I Thought You Said They'd Be Rare?","15298","8","80623","Daggertooth Terror","45529","0","152756","0","0"
"13691","I Thought You Said They'd Be Rare?","15298","9","80624","Deepglider","45530","0","152291","0","0"
"13691","I Thought You Said They'd Be Rare?","15298","10","80625","Elder Unu","45531","0","152414","0","0"
"13691","I Thought You Said They'd Be Rare?","15298","11","80626","Elderspawn Nalaada","45532","0","152555","0","0"
"13691","I Thought You Said They'd Be Rare?","15298","12","80627","Garnetscale","45533","0","152553","0","0"
"13691","I Thought You Said They'd Be Rare?","15298","13","80628","Iridescent Glimmershell","45534","0","152448","0","0"
"13691","I Thought You Said They'd Be Rare?","15298","14","80629","Kelpwillow","45535","0","152567","0","0"
"13691","I Thought You Said They'd Be Rare?","15298","15","80630","King Gakula","45536","0","152323","0","0"
"13691","I Thought You Said They'd Be Rare?","15298","16","80631","Mirecrawler","45537","0","144644","0","0"
"13691","I Thought You Said They'd Be Rare?","15298","17","80632","Needlespine","45538","0","152465","0","0"
"13691","I Thought You Said They'd Be Rare?","15298","18","80633","Oronu","45539","0","152397","0","0"
"13691","I Thought You Said They'd Be Rare?","15298","19","80634","Prince Typhonus","45540","0","152681","0","0"
"13691","I Thought You Said They'd Be Rare?","15298","20","80635","Prince Vortran","45541","0","152682","0","0"
"13691","I Thought You Said They'd Be Rare?","15298","21","80636","Rockweed Shambler","45542","0","150583","0","0"
"13691","I Thought You Said They'd Be Rare?","15298","22","80637","Sandcastle","45543","0","151870","0","0"
"13691","I Thought You Said They'd Be Rare?","15298","23","80638","Sandclaw Stoneshell","45544","0","152795","0","0"
"13691","I Thought You Said They'd Be Rare?","15298","24","80639","Scale Matriarch Gratinax","45545","0","152548","0","0"
"13691","I Thought You Said They'd Be Rare?","15298","25","80640","Scale Matriarch Vynara","45546","0","152545","0","0"
"13691","I Thought You Said They'd Be Rare?","15298","26","80641","Scale Matriarch Zodia","45547","0","152542","0","0"
"13691","I Thought You Said They'd Be Rare?","15298","27","80642","Shassera","45548","0","152552","0","0"
"13691","I Thought You Said They'd Be Rare?","15298","28","80643","Shiz'narasz the Consumer","45549","0","153658","0","0"
"13691","I Thought You Said They'd Be Rare?","15298","29","80644","Siltstalker the Packmother","45550","0","152359","0","0"
"13691","I Thought You Said They'd Be Rare?","15298","30","80645","Soundless","45551","0","152290","0","0"
"13691","I Thought You Said They'd Be Rare?","15298","31","80647","Tidelord Aquatus","45553","0","153898","0","0"
"13691","I Thought You Said They'd Be Rare?","15298","32","80648","Tidelord Dispersius","45554","0","153928","0","0"
"13691","I Thought You Said They'd Be Rare?","15298","33","80649","Tidemistress Leth'sindra","45555","0","154148","0","0"
"13691","I Thought You Said They'd Be Rare?","15298","34","80650","Toxigore the Alpha","45556","0","152360","0","0"
"13691","I Thought You Said They'd Be Rare?","15298","35","80651","Urduu","45557","0","152568","0","0"
"13691","I Thought You Said They'd Be Rare?","15298","36","80652","Voice in the Deeps","45558","0","151719","0","0"
"13692","Give Me the Biggest Bag You've Got","15298","0","80655","Spawn of Nalaada","45560","96","154832","0","0"
"13692","Give Me the Biggest Bag You've Got","15298","1","80656","Glittering Diamondshell","45561","96","154823","0","0"
"13692","Give Me the Biggest Bag You've Got","15298","2","80657","Sandclaw Nestseeker","45562","96","154824","0","0"
"13692","Give Me the Biggest Bag You've Got","15298","3","80658","Daggertooth Frenzy","45563","96","154834","0","0"
"13692","Give Me the Biggest Bag You've Got","15298","4","80659","Skittering Eel","45564","96","154848","0","0"
"13692","Give Me the Biggest Bag You've Got","15298","5","80660","Pearlescent Glimmershell","45565","96","154825","0","0"
"13692","Give Me the Biggest Bag You've Got","15298","6","80661","Scalebrood Hydra","45566","96","154843","0","0"
"13692","Give Me the Biggest Bag You've Got","15298","7","80662","Caverndark Nightmare","45567","96","154829","0","0"
"13692","Give Me the Biggest Bag You've Got","15298","8","80663","Chitterspine Needler","45568","96","154828","0","0"
"13692","Give Me the Biggest Bag You've Got","15298","9","80664","Wriggler","45569","96","154839","0","0"
"13692","Give Me the Biggest Bag You've Got","15298","10","80665","Amethyst Softshell","45570","96","154836","0","0"
"13692","Give Me the Biggest Bag You've Got","15298","11","80666","Stormwrath","45571","96","154841","0","0"
"13692","Give Me the Biggest Bag You've Got","15298","12","80668","Brinestone Algan","45573","96","154845","0","0"
"13692","Give Me the Biggest Bag You've Got","15298","13","80667","Coral Lashling","45572","96","154847","0","0"
"13692","Give Me the Biggest Bag You've Got","15298","14","80669","Budding Algan","45574","96","154846","0","0"
"13692","Give Me the Biggest Bag You've Got","15298","15","80670","Sandkeep","45575","96","154842","0","0"
"13692","Give Me the Biggest Bag You've Got","15298","16","80671","Seafury","45576","96","154840","0","0"
"13692","Give Me the Biggest Bag You've Got","15298","17","80672","Necrofin Tadpole","45577","96","154821","0","0"
"13692","Give Me the Biggest Bag You've Got","15298","18","80673","Murgle","45578","96","154820","0","0"
"13692","Give Me the Biggest Bag You've Got","15298","19","81440","Underlight Sealamp","46070","36","170476","0","0"
"13692","Give Me the Biggest Bag You've Got","15298","20","81441","Encrusted Coin","46071","36","170472","0","0"
"13692","Give Me the Biggest Bag You've Got","15298","21/0","81442","Flopping Fish","46072","36","170203","0","0"
"13692","Give Me the Biggest Bag You've Got","15298","21/1","82372","Flopping Fish","46598","185","170203","0","0"
"13692","Give Me the Biggest Bag You've Got","15298","22","81443","Seastorm Totem","46073","36","170200","0","0"
"13692","Give Me the Biggest Bag You've Got","15298","23","81444","Zanj'ir Weapon Rack","46074","36","170199","0","0"
"13692","Give Me the Biggest Bag You've Got","15298","24","81445","Eternal Palace Dining Set","46075","36","170198","0","0"
"13692","Give Me the Biggest Bag You've Got","15298","25","81446","Shirakess Warning Sign","46076","36","170196","0","0"
"13692","Give Me the Biggest Bag You've Got","15298","26","81447","Voidcaster's Supply Bag","46077","36","170195","0","0"
"13692","Give Me the Biggest Bag You've Got","15298","27","81448","Storm Totem","46078","36","170194","0","0"
"13692","Give Me the Biggest Bag You've Got","15298","28","81449","Sea Totem","46079","36","170193","0","0"
"13692","Give Me the Biggest Bag You've Got","15298","29","81450","Mudwrap","46080","36","170192","0","0"
"13692","Give Me the Biggest Bag You've Got","15298","30","81451","Skeletal Hand","46081","36","170191","0","0"
"13692","Give Me the Biggest Bag You've Got","15298","31","81452","Mardivas' Bag of Containing","46082","36","170190","0","0"
"13692","Give Me the Biggest Bag You've Got","15298","32","81453","Blind Eye","46083","36","170189","0","0"
"13692","Give Me the Biggest Bag You've Got","15298","33","81454","Barnacled Bag of Goods","46084","36","170188","0","0"
"13692","Give Me the Biggest Bag You've Got","15298","34","81455","Shadescale","46085","36","170187","0","0"
"13692","Give Me the Biggest Bag You've Got","15298","35","81456","Abyss Pearl","46086","36","170186","0","0"
"13692","Give Me the Biggest Bag You've Got","15298","36","81457","Intact Naga Skeleton","46087","36","170185","0","0"
"13692","Give Me the Biggest Bag You've Got","15298","37","81458","Ancient Reefwalker Bark","46088","36","170184","0","0"
"13692","Give Me the Biggest Bag You've Got","15298","38","81459","Reefwalker Bark","46089","36","170183","0","0"
"13692","Give Me the Biggest Bag You've Got","15298","39","81460","Voltscale Shield","46090","36","170182","0","0"
"13692","Give Me the Biggest Bag You've Got","15298","40","81461","Tidal Guard","46091","36","170181","0","0"
"13692","Give Me the Biggest Bag You've Got","15298","41","81462","Razorshell","46092","36","170180","0","0"
"13692","Give Me the Biggest Bag You've Got","15298","42","81463","Snapdragon Scent Gland","46093","36","170179","0","0"
"13692","Give Me the Biggest Bag You've Got","15298","43","81464","Alpha Fin","46094","36","170178","0","0"
"13692","Give Me the Biggest Bag You've Got","15298","44","81465","Exposed Fish","46095","36","170177","0","0"
"13692","Give Me the Biggest Bag You've Got","15298","45","81466","Fathom Ray Wing","46096","36","170176","0","0"
"13692","Give Me the Biggest Bag You've Got","15298","46","81467","Muck Slime","46097","36","170174","0","0"
"13692","Give Me the Biggest Bag You've Got","15298","47","81468","Brightspine Shell","46098","36","170172","0","0"
"13692","Give Me the Biggest Bag You've Got","15298","48","81469","Giant Crab Leg","46099","36","170171","0","0"
"13692","Give Me the Biggest Bag You've Got","15298","49","81470","Fermented Deviate Fish","46100","36","170170","0","0"
"13692","Give Me the Biggest Bag You've Got","15298","50","81471","Eel Filet","46101","36","170167","0","0"
"13696","Scrappy's Best Friend","15298","0","80763","Revive Scrappy","45628","0","155522","1","0"
"13696","Scrappy's Best Friend","15298","1","80764","Feed Scrappy","45629","0","155523","1","0"
"13698","Clean Up On Aisle Mechagon","15285","0","80776","","45634","165","2292","0","0"
"13699","Periodic Destruction","15298","0","80829","Arcane Amalgamation","45678","0","155139","1","0"
"13699","Periodic Destruction","15298","1","80830","Watery Amalgamation","45679","0","150846","1","0"
"13699","Periodic Destruction","15298","2","80831","Burning Amalgamation","45680","0","150926","1","0"
"13699","Periodic Destruction","15298","3","80832","Dusty Amalgamation","45681","0","150862","1","0"
"13699","Periodic Destruction","15298","4","80833","Zomera","45682","0","150848","1","0"
"13699","Periodic Destruction","15298","5","80834","Omus","45683","0","151157","1","0"
"13699","Periodic Destruction","15298","6","80835","Osgen","45684","0","150856","1","0"
"13699","Periodic Destruction","15298","7","80836","Moghiea","45685","0","150928","1","0"
"13699","Periodic Destruction","15298","8","80837","Xue","45686","0","150927","1","0"
"13699","Periodic Destruction","15298","9","80838","Ungormath","45687","0","151155","1","0"
"13699","Periodic Destruction","15298","10","80839","Spawn of Salgos","45688","0","150863","1","0"
"13699","Periodic Destruction","15298","11","80840","Herald of Salgos","45689","0","150864","1","0"
"13699","Periodic Destruction","15298","12","80841","Salgos the Eternal","45690","0","151154","1","0"
"13700","The Mechagonian Threat","15284","0","80874","The Legend of Mechagon","46294","27","55646","1","0"
"13700","The Mechagonian Threat","15284","1","80875","A Quick Ear Hustle","46304","27","55647","1","0"
"13700","The Mechagonian Threat","15284","2","80876","This is Our Vault Now","46305","27","55648","1","0"
"13700","The Mechagonian Threat","15284","3","80877","Let's Get It Started","46306","27","55630","1","0"
"13700","The Mechagonian Threat","15284","4","80879","You Must be This Height","46307","27","55632","1","0"
"13700","The Mechagonian Threat","15284","5","80880","Machinations for Mechagon","46308","27","55649","1","0"
"13700","The Mechagonian Threat","15284","6","80881","Only the Best Will Do","46309","27","55650","1","0"
"13700","The Mechagonian Threat","15284","7","80883","To Mechagon!","46310","27","55651","1","0"
"13700","The Mechagonian Threat","15284","8","80884","Prospectus Bay","46311","27","55652","1","0"
"13700","The Mechagonian Threat","15284","9","80885","We Come in Peace...and Profit","46312","27","55685","1","0"
"13700","The Mechagonian Threat","15284","10","80886","The Resistance Needs YOU!","45706","27","55729","1","0"
"13700","The Mechagonian Threat","15284","11","80887","Rescuing the Resistance","45707","27","55730","1","0"
"13700","The Mechagonian Threat","15284","12","80888","My Father's Armies","45708","27","55731","1","0"
"13700","The Mechagonian Threat","15284","13","80890","We Can Fix It","45709","27","55995","1","0"
"13700","The Mechagonian Threat","15284","14","80891","Drill Rig Construction","45710","27","55734","1","0"
"13700","The Mechagonian Threat","15284","15","80892","Send My Father a Message","45711","27","55096","1","0"
"13700","The Mechagonian Threat","15284","16","80893","Welcome to the Resistance","45712","27","55736","1","0"
"13700","The Mechagonian Threat","15284","17","81579","Operation: Mechagon - The Mechoriginator","45713","27","55609","1","0"
"13704","Nautical Battlefield Training","15298","0","81790","Gain 4800 experience with Hunter Akana.","45737","46","2375","4800","0"
"13704","Nautical Battlefield Training","15298","1","81791","Gain 4800 experience with Bladesman Inowari.","45733","46","2377","4800","0"
"13704","Nautical Battlefield Training","15298","2","81792","Gain 4800 experience for Farseer Ori.","45738","46","2376","4800","0"
"13706","Stay Positive","15285","0","80969","","45762","165","2290","0","0"
"13707","Mrrl's Secret Stash","15298","0","81233","Crimson Tidestallion obtained","45924","91","0","0","0"
"13709","Unfathomable","15284","0","80961","Welcome to Nazjatar","45756","27","55481","1","0"
"13709","Unfathomable","15284","1","80962","Secrets in the Sea","45757","27","55869","1","0"
"13709","Unfathomable","15284","2","80963","Turning the Tide","45758","27","55799","1","0"
"13710","Sunken Ambitions","15284","0","80965","Welcome to Nazjatar","45759","27","56350","1","0"
"13710","Sunken Ambitions","15284","1","80966","Secrets in the Sea","45760","27","55937","1","0"
"13710","Sunken Ambitions","15284","2","80967","Turning the Tide","45761","27","56325","1","0"
"13711","A Fistful of Manapearls","15298","0","80971","","45763","12","1721","1000","0"
"13712","Explore Nazjatar","15298","0","80973","Ashen Strand","46048","43","4074","1","0"
"13712","Explore Nazjatar","15298","1","80974","Azsh'ari Terrace","46049","43","4075","1","0"
"13712","Explore Nazjatar","15298","2","80975","Coral Forest","46050","43","4076","1","0"
"13712","Explore Nazjatar","15298","3","80976","Deepcoil Tunnels","46051","43","4077","1","0"
"13712","Explore Nazjatar","15298","4","80977","Dragon's Teeth Basin","46052","43","4078","1","0"
"13712","Explore Nazjatar","15298","5","80978","The Drowned Market","46053","43","4079","1","0"
"13712","Explore Nazjatar","15298","6","80979","Elun'alor Temple","46054","43","4080","1","0"
"13712","Explore Nazjatar","15298","7","80980","The Royal Approach","46055","43","4081","1","0"
"13712","Explore Nazjatar","15298","8","80981","Gate of the Queen","46056","43","4082","1","0"
"13712","Explore Nazjatar","15298","9","80982","The Hanging Reef","46057","43","4083","1","0"
"13712","Explore Nazjatar","15298","10","80983","Kal'methir","46058","43","4084","1","0"
"13712","Explore Nazjatar","15298","11","80984","Shirakess Repository","46059","43","4087","1","0"
"13712","Explore Nazjatar","15298","12","80985","Spears of Azshara","46060","43","4088","1","0"
"13712","Explore Nazjatar","15298","13","80986","Zanj'ir Terrace","46061","43","4089","1","0"
"13712","Explore Nazjatar","15298","14","80987","Zanj'ir Wash","46062","43","4090","1","0"
"13712","Explore Nazjatar","15298","15","80988","Zin-Azshari","46063","43","4091","1","0"
"13713","Nothing To Scry About","15298","0","81342","","45997","29","292114","100","0"
"13713","Nothing To Scry About","15298","1","82092","","46482","29","306854","100","0"
"13713","Nothing To Scry About","15298","2","82093","","46483","29","306853","100","0"
"13713","Nothing To Scry About","15298","3","82094","","46484","29","306852","100","0"
"13713","Nothing To Scry About","15298","4","82095","","46485","29","306851","100","0"
"13713","Nothing To Scry About","15298","5","82096","","46486","29","306850","100","0"
"13716","Lactose Intolerant","15286","0","81018","10 Twinklehoof Bovine Defeated","45789","165","2293","1","0"
"13718","The Grand Reception","15286","0","81014","Abyssal Commander Sivara","45786","165","2298","1","0"
"13718","The Grand Reception","15286","1","81015","Blackwater Behemoth","45787","165","2289","1","0"
"13718","The Grand Reception","15286","2","81016","Radiance of Azshara","45788","165","2305","1","0"
"13719","Depths of the Devoted","15286","0","81027","Lady Ashvane","45794","165","2304","1","0"
"13719","Depths of the Devoted","15286","1","81028","Orgozoa","45795","165","2303","1","0"
"13719","Depths of the Devoted","15286","2","81029","The Queen's Court","45796","165","2311","1","0"
"13722","Terror of the Tadpoles","15298","0","81024","Tadpoles Shooed","45792","69","295625","100","0"
"13723","M.C., Hammered","15285","0","82021","","46431","28","303968","0","0"
"13724","A Smack of Jellyfish","15286","0","81862","","46292","28","305346","0","0"
"13725","The Circle of Stars","15286","0","81031","Za'qul","45797","165","2293","1","0"
"13725","The Circle of Stars","15286","1","81032","Queen Azshara","45798","165","2299","1","0"
"13726","Mythic: Abyssal Commander Sivara","15286","0","81034","","45378","165","2298","1","0"
"13727","Mythic: Radiance of Azshara","15286","0","81036","","45386","165","2305","1","0"
"13728","Mythic: Blackwater Behemoth","15286","0","81038","","45382","165","2289","1","0"
"13729","Mythic: Lady Ashvane","15286","0","81040","","45390","165","2304","1","0"
"13730","Mythic: Orgozoa","15286","0","81042","","45394","165","2303","1","0"
"13731","Mythic: The Queen's Court","15286","0","81044","","45398","165","2311","1","0"
"13732","Mythic: Za'qul","15286","0","81046","","45402","165","2293","1","0"
"13733","Mythic: Queen Azshara","15286","0","81048","","45415","165","2299","1","0"
"13735","Heroic: War is Hell","15308","0","81050","","45799","152","1346","1","0"
"13737","Heroic: War is Hell","15308","0","81052","","45800","152","1568","1","0"
"13738","Heroic: Tour of War","15308","0/0","81055","Danath Trollbane","45802","152","1346","1","0"
"13738","Heroic: Tour of War","15308","1/0","81057","Turalyon","45803","152","1346","1","0"
"13738","Heroic: Tour of War","15308","2/0","81059","Muradin","45804","152","1346","1","0"
"13739","Heroic: Tour of War","15308","0/0","81071","Eitrigg","45806","152","1568","1","0"
"13739","Heroic: Tour of War","15308","1/0","81073","Lady Liadrin","45813","152","1568","1","0"
"13739","Heroic: Tour of War","15308","2/0","81075","Rokhan","45814","152","1568","1","0"
"13743","Seasoned: Hunter Akana","15298","0","81113","Reach Rank 10 with Akana.","45737","46","2375","2700","0"
"13744","Seasoned: Bladesman Inowari","15298","0","81125","Reach Rank 10 with Inowari.","45733","46","2377","2700","0"
"13745","Seasoned: Farseer Ori","15298","0","81119","Reach Rank 10 with Ori.","45738","46","2376","2700","0"
"13746","Seasoned: Neri Sharpfin","15298","0","81091","Reach Rank 10 with Neri.","45735","46","2389","2700","0"
"13747","Seasoned: Poen Gillbrack","15298","0","81107","Reach Rank 10 with Poen.","45734","46","2388","2700","0"
"13748","Seasoned: Vim Brineheart","15298","0","81101","Reach Rank 10 with Vim.","45736","46","2390","2700","0"
"13749","Veteran: Neri Sharpfin","15298","0","81093","Reach Rank 20 with Neri.","45735","46","2389","5700","0"
"13750","Battle-Scarred: Neri Sharpfin","15298","0","81095","Reach Rank 30 with Neri.","45735","46","2389","8700","0"
"13751","Veteran: Poen Gillbrack","15298","0","81105","Reach Rank 20 with Poen.","45734","46","2388","5700","0"
"13752","Veteran: Vim Brineheart","15298","0","81099","Reach Rank 20 with Vim.","45736","46","2390","5700","0"
"13753","Veteran: Hunter Akana","15298","0","81111","Reach Rank 20 with Akana.","45737","46","2375","5700","0"
"13754","Veteran: Bladesman Inowari","15298","0","81123","Reach Rank 20 with Inowari.","45733","46","2377","5700","0"
"13755","Veteran: Farseer Ori","15298","0","81117","Reach Rank 20 with Ori.","45738","46","2376","5700","0"
"13756","Battle-Scarred: Poen Gillbrack","15298","0","81103","Reach Rank 30 with Poen.","45734","46","2388","8700","0"
"13757","Battle-Scarred: Vim Brineheart","15298","0","81097","Reach Rank 30 with Vim.","45736","46","2390","8700","0"
"13758","Battle-Scarred: Hunter Akana","15298","0","81109","Reach Rank 30 with Akana.","45737","46","2375","8700","0"
"13759","Battle-Scarred: Bladesman Inowari","15298","0","81121","Reach Rank 30 with Inowari.","45733","46","2377","8700","0"
"13760","Battle-Scarred: Farseer Ori","15298","0","81115","Reach Rank 30 with Ori.","45738","46","2376","8700","0"
"13761","Aqua Team Murder Force","15298","0","81127","","45828","8","13750","0","0"
"13761","Aqua Team Murder Force","15298","1","81128","","45829","8","13756","0","0"
"13761","Aqua Team Murder Force","15298","2","81129","","45830","8","13757","0","0"
"13762","Aqua Team Murder Force","15298","0","81131","","45831","8","13759","0","0"
"13762","Aqua Team Murder Force","15298","1","81132","","45832","8","13760","0","0"
"13762","Aqua Team Murder Force","15298","2","81133","","45833","8","13758","0","0"
"13763","Back to the Depths!","15298","0","81149","Summons from the Depths completed.","45846","152","1754","10","0"
"13764","Puzzle Performer","15298","0","81151","Easy Leylocked Chest","45847","27","56025","0","0"
"13764","Puzzle Performer","15298","1","81152","Medium Leylocked Chest","45848","27","56024","0","0"
"13764","Puzzle Performer","15298","2","81153","Hard Leylocked Chest","45849","27","56023","0","0"
"13764","Puzzle Performer","15298","3/0","81155","Hard Runelocked Chest: Yellow","45850","27","56022","0","0"
"13764","Puzzle Performer","15298","3/1","81156","Hard Runelocked Chest: Red","45851","27","56021","0","0"
"13764","Puzzle Performer","15298","3/2","81157","Hard Runelocked Chest: Purple","45852","27","56020","0","0"
"13764","Puzzle Performer","15298","3/3","81158","Hard Runelocked Chest: Orange","45853","27","56019","0","0"
"13764","Puzzle Performer","15298","3/4","81159","Hard Runelocked Chest: Green","45854","27","56018","0","0"
"13764","Puzzle Performer","15298","3/5","81160","Hard Runelocked Chest: Blue","45855","27","56017","0","0"
"13764","Puzzle Performer","15298","4/0","81162","Medium Runelocked Chest: Yellow","45856","27","56016","0","0"
"13764","Puzzle Performer","15298","4/1","81163","Medium Runelocked Chest: Red","45857","27","56015","0","0"
"13764","Puzzle Performer","15298","4/2","81164","Medium Runelocked Chest: Purple","45858","27","56014","0","0"
"13764","Puzzle Performer","15298","4/3","81165","Medium Runelocked Chest: Orange","45859","27","56013","0","0"
"13764","Puzzle Performer","15298","4/4","81166","Medium Runelocked Chest: Green","45860","27","56012","0","0"
"13764","Puzzle Performer","15298","4/5","81167","Medium Runelocked Chest: Blue","45861","27","56011","0","0"
"13764","Puzzle Performer","15298","5/0","81169","Easy Runelocked Chest: Blue","45862","27","56010","0","0"
"13764","Puzzle Performer","15298","5/1","81170","Easy Runelocked Chest: Purple","45863","27","56009","0","0"
"13764","Puzzle Performer","15298","5/2","81171","Easy Runelocked Chest: Yellow","45864","27","56008","0","0"
"13764","Puzzle Performer","15298","5/3","81172","Easy Runelocked Chest: Red","45865","27","56007","0","0"
"13764","Puzzle Performer","15298","5/4","81173","Easy Runelocked Chest: Orange","45866","27","56006","0","0"
"13764","Puzzle Performer","15298","5/5","81174","Easy Runelocked Chest: Green","45867","27","56003","0","0"
"13765","Subaquatic Support","15298","0","81178","","45870","27","55821","0","0"
"13765","Subaquatic Support","15298","1","81179","","45871","27","55823","0","0"
"13765","Subaquatic Support","15298","2","81180","","45872","27","55826","0","0"
"13765","Subaquatic Support","15298","3","81181","","45873","27","55825","0","0"
"13765","Subaquatic Support","15298","4","81182","","45874","27","55820","0","0"
"13765","Subaquatic Support","15298","5","81183","","45875","27","55822","0","0"
"13765","Subaquatic Support","15298","6","81184","","45876","27","55819","0","0"
"13765","Subaquatic Support","15298","7","81185","","45877","27","55818","0","0"
"13765","Subaquatic Support","15298","8","81186","","45878","27","55824","0","0"
"13765","Subaquatic Support","15298","9","81187","","45879","27","55837","0","0"
"13765","Subaquatic Support","15298","10","81188","","45880","27","55836","0","0"
"13765","Subaquatic Support","15298","11","81189","","45881","27","55839","0","0"
"13765","Subaquatic Support","15298","12","81190","","45882","27","55841","0","0"
"13765","Subaquatic Support","15298","13","81191","","45883","27","55844","0","0"
"13765","Subaquatic Support","15298","14","81192","","45884","27","55843","0","0"
"13765","Subaquatic Support","15298","15","81193","","45885","27","55838","0","0"
"13765","Subaquatic Support","15298","16","81194","","45886","27","55840","0","0"
"13765","Subaquatic Support","15298","17","81195","","45887","27","55842","0","0"
"13765","Subaquatic Support","15298","18","81196","","45888","27","55830","0","0"
"13765","Subaquatic Support","15298","19","81197","","45889","27","55832","0","0"
"13765","Subaquatic Support","15298","20","81198","","45890","27","55835","0","0"
"13765","Subaquatic Support","15298","21","81199","","45891","27","55834","0","0"
"13765","Subaquatic Support","15298","22","81200","","45892","27","55829","0","0"
"13765","Subaquatic Support","15298","23","81201","","45893","27","55831","0","0"
"13765","Subaquatic Support","15298","24","81202","","45894","27","55828","0","0"
"13765","Subaquatic Support","15298","25","81203","","45895","27","55827","0","0"
"13765","Subaquatic Support","15298","26","81204","","45896","27","55833","0","0"
"13765","Subaquatic Support","15298","27","81205","","45897","27","55723","0","0"
"13765","Subaquatic Support","15298","28","81206","","45898","27","55726","0","0"
"13765","Subaquatic Support","15298","29","81207","","45899","27","55724","0","0"
"13765","Subaquatic Support","15298","30","81208","","45900","27","55727","0","0"
"13765","Subaquatic Support","15298","31","81209","","45901","27","55721","0","0"
"13765","Subaquatic Support","15298","32","81210","","45902","27","55722","0","0"
"13765","Subaquatic Support","15298","33","81211","","45903","27","55720","0","0"
"13765","Subaquatic Support","15298","34","81212","","45904","27","55725","0","0"
"13765","Subaquatic Support","15298","35","81213","","45905","27","55719","0","0"
"13765","Subaquatic Support","15298","36","81214","","45906","27","55805","0","0"
"13765","Subaquatic Support","15298","37","81215","","45907","27","55808","0","0"
"13765","Subaquatic Support","15298","38","81216","","45908","27","55806","0","0"
"13765","Subaquatic Support","15298","39","81217","","45909","27","55809","0","0"
"13765","Subaquatic Support","15298","40","81218","","45910","27","55803","0","0"
"13765","Subaquatic Support","15298","41","81219","","45911","27","55804","0","0"
"13765","Subaquatic Support","15298","42","81220","","45912","27","55802","0","0"
"13765","Subaquatic Support","15298","43","81221","","45913","27","55807","0","0"
"13765","Subaquatic Support","15298","44","81222","","45914","27","55789","0","0"
"13765","Subaquatic Support","15298","45","81223","","45915","27","55792","0","0"
"13765","Subaquatic Support","15298","46","81224","","45916","27","55790","0","0"
"13765","Subaquatic Support","15298","47","81225","","45917","27","55793","0","0"
"13765","Subaquatic Support","15298","48","81226","","45918","27","55787","0","0"
"13765","Subaquatic Support","15298","49","81227","","45919","27","55788","0","0"
"13765","Subaquatic Support","15298","50","81228","","45920","27","55786","0","0"
"13765","Subaquatic Support","15298","51","81229","","45921","27","55791","0","0"
"13765","Subaquatic Support","15298","52","81230","","45922","27","55785","0","0"
"13765","Subaquatic Support","15298","53","81231","","45923","27","55801","0","0"
"13767","Fun Run","15286","0","81854","Fun Run","46288","165","2305","0","0"
"13768","The Best of Us","15286","0","81245","","45930","28","303626","0","0"
"13769","Power Up","15417","0","81265","","45941","28","303703","1","0"
"13770","Power Creep","15417","0","81267","","45942","28","303703","1","0"
"13771","Power Is Beautiful","15417","0","81269","","45943","28","303703","1","0"
"13772","Essence Essentials","15417","0/0","81272","","45944","28","303703","1","0"
"13772","Essence Essentials","15417","0/1","81273","","45946","28","303703","1","0"
"13772","Essence Essentials","15417","0/2","81274","","45947","28","303703","0","0"
"13772","Essence Essentials","15417","1/0","81276","","45945","28","303703","1","0"
"13773","Essence Gains","15417","0/0","81279","","45948","28","303703","1","0"
"13773","Essence Gains","15417","0/1","81280","","45949","28","303703","1","0"
"13773","Essence Gains","15417","0/2","81281","","45950","28","303703","0","0"
"13773","Essence Gains","15417","1/0","81283","","45951","28","303703","1","0"
"13775","Essence Overload","15417","0/0","81288","","45954","28","303703","1","0"
"13775","Essence Overload","15417","0/1","81289","","45955","28","303703","1","0"
"13775","Essence Overload","15417","0/2","81290","","45956","28","303703","0","0"
"13775","Essence Overload","15417","1/0","81292","","45957","28","303703","1","0"
"13776","Explore Mechagon","15298","0","81335","Rustbolt","45991","43","4096","1","0"
"13776","Explore Mechagon","15298","1","81343","Sparkweaver Point","46041","43","4098","1","0"
"13776","Explore Mechagon","15298","2","81344","Junkwatt Depot","46043","43","4094","1","0"
"13776","Explore Mechagon","15298","3","81345","The Heaps","46042","43","4093","1","0"
"13776","Explore Mechagon","15298","4","81347","Scrapbone Den","46044","43","4097","1","0"
"13776","Explore Mechagon","15298","5","81348","Western Spray","46047","43","4099","1","0"
"13776","Explore Mechagon","15298","6","81349","The Outflow","46045","43","4095","1","0"
"13776","Explore Mechagon","15298","7","81350","The Fleeting Forrest","46046","43","4092","1","0"
"13777","My Heart Container is Full","15417","0","81294","All Heart of Azeroth Essence Slots With Rank 3 Essence","45958","28","298554","0","0"
"13790","Armed for Action","15284","0","81356","Volatile Blaster","46003","27","55260","1","0"
"13790","Armed for Action","15284","1","81357","Ricket's Special Delivery","45999","27","55414","1","0"
"13790","Armed for Action","15284","2","81358","Lightning Zap 5000","46000","27","55261","1","0"
"13790","Armed for Action","15284","3","81359","Supercollider","46001","27","55902","1","0"
"13790","Armed for Action","15284","4","81360","Boltspitter","46002","27","55903","1","0"
"13791","Making the Mount","15284","0","81362","Shop Project","46004","27","55608","1","0"
"13791","Making the Mount","15284","1","81366","Right Bot for the Job","46005","27","54086","1","0"
"13791","Making the Mount","15284","2","81367","Ready to Rumble","46006","27","54929","1","0"
"13791","Making the Mount","15284","3","81368","Knock 'Em Out The Box","46007","27","55373","1","0"
"13791","Making the Mount","15284","4","81369","A Little Leg Work","46008","27","55697","1","0"
"13791","Making the Mount","15284","5","81371","The Nuts and Bolts of It","46009","27","54922","1","0"
"13791","Making the Mount","15284","6","81373","Factory Refurbished","46010","27","56168","1","0"
"13791","Making the Mount","15284","7","81375","Grease The Wheels","46011","27","54083","1","0"
"13791","Making the Mount","15284","8","81376","Emission Free","46012","27","56175","1","0"
"13791","Making the Mount","15284","9","81378","Test Drive","46013","27","55696","1","0"
"13791","Making the Mount","15284","10","81380","Knock His Bot Off","46014","27","55753","1","0"
"13791","Making the Mount","15284","11","81381","Drive It Away Today","46015","27","55622","1","0"
"13836","Feline Figurines Found","15298","0","81477","Figurine Found","46104","27","56992","0","0"
"13836","Feline Figurines Found","15298","1","81478","Figurine Found","46105","27","56991","0","0"
"13836","Feline Figurines Found","15298","2","81479","Figurine Found","46106","27","56990","0","0"
"13836","Feline Figurines Found","15298","3","81480","Figurine Found","46107","27","56989","0","0"
"13836","Feline Figurines Found","15298","4","81481","Figurine Found","46108","27","56988","0","0"
"13836","Feline Figurines Found","15298","5","81482","Figurine Found","46109","27","56987","0","0"
"13836","Feline Figurines Found","15298","6","81483","Figurine Found","46110","27","56986","0","0"
"13836","Feline Figurines Found","15298","7","81484","Figurine Found","46111","27","56985","0","0"
"13836","Feline Figurines Found","15298","8","81485","Figurine Found","46112","27","56984","0","0"
"13836","Feline Figurines Found","15298","9","81486","Figurine Found","46113","27","56983","0","0"
"13924","The Fourth War","15284","0","82341","","41493","8","12509","0","0"
"13924","The Fourth War","15284","1","82339","","44694","8","13466","0","0"
"13924","The Fourth War","15284","2/0","82359","","46589","27","57095","0","0"
"13924","The Fourth War","15284","2/1","82360","","46590","27","57152","0","0"
"13925","The Fourth War","15284","0","82349","","41491","8","12510","0","0"
"13925","The Fourth War","15284","1","82348","","44284","8","13467","0","0"
"13925","The Fourth War","15284","2","82347","Old Soldier","46588","27","57002","0","0"
"13990","You Can Pet the Dog, But...","15286","0","82760","Pet Shad'har the Insatiable","46748","28","312588","0","0"
"13998","Pure of Heart","15417","0/0","82820","","46797","28","303703","0","0"
"13998","Pure of Heart","15417","0/1","82821","","46798","28","303703","0","0"
"13998","Pure of Heart","15417","0/2","82822","","46799","28","303703","0","0"
"13998","Pure of Heart","15417","1/0","82824","","46800","28","303703","0","0"
"13999","How? Isn't it Obelisk?","15286","0","82826","How? Isn't it obelisk?","46802","0","156866","1","0"
"14008","Mana Sponge","15286","0","83059","","46964","165","2327","1","0"
"14019","Smoke Test","15286","0","82863","Defeat Wrathion after defeating 10 Crackling Shards within 3 seconds","46823","28","314181","0","0"
"14023","Realizing Your Potential","15286","0","83060","The Hivemind Defeated","46965","165","2333","1","0"
"14024","Buzzer Beater","15286","0","83027","Xanesh Defeated","46953","165","2328","1","0"
"14026","Temper Tantrum","15286","0","82911","Temper Tantrum","46866","0","157602","1","0"
"14037","Phase 3: Prophet","15286","0","83075","","46974","28","315253","0","0"
"14038","Bloody Mess","15286","0","83077","","46975","28","315261","0","0"
"14041","Mythic: Wrathion, the Black Emperor","15286","0","83176","","46991","165","2329","1","0"
"14043","Mythic: Maut","15286","0","83180","","46993","165","2327","1","0"
"14044","Mythic: The Prophet Skitra","15286","0","83182","","46994","165","2334","1","0"
"14045","Mythic: Dark Inquisitor Xanesh","15286","0","83184","","46995","165","2328","1","0"
"14046","Mythic: The Hivemind","15286","0","83186","","46996","165","2333","1","0"
"14048","Mythic: Shad'har the Insatiable","15286","0","83188","","46997","165","2335","1","0"
"14049","Mythic: Drest'agath","15286","0","83190","","46998","165","2343","1","0"
"14050","Mythic: Vexiona","15286","0","83192","","46999","165","2336","1","0"
"14051","Mythic: Ra-den the Despoiled","15286","0","83194","","47000","165","2331","1","0"
"14052","Mythic: Il'gynoth, Corruption Reborn","15286","0","83196","","47001","165","2345","1","0"
"14054","Mythic: Carapace of N'Zoth","15286","0","83198","","47002","165","2337","1","0"
"14055","Mythic: N'Zoth the Corruptor","15286","0","83200","","47003","165","2344","1","0"
"14139","Total Annihilation","15286","0","83408","Total Annihilation","47102","165","2336","0","0"
"14147","Cleansing Treatment","15286","0","83514","Defeat the Carapace of N'Zoth after defeating all Synthesis Growths within 10 seconds","47182","28","316724","0","0"
"14148","It's Not A Cult","15286","0","84546","Defeat N'Zoth the Corruptor after all players have accepted the Gift of N'Zoth.","47753","28","319019","0","0"
"14149","Heroic: War for the Shore","15308","0","83530","","47198","0","160172","1","0"
"14150","Heroic: War for the Shore","15308","0","83532","","47197","0","160171","1","0"
"14153","Uldum Under Assault","15284","0","83536","Assault: Amathet Advance","47201","27","55350","1","0"
"14153","Uldum Under Assault","15284","1","83537","Assault: Aqir Unearthed","47202","27","56308","1","0"
"14153","Uldum Under Assault","15284","2","83538","Assault: The Black Empire","47203","27","57157","1","0"
"14154","Defend the Vale","15284","0","83540","Assault: The Warring Clans","47204","27","57008","1","0"
"14154","Defend the Vale","15284","1","83541","Assault: The Endless Swarm","47205","27","57728","1","0"
"14154","Defend the Vale","15284","2","83542","Assault: The Black Empire","47206","27","56064","1","0"
"14155","Uldum Accord","15305","0","83544","","47207","46","2417","42000","0"
"14156","The Rajani","15305","0","83546","","47208","46","2415","42000","0"
"14157","The Corruptor's End","15284","0","83548","Ny'alotha, the Waking City: The Corruptor's End","47209","27","58632","1","0"
"14158","It's Not A Tumor!","15298","0","83550","","47210","0","162963","1000","0"
"14159","Combating the Corruption","15298","0","83552","","47211","0","162249","1","0"
"14159","Combating the Corruption","15298","1","83553","","47212","0","162250","1","0"
"14159","Combating the Corruption","15298","2","83554","","47213","0","162252","1","0"
"14159","Combating the Corruption","15298","3","83555","","47214","0","162290","1","0"
"14159","Combating the Corruption","15298","4","83556","","47215","0","159087","1","0"
"14159","Combating the Corruption","15298","5","83557","","47216","0","156709","1","0"
"14159","Combating the Corruption","15298","6","83558","","47217","0","162246","1","0"
"14159","Combating the Corruption","15298","7","83559","","47218","0","162244","1","0"
"14159","Combating the Corruption","15298","8","83560","","47219","0","158632","1","0"
"14159","Combating the Corruption","15298","9","83561","","47220","0","162247","1","0"
"14159","Combating the Corruption","15298","10","83562","","47221","0","162243","1","0"
"14159","Combating the Corruption","15298","11","83563","","47222","0","158531","1","0"
"14159","Combating the Corruption","15298","12","83564","","47223","0","162254","1","0"
"14159","Combating the Corruption","15298","13","83565","","47224","0","158706","1","0"
"14159","Combating the Corruption","15298","14","83566","","47225","0","162251","1","0"
"14159","Combating the Corruption","15298","15","83567","","47226","0","162253","1","0"
"14159","Combating the Corruption","15298","16","83568","","47227","0","162241","1","0"
"14159","Combating the Corruption","15298","17","83569","","47228","0","162245","1","0"
"14159","Combating the Corruption","15298","18","83570","","47229","0","162248","1","0"
"14160","Rare to Well Done","15298","0","83572","","47230","0","156486","0","0"
"14160","Rare to Well Done","15298","1","83573","","47231","0","154539","0","0"
"14160","Rare to Well Done","15298","2","83574","","47234","0","151926","0","0"
"14160","Rare to Well Done","15298","3","83575","","47235","0","158747","0","0"
"14160","Rare to Well Done","15298","4","83576","","47236","0","153919","0","0"
"14160","Rare to Well Done","15298","5","83577","","47237","0","156174","0","0"
"14160","Rare to Well Done","15298","6","83578","","47241","0","156173","0","0"
"14160","Rare to Well Done","15298","7","83579","","47232","0","156485","0","0"
"14160","Rare to Well Done","15298","8","83580","","47233","0","154538","0","0"
"14160","Rare to Well Done","15298","9","83581","","47238","0","151925","0","0"
"14160","Rare to Well Done","15298","10","83582","","47239","0","153920","0","0"
"14160","Rare to Well Done","15298","11","83583","","47240","0","158746","0","0"
"14161","All Consuming","15284","0/0","83590","Consuming Maw","47247","27","58257","1","0"
"14161","All Consuming","15284","0/1","83589","Consuming Maw","47246","27","58256","1","0"
"14161","All Consuming","15284","0/2","83591","Consuming Maw","47248","27","58258","1","0"
"14161","All Consuming","15284","0/3","83585","Consuming Maw","47242","27","58438","1","0"
"14161","All Consuming","15284","0/4","83586","Consuming Maw","47243","27","58439","1","0"
"14161","All Consuming","15284","0/5","83587","Consuming Maw","47244","27","58442","1","0"
"14161","All Consuming","15284","0/6","83588","Consuming Maw","47245","27","58216","1","0"
"14193","Vision of Destiny","15286","0","84589","Wrathion, the Black Emperor","46693","165","2329","1","0"
"14193","Vision of Destiny","15286","1","84590","Maut","46694","165","2327","1","0"
"14193","Vision of Destiny","15286","2","84591","The Prophet Skitra","46695","165","2334","1","0"
"14194","Halls of Devotion","15286","0","84593","Dark Inquisitor Xanesh","46696","165","2328","1","0"
"14194","Halls of Devotion","15286","1","84594","Vexiona","46697","165","2336","1","0"
"14194","Halls of Devotion","15286","2","84595","The Hivemind","46698","165","2333","1","0"
"14194","Halls of Devotion","15286","3","84596","Ra-Den the Despoiled","46699","165","2331","1","0"
"14195","Gift of Flesh","15286","0","84598","Shad'har the Insatiable","46700","165","2335","1","0"
"14195","Gift of Flesh","15286","1","84599","Drest'agath","46701","165","2343","1","0"
"14195","Gift of Flesh","15286","2","84600","Il'gynoth, Corruption Reborn","46702","165","2345","1","0"
"14196","The Waking Dream","15286","0","84602","Carapace of N'Zoth","46703","165","2337","1","0"
"14196","The Waking Dream","15286","1","84603","N'Zoth the Corruptor","46704","165","2344","1","0"
