"status","current_ability_exists","current_spell_name_exists","profession","profession_id","recipe_spell_id","name","skill_line_ability_id","trade_category_id","acquire_method","supercedes_spell_id"
"named_recipe","True","True","Alchemy","171","251305","Transmute: Herbs to Ore","38828","608","0","0"
"named_recipe","True","True","Alchemy","171","251306","Transmute: Herbs to Cloth","38829","608","0","0"
"named_recipe","True","True","Alchemy","171","251309","Transmute: Ore to Herbs","38830","608","0","0"
"named_recipe","True","True","Alchemy","171","251310","Transmute: Ore to Cloth","38831","608","0","0"
"named_recipe","True","True","Alchemy","171","251311","Transmute: Ore to Gems","38832","608","0","0"
"named_recipe","True","True","Alchemy","171","251314","Transmute: Cloth to Skins","38833","608","0","0"
"named_recipe","True","True","Alchemy","171","251808","Transmute: Meat to Pet","38834","608","0","0"
"named_recipe","True","True","Alchemy","171","251822","Transmute: Fish to Gems","38835","608","0","0"
"named_recipe","True","True","Alchemy","171","251832","Transmute: Expulsom","38836","608","0","0"
"named_recipe","True","True","Alchemy","171","252334","Steelskin Potion","38773","605","0","0"
"named_recipe","True","True","Alchemy","171","252335","Steelskin Potion","38774","605","0","252334"
"named_recipe","True","True","Alchemy","171","252336","Steelskin Potion","38775","605","0","252335"
"named_recipe","True","True","Alchemy","171","252337","Potion of Replenishment","38776","605","0","0"
"named_recipe","True","True","Alchemy","171","252339","Potion of Replenishment","38777","605","0","252337"
"named_recipe","True","True","Alchemy","171","252340","Potion of Replenishment","38778","605","0","252339"
"named_recipe","True","True","Alchemy","171","252341","Potion of Bursting Blood","38779","605","0","0"
"named_recipe","True","True","Alchemy","171","252342","Potion of Bursting Blood","38780","605","0","252341"
"named_recipe","True","True","Alchemy","171","252343","Potion of Bursting Blood","38781","605","0","252342"
"named_recipe","True","True","Alchemy","171","252344","Potion of Rising Death","38782","605","0","0"
"named_recipe","True","True","Alchemy","171","252345","Potion of Rising Death","38783","605","0","252344"
"named_recipe","True","True","Alchemy","171","252346","Potion of Rising Death","38784","605","0","252345"
"named_recipe","True","True","Alchemy","171","252348","Flask of the Currents","38785","607","0","0"
"named_recipe","True","True","Alchemy","171","252349","Flask of the Currents","38786","607","0","252348"
"named_recipe","True","True","Alchemy","171","252350","Flask of the Currents","38787","607","0","252349"
"named_recipe","True","True","Alchemy","171","252351","Flask of Endless Fathoms","38788","607","0","0"
"named_recipe","True","True","Alchemy","171","252352","Flask of Endless Fathoms","38789","607","0","252351"
"named_recipe","True","True","Alchemy","171","252353","Flask of Endless Fathoms","38790","607","0","252352"
"named_recipe","True","True","Alchemy","171","252354","Flask of the Vast Horizon","38791","607","0","0"
"named_recipe","True","True","Alchemy","171","252355","Flask of the Vast Horizon","38792","607","0","252354"
"named_recipe","True","True","Alchemy","171","252356","Flask of the Vast Horizon","38793","607","0","252355"
"named_recipe","True","True","Alchemy","171","252357","Flask of the Undertow","38794","607","0","0"
"named_recipe","True","True","Alchemy","171","252358","Flask of the Undertow","38795","607","0","252357"
"named_recipe","True","True","Alchemy","171","252359","Flask of the Undertow","38796","607","0","252358"
"named_recipe","True","True","Alchemy","171","252361","Endless Tincture of Renewed Combat","38800","609","0","0"
"named_recipe","True","True","Alchemy","171","252362","Endless Tincture of Renewed Combat","38801","609","0","252361"
"named_recipe","True","True","Alchemy","171","252363","Endless Tincture of Renewed Combat","38802","609","0","252362"
"named_recipe","True","True","Alchemy","171","252368","Siren's Alchemist Stone","38803","609","0","0"
"named_recipe","True","True","Alchemy","171","252369","Siren's Alchemist Stone","38804","609","0","252368"
"named_recipe","True","True","Alchemy","171","252370","Siren's Alchemist Stone","38805","609","0","252369"
"named_recipe","True","True","Alchemy","171","252376","Endless Tincture of Fractional Power","38809","609","0","0"
"named_recipe","True","True","Alchemy","171","252377","Endless Tincture of Fractional Power","38810","609","0","252376"
"named_recipe","True","True","Alchemy","171","252378","Endless Tincture of Fractional Power","38811","609","0","252377"
"named_recipe","True","True","Alchemy","171","252379","Surging Alchemist Stone","38812","609","0","0"
"named_recipe","True","True","Alchemy","171","252380","Surging Alchemist Stone","38813","609","0","252379"
"named_recipe","True","True","Alchemy","171","252381","Surging Alchemist Stone","38814","609","0","252380"
"named_recipe","True","True","Alchemy","171","252382","Coastal Healing Potion","38815","605","1","0"
"named_recipe","True","True","Alchemy","171","252383","Coastal Healing Potion","38816","605","0","252382"
"named_recipe","True","True","Alchemy","171","252384","Coastal Healing Potion","38817","605","0","252383"
"named_recipe","True","True","Alchemy","171","252385","Coastal Mana Potion","38818","605","1","0"
"named_recipe","True","True","Alchemy","171","252386","Coastal Mana Potion","38819","605","0","252385"
"named_recipe","True","True","Alchemy","171","252387","Coastal Mana Potion","38820","605","0","252386"
"named_recipe","True","True","Alchemy","171","252388","Coastal Rejuvenation Potion","38821","605","0","0"
"named_recipe","True","True","Alchemy","171","252389","Coastal Rejuvenation Potion","38822","605","0","252388"
"named_recipe","True","True","Alchemy","171","252390","Coastal Rejuvenation Potion","38823","605","0","252389"
"named_recipe","True","True","Alchemy","171","252391","Demitri's Draught of Deception","38825","606","0","0"
"named_recipe","True","True","Alchemy","171","252392","Demitri's Draught of Deception","38826","606","0","252391"
"named_recipe","True","True","Alchemy","171","252393","Demitri's Draught of Deception","38827","606","0","252392"
"named_recipe","True","True","Alchemy","171","252394","Lightfoot Potion","38838","606","0","0"
"named_recipe","True","True","Alchemy","171","252395","Lightfoot Potion","38839","606","0","252394"
"named_recipe","True","True","Alchemy","171","252396","Lightfoot Potion","38840","606","0","252395"
"named_recipe","True","True","Alchemy","171","252397","Sea Mist Potion","38841","606","0","0"
"named_recipe","True","True","Alchemy","171","252398","Sea Mist Potion","38842","606","0","252397"
"named_recipe","True","True","Alchemy","171","252399","Sea Mist Potion","38843","606","0","252398"
"named_recipe","True","True","Alchemy","171","252400","Potion of Concealment","38844","606","0","0"
"named_recipe","True","True","Alchemy","171","252401","Potion of Concealment","38845","606","0","252400"
"named_recipe","True","True","Alchemy","171","252402","Potion of Concealment","38846","606","0","252401"
"named_recipe","True","True","Alchemy","171","260403","Silas' Sphere of Transmutation","40237","610","0","0"
"named_recipe","True","True","Alchemy","171","276975","Mystical Cauldron","39814","1228","0","0"
"named_recipe","True","True","Alchemy","171","276976","Mystical Cauldron","39815","1228","0","276975"
"named_recipe","True","True","Alchemy","171","276977","Mystical Cauldron","39816","1228","0","276976"
"named_recipe","True","True","Alchemy","171","278420","Potion of Herb Tracking","39844","1234","0","0"
"named_recipe","True","True","Alchemy","171","279159","Battle Potion of Agility","39856","605","0","0"
"named_recipe","True","True","Alchemy","171","279160","Battle Potion of Agility","39857","605","0","279159"
"named_recipe","True","True","Alchemy","171","279161","Battle Potion of Agility","39858","605","0","279160"
"named_recipe","True","True","Alchemy","171","279162","Battle Potion of Intellect","39859","605","0","0"
"named_recipe","True","True","Alchemy","171","279163","Battle Potion of Intellect","39860","605","0","279162"
"named_recipe","True","True","Alchemy","171","279164","Battle Potion of Intellect","39861","605","0","279163"
"named_recipe","True","True","Alchemy","171","279165","Battle Potion of Stamina","39862","605","0","0"
"named_recipe","True","True","Alchemy","171","279166","Battle Potion of Stamina","39863","605","0","279165"
"named_recipe","True","True","Alchemy","171","279167","Battle Potion of Stamina","39864","605","0","279166"
"named_recipe","True","True","Alchemy","171","279168","Battle Potion of Strength","39865","605","0","0"
"named_recipe","True","True","Alchemy","171","279169","Battle Potion of Strength","39866","605","0","279168"
"named_recipe","True","True","Alchemy","171","279170","Battle Potion of Strength","39867","605","0","279169"
"named_recipe","True","True","Alchemy","171","286547","Transmute: Herbs to Anchors","40149","608","0","0"
"named_recipe","True","True","Alchemy","171","286630","Sanguinated Dilution","40152","1238","0","0"
"named_recipe","True","True","Alchemy","171","286921","Tidal Alchemist Stone","40200","609","0","0"
"named_recipe","True","True","Alchemy","171","286922","Spirited Alchemist Stone","40201","609","0","0"
"named_recipe","True","True","Alchemy","171","286923","Eternal Alchemist Stone","40202","609","0","0"
"named_recipe","True","True","Alchemy","171","287234","Aqueous Dilution","40210","1238","0","0"
"named_recipe","True","True","Alchemy","171","287288","Vial of Obfuscation","40218","1234","0","0"
"named_recipe","True","True","Alchemy","171","287447","Potion of the Unveiling Eye","40219","606","0","0"
"named_recipe","True","True","Alchemy","171","287448","Potion of the Unveiling Eye","40220","606","0","287447"
"named_recipe","True","True","Alchemy","171","287449","Potion of the Unveiling Eye","40221","606","0","287448"
"named_recipe","True","True","Alchemy","171","291084","Sanguinated Alchemist Stone","40337","609","0","0"
"named_recipe","True","True","Alchemy","171","291085","Imbued Alchemist Stone","40338","609","0","0"
"named_recipe","True","True","Alchemy","171","291086","Emblazoned Alchemist Stone","40339","609","0","0"
"named_recipe","True","True","Alchemy","171","298726","Potion of Empowered Proximity","40654","605","0","0"
"named_recipe","True","True","Alchemy","171","298727","Potion of Empowered Proximity","40655","605","0","298726"
"named_recipe","True","True","Alchemy","171","298728","Potion of Empowered Proximity","40656","605","0","298727"
"named_recipe","True","True","Alchemy","171","298729","Superior Battle Potion of Agility","40651","605","0","0"
"named_recipe","True","True","Alchemy","171","298730","Superior Battle Potion of Agility","40652","605","0","298729"
"named_recipe","True","True","Alchemy","171","298731","Superior Battle Potion of Agility","40653","605","0","298730"
"named_recipe","True","True","Alchemy","171","298734","Superior Steelskin Potion","40657","605","0","0"
"named_recipe","True","True","Alchemy","171","298735","Superior Steelskin Potion","40658","605","0","298734"
"named_recipe","True","True","Alchemy","171","298736","Superior Steelskin Potion","40659","605","0","298735"
"named_recipe","True","True","Alchemy","171","298741","Superior Battle Potion of Intellect","40663","605","0","0"
"named_recipe","True","True","Alchemy","171","298742","Superior Battle Potion of Intellect","40664","605","0","298741"
"named_recipe","True","True","Alchemy","171","298743","Superior Battle Potion of Intellect","40665","605","0","298742"
"named_recipe","True","True","Alchemy","171","298744","Potion of Focused Resolve","40666","605","0","0"
"named_recipe","True","True","Alchemy","171","298745","Potion of Focused Resolve","40667","605","0","298744"
"named_recipe","True","True","Alchemy","171","298746","Potion of Focused Resolve","40668","605","0","298745"
"named_recipe","True","True","Alchemy","171","298747","Superior Battle Potion of Stamina","40669","605","0","0"
"named_recipe","True","True","Alchemy","171","298748","Superior Battle Potion of Stamina","40670","605","0","298747"
"named_recipe","True","True","Alchemy","171","298749","Superior Battle Potion of Stamina","40671","605","0","298748"
"named_recipe","True","True","Alchemy","171","298750","Superior Battle Potion of Strength","40672","605","0","0"
"named_recipe","True","True","Alchemy","171","298751","Superior Battle Potion of Strength","40673","605","0","298750"
"named_recipe","True","True","Alchemy","171","298752","Superior Battle Potion of Strength","40674","605","0","298751"
"named_recipe","True","True","Alchemy","171","298842","Greater Flask of the Currents","40683","607","0","0"
"named_recipe","True","True","Alchemy","171","298843","Greater Flask of the Currents","40684","607","0","298842"
"named_recipe","True","True","Alchemy","171","298845","Greater Flask of the Currents","40685","607","0","298843"
"named_recipe","True","True","Alchemy","171","298846","Greater Flask of Endless Fathoms","40686","607","0","0"
"named_recipe","True","True","Alchemy","171","298847","Greater Flask of Endless Fathoms","40687","607","0","298846"
"named_recipe","True","True","Alchemy","171","298848","Greater Flask of Endless Fathoms","40688","607","0","298847"
"named_recipe","True","True","Alchemy","171","298850","Greater Flask of the Vast Horizon","40689","607","0","0"
"named_recipe","True","True","Alchemy","171","298851","Greater Flask of the Vast Horizon","40690","607","0","298850"
"named_recipe","True","True","Alchemy","171","298852","Greater Flask of the Vast Horizon","40691","607","0","298851"
"named_recipe","True","True","Alchemy","171","298853","Greater Flask of the Undertow","40692","607","0","0"
"named_recipe","True","True","Alchemy","171","298854","Greater Flask of the Undertow","40693","607","0","298853"
"named_recipe","True","True","Alchemy","171","298855","Greater Flask of the Undertow","40694","607","0","298854"
"named_recipe","True","True","Alchemy","171","298862","Greater Mystical Cauldron","40695","1228","0","0"
"named_recipe","True","True","Alchemy","171","298863","Greater Mystical Cauldron","40696","1228","0","298862"
"named_recipe","True","True","Alchemy","171","298864","Greater Mystical Cauldron","40697","1228","0","298863"
"named_recipe","True","True","Alchemy","171","298995","Abyssal Alchemist Stone","40701","609","0","0"
"named_recipe","True","True","Alchemy","171","298996","Crushing Alchemist Stone","40702","609","0","0"
"named_recipe","True","True","Alchemy","171","298997","Ascended Alchemist Stone","40703","609","0","0"
"named_recipe","True","True","Alchemy","171","300749","Potion of Unbridled Fury","40841","605","0","0"
"named_recipe","True","True","Alchemy","171","300750","Potion of Unbridled Fury","40842","605","0","300749"
"named_recipe","True","True","Alchemy","171","300751","Potion of Unbridled Fury","40843","605","0","300750"
"named_recipe","True","True","Alchemy","171","300752","Potion of Wild Mending","40844","605","0","0"
"named_recipe","True","True","Alchemy","171","300753","Potion of Wild Mending","40845","605","0","300752"
"named_recipe","True","True","Alchemy","171","300754","Potion of Wild Mending","40846","605","0","300753"
"named_recipe","True","True","Alchemy","171","301310","Abyssal Healing Potion","40898","605","0","0"
"named_recipe","True","True","Alchemy","171","301311","Abyssal Healing Potion","40899","605","0","301310"
"named_recipe","True","True","Alchemy","171","301312","Abyssal Healing Potion","40900","605","0","301311"
"named_recipe","True","True","Alchemy","171","305992","Peerless Alchemist Stone","41113","609","0","0"
"named_recipe","True","True","Alchemy","171","305993","Awakened Alchemist Stone","41112","609","0","0"
"named_recipe","True","True","Alchemy","171","305994","Unbound Alchemist Stone","41111","609","0","0"
"named_recipe","True","True","Alchemy","171","307172","Void Focus","42345","1304","0","0"
"current_house_decor_recipe","True","True","Alchemy","171","1262005","Boralus Bottle Lamp","56162","2381","0","0"
"current_house_decor_recipe","True","True","Alchemy","171","1262151","Zandalari Bottle Shipment","56165","2381","0","0"
"named_recipe","True","True","Blacksmithing","164","253110","Monel-Hardened Hoofplates","38747","549","0","0"
"named_recipe","True","True","Blacksmithing","164","253112","Monel-Hardened Stirrups","38748","549","0","0"
"named_recipe","True","True","Blacksmithing","164","253113","Monel-Hardened Shield","38734","547","0","0"
"named_recipe","True","True","Blacksmithing","164","253116","Stormsteel Shield","38741","547","0","0"
"named_recipe","True","True","Blacksmithing","164","253117","Stormsteel Shield","38742","547","0","253116"
"named_recipe","True","True","Blacksmithing","164","253118","Stormsteel Shield","38743","547","0","253117"
"named_recipe","True","True","Blacksmithing","164","253125","Monel-Hardened Cutlass","38752","548","1","0"
"named_recipe","True","True","Blacksmithing","164","253132","Monel-Hardened Deckpounder","38754","548","0","0"
"named_recipe","True","True","Blacksmithing","164","253135","Monel-Hardened Claymore","38755","548","0","0"
"named_recipe","True","True","Blacksmithing","164","253138","Monel-Hardened Shanker","38756","548","0","0"
"named_recipe","True","True","Blacksmithing","164","253141","Monel-Hardened Polearm","38757","548","0","0"
"named_recipe","True","True","Blacksmithing","164","253144","Honorable Combatant's Spellblade","39830","548","0","253149"
"named_recipe","True","True","Blacksmithing","164","253145","Khaz'gorian Smithing Hammer","40325","550","0","0"
"named_recipe","True","True","Blacksmithing","164","253149","Honorable Combatant's Spellblade","39829","548","0","256786"
"named_recipe","True","True","Blacksmithing","164","253156","Stormsteel Dagger","38767","548","0","0"
"named_recipe","True","True","Blacksmithing","164","253157","Stormsteel Dagger","38768","548","0","253156"
"named_recipe","True","True","Blacksmithing","164","253158","Stormsteel Dagger","38769","548","0","253157"
"named_recipe","True","True","Blacksmithing","164","253159","Stormsteel Spear","38770","548","0","0"
"named_recipe","True","True","Blacksmithing","164","253160","Stormsteel Spear","38771","548","0","253159"
"named_recipe","True","True","Blacksmithing","164","253161","Stormsteel Spear","38772","548","0","253160"
"named_recipe","True","True","Blacksmithing","164","253162","Monel-Hardened Breastplate","38730","547","0","0"
"named_recipe","True","True","Blacksmithing","164","253165","Monel-Hardened Boots","38729","547","0","0"
"named_recipe","True","True","Blacksmithing","164","253168","Monel-Hardened Gauntlets","38731","547","1","0"
"named_recipe","True","True","Blacksmithing","164","253171","Monel-Hardened Helm","38732","547","0","0"
"named_recipe","True","True","Blacksmithing","164","253174","Monel-Hardened Greaves","38733","547","0","0"
"named_recipe","True","True","Blacksmithing","164","253177","Monel-Hardened Pauldrons","38735","547","0","0"
"named_recipe","True","True","Blacksmithing","164","253180","Monel-Hardened Waistguard","38736","547","0","0"
"named_recipe","True","True","Blacksmithing","164","253183","Monel-Hardened Armguards","38737","547","1","0"
"named_recipe","True","True","Blacksmithing","164","253186","Stormsteel Legguards","38738","547","0","0"
"named_recipe","True","True","Blacksmithing","164","253187","Imbued Stormsteel Legguards","38739","547","0","0"
"named_recipe","True","True","Blacksmithing","164","253188","Emblazoned Stormsteel Legguards","38740","547","0","0"
"named_recipe","True","True","Blacksmithing","164","253190","Stormsteel Girdle","38744","547","0","0"
"named_recipe","True","True","Blacksmithing","164","253191","Imbued Stormsteel Girdle","38745","547","0","0"
"named_recipe","True","True","Blacksmithing","164","253192","Emblazoned Stormsteel Girdle","38746","547","0","0"
"named_recipe","True","True","Blacksmithing","164","256786","Honorable Combatant's Spellblade","39828","548","0","0"
"named_recipe","True","True","Blacksmithing","164","265937","Monelite Reinforced Chassis","40480","1085","0","0"
"named_recipe","True","True","Blacksmithing","164","269064","Monelite Skeleton Key","39432","549","0","0"
"named_recipe","True","True","Blacksmithing","164","269421","Honorable Combatant's Plate Gauntlets","39445","547","0","0"
"named_recipe","True","True","Blacksmithing","164","269422","Honorable Combatant's Plate Gauntlets","39446","547","0","269421"
"named_recipe","True","True","Blacksmithing","164","269423","Honorable Combatant's Plate Gauntlets","39447","547","0","269422"
"named_recipe","True","True","Blacksmithing","164","269424","Honorable Combatant's Plate Boots","39442","547","0","0"
"named_recipe","True","True","Blacksmithing","164","269425","Honorable Combatant's Plate Boots","39443","547","0","269424"
"named_recipe","True","True","Blacksmithing","164","269426","Honorable Combatant's Plate Boots","39444","547","0","269425"
"named_recipe","True","True","Blacksmithing","164","269444","Honorable Combatant's Plate Greaves","39448","547","0","0"
"named_recipe","True","True","Blacksmithing","164","269446","Honorable Combatant's Plate Greaves","39449","547","0","269444"
"named_recipe","True","True","Blacksmithing","164","269447","Honorable Combatant's Plate Greaves","39450","547","0","269446"
"named_recipe","True","True","Blacksmithing","164","269448","Honorable Combatant's Plate Waistguard","39451","547","0","0"
"named_recipe","True","True","Blacksmithing","164","269449","Honorable Combatant's Plate Waistguard","39452","547","0","269448"
"named_recipe","True","True","Blacksmithing","164","269450","Honorable Combatant's Plate Waistguard","39453","547","0","269449"
"named_recipe","True","True","Blacksmithing","164","269451","Honorable Combatant's Plate Armguards","39454","547","0","0"
"named_recipe","True","True","Blacksmithing","164","269452","Honorable Combatant's Plate Armguards","39455","547","0","269451"
"named_recipe","True","True","Blacksmithing","164","269453","Honorable Combatant's Plate Armguards","39456","547","0","269452"
"named_recipe","True","True","Blacksmithing","164","269458","Honorable Combatant's Shield","39457","547","0","0"
"named_recipe","True","True","Blacksmithing","164","269459","Honorable Combatant's Shield","39458","547","0","269458"
"named_recipe","True","True","Blacksmithing","164","269460","Honorable Combatant's Shield","39459","547","0","269459"
"named_recipe","True","True","Blacksmithing","164","269464","Honorable Combatant's Cutlass","39463","548","0","0"
"named_recipe","True","True","Blacksmithing","164","269465","Honorable Combatant's Cutlass","39464","548","0","269464"
"named_recipe","True","True","Blacksmithing","164","269466","Honorable Combatant's Cutlass","39465","548","0","269465"
"named_recipe","True","True","Blacksmithing","164","269470","Honorable Combatant's Deckpounder","39469","548","0","0"
"named_recipe","True","True","Blacksmithing","164","269471","Honorable Combatant's Deckpounder","39470","548","0","269470"
"named_recipe","True","True","Blacksmithing","164","269472","Honorable Combatant's Deckpounder","39471","548","0","269471"
"named_recipe","True","True","Blacksmithing","164","269476","Honorable Combatant's Shanker","39475","548","0","0"
"named_recipe","True","True","Blacksmithing","164","269477","Honorable Combatant's Shanker","39476","548","0","269476"
"named_recipe","True","True","Blacksmithing","164","269478","Honorable Combatant's Shanker","39477","548","0","269477"
"named_recipe","True","True","Blacksmithing","164","269479","Honorable Combatant's Polearm","39478","548","0","0"
"named_recipe","True","True","Blacksmithing","164","269480","Honorable Combatant's Polearm","39479","548","0","269479"
"named_recipe","True","True","Blacksmithing","164","269481","Honorable Combatant's Polearm","39480","548","0","269480"
"named_recipe","True","True","Blacksmithing","164","278131","Stormsteel Saber","39831","548","0","0"
"named_recipe","True","True","Blacksmithing","164","278132","Stormsteel Saber","39832","548","0","278131"
"named_recipe","True","True","Blacksmithing","164","278133","Stormsteel Saber","39833","548","0","278132"
"named_recipe","True","True","Blacksmithing","164","278415","Storm Silver Spurs","39840","1231","0","0"
"named_recipe","True","True","Blacksmithing","164","278416","Magnetic Mining Pick","39839","1231","0","0"
"named_recipe","True","True","Blacksmithing","164","278417","Platinum Whetstone","39841","1231","0","0"
"named_recipe","True","True","Blacksmithing","164","282859","Sinister Combatant's Polearm","40049","548","0","0"
"named_recipe","True","True","Blacksmithing","164","282860","Sinister Combatant's Polearm","40050","548","0","282859"
"named_recipe","True","True","Blacksmithing","164","282861","Sinister Combatant's Polearm","40051","548","0","282860"
"named_recipe","True","True","Blacksmithing","164","282862","Sinister Combatant's Shanker","40046","548","0","0"
"named_recipe","True","True","Blacksmithing","164","282863","Sinister Combatant's Shanker","40047","548","0","282862"
"named_recipe","True","True","Blacksmithing","164","282864","Sinister Combatant's Shanker","40048","548","0","282863"
"named_recipe","True","True","Blacksmithing","164","282865","Sinister Combatant's Spellblade","40043","548","0","0"
"named_recipe","True","True","Blacksmithing","164","282866","Sinister Combatant's Spellblade","40044","548","0","282865"
"named_recipe","True","True","Blacksmithing","164","282867","Sinister Combatant's Spellblade","40045","548","0","282866"
"named_recipe","True","True","Blacksmithing","164","282868","Sinister Combatant's Deckpounder","40040","548","0","0"
"named_recipe","True","True","Blacksmithing","164","282869","Sinister Combatant's Deckpounder","40041","548","0","282868"
"named_recipe","True","True","Blacksmithing","164","282870","Sinister Combatant's Deckpounder","40042","548","0","282869"
"named_recipe","True","True","Blacksmithing","164","282871","Sinister Combatant's Cutlass","40037","548","0","0"
"named_recipe","True","True","Blacksmithing","164","282872","Sinister Combatant's Cutlass","40038","548","0","282871"
"named_recipe","True","True","Blacksmithing","164","282873","Sinister Combatant's Cutlass","40039","548","0","282872"
"named_recipe","True","True","Blacksmithing","164","282876","Sinister Combatant's Shield","40028","547","0","0"
"named_recipe","True","True","Blacksmithing","164","282878","Sinister Combatant's Shield","40029","547","0","282876"
"named_recipe","True","True","Blacksmithing","164","282879","Sinister Combatant's Shield","40030","547","0","282878"
"named_recipe","True","True","Blacksmithing","164","282889","Sinister Combatant's Plate Armguards","40034","547","0","0"
"named_recipe","True","True","Blacksmithing","164","283237","Sinister Combatant's Plate Armguards","40035","547","0","282889"
"named_recipe","True","True","Blacksmithing","164","283238","Sinister Combatant's Plate Armguards","40036","547","0","283237"
"named_recipe","True","True","Blacksmithing","164","283239","Sinister Combatant's Plate Waistguard","40031","547","0","0"
"named_recipe","True","True","Blacksmithing","164","283240","Sinister Combatant's Plate Waistguard","40032","547","0","283239"
"named_recipe","True","True","Blacksmithing","164","283241","Sinister Combatant's Plate Waistguard","40033","547","0","283240"
"named_recipe","True","True","Blacksmithing","164","283242","Sinister Combatant's Plate Greaves","40025","547","0","0"
"named_recipe","True","True","Blacksmithing","164","283243","Sinister Combatant's Plate Greaves","40026","547","0","283242"
"named_recipe","True","True","Blacksmithing","164","283244","Sinister Combatant's Plate Greaves","40027","547","0","283243"
"named_recipe","True","True","Blacksmithing","164","283245","Sinister Combatant's Plate Gauntlets","40022","547","0","0"
"named_recipe","True","True","Blacksmithing","164","283247","Sinister Combatant's Plate Gauntlets","40023","547","0","283245"
"named_recipe","True","True","Blacksmithing","164","283248","Sinister Combatant's Plate Gauntlets","40024","547","0","283247"
"named_recipe","True","True","Blacksmithing","164","283249","Sinister Combatant's Plate Boots","40019","547","0","0"
"named_recipe","True","True","Blacksmithing","164","283250","Sinister Combatant's Plate Boots","40020","547","0","283249"
"named_recipe","True","True","Blacksmithing","164","283251","Sinister Combatant's Plate Boots","40021","547","0","283250"
"named_recipe","True","True","Blacksmithing","164","285081","Enhanced Stormsteel Girdle","40178","547","0","0"
"named_recipe","True","True","Blacksmithing","164","285082","Enhanced Stormsteel Legguards","40175","547","0","0"
"named_recipe","True","True","Blacksmithing","164","285089","Fortified Stormsteel Girdle","40179","547","0","0"
"named_recipe","True","True","Blacksmithing","164","285090","Fortified Stormsteel Legguards","40176","547","0","0"
"named_recipe","True","True","Blacksmithing","164","285097","Tempered Stormsteel Girdle","40180","547","0","0"
"named_recipe","True","True","Blacksmithing","164","285098","Tempered Stormsteel Legguards","40177","547","0","0"
"named_recipe","True","True","Blacksmithing","164","286015","Monel-Hardened Hoofplates","40206","549","0","253110"
"named_recipe","True","True","Blacksmithing","164","286016","Monel-Hardened Hoofplates","40207","549","0","286015"
"named_recipe","True","True","Blacksmithing","164","286631","Sanguinated Reconstruction","40153","1239","0","0"
"named_recipe","True","True","Blacksmithing","164","287235","Aqueous Reconstruction","40211","1239","0","0"
"named_recipe","True","True","Blacksmithing","164","294748","Notorious Combatant's Plate Boots","40462","547","0","0"
"named_recipe","True","True","Blacksmithing","164","294749","Notorious Combatant's Plate Boots","40463","547","0","294748"
"named_recipe","True","True","Blacksmithing","164","294750","Notorious Combatant's Plate Boots","40464","547","0","294749"
"named_recipe","True","True","Blacksmithing","164","294751","Notorious Combatant's Plate Gauntlets","40465","547","0","0"
"named_recipe","True","True","Blacksmithing","164","294752","Notorious Combatant's Plate Gauntlets","40466","547","0","294751"
"named_recipe","True","True","Blacksmithing","164","294753","Notorious Combatant's Plate Gauntlets","40467","547","0","294752"
"named_recipe","True","True","Blacksmithing","164","294754","Notorious Combatant's Plate Greaves","40468","547","0","0"
"named_recipe","True","True","Blacksmithing","164","294755","Notorious Combatant's Plate Greaves","40469","547","0","294754"
"named_recipe","True","True","Blacksmithing","164","294756","Notorious Combatant's Plate Greaves","40470","547","0","294755"
"named_recipe","True","True","Blacksmithing","164","294757","Notorious Combatant's Shield","40471","547","0","0"
"named_recipe","True","True","Blacksmithing","164","294758","Notorious Combatant's Shield","40472","547","0","294757"
"named_recipe","True","True","Blacksmithing","164","294759","Notorious Combatant's Shield","40473","547","0","294758"
"named_recipe","True","True","Blacksmithing","164","294760","Notorious Combatant's Plate Waistguard","40474","547","0","0"
"named_recipe","True","True","Blacksmithing","164","294761","Notorious Combatant's Plate Waistguard","40475","547","0","294760"
"named_recipe","True","True","Blacksmithing","164","294762","Notorious Combatant's Plate Waistguard","40476","547","0","294761"
"named_recipe","True","True","Blacksmithing","164","294763","Notorious Combatant's Plate Armguards","40477","547","0","0"
"named_recipe","True","True","Blacksmithing","164","294764","Notorious Combatant's Plate Armguards","40478","547","0","294763"
"named_recipe","True","True","Blacksmithing","164","294765","Notorious Combatant's Plate Armguards","40479","547","0","294764"
"named_recipe","True","True","Blacksmithing","164","294766","Notorious Combatant's Cutlass","40483","548","0","0"
"named_recipe","True","True","Blacksmithing","164","294767","Notorious Combatant's Cutlass","40484","548","0","294766"
"named_recipe","True","True","Blacksmithing","164","294768","Notorious Combatant's Cutlass","40485","548","0","294767"
"named_recipe","True","True","Blacksmithing","164","294769","Notorious Combatant's Deckpounder","40486","548","0","0"
"named_recipe","True","True","Blacksmithing","164","294770","Notorious Combatant's Deckpounder","40487","548","0","294769"
"named_recipe","True","True","Blacksmithing","164","294771","Notorious Combatant's Deckpounder","40488","548","0","294770"
"named_recipe","True","True","Blacksmithing","164","294772","Notorious Combatant's Spellblade","40489","548","0","0"
"named_recipe","True","True","Blacksmithing","164","294773","Notorious Combatant's Spellblade","40490","548","0","294772"
"named_recipe","True","True","Blacksmithing","164","294774","Notorious Combatant's Spellblade","40491","548","0","294773"
"named_recipe","True","True","Blacksmithing","164","294775","Notorious Combatant's Shanker","40492","548","0","0"
"named_recipe","True","True","Blacksmithing","164","294776","Notorious Combatant's Shanker","40493","548","0","294775"
"named_recipe","True","True","Blacksmithing","164","294777","Notorious Combatant's Shanker","40494","548","0","294776"
"named_recipe","True","True","Blacksmithing","164","294778","Notorious Combatant's Polearm","40495","548","0","0"
"named_recipe","True","True","Blacksmithing","164","294779","Notorious Combatant's Polearm","40496","548","0","294778"
"named_recipe","True","True","Blacksmithing","164","294780","Notorious Combatant's Polearm","40497","548","0","294779"
"named_recipe","True","True","Blacksmithing","164","298998","Osmenite Legguards","40704","547","0","0"
"named_recipe","True","True","Blacksmithing","164","298999","Reinforced Osmenite Legguards","40705","547","0","0"
"named_recipe","True","True","Blacksmithing","164","299000","Banded Osmenite Legguards","40706","547","0","0"
"named_recipe","True","True","Blacksmithing","164","299001","Osmenite Girdle","40707","547","0","0"
"named_recipe","True","True","Blacksmithing","164","299002","Reinforced Osmenite Girdle","40708","547","0","0"
"named_recipe","True","True","Blacksmithing","164","299003","Banded Osmenite Girdle","40709","547","0","0"
"named_recipe","True","True","Blacksmithing","164","301413","Inflatable Mount Shoes","40902","1085","0","0"
"named_recipe","True","True","Blacksmithing","164","304307","Uncanny Combatant's Plate Boots","40987","547","0","0"
"named_recipe","True","True","Blacksmithing","164","304308","Uncanny Combatant's Plate Gauntlets","40988","547","0","0"
"named_recipe","True","True","Blacksmithing","164","304312","Uncanny Combatant's Plate Greaves","40989","547","0","0"
"named_recipe","True","True","Blacksmithing","164","304314","Uncanny Combatant's Shield","40990","547","0","0"
"named_recipe","True","True","Blacksmithing","164","304315","Uncanny Combatant's Plate Waistguard","40991","547","0","0"
"named_recipe","True","True","Blacksmithing","164","304317","Uncanny Combatant's Plate Armguards","40992","547","0","0"
"named_recipe","True","True","Blacksmithing","164","304318","Uncanny Combatant's Cutlass","40993","548","0","0"
"named_recipe","True","True","Blacksmithing","164","304320","Uncanny Combatant's Deckpounder","40994","548","0","0"
"named_recipe","True","True","Blacksmithing","164","304322","Uncanny Combatant's Spellblade","40995","548","0","0"
"named_recipe","True","True","Blacksmithing","164","304323","Uncanny Combatant's Shanker","40996","548","0","0"
"named_recipe","True","True","Blacksmithing","164","304324","Uncanny Combatant's Polearm","40997","548","0","0"
"named_recipe","True","True","Blacksmithing","164","305838","Eldritch Osmenite Girdle","41080","547","0","0"
"named_recipe","True","True","Blacksmithing","164","305839","Maddening Osmenite Girdle","41079","547","0","0"
"named_recipe","True","True","Blacksmithing","164","305840","Unsettling Osmenite Girdle","41078","547","0","0"
"named_recipe","True","True","Blacksmithing","164","305841","Eldritch Osmenite Legguards","41077","547","0","0"
"named_recipe","True","True","Blacksmithing","164","305842","Maddening Osmenite Legguards","41076","547","0","0"
"named_recipe","True","True","Blacksmithing","164","305843","Unsettling Osmenite Legguards","41075","547","0","0"
"named_recipe","True","True","Blacksmithing","164","305844","Uncanny Combatant's Polearm","43076","548","0","305845"
"named_recipe","True","True","Blacksmithing","164","305845","Uncanny Combatant's Polearm","43075","548","0","304324"
"named_recipe","True","True","Blacksmithing","164","305846","Uncanny Combatant's Shanker","43074","548","0","305847"
"named_recipe","True","True","Blacksmithing","164","305847","Uncanny Combatant's Shanker","43073","548","0","304323"
"named_recipe","True","True","Blacksmithing","164","305848","Uncanny Combatant's Spellblade","43072","548","0","305849"
"named_recipe","True","True","Blacksmithing","164","305849","Uncanny Combatant's Spellblade","43071","548","0","304322"
"named_recipe","True","True","Blacksmithing","164","305850","Uncanny Combatant's Deckpounder","43070","548","0","305851"
"named_recipe","True","True","Blacksmithing","164","305851","Uncanny Combatant's Deckpounder","43069","548","0","304320"
"named_recipe","True","True","Blacksmithing","164","305852","Uncanny Combatant's Cutlass","43068","548","0","305853"
"named_recipe","True","True","Blacksmithing","164","305853","Uncanny Combatant's Cutlass","43067","548","0","304318"
"named_recipe","True","True","Blacksmithing","164","306078","Uncanny Combatant's Plate Armguards","43066","547","0","306079"
"named_recipe","True","True","Blacksmithing","164","306079","Uncanny Combatant's Plate Armguards","43065","547","0","304317"
"named_recipe","True","True","Blacksmithing","164","306080","Uncanny Combatant's Plate Waistguard","43064","547","0","306081"
"named_recipe","True","True","Blacksmithing","164","306081","Uncanny Combatant's Plate Waistguard","43063","547","0","304315"
"named_recipe","True","True","Blacksmithing","164","306082","Uncanny Combatant's Plate Greaves","43062","547","0","306083"
"named_recipe","True","True","Blacksmithing","164","306083","Uncanny Combatant's Plate Greaves","43061","547","0","304312"
"named_recipe","True","True","Blacksmithing","164","306084","Uncanny Combatant's Plate Gauntlets","43060","547","0","306085"
"named_recipe","True","True","Blacksmithing","164","306085","Uncanny Combatant's Plate Gauntlets","43059","547","0","304308"
"named_recipe","True","True","Blacksmithing","164","306086","Uncanny Combatant's Plate Boots","43058","547","0","306087"
"named_recipe","True","True","Blacksmithing","164","306087","Uncanny Combatant's Plate Boots","43057","547","0","304307"
"named_recipe","True","True","Blacksmithing","164","306310","Uncanny Combatant's Shield","43078","547","0","306312"
"named_recipe","True","True","Blacksmithing","164","306312","Uncanny Combatant's Shield","43077","547","0","304314"
"named_recipe","True","True","Blacksmithing","164","307221","Void Focus","42346","1305","0","0"
"current_house_decor_recipe","True","True","Blacksmithing","164","1260691","Brennadam Grinder","56016","2382","0","0"
"current_house_decor_recipe","True","True","Blacksmithing","164","1260692","Stormsong Stove","56017","2382","0","0"
"named_recipe","True","True","Cooking","185","259411","Kul Tiramisu","39613","1119","0","0"
"named_recipe","True","True","Cooking","185","259412","Kul Tiramisu","39614","1119","0","259411"
"named_recipe","True","True","Cooking","185","259413","Kul Tiramisu","39615","1119","0","259412"
"named_recipe","True","True","Cooking","185","259414","Honey-Glazed Haunches","39634","1121","0","0"
"named_recipe","True","True","Cooking","185","259415","Honey-Glazed Haunches","39635","1121","0","259414"
"named_recipe","True","True","Cooking","185","259416","Honey-Glazed Haunches","39636","1121","0","259415"
"named_recipe","True","True","Cooking","185","259418","Galley Banquet","39628","1122","0","0"
"named_recipe","True","True","Cooking","185","259419","Galley Banquet","39629","1122","0","259418"
"named_recipe","True","True","Cooking","185","259420","Galley Banquet","39630","1122","0","259419"
"named_recipe","True","True","Cooking","185","259421","Bountiful Captain's Feast","39631","1122","0","0"
"named_recipe","True","True","Cooking","185","259422","Bountiful Captain's Feast","39632","1122","0","259421"
"named_recipe","True","True","Cooking","185","259423","Bountiful Captain's Feast","39633","1122","0","259422"
"named_recipe","True","True","Cooking","185","259424","Ravenberry Tarts","39616","1119","0","0"
"named_recipe","True","True","Cooking","185","259425","Ravenberry Tarts","39617","1119","0","259424"
"named_recipe","True","True","Cooking","185","259426","Ravenberry Tarts","39618","1119","0","259425"
"named_recipe","True","True","Cooking","185","259427","Swamp Fish 'n Chips","39637","1121","0","0"
"named_recipe","True","True","Cooking","185","259428","Swamp Fish 'n Chips","39638","1121","0","259427"
"named_recipe","True","True","Cooking","185","259429","Swamp Fish 'n Chips","39639","1121","0","259428"
"named_recipe","True","True","Cooking","185","259430","Grilled Catfish","39619","1120","1","0"
"named_recipe","True","True","Cooking","185","259431","Grilled Catfish","39620","1120","0","259430"
"named_recipe","True","True","Cooking","185","259432","Grilled Catfish","39621","1120","0","259431"
"named_recipe","True","True","Cooking","185","259433","Seasoned Loins","39640","1120","0","0"
"named_recipe","True","True","Cooking","185","259434","Seasoned Loins","39641","1120","0","259433"
"named_recipe","True","True","Cooking","185","259435","Seasoned Loins","39642","1120","0","259434"
"named_recipe","True","True","Cooking","185","259436","Loa Loaf","39622","1119","0","0"
"named_recipe","True","True","Cooking","185","259437","Loa Loaf","39623","1119","0","259436"
"named_recipe","True","True","Cooking","185","259438","Loa Loaf","39624","1119","0","259437"
"named_recipe","True","True","Cooking","185","259439","Sailor's Pie","39643","1121","0","0"
"named_recipe","True","True","Cooking","185","259440","Sailor's Pie","39644","1121","0","259439"
"named_recipe","True","True","Cooking","185","259441","Sailor's Pie","39645","1121","0","259440"
"named_recipe","True","True","Cooking","185","259442","Mon'Dazi","39625","1119","1","0"
"named_recipe","True","True","Cooking","185","259443","Mon'Dazi","39626","1119","0","259442"
"named_recipe","True","True","Cooking","185","259444","Mon'Dazi","39627","1119","0","259443"
"named_recipe","True","True","Cooking","185","259445","Spiced Snapper","39646","1121","0","0"
"named_recipe","True","True","Cooking","185","259446","Spiced Snapper","39647","1121","0","259445"
"named_recipe","True","True","Cooking","185","259447","Spiced Snapper","39648","1121","0","259446"
"named_recipe","True","True","Cooking","185","280282","Heartsbane Hexwurst","39991","1120","0","0"
"named_recipe","True","True","Cooking","185","286381","Honey Potpie","40140","1120","0","0"
"named_recipe","True","True","Cooking","185","287108","Sanguinated Feast","40203","1122","0","0"
"named_recipe","True","True","Cooking","185","287110","Sanguinated Feast","40204","1122","0","287108"
"named_recipe","True","True","Cooking","185","287112","Sanguinated Feast","40205","1122","0","287110"
"named_recipe","True","True","Cooking","185","288027","Wild Berry Bread","40228","1119","0","0"
"named_recipe","True","True","Cooking","185","288028","Wild Berry Bread","40229","1119","0","288027"
"named_recipe","True","True","Cooking","185","288029","Wild Berry Bread","40230","1119","0","288028"
"named_recipe","True","True","Cooking","185","288030","Seasoned Steak and Potatoes","40231","1121","0","0"
"named_recipe","True","True","Cooking","185","288032","Seasoned Steak and Potatoes","40232","1121","0","288030"
"named_recipe","True","True","Cooking","185","288033","Seasoned Steak and Potatoes","40233","1121","0","288032"
"named_recipe","True","True","Cooking","185","290471","Boralus Blood Sausage","40332","1121","0","0"
"named_recipe","True","True","Cooking","185","290472","Boralus Blood Sausage","40333","1121","0","290471"
"named_recipe","True","True","Cooking","185","290473","Boralus Blood Sausage","40334","1121","0","290472"
"named_recipe","True","True","Cooking","185","297074","Fragrant Kakavia","40598","1121","0","297075"
"named_recipe","True","True","Cooking","185","297075","Fragrant Kakavia","40597","1121","0","297077"
"named_recipe","True","True","Cooking","185","297077","Fragrant Kakavia","40596","1121","0","0"
"named_recipe","True","True","Cooking","185","297078","Mech-Dowel's ""Big Mech""","40587","1121","0","0"
"named_recipe","True","True","Cooking","185","297079","Mech-Dowel's ""Big Mech""","40588","1121","0","297078"
"named_recipe","True","True","Cooking","185","297080","Mech-Dowel's ""Big Mech""","40589","1121","0","297079"
"named_recipe","True","True","Cooking","185","297081","Baked Port Tato","40590","1121","0","0"
"named_recipe","True","True","Cooking","185","297082","Baked Port Tato","40591","1121","0","297081"
"named_recipe","True","True","Cooking","185","297083","Baked Port Tato","40592","1121","0","297082"
"named_recipe","True","True","Cooking","185","297084","Abyssal-Fried Rissole","40593","1121","0","0"
"named_recipe","True","True","Cooking","185","297085","Abyssal-Fried Rissole","40594","1121","0","297084"
"named_recipe","True","True","Cooking","185","297086","Abyssal-Fried Rissole","40595","1121","0","297085"
"named_recipe","True","True","Cooking","185","297087","Bil'Tong","40599","1121","0","0"
"named_recipe","True","True","Cooking","185","297088","Bil'Tong","40600","1121","0","297087"
"named_recipe","True","True","Cooking","185","297089","Bil'Tong","40601","1121","0","297088"
"named_recipe","True","True","Cooking","185","297105","Famine Evaluator And Snack Table","40602","1122","0","0"
"named_recipe","True","True","Cooking","185","297106","Famine Evaluator And Snack Table","40603","1122","0","297105"
"named_recipe","True","True","Cooking","185","297107","Famine Evaluator And Snack Table","40604","1122","0","297106"
"named_recipe","True","True","Cooking","185","301392","Mecha-Bytes","40901","1121","0","0"
"named_recipe","True","True","Cooking","185","303788","Unagi Skewer","41058","1120","0","0"
"named_recipe","True","True","Cooking","185","314959","Baked Voidfin","43089","1449","0","0"
"named_recipe","True","True","Cooking","185","314960","K'Bab","43090","1449","0","0"
"named_recipe","True","True","Cooking","185","314961","Dubious Delight","43087","1449","0","0"
"named_recipe","True","True","Cooking","185","314962","Ghastly Goulash","43088","1449","0","0"
"named_recipe","True","True","Cooking","185","314963","Grilled Gnasher","43086","1449","0","0"
"current_house_decor_recipe","True","True","Cooking","185","1260337","Boralus-Style Lobster Platter","55948","2383","0","0"
"named_recipe","True","True","Enchanting","333","255035","Kul Tiran Herbalism","38849","650","0","0"
"named_recipe","True","True","Enchanting","333","255040","Kul Tiran Mining","38850","650","0","0"
"named_recipe","True","True","Enchanting","333","255065","Kul Tiran Skinning","38851","650","0","0"
"named_recipe","True","True","Enchanting","333","255066","Kul Tiran Surveying","38852","650","0","0"
"named_recipe","True","True","Enchanting","333","255068","Swift Hearthing","38848","1098","0","0"
"named_recipe","True","True","Enchanting","333","255070","Kul Tiran Crafting","38847","650","1","0"
"named_recipe","True","True","Enchanting","333","255071","Seal of Critical Strike","38853","651","0","0"
"named_recipe","True","True","Enchanting","333","255072","Seal of Haste","38856","651","0","0"
"named_recipe","True","True","Enchanting","333","255073","Seal of Mastery","38859","651","0","0"
"named_recipe","True","True","Enchanting","333","255074","Seal of Versatility","38862","651","1","0"
"named_recipe","True","True","Enchanting","333","255075","Pact of Critical Strike","38865","651","0","0"
"named_recipe","True","True","Enchanting","333","255076","Pact of Haste","38868","651","0","0"
"named_recipe","True","True","Enchanting","333","255077","Pact of Mastery","38871","651","0","0"
"named_recipe","True","True","Enchanting","333","255078","Pact of Versatility","38874","651","0","0"
"named_recipe","True","True","Enchanting","333","255086","Seal of Critical Strike","38854","651","0","255071"
"named_recipe","True","True","Enchanting","333","255087","Seal of Haste","38857","651","0","255072"
"named_recipe","True","True","Enchanting","333","255088","Seal of Mastery","38860","651","0","255073"
"named_recipe","True","True","Enchanting","333","255089","Seal of Versatility","38863","651","0","255074"
"named_recipe","True","True","Enchanting","333","255090","Pact of Critical Strike","38866","651","0","255075"
"named_recipe","True","True","Enchanting","333","255091","Pact of Haste","38869","651","0","255076"
"named_recipe","True","True","Enchanting","333","255092","Pact of Mastery","38872","651","0","255077"
"named_recipe","True","True","Enchanting","333","255093","Pact of Versatility","38875","651","0","255078"
"named_recipe","True","True","Enchanting","333","255094","Seal of Critical Strike","38855","651","0","255086"
"named_recipe","True","True","Enchanting","333","255095","Seal of Haste","38858","651","0","255087"
"named_recipe","True","True","Enchanting","333","255096","Seal of Mastery","38861","651","0","255088"
"named_recipe","True","True","Enchanting","333","255097","Seal of Versatility","38864","651","0","255089"
"named_recipe","True","True","Enchanting","333","255098","Pact of Critical Strike","38867","651","0","255090"
"named_recipe","True","True","Enchanting","333","255099","Pact of Haste","38870","651","0","255091"
"named_recipe","True","True","Enchanting","333","255100","Pact of Mastery","38873","651","0","255092"
"named_recipe","True","True","Enchanting","333","255101","Pact of Versatility","38876","651","0","255093"
"named_recipe","True","True","Enchanting","333","255103","Coastal Surge","38877","652","0","0"
"named_recipe","True","True","Enchanting","333","255104","Coastal Surge","38878","652","0","255103"
"named_recipe","True","True","Enchanting","333","255105","Coastal Surge","38879","652","0","255104"
"named_recipe","True","True","Enchanting","333","255110","Siphoning","38880","652","0","0"
"named_recipe","True","True","Enchanting","333","255111","Siphoning","38881","652","0","255110"
"named_recipe","True","True","Enchanting","333","255112","Siphoning","38882","652","0","255111"
"named_recipe","True","True","Enchanting","333","255129","Torrent of Elements","38886","652","0","0"
"named_recipe","True","True","Enchanting","333","255130","Torrent of Elements","38887","652","0","255129"
"named_recipe","True","True","Enchanting","333","255131","Torrent of Elements","38888","652","0","255130"
"named_recipe","True","True","Enchanting","333","255141","Gale-Force Striking","38883","652","0","0"
"named_recipe","True","True","Enchanting","333","255142","Gale-Force Striking","38884","652","0","255141"
"named_recipe","True","True","Enchanting","333","255143","Gale-Force Striking","38885","652","0","255142"
"named_recipe","True","True","Enchanting","333","265106","Enchanter's Umbral Wand","39538","1097","0","0"
"named_recipe","True","True","Enchanting","333","265110","Enchanter's Sorcerous Scepter","39540","1097","0","0"
"named_recipe","True","True","Enchanting","333","265111","Enchanter's Sorcerous Scepter","39541","1097","0","265110"
"named_recipe","True","True","Enchanting","333","265112","Enchanter's Sorcerous Scepter","39542","1097","0","265111"
"named_recipe","True","True","Enchanting","333","267458","Zandalari Herbalism","39403","650","0","0"
"named_recipe","True","True","Enchanting","333","267482","Zandalari Mining","39404","650","0","0"
"named_recipe","True","True","Enchanting","333","267486","Zandalari Skinning","39405","650","0","0"
"named_recipe","True","True","Enchanting","333","267490","Zandalari Surveying","39406","650","0","0"
"named_recipe","True","True","Enchanting","333","267495","Swift Hearthing","39407","1098","0","0"
"named_recipe","True","True","Enchanting","333","267498","Zandalari Crafting","39408","650","1","0"
"named_recipe","True","True","Enchanting","333","268852","Versatile Navigation","39414","652","0","0"
"named_recipe","True","True","Enchanting","333","268878","Versatile Navigation","39415","652","0","268852"
"named_recipe","True","True","Enchanting","333","268879","Versatile Navigation","39416","652","0","268878"
"named_recipe","True","True","Enchanting","333","268894","Quick Navigation","39417","652","0","0"
"named_recipe","True","True","Enchanting","333","268895","Quick Navigation","39418","652","0","268894"
"named_recipe","True","True","Enchanting","333","268897","Quick Navigation","39419","652","0","268895"
"named_recipe","True","True","Enchanting","333","268901","Masterful Navigation","39420","652","0","0"
"named_recipe","True","True","Enchanting","333","268902","Masterful Navigation","39421","652","0","268901"
"named_recipe","True","True","Enchanting","333","268903","Masterful Navigation","39422","652","0","268902"
"named_recipe","True","True","Enchanting","333","268907","Deadly Navigation","39423","652","0","0"
"named_recipe","True","True","Enchanting","333","268908","Deadly Navigation","39424","652","0","268907"
"named_recipe","True","True","Enchanting","333","268909","Deadly Navigation","39425","652","0","268908"
"named_recipe","True","True","Enchanting","333","268913","Stalwart Navigation","39426","652","0","0"
"named_recipe","True","True","Enchanting","333","268914","Stalwart Navigation","39427","652","0","268913"
"named_recipe","True","True","Enchanting","333","268915","Stalwart Navigation","39428","652","0","268914"
"named_recipe","True","True","Enchanting","333","269715","Honorable Combatant's Sorcerous Scepter","39546","1097","0","0"
"named_recipe","True","True","Enchanting","333","269716","Honorable Combatant's Sorcerous Scepter","39547","1097","0","269715"
"named_recipe","True","True","Enchanting","333","269719","Honorable Combatant's Sorcerous Scepter","39548","1097","0","269716"
"named_recipe","True","True","Enchanting","333","271366","Safe Hearthing","39577","1098","0","0"
"named_recipe","True","True","Enchanting","333","271433","Cooled Hearthing","39578","1098","0","0"
"named_recipe","True","True","Enchanting","333","278418","Disenchanting Rod","39842","1232","0","0"
"named_recipe","True","True","Enchanting","333","282851","Sinister Combatant's Sorcerous Scepter","40052","1097","0","0"
"named_recipe","True","True","Enchanting","333","282855","Sinister Combatant's Sorcerous Scepter","40053","1097","0","282851"
"named_recipe","True","True","Enchanting","333","282857","Sinister Combatant's Sorcerous Scepter","40054","1097","0","282855"
"named_recipe","True","True","Enchanting","333","285644","Enchanted Tiki Mask","40130","1237","0","0"
"named_recipe","True","True","Enchanting","333","286644","Sanguinated Invocation","40154","1240","0","0"
"named_recipe","True","True","Enchanting","333","286665","Sanguinated Expulsion","40161","1240","0","0"
"named_recipe","True","True","Enchanting","333","287270","Aqueous Invocation","40212","1240","0","0"
"named_recipe","True","True","Enchanting","333","287494","Iwen's Enchanting Rod","40222","1249","0","0"
"named_recipe","True","True","Enchanting","333","290360","Umbra Shatter","40330","1251","0","0"
"named_recipe","True","True","Enchanting","333","290361","Veiled Shatter","40331","1251","0","0"
"named_recipe","True","True","Enchanting","333","294781","Notorious Combatant's Sorcerous Scepter","40498","1097","0","0"
"named_recipe","True","True","Enchanting","333","294782","Notorious Combatant's Sorcerous Scepter","40499","1097","0","0"
"named_recipe","True","True","Enchanting","333","294783","Notorious Combatant's Sorcerous Scepter","40500","1097","0","0"
"named_recipe","True","True","Enchanting","333","297989","Accord of Haste","40610","651","0","0"
"named_recipe","True","True","Enchanting","333","297991","Accord of Versatility","40617","651","0","297993"
"named_recipe","True","True","Enchanting","333","297993","Accord of Versatility","40616","651","0","0"
"named_recipe","True","True","Enchanting","333","297994","Accord of Haste","40619","651","0","297989"
"named_recipe","True","True","Enchanting","333","297995","Accord of Mastery","40613","651","0","0"
"named_recipe","True","True","Enchanting","333","297999","Accord of Versatility","40618","651","0","297991"
"named_recipe","True","True","Enchanting","333","298001","Accord of Mastery","40614","651","0","297995"
"named_recipe","True","True","Enchanting","333","298002","Accord of Mastery","40615","651","0","298001"
"named_recipe","True","True","Enchanting","333","298009","Accord of Critical Strike","40639","651","0","0"
"named_recipe","True","True","Enchanting","333","298010","Accord of Critical Strike","40637","651","0","298009"
"named_recipe","True","True","Enchanting","333","298011","Accord of Critical Strike","40636","651","0","298010"
"named_recipe","True","True","Enchanting","333","298016","Accord of Haste","40621","651","0","297994"
"named_recipe","True","True","Enchanting","333","298433","Machinist's Brilliance","40640","652","0","0"
"named_recipe","True","True","Enchanting","333","298437","Oceanic Restoration","40643","652","0","298438"
"named_recipe","True","True","Enchanting","333","298438","Oceanic Restoration","40642","652","0","0"
"named_recipe","True","True","Enchanting","333","298439","Force Multiplier","40645","652","0","298440"
"named_recipe","True","True","Enchanting","333","298440","Force Multiplier","40644","652","0","0"
"named_recipe","True","True","Enchanting","333","298441","Naga Hide","40647","652","0","298442"
"named_recipe","True","True","Enchanting","333","298442","Naga Hide","40646","652","0","0"
"named_recipe","True","True","Enchanting","333","298515","Oceanic Restoration","41031","652","0","298437"
"named_recipe","True","True","Enchanting","333","300769","Machinist's Brilliance","40641","652","0","298433"
"named_recipe","True","True","Enchanting","333","300770","Machinist's Brilliance","40848","652","0","300769"
"named_recipe","True","True","Enchanting","333","300788","Force Multiplier","40851","652","0","298439"
"named_recipe","True","True","Enchanting","333","300789","Naga Hide","40856","652","0","298441"
"named_recipe","True","True","Enchanting","333","301412","Light-Step Hoofplates","40903","1290","0","0"
"named_recipe","True","True","Enchanting","333","305936","Uncanny Combatant's Sorcerous Scepter","41087","1097","0","0"
"named_recipe","True","True","Enchanting","333","305937","Uncanny Combatant's Sorcerous Scepter","41088","1097","0","305936"
"named_recipe","True","True","Enchanting","333","305938","Uncanny Combatant's Sorcerous Scepter","41089","1097","0","305937"
"current_house_decor_recipe","True","True","Enchanting","333","1263870","Tidesage's Totem","56400","2384","0","0"
"current_house_decor_recipe","True","True","Enchanting","333","1263877","Drust Enchanter's Rod","56401","2384","0","0"
"named_recipe","True","True","Engineering","202","253122","Magnetic Discombobulator","39234","723","1","0"
"named_recipe","True","True","Engineering","202","253150","Precision Attitude Adjuster","39233","723","0","0"
"named_recipe","True","True","Engineering","202","253151","Precision Attitude Adjuster","39232","723","0","253150"
"named_recipe","True","True","Engineering","202","253152","Precision Attitude Adjuster","39231","723","0","253151"
"named_recipe","True","True","Engineering","202","255392","F.R.I.E.D.","38895","721","1","0"
"named_recipe","True","True","Engineering","202","255393","F.R.I.E.D.","38896","721","0","255392"
"named_recipe","True","True","Engineering","202","255394","F.R.I.E.D.","38897","721","0","255393"
"named_recipe","True","True","Engineering","202","255395","Thermo-Accelerated Plague Spreader","38898","721","0","0"
"named_recipe","True","True","Engineering","202","255396","Thermo-Accelerated Plague Spreader","38899","721","0","255395"
"named_recipe","True","True","Engineering","202","255397","Thermo-Accelerated Plague Spreader","38900","721","0","255396"
"named_recipe","True","True","Engineering","202","255407","Organic Discombobulation Grenade","38913","721","0","0"
"named_recipe","True","True","Engineering","202","255408","Organic Discombobulation Grenade","38914","721","0","255407"
"named_recipe","True","True","Engineering","202","255409","Organic Discombobulation Grenade","38915","721","0","255408"
"named_recipe","True","True","Engineering","202","255457","Finely-Tuned Stormsteel Destroyer","38932","723","0","0"
"named_recipe","True","True","Engineering","202","255458","Finely-Tuned Stormsteel Destroyer","38933","723","0","255457"
"named_recipe","True","True","Engineering","202","255459","Finely-Tuned Stormsteel Destroyer","38934","723","0","255458"
"named_recipe","True","True","Engineering","202","255936","Belt Enchant: Holographic Horror Projector","39437","1096","0","0"
"named_recipe","True","True","Engineering","202","255940","Belt Enchant: Personal Space Amplifier","39436","1096","0","0"
"named_recipe","True","True","Engineering","202","256070","Electroshock Mount Motivator","38922","722","0","0"
"named_recipe","True","True","Engineering","202","256071","Electroshock Mount Motivator","38923","722","0","256070"
"named_recipe","True","True","Engineering","202","256072","Electroshock Mount Motivator","38924","722","0","256071"
"named_recipe","True","True","Engineering","202","256073","XA-1000 Surface Skimmer","38919","722","0","0"
"named_recipe","True","True","Engineering","202","256074","XA-1000 Surface Skimmer","38920","722","0","256073"
"named_recipe","True","True","Engineering","202","256075","XA-1000 Surface Skimmer","38921","722","0","256074"
"named_recipe","True","True","Engineering","202","256080","Interdimensional Companion Repository","38925","722","0","0"
"named_recipe","True","True","Engineering","202","256082","Interdimensional Companion Repository","38926","722","0","256080"
"named_recipe","True","True","Engineering","202","256084","Interdimensional Companion Repository","38927","722","0","256082"
"named_recipe","True","True","Engineering","202","256132","Super-Charged Engine","40501","724","0","0"
"named_recipe","True","True","Engineering","202","256154","Deployable Attire Rearranger","38928","722","0","0"
"named_recipe","True","True","Engineering","202","256155","Deployable Attire Rearranger","38929","722","0","256154"
"named_recipe","True","True","Engineering","202","256156","Deployable Attire Rearranger","38930","722","0","256155"
"named_recipe","True","True","Engineering","202","264960","Crow's Nest Scope","39235","1027","0","0"
"named_recipe","True","True","Engineering","202","264961","Crow's Nest Scope","39236","1027","0","264960"
"named_recipe","True","True","Engineering","202","264962","Crow's Nest Scope","39237","1027","0","264961"
"named_recipe","True","True","Engineering","202","264964","Monelite Scope of Alacrity","39238","1027","0","0"
"named_recipe","True","True","Engineering","202","264966","Monelite Scope of Alacrity","39239","1027","0","264964"
"named_recipe","True","True","Engineering","202","264967","Monelite Scope of Alacrity","39240","1027","0","264966"
"named_recipe","True","True","Engineering","202","265097","Incendiary Ammunition","39241","1027","0","0"
"named_recipe","True","True","Engineering","202","265098","Incendiary Ammunition","39242","1027","0","265097"
"named_recipe","True","True","Engineering","202","265099","Incendiary Ammunition","39243","1027","0","265098"
"named_recipe","True","True","Engineering","202","265100","Frost-Laced Ammunition","39244","1027","0","0"
"named_recipe","True","True","Engineering","202","265101","Frost-Laced Ammunition","39245","1027","0","265100"
"named_recipe","True","True","Engineering","202","265102","Frost-Laced Ammunition","39246","1027","0","265101"
"named_recipe","True","True","Engineering","202","269123","Belt Enchant: Miniaturized Plasma Shield","39438","1096","0","0"
"named_recipe","True","True","Engineering","202","269724","Honorable Combatant's Discombobulator","39552","723","0","0"
"named_recipe","True","True","Engineering","202","269725","Honorable Combatant's Discombobulator","39553","723","0","269724"
"named_recipe","True","True","Engineering","202","269726","Honorable Combatant's Discombobulator","39554","723","0","269725"
"named_recipe","True","True","Engineering","202","269727","Honorable Combatant's Stormsteel Destroyer","39555","723","0","0"
"named_recipe","True","True","Engineering","202","269728","Honorable Combatant's Stormsteel Destroyer","39556","723","0","269727"
"named_recipe","True","True","Engineering","202","269729","Honorable Combatant's Stormsteel Destroyer","39557","723","0","269728"
"named_recipe","True","True","Engineering","202","272056","AZ3-R1-T3 Synthetic Specs","39595","1115","0","0"
"named_recipe","True","True","Engineering","202","272057","AZ3-R1-T3 Synthetic Specs","39596","1115","0","272056"
"named_recipe","True","True","Engineering","202","272058","AZ3-R1-T3 Synthetic Specs","39597","1115","0","272057"
"named_recipe","True","True","Engineering","202","272059","AZ3-R1-T3 Gearspun Goggles","39598","1246","0","0"
"named_recipe","True","True","Engineering","202","272060","AZ3-R1-T3 Gearspun Goggles","39599","1246","0","272059"
"named_recipe","True","True","Engineering","202","272061","AZ3-R1-T3 Gearspun Goggles","39600","1246","0","272060"
"named_recipe","True","True","Engineering","202","272062","AZ3-R1-T3 Bionic Bifocals","39601","1247","0","0"
"named_recipe","True","True","Engineering","202","272063","AZ3-R1-T3 Bionic Bifocals","39602","1247","0","272062"
"named_recipe","True","True","Engineering","202","272064","AZ3-R1-T3 Bionic Bifocals","39603","1247","0","272063"
"named_recipe","True","True","Engineering","202","272065","AZ3-R1-T3 Orthogonal Optics","39604","1248","0","0"
"named_recipe","True","True","Engineering","202","272066","AZ3-R1-T3 Orthogonal Optics","39605","1248","0","272065"
"named_recipe","True","True","Engineering","202","272067","AZ3-R1-T3 Orthogonal Optics","39606","1248","0","272066"
"named_recipe","True","True","Engineering","202","274621","Mecha-Mogul Mk2","39691","724","0","0"
"named_recipe","True","True","Engineering","202","278411","Makeshift Azerite Detector","39836","1229","0","0"
"named_recipe","True","True","Engineering","202","278413","Monelite Fish Finder","39837","1229","0","0"
"named_recipe","True","True","Engineering","202","280732","Magical Intrusion Dampener","39995","722","0","0"
"named_recipe","True","True","Engineering","202","280733","Magical Intrusion Dampener","39996","722","0","280732"
"named_recipe","True","True","Engineering","202","280734","Magical Intrusion Dampener","39997","722","0","280733"
"named_recipe","True","True","Engineering","202","282806","Sinister Combatant's Discombobulator","40055","723","0","0"
"named_recipe","True","True","Engineering","202","282807","Sinister Combatant's Discombobulator","40056","723","0","282806"
"named_recipe","True","True","Engineering","202","282808","Sinister Combatant's Discombobulator","40057","723","0","282807"
"named_recipe","True","True","Engineering","202","282809","Sinister Combatant's Stormsteel Destroyer","40058","723","0","0"
"named_recipe","True","True","Engineering","202","282810","Sinister Combatant's Stormsteel Destroyer","40059","723","0","282809"
"named_recipe","True","True","Engineering","202","282811","Sinister Combatant's Stormsteel Destroyer","40060","723","0","282810"
"named_recipe","True","True","Engineering","202","282975","The Ub3r-Spanner","40352","1254","0","0"
"named_recipe","True","True","Engineering","202","283399","Ub3r-Module: Short-Fused Bomb Bots","40434","1254","0","0"
"named_recipe","True","True","Engineering","202","283401","Ub3r-Module: Ub3r S3ntry Mk. X8.0","40433","1254","0","0"
"named_recipe","True","True","Engineering","202","283403","Ub3r-Module: Ub3r-Improved Target Dummy","40432","1254","0","0"
"named_recipe","True","True","Engineering","202","283914","Unstable Temporal Time Shifter","40119","722","0","0"
"named_recipe","True","True","Engineering","202","283915","Unstable Temporal Time Shifter","40120","722","0","283914"
"named_recipe","True","True","Engineering","202","283916","Unstable Temporal Time Shifter","40121","722","0","283915"
"named_recipe","True","True","Engineering","202","286478","Mechantula","40142","724","0","0"
"named_recipe","True","True","Engineering","202","286647","Sanguinated Thermo-Degradation","40155","1241","0","0"
"named_recipe","True","True","Engineering","202","286864","Surging Bionic Bifocals","40194","1247","0","0"
"named_recipe","True","True","Engineering","202","286865","SP1-R1-73D Bionic Bifocals","40195","1247","0","0"
"named_recipe","True","True","Engineering","202","286866","Charged SP1-R1-73D Bionic Bifocals","40196","1247","0","0"
"named_recipe","True","True","Engineering","202","286867","Surging Gearspun Goggles","40191","1246","0","0"
"named_recipe","True","True","Engineering","202","286868","SP1-R1-73D Gearspun Goggles","40192","1246","0","0"
"named_recipe","True","True","Engineering","202","286869","Charged SP1-R1-73D Gearspun Goggles","40193","1246","0","0"
"named_recipe","True","True","Engineering","202","286870","Surging Orthogonal Optics","40197","1248","0","0"
"named_recipe","True","True","Engineering","202","286871","SP1-R1-73D Orthogonal Optics","40198","1248","0","0"
"named_recipe","True","True","Engineering","202","286872","Charged SP1-R1-73D Orthogonal Optics","40199","1248","0","0"
"named_recipe","True","True","Engineering","202","286873","Surging Synthetic Specs","40188","1115","0","0"
"named_recipe","True","True","Engineering","202","286874","SP1-R1-73D Synthetic Specs","40189","1115","0","0"
"named_recipe","True","True","Engineering","202","286875","Charged SP1-R1-73D Synthetic Specs","40190","1115","0","0"
"named_recipe","True","True","Engineering","202","287279","Aqueous Thermo-Degradation","40213","1241","0","0"
"named_recipe","True","True","Engineering","202","291089","Imbued Synthetic Specs","40340","1115","0","0"
"named_recipe","True","True","Engineering","202","291090","Emblazoned Synthetic Specs","40341","1115","0","0"
"named_recipe","True","True","Engineering","202","291091","Imbued Gearspun Goggles","40342","1246","0","0"
"named_recipe","True","True","Engineering","202","291092","Emblazoned Gearspun Goggles","40343","1246","0","0"
"named_recipe","True","True","Engineering","202","291093","Imbued Bionic Bifocals","40344","1247","0","0"
"named_recipe","True","True","Engineering","202","291094","Emblazoned Bionic Bifocals","40345","1247","0","0"
"named_recipe","True","True","Engineering","202","291095","Imbued Orthogonal Optics","40346","1248","0","0"
"named_recipe","True","True","Engineering","202","291096","Emblazoned Orthogonal Optics","40347","1248","0","0"
"named_recipe","True","True","Engineering","202","294784","Notorious Combatant's Discombobulator","40504","723","0","0"
"named_recipe","True","True","Engineering","202","294785","Notorious Combatant's Discombobulator","40505","723","0","294784"
"named_recipe","True","True","Engineering","202","294786","Notorious Combatant's Discombobulator","40506","723","0","294785"
"named_recipe","True","True","Engineering","202","294787","Notorious Combatant's Stormsteel Destroyer","40507","723","0","0"
"named_recipe","True","True","Engineering","202","294788","Notorious Combatant's Stormsteel Destroyer","40508","723","0","294787"
"named_recipe","True","True","Engineering","202","294789","Notorious Combatant's Stormsteel Destroyer","40509","723","0","294788"
"named_recipe","True","True","Engineering","202","298255","Ub3r-Module: P.O.G.O.","40632","1254","0","0"
"named_recipe","True","True","Engineering","202","298256","Ub3r-Module: Scrap Cannon","40633","1254","0","0"
"named_recipe","True","True","Engineering","202","298257","Ub3r-Module: Ub3r-Coil","40634","1254","0","0"
"named_recipe","True","True","Engineering","202","298930","Blingtron 7000","40698","722","0","0"
"named_recipe","True","True","Engineering","202","299004","Abyssal Synthetic Specs","40710","1115","0","0"
"named_recipe","True","True","Engineering","202","299005","A5C-3N-D3D Synthetic Specs","40711","1115","0","0"
"named_recipe","True","True","Engineering","202","299006","Charged A5C-3N-D3D Synthetic Specs","40712","1115","0","0"
"named_recipe","True","True","Engineering","202","299007","Abyssal Gearspun Goggles","40713","1246","0","0"
"named_recipe","True","True","Engineering","202","299008","A5C-3N-D3D Gearspun Goggles","40714","1246","0","0"
"named_recipe","True","True","Engineering","202","299009","Charged A5C-3N-D3D Gearspun Goggles","40715","1246","0","0"
"named_recipe","True","True","Engineering","202","299010","Abyssal Bionic Bifocals","40716","1247","0","0"
"named_recipe","True","True","Engineering","202","299011","A5C-3N-D3D Bionic Bifocals","40717","1247","0","0"
"named_recipe","True","True","Engineering","202","299012","Charged A5C-3N-D3D Bionic Bifocals","40718","1247","0","0"
"named_recipe","True","True","Engineering","202","299013","Abyssal Orthogonal Optics","40719","1248","0","0"
"named_recipe","True","True","Engineering","202","299014","A5C-3N-D3D Orthogonal Optics","40720","1248","0","0"
"named_recipe","True","True","Engineering","202","299015","Charged A5C-3N-D3D Orthogonal Optics","40721","1248","0","0"
"named_recipe","True","True","Engineering","202","299105","Wormhole Generator: Kul Tiras","40744","722","0","0"
"named_recipe","True","True","Engineering","202","299106","Wormhole Generator: Zandalar","40743","722","0","0"
"named_recipe","True","True","Engineering","202","305858","Uncanny Combatant's Stormsteel Destroyer","41086","723","0","305859"
"named_recipe","True","True","Engineering","202","305859","Uncanny Combatant's Stormsteel Destroyer","41085","723","0","305860"
"named_recipe","True","True","Engineering","202","305860","Uncanny Combatant's Stormsteel Destroyer","41084","723","0","0"
"named_recipe","True","True","Engineering","202","305861","Uncanny Combatant's Discombobulator","41083","723","0","305862"
"named_recipe","True","True","Engineering","202","305862","Uncanny Combatant's Discombobulator","41082","723","0","305863"
"named_recipe","True","True","Engineering","202","305863","Uncanny Combatant's Discombobulator","41081","723","0","0"
"named_recipe","True","True","Engineering","202","305940","Paramount Gearspun Goggles","41095","1246","0","0"
"named_recipe","True","True","Engineering","202","305941","Superior Gearspun Goggles","41094","1246","0","0"
"named_recipe","True","True","Engineering","202","305942","A-N0M-A-L0U5 Gearspun Goggles","41093","1246","0","0"
"named_recipe","True","True","Engineering","202","305943","Paramount Synthetic Specs","41092","1115","0","0"
"named_recipe","True","True","Engineering","202","305944","Superior Synthetic Specs","41091","1115","0","0"
"named_recipe","True","True","Engineering","202","305945","A-N0M-A-L0U5 Synthetic Specs","41090","1115","0","0"
"named_recipe","True","True","Engineering","202","305946","Paramount Orthogonal Optics","41101","1248","0","0"
"named_recipe","True","True","Engineering","202","305947","Superior Orthogonal Optics","41100","1248","0","0"
"named_recipe","True","True","Engineering","202","305948","A-N0M-A-L0U5 Orthogonal Optics","41099","1248","0","0"
"named_recipe","True","True","Engineering","202","305949","Paramount Bionic Bifocals","41098","1247","0","0"
"named_recipe","True","True","Engineering","202","305950","Superior Bionic Bifocals","41097","1247","0","0"
"named_recipe","True","True","Engineering","202","305951","A-N0M-A-L0U5 Bionic Bifocals","41096","1247","0","0"
"named_recipe","True","True","Engineering","202","307220","Void Focus","42347","1306","0","0"
"current_house_decor_recipe","True","True","Engineering","202","1260349","Deactivated Atomic Recalibrator","55950","2385","0","0"
"current_house_decor_recipe","True","True","Engineering","202","1260352","Gnomish Tesla Mega-Coil","55952","2385","0","0"
"current_house_decor_recipe","True","True","Engineering","202","1260425","Mechagon Miniature Artificial Sun","55981","2385","0","0"
"named_recipe","True","True","Inscription","773","256217","Mass Mill Riverbud","38965","775","0","0"
"named_recipe","True","True","Inscription","773","256218","Mass Mill Star Moss","38966","775","0","0"
"named_recipe","True","True","Inscription","773","256219","Mass Mill Akunda's Bite","38967","775","0","0"
"named_recipe","True","True","Inscription","773","256220","Mass Mill Winter's Kiss","38968","775","0","0"
"named_recipe","True","True","Inscription","773","256221","Mass Mill Siren's Pollen","38969","775","0","0"
"named_recipe","True","True","Inscription","773","256223","Mass Mill Sea Stalk","38970","775","0","0"
"named_recipe","True","True","Inscription","773","256232","Codex of the Quiet Mind","38938","771","0","0"
"named_recipe","True","True","Inscription","773","256233","Codex of the Quiet Mind","38939","771","0","256232"
"named_recipe","True","True","Inscription","773","256234","Codex of the Quiet Mind","38940","771","0","256233"
"named_recipe","True","True","Inscription","773","256235","Tome of the Quiet Mind","38980","771","0","0"
"named_recipe","True","True","Inscription","773","256236","Tome of the Quiet Mind","38981","771","0","256235"
"named_recipe","True","True","Inscription","773","256237","Tome of the Quiet Mind","38982","771","0","256236"
"named_recipe","True","True","Inscription","773","256245","Darkmoon Card of War","38983","773","0","278527"
"named_recipe","True","True","Inscription","773","256246","Darkmoon Card of War","38984","773","0","256245"
"named_recipe","True","True","Inscription","773","256247","Inscribed Vessel of Mysticism","38973","774","0","0"
"named_recipe","True","True","Inscription","773","256248","Inscribed Vessel of Mysticism","38974","774","0","256247"
"named_recipe","True","True","Inscription","773","256249","Inscribed Vessel of Mysticism","38975","774","0","256248"
"named_recipe","True","True","Inscription","773","256275","Contract: Proudmoore Admiralty","38941","772","0","0"
"named_recipe","True","True","Inscription","773","256276","Contract: Proudmoore Admiralty","38942","772","0","256275"
"named_recipe","True","True","Inscription","773","256277","Contract: Proudmoore Admiralty","38943","772","0","256276"
"named_recipe","True","True","Inscription","773","256278","Contract: Order of Embers","38944","772","0","0"
"named_recipe","True","True","Inscription","773","256279","Contract: Order of Embers","38945","772","0","256278"
"named_recipe","True","True","Inscription","773","256280","Contract: Order of Embers","38946","772","0","256279"
"named_recipe","True","True","Inscription","773","256281","Contract: Storm's Wake","38947","772","0","0"
"named_recipe","True","True","Inscription","773","256282","Contract: Storm's Wake","38948","772","0","256281"
"named_recipe","True","True","Inscription","773","256283","Contract: Storm's Wake","38949","772","0","256282"
"named_recipe","True","True","Inscription","773","256284","Contract: Zandalari Empire","38950","772","0","0"
"named_recipe","True","True","Inscription","773","256285","Contract: Zandalari Empire","38951","772","0","256284"
"named_recipe","True","True","Inscription","773","256286","Contract: Zandalari Empire","38952","772","0","256285"
"named_recipe","True","True","Inscription","773","256287","Contract: Talanji's Expedition","38953","772","0","0"
"named_recipe","True","True","Inscription","773","256288","Contract: Talanji's Expedition","38954","772","0","256287"
"named_recipe","True","True","Inscription","773","256289","Contract: Talanji's Expedition","38955","772","0","256288"
"named_recipe","True","True","Inscription","773","256290","Contract: Voldunai","38956","772","0","0"
"named_recipe","True","True","Inscription","773","256291","Contract: Voldunai","38957","772","0","256290"
"named_recipe","True","True","Inscription","773","256293","Contract: Voldunai","38958","772","0","256291"
"named_recipe","True","True","Inscription","773","256294","Contract: Tortollan Seekers","38959","772","0","0"
"named_recipe","True","True","Inscription","773","256295","Contract: Tortollan Seekers","38960","772","0","256294"
"named_recipe","True","True","Inscription","773","256296","Contract: Tortollan Seekers","38961","772","0","256295"
"named_recipe","True","True","Inscription","773","256297","Contract: Champions of Azeroth","38962","772","0","0"
"named_recipe","True","True","Inscription","773","256298","Contract: Champions of Azeroth","38963","772","0","256297"
"named_recipe","True","True","Inscription","773","256299","Contract: Champions of Azeroth","38964","772","0","256298"
"named_recipe","True","True","Inscription","773","256301","Sanguine Feather Quill of Lana'thel","40380","1262","0","0"
"named_recipe","True","True","Inscription","773","256303","Vantus Rune: Uldir","38985","776","0","0"
"named_recipe","True","True","Inscription","773","256304","Vantus Rune: Uldir","38986","776","0","256303"
"named_recipe","True","True","Inscription","773","256305","Vantus Rune: Uldir","38987","776","0","256304"
"named_recipe","True","True","Inscription","773","256308","Mass Mill Anchor Weed","38971","775","0","0"
"named_recipe","True","True","Inscription","773","259665","Blood Contract: Sacrifice","40353","1276","0","0"
"named_recipe","True","True","Inscription","773","264766","War-Scroll of Intellect","39225","771","0","0"
"named_recipe","True","True","Inscription","773","264767","War-Scroll of Battle Shout","39224","771","0","0"
"named_recipe","True","True","Inscription","773","264769","War-Scroll of Fortitude","39222","771","0","0"
"named_recipe","True","True","Inscription","773","264776","Ultramarine Ink","39228","1026","1","0"
"named_recipe","True","True","Inscription","773","264777","Crimson Ink","39227","1026","1","0"
"named_recipe","True","True","Inscription","773","264778","Viridescent Ink","39226","1026","1","0"
"named_recipe","True","True","Inscription","773","269065","Scroll of Unlocking","39431","771","0","0"
"named_recipe","True","True","Inscription","773","269740","Honorable Combatant's Etched Vessel","39564","774","0","0"
"named_recipe","True","True","Inscription","773","269741","Honorable Combatant's Etched Vessel","39565","774","0","269740"
"named_recipe","True","True","Inscription","773","269742","Honorable Combatant's Etched Vessel","39566","774","0","269741"
"named_recipe","True","True","Inscription","773","276059","Glyph of the Dolphin","39717","1130","0","0"
"named_recipe","True","True","Inscription","773","276088","Glyph of the Tideskipper","39716","1130","0","0"
"named_recipe","True","True","Inscription","773","276121","Glyph of the Humble Flyer","39718","1130","0","0"
"named_recipe","True","True","Inscription","773","278422","Crimson Ink Well","39845","1235","0","0"
"named_recipe","True","True","Inscription","773","278527","Darkmoon Card of War","39848","773","0","0"
"named_recipe","True","True","Inscription","773","282803","Sinister Combatant's Etched Vessel","40061","774","0","0"
"named_recipe","True","True","Inscription","773","282804","Sinister Combatant's Etched Vessel","40062","774","0","282803"
"named_recipe","True","True","Inscription","773","282805","Sinister Combatant's Etched Vessel","40063","774","0","282804"
"named_recipe","True","True","Inscription","773","284292","Contract: 7th Legion","40131","772","0","0"
"named_recipe","True","True","Inscription","773","284293","Contract: 7th Legion","40132","772","0","284292"
"named_recipe","True","True","Inscription","773","284294","Contract: 7th Legion","40133","772","0","284293"
"named_recipe","True","True","Inscription","773","284295","Contract: The Honorbound","40134","772","0","0"
"named_recipe","True","True","Inscription","773","284296","Contract: The Honorbound","40135","772","0","284295"
"named_recipe","True","True","Inscription","773","284297","Contract: The Honorbound","40136","772","0","284296"
"named_recipe","True","True","Inscription","773","285639","Vantus Rune: Battle of Dazar'alor","40127","776","0","0"
"named_recipe","True","True","Inscription","773","285640","Vantus Rune: Battle of Dazar'alor","40128","776","0","285639"
"named_recipe","True","True","Inscription","773","285641","Vantus Rune: Battle of Dazar'alor","40129","776","0","285640"
"named_recipe","True","True","Inscription","773","285925","Vantus Rune: Crucible of Storms","40456","776","0","0"
"named_recipe","True","True","Inscription","773","285926","Vantus Rune: Crucible of Storms","40457","776","0","285925"
"named_recipe","True","True","Inscription","773","285927","Vantus Rune: Crucible of Storms","40458","776","0","285926"
"named_recipe","True","True","Inscription","773","286649","Sanguinated Chromotography","40156","1242","0","0"
"named_recipe","True","True","Inscription","773","287271","Aqueous Chromotography","40214","1242","0","0"
"named_recipe","True","True","Inscription","773","289313","Glyph of the Tides","40324","1130","0","0"
"named_recipe","True","True","Inscription","773","289356","Glyph of Storm's Wake","40323","1130","0","0"
"named_recipe","True","True","Inscription","773","292012","Blood Contract: Bloodshed","40378","1276","0","0"
"named_recipe","True","True","Inscription","773","292320","Blood Contract: Bloodguard","40377","1276","0","0"
"named_recipe","True","True","Inscription","773","292322","Blood Contract: Oblivion","40379","1276","0","0"
"named_recipe","True","True","Inscription","773","294790","Notorious Combatant's Etched Vessel","40510","774","0","0"
"named_recipe","True","True","Inscription","773","294791","Notorious Combatant's Etched Vessel","40511","774","0","294790"
"named_recipe","True","True","Inscription","773","294792","Notorious Combatant's Etched Vessel","40512","774","0","294791"
"named_recipe","True","True","Inscription","773","298625","Vantus Rune: The Eternal Palace","40648","776","0","0"
"named_recipe","True","True","Inscription","773","298647","Vantus Rune: The Eternal Palace","40649","776","0","298625"
"named_recipe","True","True","Inscription","773","298648","Vantus Rune: The Eternal Palace","40650","776","0","298647"
"named_recipe","True","True","Inscription","773","298927","Mass Mill Zin'anthid","40699","775","0","0"
"named_recipe","True","True","Inscription","773","298929","Maroon Ink","40700","1026","0","0"
"named_recipe","True","True","Inscription","773","299665","Contract: Ankoan","40762","772","0","0"
"named_recipe","True","True","Inscription","773","299668","Contract: Unshackled","40765","772","0","0"
"named_recipe","True","True","Inscription","773","299671","Contract: Rustbolt Resistance","40768","772","0","0"
"named_recipe","True","True","Inscription","773","299672","Contract: Rajani","42442","772","0","0"
"named_recipe","True","True","Inscription","773","299673","Contract: Uldum Accord","42443","772","0","0"
"named_recipe","True","True","Inscription","773","302187","Highborne Compendium of Swirling Tides","40932","773","0","0"
"named_recipe","True","True","Inscription","773","302188","Highborne Compendium of Sundering","40933","773","0","0"
"named_recipe","True","True","Inscription","773","302189","Highborne Compendium of Storms","40934","773","0","0"
"named_recipe","True","True","Inscription","773","302190","Highborne Compendium of Mystical Bulwark","40935","773","0","0"
"named_recipe","True","True","Inscription","773","304030","Glyph of the Dark Depths","40984","1130","0","0"
"named_recipe","True","True","Inscription","773","304033","Glyph of Steaming Fury","40982","1130","0","0"
"named_recipe","True","True","Inscription","773","304036","Glyph of the Cold Waves","40983","1130","0","0"
"named_recipe","True","True","Inscription","773","304042","Glyph of Dire Bees","40986","1130","0","0"
"named_recipe","True","True","Inscription","773","305952","Uncanny Combatant's Etched Vessel","41102","774","0","0"
"named_recipe","True","True","Inscription","773","305953","Uncanny Combatant's Etched Vessel","41103","774","0","305952"
"named_recipe","True","True","Inscription","773","305954","Uncanny Combatant's Etched Vessel","41104","774","0","305953"
"named_recipe","True","True","Inscription","773","306481","Vantus Rune: Ny'alotha, the Waking City","43084","776","0","306483"
"named_recipe","True","True","Inscription","773","306482","Vantus Rune: Ny'alotha, the Waking City","43079","776","0","0"
"named_recipe","True","True","Inscription","773","306483","Vantus Rune: Ny'alotha, the Waking City","43080","776","0","306482"
"named_recipe","True","True","Inscription","773","309443","Glyph of Lavish Servings","42598","1130","0","0"
"current_house_decor_recipe","True","True","Inscription","773","1260508","Zuldazar Fencepost","56007","2386","0","0"
"current_house_decor_recipe","True","True","Inscription","773","1260564","Zuldazar Fence","56008","2386","0","0"
"current_house_decor_recipe","True","True","Inscription","773","1260577","Gilded Zandalari Table","56009","2386","0","0"
"current_house_decor_recipe","True","True","Inscription","773","1260583","Boralus Barrel","56010","2386","0","0"
"current_house_decor_recipe","True","True","Inscription","773","1260593","Proudmoore Shipping Crate","56011","2386","0","0"
"current_house_decor_recipe","True","True","Inscription","773","1260596","Boralus Bookshelf","56012","2386","0","0"
"named_recipe","True","True","Jewelcrafting","755","256253","Viridium Staff of Alacrity","39579","820","0","0"
"named_recipe","True","True","Jewelcrafting","755","256254","Rubellite Staff of Intuition","39580","820","0","0"
"named_recipe","True","True","Jewelcrafting","755","256255","Laribole Staff of Alacrity","39017","820","0","0"
"named_recipe","True","True","Jewelcrafting","755","256256","Laribole Staff of Alacrity","39018","820","0","256255"
"named_recipe","True","True","Jewelcrafting","755","256257","Laribole Staff of Alacrity","39019","820","0","256256"
"named_recipe","True","True","Jewelcrafting","755","256258","Scarlet Diamond Staff of Intuition","39020","820","0","0"
"named_recipe","True","True","Jewelcrafting","755","256259","Scarlet Diamond Staff of Intuition","39021","820","0","256258"
"named_recipe","True","True","Jewelcrafting","755","256260","Scarlet Diamond Staff of Intuition","39022","820","0","256259"
"named_recipe","True","True","Jewelcrafting","755","256510","Amberblaze Loop","39005","819","0","0"
"named_recipe","True","True","Jewelcrafting","755","256511","Owlseye Loop","39008","819","0","0"
"named_recipe","True","True","Jewelcrafting","755","256512","Tidal Amethyst Loop","39011","819","0","0"
"named_recipe","True","True","Jewelcrafting","755","256513","Royal Quartz Loop","39014","819","0","0"
"named_recipe","True","True","Jewelcrafting","755","256514","Amberblaze Loop","39006","819","0","256510"
"named_recipe","True","True","Jewelcrafting","755","256515","Amberblaze Loop","39007","819","0","256514"
"named_recipe","True","True","Jewelcrafting","755","256516","Owlseye Loop","39009","819","0","256511"
"named_recipe","True","True","Jewelcrafting","755","256517","Owlseye Loop","39010","819","0","256516"
"named_recipe","True","True","Jewelcrafting","755","256518","Tidal Amethyst Loop","39012","819","0","256512"
"named_recipe","True","True","Jewelcrafting","755","256519","Tidal Amethyst Loop","39013","819","0","256518"
"named_recipe","True","True","Jewelcrafting","755","256520","Royal Quartz Loop","39015","819","0","256513"
"named_recipe","True","True","Jewelcrafting","755","256521","Royal Quartz Loop","39016","819","0","256520"
"named_recipe","True","True","Jewelcrafting","755","256611","Mass Prospect Monelite","39002","818","0","0"
"named_recipe","True","True","Jewelcrafting","755","256613","Mass Prospect Storm Silver","39003","818","0","0"
"named_recipe","True","True","Jewelcrafting","755","256622","Mass Prospect Platinum","39004","818","0","0"
"named_recipe","True","True","Jewelcrafting","755","256689","Deadly Solstone","38991","817","0","0"
"named_recipe","True","True","Jewelcrafting","755","256690","Versatile Kyanite","38989","817","0","0"
"named_recipe","True","True","Jewelcrafting","755","256691","Straddling Viridium","38990","817","1","0"
"named_recipe","True","True","Jewelcrafting","755","256692","Masterful Kubiline","38992","817","0","0"
"named_recipe","True","True","Jewelcrafting","755","256693","Insightful Rubellite","38993","817","1","0"
"named_recipe","True","True","Jewelcrafting","755","256694","Quick Golden Beryl","38994","817","0","0"
"named_recipe","True","True","Jewelcrafting","755","256695","Versatile Royal Quartz","38995","817","0","0"
"named_recipe","True","True","Jewelcrafting","755","256696","Deadly Amberblaze","38996","817","0","0"
"named_recipe","True","True","Jewelcrafting","755","256698","Masterful Tidal Amethyst","38997","817","0","0"
"named_recipe","True","True","Jewelcrafting","755","256699","Quick Owlseye","38998","817","0","0"
"named_recipe","True","True","Jewelcrafting","755","256700","Kraken's Eye of Strength","38999","817","0","0"
"named_recipe","True","True","Jewelcrafting","755","256701","Kraken's Eye of Agility","39000","817","0","0"
"named_recipe","True","True","Jewelcrafting","755","256702","Kraken's Eye of Intellect","39001","817","0","0"
"named_recipe","True","True","Jewelcrafting","755","256703","Jewelhammer's Focus","40448","1278","0","0"
"named_recipe","True","True","Jewelcrafting","755","269734","Honorable Combatant's Intuitive Staff","39561","820","0","0"
"named_recipe","True","True","Jewelcrafting","755","269735","Honorable Combatant's Intuitive Staff","39562","820","0","269734"
"named_recipe","True","True","Jewelcrafting","755","269736","Honorable Combatant's Intuitive Staff","39563","820","0","269735"
"named_recipe","True","True","Jewelcrafting","755","272226","Solstone Ring","39607","819","0","0"
"named_recipe","True","True","Jewelcrafting","755","272227","Golden Beryl Ring","39608","819","0","0"
"named_recipe","True","True","Jewelcrafting","755","272228","Kubiline Ring","39609","819","0","0"
"named_recipe","True","True","Jewelcrafting","755","272230","Kyanite Ring","39610","819","1","0"
"named_recipe","True","True","Jewelcrafting","755","278419","Kaleidoscopic Lens","39843","1233","0","0"
"named_recipe","True","True","Jewelcrafting","755","282343","Sinister Combatant's Intuitive Staff","40064","820","0","0"
"named_recipe","True","True","Jewelcrafting","755","282344","Sinister Combatant's Intuitive Staff","40065","820","0","282343"
"named_recipe","True","True","Jewelcrafting","755","282345","Sinister Combatant's Intuitive Staff","40066","820","0","282344"
"named_recipe","True","True","Jewelcrafting","755","286651","Sanguinated Recalibration","40157","1243","0","0"
"named_recipe","True","True","Jewelcrafting","755","287272","Aqueous Recalibration","40215","1243","0","0"
"named_recipe","True","True","Jewelcrafting","755","289105","Kraken's Eye Loop","40281","819","0","0"
"named_recipe","True","True","Jewelcrafting","755","289174","Imbued Kraken's Eye Loop","40282","819","0","0"
"named_recipe","True","True","Jewelcrafting","755","289175","Emblazoned Kraken's Eye Loop","40283","819","0","0"
"named_recipe","True","True","Jewelcrafting","755","289179","Tidal Kraken's Eye Loop","40284","819","0","0"
"named_recipe","True","True","Jewelcrafting","755","289180","Spirited Kraken's Eye Loop","40285","819","0","0"
"named_recipe","True","True","Jewelcrafting","755","289181","Eternal Kraken's Eye Loop","40286","819","0","0"
"named_recipe","True","True","Jewelcrafting","755","294793","Notorious Combatant's Intuitive Staff","40513","820","0","0"
"named_recipe","True","True","Jewelcrafting","755","294794","Notorious Combatant's Intuitive Staff","40514","820","0","294793"
"named_recipe","True","True","Jewelcrafting","755","294795","Notorious Combatant's Intuitive Staff","40515","820","0","294794"
"named_recipe","True","True","Jewelcrafting","755","298794","Versatile Dark Opal","40676","817","0","0"
"named_recipe","True","True","Jewelcrafting","755","298796","Quick Sand Spinel","40681","817","0","0"
"named_recipe","True","True","Jewelcrafting","755","298797","Masterful Sea Currant","40679","817","0","0"
"named_recipe","True","True","Jewelcrafting","755","298798","Deadly Lava Lazuli","40678","817","0","0"
"named_recipe","True","True","Jewelcrafting","755","298799","Leviathan's Eye of Strength","40680","817","0","0"
"named_recipe","True","True","Jewelcrafting","755","298800","Leviathan's Eye of Agility","40675","817","0","0"
"named_recipe","True","True","Jewelcrafting","755","298801","Leviathan's Eye of Intellect","40677","817","0","0"
"named_recipe","True","True","Jewelcrafting","755","299016","Leviathan's Eye Loop","40722","819","0","0"
"named_recipe","True","True","Jewelcrafting","755","299017","Crushing Leviathan's Eye Loop","40723","819","0","0"
"named_recipe","True","True","Jewelcrafting","755","299018","Ascended Leviathan's Eye Loop","40724","819","0","0"
"named_recipe","True","True","Jewelcrafting","755","300619","Mass Prospect Osmenite","40840","818","0","0"
"named_recipe","True","True","Jewelcrafting","755","300756","Straddling Sage Agate","40847","817","0","0"
"named_recipe","True","True","Jewelcrafting","755","305168","Uncanny Combatant's Intuitive Staff","41105","820","0","0"
"named_recipe","True","True","Jewelcrafting","755","305170","Uncanny Combatant's Intuitive Staff","41106","820","0","305168"
"named_recipe","True","True","Jewelcrafting","755","305171","Uncanny Combatant's Intuitive Staff","41107","820","0","305170"
"named_recipe","True","True","Jewelcrafting","755","305980","Peerless Leviathan's Eye Loop","41110","819","0","0"
"named_recipe","True","True","Jewelcrafting","755","305981","Awakened Leviathan's Eye Loop","41109","819","0","0"
"named_recipe","True","True","Jewelcrafting","755","305982","Unbound Leviathan's Eye Loop","41108","819","0","0"
"named_recipe","True","True","Jewelcrafting","755","307219","Void Focus","42348","1307","0","0"
"current_house_decor_recipe","True","True","Jewelcrafting","755","1260492","Zandalari Skullfire Lamp","56005","2387","0","0"
"current_house_decor_recipe","True","True","Jewelcrafting","755","1260501","Small Mask of Bwonsamdi, Loa of Graves","56006","2387","0","0"
"named_recipe","True","True","Leatherworking","165","256748","Coarse Leather Treads","39024","883","0","0"
"named_recipe","True","True","Leatherworking","165","256749","Coarse Leather Vest","39025","883","0","0"
"named_recipe","True","True","Leatherworking","165","256750","Coarse Leather Gauntlets","39026","883","1","0"
"named_recipe","True","True","Leatherworking","165","256751","Coarse Leather Helm","39027","883","0","0"
"named_recipe","True","True","Leatherworking","165","256752","Coarse Leather Leggings","39028","883","0","0"
"named_recipe","True","True","Leatherworking","165","256754","Coarse Leather Pauldrons","39029","883","0","0"
"named_recipe","True","True","Leatherworking","165","256755","Coarse Leather Waistguard","39030","883","0","0"
"named_recipe","True","True","Leatherworking","165","256756","Coarse Leather Armguards","39031","883","1","0"
"named_recipe","True","True","Leatherworking","165","256757","Shimmerscale Armguards","39045","884","1","0"
"named_recipe","True","True","Leatherworking","165","256758","Shimmerscale Waistguard","39044","884","0","0"
"named_recipe","True","True","Leatherworking","165","256759","Shimmerscale Pauldrons","39043","884","0","0"
"named_recipe","True","True","Leatherworking","165","256760","Shimmerscale Leggings","39042","884","0","0"
"named_recipe","True","True","Leatherworking","165","256761","Shimmerscale Helm","39041","884","0","0"
"named_recipe","True","True","Leatherworking","165","256762","Shimmerscale Gauntlets","39040","884","1","0"
"named_recipe","True","True","Leatherworking","165","256763","Shimmerscale Vest","39039","884","0","0"
"named_recipe","True","True","Leatherworking","165","256764","Shimmerscale Treads","39038","884","0","0"
"named_recipe","True","True","Leatherworking","165","256765","Hardened Tempest Boots","39032","883","0","0"
"named_recipe","True","True","Leatherworking","165","256766","Imbued Tempest Boots","39033","883","0","0"
"named_recipe","True","True","Leatherworking","165","256767","Emblazoned Tempest Boots","39034","883","0","0"
"named_recipe","True","True","Leatherworking","165","256768","Hardened Tempest Leggings","39035","883","0","0"
"named_recipe","True","True","Leatherworking","165","256769","Imbued Tempest Leggings","39036","883","0","0"
"named_recipe","True","True","Leatherworking","165","256770","Emblazoned Tempest Leggings","39037","883","0","0"
"named_recipe","True","True","Leatherworking","165","256771","Mistscale Boots","39046","884","0","0"
"named_recipe","True","True","Leatherworking","165","256772","Imbued Mistscale Boots","39047","884","0","0"
"named_recipe","True","True","Leatherworking","165","256773","Emblazoned Mistscale Boots","39048","884","0","0"
"named_recipe","True","True","Leatherworking","165","256774","Mistscale Leggings","39049","884","0","0"
"named_recipe","True","True","Leatherworking","165","256775","Imbued Mistscale Leggings","39050","884","0","0"
"named_recipe","True","True","Leatherworking","165","256776","Emblazoned Mistscale Leggings","39051","884","0","0"
"named_recipe","True","True","Leatherworking","165","256777","Shimmerscale Striker","39056","885","0","0"
"named_recipe","True","True","Leatherworking","165","256778","Coarse Leather Cestus","39057","885","0","0"
"named_recipe","True","True","Leatherworking","165","256779","Mistscale Knuckles","39061","885","0","0"
"named_recipe","True","True","Leatherworking","165","256780","Mistscale Knuckles","39062","885","0","256779"
"named_recipe","True","True","Leatherworking","165","256781","Mistscale Knuckles","39063","885","0","256780"
"named_recipe","True","True","Leatherworking","165","256782","Hardened Tempest Knuckles","39064","885","0","0"
"named_recipe","True","True","Leatherworking","165","256783","Hardened Tempest Knuckles","39065","885","0","256782"
"named_recipe","True","True","Leatherworking","165","256784","Hardened Tempest Knuckles","39066","885","0","256783"
"named_recipe","True","True","Leatherworking","165","256787","Recurve Bow of the Strands","39058","885","0","0"
"named_recipe","True","True","Leatherworking","165","256788","Recurve Bow of the Strands","39059","885","0","256787"
"named_recipe","True","True","Leatherworking","165","256789","Recurve Bow of the Strands","39060","885","0","256788"
"named_recipe","True","True","Leatherworking","165","256790","Coarse Leather Barding","39052","886","0","0"
"named_recipe","True","True","Leatherworking","165","256791","Drums of the Maelstrom","39023","886","0","0"
"named_recipe","True","True","Leatherworking","165","256792","Shimmerscale Diving Suit","39053","886","0","0"
"named_recipe","True","True","Leatherworking","165","256793","Shimmerscale Diving Helmet","39054","886","0","0"
"named_recipe","True","True","Leatherworking","165","269516","Honorable Combatant's Leather Treads","39481","883","0","0"
"named_recipe","True","True","Leatherworking","165","269517","Honorable Combatant's Leather Treads","39494","883","0","269516"
"named_recipe","True","True","Leatherworking","165","269518","Honorable Combatant's Leather Treads","39495","883","0","269517"
"named_recipe","True","True","Leatherworking","165","269519","Honorable Combatant's Leather Gauntlets","39482","883","0","0"
"named_recipe","True","True","Leatherworking","165","269520","Honorable Combatant's Leather Gauntlets","39496","883","0","269519"
"named_recipe","True","True","Leatherworking","165","269521","Honorable Combatant's Leather Gauntlets","39497","883","0","269520"
"named_recipe","True","True","Leatherworking","165","269522","Honorable Combatant's Leather Leggings","39483","883","0","0"
"named_recipe","True","True","Leatherworking","165","269523","Honorable Combatant's Leather Leggings","39498","883","0","269522"
"named_recipe","True","True","Leatherworking","165","269524","Honorable Combatant's Leather Leggings","39499","883","0","269523"
"named_recipe","True","True","Leatherworking","165","269525","Honorable Combatant's Leather Waistguard","39484","883","0","0"
"named_recipe","True","True","Leatherworking","165","269526","Honorable Combatant's Leather Waistguard","39500","883","0","269525"
"named_recipe","True","True","Leatherworking","165","269527","Honorable Combatant's Leather Waistguard","39501","883","0","269526"
"named_recipe","True","True","Leatherworking","165","269528","Honorable Combatant's Leather Armguards","39485","883","0","0"
"named_recipe","True","True","Leatherworking","165","269529","Honorable Combatant's Leather Armguards","39502","883","0","269528"
"named_recipe","True","True","Leatherworking","165","269530","Honorable Combatant's Leather Armguards","39503","883","0","269529"
"named_recipe","True","True","Leatherworking","165","269531","Honorable Combatant's Mail Treads","39486","884","0","0"
"named_recipe","True","True","Leatherworking","165","269532","Honorable Combatant's Mail Treads","39504","884","0","269531"
"named_recipe","True","True","Leatherworking","165","269533","Honorable Combatant's Mail Treads","39505","884","0","269532"
"named_recipe","True","True","Leatherworking","165","269534","Honorable Combatant's Mail Gauntlets","39487","884","0","0"
"named_recipe","True","True","Leatherworking","165","269535","Honorable Combatant's Mail Gauntlets","39506","884","0","269534"
"named_recipe","True","True","Leatherworking","165","269536","Honorable Combatant's Mail Gauntlets","39507","884","0","269535"
"named_recipe","True","True","Leatherworking","165","269537","Honorable Combatant's Mail Leggings","39488","884","0","0"
"named_recipe","True","True","Leatherworking","165","269538","Honorable Combatant's Mail Leggings","39508","884","0","269537"
"named_recipe","True","True","Leatherworking","165","269539","Honorable Combatant's Mail Leggings","39509","884","0","269538"
"named_recipe","True","True","Leatherworking","165","269540","Honorable Combatant's Mail Waistguard","39489","884","0","0"
"named_recipe","True","True","Leatherworking","165","269541","Honorable Combatant's Mail Waistguard","39510","884","0","269540"
"named_recipe","True","True","Leatherworking","165","269542","Honorable Combatant's Mail Waistguard","39511","884","0","269541"
"named_recipe","True","True","Leatherworking","165","269543","Honorable Combatant's Mail Armguards","39490","884","0","0"
"named_recipe","True","True","Leatherworking","165","269544","Honorable Combatant's Mail Armguards","39512","884","0","269543"
"named_recipe","True","True","Leatherworking","165","269545","Honorable Combatant's Mail Armguards","39513","884","0","269544"
"named_recipe","True","True","Leatherworking","165","269552","Honorable Combatant's Bow","39492","885","0","0"
"named_recipe","True","True","Leatherworking","165","269553","Honorable Combatant's Bow","39516","885","0","269552"
"named_recipe","True","True","Leatherworking","165","269554","Honorable Combatant's Bow","39517","885","0","269553"
"named_recipe","True","True","Leatherworking","165","272278","Hardened Tempest Hide","39611","886","0","0"
"named_recipe","True","True","Leatherworking","165","276256","Tempest Hide Pouch","39847","1236","0","0"
"named_recipe","True","True","Leatherworking","165","278423","Amber Rallying Horn","39846","1236","0","0"
"named_recipe","True","True","Leatherworking","165","282277","Sinister Combatant's Bow","40097","885","0","0"
"named_recipe","True","True","Leatherworking","165","282278","Sinister Combatant's Bow","40098","885","0","282277"
"named_recipe","True","True","Leatherworking","165","282281","Sinister Combatant's Bow","40099","885","0","282278"
"named_recipe","True","True","Leatherworking","165","282287","Sinister Combatant's Mail Armguards","40094","884","0","0"
"named_recipe","True","True","Leatherworking","165","282288","Sinister Combatant's Mail Armguards","40095","884","0","282287"
"named_recipe","True","True","Leatherworking","165","282289","Sinister Combatant's Mail Armguards","40096","884","0","282288"
"named_recipe","True","True","Leatherworking","165","282290","Sinister Combatant's Mail Waistguard","40091","884","0","0"
"named_recipe","True","True","Leatherworking","165","282291","Sinister Combatant's Mail Waistguard","40092","884","0","282290"
"named_recipe","True","True","Leatherworking","165","282292","Sinister Combatant's Mail Waistguard","40093","884","0","282291"
"named_recipe","True","True","Leatherworking","165","282302","Sinister Combatant's Mail Leggings","40088","884","0","0"
"named_recipe","True","True","Leatherworking","165","282303","Sinister Combatant's Mail Leggings","40089","884","0","282302"
"named_recipe","True","True","Leatherworking","165","282305","Sinister Combatant's Mail Leggings","40090","884","0","282303"
"named_recipe","True","True","Leatherworking","165","282306","Sinister Combatant's Mail Gauntlets","40085","884","0","0"
"named_recipe","True","True","Leatherworking","165","282307","Sinister Combatant's Mail Gauntlets","40086","884","0","282306"
"named_recipe","True","True","Leatherworking","165","282308","Sinister Combatant's Mail Gauntlets","40087","884","0","282307"
"named_recipe","True","True","Leatherworking","165","282309","Sinister Combatant's Mail Treads","40082","884","0","0"
"named_recipe","True","True","Leatherworking","165","282310","Sinister Combatant's Mail Treads","40083","884","0","282309"
"named_recipe","True","True","Leatherworking","165","282311","Sinister Combatant's Mail Treads","40084","884","0","282310"
"named_recipe","True","True","Leatherworking","165","282312","Sinister Combatant's Leather Armguards","40079","883","0","0"
"named_recipe","True","True","Leatherworking","165","282313","Sinister Combatant's Leather Armguards","40080","883","0","282312"
"named_recipe","True","True","Leatherworking","165","282314","Sinister Combatant's Leather Armguards","40081","883","0","282313"
"named_recipe","True","True","Leatherworking","165","282318","Sinister Combatant's Leather Waistguard","40076","883","0","0"
"named_recipe","True","True","Leatherworking","165","282319","Sinister Combatant's Leather Waistguard","40077","883","0","282318"
"named_recipe","True","True","Leatherworking","165","282320","Sinister Combatant's Leather Waistguard","40078","883","0","282319"
"named_recipe","True","True","Leatherworking","165","282321","Sinister Combatant's Leather Leggings","40073","883","0","0"
"named_recipe","True","True","Leatherworking","165","282322","Sinister Combatant's Leather Leggings","40074","883","0","282321"
"named_recipe","True","True","Leatherworking","165","282323","Sinister Combatant's Leather Leggings","40075","883","0","282322"
"named_recipe","True","True","Leatherworking","165","282324","Sinister Combatant's Leather Gauntlets","40070","883","0","0"
"named_recipe","True","True","Leatherworking","165","282325","Sinister Combatant's Leather Gauntlets","40071","883","0","282324"
"named_recipe","True","True","Leatherworking","165","282326","Sinister Combatant's Leather Gauntlets","40072","883","0","282325"
"named_recipe","True","True","Leatherworking","165","282327","Sinister Combatant's Leather Treads","40067","883","0","0"
"named_recipe","True","True","Leatherworking","165","282328","Sinister Combatant's Leather Treads","40068","883","0","282327"
"named_recipe","True","True","Leatherworking","165","282329","Sinister Combatant's Leather Treads","40069","883","0","282328"
"named_recipe","True","True","Leatherworking","165","285079","Enhanced Mistscale Boots","40163","884","0","0"
"named_recipe","True","True","Leatherworking","165","285080","Enhanced Mistscale Greaves","40166","884","0","0"
"named_recipe","True","True","Leatherworking","165","285083","Enhanced Tempest Boots","40169","883","0","0"
"named_recipe","True","True","Leatherworking","165","285084","Enhanced Tempest Leggings","40172","883","0","0"
"named_recipe","True","True","Leatherworking","165","285087","Fortified Mistscale Boots","40164","884","0","0"
"named_recipe","True","True","Leatherworking","165","285088","Fortified Mistscale Greaves","40167","884","0","0"
"named_recipe","True","True","Leatherworking","165","285091","Fortified Tempest Boots","40170","883","0","0"
"named_recipe","True","True","Leatherworking","165","285092","Fortified Tempest Leggings","40173","883","0","0"
"named_recipe","True","True","Leatherworking","165","285095","Tempered Mistscale Boots","40165","884","0","0"
"named_recipe","True","True","Leatherworking","165","285096","Tempered Mistscale Greaves","40168","884","0","0"
"named_recipe","True","True","Leatherworking","165","285099","Tempered Tempest Boots","40171","883","0","0"
"named_recipe","True","True","Leatherworking","165","285100","Tempered Tempest Leggings","40174","883","0","0"
"named_recipe","True","True","Leatherworking","165","285895","Scarlet Herring Lure","40138","886","0","0"
"named_recipe","True","True","Leatherworking","165","286019","Coarse Leather Barding","40208","886","0","256790"
"named_recipe","True","True","Leatherworking","165","286021","Coarse Leather Barding","40209","886","0","286019"
"named_recipe","True","True","Leatherworking","165","286652","Sanguinated Reskinning","40158","1244","0","0"
"named_recipe","True","True","Leatherworking","165","287273","Aqueous Reskinning","40216","1244","0","0"
"named_recipe","True","True","Leatherworking","165","293076","Mallet of Thunderous Skins","40417","1267","0","0"
"named_recipe","True","True","Leatherworking","165","294796","Notorious Combatant's Leather Treads","40516","883","0","0"
"named_recipe","True","True","Leatherworking","165","294797","Notorious Combatant's Leather Treads","40517","883","0","294796"
"named_recipe","True","True","Leatherworking","165","294798","Notorious Combatant's Leather Treads","40518","883","0","294797"
"named_recipe","True","True","Leatherworking","165","294799","Notorious Combatant's Leather Gauntlets","40519","883","0","0"
"named_recipe","True","True","Leatherworking","165","294800","Notorious Combatant's Leather Gauntlets","40520","883","0","294799"
"named_recipe","True","True","Leatherworking","165","294801","Notorious Combatant's Leather Gauntlets","40521","883","0","294800"
"named_recipe","True","True","Leatherworking","165","294802","Notorious Combatant's Leather Leggings","40522","883","0","0"
"named_recipe","True","True","Leatherworking","165","294803","Notorious Combatant's Leather Leggings","40523","883","0","294802"
"named_recipe","True","True","Leatherworking","165","294804","Notorious Combatant's Leather Leggings","40524","883","0","294803"
"named_recipe","True","True","Leatherworking","165","294805","Notorious Combatant's Leather Waistguard","40525","883","0","0"
"named_recipe","True","True","Leatherworking","165","294806","Notorious Combatant's Leather Waistguard","40526","883","0","294805"
"named_recipe","True","True","Leatherworking","165","294807","Notorious Combatant's Leather Waistguard","40527","883","0","294806"
"named_recipe","True","True","Leatherworking","165","294808","Notorious Combatant's Leather Armguards","40528","883","0","0"
"named_recipe","True","True","Leatherworking","165","294809","Notorious Combatant's Leather Armguards","40529","883","0","294808"
"named_recipe","True","True","Leatherworking","165","294810","Notorious Combatant's Leather Armguards","40530","883","0","294809"
"named_recipe","True","True","Leatherworking","165","294811","Notorious Combatant's Mail Treads","40531","884","0","0"
"named_recipe","True","True","Leatherworking","165","294812","Notorious Combatant's Mail Treads","40532","884","0","294811"
"named_recipe","True","True","Leatherworking","165","294813","Notorious Combatant's Mail Treads","40533","884","0","294812"
"named_recipe","True","True","Leatherworking","165","294814","Notorious Combatant's Mail Gauntlets","40534","884","0","0"
"named_recipe","True","True","Leatherworking","165","294815","Notorious Combatant's Mail Gauntlets","40535","884","0","294814"
"named_recipe","True","True","Leatherworking","165","294816","Notorious Combatant's Mail Gauntlets","40536","884","0","294815"
"named_recipe","True","True","Leatherworking","165","294817","Notorious Combatant's Mail Leggings","40537","884","0","0"
"named_recipe","True","True","Leatherworking","165","294818","Notorious Combatant's Mail Leggings","40538","884","0","294817"
"named_recipe","True","True","Leatherworking","165","294819","Notorious Combatant's Mail Leggings","40539","884","0","294818"
"named_recipe","True","True","Leatherworking","165","294820","Notorious Combatant's Mail Waistguard","40540","884","0","0"
"named_recipe","True","True","Leatherworking","165","294821","Notorious Combatant's Mail Waistguard","40541","884","0","294820"
"named_recipe","True","True","Leatherworking","165","294822","Notorious Combatant's Mail Waistguard","40542","884","0","294821"
"named_recipe","True","True","Leatherworking","165","294823","Notorious Combatant's Mail Armguards","40543","884","0","0"
"named_recipe","True","True","Leatherworking","165","294824","Notorious Combatant's Mail Armguards","40544","884","0","294823"
"named_recipe","True","True","Leatherworking","165","294825","Notorious Combatant's Mail Armguards","40545","884","0","294824"
"named_recipe","True","True","Leatherworking","165","294826","Notorious Combatant's Bow","40546","885","0","0"
"named_recipe","True","True","Leatherworking","165","294827","Notorious Combatant's Bow","40547","885","0","294826"
"named_recipe","True","True","Leatherworking","165","294828","Notorious Combatant's Bow","40548","885","0","294827"
"named_recipe","True","True","Leatherworking","165","299019","Dredged Leather Boots","40725","883","0","0"
"named_recipe","True","True","Leatherworking","165","299020","Reinforced Dredged Boots","40726","883","0","0"
"named_recipe","True","True","Leatherworking","165","299021","Banded Dredged Boots","40727","883","0","0"
"named_recipe","True","True","Leatherworking","165","299022","Dredged Leather Leggings","40728","883","0","0"
"named_recipe","True","True","Leatherworking","165","299023","Reinforced Dredged Leggings","40729","883","0","0"
"named_recipe","True","True","Leatherworking","165","299024","Banded Dredged Leggings","40730","883","0","0"
"named_recipe","True","True","Leatherworking","165","299025","Cragscale Boots","40731","884","0","0"
"named_recipe","True","True","Leatherworking","165","299026","Reinforced Cragscale Boots","40732","884","0","0"
"named_recipe","True","True","Leatherworking","165","299027","Banded Cragscale Boots","40733","884","0","0"
"named_recipe","True","True","Leatherworking","165","299028","Cragscale Greaves","40734","884","0","0"
"named_recipe","True","True","Leatherworking","165","299029","Reinforced Cragscale Greaves","40735","884","0","0"
"named_recipe","True","True","Leatherworking","165","299030","Banded Cragscale Greaves","40736","884","0","0"
"named_recipe","True","True","Leatherworking","165","301405","Dredged Leather Bladder","40906","886","0","0"
"named_recipe","True","True","Leatherworking","165","301411","Comfortable Rider's Barding","40907","1288","0","0"
"named_recipe","True","True","Leatherworking","165","304412","Uncanny Combatant's Leather Treads","40998","883","0","0"
"named_recipe","True","True","Leatherworking","165","304413","Uncanny Combatant's Leather Treads","40999","883","0","304412"
"named_recipe","True","True","Leatherworking","165","304414","Uncanny Combatant's Leather Treads","41000","883","0","304413"
"named_recipe","True","True","Leatherworking","165","304415","Uncanny Combatant's Leather Gauntlets","41001","883","0","0"
"named_recipe","True","True","Leatherworking","165","304416","Uncanny Combatant's Leather Gauntlets","41002","883","0","304415"
"named_recipe","True","True","Leatherworking","165","304417","Uncanny Combatant's Leather Gauntlets","41003","883","0","304416"
"named_recipe","True","True","Leatherworking","165","304418","Uncanny Combatant's Leather Leggings","41004","883","0","0"
"named_recipe","True","True","Leatherworking","165","304419","Uncanny Combatant's Leather Leggings","41005","883","0","304418"
"named_recipe","True","True","Leatherworking","165","304420","Uncanny Combatant's Leather Leggings","41006","883","0","304419"
"named_recipe","True","True","Leatherworking","165","304421","Uncanny Combatant's Leather Waistguard","41007","883","0","0"
"named_recipe","True","True","Leatherworking","165","304422","Uncanny Combatant's Leather Waistguard","41008","883","0","304421"
"named_recipe","True","True","Leatherworking","165","304423","Uncanny Combatant's Leather Waistguard","41009","883","0","304422"
"named_recipe","True","True","Leatherworking","165","304424","Uncanny Combatant's Leather Armguards","41010","883","0","0"
"named_recipe","True","True","Leatherworking","165","304425","Uncanny Combatant's Leather Armguards","41011","883","0","304424"
"named_recipe","True","True","Leatherworking","165","304426","Uncanny Combatant's Leather Armguards","41012","883","0","304425"
"named_recipe","True","True","Leatherworking","165","304427","Uncanny Combatant's Mail Treads","41013","884","0","0"
"named_recipe","True","True","Leatherworking","165","304428","Uncanny Combatant's Mail Treads","41014","884","0","304427"
"named_recipe","True","True","Leatherworking","165","304429","Uncanny Combatant's Mail Treads","41015","884","0","304428"
"named_recipe","True","True","Leatherworking","165","304430","Uncanny Combatant's Mail Gauntlets","41016","884","0","0"
"named_recipe","True","True","Leatherworking","165","304431","Uncanny Combatant's Mail Gauntlets","41017","884","0","304430"
"named_recipe","True","True","Leatherworking","165","304432","Uncanny Combatant's Mail Gauntlets","41018","884","0","304431"
"named_recipe","True","True","Leatherworking","165","304433","Uncanny Combatant's Mail Leggings","41019","884","0","0"
"named_recipe","True","True","Leatherworking","165","304434","Uncanny Combatant's Mail Leggings","41020","884","0","304433"
"named_recipe","True","True","Leatherworking","165","304435","Uncanny Combatant's Mail Leggings","41021","884","0","304434"
"named_recipe","True","True","Leatherworking","165","304436","Uncanny Combatant's Mail Waistguard","41022","884","0","0"
"named_recipe","True","True","Leatherworking","165","304437","Uncanny Combatant's Mail Waistguard","41023","884","0","304436"
"named_recipe","True","True","Leatherworking","165","304438","Uncanny Combatant's Mail Waistguard","41024","884","0","304437"
"named_recipe","True","True","Leatherworking","165","304439","Uncanny Combatant's Mail Armguards","41025","884","0","0"
"named_recipe","True","True","Leatherworking","165","304440","Uncanny Combatant's Mail Armguards","41026","884","0","304439"
"named_recipe","True","True","Leatherworking","165","304441","Uncanny Combatant's Mail Armguards","41027","884","0","304440"
"named_recipe","True","True","Leatherworking","165","304442","Uncanny Combatant's Bow","42291","885","0","0"
"named_recipe","True","True","Leatherworking","165","304443","Uncanny Combatant's Bow","42292","885","0","304442"
"named_recipe","True","True","Leatherworking","165","304444","Uncanny Combatant's Bow","42293","885","0","304443"
"named_recipe","True","True","Leatherworking","165","305795","Maddening Dredged Leather Boots","41116","883","0","0"
"named_recipe","True","True","Leatherworking","165","305796","Unsettling Dredged Leather Boots","41068","883","0","0"
"named_recipe","True","True","Leatherworking","165","305798","Maddening Dredged Leather Leggings","41119","883","0","0"
"named_recipe","True","True","Leatherworking","165","305799","Eldritch Dredged Leather Leggings","41120","883","0","0"
"named_recipe","True","True","Leatherworking","165","305800","Unsettling Cragscale Greaves","41072","884","0","0"
"named_recipe","True","True","Leatherworking","165","305801","Eldritch Cragscale Boots","41071","884","0","0"
"named_recipe","True","True","Leatherworking","165","305802","Maddening Cragscale Boots","41070","884","0","0"
"named_recipe","True","True","Leatherworking","165","305803","Unsettling Cragscale Boots","41069","884","0","0"
"named_recipe","True","True","Leatherworking","165","305804","Unsettling Dredged Leather Leggings","41118","883","0","0"
"named_recipe","True","True","Leatherworking","165","305805","Eldritch Dredged Leather Boots","41117","883","0","0"
"named_recipe","True","True","Leatherworking","165","305806","Maddening Cragscale Greaves","41073","884","0","0"
"named_recipe","True","True","Leatherworking","165","305807","Eldritch Cragscale Greaves","41074","884","0","0"
"named_recipe","True","True","Leatherworking","165","307176","Void Focus","42349","1308","0","0"
"current_house_decor_recipe","True","True","Leatherworking","165","1260485","Zandalari Ritual Drum","56004","2388","0","0"
"current_house_decor_recipe","True","True","Leatherworking","165","1263859","Sandfury Diplomat's Banner","56399","2388","0","0"
"named_recipe","True","True","Tailoring","197","257095","Tidespray Linen Sandals","39073","944","0","0"
"named_recipe","True","True","Tailoring","197","257096","Tidespray Linen Mittens","39078","944","1","0"
"named_recipe","True","True","Tailoring","197","257097","Tidespray Linen Hood","39079","944","0","0"
"named_recipe","True","True","Tailoring","197","257099","Tidespray Linen Pants","39080","944","0","0"
"named_recipe","True","True","Tailoring","197","257101","Tidespray Linen Spaulders","39081","944","0","0"
"named_recipe","True","True","Tailoring","197","257102","Tidespray Linen Belt","39082","944","0","0"
"named_recipe","True","True","Tailoring","197","257103","Tidespray Linen Bracers","39083","944","1","0"
"named_recipe","True","True","Tailoring","197","257104","Tidespray Linen Robe","39074","944","0","0"
"named_recipe","True","True","Tailoring","197","257107","Tidespray Linen Cloak","39077","944","0","0"
"named_recipe","True","True","Tailoring","197","257114","Embroidered Deep Sea Cloak","39090","944","0","0"
"named_recipe","True","True","Tailoring","197","257115","Embroidered Deep Sea Cloak","39091","944","0","257114"
"named_recipe","True","True","Tailoring","197","257116","Embroidered Deep Sea Cloak","39092","944","0","257115"
"named_recipe","True","True","Tailoring","197","257118","Embroidered Deep Sea Gloves","39093","944","0","0"
"named_recipe","True","True","Tailoring","197","257120","Imbued Deep Sea Gloves","39094","944","0","0"
"named_recipe","True","True","Tailoring","197","257121","Emblazoned Deep Sea Gloves","39095","944","0","0"
"named_recipe","True","True","Tailoring","197","257122","Embroidered Deep Sea Breeches","39096","944","0","0"
"named_recipe","True","True","Tailoring","197","257123","Imbued Deep Sea Breeches","39097","944","0","0"
"named_recipe","True","True","Tailoring","197","257124","Emblazoned Deep Sea Breeches","39098","944","0","0"
"named_recipe","True","True","Tailoring","197","257125","Deep Sea Bag","39067","943","0","0"
"named_recipe","True","True","Tailoring","197","257126","Deep Sea Bag","39068","943","0","257125"
"named_recipe","True","True","Tailoring","197","257127","Deep Sea Bag","39069","943","0","257126"
"named_recipe","True","True","Tailoring","197","257128","Embroidered Deep Sea Bag","39070","943","0","0"
"named_recipe","True","True","Tailoring","197","257129","Embroidered Deep Sea Bag","39071","943","0","257128"
"named_recipe","True","True","Tailoring","197","257130","Embroidered Deep Sea Bag","39072","943","0","257129"
"named_recipe","True","True","Tailoring","197","257131","Battle Flag: Spirit of Freedom","39099","945","0","0"
"named_recipe","True","True","Tailoring","197","257132","Battle Flag: Spirit of Freedom","39100","945","0","257131"
"named_recipe","True","True","Tailoring","197","257133","Battle Flag: Spirit of Freedom","39101","945","0","257132"
"named_recipe","True","True","Tailoring","197","257134","Battle Flag: Phalanx Defense","39102","945","0","0"
"named_recipe","True","True","Tailoring","197","257135","Battle Flag: Phalanx Defense","39103","945","0","257134"
"named_recipe","True","True","Tailoring","197","257136","Battle Flag: Phalanx Defense","39104","945","0","257135"
"named_recipe","True","True","Tailoring","197","257137","Battle Flag: Rallying Swiftness","39105","945","0","0"
"named_recipe","True","True","Tailoring","197","257138","Battle Flag: Rallying Swiftness","39106","945","0","257137"
"named_recipe","True","True","Tailoring","197","257139","Battle Flag: Rallying Swiftness","39107","945","0","257138"
"named_recipe","True","True","Tailoring","197","267201","Tidespray Linen Bandage","39336","1086","0","0"
"named_recipe","True","True","Tailoring","197","267202","Deep Sea Bandage","39337","1086","0","0"
"named_recipe","True","True","Tailoring","197","268982","Tidespray Linen Net","39429","946","0","0"
"named_recipe","True","True","Tailoring","197","268983","Hooked Deep Sea Net","39430","946","0","0"
"named_recipe","True","True","Tailoring","197","269596","Honorable Combatant's Satin Cloak","39520","944","0","0"
"named_recipe","True","True","Tailoring","197","269597","Honorable Combatant's Satin Cloak","39521","944","0","269596"
"named_recipe","True","True","Tailoring","197","269598","Honorable Combatant's Satin Cloak","39522","944","0","269597"
"named_recipe","True","True","Tailoring","197","269599","Honorable Combatant's Satin Boots","39523","944","0","0"
"named_recipe","True","True","Tailoring","197","269600","Honorable Combatant's Satin Boots","39524","944","0","269599"
"named_recipe","True","True","Tailoring","197","269601","Honorable Combatant's Satin Boots","39525","944","0","269600"
"named_recipe","True","True","Tailoring","197","269602","Honorable Combatant's Satin Mittens","39526","944","0","0"
"named_recipe","True","True","Tailoring","197","269603","Honorable Combatant's Satin Mittens","39527","944","0","269602"
"named_recipe","True","True","Tailoring","197","269604","Honorable Combatant's Satin Mittens","39528","944","0","269603"
"named_recipe","True","True","Tailoring","197","269605","Honorable Combatant's Satin Pants","39529","944","0","0"
"named_recipe","True","True","Tailoring","197","269606","Honorable Combatant's Satin Pants","39530","944","0","269605"
"named_recipe","True","True","Tailoring","197","269607","Honorable Combatant's Satin Pants","39531","944","0","269606"
"named_recipe","True","True","Tailoring","197","269608","Honorable Combatant's Satin Belt","39532","944","0","0"
"named_recipe","True","True","Tailoring","197","269609","Honorable Combatant's Satin Belt","39533","944","0","269608"
"named_recipe","True","True","Tailoring","197","269610","Honorable Combatant's Satin Belt","39534","944","0","269609"
"named_recipe","True","True","Tailoring","197","269611","Honorable Combatant's Satin Bracers","39535","944","0","0"
"named_recipe","True","True","Tailoring","197","269612","Honorable Combatant's Satin Bracers","39536","944","0","269611"
"named_recipe","True","True","Tailoring","197","269613","Honorable Combatant's Satin Bracers","39537","944","0","269612"
"named_recipe","True","True","Tailoring","197","272440","Embroidered Deep Sea Satin","39612","1116","0","0"
"named_recipe","True","True","Tailoring","197","278414","Rough-hooked Tidespray Linen","39838","1230","0","0"
"named_recipe","True","True","Tailoring","197","279182","Resilient Spellthread","39870","1116","0","0"
"named_recipe","True","True","Tailoring","197","279183","Discreet Spellthread","39868","1116","0","0"
"named_recipe","True","True","Tailoring","197","279184","Feathery Spellthread","39869","1116","0","0"
"named_recipe","True","True","Tailoring","197","282164","Sinister Combatant's Satin Bracers","40115","944","0","0"
"named_recipe","True","True","Tailoring","197","282165","Sinister Combatant's Satin Bracers","40116","944","0","282164"
"named_recipe","True","True","Tailoring","197","282166","Sinister Combatant's Satin Bracers","40117","944","0","282165"
"named_recipe","True","True","Tailoring","197","282168","Sinister Combatant's Satin Belt","40112","944","0","0"
"named_recipe","True","True","Tailoring","197","282169","Sinister Combatant's Satin Belt","40113","944","0","282168"
"named_recipe","True","True","Tailoring","197","282170","Sinister Combatant's Satin Belt","40114","944","0","282169"
"named_recipe","True","True","Tailoring","197","282175","Sinister Combatant's Satin Pants","40109","944","0","0"
"named_recipe","True","True","Tailoring","197","282176","Sinister Combatant's Satin Pants","40110","944","0","282175"
"named_recipe","True","True","Tailoring","197","282177","Sinister Combatant's Satin Pants","40111","944","0","282176"
"named_recipe","True","True","Tailoring","197","282191","Sinister Combatant's Satin Mittens","40106","944","0","0"
"named_recipe","True","True","Tailoring","197","282192","Sinister Combatant's Satin Mittens","40107","944","0","282191"
"named_recipe","True","True","Tailoring","197","282193","Sinister Combatant's Satin Mittens","40108","944","0","282192"
"named_recipe","True","True","Tailoring","197","282194","Sinister Combatant's Satin Boots","40103","944","0","0"
"named_recipe","True","True","Tailoring","197","282195","Sinister Combatant's Satin Boots","40104","944","0","282194"
"named_recipe","True","True","Tailoring","197","282196","Sinister Combatant's Satin Boots","40105","944","0","282195"
"named_recipe","True","True","Tailoring","197","282204","Sinister Combatant's Satin Cloak","40100","944","0","0"
"named_recipe","True","True","Tailoring","197","282275","Sinister Combatant's Satin Cloak","40101","944","0","282204"
"named_recipe","True","True","Tailoring","197","282276","Sinister Combatant's Satin Cloak","40102","944","0","282275"
"named_recipe","True","True","Tailoring","197","285077","Enhanced Deep Sea Breeches","40184","944","0","0"
"named_recipe","True","True","Tailoring","197","285078","Enhanced Deep Sea Gloves","40181","944","0","0"
"named_recipe","True","True","Tailoring","197","285085","Fortified Deep Sea Breeches","40185","944","0","0"
"named_recipe","True","True","Tailoring","197","285086","Fortified Deep Sea Gloves","40182","944","0","0"
"named_recipe","True","True","Tailoring","197","285093","Tempered Deep Sea Breeches","40186","944","0","0"
"named_recipe","True","True","Tailoring","197","285094","Tempered Deep Sea Gloves","40183","944","0","0"
"named_recipe","True","True","Tailoring","197","286654","Sanguinated Alteration","40159","1245","0","0"
"named_recipe","True","True","Tailoring","197","287274","Aqueous Alteration","40217","1245","0","0"
"named_recipe","True","True","Tailoring","197","292946","Synchronous Thread","40415","1266","0","0"
"named_recipe","True","True","Tailoring","197","294829","Notorious Combatant's Satin Cloak","40549","944","0","0"
"named_recipe","True","True","Tailoring","197","294830","Notorious Combatant's Satin Cloak","40550","944","0","294829"
"named_recipe","True","True","Tailoring","197","294831","Notorious Combatant's Satin Cloak","40551","944","0","294830"
"named_recipe","True","True","Tailoring","197","294832","Notorious Combatant's Satin Boots","40552","944","0","0"
"named_recipe","True","True","Tailoring","197","294833","Notorious Combatant's Satin Boots","40553","944","0","294832"
"named_recipe","True","True","Tailoring","197","294834","Notorious Combatant's Satin Boots","40554","944","0","294833"
"named_recipe","True","True","Tailoring","197","294835","Notorious Combatant's Satin Mittens","40555","944","0","0"
"named_recipe","True","True","Tailoring","197","294836","Notorious Combatant's Satin Mittens","40556","944","0","294835"
"named_recipe","True","True","Tailoring","197","294837","Notorious Combatant's Satin Mittens","40557","944","0","294836"
"named_recipe","True","True","Tailoring","197","294838","Notorious Combatant's Satin Pants","40558","944","0","0"
"named_recipe","True","True","Tailoring","197","294839","Notorious Combatant's Satin Pants","40559","944","0","294838"
"named_recipe","True","True","Tailoring","197","294840","Notorious Combatant's Satin Pants","40560","944","0","294839"
"named_recipe","True","True","Tailoring","197","294841","Notorious Combatant's Satin Belt","40561","944","0","0"
"named_recipe","True","True","Tailoring","197","294842","Notorious Combatant's Satin Belt","40562","944","0","294841"
"named_recipe","True","True","Tailoring","197","294843","Notorious Combatant's Satin Belt","40563","944","0","294842"
"named_recipe","True","True","Tailoring","197","294844","Notorious Combatant's Satin Bracers","40564","944","0","0"
"named_recipe","True","True","Tailoring","197","294845","Notorious Combatant's Satin Bracers","40565","944","0","294844"
"named_recipe","True","True","Tailoring","197","294846","Notorious Combatant's Satin Bracers","40566","944","0","294845"
"named_recipe","True","True","Tailoring","197","299031","Gilded Seaweave Gloves","40737","944","0","0"
"named_recipe","True","True","Tailoring","197","299032","Reinforced Seaweave Gloves","40738","944","0","0"
"named_recipe","True","True","Tailoring","197","299033","Banded Seaweave Gloves","40739","944","0","0"
"named_recipe","True","True","Tailoring","197","299034","Gilded Seaweave Breeches","40740","944","0","0"
"named_recipe","True","True","Tailoring","197","299035","Reinforced Seaweave Breeches","40741","944","0","0"
"named_recipe","True","True","Tailoring","197","299036","Banded Seaweave Breeches","40742","944","0","0"
"named_recipe","True","True","Tailoring","197","301403","Seabreeze Saddle Blanket","40904","1289","0","0"
"named_recipe","True","True","Tailoring","197","301409","Saddlechute","40905","1289","0","0"
"named_recipe","True","True","Tailoring","197","304559","Unsettling Seaweave Gloves","41032","944","0","0"
"named_recipe","True","True","Tailoring","197","304560","Maddening Seaweave Gloves","41033","944","0","0"
"named_recipe","True","True","Tailoring","197","304561","Eldritch Seaweave Gloves","41034","944","0","0"
"named_recipe","True","True","Tailoring","197","304562","Unsettling Seaweave Breeches","41035","944","0","0"
"named_recipe","True","True","Tailoring","197","304563","Maddening Seaweave Breeches","41036","944","0","0"
"named_recipe","True","True","Tailoring","197","304564","Eldritch Seaweave Breeches","41037","944","0","0"
"named_recipe","True","True","Tailoring","197","304565","Uncanny Combatant's Satin Cloak","41038","944","0","0"
"named_recipe","True","True","Tailoring","197","304566","Uncanny Combatant's Satin Cloak","41041","944","0","304565"
"named_recipe","True","True","Tailoring","197","304567","Uncanny Combatant's Satin Cloak","41042","944","0","304566"
"named_recipe","True","True","Tailoring","197","304568","Uncanny Combatant's Satin Boots","41043","944","0","0"
"named_recipe","True","True","Tailoring","197","304569","Uncanny Combatant's Satin Boots","41044","944","0","304568"
"named_recipe","True","True","Tailoring","197","304570","Uncanny Combatant's Satin Boots","41045","944","0","304569"
"named_recipe","True","True","Tailoring","197","304571","Uncanny Combatant's Satin Mittens","41046","944","0","0"
"named_recipe","True","True","Tailoring","197","304572","Uncanny Combatant's Satin Mittens","41047","944","0","304571"
"named_recipe","True","True","Tailoring","197","304573","Uncanny Combatant's Satin Mittens","41048","944","0","304572"
"named_recipe","True","True","Tailoring","197","304574","Uncanny Combatant's Satin Pants","41049","944","0","0"
"named_recipe","True","True","Tailoring","197","304575","Uncanny Combatant's Satin Pants","41050","944","0","304574"
"named_recipe","True","True","Tailoring","197","304576","Uncanny Combatant's Satin Pants","41051","944","0","304575"
"named_recipe","True","True","Tailoring","197","304577","Uncanny Combatant's Satin Belt","41052","944","0","0"
"named_recipe","True","True","Tailoring","197","304578","Uncanny Combatant's Satin Belt","41053","944","0","304577"
"named_recipe","True","True","Tailoring","197","304579","Uncanny Combatant's Satin Belt","41054","944","0","304578"
"named_recipe","True","True","Tailoring","197","304580","Uncanny Combatant's Satin Bracers","41055","944","0","0"
"named_recipe","True","True","Tailoring","197","304581","Uncanny Combatant's Satin Bracers","41056","944","0","304580"
"named_recipe","True","True","Tailoring","197","304582","Uncanny Combatant's Satin Bracers","41057","944","0","304581"
"named_recipe","True","True","Tailoring","197","307175","Void Focus","42350","1309","0","0"
"current_house_decor_recipe","True","True","Tailoring","197","1260458","Red Dazar'alor Rug","55996","2389","0","0"
"current_house_decor_recipe","True","True","Tailoring","197","1260475","Zanchuli Tapestry","56003","2389","0","0"
