"decision","decision_basis","expansion","quest_id","node_count","source_addons","source_files","coordinates","criteria_ids","comments"
"already_achievement_or_quest_backed","quest_or_criteria_already_present_in_collectionist_treasure_data","mists_of_pandaria","31396","1","HandyNotes_MistsOfPandariaTreasures","JadeForest.lua","51229999","","The Jade Forest"
"already_achievement_or_quest_backed","quest_or_criteria_already_present_in_collectionist_treasure_data","mists_of_pandaria","31397","1","HandyNotes_MistsOfPandariaTreasures","JadeForest.lua","39400730","","Wodin's Mantid Shaker"
"already_achievement_or_quest_backed","quest_or_criteria_already_present_in_collectionist_treasure_data","mists_of_pandaria","31399","2","HandyNotes_MistsOfPandariaTreasures","JadeForest.lua","38231394;46102920","","Ancient Pandaren Mining Pick"
"already_achievement_or_quest_backed","quest_or_criteria_already_present_in_collectionist_treasure_data","mists_of_pandaria","31400","1","HandyNotes_MistsOfPandariaTreasures","JadeForest.lua","26223235","","Ancient Pandaren Tea Pot"
"already_achievement_or_quest_backed","quest_or_criteria_already_present_in_collectionist_treasure_data","mists_of_pandaria","31401","1","HandyNotes_MistsOfPandariaTreasures","JadeForest.lua","31962775","","Lucky Pandaren Coin"
"already_achievement_or_quest_backed","quest_or_criteria_already_present_in_collectionist_treasure_data","mists_of_pandaria","31402","2","HandyNotes_MistsOfPandariaTreasures","JadeForest.lua","46207120;47106740","","Ancient Jinyu Staff"
"already_achievement_or_quest_backed","quest_or_criteria_already_present_in_collectionist_treasure_data","mists_of_pandaria","31403","3","HandyNotes_MistsOfPandariaTreasures","JadeForest.lua","41201390;41801760;43001160","","Hammer of Ten Thunders"
"already_achievement_or_quest_backed","quest_or_criteria_already_present_in_collectionist_treasure_data","mists_of_pandaria","31404","1","HandyNotes_MistsOfPandariaTreasures","JadeForest.lua","23493505","","Pandaren Ritual Stone"
"already_achievement_or_quest_backed","quest_or_criteria_already_present_in_collectionist_treasure_data","mists_of_pandaria","31405","1","HandyNotes_MistsOfPandariaTreasures","ValleyOfTheFourWinds.lua","23712833","",""
"already_achievement_or_quest_backed","quest_or_criteria_already_present_in_collectionist_treasure_data","mists_of_pandaria","31406","1","HandyNotes_MistsOfPandariaTreasures","ValleyOfTheFourWinds.lua","43603740","","Valley of the Four Winds"
"already_achievement_or_quest_backed","quest_or_criteria_already_present_in_collectionist_treasure_data","mists_of_pandaria","31407","5","HandyNotes_MistsOfPandariaTreasures","ValleyOfTheFourWinds.lua","14903360;15402920;17503570;19004250;19103780","","Staff of the Hidden Master"
"already_achievement_or_quest_backed","quest_or_criteria_already_present_in_collectionist_treasure_data","mists_of_pandaria","31408","1","HandyNotes_MistsOfPandariaTreasures","ValleyOfTheFourWinds.lua","75105510","","Saurok Stone Tablet"
"already_achievement_or_quest_backed","quest_or_criteria_already_present_in_collectionist_treasure_data","mists_of_pandaria","31409","1","HandyNotes_MistsOfPandariaTreasures","KrasarangWilds.lua","50804930","","Pandaren Fishing Spear"
"already_achievement_or_quest_backed","quest_or_criteria_already_present_in_collectionist_treasure_data","mists_of_pandaria","31410","1","HandyNotes_MistsOfPandariaTreasures","KrasarangWilds.lua","42409200","","Plankwalking Greaves"
"already_achievement_or_quest_backed","quest_or_criteria_already_present_in_collectionist_treasure_data","mists_of_pandaria","31411","1","HandyNotes_MistsOfPandariaTreasures","KrasarangWilds.lua","52308870","","Recipe: Banana Infused Rum"
"already_achievement_or_quest_backed","quest_or_criteria_already_present_in_collectionist_treasure_data","mists_of_pandaria","31412","2","HandyNotes_MistsOfPandariaTreasures","KunLaiSummit.lua","54706980;73107350","","Kun Lai Summit"
"already_achievement_or_quest_backed","quest_or_criteria_already_present_in_collectionist_treasure_data","mists_of_pandaria","31413","2","HandyNotes_MistsOfPandariaTreasures","KunLaiSummit.lua","24106580;52907140","","Hozen Warrior Spear"
"already_achievement_or_quest_backed","quest_or_criteria_already_present_in_collectionist_treasure_data","mists_of_pandaria","31414","1","HandyNotes_MistsOfPandariaTreasures","KunLaiSummit.lua","50366177","",""
"already_achievement_or_quest_backed","quest_or_criteria_already_present_in_collectionist_treasure_data","mists_of_pandaria","31415","1","HandyNotes_MistsOfPandariaTreasures","KunLaiSummit.lua","59405300","",""
"already_achievement_or_quest_backed","quest_or_criteria_already_present_in_collectionist_treasure_data","mists_of_pandaria","31416","1","HandyNotes_MistsOfPandariaTreasures","KunLaiSummit.lua","72013396","","Statue of Xuen"
"already_achievement_or_quest_backed","quest_or_criteria_already_present_in_collectionist_treasure_data","mists_of_pandaria","31417","1","HandyNotes_MistsOfPandariaTreasures","KunLaiSummit.lua","44705240","","Tablet of Ren Yun"
"already_achievement_or_quest_backed","quest_or_criteria_already_present_in_collectionist_treasure_data","mists_of_pandaria","31418","1","HandyNotes_MistsOfPandariaTreasures","KunLaiSummit.lua","36747982","",""
"already_achievement_or_quest_backed","quest_or_criteria_already_present_in_collectionist_treasure_data","mists_of_pandaria","31419","1","HandyNotes_MistsOfPandariaTreasures","KunLaiSummit.lua","52575154","","Rikktik's Tick Remover"
"already_achievement_or_quest_backed","quest_or_criteria_already_present_in_collectionist_treasure_data","mists_of_pandaria","31420","1","HandyNotes_MistsOfPandariaTreasures","KunLaiSummit.lua","64234513","","Ancient Mogu Tablet"
"already_achievement_or_quest_backed","quest_or_criteria_already_present_in_collectionist_treasure_data","mists_of_pandaria","31421","1","HandyNotes_MistsOfPandariaTreasures","KunLaiSummit.lua","71206260","","Sturdy Yaungol Spear"
"already_achievement_or_quest_backed","quest_or_criteria_already_present_in_collectionist_treasure_data","mists_of_pandaria","31422","1","HandyNotes_MistsOfPandariaTreasures","KunLaiSummit.lua","59247303","","Terracotta Head"
"already_achievement_or_quest_backed","quest_or_criteria_already_present_in_collectionist_treasure_data","mists_of_pandaria","31423","5","HandyNotes_MistsOfPandariaTreasures","TownlongSteppes.lua","32806160;36908760;48408860;56406480;64502150","","Fragment of Dread"
"already_achievement_or_quest_backed","quest_or_criteria_already_present_in_collectionist_treasure_data","mists_of_pandaria","31424","2","HandyNotes_MistsOfPandariaTreasures","TownlongSteppes.lua","52845617;57505850","","Hardened Sap of Kri'vess"
"already_achievement_or_quest_backed","quest_or_criteria_already_present_in_collectionist_treasure_data","mists_of_pandaria","31425","2","HandyNotes_MistsOfPandariaTreasures","TownlongSteppes.lua","66304470;66804800","","Yaungol Fire Carrier"
"already_achievement_or_quest_backed","quest_or_criteria_already_present_in_collectionist_treasure_data","mists_of_pandaria","31426","1","HandyNotes_MistsOfPandariaTreasures","TownlongSteppes.lua","65838608","","Amber Encased Moth"
"already_achievement_or_quest_backed","quest_or_criteria_already_present_in_collectionist_treasure_data","mists_of_pandaria","31427","1","HandyNotes_MistsOfPandariaTreasures","TownlongSteppes.lua","62823405","",""
"already_achievement_or_quest_backed","quest_or_criteria_already_present_in_collectionist_treasure_data","mists_of_pandaria","31429","1","HandyNotes_MistsOfPandariaTreasures","DreadWastes.lua","71803610","","Wind-Reaver's Dagger of Quick Strikes"
"already_achievement_or_quest_backed","quest_or_criteria_already_present_in_collectionist_treasure_data","mists_of_pandaria","31430","1","HandyNotes_MistsOfPandariaTreasures","DreadWastes.lua","48703000","","Malik's Stalwart Spear"
"already_achievement_or_quest_backed","quest_or_criteria_already_present_in_collectionist_treasure_data","mists_of_pandaria","31431","1","HandyNotes_MistsOfPandariaTreasures","DreadWastes.lua","33003010","","Lucid Amulet of the Agile Mind"
"already_achievement_or_quest_backed","quest_or_criteria_already_present_in_collectionist_treasure_data","mists_of_pandaria","31433","1","HandyNotes_MistsOfPandariaTreasures","DreadWastes.lua","66306660","","Blade of the Prime"
"already_achievement_or_quest_backed","quest_or_criteria_already_present_in_collectionist_treasure_data","mists_of_pandaria","31434","1","HandyNotes_MistsOfPandariaTreasures","DreadWastes.lua","56607780","","Swarming Cleaver of Ka'roz"
"already_achievement_or_quest_backed","quest_or_criteria_already_present_in_collectionist_treasure_data","mists_of_pandaria","31435","1","HandyNotes_MistsOfPandariaTreasures","DreadWastes.lua","30209080","","Dissector's Staff of Mutation"
"already_achievement_or_quest_backed","quest_or_criteria_already_present_in_collectionist_treasure_data","mists_of_pandaria","31436","1","HandyNotes_MistsOfPandariaTreasures","DreadWastes.lua","25905030","","Bloodsoaked Chitin Fragment"
"already_achievement_or_quest_backed","quest_or_criteria_already_present_in_collectionist_treasure_data","mists_of_pandaria","31437","1","HandyNotes_MistsOfPandariaTreasures","DreadWastes.lua","54305650","","Swarmkeeper's Medallion"
"already_achievement_or_quest_backed","quest_or_criteria_already_present_in_collectionist_treasure_data","mists_of_pandaria","31438","1","HandyNotes_MistsOfPandariaTreasures","DreadWastes.lua","28804190","","Blade of the Poisoned Mind"
"quest_identity_navigation_candidate","stable_quest_flag_in_installed_handynotes_table_provider","mists_of_pandaria","31864","1","HandyNotes_MistsOfPandariaTreasures","JadeForest.lua","24005300","",""
"quest_identity_navigation_candidate","stable_quest_flag_in_installed_handynotes_table_provider","mists_of_pandaria","31865","1","HandyNotes_MistsOfPandariaTreasures","JadeForest.lua","46308070","",""
"quest_identity_navigation_candidate","stable_quest_flag_in_installed_handynotes_table_provider","mists_of_pandaria","31866","1","HandyNotes_MistsOfPandariaTreasures","JadeForest.lua","62452752","","Rares"
"quest_identity_navigation_candidate","stable_quest_flag_in_installed_handynotes_table_provider","mists_of_pandaria","31868","1","HandyNotes_MistsOfPandariaTreasures","KunLaiSummit.lua","47887350","","Rares"
"quest_identity_navigation_candidate","stable_quest_flag_in_installed_handynotes_table_provider","mists_of_pandaria","31869","1","HandyNotes_MistsOfPandariaTreasures","ValleyOfTheFourWinds.lua","92003900","","Boat-Building Instructions"
"already_achievement_or_quest_backed","quest_or_criteria_already_present_in_collectionist_treasure_data","wod","32803","1","HandyNotes_TreasureHunter","FrostfireRidge.lua","34202350","",""
"already_achievement_or_quest_backed","quest_or_criteria_already_present_in_collectionist_treasure_data","mists_of_pandaria","32956","1","HandyNotes_MistsOfPandariaTreasures","TimelessIsle.lua","17205730","24022","Blackguard's Jetsam"
"already_achievement_or_quest_backed","quest_or_criteria_already_present_in_collectionist_treasure_data","mists_of_pandaria","32957","1","HandyNotes_MistsOfPandariaTreasures","TimelessIsle.lua","40009200","24021","Sunken Treasure"
"already_achievement_or_quest_backed","quest_or_criteria_already_present_in_collectionist_treasure_data","mists_of_pandaria","32968","1","HandyNotes_MistsOfPandariaTreasures","TimelessIsle.lua","53944722","24019","Rope-Bound Treasure Chest"
"already_achievement_or_quest_backed","quest_or_criteria_already_present_in_collectionist_treasure_data","mists_of_pandaria","32969","1","HandyNotes_MistsOfPandariaTreasures","TimelessIsle.lua","49666940","24018","Gleaming Treasure Chest"
"already_achievement_or_quest_backed","quest_or_criteria_already_present_in_collectionist_treasure_data","mists_of_pandaria","32970","1","HandyNotes_MistsOfPandariaTreasures","TimelessIsle.lua","71308000","24023","Gleaming Treasure Satchel"
"already_achievement_or_quest_backed","quest_or_criteria_already_present_in_collectionist_treasure_data","mists_of_pandaria","32971","1","HandyNotes_MistsOfPandariaTreasures","TimelessIsle.lua","58706010","24020","Mist-Covered Treasure Chest"
"already_achievement_or_quest_backed","quest_or_criteria_already_present_in_collectionist_treasure_data","wod","33017","1","HandyNotes_TreasureHunter","FrostfireRidge.lua","69006910","",""
"quest_identity_navigation_candidate","stable_quest_flag_in_installed_handynotes_table_provider","wod","33037","1","HandyNotes_TreasureHunter","ShadowmoonValley.lua","51803550","","followers"
"already_achievement_or_quest_backed","quest_or_criteria_already_present_in_collectionist_treasure_data","wod","33041","1","HandyNotes_TreasureHunter","ShadowmoonValley.lua","42106130","",""
"already_achievement_or_quest_backed","quest_or_criteria_already_present_in_collectionist_treasure_data","wod","33046","1","HandyNotes_TreasureHunter","ShadowmoonValley.lua","36804140","",""
"quest_identity_navigation_candidate","stable_quest_flag_in_installed_handynotes_table_provider","mists_of_pandaria","33170","1","HandyNotes_MistsOfPandariaTreasures","TimelessIsle.lua","36703410","","Three-Breeze Terrace"
"quest_identity_navigation_candidate","stable_quest_flag_in_installed_handynotes_table_provider","mists_of_pandaria","33171","1","HandyNotes_MistsOfPandariaTreasures","TimelessIsle.lua","25502720","","Misty Strand"
"quest_identity_navigation_candidate","stable_quest_flag_in_installed_handynotes_table_provider","mists_of_pandaria","33172","1","HandyNotes_MistsOfPandariaTreasures","TimelessIsle.lua","27403910","","south of Misty Strand"
"quest_identity_navigation_candidate","stable_quest_flag_in_installed_handynotes_table_provider","mists_of_pandaria","33173","1","HandyNotes_MistsOfPandariaTreasures","TimelessIsle.lua","30703650","","on a stump, SW of 3-Breeze Terrace"
"quest_identity_navigation_candidate","stable_quest_flag_in_installed_handynotes_table_provider","mists_of_pandaria","33174","1","HandyNotes_MistsOfPandariaTreasures","TimelessIsle.lua","22403540","","underwater, north of Horde base"
"quest_identity_navigation_candidate","stable_quest_flag_in_installed_handynotes_table_provider","mists_of_pandaria","33175","1","HandyNotes_MistsOfPandariaTreasures","TimelessIsle.lua","22104930","","south of Horde base"
"quest_identity_navigation_candidate","stable_quest_flag_in_installed_handynotes_table_provider","mists_of_pandaria","33176","1","HandyNotes_MistsOfPandariaTreasures","TimelessIsle.lua","24805300","","SE of chest #005"
"quest_identity_navigation_candidate","stable_quest_flag_in_installed_handynotes_table_provider","mists_of_pandaria","33177","1","HandyNotes_MistsOfPandariaTreasures","TimelessIsle.lua","25704580","","SE of Horde base"
"quest_identity_navigation_candidate","stable_quest_flag_in_installed_handynotes_table_provider","mists_of_pandaria","33178","1","HandyNotes_MistsOfPandariaTreasures","TimelessIsle.lua","22266811","","north of Alliance base"
"quest_identity_navigation_candidate","stable_quest_flag_in_installed_handynotes_table_provider","mists_of_pandaria","33179","1","HandyNotes_MistsOfPandariaTreasures","TimelessIsle.lua","26806870","","NE of Alliance base"
"quest_identity_navigation_candidate","stable_quest_flag_in_installed_handynotes_table_provider","mists_of_pandaria","33180","1","HandyNotes_MistsOfPandariaTreasures","TimelessIsle.lua","31007630","","bush between Alli base and Old Pi'jiu"
"quest_identity_navigation_candidate","stable_quest_flag_in_installed_handynotes_table_provider","mists_of_pandaria","33181","1","HandyNotes_MistsOfPandariaTreasures","TimelessIsle.lua","35307640","","Old Pi'jiu, W building"
"quest_identity_navigation_candidate","stable_quest_flag_in_installed_handynotes_table_provider","mists_of_pandaria","33182","1","HandyNotes_MistsOfPandariaTreasures","TimelessIsle.lua","38707160","","Old Pi'jiu, N building"
"quest_identity_navigation_candidate","stable_quest_flag_in_installed_handynotes_table_provider","mists_of_pandaria","33183","1","HandyNotes_MistsOfPandariaTreasures","TimelessIsle.lua","39807950","","Old Pi'jiu, E building"
"quest_identity_navigation_candidate","stable_quest_flag_in_installed_handynotes_table_provider","mists_of_pandaria","33184","1","HandyNotes_MistsOfPandariaTreasures","TimelessIsle.lua","34808420","","at the basement of Old Pi'jiu's jetty"
"quest_identity_navigation_candidate","stable_quest_flag_in_installed_handynotes_table_provider","mists_of_pandaria","33185","1","HandyNotes_MistsOfPandariaTreasures","TimelessIsle.lua","43608410","","bush SE of Old Pi'jiu"
"quest_identity_navigation_candidate","stable_quest_flag_in_installed_handynotes_table_provider","mists_of_pandaria","33186","1","HandyNotes_MistsOfPandariaTreasures","TimelessIsle.lua","47005370","","in the central lake"
"quest_identity_navigation_candidate","stable_quest_flag_in_installed_handynotes_table_provider","mists_of_pandaria","33187","1","HandyNotes_MistsOfPandariaTreasures","TimelessIsle.lua","46704670","","north of central lake"
"quest_identity_navigation_candidate","stable_quest_flag_in_installed_handynotes_table_provider","mists_of_pandaria","33188","1","HandyNotes_MistsOfPandariaTreasures","TimelessIsle.lua","51204570","","in the slump scraps under the broken bridge"
"quest_identity_navigation_candidate","stable_quest_flag_in_installed_handynotes_table_provider","mists_of_pandaria","33189","1","HandyNotes_MistsOfPandariaTreasures","TimelessIsle.lua","55504430","","next to Tsavo'ka's cave"
"quest_identity_navigation_candidate","stable_quest_flag_in_installed_handynotes_table_provider","mists_of_pandaria","33190","1","HandyNotes_MistsOfPandariaTreasures","TimelessIsle.lua","58005070","","next to Mysterious Cave"
"quest_identity_navigation_candidate","stable_quest_flag_in_installed_handynotes_table_provider","mists_of_pandaria","33191","1","HandyNotes_MistsOfPandariaTreasures","TimelessIsle.lua","65704780","","behind the graveyard"
"quest_identity_navigation_candidate","stable_quest_flag_in_installed_handynotes_table_provider","mists_of_pandaria","33192","1","HandyNotes_MistsOfPandariaTreasures","TimelessIsle.lua","63805920","","south of graveyard"
"quest_identity_navigation_candidate","stable_quest_flag_in_installed_handynotes_table_provider","mists_of_pandaria","33193","1","HandyNotes_MistsOfPandariaTreasures","TimelessIsle.lua","64907560","","in the Croaking Hollow"
"quest_identity_navigation_candidate","stable_quest_flag_in_installed_handynotes_table_provider","mists_of_pandaria","33194","1","HandyNotes_MistsOfPandariaTreasures","TimelessIsle.lua","60206600","","SW of chest #022"
"quest_identity_navigation_candidate","stable_quest_flag_in_installed_handynotes_table_provider","mists_of_pandaria","33195","1","HandyNotes_MistsOfPandariaTreasures","TimelessIsle.lua","49706570","","south of central lake"
"quest_identity_navigation_candidate","stable_quest_flag_in_installed_handynotes_table_provider","mists_of_pandaria","33196","1","HandyNotes_MistsOfPandariaTreasures","TimelessIsle.lua","53107080","","SE of chest #025"
"quest_identity_navigation_candidate","stable_quest_flag_in_installed_handynotes_table_provider","mists_of_pandaria","33197","1","HandyNotes_MistsOfPandariaTreasures","TimelessIsle.lua","52706270","","SE of central lake"
"quest_identity_navigation_candidate","stable_quest_flag_in_installed_handynotes_table_provider","mists_of_pandaria","33198","1","HandyNotes_MistsOfPandariaTreasures","TimelessIsle.lua","44146549","","On a tree stump"
"quest_identity_navigation_candidate","stable_quest_flag_in_installed_handynotes_table_provider","mists_of_pandaria","33203","2","HandyNotes_MistsOfPandariaTreasures","TimelessIsle.lua","44703840;62903480","2","Blazing;Treasure, Treasure Everywhere"
"quest_identity_navigation_candidate","stable_quest_flag_in_installed_handynotes_table_provider","mists_of_pandaria","33204","1","HandyNotes_MistsOfPandariaTreasures","TimelessIsle.lua","28203520","4","on the top of the cliff, north of Horde base"
"quest_identity_navigation_candidate","stable_quest_flag_in_installed_handynotes_table_provider","mists_of_pandaria","33205","1","HandyNotes_MistsOfPandariaTreasures","TimelessIsle.lua","26806490","4","on the top of the cliff, north of Alliance base"
"quest_identity_navigation_candidate","stable_quest_flag_in_installed_handynotes_table_provider","mists_of_pandaria","33206","1","HandyNotes_MistsOfPandariaTreasures","TimelessIsle.lua","64607040","4","in the Croaking Hollow"
"quest_identity_navigation_candidate","stable_quest_flag_in_installed_handynotes_table_provider","mists_of_pandaria","33207","1","HandyNotes_MistsOfPandariaTreasures","TimelessIsle.lua","59204950","4","inside the Mysterious Den"
"quest_identity_navigation_candidate","stable_quest_flag_in_installed_handynotes_table_provider","mists_of_pandaria","33208","1","HandyNotes_MistsOfPandariaTreasures","TimelessIsle.lua","69503290","5","at the Shrine of the Black Flame, Blazing Way area"
"quest_identity_navigation_candidate","stable_quest_flag_in_installed_handynotes_table_provider","mists_of_pandaria","33209","1","HandyNotes_MistsOfPandariaTreasures","TimelessIsle.lua","54007820","5","at the central cauldron of Firewalker Ruins"
"quest_identity_navigation_candidate","stable_quest_flag_in_installed_handynotes_table_provider","mists_of_pandaria","33210","1","HandyNotes_MistsOfPandariaTreasures","TimelessIsle.lua","47602760","3","Sturdy"
"quest_identity_navigation_candidate","stable_quest_flag_in_installed_handynotes_table_provider","mists_of_pandaria","33227","1","HandyNotes_MistsOfPandariaTreasures","TimelessIsle.lua","61708850","1","in the shipwreck of Cpt. Zvezdan"
"already_achievement_or_quest_backed","quest_or_criteria_already_present_in_collectionist_treasure_data","wod","33384","1","HandyNotes_TreasureHunter","ShadowmoonValley.lua","44506350","",""
"quest_identity_navigation_candidate","stable_quest_flag_in_installed_handynotes_table_provider","wod","33438","1","HandyNotes_TreasureHunter","FrostfireRidge.lua","30305120","","note: other ogres are 33497, 33439, and 33440"
"already_achievement_or_quest_backed","quest_or_criteria_already_present_in_collectionist_treasure_data","wod","33500","1","HandyNotes_TreasureHunter","FrostfireRidge.lua","27604280","",""
"already_achievement_or_quest_backed","quest_or_criteria_already_present_in_collectionist_treasure_data","wod","33501","1","HandyNotes_TreasureHunter","FrostfireRidge.lua","24202720","",""
"already_achievement_or_quest_backed","quest_or_criteria_already_present_in_collectionist_treasure_data","wod","33502","1","HandyNotes_TreasureHunter","FrostfireRidge.lua","38403780","",""
"already_achievement_or_quest_backed","quest_or_criteria_already_present_in_collectionist_treasure_data","wod","33505","1","HandyNotes_TreasureHunter","FrostfireRidge.lua","64406580","","paired treasure"
"already_achievement_or_quest_backed","quest_or_criteria_already_present_in_collectionist_treasure_data","wod","33532","1","HandyNotes_TreasureHunter","FrostfireRidge.lua","39701710","","Cragmaul Cache"
"already_achievement_or_quest_backed","quest_or_criteria_already_present_in_collectionist_treasure_data","wod","33540","1","HandyNotes_TreasureHunter","ShadowmoonValley.lua","35904090","",""
"already_achievement_or_quest_backed","quest_or_criteria_already_present_in_collectionist_treasure_data","wod","33564","1","HandyNotes_TreasureHunter","ShadowmoonValley.lua","47104610","",""
"already_achievement_or_quest_backed","quest_or_criteria_already_present_in_collectionist_treasure_data","wod","33565","1","HandyNotes_TreasureHunter","ShadowmoonValley.lua","67108430","","BloodthornCave"
"already_achievement_or_quest_backed","quest_or_criteria_already_present_in_collectionist_treasure_data","wod","33566","1","HandyNotes_TreasureHunter","ShadowmoonValley.lua","39208380","",""
"already_achievement_or_quest_backed","quest_or_criteria_already_present_in_collectionist_treasure_data","wod","33567","1","HandyNotes_TreasureHunter","ShadowmoonValley.lua","37505930","",""
"already_achievement_or_quest_backed","quest_or_criteria_already_present_in_collectionist_treasure_data","wod","33568","1","HandyNotes_TreasureHunter","ShadowmoonValley.lua","57904530","",""
"already_achievement_or_quest_backed","quest_or_criteria_already_present_in_collectionist_treasure_data","wod","33569","1","HandyNotes_TreasureHunter","ShadowmoonValley.lua","33503970","",""
"already_achievement_or_quest_backed","quest_or_criteria_already_present_in_collectionist_treasure_data","wod","33570","1","HandyNotes_TreasureHunter","ShadowmoonValley.lua","45802460","",""
"already_achievement_or_quest_backed","quest_or_criteria_already_present_in_collectionist_treasure_data","wod","33572","2","HandyNotes_TreasureHunter","ShadowmoonValley.lua","22803390;55544974","","ShadowmoonValleyDR"
"already_achievement_or_quest_backed","quest_or_criteria_already_present_in_collectionist_treasure_data","wod","33573","1","HandyNotes_TreasureHunter","ShadowmoonValley.lua","36704450","",""
"already_achievement_or_quest_backed","quest_or_criteria_already_present_in_collectionist_treasure_data","wod","33574","1","HandyNotes_TreasureHunter","ShadowmoonValley.lua","51107910","",""
"already_achievement_or_quest_backed","quest_or_criteria_already_present_in_collectionist_treasure_data","wod","33575","1","HandyNotes_TreasureHunter","ShadowmoonValley.lua","20303060","",""
"already_achievement_or_quest_backed","quest_or_criteria_already_present_in_collectionist_treasure_data","wod","33584","1","HandyNotes_TreasureHunter","ShadowmoonValley.lua","37704430","",""
"already_achievement_or_quest_backed","quest_or_criteria_already_present_in_collectionist_treasure_data","wod","33610","1","HandyNotes_TreasureHunter","ShadowmoonValley.lua","45206050","",""
"already_achievement_or_quest_backed","quest_or_criteria_already_present_in_collectionist_treasure_data","wod","33611","1","HandyNotes_TreasureHunter","ShadowmoonValley.lua","43806060","",""
"already_achievement_or_quest_backed","quest_or_criteria_already_present_in_collectionist_treasure_data","wod","33612","1","HandyNotes_TreasureHunter","ShadowmoonValley.lua","44505920","",""
"already_achievement_or_quest_backed","quest_or_criteria_already_present_in_collectionist_treasure_data","wod","33613","1","HandyNotes_TreasureHunter","ShadowmoonValley.lua","37202310","",""
"already_achievement_or_quest_backed","quest_or_criteria_already_present_in_collectionist_treasure_data","wod","33614","1","HandyNotes_TreasureHunter","ShadowmoonValley.lua","38504300","",""
"already_achievement_or_quest_backed","quest_or_criteria_already_present_in_collectionist_treasure_data","wod","33866","1","HandyNotes_TreasureHunter","ShadowmoonValley.lua","34204350","",""
"already_achievement_or_quest_backed","quest_or_criteria_already_present_in_collectionist_treasure_data","wod","33867","1","HandyNotes_TreasureHunter","ShadowmoonValley.lua","49303750","",""
"already_achievement_or_quest_backed","quest_or_criteria_already_present_in_collectionist_treasure_data","wod","33869","1","HandyNotes_TreasureHunter","ShadowmoonValley.lua","41502790","",""
"already_achievement_or_quest_backed","quest_or_criteria_already_present_in_collectionist_treasure_data","wod","33883","1","HandyNotes_TreasureHunter","ShadowmoonValley.lua","28303930","",""
"already_achievement_or_quest_backed","quest_or_criteria_already_present_in_collectionist_treasure_data","wod","33885","1","HandyNotes_TreasureHunter","ShadowmoonValley.lua","84504470","","treasures"
"already_achievement_or_quest_backed","quest_or_criteria_already_present_in_collectionist_treasure_data","wod","33886","1","HandyNotes_TreasureHunter","ShadowmoonValley.lua","31303910","",""
"already_achievement_or_quest_backed","quest_or_criteria_already_present_in_collectionist_treasure_data","wod","33891","1","HandyNotes_TreasureHunter","ShadowmoonValley.lua","34404620","",""
"already_achievement_or_quest_backed","quest_or_criteria_already_present_in_collectionist_treasure_data","wod","33916","1","HandyNotes_TreasureHunter","FrostfireRidge.lua","23102500","",""
"already_achievement_or_quest_backed","quest_or_criteria_already_present_in_collectionist_treasure_data","wod","33926","1","HandyNotes_TreasureHunter","FrostfireRidge.lua","21900960","",""
"already_achievement_or_quest_backed","quest_or_criteria_already_present_in_collectionist_treasure_data","wod","33933","1","HandyNotes_TreasureHunter","Talador.lua","58901200","",""
"already_achievement_or_quest_backed","quest_or_criteria_already_present_in_collectionist_treasure_data","wod","33940","1","HandyNotes_TreasureHunter","FrostfireRidge.lua","42703170","",""
"already_achievement_or_quest_backed","quest_or_criteria_already_present_in_collectionist_treasure_data","wod","33942","1","HandyNotes_TreasureHunter","FrostfireRidge.lua","16104980","",""
"already_achievement_or_quest_backed","quest_or_criteria_already_present_in_collectionist_treasure_data","wod","33946","1","HandyNotes_TreasureHunter","FrostfireRidge.lua","64702570","",""
"already_achievement_or_quest_backed","quest_or_criteria_already_present_in_collectionist_treasure_data","wod","33947","1","HandyNotes_TreasureHunter","FrostfireRidge.lua","68204580","",""
"already_achievement_or_quest_backed","quest_or_criteria_already_present_in_collectionist_treasure_data","wod","33948","1","HandyNotes_TreasureHunter","FrostfireRidge.lua","66702640","",""
"quest_identity_navigation_candidate","stable_quest_flag_in_installed_handynotes_table_provider","wod","34101","1","HandyNotes_TreasureHunter","Talador.lua","68785621","",""
"quest_identity_navigation_candidate","stable_quest_flag_in_installed_handynotes_table_provider","wod","34116","1","HandyNotes_TreasureHunter","Talador.lua","61107170","","followers"
"quest_identity_navigation_candidate","stable_quest_flag_in_installed_handynotes_table_provider","wod","34134","1","HandyNotes_TreasureHunter","Talador.lua","57207540","",""
"quest_identity_navigation_candidate","stable_quest_flag_in_installed_handynotes_table_provider","wod","34140","1","HandyNotes_TreasureHunter","Talador.lua","40608950","",""
"quest_identity_navigation_candidate","stable_quest_flag_in_installed_handynotes_table_provider","wod","34148","1","HandyNotes_TreasureHunter","Talador.lua","37607490","",""
"already_achievement_or_quest_backed","quest_or_criteria_already_present_in_collectionist_treasure_data","wod","34174","1","HandyNotes_TreasureHunter","ShadowmoonValley.lua","26500570","","[28800710]={ quest=35279, currency=824, label=""Sunken Treasure"", }, -- bugged for years"
"quest_identity_navigation_candidate","stable_quest_flag_in_installed_handynotes_table_provider","wod","34182","1","HandyNotes_TreasureHunter","Talador.lua","36509610","",""
"already_achievement_or_quest_backed","quest_or_criteria_already_present_in_collectionist_treasure_data","wod","34232","1","HandyNotes_TreasureHunter","Talador.lua","64901330","",""
"already_achievement_or_quest_backed","quest_or_criteria_already_present_in_collectionist_treasure_data","wod","34233","1","HandyNotes_TreasureHunter","Talador.lua","65501130","",""
"already_achievement_or_quest_backed","quest_or_criteria_already_present_in_collectionist_treasure_data","wod","34235","1","HandyNotes_TreasureHunter","Talador.lua","52502950","",""
"already_achievement_or_quest_backed","quest_or_criteria_already_present_in_collectionist_treasure_data","wod","34236","1","HandyNotes_TreasureHunter","Talador.lua","62003240","",""
"already_achievement_or_quest_backed","quest_or_criteria_already_present_in_collectionist_treasure_data","wod","34238","1","HandyNotes_TreasureHunter","Talador.lua","57402870","",""
"already_achievement_or_quest_backed","quest_or_criteria_already_present_in_collectionist_treasure_data","wod","34239","1","HandyNotes_TreasureHunter","Talador.lua","66608690","",""
"quest_identity_navigation_candidate","stable_quest_flag_in_installed_handynotes_table_provider","wod","34241","1","HandyNotes_TreasureHunter","Gorgrond.lua","43109290","",""
"already_achievement_or_quest_backed","quest_or_criteria_already_present_in_collectionist_treasure_data","wod","34248","1","HandyNotes_TreasureHunter","Talador.lua","77005000","",""
"already_achievement_or_quest_backed","quest_or_criteria_already_present_in_collectionist_treasure_data","wod","34249","1","HandyNotes_TreasureHunter","Talador.lua","35509660","",""
"already_achievement_or_quest_backed","quest_or_criteria_already_present_in_collectionist_treasure_data","wod","34250","1","HandyNotes_TreasureHunter","Talador.lua","75804480","",""
"already_achievement_or_quest_backed","quest_or_criteria_already_present_in_collectionist_treasure_data","wod","34251","1","HandyNotes_TreasureHunter","Talador.lua","64607920","",""
"already_achievement_or_quest_backed","quest_or_criteria_already_present_in_collectionist_treasure_data","wod","34252","1","HandyNotes_TreasureHunter","Talador.lua","62404800","",""
"already_achievement_or_quest_backed","quest_or_criteria_already_present_in_collectionist_treasure_data","wod","34253","1","HandyNotes_TreasureHunter","Talador.lua","55206680","",""
"already_achievement_or_quest_backed","quest_or_criteria_already_present_in_collectionist_treasure_data","wod","34254","1","HandyNotes_TreasureHunter","Talador.lua","39505520","",""
"already_achievement_or_quest_backed","quest_or_criteria_already_present_in_collectionist_treasure_data","wod","34255","1","HandyNotes_TreasureHunter","Talador.lua","65508860","",""
"already_achievement_or_quest_backed","quest_or_criteria_already_present_in_collectionist_treasure_data","wod","34256","1","HandyNotes_TreasureHunter","Talador.lua","47009170","",""
"already_achievement_or_quest_backed","quest_or_criteria_already_present_in_collectionist_treasure_data","wod","34257","1","HandyNotes_TreasureHunter","Talador.lua","38408450","",""
"already_achievement_or_quest_backed","quest_or_criteria_already_present_in_collectionist_treasure_data","wod","34258","1","HandyNotes_TreasureHunter","Talador.lua","38201250","",""
"already_achievement_or_quest_backed","quest_or_criteria_already_present_in_collectionist_treasure_data","wod","34259","1","HandyNotes_TreasureHunter","Talador.lua","33307670","",""
"already_achievement_or_quest_backed","quest_or_criteria_already_present_in_collectionist_treasure_data","wod","34260","1","HandyNotes_TreasureHunter","Talador.lua","81803500","","TombofSouls"
"already_achievement_or_quest_backed","quest_or_criteria_already_present_in_collectionist_treasure_data","wod","34261","1","HandyNotes_TreasureHunter","Talador.lua","75704140","",""
"already_achievement_or_quest_backed","quest_or_criteria_already_present_in_collectionist_treasure_data","wod","34263","1","HandyNotes_TreasureHunter","Talador.lua","78201480","",""
"already_achievement_or_quest_backed","quest_or_criteria_already_present_in_collectionist_treasure_data","wod","34276","1","HandyNotes_TreasureHunter","Talador.lua","65908520","",""
"already_achievement_or_quest_backed","quest_or_criteria_already_present_in_collectionist_treasure_data","wod","34290","1","HandyNotes_TreasureHunter","Talador.lua","54002760","",""
"quest_identity_navigation_candidate","stable_quest_flag_in_installed_handynotes_table_provider","wod","34405","1","HandyNotes_TreasureHunter","Gorgrond.lua","59305720","","Rares"
"quest_identity_navigation_candidate","stable_quest_flag_in_installed_handynotes_table_provider","wod","34463","1","HandyNotes_TreasureHunter","Gorgrond.lua","39703990","","Archmage Vargoth"
"quest_identity_navigation_candidate","stable_quest_flag_in_installed_handynotes_table_provider","wod","34464","1","HandyNotes_TreasureHunter","FrostfireRidge.lua","68001900","","Archmage Vargoth"
"quest_identity_navigation_candidate","stable_quest_flag_in_installed_handynotes_table_provider","wod","34465","1","HandyNotes_TreasureHunter","Talador.lua","45303700","","Archmage Vargoth"
"quest_identity_navigation_candidate","stable_quest_flag_in_installed_handynotes_table_provider","wod","34466","1","HandyNotes_TreasureHunter","Nagrand.lua","46401600","","Archmage Vargoth"
"already_achievement_or_quest_backed","quest_or_criteria_already_present_in_collectionist_treasure_data","wod","34471","1","HandyNotes_TreasureHunter","Talador.lua","73505140","",""
"quest_identity_navigation_candidate","stable_quest_flag_in_installed_handynotes_table_provider","wod","34473","1","HandyNotes_TreasureHunter","FrostfireRidge.lua","40902010","",""
"already_achievement_or_quest_backed","quest_or_criteria_already_present_in_collectionist_treasure_data","wod","34476","1","HandyNotes_TreasureHunter","FrostfireRidge.lua","57105210","",""
"already_achievement_or_quest_backed","quest_or_criteria_already_present_in_collectionist_treasure_data","wod","34507","1","HandyNotes_TreasureHunter","FrostfireRidge.lua","24204860","",""
"already_achievement_or_quest_backed","quest_or_criteria_already_present_in_collectionist_treasure_data","wod","34520","1","HandyNotes_TreasureHunter","FrostfireRidge.lua","42401970","",""
"already_achievement_or_quest_backed","quest_or_criteria_already_present_in_collectionist_treasure_data","wod","34521","1","HandyNotes_TreasureHunter","FrostfireRidge.lua","51002280","",""
"already_achievement_or_quest_backed","quest_or_criteria_already_present_in_collectionist_treasure_data","wod","34641","1","HandyNotes_TreasureHunter","FrostfireRidge.lua","09804540","",""
"already_achievement_or_quest_backed","quest_or_criteria_already_present_in_collectionist_treasure_data","wod","34642","1","HandyNotes_TreasureHunter","FrostfireRidge.lua","19201200","",""
"already_achievement_or_quest_backed","quest_or_criteria_already_present_in_collectionist_treasure_data","wod","34647","1","HandyNotes_TreasureHunter","FrostfireRidge.lua","24001300","",""
"already_achievement_or_quest_backed","quest_or_criteria_already_present_in_collectionist_treasure_data","wod","34648","1","HandyNotes_TreasureHunter","FrostfireRidge.lua","25502040","",""
"quest_identity_navigation_candidate","stable_quest_flag_in_installed_handynotes_table_provider","wod","34733","2","HandyNotes_TreasureHunter","FrostfireRidge.lua","39602800;65906080","","Dagg"
"already_achievement_or_quest_backed","quest_or_criteria_already_present_in_collectionist_treasure_data","wod","34760","1","HandyNotes_TreasureHunter","Nagrand.lua","37707060","",""
"already_achievement_or_quest_backed","quest_or_criteria_already_present_in_collectionist_treasure_data","wod","34841","1","HandyNotes_TreasureHunter","FrostfireRidge.lua","43705550","",""
"already_achievement_or_quest_backed","quest_or_criteria_already_present_in_collectionist_treasure_data","wod","34931","1","HandyNotes_TreasureHunter","FrostfireRidge.lua","21605070","",""
"quest_identity_navigation_candidate","stable_quest_flag_in_installed_handynotes_table_provider","wod","34937","1","HandyNotes_TreasureHunter","FrostfireRidge.lua","74505620","","treasures"
"already_achievement_or_quest_backed","quest_or_criteria_already_present_in_collectionist_treasure_data","wod","34940","1","HandyNotes_TreasureHunter","Gorgrond.lua","53008000","",""
"already_achievement_or_quest_backed","quest_or_criteria_already_present_in_collectionist_treasure_data","wod","34967","1","HandyNotes_TreasureHunter","FrostfireRidge.lua","37205920","",""
"already_achievement_or_quest_backed","quest_or_criteria_already_present_in_collectionist_treasure_data","wod","35056","1","HandyNotes_TreasureHunter","Gorgrond.lua","42604680","",""
"quest_identity_navigation_candidate","stable_quest_flag_in_installed_handynotes_table_provider","wod","35162","10","HandyNotes_TreasureHunter","Talador.lua","39307770;39807670;54105630;70803200;70903550;72403700;72803560;73503070;74303400;74602930","",""
"already_achievement_or_quest_backed","quest_or_criteria_already_present_in_collectionist_treasure_data","wod","35280","1","HandyNotes_TreasureHunter","ShadowmoonValley.lua","27100260","",""
"quest_identity_navigation_candidate","stable_quest_flag_in_installed_handynotes_table_provider","wod","35334","1","HandyNotes_TreasureHunter","SpiresOfArak.lua","29504170","",""
"already_achievement_or_quest_backed","quest_or_criteria_already_present_in_collectionist_treasure_data","wod","35347","2","HandyNotes_TreasureHunter","FrostfireRidge.lua","26603520;36502900","",""
"already_achievement_or_quest_backed","quest_or_criteria_already_present_in_collectionist_treasure_data","wod","35367","2","HandyNotes_TreasureHunter","FrostfireRidge.lua","26503640;31706640","","FrostfireRidge"
"already_achievement_or_quest_backed","quest_or_criteria_already_present_in_collectionist_treasure_data","wod","35368","2","HandyNotes_TreasureHunter","FrostfireRidge.lua","28293440;53702880","","Turgall's Den: Bladespite Courtyard"
"already_achievement_or_quest_backed","quest_or_criteria_already_present_in_collectionist_treasure_data","wod","35369","2","HandyNotes_TreasureHunter","FrostfireRidge.lua","28293440;48506720","","All these Bladespire ones are available for Alliance, but Horde have to complete Moving In (33657) first"
"already_achievement_or_quest_backed","quest_or_criteria_already_present_in_collectionist_treasure_data","wod","35370","2","HandyNotes_TreasureHunter","FrostfireRidge.lua","26703940;37806900","",""
"already_achievement_or_quest_backed","quest_or_criteria_already_present_in_collectionist_treasure_data","wod","35371","2","HandyNotes_TreasureHunter","FrostfireRidge.lua","27603382;46401640","",""
"already_achievement_or_quest_backed","quest_or_criteria_already_present_in_collectionist_treasure_data","wod","35373","2","HandyNotes_TreasureHunter","FrostfireRidge.lua","27173763;52605300","",""
"already_achievement_or_quest_backed","quest_or_criteria_already_present_in_collectionist_treasure_data","wod","35530","1","HandyNotes_TreasureHunter","ShadowmoonValley.lua","30301990","",""
"already_achievement_or_quest_backed","quest_or_criteria_already_present_in_collectionist_treasure_data","wod","35567","2","HandyNotes_TreasureHunter","FrostfireRidge.lua","28093409;51101770","",""
"already_achievement_or_quest_backed","quest_or_criteria_already_present_in_collectionist_treasure_data","wod","35568","2","HandyNotes_TreasureHunter","FrostfireRidge.lua","28093409;76606330","","Turgall's Den: Bladespite Throne"
"already_achievement_or_quest_backed","quest_or_criteria_already_present_in_collectionist_treasure_data","wod","35569","2","HandyNotes_TreasureHunter","FrostfireRidge.lua","28093409;70806800","",""
"already_achievement_or_quest_backed","quest_or_criteria_already_present_in_collectionist_treasure_data","wod","35570","2","HandyNotes_TreasureHunter","FrostfireRidge.lua","27283876;44806480","",""
"already_achievement_or_quest_backed","quest_or_criteria_already_present_in_collectionist_treasure_data","wod","35576","1","HandyNotes_TreasureHunter","Nagrand.lua","47207430","",""
"already_achievement_or_quest_backed","quest_or_criteria_already_present_in_collectionist_treasure_data","wod","35577","1","HandyNotes_TreasureHunter","Nagrand.lua","50108220","",""
"already_achievement_or_quest_backed","quest_or_criteria_already_present_in_collectionist_treasure_data","wod","35579","1","HandyNotes_TreasureHunter","Nagrand.lua","50006650","",""
"already_achievement_or_quest_backed","quest_or_criteria_already_present_in_collectionist_treasure_data","wod","35580","1","HandyNotes_TreasureHunter","ShadowmoonValley.lua","55307480","",""
"already_achievement_or_quest_backed","quest_or_criteria_already_present_in_collectionist_treasure_data","wod","35581","1","HandyNotes_TreasureHunter","ShadowmoonValley.lua","55004500","",""
"already_achievement_or_quest_backed","quest_or_criteria_already_present_in_collectionist_treasure_data","wod","35583","1","HandyNotes_TreasureHunter","Nagrand.lua","52708010","",""
"already_achievement_or_quest_backed","quest_or_criteria_already_present_in_collectionist_treasure_data","wod","35584","1","HandyNotes_TreasureHunter","ShadowmoonValley.lua","52804840","",""
"already_achievement_or_quest_backed","quest_or_criteria_already_present_in_collectionist_treasure_data","wod","35590","1","HandyNotes_TreasureHunter","Nagrand.lua","73006220","",""
"already_achievement_or_quest_backed","quest_or_criteria_already_present_in_collectionist_treasure_data","wod","35591","1","HandyNotes_TreasureHunter","Nagrand.lua","77805190","",""
"already_achievement_or_quest_backed","quest_or_criteria_already_present_in_collectionist_treasure_data","wod","35593","1","HandyNotes_TreasureHunter","Nagrand.lua","80606060","",""
"quest_identity_navigation_candidate","stable_quest_flag_in_installed_handynotes_table_provider","wod","35596","1","HandyNotes_TreasureHunter","Nagrand.lua","40307610","","Goldmane"
"already_achievement_or_quest_backed","quest_or_criteria_already_present_in_collectionist_treasure_data","wod","35597","1","HandyNotes_TreasureHunter","Nagrand.lua","69905240","",""
"already_achievement_or_quest_backed","quest_or_criteria_already_present_in_collectionist_treasure_data","wod","35600","1","HandyNotes_TreasureHunter","ShadowmoonValley.lua","55801990","",""
"already_achievement_or_quest_backed","quest_or_criteria_already_present_in_collectionist_treasure_data","wod","35603","1","HandyNotes_TreasureHunter","ShadowmoonValley.lua","58902200","",""
"already_achievement_or_quest_backed","quest_or_criteria_already_present_in_collectionist_treasure_data","wod","35616","1","HandyNotes_TreasureHunter","Nagrand.lua","88204260","","glider-required"
"already_achievement_or_quest_backed","quest_or_criteria_already_present_in_collectionist_treasure_data","wod","35622","1","HandyNotes_TreasureHunter","Nagrand.lua","87504500","",""
"already_achievement_or_quest_backed","quest_or_criteria_already_present_in_collectionist_treasure_data","wod","35643","1","HandyNotes_TreasureHunter","Nagrand.lua","70501390","",""
"already_achievement_or_quest_backed","quest_or_criteria_already_present_in_collectionist_treasure_data","wod","35646","1","HandyNotes_TreasureHunter","Nagrand.lua","70601860","",""
"already_achievement_or_quest_backed","quest_or_criteria_already_present_in_collectionist_treasure_data","wod","35648","1","HandyNotes_TreasureHunter","Nagrand.lua","64601760","",""
"already_achievement_or_quest_backed","quest_or_criteria_already_present_in_collectionist_treasure_data","wod","35660","1","HandyNotes_TreasureHunter","Nagrand.lua","88901820","","generic garrison supplies"
"already_achievement_or_quest_backed","quest_or_criteria_already_present_in_collectionist_treasure_data","wod","35661","1","HandyNotes_TreasureHunter","Nagrand.lua","81103720","",""
"already_achievement_or_quest_backed","quest_or_criteria_already_present_in_collectionist_treasure_data","wod","35662","1","HandyNotes_TreasureHunter","Nagrand.lua","87602030","",""
"already_achievement_or_quest_backed","quest_or_criteria_already_present_in_collectionist_treasure_data","wod","35673","1","HandyNotes_TreasureHunter","Nagrand.lua","73107550","",""
"already_achievement_or_quest_backed","quest_or_criteria_already_present_in_collectionist_treasure_data","wod","35677","1","HandyNotes_TreasureHunter","ShadowmoonValley.lua","37202610","",""
"already_achievement_or_quest_backed","quest_or_criteria_already_present_in_collectionist_treasure_data","wod","35678","1","HandyNotes_TreasureHunter","Nagrand.lua","73007040","",""
"already_achievement_or_quest_backed","quest_or_criteria_already_present_in_collectionist_treasure_data","wod","35682","1","HandyNotes_TreasureHunter","Nagrand.lua","76107000","",""
"already_achievement_or_quest_backed","quest_or_criteria_already_present_in_collectionist_treasure_data","wod","35692","1","HandyNotes_TreasureHunter","Nagrand.lua","73102160","",""
"already_achievement_or_quest_backed","quest_or_criteria_already_present_in_collectionist_treasure_data","wod","35694","1","HandyNotes_TreasureHunter","Nagrand.lua","58205260","",""
"already_achievement_or_quest_backed","quest_or_criteria_already_present_in_collectionist_treasure_data","wod","35695","1","HandyNotes_TreasureHunter","Nagrand.lua","51706030","",""
"already_achievement_or_quest_backed","quest_or_criteria_already_present_in_collectionist_treasure_data","wod","35696","1","HandyNotes_TreasureHunter","Nagrand.lua","85405340","",""
"already_achievement_or_quest_backed","quest_or_criteria_already_present_in_collectionist_treasure_data","wod","35709","1","HandyNotes_TreasureHunter","Gorgrond.lua","44207420","",""
"already_achievement_or_quest_backed","quest_or_criteria_already_present_in_collectionist_treasure_data","wod","35759","1","HandyNotes_TreasureHunter","Nagrand.lua","67605980","",""
"already_achievement_or_quest_backed","quest_or_criteria_already_present_in_collectionist_treasure_data","wod","35765","1","HandyNotes_TreasureHunter","Nagrand.lua","82305660","",""
"already_achievement_or_quest_backed","quest_or_criteria_already_present_in_collectionist_treasure_data","wod","35798","1","HandyNotes_TreasureHunter","ShadowmoonValley.lua","48704750","",""
"already_achievement_or_quest_backed","quest_or_criteria_already_present_in_collectionist_treasure_data","wod","35919","1","HandyNotes_TreasureHunter","ShadowmoonValley.lua","30004530","",""
"already_achievement_or_quest_backed","quest_or_criteria_already_present_in_collectionist_treasure_data","wod","35951","1","HandyNotes_TreasureHunter","Nagrand.lua","73001090","",""
"already_achievement_or_quest_backed","quest_or_criteria_already_present_in_collectionist_treasure_data","wod","35953","1","HandyNotes_TreasureHunter","Nagrand.lua","81501300","",""
"already_achievement_or_quest_backed","quest_or_criteria_already_present_in_collectionist_treasure_data","wod","35954","1","HandyNotes_TreasureHunter","Nagrand.lua","66901950","",""
"already_achievement_or_quest_backed","quest_or_criteria_already_present_in_collectionist_treasure_data","wod","35955","1","HandyNotes_TreasureHunter","Nagrand.lua","73901410","",""
"already_achievement_or_quest_backed","quest_or_criteria_already_present_in_collectionist_treasure_data","wod","35969","1","HandyNotes_TreasureHunter","Nagrand.lua","45605200","",""
"already_achievement_or_quest_backed","quest_or_criteria_already_present_in_collectionist_treasure_data","wod","35976","1","HandyNotes_TreasureHunter","Nagrand.lua","89406580","","treasures"
"already_achievement_or_quest_backed","quest_or_criteria_already_present_in_collectionist_treasure_data","wod","35986","1","HandyNotes_TreasureHunter","Nagrand.lua","77302820","",""
"already_achievement_or_quest_backed","quest_or_criteria_already_present_in_collectionist_treasure_data","wod","35987","1","HandyNotes_TreasureHunter","Nagrand.lua","43305750","",""
"already_achievement_or_quest_backed","quest_or_criteria_already_present_in_collectionist_treasure_data","wod","35999","1","HandyNotes_TreasureHunter","Nagrand.lua","48006010","",""
"already_achievement_or_quest_backed","quest_or_criteria_already_present_in_collectionist_treasure_data","wod","36002","1","HandyNotes_TreasureHunter","Nagrand.lua","44606750","",""
"already_achievement_or_quest_backed","quest_or_criteria_already_present_in_collectionist_treasure_data","wod","36008","1","HandyNotes_TreasureHunter","Nagrand.lua","48607270","",""
"already_achievement_or_quest_backed","quest_or_criteria_already_present_in_collectionist_treasure_data","wod","36011","1","HandyNotes_TreasureHunter","Nagrand.lua","55306820","",""
"already_achievement_or_quest_backed","quest_or_criteria_already_present_in_collectionist_treasure_data","wod","36020","1","HandyNotes_TreasureHunter","Nagrand.lua","45806630","",""
"already_achievement_or_quest_backed","quest_or_criteria_already_present_in_collectionist_treasure_data","wod","36021","1","HandyNotes_TreasureHunter","Nagrand.lua","58305940","",""
"already_achievement_or_quest_backed","quest_or_criteria_already_present_in_collectionist_treasure_data","wod","36035","1","HandyNotes_TreasureHunter","Nagrand.lua","72706100","",""
"already_achievement_or_quest_backed","quest_or_criteria_already_present_in_collectionist_treasure_data","wod","36036","1","HandyNotes_TreasureHunter","Nagrand.lua","78901550","",""
"already_achievement_or_quest_backed","quest_or_criteria_already_present_in_collectionist_treasure_data","wod","36039","1","HandyNotes_TreasureHunter","Nagrand.lua","67404900","",""
"already_achievement_or_quest_backed","quest_or_criteria_already_present_in_collectionist_treasure_data","wod","36046","1","HandyNotes_TreasureHunter","Nagrand.lua","64706580","",""
"already_achievement_or_quest_backed","quest_or_criteria_already_present_in_collectionist_treasure_data","wod","36049","1","HandyNotes_TreasureHunter","Nagrand.lua","81007980","",""
"already_achievement_or_quest_backed","quest_or_criteria_already_present_in_collectionist_treasure_data","wod","36050","1","HandyNotes_TreasureHunter","Nagrand.lua","56607290","",""
"already_achievement_or_quest_backed","quest_or_criteria_already_present_in_collectionist_treasure_data","wod","36051","1","HandyNotes_TreasureHunter","Nagrand.lua","87107290","","[["
"already_achievement_or_quest_backed","quest_or_criteria_already_present_in_collectionist_treasure_data","wod","36071","1","HandyNotes_TreasureHunter","Nagrand.lua","64703580","",""
"already_achievement_or_quest_backed","quest_or_criteria_already_present_in_collectionist_treasure_data","wod","36073","1","HandyNotes_TreasureHunter","Nagrand.lua","52404440","",""
"already_achievement_or_quest_backed","quest_or_criteria_already_present_in_collectionist_treasure_data","wod","36074","1","HandyNotes_TreasureHunter","Nagrand.lua","75404710","",""
"already_achievement_or_quest_backed","quest_or_criteria_already_present_in_collectionist_treasure_data","wod","36077","1","HandyNotes_TreasureHunter","Nagrand.lua","75806200","",""
"already_achievement_or_quest_backed","quest_or_criteria_already_present_in_collectionist_treasure_data","wod","36082","1","HandyNotes_TreasureHunter","Nagrand.lua","61805740","",""
"already_achievement_or_quest_backed","quest_or_criteria_already_present_in_collectionist_treasure_data","wod","36088","2","HandyNotes_TreasureHunter","Nagrand.lua","53406430;66305730","","""Vault of the Titan"";todo: confirm location"
"already_achievement_or_quest_backed","quest_or_criteria_already_present_in_collectionist_treasure_data","wod","36099","1","HandyNotes_TreasureHunter","Nagrand.lua","75306570","",""
"already_achievement_or_quest_backed","quest_or_criteria_already_present_in_collectionist_treasure_data","wod","36102","1","HandyNotes_TreasureHunter","Nagrand.lua","75206500","",""
"already_achievement_or_quest_backed","quest_or_criteria_already_present_in_collectionist_treasure_data","wod","36115","1","HandyNotes_TreasureHunter","Nagrand.lua","57806220","",""
"already_achievement_or_quest_backed","quest_or_criteria_already_present_in_collectionist_treasure_data","wod","36116","1","HandyNotes_TreasureHunter","Nagrand.lua","62506710","",""
"already_achievement_or_quest_backed","quest_or_criteria_already_present_in_collectionist_treasure_data","wod","36118","1","HandyNotes_TreasureHunter","Gorgrond.lua","43907050","",""
"already_achievement_or_quest_backed","quest_or_criteria_already_present_in_collectionist_treasure_data","wod","36170","1","HandyNotes_TreasureHunter","Gorgrond.lua","40007230","",""
"already_achievement_or_quest_backed","quest_or_criteria_already_present_in_collectionist_treasure_data","wod","36174","1","HandyNotes_TreasureHunter","Nagrand.lua","77101660","",""
"already_achievement_or_quest_backed","quest_or_criteria_already_present_in_collectionist_treasure_data","wod","36203","1","HandyNotes_TreasureHunter","Gorgrond.lua","48904730","",""
"already_achievement_or_quest_backed","quest_or_criteria_already_present_in_collectionist_treasure_data","wod","36243","1","HandyNotes_TreasureHunter","SpiresOfArak.lua","36801720","",""
"already_achievement_or_quest_backed","quest_or_criteria_already_present_in_collectionist_treasure_data","wod","36244","1","HandyNotes_TreasureHunter","SpiresOfArak.lua","42701830","",""
"already_achievement_or_quest_backed","quest_or_criteria_already_present_in_collectionist_treasure_data","wod","36245","1","HandyNotes_TreasureHunter","SpiresOfArak.lua","43001640","",""
"already_achievement_or_quest_backed","quest_or_criteria_already_present_in_collectionist_treasure_data","wod","36246","1","HandyNotes_TreasureHunter","SpiresOfArak.lua","50502210","","Fractured Sunstone"
"already_achievement_or_quest_backed","quest_or_criteria_already_present_in_collectionist_treasure_data","wod","36247","1","HandyNotes_TreasureHunter","SpiresOfArak.lua","50702880","",""
"already_achievement_or_quest_backed","quest_or_criteria_already_present_in_collectionist_treasure_data","wod","36340","1","HandyNotes_TreasureHunter","SpiresOfArak.lua","58706030","",""
"already_achievement_or_quest_backed","quest_or_criteria_already_present_in_collectionist_treasure_data","wod","36354","1","HandyNotes_TreasureHunter","SpiresOfArak.lua","46004410","",""
"already_achievement_or_quest_backed","quest_or_criteria_already_present_in_collectionist_treasure_data","wod","36355","1","HandyNotes_TreasureHunter","SpiresOfArak.lua","43202720","",""
"already_achievement_or_quest_backed","quest_or_criteria_already_present_in_collectionist_treasure_data","wod","36356","1","HandyNotes_TreasureHunter","SpiresOfArak.lua","67403980","","shrines"
"already_achievement_or_quest_backed","quest_or_criteria_already_present_in_collectionist_treasure_data","wod","36359","1","HandyNotes_TreasureHunter","SpiresOfArak.lua","60205390","",""
"already_achievement_or_quest_backed","quest_or_criteria_already_present_in_collectionist_treasure_data","wod","36360","1","HandyNotes_TreasureHunter","SpiresOfArak.lua","51904890","",""
"already_achievement_or_quest_backed","quest_or_criteria_already_present_in_collectionist_treasure_data","wod","36361","1","HandyNotes_TreasureHunter","SpiresOfArak.lua","47903070","",""
"already_achievement_or_quest_backed","quest_or_criteria_already_present_in_collectionist_treasure_data","wod","36362","1","HandyNotes_TreasureHunter","SpiresOfArak.lua","56202880","",""
"already_achievement_or_quest_backed","quest_or_criteria_already_present_in_collectionist_treasure_data","wod","36364","1","HandyNotes_TreasureHunter","SpiresOfArak.lua","54403240","",""
"already_achievement_or_quest_backed","quest_or_criteria_already_present_in_collectionist_treasure_data","wod","36365","1","HandyNotes_TreasureHunter","SpiresOfArak.lua","59708130","",""
"already_achievement_or_quest_backed","quest_or_criteria_already_present_in_collectionist_treasure_data","wod","36366","2","HandyNotes_TreasureHunter","SpiresOfArak.lua","55509080;59109060","","Sailor Zazzuk's 180-Proof Rum"
"already_achievement_or_quest_backed","quest_or_criteria_already_present_in_collectionist_treasure_data","wod","36381","1","HandyNotes_TreasureHunter","SpiresOfArak.lua","61105550","",""
"already_achievement_or_quest_backed","quest_or_criteria_already_present_in_collectionist_treasure_data","wod","36386","1","HandyNotes_TreasureHunter","SpiresOfArak.lua","48604450","",""
"already_achievement_or_quest_backed","quest_or_criteria_already_present_in_collectionist_treasure_data","wod","36388","1","HandyNotes_TreasureHunter","SpiresOfArak.lua","42402670","",""
"already_achievement_or_quest_backed","quest_or_criteria_already_present_in_collectionist_treasure_data","wod","36389","1","HandyNotes_TreasureHunter","SpiresOfArak.lua","46904050","",""
"already_achievement_or_quest_backed","quest_or_criteria_already_present_in_collectionist_treasure_data","wod","36390","1","HandyNotes_TreasureHunter","SpiresOfArak.lua","57007900","",""
"already_achievement_or_quest_backed","quest_or_criteria_already_present_in_collectionist_treasure_data","wod","36392","1","HandyNotes_TreasureHunter","SpiresOfArak.lua","52001960","",""
"already_achievement_or_quest_backed","quest_or_criteria_already_present_in_collectionist_treasure_data","wod","36395","1","HandyNotes_TreasureHunter","SpiresOfArak.lua","43901500","",""
"already_achievement_or_quest_backed","quest_or_criteria_already_present_in_collectionist_treasure_data","wod","36397","1","HandyNotes_TreasureHunter","SpiresOfArak.lua","43802470","",""
"already_achievement_or_quest_backed","quest_or_criteria_already_present_in_collectionist_treasure_data","wod","36398","1","HandyNotes_TreasureHunter","SpiresOfArak.lua","69204330","",""
"already_achievement_or_quest_backed","quest_or_criteria_already_present_in_collectionist_treasure_data","wod","36399","1","HandyNotes_TreasureHunter","SpiresOfArak.lua","48906250","",""
"already_achievement_or_quest_backed","quest_or_criteria_already_present_in_collectionist_treasure_data","wod","36400","1","HandyNotes_TreasureHunter","SpiresOfArak.lua","55602200","",""
"already_achievement_or_quest_backed","quest_or_criteria_already_present_in_collectionist_treasure_data","wod","36402","1","HandyNotes_TreasureHunter","SpiresOfArak.lua","36303940","",""
"already_achievement_or_quest_backed","quest_or_criteria_already_present_in_collectionist_treasure_data","wod","36403","1","HandyNotes_TreasureHunter","SpiresOfArak.lua","53305560","",""
"already_achievement_or_quest_backed","quest_or_criteria_already_present_in_collectionist_treasure_data","wod","36405","1","HandyNotes_TreasureHunter","SpiresOfArak.lua","48305260","",""
"already_achievement_or_quest_backed","quest_or_criteria_already_present_in_collectionist_treasure_data","wod","36406","1","HandyNotes_TreasureHunter","SpiresOfArak.lua","48905470","",""
"already_achievement_or_quest_backed","quest_or_criteria_already_present_in_collectionist_treasure_data","wod","36407","1","HandyNotes_TreasureHunter","SpiresOfArak.lua","51906460","",""
"already_achievement_or_quest_backed","quest_or_criteria_already_present_in_collectionist_treasure_data","wod","36410","1","HandyNotes_TreasureHunter","SpiresOfArak.lua","61006380","","treasures"
"already_achievement_or_quest_backed","quest_or_criteria_already_present_in_collectionist_treasure_data","wod","36411","1","HandyNotes_TreasureHunter","SpiresOfArak.lua","47803610","",""
"already_achievement_or_quest_backed","quest_or_criteria_already_present_in_collectionist_treasure_data","wod","36416","1","HandyNotes_TreasureHunter","SpiresOfArak.lua","52404280","",""
"already_achievement_or_quest_backed","quest_or_criteria_already_present_in_collectionist_treasure_data","wod","36418","1","HandyNotes_TreasureHunter","SpiresOfArak.lua","36505790","",""
"already_achievement_or_quest_backed","quest_or_criteria_already_present_in_collectionist_treasure_data","wod","36420","1","HandyNotes_TreasureHunter","SpiresOfArak.lua","37204740","",""
"already_achievement_or_quest_backed","quest_or_criteria_already_present_in_collectionist_treasure_data","wod","36421","1","HandyNotes_TreasureHunter","SpiresOfArak.lua","34102750","",""
"already_achievement_or_quest_backed","quest_or_criteria_already_present_in_collectionist_treasure_data","wod","36422","1","HandyNotes_TreasureHunter","SpiresOfArak.lua","33302730","",""
"already_achievement_or_quest_backed","quest_or_criteria_already_present_in_collectionist_treasure_data","wod","36433","1","HandyNotes_TreasureHunter","SpiresOfArak.lua","56304530","",""
"already_achievement_or_quest_backed","quest_or_criteria_already_present_in_collectionist_treasure_data","wod","36444","1","HandyNotes_TreasureHunter","SpiresOfArak.lua","50402580","",""
"already_achievement_or_quest_backed","quest_or_criteria_already_present_in_collectionist_treasure_data","wod","36445","1","HandyNotes_TreasureHunter","SpiresOfArak.lua","49203730","",""
"already_achievement_or_quest_backed","quest_or_criteria_already_present_in_collectionist_treasure_data","wod","36446","1","HandyNotes_TreasureHunter","SpiresOfArak.lua","46903400","",""
"already_achievement_or_quest_backed","quest_or_criteria_already_present_in_collectionist_treasure_data","wod","36447","1","HandyNotes_TreasureHunter","SpiresOfArak.lua","42102170","",""
"already_achievement_or_quest_backed","quest_or_criteria_already_present_in_collectionist_treasure_data","wod","36450","1","HandyNotes_TreasureHunter","SpiresOfArak.lua","71604850","",""
"already_achievement_or_quest_backed","quest_or_criteria_already_present_in_collectionist_treasure_data","wod","36451","1","HandyNotes_TreasureHunter","SpiresOfArak.lua","41805050","",""
"already_achievement_or_quest_backed","quest_or_criteria_already_present_in_collectionist_treasure_data","wod","36453","1","HandyNotes_TreasureHunter","SpiresOfArak.lua","68408900","",""
"already_achievement_or_quest_backed","quest_or_criteria_already_present_in_collectionist_treasure_data","wod","36454","1","HandyNotes_TreasureHunter","SpiresOfArak.lua","63606740","",""
"already_achievement_or_quest_backed","quest_or_criteria_already_present_in_collectionist_treasure_data","wod","36455","1","HandyNotes_TreasureHunter","SpiresOfArak.lua","66505650","",""
"already_achievement_or_quest_backed","quest_or_criteria_already_present_in_collectionist_treasure_data","wod","36456","1","HandyNotes_TreasureHunter","SpiresOfArak.lua","60908460","",""
"already_achievement_or_quest_backed","quest_or_criteria_already_present_in_collectionist_treasure_data","wod","36458","1","HandyNotes_TreasureHunter","SpiresOfArak.lua","40605500","",""
"already_achievement_or_quest_backed","quest_or_criteria_already_present_in_collectionist_treasure_data","wod","36462","1","HandyNotes_TreasureHunter","SpiresOfArak.lua","37705640","",""
"already_achievement_or_quest_backed","quest_or_criteria_already_present_in_collectionist_treasure_data","wod","36506","1","HandyNotes_TreasureHunter","Gorgrond.lua","41705300","",""
"already_achievement_or_quest_backed","quest_or_criteria_already_present_in_collectionist_treasure_data","wod","36507","1","HandyNotes_TreasureHunter","ShadowmoonValley.lua","66903350","",""
"already_achievement_or_quest_backed","quest_or_criteria_already_present_in_collectionist_treasure_data","wod","36509","1","HandyNotes_TreasureHunter","Gorgrond.lua","52506690","",""
"quest_identity_navigation_candidate","stable_quest_flag_in_installed_handynotes_table_provider","wod","36518","1","HandyNotes_TreasureHunter","Talador.lua","58005300","","Aeda Brightdawn"
"quest_identity_navigation_candidate","stable_quest_flag_in_installed_handynotes_table_provider","wod","36519","1","HandyNotes_TreasureHunter","Talador.lua","57405120","","Defender Illona"
"already_achievement_or_quest_backed","quest_or_criteria_already_present_in_collectionist_treasure_data","wod","36521","1","HandyNotes_TreasureHunter","Gorgrond.lua","46204290","",""
"quest_identity_navigation_candidate","stable_quest_flag_in_installed_handynotes_table_provider","wod","36522","1","HandyNotes_TreasureHunter","Talador.lua","56802600","","Ahm"
"already_achievement_or_quest_backed","quest_or_criteria_already_present_in_collectionist_treasure_data","wod","36596","1","HandyNotes_TreasureHunter","Gorgrond.lua","49304360","",""
"already_achievement_or_quest_backed","quest_or_criteria_already_present_in_collectionist_treasure_data","wod","36604","1","HandyNotes_TreasureHunter","Gorgrond.lua","48109340","",""
"already_achievement_or_quest_backed","quest_or_criteria_already_present_in_collectionist_treasure_data","wod","36605","1","HandyNotes_TreasureHunter","Gorgrond.lua","57805600","",""
"already_achievement_or_quest_backed","quest_or_criteria_already_present_in_collectionist_treasure_data","wod","36610","1","HandyNotes_TreasureHunter","Gorgrond.lua","45704970","",""
"already_achievement_or_quest_backed","quest_or_criteria_already_present_in_collectionist_treasure_data","wod","36618","1","HandyNotes_TreasureHunter","Gorgrond.lua","43704240","",""
"already_achievement_or_quest_backed","quest_or_criteria_already_present_in_collectionist_treasure_data","wod","36621","1","HandyNotes_TreasureHunter","Gorgrond.lua","40407660","",""
"already_achievement_or_quest_backed","quest_or_criteria_already_present_in_collectionist_treasure_data","wod","36625","1","HandyNotes_TreasureHunter","Gorgrond.lua","42408340","",""
"already_achievement_or_quest_backed","quest_or_criteria_already_present_in_collectionist_treasure_data","wod","36628","1","HandyNotes_TreasureHunter","Gorgrond.lua","59406370","",""
"already_achievement_or_quest_backed","quest_or_criteria_already_present_in_collectionist_treasure_data","wod","36631","1","HandyNotes_TreasureHunter","Gorgrond.lua","39006810","",""
"already_achievement_or_quest_backed","quest_or_criteria_already_present_in_collectionist_treasure_data","wod","36634","1","HandyNotes_TreasureHunter","Gorgrond.lua","45004260","",""
"already_achievement_or_quest_backed","quest_or_criteria_already_present_in_collectionist_treasure_data","wod","36651","1","HandyNotes_TreasureHunter","Gorgrond.lua","46105000","",""
"already_achievement_or_quest_backed","quest_or_criteria_already_present_in_collectionist_treasure_data","wod","36654","1","HandyNotes_TreasureHunter","Gorgrond.lua","53107440","",""
"already_achievement_or_quest_backed","quest_or_criteria_already_present_in_collectionist_treasure_data","wod","36657","1","HandyNotes_TreasureHunter","SpiresOfArak.lua","37305070","",""
"already_achievement_or_quest_backed","quest_or_criteria_already_present_in_collectionist_treasure_data","wod","36658","1","HandyNotes_TreasureHunter","Gorgrond.lua","41807810","",""
"quest_identity_navigation_candidate","stable_quest_flag_in_installed_handynotes_table_provider","wod","36711","3","HandyNotes_TreasureHunter","Nagrand.lua","38404940;65906120;85403870","","35711;36072;36089"
"already_achievement_or_quest_backed","quest_or_criteria_already_present_in_collectionist_treasure_data","wod","36857","1","HandyNotes_TreasureHunter","Nagrand.lua","89103310","",""
"already_achievement_or_quest_backed","quest_or_criteria_already_present_in_collectionist_treasure_data","wod","36863","1","HandyNotes_TreasureHunter","FrostfireRidge.lua","56707180","",""
"quest_identity_navigation_candidate","stable_quest_flag_in_installed_handynotes_table_provider","wod","36879","1","HandyNotes_TreasureHunter","ShadowmoonValley.lua","29803750","",""
"quest_identity_navigation_candidate","stable_quest_flag_in_installed_handynotes_table_provider","wod","36937","1","HandyNotes_TreasureHunter","Talador.lua","70100700","",""
"quest_identity_navigation_candidate","stable_quest_flag_in_installed_handynotes_table_provider","wod","37168","1","HandyNotes_TreasureHunter","SpiresOfArak.lua","55306850","","Leorajh"
"quest_identity_navigation_candidate","stable_quest_flag_in_installed_handynotes_table_provider","mists_of_pandaria","37246","1","HandyNotes_MistsOfPandariaTreasures","ValleyOfTheFourWinds.lua","52056382","","Mysterious Fruit Pile (Mesmerizing Fruit Hat)"
"quest_identity_navigation_candidate","stable_quest_flag_in_installed_handynotes_table_provider","wod","37249","1","HandyNotes_TreasureHunter","Gorgrond.lua","57006530","","followers"
"already_achievement_or_quest_backed","quest_or_criteria_already_present_in_collectionist_treasure_data","wod","37254","1","HandyNotes_TreasureHunter","ShadowmoonValley.lua","52902490","",""
"quest_identity_navigation_candidate","stable_quest_flag_in_installed_handynotes_table_provider","wod","37435","1","HandyNotes_TreasureHunter","Nagrand.lua","40406860","","abu'gar"
"quest_identity_navigation_candidate","stable_quest_flag_in_installed_handynotes_table_provider","legion","37596","1","HandyNotes_LegionTreasures","Azsuna.lua","53033726","",""
"quest_identity_navigation_candidate","stable_quest_flag_in_installed_handynotes_table_provider","legion","37649","1","HandyNotes_LegionTreasures","Azsuna.lua","69294839","",""
"quest_identity_navigation_candidate","stable_quest_flag_in_installed_handynotes_table_provider","legion","37713","1","HandyNotes_LegionTreasures","Azsuna.lua","44473946","",""
"quest_identity_navigation_candidate","stable_quest_flag_in_installed_handynotes_table_provider","legion","37828","1","HandyNotes_LegionTreasures","Azsuna.lua","49384536","",""
"quest_identity_navigation_candidate","stable_quest_flag_in_installed_handynotes_table_provider","legion","37829","1","HandyNotes_LegionTreasures","Azsuna.lua","53176444","",""
"quest_identity_navigation_candidate","stable_quest_flag_in_installed_handynotes_table_provider","legion","37830","1","HandyNotes_LegionTreasures","Azsuna.lua","58364378","",""
"quest_identity_navigation_candidate","stable_quest_flag_in_installed_handynotes_table_provider","legion","37831","1","HandyNotes_LegionTreasures","Azsuna.lua","49653448","",""
"quest_identity_navigation_candidate","stable_quest_flag_in_installed_handynotes_table_provider","legion","37832","1","HandyNotes_LegionTreasures","Azsuna.lua","63231521","",""
"already_achievement_or_quest_backed","quest_or_criteria_already_present_in_collectionist_treasure_data","wod","37956","1","HandyNotes_TreasureHunter","TanaanJungle.lua","36304350","","Strange Sapphire"
"quest_identity_navigation_candidate","stable_quest_flag_in_installed_handynotes_table_provider","legion","37958","1","HandyNotes_LegionTreasures","Azsuna.lua","57901220","",""
"quest_identity_navigation_candidate","stable_quest_flag_in_installed_handynotes_table_provider","legion","37980","1","HandyNotes_LegionTreasures","Azsuna.lua","58381229","",""
"already_achievement_or_quest_backed","quest_or_criteria_already_present_in_collectionist_treasure_data","wod","38208","1","HandyNotes_TreasureHunter","TanaanJungle.lua","15904970","","weathered axe"
"quest_identity_navigation_candidate","stable_quest_flag_in_installed_handynotes_table_provider","legion","38239","1","HandyNotes_LegionTreasures","Azsuna.lua","65066978","",""
"quest_identity_navigation_candidate","stable_quest_flag_in_installed_handynotes_table_provider","legion","38251","1","HandyNotes_LegionTreasures","Azsuna.lua","56443481","",""
"quest_identity_navigation_candidate","stable_quest_flag_in_installed_handynotes_table_provider","legion","38277","1","HandyNotes_LegionTreasures","Valsharah.lua","46448630","",""
"quest_identity_navigation_candidate","stable_quest_flag_in_installed_handynotes_table_provider","legion","38316","1","HandyNotes_LegionTreasures","Azsuna.lua","40575767","",""
"already_achievement_or_quest_backed","quest_or_criteria_already_present_in_collectionist_treasure_data","wod","38320","1","HandyNotes_TreasureHunter","TanaanJungle.lua","19304100","","blade of Kra'nak"
"already_achievement_or_quest_backed","quest_or_criteria_already_present_in_collectionist_treasure_data","wod","38334","1","HandyNotes_TreasureHunter","TanaanJungle.lua","28702330","","Jewel of Hellfire"
"quest_identity_navigation_candidate","stable_quest_flag_in_installed_handynotes_table_provider","legion","38355","1","HandyNotes_LegionTreasures","Valsharah.lua","64715126","",""
"quest_identity_navigation_candidate","stable_quest_flag_in_installed_handynotes_table_provider","legion","38359","1","HandyNotes_LegionTreasures","Valsharah.lua","54417419","",""
"quest_identity_navigation_candidate","stable_quest_flag_in_installed_handynotes_table_provider","legion","38363","1","HandyNotes_LegionTreasures","Valsharah.lua","43397589","",""
"quest_identity_navigation_candidate","stable_quest_flag_in_installed_handynotes_table_provider","legion","38365","1","HandyNotes_LegionTreasures","Azsuna.lua","55855699","",""
"quest_identity_navigation_candidate","stable_quest_flag_in_installed_handynotes_table_provider","legion","38366","1","HandyNotes_LegionTreasures","Valsharah.lua","48687381","",""
"quest_identity_navigation_candidate","stable_quest_flag_in_installed_handynotes_table_provider","legion","38367","1","HandyNotes_LegionTreasures","Azsuna.lua","42600810","",""
"quest_identity_navigation_candidate","stable_quest_flag_in_installed_handynotes_table_provider","legion","38369","1","HandyNotes_LegionTreasures","Valsharah.lua","39945460","",""
"quest_identity_navigation_candidate","stable_quest_flag_in_installed_handynotes_table_provider","legion","38370","1","HandyNotes_LegionTreasures","Azsuna.lua","49415800","",""
"quest_identity_navigation_candidate","stable_quest_flag_in_installed_handynotes_table_provider","legion","38383","1","HandyNotes_LegionTreasures","Stormheim.lua","60845332","","Stormscale Cavern, Stormheim"
"quest_identity_navigation_candidate","stable_quest_flag_in_installed_handynotes_table_provider","legion","38386","1","HandyNotes_LegionTreasures","Valsharah.lua","67395342","",""
"quest_identity_navigation_candidate","stable_quest_flag_in_installed_handynotes_table_provider","legion","38387","1","HandyNotes_LegionTreasures","Valsharah.lua","44358257","",""
"quest_identity_navigation_candidate","stable_quest_flag_in_installed_handynotes_table_provider","legion","38388","1","HandyNotes_LegionTreasures","Valsharah.lua","51247777","",""
"quest_identity_navigation_candidate","stable_quest_flag_in_installed_handynotes_table_provider","legion","38389","2","HandyNotes_LegionTreasures","Azsuna.lua;Valsharah.lua","55310505;63378841","",""
"quest_identity_navigation_candidate","stable_quest_flag_in_installed_handynotes_table_provider","legion","38390","1","HandyNotes_LegionTreasures","Valsharah.lua","54003489","",""
"quest_identity_navigation_candidate","stable_quest_flag_in_installed_handynotes_table_provider","legion","38391","1","HandyNotes_LegionTreasures","Valsharah.lua","65907920","",""
"quest_identity_navigation_candidate","stable_quest_flag_in_installed_handynotes_table_provider","legion","38419","1","HandyNotes_LegionTreasures","Azsuna.lua","57153106","",""
"already_achievement_or_quest_backed","quest_or_criteria_already_present_in_collectionist_treasure_data","wod","38426","1","HandyNotes_TreasureHunter","TanaanJungle.lua","32407040","","sargerei tome"
"quest_identity_navigation_candidate","stable_quest_flag_in_installed_handynotes_table_provider","legion","38466","1","HandyNotes_LegionTreasures","Valsharah.lua","55567762","","Unguarded Thistleleaf Treasure npc:92104"
"quest_identity_navigation_candidate","stable_quest_flag_in_installed_handynotes_table_provider","legion","38474","1","HandyNotes_LegionTreasures","Stormheim.lua","42616579","",""
"quest_identity_navigation_candidate","stable_quest_flag_in_installed_handynotes_table_provider","legion","38475","1","HandyNotes_LegionTreasures","Stormheim.lua","40656852","",""
"quest_identity_navigation_candidate","stable_quest_flag_in_installed_handynotes_table_provider","legion","38476","1","HandyNotes_LegionTreasures","Stormheim.lua","48137421","",""
"quest_identity_navigation_candidate","stable_quest_flag_in_installed_handynotes_table_provider","legion","38477","1","HandyNotes_LegionTreasures","Stormheim.lua","42336112","",""
"quest_identity_navigation_candidate","stable_quest_flag_in_installed_handynotes_table_provider","legion","38478","1","HandyNotes_LegionTreasures","Stormheim.lua","35176898","",""
"quest_identity_navigation_candidate","stable_quest_flag_in_installed_handynotes_table_provider","legion","38480","1","HandyNotes_LegionTreasures","Stormheim.lua","52018058","",""
"quest_identity_navigation_candidate","stable_quest_flag_in_installed_handynotes_table_provider","legion","38481","1","HandyNotes_LegionTreasures","Stormheim.lua","46768040","",""
"quest_identity_navigation_candidate","stable_quest_flag_in_installed_handynotes_table_provider","legion","38483","1","HandyNotes_LegionTreasures","Stormheim.lua","50314100","",""
"quest_identity_navigation_candidate","stable_quest_flag_in_installed_handynotes_table_provider","legion","38485","1","HandyNotes_LegionTreasures","Stormheim.lua","49777801","",""
"quest_identity_navigation_candidate","stable_quest_flag_in_installed_handynotes_table_provider","legion","38486","1","HandyNotes_LegionTreasures","Stormheim.lua","39486518","",""
"quest_identity_navigation_candidate","stable_quest_flag_in_installed_handynotes_table_provider","legion","38487","1","HandyNotes_LegionTreasures","Stormheim.lua","35033660","",""
"quest_identity_navigation_candidate","stable_quest_flag_in_installed_handynotes_table_provider","legion","38488","1","HandyNotes_LegionTreasures","Stormheim.lua","41744604","",""
"quest_identity_navigation_candidate","stable_quest_flag_in_installed_handynotes_table_provider","legion","38489","1","HandyNotes_LegionTreasures","Stormheim.lua","44166997","",""
"quest_identity_navigation_candidate","stable_quest_flag_in_installed_handynotes_table_provider","legion","38490","1","HandyNotes_LegionTreasures","Stormheim.lua","32742791","",""
"quest_identity_navigation_candidate","stable_quest_flag_in_installed_handynotes_table_provider","legion","38495","1","HandyNotes_LegionTreasures","Stormheim.lua","33143607","",""
"quest_identity_navigation_candidate","stable_quest_flag_in_installed_handynotes_table_provider","legion","38498","1","HandyNotes_LegionTreasures","Stormheim.lua","39571934","",""
"quest_identity_navigation_candidate","stable_quest_flag_in_installed_handynotes_table_provider","legion","38503","1","HandyNotes_LegionTreasures","Stormheim.lua","83322456","",""
"quest_identity_navigation_candidate","stable_quest_flag_in_installed_handynotes_table_provider","legion","38510","1","HandyNotes_LegionTreasures","Stormheim.lua","79842471","",""
"quest_identity_navigation_candidate","stable_quest_flag_in_installed_handynotes_table_provider","legion","38516","1","HandyNotes_LegionTreasures","Stormheim.lua","19634698","",""
"quest_identity_navigation_candidate","stable_quest_flag_in_installed_handynotes_table_provider","legion","38529","2","HandyNotes_LegionTreasures","Stormheim.lua","20134125;27335749","","Rares"
"already_achievement_or_quest_backed","quest_or_criteria_already_present_in_collectionist_treasure_data","wod","38591","1","HandyNotes_TreasureHunter","TanaanJungle.lua","56906510","","broken selfie sack"
"already_achievement_or_quest_backed","quest_or_criteria_already_present_in_collectionist_treasure_data","wod","38593","1","HandyNotes_TreasureHunter","TanaanJungle.lua","54806930","","spear"
"already_achievement_or_quest_backed","quest_or_criteria_already_present_in_collectionist_treasure_data","wod","38601","1","HandyNotes_TreasureHunter","TanaanJungle.lua","61207580","","Blackfang Isle Cache"
"already_achievement_or_quest_backed","quest_or_criteria_already_present_in_collectionist_treasure_data","wod","38602","1","HandyNotes_TreasureHunter","TanaanJungle.lua","62107070","","Crystalized Fel Spike"
"already_achievement_or_quest_backed","quest_or_criteria_already_present_in_collectionist_treasure_data","wod","38629","1","HandyNotes_TreasureHunter","TanaanJungle.lua","30307190","","polished crystal"
"quest_identity_navigation_candidate","stable_quest_flag_in_installed_handynotes_table_provider","legion","38637","1","HandyNotes_LegionTreasures","Stormheim.lua","69144478","",""
"already_achievement_or_quest_backed","quest_or_criteria_already_present_in_collectionist_treasure_data","wod","38638","1","HandyNotes_TreasureHunter","TanaanJungle.lua","40607980","","snake flute"
"already_achievement_or_quest_backed","quest_or_criteria_already_present_in_collectionist_treasure_data","wod","38639","1","HandyNotes_TreasureHunter","TanaanJungle.lua","40807550","","perfect blossom"
"already_achievement_or_quest_backed","quest_or_criteria_already_present_in_collectionist_treasure_data","wod","38640","1","HandyNotes_TreasureHunter","TanaanJungle.lua","37004620","","Pale Removal Equipment"
"already_achievement_or_quest_backed","quest_or_criteria_already_present_in_collectionist_treasure_data","wod","38657","1","HandyNotes_TreasureHunter","TanaanJungle.lua","41607330","","forgotten champion sword"
"quest_identity_navigation_candidate","stable_quest_flag_in_installed_handynotes_table_provider","legion","38676","1","HandyNotes_LegionTreasures","Stormheim.lua","31105600","",""
"quest_identity_navigation_candidate","stable_quest_flag_in_installed_handynotes_table_provider","legion","38677","1","HandyNotes_LegionTreasures","Stormheim.lua","35735415","",""
"already_achievement_or_quest_backed","quest_or_criteria_already_present_in_collectionist_treasure_data","wod","38678","1","HandyNotes_TreasureHunter","TanaanJungle.lua","22004780","","warchest"
"already_achievement_or_quest_backed","quest_or_criteria_already_present_in_collectionist_treasure_data","wod","38679","1","HandyNotes_TreasureHunter","TanaanJungle.lua","58502500","","Jewel of the Fallen Star"
"quest_identity_navigation_candidate","stable_quest_flag_in_installed_handynotes_table_provider","legion","38680","1","HandyNotes_LegionTreasures","Stormheim.lua","35924792","",""
"quest_identity_navigation_candidate","stable_quest_flag_in_installed_handynotes_table_provider","legion","38681","1","HandyNotes_LegionTreasures","Stormheim.lua","46606496","",""
"already_achievement_or_quest_backed","quest_or_criteria_already_present_in_collectionist_treasure_data","wod","38682","1","HandyNotes_TreasureHunter","TanaanJungle.lua","62602050","","Censer of Torment"
"already_achievement_or_quest_backed","quest_or_criteria_already_present_in_collectionist_treasure_data","wod","38683","1","HandyNotes_TreasureHunter","TanaanJungle.lua","26804410","","Looted Bleeding Hollow Treasure"
"already_achievement_or_quest_backed","quest_or_criteria_already_present_in_collectionist_treasure_data","wod","38686","1","HandyNotes_TreasureHunter","TanaanJungle.lua","51702430","","Rune Etched Femur"
"already_achievement_or_quest_backed","quest_or_criteria_already_present_in_collectionist_treasure_data","wod","38701","1","HandyNotes_TreasureHunter","TanaanJungle.lua","64704280","","Loose Soil"
"already_achievement_or_quest_backed","quest_or_criteria_already_present_in_collectionist_treasure_data","wod","38702","1","HandyNotes_TreasureHunter","TanaanJungle.lua","49908120","","Discarded Helm"
"already_achievement_or_quest_backed","quest_or_criteria_already_present_in_collectionist_treasure_data","wod","38703","1","HandyNotes_TreasureHunter","TanaanJungle.lua","49907960","","Scouts Belongings"
"already_achievement_or_quest_backed","quest_or_criteria_already_present_in_collectionist_treasure_data","wod","38704","1","HandyNotes_TreasureHunter","TanaanJungle.lua","69705600","","Forgotten Iron Horde Supplies"
"already_achievement_or_quest_backed","quest_or_criteria_already_present_in_collectionist_treasure_data","wod","38705","1","HandyNotes_TreasureHunter","TanaanJungle.lua","47907040","","Crystalized Essence of Elements"
"already_achievement_or_quest_backed","quest_or_criteria_already_present_in_collectionist_treasure_data","wod","38731","1","HandyNotes_TreasureHunter","TanaanJungle.lua","50806490","","overgrown relic"
"already_achievement_or_quest_backed","quest_or_criteria_already_present_in_collectionist_treasure_data","wod","38732","1","HandyNotes_TreasureHunter","TanaanJungle.lua","31403110","","Jeweled Arakkoa Effigy"
"already_achievement_or_quest_backed","quest_or_criteria_already_present_in_collectionist_treasure_data","wod","38735","1","HandyNotes_TreasureHunter","TanaanJungle.lua","25305030","","enchanted spyglass"
"quest_identity_navigation_candidate","stable_quest_flag_in_installed_handynotes_table_provider","legion","38738","1","HandyNotes_LegionTreasures","Stormheim.lua","47986237","",""
"already_achievement_or_quest_backed","quest_or_criteria_already_present_in_collectionist_treasure_data","wod","38739","1","HandyNotes_TreasureHunter","TanaanJungle.lua","46207280","","Mysterious Corrupted Obelisk"
"already_achievement_or_quest_backed","quest_or_criteria_already_present_in_collectionist_treasure_data","wod","38740","1","HandyNotes_TreasureHunter","TanaanJungle.lua","63402810","","Forgotten Shard of the Cipher"
"already_achievement_or_quest_backed","quest_or_criteria_already_present_in_collectionist_treasure_data","wod","38741","1","HandyNotes_TreasureHunter","TanaanJungle.lua","26506290","","bleeding hollow chest"
"already_achievement_or_quest_backed","quest_or_criteria_already_present_in_collectionist_treasure_data","wod","38742","1","HandyNotes_TreasureHunter","TanaanJungle.lua","34703464","","Mad Chief"
"quest_identity_navigation_candidate","stable_quest_flag_in_installed_handynotes_table_provider","legion","38744","1","HandyNotes_LegionTreasures","Stormheim.lua","61933255","",""
"already_achievement_or_quest_backed","quest_or_criteria_already_present_in_collectionist_treasure_data","wod","38754","1","HandyNotes_TreasureHunter","TanaanJungle.lua","14905440","","weeping wolf axe"
"already_achievement_or_quest_backed","quest_or_criteria_already_present_in_collectionist_treasure_data","wod","38755","1","HandyNotes_TreasureHunter","TanaanJungle.lua","17405700","","spoils"
"already_achievement_or_quest_backed","quest_or_criteria_already_present_in_collectionist_treasure_data","wod","38757","1","HandyNotes_TreasureHunter","TanaanJungle.lua","16005940","","grannok's eye"
"already_achievement_or_quest_backed","quest_or_criteria_already_present_in_collectionist_treasure_data","wod","38758","1","HandyNotes_TreasureHunter","TanaanJungle.lua","35907860","","Ironbeard's Treasure"
"already_achievement_or_quest_backed","quest_or_criteria_already_present_in_collectionist_treasure_data","wod","38760","1","HandyNotes_TreasureHunter","TanaanJungle.lua","33907810","","captain booty 1"
"already_achievement_or_quest_backed","quest_or_criteria_already_present_in_collectionist_treasure_data","wod","38761","1","HandyNotes_TreasureHunter","TanaanJungle.lua","34707710","","captain booty 2"
"already_achievement_or_quest_backed","quest_or_criteria_already_present_in_collectionist_treasure_data","wod","38762","1","HandyNotes_TreasureHunter","TanaanJungle.lua","34407830","","captain booty 3"
"quest_identity_navigation_candidate","stable_quest_flag_in_installed_handynotes_table_provider","legion","38763","1","HandyNotes_LegionTreasures","Stormheim.lua","49694731","",""
"already_achievement_or_quest_backed","quest_or_criteria_already_present_in_collectionist_treasure_data","wod","38771","1","HandyNotes_TreasureHunter","TanaanJungle.lua","46903660","","book"
"already_achievement_or_quest_backed","quest_or_criteria_already_present_in_collectionist_treasure_data","wod","38773","1","HandyNotes_TreasureHunter","TanaanJungle.lua","46904440","","fel satchel"
"already_achievement_or_quest_backed","quest_or_criteria_already_present_in_collectionist_treasure_data","wod","38776","1","HandyNotes_TreasureHunter","TanaanJungle.lua","46804220","","blade"
"already_achievement_or_quest_backed","quest_or_criteria_already_present_in_collectionist_treasure_data","wod","38779","1","HandyNotes_TreasureHunter","TanaanJungle.lua","73604320","","Stashed Bleeding Hollow Loot"
"quest_identity_navigation_candidate","stable_quest_flag_in_installed_handynotes_table_provider","legion","38781","1","HandyNotes_LegionTreasures","Valsharah.lua","69475999","",""
"quest_identity_navigation_candidate","stable_quest_flag_in_installed_handynotes_table_provider","legion","38782","1","HandyNotes_LegionTreasures","Valsharah.lua","67215928","",""
"quest_identity_navigation_candidate","stable_quest_flag_in_installed_handynotes_table_provider","legion","38783","1","HandyNotes_LegionTreasures","Valsharah.lua","70225704","","Darkpens, Val'sharah"
"already_achievement_or_quest_backed","quest_or_criteria_already_present_in_collectionist_treasure_data","wod","38788","1","HandyNotes_TreasureHunter","TanaanJungle.lua","37808070","","brazier"
"already_achievement_or_quest_backed","quest_or_criteria_already_present_in_collectionist_treasure_data","wod","38809","1","HandyNotes_TreasureHunter","TanaanJungle.lua","49907680","","Bleeding Hollow Mushroom Stash"
"already_achievement_or_quest_backed","quest_or_criteria_already_present_in_collectionist_treasure_data","wod","38814","1","HandyNotes_TreasureHunter","TanaanJungle.lua","48507520","","Looted Mystical Staff"
"already_achievement_or_quest_backed","quest_or_criteria_already_present_in_collectionist_treasure_data","wod","38821","1","HandyNotes_TreasureHunter","TanaanJungle.lua","43203830","",""
"already_achievement_or_quest_backed","quest_or_criteria_already_present_in_collectionist_treasure_data","wod","38822","1","HandyNotes_TreasureHunter","TanaanJungle.lua","42803530","",""
"quest_identity_navigation_candidate","stable_quest_flag_in_installed_handynotes_table_provider","legion","38861","1","HandyNotes_LegionTreasures","Valsharah.lua","56008376","",""
"already_achievement_or_quest_backed","quest_or_criteria_already_present_in_collectionist_treasure_data","wod","38863","1","HandyNotes_TreasureHunter","TanaanJungle.lua","28803460","","Partially Mined Apexis Crystal"
"quest_identity_navigation_candidate","stable_quest_flag_in_installed_handynotes_table_provider","legion","38864","1","HandyNotes_LegionTreasures","Valsharah.lua","54908056","","[54958054] = {quest=38861, label=ns.CHEST_SM, note=""In underwater cave""}, -- removed? swapped for 38864?"
"quest_identity_navigation_candidate","stable_quest_flag_in_installed_handynotes_table_provider","legion","38886","1","HandyNotes_LegionTreasures","Valsharah.lua","48998615","",""
"quest_identity_navigation_candidate","stable_quest_flag_in_installed_handynotes_table_provider","legion","38893","1","HandyNotes_LegionTreasures","Valsharah.lua","60498216","",""
"quest_identity_navigation_candidate","stable_quest_flag_in_installed_handynotes_table_provider","legion","38900","1","HandyNotes_LegionTreasures","Valsharah.lua","64358463","33280","Antydas Nightcaller npc:93758, quest 38903 for talking to him"
"quest_identity_navigation_candidate","stable_quest_flag_in_installed_handynotes_table_provider","legion","38943","1","HandyNotes_LegionTreasures","Valsharah.lua","59887228","",""
"quest_identity_navigation_candidate","stable_quest_flag_in_installed_handynotes_table_provider","legion","39069","1","HandyNotes_LegionTreasures","Valsharah.lua","62707040","",""
"quest_identity_navigation_candidate","stable_quest_flag_in_installed_handynotes_table_provider","legion","39070","1","HandyNotes_LegionTreasures","Valsharah.lua","63007700","",""
"quest_identity_navigation_candidate","stable_quest_flag_in_installed_handynotes_table_provider","legion","39071","1","HandyNotes_LegionTreasures","Valsharah.lua","62076737","",""
"quest_identity_navigation_candidate","stable_quest_flag_in_installed_handynotes_table_provider","legion","39072","1","HandyNotes_LegionTreasures","Valsharah.lua","56225730","",""
"quest_identity_navigation_candidate","stable_quest_flag_in_installed_handynotes_table_provider","legion","39073","1","HandyNotes_LegionTreasures","Valsharah.lua","68334060","",""
"quest_identity_navigation_candidate","stable_quest_flag_in_installed_handynotes_table_provider","legion","39074","1","HandyNotes_LegionTreasures","Valsharah.lua","65398629","",""
"already_achievement_or_quest_backed","quest_or_criteria_already_present_in_collectionist_treasure_data","wod","39075","1","HandyNotes_TreasureHunter","TanaanJungle.lua","51603270","","Fel-Tainted Apexis Formation"
"quest_identity_navigation_candidate","stable_quest_flag_in_installed_handynotes_table_provider","legion","39077","1","HandyNotes_LegionTreasures","Valsharah.lua","42665801","",""
"quest_identity_navigation_candidate","stable_quest_flag_in_installed_handynotes_table_provider","legion","39079","1","HandyNotes_LegionTreasures","Valsharah.lua","38626718","",""
"quest_identity_navigation_candidate","stable_quest_flag_in_installed_handynotes_table_provider","legion","39080","1","HandyNotes_LegionTreasures","Valsharah.lua","38456530","",""
"quest_identity_navigation_candidate","stable_quest_flag_in_installed_handynotes_table_provider","legion","39081","1","HandyNotes_LegionTreasures","Valsharah.lua","33815826","","[37005734] = {quest=39083, label=ns.CHEST_SM},"
"quest_identity_navigation_candidate","stable_quest_flag_in_installed_handynotes_table_provider","legion","39083","1","HandyNotes_LegionTreasures","Valsharah.lua","45106120","",""
"quest_identity_navigation_candidate","stable_quest_flag_in_installed_handynotes_table_provider","legion","39084","1","HandyNotes_LegionTreasures","Valsharah.lua","43225488","",""
"quest_identity_navigation_candidate","stable_quest_flag_in_installed_handynotes_table_provider","legion","39085","1","HandyNotes_LegionTreasures","Valsharah.lua","42018849","",""
"quest_identity_navigation_candidate","stable_quest_flag_in_installed_handynotes_table_provider","legion","39086","1","HandyNotes_LegionTreasures","Valsharah.lua","50905168","","Rares"
"quest_identity_navigation_candidate","stable_quest_flag_in_installed_handynotes_table_provider","legion","39087","2","HandyNotes_LegionTreasures","Valsharah.lua","61006400;61657372","",""
"quest_identity_navigation_candidate","stable_quest_flag_in_installed_handynotes_table_provider","legion","39088","1","HandyNotes_LegionTreasures","Valsharah.lua","61073421","",""
"quest_identity_navigation_candidate","stable_quest_flag_in_installed_handynotes_table_provider","legion","39089","1","HandyNotes_LegionTreasures","Valsharah.lua","61017917","",""
"quest_identity_navigation_candidate","stable_quest_flag_in_installed_handynotes_table_provider","legion","39093","1","HandyNotes_LegionTreasures","Valsharah.lua","54187061","",""
"quest_identity_navigation_candidate","stable_quest_flag_in_installed_handynotes_table_provider","legion","39097","1","HandyNotes_LegionTreasures","Valsharah.lua","54506048","",""
"quest_identity_navigation_candidate","stable_quest_flag_in_installed_handynotes_table_provider","legion","39102","1","HandyNotes_LegionTreasures","Valsharah.lua","63277401","",""
"quest_identity_navigation_candidate","stable_quest_flag_in_installed_handynotes_table_provider","legion","39108","1","HandyNotes_LegionTreasures","Valsharah.lua","66604090","","[67105770] = {quest=, loot={139023}, label=""Elven Chest""}, -- no tracking quest triggers here..."
"quest_identity_navigation_candidate","stable_quest_flag_in_installed_handynotes_table_provider","legion","39466","1","HandyNotes_LegionTreasures","Highmountain.lua","49653772","",""
"already_achievement_or_quest_backed","quest_or_criteria_already_present_in_collectionist_treasure_data","wod","39469","1","HandyNotes_TreasureHunter","TanaanJungle.lua","65908500","","Bejeweled Egg"
"already_achievement_or_quest_backed","quest_or_criteria_already_present_in_collectionist_treasure_data","wod","39470","1","HandyNotes_TreasureHunter","TanaanJungle.lua","54909070","","Dead Mans Chest"
"quest_identity_navigation_candidate","stable_quest_flag_in_installed_handynotes_table_provider","legion","39471","1","HandyNotes_LegionTreasures","Highmountain.lua","51175305","",""
"quest_identity_navigation_candidate","stable_quest_flag_in_installed_handynotes_table_provider","legion","39494","1","HandyNotes_LegionTreasures","Highmountain.lua","39704830","",""
"quest_identity_navigation_candidate","stable_quest_flag_in_installed_handynotes_table_provider","legion","39503","1","HandyNotes_LegionTreasures","Highmountain.lua","47644406","",""
"quest_identity_navigation_candidate","stable_quest_flag_in_installed_handynotes_table_provider","legion","39531","1","HandyNotes_LegionTreasures","Highmountain.lua","63435929","",""
"quest_identity_navigation_candidate","stable_quest_flag_in_installed_handynotes_table_provider","legion","39606","2","HandyNotes_LegionTreasures","Highmountain.lua","49647128;59304130","",""
"quest_identity_navigation_candidate","stable_quest_flag_in_installed_handynotes_table_provider","legion","39766","1","HandyNotes_LegionTreasures","Highmountain.lua","52335138","33334","Totally Safe Treasure Chest, Ram'pag"
"quest_identity_navigation_candidate","stable_quest_flag_in_installed_handynotes_table_provider","legion","39812","1","HandyNotes_LegionTreasures","Highmountain.lua","39555744","",""
"quest_identity_navigation_candidate","stable_quest_flag_in_installed_handynotes_table_provider","legion","39824","1","HandyNotes_LegionTreasures","Highmountain.lua","53615103","",""
"quest_identity_navigation_candidate","stable_quest_flag_in_installed_handynotes_table_provider","legion","39970","1","HandyNotes_LegionTreasures","Mardum.lua","34857020","",""
"quest_identity_navigation_candidate","stable_quest_flag_in_installed_handynotes_table_provider","legion","39971","1","HandyNotes_LegionTreasures","Mardum.lua","45017785","",""
"quest_identity_navigation_candidate","stable_quest_flag_in_installed_handynotes_table_provider","legion","39972","1","HandyNotes_LegionTreasures","Mardum.lua","48761530","",""
"quest_identity_navigation_candidate","stable_quest_flag_in_installed_handynotes_table_provider","legion","39973","1","HandyNotes_LegionTreasures","Mardum.lua","54855845","","Soul Engine, Lower, Mardum"
"quest_identity_navigation_candidate","stable_quest_flag_in_installed_handynotes_table_provider","legion","39974","1","HandyNotes_LegionTreasures","Mardum.lua","66922767","",""
"quest_identity_navigation_candidate","stable_quest_flag_in_installed_handynotes_table_provider","legion","39975","1","HandyNotes_LegionTreasures","Mardum.lua","73494892","",""
"quest_identity_navigation_candidate","stable_quest_flag_in_installed_handynotes_table_provider","legion","39976","1","HandyNotes_LegionTreasures","Mardum.lua","69704240","",""
"quest_identity_navigation_candidate","stable_quest_flag_in_installed_handynotes_table_provider","legion","39977","1","HandyNotes_LegionTreasures","Mardum.lua","74285453","",""
"quest_identity_navigation_candidate","stable_quest_flag_in_installed_handynotes_table_provider","legion","40082","1","HandyNotes_LegionTreasures","Stormheim.lua","58044751","",""
"quest_identity_navigation_candidate","stable_quest_flag_in_installed_handynotes_table_provider","legion","40083","1","HandyNotes_LegionTreasures","Stormheim.lua","67935774","",""
"quest_identity_navigation_candidate","stable_quest_flag_in_installed_handynotes_table_provider","legion","40085","1","HandyNotes_LegionTreasures","Stormheim.lua","73334150","",""
"quest_identity_navigation_candidate","stable_quest_flag_in_installed_handynotes_table_provider","legion","40086","1","HandyNotes_LegionTreasures","Stormheim.lua","68974183","",""
"quest_identity_navigation_candidate","stable_quest_flag_in_installed_handynotes_table_provider","legion","40088","1","HandyNotes_LegionTreasures","Stormheim.lua","59305846","",""
"quest_identity_navigation_candidate","stable_quest_flag_in_installed_handynotes_table_provider","legion","40089","1","HandyNotes_LegionTreasures","Stormheim.lua","61836289","",""
"quest_identity_navigation_candidate","stable_quest_flag_in_installed_handynotes_table_provider","legion","40090","1","HandyNotes_LegionTreasures","Stormheim.lua","57946321","",""
"quest_identity_navigation_candidate","stable_quest_flag_in_installed_handynotes_table_provider","legion","40091","1","HandyNotes_LegionTreasures","Stormheim.lua","62667362","",""
"quest_identity_navigation_candidate","stable_quest_flag_in_installed_handynotes_table_provider","legion","40093","1","HandyNotes_LegionTreasures","Stormheim.lua","61404440","",""
"quest_identity_navigation_candidate","stable_quest_flag_in_installed_handynotes_table_provider","legion","40094","1","HandyNotes_LegionTreasures","Stormheim.lua","60834273","",""
"quest_identity_navigation_candidate","stable_quest_flag_in_installed_handynotes_table_provider","legion","40095","1","HandyNotes_LegionTreasures","Stormheim.lua","55004716","",""
"quest_identity_navigation_candidate","stable_quest_flag_in_installed_handynotes_table_provider","legion","40099","1","HandyNotes_LegionTreasures","Stormheim.lua","81876750","",""
"quest_identity_navigation_candidate","stable_quest_flag_in_installed_handynotes_table_provider","legion","40108","1","HandyNotes_LegionTreasures","Stormheim.lua","68462959","",""
"quest_identity_navigation_candidate","stable_quest_flag_in_installed_handynotes_table_provider","legion","40223","1","HandyNotes_LegionTreasures","Mardum.lua","42194916","",""
"quest_identity_navigation_candidate","stable_quest_flag_in_installed_handynotes_table_provider","legion","40274","1","HandyNotes_LegionTreasures","Mardum.lua","78755047","",""
"quest_identity_navigation_candidate","stable_quest_flag_in_installed_handynotes_table_provider","legion","40338","1","HandyNotes_LegionTreasures","Mardum.lua","76243899","",""
"quest_identity_navigation_candidate","stable_quest_flag_in_installed_handynotes_table_provider","legion","40471","1","HandyNotes_LegionTreasures","Highmountain.lua","62946793","","Path of Huln, floor 1, Highmountain"
"quest_identity_navigation_candidate","stable_quest_flag_in_installed_handynotes_table_provider","legion","40472","1","HandyNotes_LegionTreasures","Highmountain.lua","50667537","",""
"quest_identity_navigation_candidate","stable_quest_flag_in_installed_handynotes_table_provider","legion","40473","1","HandyNotes_LegionTreasures","Highmountain.lua","39307621","",""
"quest_identity_navigation_candidate","stable_quest_flag_in_installed_handynotes_table_provider","legion","40474","1","HandyNotes_LegionTreasures","Highmountain.lua","39376229","",""
"quest_identity_navigation_candidate","stable_quest_flag_in_installed_handynotes_table_provider","legion","40475","1","HandyNotes_LegionTreasures","Highmountain.lua","32354174","",""
"quest_identity_navigation_candidate","stable_quest_flag_in_installed_handynotes_table_provider","legion","40476","2","HandyNotes_LegionTreasures","Highmountain.lua","39505740;61703450","","LifespringCavern, Upper, Highmountain;StonedarkGrotto, Highmountain"
"quest_identity_navigation_candidate","stable_quest_flag_in_installed_handynotes_table_provider","legion","40477","1","HandyNotes_LegionTreasures","Highmountain.lua","37353381","",""
"quest_identity_navigation_candidate","stable_quest_flag_in_installed_handynotes_table_provider","legion","40478","2","HandyNotes_LegionTreasures","Highmountain.lua","35987235;43582510","","MucksnoutDen, Highmountain"
"quest_identity_navigation_candidate","stable_quest_flag_in_installed_handynotes_table_provider","legion","40479","1","HandyNotes_LegionTreasures","Highmountain.lua","42212730","",""
"quest_identity_navigation_candidate","stable_quest_flag_in_installed_handynotes_table_provider","legion","40480","1","HandyNotes_LegionTreasures","Highmountain.lua","42203482","",""
"quest_identity_navigation_candidate","stable_quest_flag_in_installed_handynotes_table_provider","legion","40481","1","HandyNotes_LegionTreasures","Highmountain.lua","45573462","",""
"quest_identity_navigation_candidate","stable_quest_flag_in_installed_handynotes_table_provider","legion","40482","1","HandyNotes_LegionTreasures","Highmountain.lua","46682810","",""
"quest_identity_navigation_candidate","stable_quest_flag_in_installed_handynotes_table_provider","legion","40483","1","HandyNotes_LegionTreasures","Highmountain.lua","54174159","",""
"quest_identity_navigation_candidate","stable_quest_flag_in_installed_handynotes_table_provider","legion","40484","1","HandyNotes_LegionTreasures","Highmountain.lua","53454352","",""
"quest_identity_navigation_candidate","stable_quest_flag_in_installed_handynotes_table_provider","legion","40487","1","HandyNotes_LegionTreasures","Highmountain.lua","55134965","",""
"quest_identity_navigation_candidate","stable_quest_flag_in_installed_handynotes_table_provider","legion","40488","1","HandyNotes_LegionTreasures","Highmountain.lua","36616213","",""
"quest_identity_navigation_candidate","stable_quest_flag_in_installed_handynotes_table_provider","legion","40489","2","HandyNotes_LegionTreasures","Highmountain.lua","46227340;85213787","","LifespringCavern, Lower, Highmountain"
"quest_identity_navigation_candidate","stable_quest_flag_in_installed_handynotes_table_provider","legion","40491","1","HandyNotes_LegionTreasures","Highmountain.lua","13715555","",""
"quest_identity_navigation_candidate","stable_quest_flag_in_installed_handynotes_table_provider","legion","40493","1","HandyNotes_LegionTreasures","Highmountain.lua","53035224","",""
"quest_identity_navigation_candidate","stable_quest_flag_in_installed_handynotes_table_provider","legion","40494","1","HandyNotes_LegionTreasures","Highmountain.lua","60592533","","ThunderTotem, Highmountain"
"quest_identity_navigation_candidate","stable_quest_flag_in_installed_handynotes_table_provider","legion","40496","1","HandyNotes_LegionTreasures","Highmountain.lua","50983647","",""
"quest_identity_navigation_candidate","stable_quest_flag_in_installed_handynotes_table_provider","legion","40497","1","HandyNotes_LegionTreasures","Highmountain.lua","50243861","",""
"quest_identity_navigation_candidate","stable_quest_flag_in_installed_handynotes_table_provider","legion","40498","1","HandyNotes_LegionTreasures","Highmountain.lua","50983880","",""
"quest_identity_navigation_candidate","stable_quest_flag_in_installed_handynotes_table_provider","legion","40499","1","HandyNotes_LegionTreasures","Highmountain.lua","53063946","",""
"quest_identity_navigation_candidate","stable_quest_flag_in_installed_handynotes_table_provider","legion","40500","1","HandyNotes_LegionTreasures","Highmountain.lua","53414868","",""
"quest_identity_navigation_candidate","stable_quest_flag_in_installed_handynotes_table_provider","legion","40505","1","HandyNotes_LegionTreasures","Highmountain.lua","52023241","",""
"quest_identity_navigation_candidate","stable_quest_flag_in_installed_handynotes_table_provider","legion","40506","1","HandyNotes_LegionTreasures","Highmountain.lua","50813504","",""
"quest_identity_navigation_candidate","stable_quest_flag_in_installed_handynotes_table_provider","legion","40507","1","HandyNotes_LegionTreasures","Highmountain.lua","46814013","",""
"quest_identity_navigation_candidate","stable_quest_flag_in_installed_handynotes_table_provider","legion","40508","1","HandyNotes_LegionTreasures","Highmountain.lua","60425458","","Rares"
"quest_identity_navigation_candidate","stable_quest_flag_in_installed_handynotes_table_provider","legion","40509","1","HandyNotes_LegionTreasures","Highmountain.lua","40215031","",""
"quest_identity_navigation_candidate","stable_quest_flag_in_installed_handynotes_table_provider","legion","40510","1","HandyNotes_LegionTreasures","Highmountain.lua","43757275","",""
"quest_identity_navigation_candidate","stable_quest_flag_in_installed_handynotes_table_provider","legion","40692","1","HandyNotes_LegionTreasures","Suramar.lua","58653375","","Why Can't I Hold All This Mana?"
"quest_identity_navigation_candidate","stable_quest_flag_in_installed_handynotes_table_provider","legion","40711","1","HandyNotes_LegionTreasures","Azsuna.lua","55621855","",""
"quest_identity_navigation_candidate","stable_quest_flag_in_installed_handynotes_table_provider","legion","40743","1","HandyNotes_LegionTreasures","Mardum.lua","51135079","",""
"quest_identity_navigation_candidate","stable_quest_flag_in_installed_handynotes_table_provider","legion","40751","1","HandyNotes_LegionTreasures","Azsuna.lua","66064345","",""
"quest_identity_navigation_candidate","stable_quest_flag_in_installed_handynotes_table_provider","legion","40752","1","HandyNotes_LegionTreasures","Azsuna.lua","58645340","",""
"quest_identity_navigation_candidate","stable_quest_flag_in_installed_handynotes_table_provider","legion","40759","1","HandyNotes_LegionTreasures","Mardum.lua","41763761","",""
"quest_identity_navigation_candidate","stable_quest_flag_in_installed_handynotes_table_provider","legion","40767","1","HandyNotes_LegionTreasures","Suramar.lua","52733130","",""
"quest_identity_navigation_candidate","stable_quest_flag_in_installed_handynotes_table_provider","legion","40772","3","HandyNotes_LegionTreasures","Mardum.lua","46803320;49844883;63702360","","Illidari Ward, Vault of the Wardens;in soul engine;Soul Engine, Upper, Mardum"
"quest_identity_navigation_candidate","stable_quest_flag_in_installed_handynotes_table_provider","legion","40797","1","HandyNotes_LegionTreasures","Mardum.lua","23065389","",""
"quest_identity_navigation_candidate","stable_quest_flag_in_installed_handynotes_table_provider","legion","40820","1","HandyNotes_LegionTreasures","Mardum.lua","82075043","","Cryptic Hollow, Mardum"
"quest_identity_navigation_candidate","stable_quest_flag_in_installed_handynotes_table_provider","legion","40902","1","HandyNotes_LegionTreasures","Suramar.lua","40502903","",""
"quest_identity_navigation_candidate","stable_quest_flag_in_installed_handynotes_table_provider","legion","40909","1","HandyNotes_LegionTreasures","Mardum.lua","58693475","",""
"quest_identity_navigation_candidate","stable_quest_flag_in_installed_handynotes_table_provider","legion","40910","1","HandyNotes_LegionTreasures","Mardum.lua","47325464","","Vault of the Wardens"
"quest_identity_navigation_candidate","stable_quest_flag_in_installed_handynotes_table_provider","legion","40911","1","HandyNotes_LegionTreasures","Mardum.lua","32104817","",""
"quest_identity_navigation_candidate","stable_quest_flag_in_installed_handynotes_table_provider","legion","40912","1","HandyNotes_LegionTreasures","Mardum.lua","41413287","","Warden's Court, Vault of the Wardens"
"quest_identity_navigation_candidate","stable_quest_flag_in_installed_handynotes_table_provider","legion","40913","1","HandyNotes_LegionTreasures","Mardum.lua","56994013","",""
"quest_identity_navigation_candidate","stable_quest_flag_in_installed_handynotes_table_provider","legion","40914","1","HandyNotes_LegionTreasures","Mardum.lua","41506361","",""
"quest_identity_navigation_candidate","stable_quest_flag_in_installed_handynotes_table_provider","legion","40915","1","HandyNotes_LegionTreasures","Mardum.lua","24421005","",""
"quest_identity_navigation_candidate","stable_quest_flag_in_installed_handynotes_table_provider","legion","40916","1","HandyNotes_LegionTreasures","Mardum.lua","23268157","","Rares"
"quest_identity_navigation_candidate","stable_quest_flag_in_installed_handynotes_table_provider","legion","41028","1","HandyNotes_LegionTreasures","Suramar.lua","41703890","31056","Anora Hollow (the prerequisite!)"
"quest_identity_navigation_candidate","stable_quest_flag_in_installed_handynotes_table_provider","legion","41929","1","HandyNotes_LegionTreasures","Dalaran.lua","28466450","",""
"quest_identity_navigation_candidate","stable_quest_flag_in_installed_handynotes_table_provider","legion","42272","1","HandyNotes_LegionTreasures","Azsuna.lua","59876316","",""
"quest_identity_navigation_candidate","stable_quest_flag_in_installed_handynotes_table_provider","legion","42273","1","HandyNotes_LegionTreasures","Azsuna.lua","62405840","",""
"quest_identity_navigation_candidate","stable_quest_flag_in_installed_handynotes_table_provider","legion","42278","1","HandyNotes_LegionTreasures","Azsuna.lua","63005420","",""
"quest_identity_navigation_candidate","stable_quest_flag_in_installed_handynotes_table_provider","legion","42281","1","HandyNotes_LegionTreasures","Azsuna.lua","52004210","",""
"quest_identity_navigation_candidate","stable_quest_flag_in_installed_handynotes_table_provider","legion","42282","1","HandyNotes_LegionTreasures","Azsuna.lua","53684396","",""
"quest_identity_navigation_candidate","stable_quest_flag_in_installed_handynotes_table_provider","legion","42283","1","HandyNotes_LegionTreasures","Azsuna.lua","53504545","",""
"quest_identity_navigation_candidate","stable_quest_flag_in_installed_handynotes_table_provider","legion","42284","2","HandyNotes_LegionTreasures","Azsuna.lua","53834053;62458451","",""
"quest_identity_navigation_candidate","stable_quest_flag_in_installed_handynotes_table_provider","legion","42285","2","HandyNotes_LegionTreasures","Azsuna.lua","54403490;71212211","","OceanusCove, Azsuna"
"quest_identity_navigation_candidate","stable_quest_flag_in_installed_handynotes_table_provider","legion","42287","1","HandyNotes_LegionTreasures","Azsuna.lua","54313633","",""
"quest_identity_navigation_candidate","stable_quest_flag_in_installed_handynotes_table_provider","legion","42288","1","HandyNotes_LegionTreasures","Azsuna.lua","55362774","",""
"quest_identity_navigation_candidate","stable_quest_flag_in_installed_handynotes_table_provider","legion","42289","1","HandyNotes_LegionTreasures","Azsuna.lua","51502430","",""
"quest_identity_navigation_candidate","stable_quest_flag_in_installed_handynotes_table_provider","legion","42290","1","HandyNotes_LegionTreasures","Azsuna.lua","50215029","",""
"quest_identity_navigation_candidate","stable_quest_flag_in_installed_handynotes_table_provider","legion","42291","1","HandyNotes_LegionTreasures","Azsuna.lua","45346686","","Rares"
"quest_identity_navigation_candidate","stable_quest_flag_in_installed_handynotes_table_provider","legion","42292","1","HandyNotes_LegionTreasures","Azsuna.lua","41393075","",""
"quest_identity_navigation_candidate","stable_quest_flag_in_installed_handynotes_table_provider","legion","42293","1","HandyNotes_LegionTreasures","Azsuna.lua","63653919","",""
"quest_identity_navigation_candidate","stable_quest_flag_in_installed_handynotes_table_provider","legion","42294","1","HandyNotes_LegionTreasures","Azsuna.lua","62814479","",""
"quest_identity_navigation_candidate","stable_quest_flag_in_installed_handynotes_table_provider","legion","42295","1","HandyNotes_LegionTreasures","Azsuna.lua","47860773","",""
"quest_identity_navigation_candidate","stable_quest_flag_in_installed_handynotes_table_provider","legion","42297","1","HandyNotes_LegionTreasures","Azsuna.lua","43402243","",""
"quest_identity_navigation_candidate","stable_quest_flag_in_installed_handynotes_table_provider","legion","42338","1","HandyNotes_LegionTreasures","Azsuna.lua","56892499","",""
"quest_identity_navigation_candidate","stable_quest_flag_in_installed_handynotes_table_provider","legion","42339","1","HandyNotes_LegionTreasures","Azsuna.lua","52842059","",""
"quest_identity_navigation_candidate","stable_quest_flag_in_installed_handynotes_table_provider","legion","42453","1","HandyNotes_LegionTreasures","Highmountain.lua","52566637","",""
"quest_identity_navigation_candidate","stable_quest_flag_in_installed_handynotes_table_provider","legion","42628","1","HandyNotes_LegionTreasures","Stormheim.lua","72135489","",""
"quest_identity_navigation_candidate","stable_quest_flag_in_installed_handynotes_table_provider","legion","42629","1","HandyNotes_LegionTreasures","Stormheim.lua","75164949","",""
"quest_identity_navigation_candidate","stable_quest_flag_in_installed_handynotes_table_provider","legion","42632","1","HandyNotes_LegionTreasures","Stormheim.lua","73965223","",""
"quest_identity_navigation_candidate","stable_quest_flag_in_installed_handynotes_table_provider","legion","42827","1","HandyNotes_LegionTreasures","Suramar.lua","26354127","",""
"quest_identity_navigation_candidate","stable_quest_flag_in_installed_handynotes_table_provider","legion","42842","1","HandyNotes_LegionTreasures","Suramar.lua","21425446","","Kel'danath's Manaflask (hide before 41212 maybe? Or 40326 scattered memories)"
"quest_identity_navigation_candidate","stable_quest_flag_in_installed_handynotes_table_provider","legion","42958","1","HandyNotes_LegionTreasures","Azsuna.lua","65462961","",""
"quest_identity_navigation_candidate","stable_quest_flag_in_installed_handynotes_table_provider","legion","43071","1","HandyNotes_LegionTreasures","Suramar.lua","40801350","",""
"quest_identity_navigation_candidate","stable_quest_flag_in_installed_handynotes_table_provider","legion","43111","1","HandyNotes_LegionTreasures","Suramar.lua","51802930","",""
"quest_identity_navigation_candidate","stable_quest_flag_in_installed_handynotes_table_provider","legion","43120","1","HandyNotes_LegionTreasures","Suramar.lua","75902840","","lower level"
"quest_identity_navigation_candidate","stable_quest_flag_in_installed_handynotes_table_provider","legion","43128","1","HandyNotes_LegionTreasures","Suramar.lua","62206200","",""
"quest_identity_navigation_candidate","stable_quest_flag_in_installed_handynotes_table_provider","legion","43134","1","HandyNotes_LegionTreasures","Suramar.lua","44205350","",""
"quest_identity_navigation_candidate","stable_quest_flag_in_installed_handynotes_table_provider","legion","43135","1","HandyNotes_LegionTreasures","Suramar.lua","36603240","",""
"quest_identity_navigation_candidate","stable_quest_flag_in_installed_handynotes_table_provider","legion","43140","1","HandyNotes_LegionTreasures","Suramar.lua","38805350","",""
"quest_identity_navigation_candidate","stable_quest_flag_in_installed_handynotes_table_provider","legion","43141","1","HandyNotes_LegionTreasures","Suramar.lua","48707980","",""
"quest_identity_navigation_candidate","stable_quest_flag_in_installed_handynotes_table_provider","legion","43142","1","HandyNotes_LegionTreasures","Suramar.lua","62409010","",""
"quest_identity_navigation_candidate","stable_quest_flag_in_installed_handynotes_table_provider","legion","43143","1","HandyNotes_LegionTreasures","Suramar.lua","45704610","",""
"quest_identity_navigation_candidate","stable_quest_flag_in_installed_handynotes_table_provider","legion","43144","1","HandyNotes_LegionTreasures","Suramar.lua","67305140","",""
"quest_identity_navigation_candidate","stable_quest_flag_in_installed_handynotes_table_provider","legion","43145","1","HandyNotes_LegionTreasures","Suramar.lua","32506440","",""
"quest_identity_navigation_candidate","stable_quest_flag_in_installed_handynotes_table_provider","legion","43146","1","HandyNotes_LegionTreasures","Suramar.lua","30007000","",""
"quest_identity_navigation_candidate","stable_quest_flag_in_installed_handynotes_table_provider","legion","43148","1","HandyNotes_LegionTreasures","Suramar.lua","60507310","",""
"quest_identity_navigation_candidate","stable_quest_flag_in_installed_handynotes_table_provider","legion","43149","1","HandyNotes_LegionTreasures","Suramar.lua","29804260","",""
"quest_identity_navigation_candidate","stable_quest_flag_in_installed_handynotes_table_provider","legion","43187","1","HandyNotes_LegionTreasures","Stormheim.lua","65585737","",""
"quest_identity_navigation_candidate","stable_quest_flag_in_installed_handynotes_table_provider","legion","43188","1","HandyNotes_LegionTreasures","Stormheim.lua","69986719","",""
"quest_identity_navigation_candidate","stable_quest_flag_in_installed_handynotes_table_provider","legion","43189","1","HandyNotes_LegionTreasures","Stormheim.lua","42473407","",""
"quest_identity_navigation_candidate","stable_quest_flag_in_installed_handynotes_table_provider","legion","43190","1","HandyNotes_LegionTreasures","Stormheim.lua","53229314","",""
"quest_identity_navigation_candidate","stable_quest_flag_in_installed_handynotes_table_provider","legion","43191","1","HandyNotes_LegionTreasures","Stormheim.lua","82405451","","Helheim in Stormheim"
"quest_identity_navigation_candidate","stable_quest_flag_in_installed_handynotes_table_provider","legion","43194","1","HandyNotes_LegionTreasures","Stormheim.lua","73154570","",""
"quest_identity_navigation_candidate","stable_quest_flag_in_installed_handynotes_table_provider","legion","43195","1","HandyNotes_LegionTreasures","Stormheim.lua","50061816","",""
"quest_identity_navigation_candidate","stable_quest_flag_in_installed_handynotes_table_provider","legion","43196","1","HandyNotes_LegionTreasures","Stormheim.lua","32054719","",""
"quest_identity_navigation_candidate","stable_quest_flag_in_installed_handynotes_table_provider","legion","43205","1","HandyNotes_LegionTreasures","Stormheim.lua","65364310","",""
"quest_identity_navigation_candidate","stable_quest_flag_in_installed_handynotes_table_provider","legion","43207","1","HandyNotes_LegionTreasures","Stormheim.lua","49085999","",""
"quest_identity_navigation_candidate","stable_quest_flag_in_installed_handynotes_table_provider","legion","43208","1","HandyNotes_LegionTreasures","Stormheim.lua","37183865","",""
"quest_identity_navigation_candidate","stable_quest_flag_in_installed_handynotes_table_provider","legion","43237","1","HandyNotes_LegionTreasures","Stormheim.lua","73975858","",""
"quest_identity_navigation_candidate","stable_quest_flag_in_installed_handynotes_table_provider","legion","43238","1","HandyNotes_LegionTreasures","Stormheim.lua","43164049","",""
"quest_identity_navigation_candidate","stable_quest_flag_in_installed_handynotes_table_provider","legion","43239","1","HandyNotes_LegionTreasures","Stormheim.lua","43708009","",""
"quest_identity_navigation_candidate","stable_quest_flag_in_installed_handynotes_table_provider","legion","43240","1","HandyNotes_LegionTreasures","Stormheim.lua","44983823","",""
"quest_identity_navigation_candidate","stable_quest_flag_in_installed_handynotes_table_provider","legion","43246","1","HandyNotes_LegionTreasures","Stormheim.lua","50554125","",""
"quest_identity_navigation_candidate","stable_quest_flag_in_installed_handynotes_table_provider","legion","43255","1","HandyNotes_LegionTreasures","Stormheim.lua","47463412","",""
"quest_identity_navigation_candidate","stable_quest_flag_in_installed_handynotes_table_provider","legion","43302","1","HandyNotes_LegionTreasures","Stormheim.lua","64293956","",""
"quest_identity_navigation_candidate","stable_quest_flag_in_installed_handynotes_table_provider","legion","43304","1","HandyNotes_LegionTreasures","Stormheim.lua","75676060","",""
"quest_identity_navigation_candidate","stable_quest_flag_in_installed_handynotes_table_provider","legion","43305","1","HandyNotes_LegionTreasures","Stormheim.lua","71924425","",""
"quest_identity_navigation_candidate","stable_quest_flag_in_installed_handynotes_table_provider","legion","43306","1","HandyNotes_LegionTreasures","Stormheim.lua","74414182","",""
"quest_identity_navigation_candidate","stable_quest_flag_in_installed_handynotes_table_provider","legion","43307","1","HandyNotes_LegionTreasures","Stormheim.lua","78427138","",""
"quest_identity_navigation_candidate","stable_quest_flag_in_installed_handynotes_table_provider","legion","43587","2","HandyNotes_LegionTreasures","Suramar.lua","46704720;65804190","31913","Elor'shan;Kel'balor"
"quest_identity_navigation_candidate","stable_quest_flag_in_installed_handynotes_table_provider","legion","43588","2","HandyNotes_LegionTreasures","Suramar.lua","52304490;59304280","31914","Kel'balor;Ley Station Moonfall, Moonwhisper Gulch"
"quest_identity_navigation_candidate","stable_quest_flag_in_installed_handynotes_table_provider","legion","43590","2","HandyNotes_LegionTreasures","Suramar.lua","35702410;54004470","31915","Ley Station Aethenar, Moon Guard;Moonwhisper Gulch"
"quest_identity_navigation_candidate","stable_quest_flag_in_installed_handynotes_table_provider","legion","43591","2","HandyNotes_LegionTreasures","Suramar.lua","24301940;48704870","31919","Moon Guard;Telemancy!"
"quest_identity_navigation_candidate","stable_quest_flag_in_installed_handynotes_table_provider","legion","43592","2","HandyNotes_LegionTreasures","Suramar.lua","21404330;66505302","31916","Falanaar North"
"quest_identity_navigation_candidate","stable_quest_flag_in_installed_handynotes_table_provider","legion","43593","2","HandyNotes_LegionTreasures","Suramar.lua","20405040;58107520","31917","Falanaar South"
"quest_identity_navigation_candidate","stable_quest_flag_in_installed_handynotes_table_provider","legion","43594","1","HandyNotes_LegionTreasures","Suramar.lua","29008480","31918","Soul Vaults (Halls of the Eclipse)"
"quest_identity_navigation_candidate","stable_quest_flag_in_installed_handynotes_table_provider","legion","43695","1","HandyNotes_LegionTreasures","Dalaran.lua","72995286","","A Tiny Pair of Goggles"
"quest_identity_navigation_candidate","stable_quest_flag_in_installed_handynotes_table_provider","legion","43741","1","HandyNotes_LegionTreasures","Suramar.lua","79647289","",""
"quest_identity_navigation_candidate","stable_quest_flag_in_installed_handynotes_table_provider","legion","43743","2","HandyNotes_LegionTreasures","Suramar.lua","49301730;65814191","",""
"quest_identity_navigation_candidate","stable_quest_flag_in_installed_handynotes_table_provider","legion","43744","1","HandyNotes_LegionTreasures","Suramar.lua","46552599","",""
"quest_identity_navigation_candidate","stable_quest_flag_in_installed_handynotes_table_provider","legion","43746","1","HandyNotes_LegionTreasures","Suramar.lua","41961919","",""
"quest_identity_navigation_candidate","stable_quest_flag_in_installed_handynotes_table_provider","legion","43747","1","HandyNotes_LegionTreasures","Suramar.lua","35433240","",""
"quest_identity_navigation_candidate","stable_quest_flag_in_installed_handynotes_table_provider","legion","43748","1","HandyNotes_LegionTreasures","Suramar.lua","29768799","",""
"quest_identity_navigation_candidate","stable_quest_flag_in_installed_handynotes_table_provider","legion","43830","1","HandyNotes_LegionTreasures","Suramar.lua","38138712","",""
"quest_identity_navigation_candidate","stable_quest_flag_in_installed_handynotes_table_provider","legion","43831","2","HandyNotes_LegionTreasures","Suramar.lua","25958548;31956249","",""
"quest_identity_navigation_candidate","stable_quest_flag_in_installed_handynotes_table_provider","legion","43834","1","HandyNotes_LegionTreasures","Suramar.lua","32317708","",""
"quest_identity_navigation_candidate","stable_quest_flag_in_installed_handynotes_table_provider","legion","43835","1","HandyNotes_LegionTreasures","Suramar.lua","54573780","","Temple of Fal'adora, Suramar"
"quest_identity_navigation_candidate","stable_quest_flag_in_installed_handynotes_table_provider","legion","43838","1","HandyNotes_LegionTreasures","Suramar.lua","38605414","","Falanaar Tunnels, Suramar"
"quest_identity_navigation_candidate","stable_quest_flag_in_installed_handynotes_table_provider","legion","43839","1","HandyNotes_LegionTreasures","Suramar.lua","48644258","","TODO: verify location"
"quest_identity_navigation_candidate","stable_quest_flag_in_installed_handynotes_table_provider","legion","43840","1","HandyNotes_LegionTreasures","Suramar.lua","58307020","","also triggered 43839"
"quest_identity_navigation_candidate","stable_quest_flag_in_installed_handynotes_table_provider","legion","43842","1","HandyNotes_LegionTreasures","Suramar.lua","23414880","",""
"quest_identity_navigation_candidate","stable_quest_flag_in_installed_handynotes_table_provider","legion","43844","1","HandyNotes_LegionTreasures","Suramar.lua","17275462","",""
"quest_identity_navigation_candidate","stable_quest_flag_in_installed_handynotes_table_provider","legion","43845","1","HandyNotes_LegionTreasures","Suramar.lua","19791604","",""
"quest_identity_navigation_candidate","stable_quest_flag_in_installed_handynotes_table_provider","legion","43846","1","HandyNotes_LegionTreasures","Suramar.lua","16602974","",""
"quest_identity_navigation_candidate","stable_quest_flag_in_installed_handynotes_table_provider","legion","43847","1","HandyNotes_LegionTreasures","Suramar.lua","26831696","",""
"quest_identity_navigation_candidate","stable_quest_flag_in_installed_handynotes_table_provider","legion","43848","1","HandyNotes_LegionTreasures","Suramar.lua","29271622","",""
"quest_identity_navigation_candidate","stable_quest_flag_in_installed_handynotes_table_provider","legion","43849","1","HandyNotes_LegionTreasures","Suramar.lua","42051968","",""
"quest_identity_navigation_candidate","stable_quest_flag_in_installed_handynotes_table_provider","legion","43850","1","HandyNotes_LegionTreasures","Suramar.lua","44302289","",""
"quest_identity_navigation_candidate","stable_quest_flag_in_installed_handynotes_table_provider","legion","43853","1","HandyNotes_LegionTreasures","Suramar.lua","48143399","",""
"quest_identity_navigation_candidate","stable_quest_flag_in_installed_handynotes_table_provider","legion","43854","1","HandyNotes_LegionTreasures","Suramar.lua","52272989","",""
"quest_identity_navigation_candidate","stable_quest_flag_in_installed_handynotes_table_provider","legion","43855","1","HandyNotes_LegionTreasures","Suramar.lua","51503859","",""
"quest_identity_navigation_candidate","stable_quest_flag_in_installed_handynotes_table_provider","legion","43856","1","HandyNotes_LegionTreasures","Suramar.lua","44053194","",""
"quest_identity_navigation_candidate","stable_quest_flag_in_installed_handynotes_table_provider","legion","43857","1","HandyNotes_LegionTreasures","Suramar.lua","63654911","",""
"quest_identity_navigation_candidate","stable_quest_flag_in_installed_handynotes_table_provider","legion","43858","1","HandyNotes_LegionTreasures","Suramar.lua","67315511","",""
"quest_identity_navigation_candidate","stable_quest_flag_in_installed_handynotes_table_provider","legion","43859","1","HandyNotes_LegionTreasures","Suramar.lua","71464975","",""
"quest_identity_navigation_candidate","stable_quest_flag_in_installed_handynotes_table_provider","legion","43860","1","HandyNotes_LegionTreasures","Suramar.lua","76886150","",""
"quest_identity_navigation_candidate","stable_quest_flag_in_installed_handynotes_table_provider","legion","43861","1","HandyNotes_LegionTreasures","Suramar.lua","81965745","",""
"quest_identity_navigation_candidate","stable_quest_flag_in_installed_handynotes_table_provider","legion","43862","1","HandyNotes_LegionTreasures","Suramar.lua","83975764","","Felsoul Hold, Suramar (""SuramarLegionScar"")"
"quest_identity_navigation_candidate","stable_quest_flag_in_installed_handynotes_table_provider","legion","43863","1","HandyNotes_LegionTreasures","Suramar.lua","83126933","",""
"quest_identity_navigation_candidate","stable_quest_flag_in_installed_handynotes_table_provider","legion","43864","1","HandyNotes_LegionTreasures","Suramar.lua","49988493","",""
"quest_identity_navigation_candidate","stable_quest_flag_in_installed_handynotes_table_provider","legion","43865","1","HandyNotes_LegionTreasures","Suramar.lua","48117321","",""
"quest_identity_navigation_candidate","stable_quest_flag_in_installed_handynotes_table_provider","legion","43866","1","HandyNotes_LegionTreasures","Suramar.lua","48288261","",""
"quest_identity_navigation_candidate","stable_quest_flag_in_installed_handynotes_table_provider","legion","43867","1","HandyNotes_LegionTreasures","Suramar.lua","48957379","",""
"quest_identity_navigation_candidate","stable_quest_flag_in_installed_handynotes_table_provider","legion","43868","1","HandyNotes_LegionTreasures","Suramar.lua","51908214","",""
"quest_identity_navigation_candidate","stable_quest_flag_in_installed_handynotes_table_provider","legion","43869","1","HandyNotes_LegionTreasures","Suramar.lua","44387587","",""
"quest_identity_navigation_candidate","stable_quest_flag_in_installed_handynotes_table_provider","legion","43870","1","HandyNotes_LegionTreasures","Suramar.lua","42577668","",""
"quest_identity_navigation_candidate","stable_quest_flag_in_installed_handynotes_table_provider","legion","43871","1","HandyNotes_LegionTreasures","Suramar.lua","55685480","",""
"quest_identity_navigation_candidate","stable_quest_flag_in_installed_handynotes_table_provider","legion","43872","1","HandyNotes_LegionTreasures","Suramar.lua","61365550","",""
"quest_identity_navigation_candidate","stable_quest_flag_in_installed_handynotes_table_provider","legion","43873","1","HandyNotes_LegionTreasures","Suramar.lua","57326039","",""
"quest_identity_navigation_candidate","stable_quest_flag_in_installed_handynotes_table_provider","legion","43874","1","HandyNotes_LegionTreasures","Suramar.lua","57686197","",""
"quest_identity_navigation_candidate","stable_quest_flag_in_installed_handynotes_table_provider","legion","43875","1","HandyNotes_LegionTreasures","Suramar.lua","54326033","",""
"quest_identity_navigation_candidate","stable_quest_flag_in_installed_handynotes_table_provider","legion","43876","1","HandyNotes_LegionTreasures","Suramar.lua","60356851","",""
"quest_identity_navigation_candidate","stable_quest_flag_in_installed_handynotes_table_provider","legion","43986","1","HandyNotes_LegionTreasures","Suramar.lua","44803100","","Enchanted Burial Urn"
"quest_identity_navigation_candidate","stable_quest_flag_in_installed_handynotes_table_provider","legion","43987","1","HandyNotes_LegionTreasures","Suramar.lua","26877073","","Kyrtos's Research Notes"
"quest_identity_navigation_candidate","stable_quest_flag_in_installed_handynotes_table_provider","legion","43988","1","HandyNotes_LegionTreasures","Suramar.lua","35525280","","Rares"
"quest_identity_navigation_candidate","stable_quest_flag_in_installed_handynotes_table_provider","legion","43989","1","HandyNotes_LegionTreasures","Suramar.lua","35561209","","Infinite Stone"
"quest_identity_navigation_candidate","stable_quest_flag_in_installed_handynotes_table_provider","legion","44102","1","HandyNotes_LegionTreasures","Azsuna.lua","34583556","",""
"quest_identity_navigation_candidate","stable_quest_flag_in_installed_handynotes_table_provider","legion","44103","1","HandyNotes_LegionTreasures","Azsuna.lua","68872973","","NarthalasAcademy, Azsuna"
"quest_identity_navigation_candidate","stable_quest_flag_in_installed_handynotes_table_provider","legion","44104","1","HandyNotes_LegionTreasures","Azsuna.lua","53611813","",""
"quest_identity_navigation_candidate","stable_quest_flag_in_installed_handynotes_table_provider","legion","44105","1","HandyNotes_LegionTreasures","Azsuna.lua","26254713","",""
"quest_identity_navigation_candidate","stable_quest_flag_in_installed_handynotes_table_provider","legion","44136","1","HandyNotes_LegionTreasures","Valsharah.lua","62708526","",""
"quest_identity_navigation_candidate","stable_quest_flag_in_installed_handynotes_table_provider","legion","44138","1","HandyNotes_LegionTreasures","Valsharah.lua","43068822","",""
"quest_identity_navigation_candidate","stable_quest_flag_in_installed_handynotes_table_provider","legion","44139","1","HandyNotes_LegionTreasures","Valsharah.lua","63904556","",""
"quest_identity_navigation_candidate","stable_quest_flag_in_installed_handynotes_table_provider","legion","44279","1","HandyNotes_LegionTreasures","Highmountain.lua","45192746","",""
"quest_identity_navigation_candidate","stable_quest_flag_in_installed_handynotes_table_provider","legion","44280","1","HandyNotes_LegionTreasures","Highmountain.lua","46302760","",""
"quest_identity_navigation_candidate","stable_quest_flag_in_installed_handynotes_table_provider","legion","44323","1","HandyNotes_LegionTreasures","Suramar.lua","48587217","",""
"quest_identity_navigation_candidate","stable_quest_flag_in_installed_handynotes_table_provider","legion","44324","1","HandyNotes_LegionTreasures","Suramar.lua","48297121","",""
"quest_identity_navigation_candidate","stable_quest_flag_in_installed_handynotes_table_provider","legion","44325","1","HandyNotes_LegionTreasures","Suramar.lua","50068061","",""
"quest_identity_navigation_candidate","stable_quest_flag_in_installed_handynotes_table_provider","legion","44352","1","HandyNotes_LegionTreasures","Highmountain.lua","31843842","","ThunderTotemInterior, Highmountain"
"quest_identity_navigation_candidate","stable_quest_flag_in_installed_handynotes_table_provider","legion","44405","1","HandyNotes_LegionTreasures","Azsuna.lua","54875214","",""
"quest_identity_navigation_candidate","stable_quest_flag_in_installed_handynotes_table_provider","legion","44731","1","HandyNotes_LegionTreasures","Highmountain.lua","39005450","",""
"quest_identity_navigation_candidate","stable_quest_flag_in_installed_handynotes_table_provider","legion","45365","1","HandyNotes_LegionTreasures","Dalaran.lua","47404120","","Dog pebble, questid is for showing Dog the pebble, not looting it"
"quest_identity_navigation_candidate","stable_quest_flag_in_installed_handynotes_table_provider","legion","47752","5","HandyNotes_LegionTreasures","Krokuun.lua","50365115;52015968;53305110;55525237;56675875","",""
"quest_identity_navigation_candidate","stable_quest_flag_in_installed_handynotes_table_provider","legion","47753","5","HandyNotes_LegionTreasures","Krokuun.lua","53157308;56108039;58207179;58607990;59377345","","Rares"
"quest_identity_navigation_candidate","stable_quest_flag_in_installed_handynotes_table_provider","legion","47997","4","HandyNotes_LegionTreasures","Krokuun.lua","40357413;40617531;43868139;46508520","",""
"quest_identity_navigation_candidate","stable_quest_flag_in_installed_handynotes_table_provider","legion","47999","7","HandyNotes_LegionTreasures","Krokuun.lua","47782890;48553340;59544417;61573519;62394178;62803810;66802490","",""
"quest_identity_navigation_candidate","stable_quest_flag_in_installed_handynotes_table_provider","legion","48000","5","HandyNotes_LegionTreasures","Krokuun.lua","67606990;69406280;71426162;74146790;75006420","",""
"quest_identity_navigation_candidate","stable_quest_flag_in_installed_handynotes_table_provider","legion","48336","6","HandyNotes_LegionTreasures","Krokuun.lua","32047451;34556303;35475618;36396765;37007430;41335836","",""
"quest_identity_navigation_candidate","stable_quest_flag_in_installed_handynotes_table_provider","legion","48339","7","HandyNotes_LegionTreasures","Krokuun.lua","43505520;44854341;45905841;52856280;61406640;63014237;72293223","",""
"already_achievement_or_quest_backed","quest_or_criteria_already_present_in_collectionist_treasure_data","legion","48346","7","HandyNotes_LegionTreasures","Eredath.lua","53328003;54806700;54825759;55167767;57097677;59476292;59906980","37600","Desperate Eredar's Cache"
"quest_identity_navigation_candidate","stable_quest_flag_in_installed_handynotes_table_provider","legion","48350","6","HandyNotes_LegionTreasures","Eredath.lua","53342741;53603410;53902320;58704082;59602090;63311994","",""
"quest_identity_navigation_candidate","stable_quest_flag_in_installed_handynotes_table_provider","legion","48351","5","HandyNotes_LegionTreasures","Eredath.lua","37205550;42305750;43617138;43776836;44446871","",""
"quest_identity_navigation_candidate","stable_quest_flag_in_installed_handynotes_table_provider","legion","48357","2","HandyNotes_LegionTreasures","Eredath.lua","44601860;57821057","",""
"quest_identity_navigation_candidate","stable_quest_flag_in_installed_handynotes_table_provider","legion","48361","2","HandyNotes_LegionTreasures","Eredath.lua","25834447;28904422","",""
"quest_identity_navigation_candidate","stable_quest_flag_in_installed_handynotes_table_provider","legion","48362","2","HandyNotes_LegionTreasures","Eredath.lua","62013276;62805035","",""
"quest_identity_navigation_candidate","stable_quest_flag_in_installed_handynotes_table_provider","legion","48371","6","HandyNotes_LegionTreasures","Eredath.lua","25263016;33752371;43776837;48704980;50605600;54624483","",""
"quest_identity_navigation_candidate","stable_quest_flag_in_installed_handynotes_table_provider","legion","48382","6","HandyNotes_LegionTreasures","AntoranWastes.lua","57806496;60897052;62106933;64475836;67516988;69406320","",""
"quest_identity_navigation_candidate","stable_quest_flag_in_installed_handynotes_table_provider","legion","48383","6","HandyNotes_LegionTreasures","AntoranWastes.lua","51693779;53763556;55103930;56393555;58403090;59883581","",""
"quest_identity_navigation_candidate","stable_quest_flag_in_installed_handynotes_table_provider","legion","48384","4","HandyNotes_LegionTreasures","AntoranWastes.lua","59101940;63702569;64062748;66581711","",""
"quest_identity_navigation_candidate","stable_quest_flag_in_installed_handynotes_table_provider","legion","48385","4","HandyNotes_LegionTreasures","AntoranWastes.lua","48225455;55544742;55925384;57735890","",""
"quest_identity_navigation_candidate","stable_quest_flag_in_installed_handynotes_table_provider","legion","48387","5","HandyNotes_LegionTreasures","AntoranWastes.lua","65522830;66603641;68993348;69503966;72404210","",""
"quest_identity_navigation_candidate","stable_quest_flag_in_installed_handynotes_table_provider","legion","48388","4","HandyNotes_LegionTreasures","AntoranWastes.lua","54202800;55402040;55991401;59581389","",""
"quest_identity_navigation_candidate","stable_quest_flag_in_installed_handynotes_table_provider","legion","48389","6","HandyNotes_LegionTreasures","AntoranWastes.lua","60344695;60684104;62965008;64315036;65225180;65484091","",""
"quest_identity_navigation_candidate","stable_quest_flag_in_installed_handynotes_table_provider","legion","48390","4","HandyNotes_LegionTreasures","AntoranWastes.lua","73306850;76465651;76565823;77955619","","Verify me..."
"quest_identity_navigation_candidate","stable_quest_flag_in_installed_handynotes_table_provider","legion","48391","6","HandyNotes_LegionTreasures","AntoranWastes.lua","63075799;65215506;65224956;68005070;69785509;71205442","",""
"quest_identity_navigation_candidate","stable_quest_flag_in_installed_handynotes_table_provider","battle_for_azeroth","48593","1","HandyNotes_BattleForAzerothTreasures","TiragardeSound.lua","76967543","",""
"quest_identity_navigation_candidate","stable_quest_flag_in_installed_handynotes_table_provider","battle_for_azeroth","48595","2","HandyNotes_BattleForAzerothTreasures","TiragardeSound.lua","76358090;78008050","",""
"quest_identity_navigation_candidate","stable_quest_flag_in_installed_handynotes_table_provider","battle_for_azeroth","48596","2","HandyNotes_BattleForAzerothTreasures","TiragardeSound.lua","73468317;75758283","",""
"quest_identity_navigation_candidate","stable_quest_flag_in_installed_handynotes_table_provider","battle_for_azeroth","48598","1","HandyNotes_BattleForAzerothTreasures","TiragardeSound.lua","38432868","",""
"quest_identity_navigation_candidate","stable_quest_flag_in_installed_handynotes_table_provider","battle_for_azeroth","48599","1","HandyNotes_BattleForAzerothTreasures","TiragardeSound.lua","38762673","",""
"quest_identity_navigation_candidate","stable_quest_flag_in_installed_handynotes_table_provider","battle_for_azeroth","48607","4","HandyNotes_BattleForAzerothTreasures","TiragardeSound.lua","78114901;79205050;81314939;81344938","",""
"quest_identity_navigation_candidate","stable_quest_flag_in_installed_handynotes_table_provider","battle_for_azeroth","48608","3","HandyNotes_BattleForAzerothTreasures","TiragardeSound.lua","76126733;77576583;78266779","",""
"quest_identity_navigation_candidate","stable_quest_flag_in_installed_handynotes_table_provider","battle_for_azeroth","48609","2","HandyNotes_BattleForAzerothTreasures","TiragardeSound.lua","67115938;68635108","",""
"quest_identity_navigation_candidate","stable_quest_flag_in_installed_handynotes_table_provider","battle_for_azeroth","48611","3","HandyNotes_BattleForAzerothTreasures","TiragardeSound.lua","47442365;48392785;50842310","",""
"quest_identity_navigation_candidate","stable_quest_flag_in_installed_handynotes_table_provider","battle_for_azeroth","48612","1","HandyNotes_BattleForAzerothTreasures","TiragardeSound.lua","61212836","",""
"quest_identity_navigation_candidate","stable_quest_flag_in_installed_handynotes_table_provider","battle_for_azeroth","48617","1","HandyNotes_BattleForAzerothTreasures","TiragardeSound.lua","57311757","",""
"quest_identity_navigation_candidate","stable_quest_flag_in_installed_handynotes_table_provider","battle_for_azeroth","48618","2","HandyNotes_BattleForAzerothTreasures","TiragardeSound.lua","87347379;88387840","",""
"quest_identity_navigation_candidate","stable_quest_flag_in_installed_handynotes_table_provider","battle_for_azeroth","48619","1","HandyNotes_BattleForAzerothTreasures","TiragardeSound.lua","69801270","",""
"quest_identity_navigation_candidate","stable_quest_flag_in_installed_handynotes_table_provider","battle_for_azeroth","48621","1","HandyNotes_BattleForAzerothTreasures","TiragardeSound.lua","46481829","","Boralus"
"already_achievement_or_quest_backed","quest_or_criteria_already_present_in_collectionist_treasure_data","legion","48743","1","HandyNotes_LegionTreasures","Eredath.lua","42900550","37595","Eredar Treasure Cache"
"already_achievement_or_quest_backed","quest_or_criteria_already_present_in_collectionist_treasure_data","legion","48744","1","HandyNotes_LegionTreasures","Eredath.lua","50693851","37596","Chest of Ill-Gotten Gains"
"already_achievement_or_quest_backed","quest_or_criteria_already_present_in_collectionist_treasure_data","legion","48745","1","HandyNotes_LegionTreasures","Eredath.lua","62207120","37597","Student's Surprising Surplus"
"already_achievement_or_quest_backed","quest_or_criteria_already_present_in_collectionist_treasure_data","legion","48747","1","HandyNotes_LegionTreasures","Eredath.lua","39605060","37598","Void-Tinged Chest"
"already_achievement_or_quest_backed","quest_or_criteria_already_present_in_collectionist_treasure_data","legion","48748","1","HandyNotes_LegionTreasures","Eredath.lua","70315974","37599","Augari Secret Stash"
"already_achievement_or_quest_backed","quest_or_criteria_already_present_in_collectionist_treasure_data","legion","48750","1","HandyNotes_LegionTreasures","Eredath.lua","27284015","37601","Shattered House Chest"
"already_achievement_or_quest_backed","quest_or_criteria_already_present_in_collectionist_treasure_data","legion","48751","1","HandyNotes_LegionTreasures","Eredath.lua","43445440","37602","Doomseeker's Treasure"
"already_achievement_or_quest_backed","quest_or_criteria_already_present_in_collectionist_treasure_data","legion","48884","1","HandyNotes_LegionTreasures","Krokuun.lua","51257624","37592","Krokuul Emergency Cache (48876 for opening)"
"already_achievement_or_quest_backed","quest_or_criteria_already_present_in_collectionist_treasure_data","legion","48885","2","HandyNotes_LegionTreasures","Krokuun.lua","62803730;64203910","37593","Legion Tower Chest"
"already_achievement_or_quest_backed","quest_or_criteria_already_present_in_collectionist_treasure_data","legion","48886","2","HandyNotes_LegionTreasures","Krokuun.lua","47705940;48505890","37594","Lost Krokul Chest"
"already_achievement_or_quest_backed","quest_or_criteria_already_present_in_collectionist_treasure_data","battle_for_azeroth","48938","2","HandyNotes_BattleForAzerothTreasures","Zuldazar.lua","38300716;54093150","40988","Offerings of the Chosen"
"already_achievement_or_quest_backed","quest_or_criteria_already_present_in_collectionist_treasure_data","legion","49017","1","HandyNotes_LegionTreasures","AntoranWastes.lua","58775895","37695","Forgotten Legion Supplies (49022 for opening)"
"already_achievement_or_quest_backed","quest_or_criteria_already_present_in_collectionist_treasure_data","legion","49018","2","HandyNotes_LegionTreasures","AntoranWastes.lua","65204060;65903980","37696","Ancient Legion War Cache;Rares"
"already_achievement_or_quest_backed","quest_or_criteria_already_present_in_collectionist_treasure_data","legion","49019","2","HandyNotes_LegionTreasures","AntoranWastes.lua","52102720;52102721","37697","Fel-Bound Chest"
"already_achievement_or_quest_backed","quest_or_criteria_already_present_in_collectionist_treasure_data","legion","49020","1","HandyNotes_LegionTreasures","AntoranWastes.lua","49135934","37698","Legion Treasure Hoard"
"already_achievement_or_quest_backed","quest_or_criteria_already_present_in_collectionist_treasure_data","legion","49021","1","HandyNotes_LegionTreasures","AntoranWastes.lua","75705260","37699","Timeworn Fel Chest"
"already_achievement_or_quest_backed","quest_or_criteria_already_present_in_collectionist_treasure_data","legion","49129","1","HandyNotes_LegionTreasures","Eredath.lua","70632745","37955","Augari-Runed Chest"
"quest_identity_navigation_candidate","stable_quest_flag_in_installed_handynotes_table_provider","battle_for_azeroth","49137","1","HandyNotes_BattleForAzerothTreasures","Drustvar.lua","43463611","41714","Ancient Sarcophagus"
"quest_identity_navigation_candidate","stable_quest_flag_in_installed_handynotes_table_provider","battle_for_azeroth","49142","2","HandyNotes_BattleForAzerothTreasures","Zuldazar.lua","48981013;52341766","","Rares"
"already_achievement_or_quest_backed","quest_or_criteria_already_present_in_collectionist_treasure_data","legion","49151","1","HandyNotes_LegionTreasures","Eredath.lua","62132249","37956","Secret Augari Chest"
"already_achievement_or_quest_backed","quest_or_criteria_already_present_in_collectionist_treasure_data","legion","49153","1","HandyNotes_LegionTreasures","Eredath.lua","40856975","37957","Augari Goods"
"already_achievement_or_quest_backed","quest_or_criteria_already_present_in_collectionist_treasure_data","legion","49154","1","HandyNotes_LegionTreasures","Krokuun.lua","75176974","37958","Long-Lost Augari Treasure"
"already_achievement_or_quest_backed","quest_or_criteria_already_present_in_collectionist_treasure_data","legion","49156","1","HandyNotes_LegionTreasures","Krokuun.lua","55927430","37959","Precious Augari Keepsakes"
"already_achievement_or_quest_backed","quest_or_criteria_already_present_in_collectionist_treasure_data","legion","49159","1","HandyNotes_LegionTreasures","AntoranWastes.lua","57426367","37960","Missing Augari Chest"
"already_achievement_or_quest_backed","quest_or_criteria_already_present_in_collectionist_treasure_data","battle_for_azeroth","49257","1","HandyNotes_BattleForAzerothTreasures","Zuldazar.lua","49506526","40992","Warlord's Cache"
"quest_identity_navigation_candidate","stable_quest_flag_in_installed_handynotes_table_provider","legion","49264","3","HandyNotes_LegionTreasures","Eredath.lua","31552541;37102010;37583619","","Rares"
"already_achievement_or_quest_backed","quest_or_criteria_already_present_in_collectionist_treasure_data","battle_for_azeroth","49313","1","HandyNotes_BattleForAzerothTreasures","Nazmir.lua","35455498","40866","Wunja's Trove"
"quest_identity_navigation_candidate","stable_quest_flag_in_installed_handynotes_table_provider","battle_for_azeroth","49341","1","HandyNotes_BattleForAzerothTreasures","Drustvar.lua","67936683","41719","Seething Cache"
"already_achievement_or_quest_backed","quest_or_criteria_already_present_in_collectionist_treasure_data","battle_for_azeroth","49483","1","HandyNotes_BattleForAzerothTreasures","Nazmir.lua","66791735","40863","Shipwrecked Chest"
"already_achievement_or_quest_backed","quest_or_criteria_already_present_in_collectionist_treasure_data","battle_for_azeroth","49484","1","HandyNotes_BattleForAzerothTreasures","Nazmir.lua","42772620","40862","Offering to Bwonsamdi"
"already_achievement_or_quest_backed","quest_or_criteria_already_present_in_collectionist_treasure_data","battle_for_azeroth","49811","1","HandyNotes_BattleForAzerothTreasures","StormsongValley.lua","58608388","41066","Smuggler's Stash"
"already_achievement_or_quest_backed","quest_or_criteria_already_present_in_collectionist_treasure_data","battle_for_azeroth","49867","1","HandyNotes_BattleForAzerothTreasures","Nazmir.lua","77903634","40857","Lucky Horace's Lucky Chest"
"already_achievement_or_quest_backed","quest_or_criteria_already_present_in_collectionist_treasure_data","battle_for_azeroth","49885","1","HandyNotes_BattleForAzerothTreasures","Nazmir.lua","35668560","40860","Cleverly Disguised Chest"
"already_achievement_or_quest_backed","quest_or_criteria_already_present_in_collectionist_treasure_data","battle_for_azeroth","49889","1","HandyNotes_BattleForAzerothTreasures","Nazmir.lua","46228295","40864","Venomous Seal"
"already_achievement_or_quest_backed","quest_or_criteria_already_present_in_collectionist_treasure_data","battle_for_azeroth","49891","1","HandyNotes_BattleForAzerothTreasures","Nazmir.lua","62103487","40861","Lost Nazmani Treasure"
"quest_identity_navigation_candidate","stable_quest_flag_in_installed_handynotes_table_provider","battle_for_azeroth","49916","2","HandyNotes_BattleForAzerothTreasures","Nazmir.lua","41575046;41596574","",""
"already_achievement_or_quest_backed","quest_or_criteria_already_present_in_collectionist_treasure_data","battle_for_azeroth","49936","1","HandyNotes_BattleForAzerothTreasures","Zuldazar.lua","51718690","40990","Spoils of Pandaria"
"already_achievement_or_quest_backed","quest_or_criteria_already_present_in_collectionist_treasure_data","battle_for_azeroth","49979","1","HandyNotes_BattleForAzerothTreasures","Nazmir.lua","43065078","40859","Cursed Nazmani Chest"
"already_achievement_or_quest_backed","quest_or_criteria_already_present_in_collectionist_treasure_data","battle_for_azeroth","50045","1","HandyNotes_BattleForAzerothTreasures","Nazmir.lua","76826220","40865","Swallowed Naga Chest"
"already_achievement_or_quest_backed","quest_or_criteria_already_present_in_collectionist_treasure_data","battle_for_azeroth","50061","1","HandyNotes_BattleForAzerothTreasures","Nazmir.lua","77884635","40858","Partially-Digested Treasure"
"already_achievement_or_quest_backed","quest_or_criteria_already_present_in_collectionist_treasure_data","battle_for_azeroth","50089","1","HandyNotes_BattleForAzerothTreasures","StormsongValley.lua","42854723","41062","Old Ironbound Chest"
"quest_identity_navigation_candidate","stable_quest_flag_in_installed_handynotes_table_provider","battle_for_azeroth","50096","1","HandyNotes_BattleForAzerothTreasures","TiragardeSound.lua","56706990","41545","Black Sphere"
"quest_identity_navigation_candidate","stable_quest_flag_in_installed_handynotes_table_provider","battle_for_azeroth","50233","1","HandyNotes_BattleForAzerothTreasures","TiragardeSound.lua","76218306","41544","Josephus"
"already_achievement_or_quest_backed","quest_or_criteria_already_present_in_collectionist_treasure_data","battle_for_azeroth","50237","1","HandyNotes_BattleForAzerothTreasures","Voldun.lua","46598801","40966","Ashvane Spoils"
"already_achievement_or_quest_backed","quest_or_criteria_already_present_in_collectionist_treasure_data","battle_for_azeroth","50259","1","HandyNotes_BattleForAzerothTreasures","Zuldazar.lua","64712167","40989","Witch Doctor's Hoard"
"already_achievement_or_quest_backed","quest_or_criteria_already_present_in_collectionist_treasure_data","battle_for_azeroth","50442","1","HandyNotes_BattleForAzerothTreasures","TiragardeSound.lua","72495814","41013","Cutwater Treasure Chest"
"already_achievement_or_quest_backed","quest_or_criteria_already_present_in_collectionist_treasure_data","battle_for_azeroth","50526","1","HandyNotes_BattleForAzerothTreasures","StormsongValley.lua","48968407","41063","Frosty Treasure Chest"
"quest_identity_navigation_candidate","stable_quest_flag_in_installed_handynotes_table_provider","battle_for_azeroth","50576","1","HandyNotes_BattleForAzerothTreasures","StormsongValley.lua","66567107","",""
"already_achievement_or_quest_backed","quest_or_criteria_already_present_in_collectionist_treasure_data","battle_for_azeroth","50582","1","HandyNotes_BattleForAzerothTreasures","Zuldazar.lua","51442661","40991","Gift of the Brokenhearted"
"already_achievement_or_quest_backed","quest_or_criteria_already_present_in_collectionist_treasure_data","battle_for_azeroth","50707","1","HandyNotes_BattleForAzerothTreasures","Zuldazar.lua","38793444","40993","Dazar's Forgotten Chest"
"quest_identity_navigation_candidate","stable_quest_flag_in_installed_handynotes_table_provider","battle_for_azeroth","50711","1","HandyNotes_BattleForAzerothTreasures","Zuldazar.lua","50823158","",""
"quest_identity_navigation_candidate","stable_quest_flag_in_installed_handynotes_table_provider","battle_for_azeroth","50715","2","HandyNotes_BattleForAzerothTreasures","Zuldazar.lua","65041636;68902222","",""
"quest_identity_navigation_candidate","stable_quest_flag_in_installed_handynotes_table_provider","battle_for_azeroth","50716","1","HandyNotes_BattleForAzerothTreasures","Zuldazar.lua","68503365","",""
"quest_identity_navigation_candidate","stable_quest_flag_in_installed_handynotes_table_provider","battle_for_azeroth","50719","1","HandyNotes_BattleForAzerothTreasures","Zuldazar.lua","74836214","",""
"quest_identity_navigation_candidate","stable_quest_flag_in_installed_handynotes_table_provider","battle_for_azeroth","50720","2","HandyNotes_BattleForAzerothTreasures","Zuldazar.lua","63062832;66552896","",""
"quest_identity_navigation_candidate","stable_quest_flag_in_installed_handynotes_table_provider","battle_for_azeroth","50721","1","HandyNotes_BattleForAzerothTreasures","Zuldazar.lua","75042303","",""
"quest_identity_navigation_candidate","stable_quest_flag_in_installed_handynotes_table_provider","battle_for_azeroth","50722","1","HandyNotes_BattleForAzerothTreasures","Zuldazar.lua","48984088","",""
"quest_identity_navigation_candidate","stable_quest_flag_in_installed_handynotes_table_provider","battle_for_azeroth","50723","2","HandyNotes_BattleForAzerothTreasures","Zuldazar.lua","45676019;47526049","",""
"quest_identity_navigation_candidate","stable_quest_flag_in_installed_handynotes_table_provider","battle_for_azeroth","50724","2","HandyNotes_BattleForAzerothTreasures","Zuldazar.lua","80151648;80791415","",""
"quest_identity_navigation_candidate","stable_quest_flag_in_installed_handynotes_table_provider","battle_for_azeroth","50726","2","HandyNotes_BattleForAzerothTreasures","Zuldazar.lua","41127489;43177297","",""
"quest_identity_navigation_candidate","stable_quest_flag_in_installed_handynotes_table_provider","battle_for_azeroth","50727","1","HandyNotes_BattleForAzerothTreasures","Zuldazar.lua","40953756","",""
"quest_identity_navigation_candidate","stable_quest_flag_in_installed_handynotes_table_provider","battle_for_azeroth","50728","1","HandyNotes_BattleForAzerothTreasures","Zuldazar.lua","81203857","",""
"already_achievement_or_quest_backed","quest_or_criteria_already_present_in_collectionist_treasure_data","battle_for_azeroth","50734","1","HandyNotes_BattleForAzerothTreasures","StormsongValley.lua","67224321","41064","Sunken Strongbox"
"quest_identity_navigation_candidate","stable_quest_flag_in_installed_handynotes_table_provider","battle_for_azeroth","50895","1","HandyNotes_BattleForAzerothTreasures","Nazmir.lua","28048187","","Rares"
"quest_identity_navigation_candidate","stable_quest_flag_in_installed_handynotes_table_provider","battle_for_azeroth","50914","2","HandyNotes_BattleForAzerothTreasures","Voldun.lua","59631517;61071734","",""
"quest_identity_navigation_candidate","stable_quest_flag_in_installed_handynotes_table_provider","battle_for_azeroth","50915","1","HandyNotes_BattleForAzerothTreasures","Voldun.lua","53841481","",""
"quest_identity_navigation_candidate","stable_quest_flag_in_installed_handynotes_table_provider","battle_for_azeroth","50916","2","HandyNotes_BattleForAzerothTreasures","Voldun.lua","60843637;62783373","",""
"quest_identity_navigation_candidate","stable_quest_flag_in_installed_handynotes_table_provider","battle_for_azeroth","50917","1","HandyNotes_BattleForAzerothTreasures","Voldun.lua","54363351","",""
"quest_identity_navigation_candidate","stable_quest_flag_in_installed_handynotes_table_provider","battle_for_azeroth","50918","1","HandyNotes_BattleForAzerothTreasures","Voldun.lua","64172528","",""
"quest_identity_navigation_candidate","stable_quest_flag_in_installed_handynotes_table_provider","battle_for_azeroth","50919","1","HandyNotes_BattleForAzerothTreasures","Voldun.lua","35095003","",""
"quest_identity_navigation_candidate","stable_quest_flag_in_installed_handynotes_table_provider","battle_for_azeroth","50920","1","HandyNotes_BattleForAzerothTreasures","Voldun.lua","48338890","",""
"quest_identity_navigation_candidate","stable_quest_flag_in_installed_handynotes_table_provider","battle_for_azeroth","50921","1","HandyNotes_BattleForAzerothTreasures","Voldun.lua","46384538","",""
"quest_identity_navigation_candidate","stable_quest_flag_in_installed_handynotes_table_provider","battle_for_azeroth","50922","2","HandyNotes_BattleForAzerothTreasures","Voldun.lua","29815402;30344624","",""
"quest_identity_navigation_candidate","stable_quest_flag_in_installed_handynotes_table_provider","battle_for_azeroth","50923","1","HandyNotes_BattleForAzerothTreasures","Voldun.lua","26496777","",""
"quest_identity_navigation_candidate","stable_quest_flag_in_installed_handynotes_table_provider","battle_for_azeroth","50924","3","HandyNotes_BattleForAzerothTreasures","Voldun.lua","31158381;36918033;37577607","",""
"quest_identity_navigation_candidate","stable_quest_flag_in_installed_handynotes_table_provider","battle_for_azeroth","50925","1","HandyNotes_BattleForAzerothTreasures","Voldun.lua","44858126","",""
"quest_identity_navigation_candidate","stable_quest_flag_in_installed_handynotes_table_provider","battle_for_azeroth","50926","2","HandyNotes_BattleForAzerothTreasures","Voldun.lua","52747649;56496993","",""
"quest_identity_navigation_candidate","stable_quest_flag_in_installed_handynotes_table_provider","battle_for_azeroth","50928","1","HandyNotes_BattleForAzerothTreasures","Voldun.lua","57545508","",""
"already_achievement_or_quest_backed","quest_or_criteria_already_present_in_collectionist_treasure_data","battle_for_azeroth","50937","1","HandyNotes_BattleForAzerothTreasures","StormsongValley.lua","59913907","41065","Hidden Scholar's Chest"
"already_achievement_or_quest_backed","quest_or_criteria_already_present_in_collectionist_treasure_data","battle_for_azeroth","50949","1","HandyNotes_BattleForAzerothTreasures","Zuldazar.lua","71821677","40995","The Exile's Lament"
"quest_identity_navigation_candidate","stable_quest_flag_in_installed_handynotes_table_provider","battle_for_azeroth","50952","1","HandyNotes_BattleForAzerothTreasures","TiragardeSound.lua","66758031","","Rares"
"already_achievement_or_quest_backed","quest_or_criteria_already_present_in_collectionist_treasure_data","battle_for_azeroth","51093","2","HandyNotes_BattleForAzerothTreasures","Voldun.lua","48176469;48186469","40967","Grayal's Last Offering"
"already_achievement_or_quest_backed","quest_or_criteria_already_present_in_collectionist_treasure_data","battle_for_azeroth","51132","1","HandyNotes_BattleForAzerothTreasures","Voldun.lua","49787940","40968","Lost Explorer's Bounty"
"already_achievement_or_quest_backed","quest_or_criteria_already_present_in_collectionist_treasure_data","battle_for_azeroth","51133","1","HandyNotes_BattleForAzerothTreasures","Voldun.lua","47195846","40969","Sandfury Reserve"
"already_achievement_or_quest_backed","quest_or_criteria_already_present_in_collectionist_treasure_data","battle_for_azeroth","51135","1","HandyNotes_BattleForAzerothTreasures","Voldun.lua","44502613","40970","Stranded Cache"
"already_achievement_or_quest_backed","quest_or_criteria_already_present_in_collectionist_treasure_data","battle_for_azeroth","51136","1","HandyNotes_BattleForAzerothTreasures","Voldun.lua","57746464","40971","Excavator's Greed"
"already_achievement_or_quest_backed","quest_or_criteria_already_present_in_collectionist_treasure_data","battle_for_azeroth","51137","1","HandyNotes_BattleForAzerothTreasures","Voldun.lua","29388742","40972","Zem'lan's Buried Treasure"
"quest_identity_navigation_candidate","stable_quest_flag_in_installed_handynotes_table_provider","battle_for_azeroth","51184","2","HandyNotes_BattleForAzerothTreasures","StormsongValley.lua","51796523;62056563","",""
"already_achievement_or_quest_backed","quest_or_criteria_already_present_in_collectionist_treasure_data","battle_for_azeroth","51338","2","HandyNotes_BattleForAzerothTreasures","Zuldazar.lua","44472690;56123806","40996","Cache of Secrets"
"quest_identity_navigation_candidate","stable_quest_flag_in_installed_handynotes_table_provider","battle_for_azeroth","51346","2","HandyNotes_BattleForAzerothTreasures","Zuldazar.lua","80135512;82465431","","Dazar'alor"
"already_achievement_or_quest_backed","quest_or_criteria_already_present_in_collectionist_treasure_data","battle_for_azeroth","51449","1","HandyNotes_BattleForAzerothTreasures","StormsongValley.lua","66901200","41061","Weathered Treasure Chest"
"already_achievement_or_quest_backed","quest_or_criteria_already_present_in_collectionist_treasure_data","battle_for_azeroth","51624","1","HandyNotes_BattleForAzerothTreasures","Zuldazar.lua","52974719","40997","Riches of Tor'nowa"
"quest_identity_navigation_candidate","stable_quest_flag_in_installed_handynotes_table_provider","battle_for_azeroth","51673","2","HandyNotes_BattleForAzerothTreasures","Voldun.lua","51908251;52328519","","Rares"
"quest_identity_navigation_candidate","stable_quest_flag_in_installed_handynotes_table_provider","battle_for_azeroth","51871","1","HandyNotes_BattleForAzerothTreasures","Drustvar.lua","65312905","",""
"quest_identity_navigation_candidate","stable_quest_flag_in_installed_handynotes_table_provider","battle_for_azeroth","51875","2","HandyNotes_BattleForAzerothTreasures","Drustvar.lua","57862187;58642825","",""
"quest_identity_navigation_candidate","stable_quest_flag_in_installed_handynotes_table_provider","battle_for_azeroth","51878","1","HandyNotes_BattleForAzerothTreasures","Drustvar.lua","50332252","",""
"quest_identity_navigation_candidate","stable_quest_flag_in_installed_handynotes_table_provider","battle_for_azeroth","51882","1","HandyNotes_BattleForAzerothTreasures","Drustvar.lua","62094463","",""
"quest_identity_navigation_candidate","stable_quest_flag_in_installed_handynotes_table_provider","battle_for_azeroth","51896","1","HandyNotes_BattleForAzerothTreasures","Drustvar.lua","60306860","",""
"quest_identity_navigation_candidate","stable_quest_flag_in_installed_handynotes_table_provider","battle_for_azeroth","51907","1","HandyNotes_BattleForAzerothTreasures","Drustvar.lua","26222993","","[23181263] = {quest=5191,},"
"quest_identity_navigation_candidate","stable_quest_flag_in_installed_handynotes_table_provider","battle_for_azeroth","51911","1","HandyNotes_BattleForAzerothTreasures","Drustvar.lua","24223681","",""
"quest_identity_navigation_candidate","stable_quest_flag_in_installed_handynotes_table_provider","battle_for_azeroth","51914","1","HandyNotes_BattleForAzerothTreasures","Drustvar.lua","39326173","","Rares"
"quest_identity_navigation_candidate","stable_quest_flag_in_installed_handynotes_table_provider","battle_for_azeroth","51927","1","HandyNotes_BattleForAzerothTreasures","StormsongValley.lua","70265958","",""
"quest_identity_navigation_candidate","stable_quest_flag_in_installed_handynotes_table_provider","battle_for_azeroth","51938","1","HandyNotes_BattleForAzerothTreasures","StormsongValley.lua","75103513","",""
"quest_identity_navigation_candidate","stable_quest_flag_in_installed_handynotes_table_provider","battle_for_azeroth","51939","2","HandyNotes_BattleForAzerothTreasures","StormsongValley.lua","64366899;68067158","",""
"quest_identity_navigation_candidate","stable_quest_flag_in_installed_handynotes_table_provider","battle_for_azeroth","51940","1","HandyNotes_BattleForAzerothTreasures","StormsongValley.lua","48406562","",""
"quest_identity_navigation_candidate","stable_quest_flag_in_installed_handynotes_table_provider","battle_for_azeroth","51942","1","HandyNotes_BattleForAzerothTreasures","StormsongValley.lua","44107300","",""
"quest_identity_navigation_candidate","stable_quest_flag_in_installed_handynotes_table_provider","battle_for_azeroth","51943","1","HandyNotes_BattleForAzerothTreasures","StormsongValley.lua","29776948","",""
"quest_identity_navigation_candidate","stable_quest_flag_in_installed_handynotes_table_provider","battle_for_azeroth","51944","1","HandyNotes_BattleForAzerothTreasures","StormsongValley.lua","29985150","",""
"quest_identity_navigation_candidate","stable_quest_flag_in_installed_handynotes_table_provider","battle_for_azeroth","51945","1","HandyNotes_BattleForAzerothTreasures","StormsongValley.lua","36272737","",""
"quest_identity_navigation_candidate","stable_quest_flag_in_installed_handynotes_table_provider","battle_for_azeroth","51946","2","HandyNotes_BattleForAzerothTreasures","StormsongValley.lua","57645092;60865118","",""
"quest_identity_navigation_candidate","stable_quest_flag_in_installed_handynotes_table_provider","battle_for_azeroth","51949","1","HandyNotes_BattleForAzerothTreasures","StormsongValley.lua","46915393","","Rares"
"already_achievement_or_quest_backed","quest_or_criteria_already_present_in_collectionist_treasure_data","battle_for_azeroth","52134","1","HandyNotes_BattleForAzerothTreasures","TiragardeSound.lua","55979126","41017",""
"already_achievement_or_quest_backed","quest_or_criteria_already_present_in_collectionist_treasure_data","battle_for_azeroth","52135","1","HandyNotes_BattleForAzerothTreasures","TiragardeSound.lua","61527772","41017",""
"already_achievement_or_quest_backed","quest_or_criteria_already_present_in_collectionist_treasure_data","battle_for_azeroth","52136","1","HandyNotes_BattleForAzerothTreasures","TiragardeSound.lua","63078186","41017",""
"already_achievement_or_quest_backed","quest_or_criteria_already_present_in_collectionist_treasure_data","battle_for_azeroth","52137","1","HandyNotes_BattleForAzerothTreasures","TiragardeSound.lua","70328576","41017",""
"already_achievement_or_quest_backed","quest_or_criteria_already_present_in_collectionist_treasure_data","battle_for_azeroth","52138","1","HandyNotes_BattleForAzerothTreasures","TiragardeSound.lua","67147982","41017",""
"already_achievement_or_quest_backed","quest_or_criteria_already_present_in_collectionist_treasure_data","battle_for_azeroth","52195","4","HandyNotes_BattleForAzerothTreasures","TiragardeSound.lua","55769095;61518382;73103950","41017","Secret of the Depths"
"quest_identity_navigation_candidate","stable_quest_flag_in_installed_handynotes_table_provider","battle_for_azeroth","52269","2","HandyNotes_BattleForAzerothTreasures","Zuldazar.lua","39001580;54303440","","A Tiny Voodoo Mask"
"already_achievement_or_quest_backed","quest_or_criteria_already_present_in_collectionist_treasure_data","battle_for_azeroth","52326","1","HandyNotes_BattleForAzerothTreasures","StormsongValley.lua","58216368","41067","Discarded Lunchbox"
"already_achievement_or_quest_backed","quest_or_criteria_already_present_in_collectionist_treasure_data","battle_for_azeroth","52429","2","HandyNotes_BattleForAzerothTreasures","StormsongValley.lua","44447353;60804121","41068","Carved Wooden Chest"
"already_achievement_or_quest_backed","quest_or_criteria_already_present_in_collectionist_treasure_data","battle_for_azeroth","52807","1","HandyNotes_BattleForAzerothTreasures","TiragardeSound.lua","54994608","41018","Soggy Treasure Map 162571 (q:52853)"
"already_achievement_or_quest_backed","quest_or_criteria_already_present_in_collectionist_treasure_data","battle_for_azeroth","52833","1","HandyNotes_BattleForAzerothTreasures","TiragardeSound.lua","29222534","41019","Fading Treasure Map 162580 (q:52854)"
"already_achievement_or_quest_backed","quest_or_criteria_already_present_in_collectionist_treasure_data","battle_for_azeroth","52836","1","HandyNotes_BattleForAzerothTreasures","TiragardeSound.lua","90507551","41020","Yellowed Treasure Map 162581 (q:52859)"
"already_achievement_or_quest_backed","quest_or_criteria_already_present_in_collectionist_treasure_data","battle_for_azeroth","52845","1","HandyNotes_BattleForAzerothTreasures","TiragardeSound.lua","48983759","41021","Singed Treasure Map 162584 (q:52860)"
"already_achievement_or_quest_backed","quest_or_criteria_already_present_in_collectionist_treasure_data","battle_for_azeroth","52853","1","HandyNotes_BattleForAzerothTreasures","TiragardeSound.lua","80007600","41018","Soggy Treasure Map 162571 (q:52853)"
"already_achievement_or_quest_backed","quest_or_criteria_already_present_in_collectionist_treasure_data","battle_for_azeroth","52854","1","HandyNotes_BattleForAzerothTreasures","TiragardeSound.lua","74008300","41019","Fading Treasure Map 162580 (q:52854)"
"already_achievement_or_quest_backed","quest_or_criteria_already_present_in_collectionist_treasure_data","battle_for_azeroth","52859","1","HandyNotes_BattleForAzerothTreasures","TiragardeSound.lua","80708050","41020","Yellowed Treasure Map 162581 (q:52859)"
"already_achievement_or_quest_backed","quest_or_criteria_already_present_in_collectionist_treasure_data","battle_for_azeroth","52860","1","HandyNotes_BattleForAzerothTreasures","TiragardeSound.lua","76008500","41021","Singed Treasure Map 162584 (q:52860)"
"already_achievement_or_quest_backed","quest_or_criteria_already_present_in_collectionist_treasure_data","battle_for_azeroth","52866","1","HandyNotes_BattleForAzerothTreasures","TiragardeSound.lua","56033319","41014","Precarious Noble Cache"
"already_achievement_or_quest_backed","quest_or_criteria_already_present_in_collectionist_treasure_data","battle_for_azeroth","52867","1","HandyNotes_BattleForAzerothTreasures","TiragardeSound.lua","61786275","41015","Forgotten Smuggler's Stash"
"already_achievement_or_quest_backed","quest_or_criteria_already_present_in_collectionist_treasure_data","battle_for_azeroth","52870","2","HandyNotes_BattleForAzerothTreasures","TiragardeSound.lua","61901010;72482169","41016","Scrimshaw Cache"
"already_achievement_or_quest_backed","quest_or_criteria_already_present_in_collectionist_treasure_data","battle_for_azeroth","52976","1","HandyNotes_BattleForAzerothTreasures","StormsongValley.lua","36692323","41069","Venture Co. Supply Chest"
"already_achievement_or_quest_backed","quest_or_criteria_already_present_in_collectionist_treasure_data","battle_for_azeroth","52980","1","HandyNotes_BattleForAzerothTreasures","StormsongValley.lua","46003069","41070","Forgotten Chest"
"already_achievement_or_quest_backed","quest_or_criteria_already_present_in_collectionist_treasure_data","battle_for_azeroth","52992","1","HandyNotes_BattleForAzerothTreasures","Voldun.lua","57061121","41002","Lost Offerings of Kimbul"
"already_achievement_or_quest_backed","quest_or_criteria_already_present_in_collectionist_treasure_data","battle_for_azeroth","52994","1","HandyNotes_BattleForAzerothTreasures","Voldun.lua","40578574","41003","Deadwood Chest"
"already_achievement_or_quest_backed","quest_or_criteria_already_present_in_collectionist_treasure_data","battle_for_azeroth","53004","1","HandyNotes_BattleForAzerothTreasures","Voldun.lua","26484534","41004","Sandsunken Treasure"
"quest_identity_navigation_candidate","stable_quest_flag_in_installed_handynotes_table_provider","battle_for_azeroth","53132","1","HandyNotes_BattleForAzerothTreasures","Voldun.lua","56297011","41342","Jason's Rusty Blade"
"quest_identity_navigation_candidate","stable_quest_flag_in_installed_handynotes_table_provider","battle_for_azeroth","53133","1","HandyNotes_BattleForAzerothTreasures","Voldun.lua","36217838","41343","Ian's Empty Bottle"
"quest_identity_navigation_candidate","stable_quest_flag_in_installed_handynotes_table_provider","battle_for_azeroth","53134","1","HandyNotes_BattleForAzerothTreasures","Voldun.lua","53568981","41344","Julie's Cracked Dish"
"quest_identity_navigation_candidate","stable_quest_flag_in_installed_handynotes_table_provider","battle_for_azeroth","53135","1","HandyNotes_BattleForAzerothTreasures","Voldun.lua","37813049","41345","Brian's Broken Compass"
"quest_identity_navigation_candidate","stable_quest_flag_in_installed_handynotes_table_provider","battle_for_azeroth","53136","1","HandyNotes_BattleForAzerothTreasures","Voldun.lua","26775289","41346","Ofer's Bound Journal"
"quest_identity_navigation_candidate","stable_quest_flag_in_installed_handynotes_table_provider","battle_for_azeroth","53137","1","HandyNotes_BattleForAzerothTreasures","Voldun.lua","29455937","41347","Skye's Pet Rock"
"quest_identity_navigation_candidate","stable_quest_flag_in_installed_handynotes_table_provider","battle_for_azeroth","53138","1","HandyNotes_BattleForAzerothTreasures","Voldun.lua","52431439","41348","Julien's Left Boot"
"quest_identity_navigation_candidate","stable_quest_flag_in_installed_handynotes_table_provider","battle_for_azeroth","53139","1","HandyNotes_BattleForAzerothTreasures","Voldun.lua","43217700","41349","Navarro's Flask"
"quest_identity_navigation_candidate","stable_quest_flag_in_installed_handynotes_table_provider","battle_for_azeroth","53140","1","HandyNotes_BattleForAzerothTreasures","Voldun.lua","47067577","41350","Zach's Canteen"
"quest_identity_navigation_candidate","stable_quest_flag_in_installed_handynotes_table_provider","battle_for_azeroth","53141","1","HandyNotes_BattleForAzerothTreasures","Voldun.lua","45883072","41351","Damarcus' Backpack"
"quest_identity_navigation_candidate","stable_quest_flag_in_installed_handynotes_table_provider","battle_for_azeroth","53142","1","HandyNotes_BattleForAzerothTreasures","Voldun.lua","66413590","41352","Rachel's Flute"
"quest_identity_navigation_candidate","stable_quest_flag_in_installed_handynotes_table_provider","battle_for_azeroth","53143","1","HandyNotes_BattleForAzerothTreasures","Voldun.lua","47933673","41353","Josh's Fang Necklace"
"quest_identity_navigation_candidate","stable_quest_flag_in_installed_handynotes_table_provider","battle_for_azeroth","53144","1","HandyNotes_BattleForAzerothTreasures","Voldun.lua","45229114","41354","Portrait of Commander Martens"
"quest_identity_navigation_candidate","stable_quest_flag_in_installed_handynotes_table_provider","battle_for_azeroth","53145","1","HandyNotes_BattleForAzerothTreasures","Voldun.lua","62832267","41355","Kurt's Ornate Key"
"already_achievement_or_quest_backed","quest_or_criteria_already_present_in_collectionist_treasure_data","battle_for_azeroth","53356","1","HandyNotes_BattleForAzerothTreasures","Drustvar.lua","33713008","41697","Web-Covered Chest"
"already_achievement_or_quest_backed","quest_or_criteria_already_present_in_collectionist_treasure_data","battle_for_azeroth","53357","1","HandyNotes_BattleForAzerothTreasures","Drustvar.lua","25751995","41698","Merchant's Chest"
"already_achievement_or_quest_backed","quest_or_criteria_already_present_in_collectionist_treasure_data","battle_for_azeroth","53385","1","HandyNotes_BattleForAzerothTreasures","Drustvar.lua","63306585","41699","Runebound Cache"
"already_achievement_or_quest_backed","quest_or_criteria_already_present_in_collectionist_treasure_data","battle_for_azeroth","53386","1","HandyNotes_BattleForAzerothTreasures","Drustvar.lua","44222770","41700","Runebound Chest"
"already_achievement_or_quest_backed","quest_or_criteria_already_present_in_collectionist_treasure_data","battle_for_azeroth","53387","1","HandyNotes_BattleForAzerothTreasures","Drustvar.lua","33687173","41701","Runebound Coffer"
"quest_identity_navigation_candidate","stable_quest_flag_in_installed_handynotes_table_provider","battle_for_azeroth","53407","2","HandyNotes_BattleForAzerothTreasures","TiragardeSound.lua","53141767;70602270","41543","Inebriation"
"quest_identity_navigation_candidate","stable_quest_flag_in_installed_handynotes_table_provider","battle_for_azeroth","53408","2","HandyNotes_BattleForAzerothTreasures","TiragardeSound.lua","72616853;74403540","41541","Lively Men"
"quest_identity_navigation_candidate","stable_quest_flag_in_installed_handynotes_table_provider","battle_for_azeroth","53410","1","HandyNotes_BattleForAzerothTreasures","TiragardeSound.lua","43382585","41542","Fruit Counting"
"quest_identity_navigation_candidate","stable_quest_flag_in_installed_handynotes_table_provider","battle_for_azeroth","53411","1","HandyNotes_BattleForAzerothTreasures","TiragardeSound.lua","73208410","41546","Horse"
"quest_identity_navigation_candidate","stable_quest_flag_in_installed_handynotes_table_provider","battle_for_azeroth","53417","1","HandyNotes_BattleForAzerothTreasures","Nazmir.lua","69105790","","verify"
"quest_identity_navigation_candidate","stable_quest_flag_in_installed_handynotes_table_provider","battle_for_azeroth","53418","1","HandyNotes_BattleForAzerothTreasures","Nazmir.lua","65605090","","verify"
"quest_identity_navigation_candidate","stable_quest_flag_in_installed_handynotes_table_provider","battle_for_azeroth","53419","1","HandyNotes_BattleForAzerothTreasures","Nazmir.lua","56106490","",""
"quest_identity_navigation_candidate","stable_quest_flag_in_installed_handynotes_table_provider","battle_for_azeroth","53420","1","HandyNotes_BattleForAzerothTreasures","Nazmir.lua","52804290","","verify"
"quest_identity_navigation_candidate","stable_quest_flag_in_installed_handynotes_table_provider","battle_for_azeroth","53421","1","HandyNotes_BattleForAzerothTreasures","Nazmir.lua","33506160","",""
"quest_identity_navigation_candidate","stable_quest_flag_in_installed_handynotes_table_provider","battle_for_azeroth","53422","1","HandyNotes_BattleForAzerothTreasures","Nazmir.lua","45609100","","verify"
"quest_identity_navigation_candidate","stable_quest_flag_in_installed_handynotes_table_provider","battle_for_azeroth","53423","1","HandyNotes_BattleForAzerothTreasures","Nazmir.lua","28408230","","verify"
"quest_identity_navigation_candidate","stable_quest_flag_in_installed_handynotes_table_provider","battle_for_azeroth","53424","1","HandyNotes_BattleForAzerothTreasures","Nazmir.lua","24209160","","verify"
"quest_identity_navigation_candidate","stable_quest_flag_in_installed_handynotes_table_provider","battle_for_azeroth","53425","1","HandyNotes_BattleForAzerothTreasures","Nazmir.lua","21706930","","[52804290] = {quest=53426, achievement=13828, minimap=true,}, -- maybe?"
"quest_identity_navigation_candidate","stable_quest_flag_in_installed_handynotes_table_provider","battle_for_azeroth","53426","1","HandyNotes_BattleForAzerothTreasures","Nazmir.lua","25694058","","Carved in Stone, Written in Blood"
"already_achievement_or_quest_backed","quest_or_criteria_already_present_in_collectionist_treasure_data","battle_for_azeroth","53471","1","HandyNotes_BattleForAzerothTreasures","Drustvar.lua","18515133","41702","Hexed Chest"
"already_achievement_or_quest_backed","quest_or_criteria_already_present_in_collectionist_treasure_data","battle_for_azeroth","53472","1","HandyNotes_BattleForAzerothTreasures","Drustvar.lua","55605181","41703","Bespelled Chest"
"already_achievement_or_quest_backed","quest_or_criteria_already_present_in_collectionist_treasure_data","battle_for_azeroth","53473","1","HandyNotes_BattleForAzerothTreasures","Drustvar.lua","67767367","41704","Ensorcelled Chest"
"already_achievement_or_quest_backed","quest_or_criteria_already_present_in_collectionist_treasure_data","battle_for_azeroth","53474","1","HandyNotes_BattleForAzerothTreasures","Drustvar.lua","25472416","41705","Enchanted Chest"
"already_achievement_or_quest_backed","quest_or_criteria_already_present_in_collectionist_treasure_data","battle_for_azeroth","53475","1","HandyNotes_BattleForAzerothTreasures","Drustvar.lua","24304840","41752","Stolen Thornspeaker Cache"
"quest_identity_navigation_candidate","stable_quest_flag_in_installed_handynotes_table_provider","battle_for_azeroth","53631","1","HandyNotes_BattleForAzerothTreasures","TiragardeSound.lua","83673580","",""
"quest_identity_navigation_candidate","stable_quest_flag_in_installed_handynotes_table_provider","battle_for_azeroth","53635","1","HandyNotes_BattleForAzerothTreasures","StormsongValley.lua","32126620","",""
"quest_identity_navigation_candidate","stable_quest_flag_in_installed_handynotes_table_provider","battle_for_azeroth","53652","1","HandyNotes_BattleForAzerothTreasures","StormsongValley.lua","32946967","",""
"quest_identity_navigation_candidate","stable_quest_flag_in_installed_handynotes_table_provider","battle_for_azeroth","54872","2","HandyNotes_BattleForAzerothTreasures","Darkshore.lua","58802525;61222000","",""
"quest_identity_navigation_candidate","stable_quest_flag_in_installed_handynotes_table_provider","battle_for_azeroth","54877","1","HandyNotes_BattleForAzerothTreasures","Darkshore.lua","48242742","",""
"quest_identity_navigation_candidate","stable_quest_flag_in_installed_handynotes_table_provider","battle_for_azeroth","54879","1","HandyNotes_BattleForAzerothTreasures","Darkshore.lua","42383860","",""
"quest_identity_navigation_candidate","stable_quest_flag_in_installed_handynotes_table_provider","battle_for_azeroth","54880","1","HandyNotes_BattleForAzerothTreasures","Darkshore.lua","46825568","",""
"quest_identity_navigation_candidate","stable_quest_flag_in_installed_handynotes_table_provider","battle_for_azeroth","54881","3","HandyNotes_BattleForAzerothTreasures","Darkshore.lua","37277695;37746163;43578125","",""
"quest_identity_navigation_candidate","stable_quest_flag_in_installed_handynotes_table_provider","battle_for_azeroth","54908","1","HandyNotes_BattleForAzerothTreasures","Darkshore.lua","61761934","",""
"quest_identity_navigation_candidate","stable_quest_flag_in_installed_handynotes_table_provider","battle_for_azeroth","54909","1","HandyNotes_BattleForAzerothTreasures","Darkshore.lua","49881814","",""
"quest_identity_navigation_candidate","stable_quest_flag_in_installed_handynotes_table_provider","battle_for_azeroth","54910","1","HandyNotes_BattleForAzerothTreasures","Darkshore.lua","40804337","","54879"
"quest_identity_navigation_candidate","stable_quest_flag_in_installed_handynotes_table_provider","battle_for_azeroth","54911","1","HandyNotes_BattleForAzerothTreasures","Darkshore.lua","41324820","","54880"
"quest_identity_navigation_candidate","stable_quest_flag_in_installed_handynotes_table_provider","battle_for_azeroth","54912","1","HandyNotes_BattleForAzerothTreasures","Darkshore.lua","39576230","",""
"quest_identity_navigation_candidate","stable_quest_flag_in_installed_handynotes_table_provider","battle_for_azeroth","55299","1","HandyNotes_BattleForAzerothTreasures","Mechagon.lua","76704920","44737","Bottom Feeding Stinkfish"
"quest_identity_navigation_candidate","stable_quest_flag_in_installed_handynotes_table_provider","battle_for_azeroth","55305","1","HandyNotes_BattleForAzerothTreasures","Mechagon.lua","35004650","","Bolted Steelhead, Energized Lighting Cod, Solarsprocket Barbel"
"quest_identity_navigation_candidate","stable_quest_flag_in_installed_handynotes_table_provider","battle_for_azeroth","55306","1","HandyNotes_BattleForAzerothTreasures","Mechagon.lua","55803190","44739","Pond Hopping Springfish"
"quest_identity_navigation_candidate","stable_quest_flag_in_installed_handynotes_table_provider","battle_for_azeroth","55307","1","HandyNotes_BattleForAzerothTreasures","Mechagon.lua","59102280","44740","Shadowy Cave Eel"
"quest_identity_navigation_candidate","stable_quest_flag_in_installed_handynotes_table_provider","battle_for_azeroth","55308","1","HandyNotes_BattleForAzerothTreasures","Mechagon.lua","26107570","44741","Mechanical Blowfish"
"quest_identity_navigation_candidate","stable_quest_flag_in_installed_handynotes_table_provider","battle_for_azeroth","55309","1","HandyNotes_BattleForAzerothTreasures","Mechagon.lua","83707300","44742","Spitting Clownfish"
"quest_identity_navigation_candidate","stable_quest_flag_in_installed_handynotes_table_provider","battle_for_azeroth","55310","1","HandyNotes_BattleForAzerothTreasures","Mechagon.lua","65505220","44743","Sludge-fouled Carp"
"quest_identity_navigation_candidate","stable_quest_flag_in_installed_handynotes_table_provider","battle_for_azeroth","55313","1","HandyNotes_BattleForAzerothTreasures","Mechagon.lua","47403600","44746","Tasty Steelfin"
"quest_identity_navigation_candidate","stable_quest_flag_in_installed_handynotes_table_provider","battle_for_azeroth","55547","5","HandyNotes_BattleForAzerothTreasures","Mechagon.lua","43304977;49223021;52115326;53254190;56973861","","325660"
"quest_identity_navigation_candidate","stable_quest_flag_in_installed_handynotes_table_provider","battle_for_azeroth","55548","4","HandyNotes_BattleForAzerothTreasures","Mechagon.lua","20617141;30785183;35683833;40155409","","325661"
"quest_identity_navigation_candidate","stable_quest_flag_in_installed_handynotes_table_provider","battle_for_azeroth","55549","5","HandyNotes_BattleForAzerothTreasures","Mechagon.lua","59946357;65866460;67075645;73515334;80374838","","325662"
"quest_identity_navigation_candidate","stable_quest_flag_in_installed_handynotes_table_provider","battle_for_azeroth","55550","5","HandyNotes_BattleForAzerothTreasures","Mechagon.lua","65555284;72594733;73014950;76215286;81196149","","325664"
"quest_identity_navigation_candidate","stable_quest_flag_in_installed_handynotes_table_provider","battle_for_azeroth","55551","5","HandyNotes_BattleForAzerothTreasures","Mechagon.lua","56665739;58634160;61583230;64365961;70654796","","Rares"
"quest_identity_navigation_candidate","stable_quest_flag_in_installed_handynotes_table_provider","battle_for_azeroth","55552","6","HandyNotes_BattleForAzerothTreasures","Mechagon.lua","50662858;55612404;56782918;57142283;64092627;66432227","","325665"
"quest_identity_navigation_candidate","stable_quest_flag_in_installed_handynotes_table_provider","battle_for_azeroth","55553","5","HandyNotes_BattleForAzerothTreasures","Mechagon.lua","67322289;80691868;85752824;86232042;88732015","","325666"
"quest_identity_navigation_candidate","stable_quest_flag_in_installed_handynotes_table_provider","battle_for_azeroth","55554","4","HandyNotes_BattleForAzerothTreasures","Mechagon.lua","48367595;57258202;62297390;66767759","","325667"
"quest_identity_navigation_candidate","stable_quest_flag_in_installed_handynotes_table_provider","battle_for_azeroth","55555","5","HandyNotes_BattleForAzerothTreasures","Mechagon.lua","63626715;72126545;76516601;81167231;85166335","","325668"
"quest_identity_navigation_candidate","stable_quest_flag_in_installed_handynotes_table_provider","battle_for_azeroth","55556","4","HandyNotes_BattleForAzerothTreasures","Mechagon.lua","12088568;20537696;21788303;24796526","","Mechagon"
"quest_identity_navigation_candidate","stable_quest_flag_in_installed_handynotes_table_provider","battle_for_azeroth","55938","1","HandyNotes_BattleForAzerothTreasures","Nazjatar.lua","85203860","",""
"quest_identity_navigation_candidate","stable_quest_flag_in_installed_handynotes_table_provider","battle_for_azeroth","55939","1","HandyNotes_BattleForAzerothTreasures","Nazjatar.lua","80302980","",""
"quest_identity_navigation_candidate","stable_quest_flag_in_installed_handynotes_table_provider","battle_for_azeroth","55940","1","HandyNotes_BattleForAzerothTreasures","Nazjatar.lua","74805320","",""
"quest_identity_navigation_candidate","stable_quest_flag_in_installed_handynotes_table_provider","battle_for_azeroth","55941","1","HandyNotes_BattleForAzerothTreasures","Nazjatar.lua","73313580","",""
"quest_identity_navigation_candidate","stable_quest_flag_in_installed_handynotes_table_provider","battle_for_azeroth","55942","1","HandyNotes_BattleForAzerothTreasures","Nazjatar.lua","79502720","",""
"quest_identity_navigation_candidate","stable_quest_flag_in_installed_handynotes_table_provider","battle_for_azeroth","55943","1","HandyNotes_BattleForAzerothTreasures","Nazjatar.lua","64303350","",""
"quest_identity_navigation_candidate","stable_quest_flag_in_installed_handynotes_table_provider","battle_for_azeroth","55944","1","HandyNotes_BattleForAzerothTreasures","Nazjatar.lua","56493390","",""
"quest_identity_navigation_candidate","stable_quest_flag_in_installed_handynotes_table_provider","battle_for_azeroth","55945","1","HandyNotes_BattleForAzerothTreasures","Nazjatar.lua","52904980","",""
"quest_identity_navigation_candidate","stable_quest_flag_in_installed_handynotes_table_provider","battle_for_azeroth","55946","1","HandyNotes_BattleForAzerothTreasures","Nazjatar.lua","58103510","",""
"quest_identity_navigation_candidate","stable_quest_flag_in_installed_handynotes_table_provider","battle_for_azeroth","55947","1","HandyNotes_BattleForAzerothTreasures","Nazjatar.lua","44804880","",""
"quest_identity_navigation_candidate","stable_quest_flag_in_installed_handynotes_table_provider","battle_for_azeroth","55948","1","HandyNotes_BattleForAzerothTreasures","Nazjatar.lua","43305810","",""
"quest_identity_navigation_candidate","stable_quest_flag_in_installed_handynotes_table_provider","battle_for_azeroth","55949","1","HandyNotes_BattleForAzerothTreasures","Nazjatar.lua","49506450","",""
"quest_identity_navigation_candidate","stable_quest_flag_in_installed_handynotes_table_provider","battle_for_azeroth","55950","1","HandyNotes_BattleForAzerothTreasures","Nazjatar.lua","38707440","",""
"quest_identity_navigation_candidate","stable_quest_flag_in_installed_handynotes_table_provider","battle_for_azeroth","55951","1","HandyNotes_BattleForAzerothTreasures","Nazjatar.lua","48508740","",""
"quest_identity_navigation_candidate","stable_quest_flag_in_installed_handynotes_table_provider","battle_for_azeroth","55952","1","HandyNotes_BattleForAzerothTreasures","Nazjatar.lua","34704350","",""
"quest_identity_navigation_candidate","stable_quest_flag_in_installed_handynotes_table_provider","battle_for_azeroth","55953","1","HandyNotes_BattleForAzerothTreasures","Nazjatar.lua","26003230","",""
"quest_identity_navigation_candidate","stable_quest_flag_in_installed_handynotes_table_provider","battle_for_azeroth","55954","1","HandyNotes_BattleForAzerothTreasures","Nazjatar.lua","34504050","",""
"quest_identity_navigation_candidate","stable_quest_flag_in_installed_handynotes_table_provider","battle_for_azeroth","55955","1","HandyNotes_BattleForAzerothTreasures","Nazjatar.lua","50605000","",""
"quest_identity_navigation_candidate","stable_quest_flag_in_installed_handynotes_table_provider","battle_for_azeroth","55956","1","HandyNotes_BattleForAzerothTreasures","Nazjatar.lua","39804930","",""
"quest_identity_navigation_candidate","stable_quest_flag_in_installed_handynotes_table_provider","battle_for_azeroth","55957","1","HandyNotes_BattleForAzerothTreasures","Nazjatar.lua","38006060","","Nazjatar"
"quest_identity_navigation_candidate","stable_quest_flag_in_installed_handynotes_table_provider","battle_for_azeroth","55958","1","HandyNotes_BattleForAzerothTreasures","Nazjatar.lua","61502290","","game quest id: 55359"
"quest_identity_navigation_candidate","stable_quest_flag_in_installed_handynotes_table_provider","battle_for_azeroth","55959","1","HandyNotes_BattleForAzerothTreasures","Nazjatar.lua","37900604","",""
"quest_identity_navigation_candidate","stable_quest_flag_in_installed_handynotes_table_provider","battle_for_azeroth","55960","1","HandyNotes_BattleForAzerothTreasures","Nazjatar.lua","37191919","",""
"quest_identity_navigation_candidate","stable_quest_flag_in_installed_handynotes_table_provider","battle_for_azeroth","55961","1","HandyNotes_BattleForAzerothTreasures","Nazjatar.lua","55701440","","game quest id: 55998"
"quest_identity_navigation_candidate","stable_quest_flag_in_installed_handynotes_table_provider","battle_for_azeroth","55962","1","HandyNotes_BattleForAzerothTreasures","Nazjatar.lua","64202850","","game quest id: 55996"
"quest_identity_navigation_candidate","stable_quest_flag_in_installed_handynotes_table_provider","battle_for_azeroth","55963","1","HandyNotes_BattleForAzerothTreasures","Nazjatar.lua","43901680","",""
"quest_identity_navigation_candidate","stable_quest_flag_in_installed_handynotes_table_provider","battle_for_azeroth","56547","1","HandyNotes_BattleForAzerothTreasures","Nazjatar.lua","80503190","","game quest id: 56913"
"quest_identity_navigation_candidate","stable_quest_flag_in_installed_handynotes_table_provider","battle_for_azeroth","56912","1","HandyNotes_BattleForAzerothTreasures","Nazjatar.lua","24803520","","game quest id: 56913"
"quest_identity_navigation_candidate","stable_quest_flag_in_installed_handynotes_table_provider","battle_for_azeroth","56983","1","HandyNotes_BattleForAzerothTreasures","Nazjatar.lua","28802910","",""
"quest_identity_navigation_candidate","stable_quest_flag_in_installed_handynotes_table_provider","battle_for_azeroth","56984","1","HandyNotes_BattleForAzerothTreasures","Nazjatar.lua","61102680","",""
"quest_identity_navigation_candidate","stable_quest_flag_in_installed_handynotes_table_provider","battle_for_azeroth","56985","1","HandyNotes_BattleForAzerothTreasures","Nazjatar.lua","59103040","",""
"quest_identity_navigation_candidate","stable_quest_flag_in_installed_handynotes_table_provider","battle_for_azeroth","56986","1","HandyNotes_BattleForAzerothTreasures","Nazjatar.lua","55302720","",""
"quest_identity_navigation_candidate","stable_quest_flag_in_installed_handynotes_table_provider","battle_for_azeroth","56987","1","HandyNotes_BattleForAzerothTreasures","Nazjatar.lua","40158608","",""
"quest_identity_navigation_candidate","stable_quest_flag_in_installed_handynotes_table_provider","battle_for_azeroth","56988","1","HandyNotes_BattleForAzerothTreasures","Nazjatar.lua","71402370","",""
"quest_identity_navigation_candidate","stable_quest_flag_in_installed_handynotes_table_provider","battle_for_azeroth","56989","1","HandyNotes_BattleForAzerothTreasures","Nazjatar.lua","38004930","",""
"quest_identity_navigation_candidate","stable_quest_flag_in_installed_handynotes_table_provider","battle_for_azeroth","56990","1","HandyNotes_BattleForAzerothTreasures","Nazjatar.lua","58202200","",""
"quest_identity_navigation_candidate","stable_quest_flag_in_installed_handynotes_table_provider","battle_for_azeroth","56991","1","HandyNotes_BattleForAzerothTreasures","Nazjatar.lua","61601070","",""
"quest_identity_navigation_candidate","stable_quest_flag_in_installed_handynotes_table_provider","battle_for_azeroth","56992","1","HandyNotes_BattleForAzerothTreasures","Nazjatar.lua","73602590","","Jellies!"
"quest_identity_navigation_candidate","stable_quest_flag_in_installed_handynotes_table_provider","battle_for_azeroth","58879","1","HandyNotes_BattleForAzerothTreasures","Uldum.lua","76006800","","Friendly Alpaca"
"already_achievement_or_quest_backed","quest_or_criteria_already_present_in_collectionist_treasure_data","dragonflight","65646","1","HandyNotes_DragonflightTreasures","WakingShores.lua","58585301","55403","Misty Treasure Chest"
"quest_identity_navigation_candidate","stable_quest_flag_in_installed_handynotes_table_provider","dragonflight","65875","1","HandyNotes_DragonflightTreasures","WakingShores.lua","20163958","","A Dragon's Day Off"
"quest_identity_navigation_candidate","stable_quest_flag_in_installed_handynotes_table_provider","dragonflight","65908","1","HandyNotes_DragonflightTreasures","ForbiddenReachIntro.lua","62184311","","Suspicious Bottle"
"quest_identity_navigation_candidate","stable_quest_flag_in_installed_handynotes_table_provider","dragonflight","65909","1","HandyNotes_DragonflightTreasures","ForbiddenReachIntro.lua","42113436","","Bag of Enchanted Winds"
"quest_identity_navigation_candidate","stable_quest_flag_in_installed_handynotes_table_provider","dragonflight","65965","1","HandyNotes_DragonflightTreasures","WakingShores.lua","43156738","","FullSails Supply Chest"
"quest_identity_navigation_candidate","stable_quest_flag_in_installed_handynotes_table_provider","dragonflight","66010","1","HandyNotes_DragonflightTreasures","ForbiddenReachIntro.lua","38127448","","Blue Magic Wand"
"quest_identity_navigation_candidate","stable_quest_flag_in_installed_handynotes_table_provider","dragonflight","66876","1","HandyNotes_DragonflightTreasures","ForbiddenReachIntro.lua","35596967","","Hessethiash's Poorly Hidden Treasure"
"quest_identity_navigation_candidate","stable_quest_flag_in_installed_handynotes_table_provider","dragonflight","66965","1","HandyNotes_DragonflightTreasures","ForbiddenReachIntro.lua","46212173","","Abandoned Weapon Rack"
"quest_identity_navigation_candidate","stable_quest_flag_in_installed_handynotes_table_provider","dragonflight","66974","1","HandyNotes_DragonflightTreasures","ForbiddenReachIntro.lua","30536442","","Lost Draconic Hourglass"
"quest_identity_navigation_candidate","stable_quest_flag_in_installed_handynotes_table_provider","dragonflight","67013","1","HandyNotes_DragonflightTreasures","ForbiddenReachIntro.lua","41842306","","Eviscerated Argali"
"already_achievement_or_quest_backed","quest_or_criteria_already_present_in_collectionist_treasure_data","dragonflight","67049","1","HandyNotes_DragonflightTreasures","OhnahranPlains.lua","32413815","54707","Nokhud Warspear"
"quest_identity_navigation_candidate","stable_quest_flag_in_installed_handynotes_table_provider","dragonflight","67718","1","HandyNotes_DragonflightTreasures","OhnahranPlains.lua","61014337","","Ludo"
"already_achievement_or_quest_backed","quest_or_criteria_already_present_in_collectionist_treasure_data","dragonflight","67950","1","HandyNotes_DragonflightTreasures","OhnahranPlains.lua","70533549","54708","Slightly Chewed Duck Egg"
"quest_identity_navigation_candidate","stable_quest_flag_in_installed_handynotes_table_provider","dragonflight","69200","1","HandyNotes_DragonflightTreasures","ForbiddenReach.lua","61553378","58506","Words of the Wyrmslayer"
"quest_identity_navigation_candidate","stable_quest_flag_in_installed_handynotes_table_provider","dragonflight","70268","1","HandyNotes_DragonflightTreasures","WakingShores.lua","23246049","55245","Continuing Veritistrasz's story"
"already_achievement_or_quest_backed","quest_or_criteria_already_present_in_collectionist_treasure_data","dragonflight","70345","1","HandyNotes_DragonflightTreasures","WakingShores.lua","46713121","54701","Yennu's Kite"
"already_achievement_or_quest_backed","quest_or_criteria_already_present_in_collectionist_treasure_data","dragonflight","70346","1","HandyNotes_DragonflightTreasures","WakingShores.lua","69314658","54702","Dead Man's Chestplate"
"quest_identity_navigation_candidate","stable_quest_flag_in_installed_handynotes_table_provider","dragonflight","70377","1","HandyNotes_DragonflightTreasures","Thaldraszus.lua","40464527","","Derelict Sunglasses"
"already_achievement_or_quest_backed","quest_or_criteria_already_present_in_collectionist_treasure_data","dragonflight","70378","1","HandyNotes_DragonflightTreasures","WakingShores.lua","48498516","54703","Torn Riding Pack"
"already_achievement_or_quest_backed","quest_or_criteria_already_present_in_collectionist_treasure_data","dragonflight","70379","1","HandyNotes_DragonflightTreasures","OhnahranPlains.lua","82307338","54710","Gold Swog Coin"
"already_achievement_or_quest_backed","quest_or_criteria_already_present_in_collectionist_treasure_data","dragonflight","70380","1","HandyNotes_DragonflightTreasures","AzureSpan.lua","54642933","54808","Rubber Fish"
"already_achievement_or_quest_backed","quest_or_criteria_already_present_in_collectionist_treasure_data","dragonflight","70391","1","HandyNotes_DragonflightTreasures","OhnahranPlains.lua","33205532","54700","Emerald Gem Cluster"
"already_achievement_or_quest_backed","quest_or_criteria_already_present_in_collectionist_treasure_data","dragonflight","70400","1","HandyNotes_DragonflightTreasures","OhnahranPlains.lua","51985830","54711","Yennu's Boat"
"already_achievement_or_quest_backed","quest_or_criteria_already_present_in_collectionist_treasure_data","dragonflight","70402","1","HandyNotes_DragonflightTreasures","OhnahranPlains.lua","73475616","54709","Cracked Centaur Horn"
"already_achievement_or_quest_backed","quest_or_criteria_already_present_in_collectionist_treasure_data","dragonflight","70408","1","HandyNotes_DragonflightTreasures","Thaldraszus.lua","52607673","54812","Amber Gem Cluster"
"quest_identity_navigation_candidate","stable_quest_flag_in_installed_handynotes_table_provider","dragonflight","70409","1","HandyNotes_DragonflightTreasures","WakingShores.lua","76343420","","Archeologist Artifact Notes"
"already_achievement_or_quest_backed","quest_or_criteria_already_present_in_collectionist_treasure_data","dragonflight","70441","1","HandyNotes_DragonflightTreasures","AzureSpan.lua","26544629","54809","Pepper Hammer"
"quest_identity_navigation_candidate","stable_quest_flag_in_installed_handynotes_table_provider","dragonflight","70538","1","HandyNotes_DragonflightTreasures","Thaldraszus.lua","54937543","","Yennu's Map"
"already_achievement_or_quest_backed","quest_or_criteria_already_present_in_collectionist_treasure_data","dragonflight","70598","1","HandyNotes_DragonflightTreasures","WakingShores.lua","61347079","54713","Ruby Gem Cluster"
"already_achievement_or_quest_backed","quest_or_criteria_already_present_in_collectionist_treasure_data","dragonflight","70599","1","HandyNotes_DragonflightTreasures","WakingShores.lua","40454136","54699","Bubble Drifter"
"already_achievement_or_quest_backed","quest_or_criteria_already_present_in_collectionist_treasure_data","dragonflight","70600","1","HandyNotes_DragonflightTreasures","WakingShores.lua","65804182","54698","Replica Dragon Goblet"
"already_achievement_or_quest_backed","quest_or_criteria_already_present_in_collectionist_treasure_data","dragonflight","70603","1","HandyNotes_DragonflightTreasures","AzureSpan.lua","45135939","54804","Forgotten Jewel Box"
"already_achievement_or_quest_backed","quest_or_criteria_already_present_in_collectionist_treasure_data","dragonflight","70604","1","HandyNotes_DragonflightTreasures","AzureSpan.lua","53964377","54805","Gnoll Fiend Flail"
"already_achievement_or_quest_backed","quest_or_criteria_already_present_in_collectionist_treasure_data","dragonflight","70605","1","HandyNotes_DragonflightTreasures","AzureSpan.lua","48632466","54806","Sapphire Gem Cluster"
"already_achievement_or_quest_backed","quest_or_criteria_already_present_in_collectionist_treasure_data","dragonflight","70606","1","HandyNotes_DragonflightTreasures","AzureSpan.lua","74905499","54807","Lost Compass"
"already_achievement_or_quest_backed","quest_or_criteria_already_present_in_collectionist_treasure_data","dragonflight","70607","1","HandyNotes_DragonflightTreasures","Thaldraszus.lua","33957694","54810","Cracked Hourglass"
"already_achievement_or_quest_backed","quest_or_criteria_already_present_in_collectionist_treasure_data","dragonflight","70608","1","HandyNotes_DragonflightTreasures","Thaldraszus.lua","58158005","54811","Sandy Wooden Duck"
"already_achievement_or_quest_backed","quest_or_criteria_already_present_in_collectionist_treasure_data","dragonflight","70609","1","HandyNotes_DragonflightTreasures","Thaldraszus.lua","60234160","54813","Elegant Canvas Brush"
"already_achievement_or_quest_backed","quest_or_criteria_already_present_in_collectionist_treasure_data","dragonflight","70610","1","HandyNotes_DragonflightTreasures","Thaldraszus.lua","64851650","54814","Surveyor's Magnifying Glass"
"already_achievement_or_quest_backed","quest_or_criteria_already_present_in_collectionist_treasure_data","dragonflight","70611","1","HandyNotes_DragonflightTreasures","Thaldraszus.lua","49456291","54815","Acorn Harvester"
"quest_identity_navigation_candidate","stable_quest_flag_in_installed_handynotes_table_provider","dragonflight","70864","3","HandyNotes_DragonflightTreasures","WakingShores.lua","39648469;47738363;66185530","","Adventurer's Lost Soap Bar;Marmoni's Prize;Well-Preserved Bone"
"quest_identity_navigation_candidate","stable_quest_flag_in_installed_handynotes_table_provider","dragonflight","71002","1","HandyNotes_DragonflightTreasures","AzureSpan.lua","66403330","","Best Spell Ever"
"quest_identity_navigation_candidate","stable_quest_flag_in_installed_handynotes_table_provider","dragonflight","71033","1","HandyNotes_DragonflightTreasures","OhnahranPlains.lua","56017879","","Primal Revenant's Frostblade"
"already_achievement_or_quest_backed","quest_or_criteria_already_present_in_collectionist_treasure_data","dragonflight","72020","1","HandyNotes_DragonflightTreasures","WakingShores.lua","29454699","55448","Onyx Gem Cluster"
"quest_identity_navigation_candidate","stable_quest_flag_in_installed_handynotes_table_provider","dragonflight","72021","1","HandyNotes_DragonflightTreasures","WakingShores.lua","47008280","","Onyx Gem Cluster Map"
"quest_identity_navigation_candidate","stable_quest_flag_in_installed_handynotes_table_provider","dragonflight","72060","1","HandyNotes_DragonflightTreasures","Thaldraszus.lua","38604642","","Living Mud Mask"
"quest_identity_navigation_candidate","stable_quest_flag_in_installed_handynotes_table_provider","dragonflight","72096","1","HandyNotes_DragonflightTreasures","WakingShores.lua","73193776","55841","Wingrest Embassy"
"quest_identity_navigation_candidate","stable_quest_flag_in_installed_handynotes_table_provider","dragonflight","72097","1","HandyNotes_DragonflightTreasures","WakingShores.lua","73035290","55842","Skytop Observatory"
"quest_identity_navigation_candidate","stable_quest_flag_in_installed_handynotes_table_provider","dragonflight","72098","1","HandyNotes_DragonflightTreasures","WakingShores.lua","56735799","55843","Crumbling Life Archway"
"quest_identity_navigation_candidate","stable_quest_flag_in_installed_handynotes_table_provider","dragonflight","72099","1","HandyNotes_DragonflightTreasures","WakingShores.lua","61718083","55844","Hatchery Observatory"
"quest_identity_navigation_candidate","stable_quest_flag_in_installed_handynotes_table_provider","dragonflight","72100","1","HandyNotes_DragonflightTreasures","WakingShores.lua","43566381","55845","Obsidian Observatory"
"quest_identity_navigation_candidate","stable_quest_flag_in_installed_handynotes_table_provider","dragonflight","72101","1","HandyNotes_DragonflightTreasures","WakingShores.lua","24058995","55846","Apex Canopy"
"quest_identity_navigation_candidate","stable_quest_flag_in_installed_handynotes_table_provider","dragonflight","72102","1","HandyNotes_DragonflightTreasures","WakingShores.lua","50295562","55847","The Overflowing Spring"
"quest_identity_navigation_candidate","stable_quest_flag_in_installed_handynotes_table_provider","dragonflight","72103","1","HandyNotes_DragonflightTreasures","WakingShores.lua","57134640","55848","Concord Observatory"
"quest_identity_navigation_candidate","stable_quest_flag_in_installed_handynotes_table_provider","dragonflight","72104","1","HandyNotes_DragonflightTreasures","WakingShores.lua","48843995","55849","Uktulut Backwater"
"quest_identity_navigation_candidate","stable_quest_flag_in_installed_handynotes_table_provider","dragonflight","72105","1","HandyNotes_DragonflightTreasures","WakingShores.lua","57022000","55850","Life-Binder Conservatory"
"quest_identity_navigation_candidate","stable_quest_flag_in_installed_handynotes_table_provider","dragonflight","72121","1","HandyNotes_DragonflightTreasures","AzureSpan.lua","45635482","56155","for The Great Shellkhan in Thaldraszus"
"quest_identity_navigation_candidate","stable_quest_flag_in_installed_handynotes_table_provider","dragonflight","72136","1","HandyNotes_DragonflightTreasures","AzureSpan.lua","66075111","55974","Rustpine Den"
"quest_identity_navigation_candidate","stable_quest_flag_in_installed_handynotes_table_provider","dragonflight","72138","1","HandyNotes_DragonflightTreasures","AzureSpan.lua","43786190","55972","Azure Archives"
"quest_identity_navigation_candidate","stable_quest_flag_in_installed_handynotes_table_provider","dragonflight","72139","1","HandyNotes_DragonflightTreasures","AzureSpan.lua","26303631","55973","Ancient Outlook"
"quest_identity_navigation_candidate","stable_quest_flag_in_installed_handynotes_table_provider","dragonflight","72140","1","HandyNotes_DragonflightTreasures","AzureSpan.lua","65402835","55976","Slyvern Plunge"
"quest_identity_navigation_candidate","stable_quest_flag_in_installed_handynotes_table_provider","dragonflight","72141","1","HandyNotes_DragonflightTreasures","AzureSpan.lua","66725958","55975","Ruins of Karnthar"
"quest_identity_navigation_candidate","stable_quest_flag_in_installed_handynotes_table_provider","dragonflight","72512","1","HandyNotes_DragonflightTreasures","OhnahranPlains.lua","56467328","","Godoloto"
"already_achievement_or_quest_backed","quest_or_criteria_already_present_in_collectionist_treasure_data","dragonflight","72986","1","HandyNotes_DragonflightTreasures","ZaralekCavern.lua","28524794","59220","Blazing Shadowflame Chest"
"already_achievement_or_quest_backed","quest_or_criteria_already_present_in_collectionist_treasure_data","dragonflight","73395","1","HandyNotes_DragonflightTreasures","ZaralekCavern.lua","29764055","59219","Well-Chewed Chest"
"quest_identity_navigation_candidate","stable_quest_flag_in_installed_handynotes_table_provider","dragonflight","73410","1","HandyNotes_DragonflightTreasures","ZaralekCavern.lua","43728386","59221","[] = {criteria=59221, quest=73410}, -- Seething Cache"
"quest_identity_navigation_candidate","stable_quest_flag_in_installed_handynotes_table_provider","dragonflight","73548","2","HandyNotes_DragonflightTreasures","ZaralekCavern.lua","38184991;41934711","","verify quest"
"quest_identity_navigation_candidate","stable_quest_flag_in_installed_handynotes_table_provider","dragonflight","73551","2","HandyNotes_DragonflightTreasures","ZaralekCavern.lua","32634418;36034453","",""
"quest_identity_navigation_candidate","stable_quest_flag_in_installed_handynotes_table_provider","dragonflight","73552","3","HandyNotes_DragonflightTreasures","ZaralekCavern.lua","30055141;32015277;32395034","","verify quest"
"quest_identity_navigation_candidate","stable_quest_flag_in_installed_handynotes_table_provider","dragonflight","73553","3","HandyNotes_DragonflightTreasures","ZaralekCavern.lua","27344217;28175154;28264627","","verify quest"
"already_achievement_or_quest_backed","quest_or_criteria_already_present_in_collectionist_treasure_data","dragonflight","73697","1","HandyNotes_DragonflightTreasures","ZaralekCavern.lua","36634881","59222","Ancient Zaqali Chest"
"already_achievement_or_quest_backed","quest_or_criteria_already_present_in_collectionist_treasure_data","dragonflight","73706","1","HandyNotes_DragonflightTreasures","ZaralekCavern.lua","30054193","59226","Charred Egg"
"quest_identity_navigation_candidate","stable_quest_flag_in_installed_handynotes_table_provider","dragonflight","74978","1","HandyNotes_DragonflightTreasures","WakingShores.lua","35754758","","Broken Waygate"
"already_achievement_or_quest_backed","quest_or_criteria_already_present_in_collectionist_treasure_data","dragonflight","74986","1","HandyNotes_DragonflightTreasures","ZaralekCavern.lua","36407426","59228","Crystal-Encased Chest"
"quest_identity_navigation_candidate","stable_quest_flag_in_installed_handynotes_table_provider","dragonflight","74987","1","HandyNotes_DragonflightTreasures","ZaralekCavern.lua","37766880","",""
"already_achievement_or_quest_backed","quest_or_criteria_already_present_in_collectionist_treasure_data","dragonflight","74995","1","HandyNotes_DragonflightTreasures","ZaralekCavern.lua","43068257","59227","Old Trunk"
"quest_identity_navigation_candidate","stable_quest_flag_in_installed_handynotes_table_provider","dragonflight","75015","1","HandyNotes_DragonflightTreasures","ZaralekCavern.lua","62065534","","Waterlogged Bundle"
"already_achievement_or_quest_backed","quest_or_criteria_already_present_in_collectionist_treasure_data","dragonflight","75019","1","HandyNotes_DragonflightTreasures","ZaralekCavern.lua","62705377","59223","Long-Lost Cache"
"quest_identity_navigation_candidate","stable_quest_flag_in_installed_handynotes_table_provider","dragonflight","75302","1","HandyNotes_DragonflightTreasures","ZaralekCavern.lua","60664621","",""
"quest_identity_navigation_candidate","stable_quest_flag_in_installed_handynotes_table_provider","dragonflight","75303","2","HandyNotes_DragonflightTreasures","ZaralekCavern.lua","63203710;63688296","","63603864?"
"quest_identity_navigation_candidate","stable_quest_flag_in_installed_handynotes_table_provider","dragonflight","75514","1","HandyNotes_DragonflightTreasures","ZaralekCavern.lua","48451083","","Drakeforged Magma Charm"
"quest_identity_navigation_candidate","stable_quest_flag_in_installed_handynotes_table_provider","dragonflight","75515","1","HandyNotes_DragonflightTreasures","ZaralekCavern.lua","48421636","","Molten Primal Fang"
"quest_identity_navigation_candidate","stable_quest_flag_in_installed_handynotes_table_provider","dragonflight","75526","1","HandyNotes_DragonflightTreasures","ZaralekCavern.lua","42988255","",""
"quest_identity_navigation_candidate","stable_quest_flag_in_installed_handynotes_table_provider","dragonflight","75527","1","HandyNotes_DragonflightTreasures","ZaralekCavern.lua","42148014","",""
"quest_identity_navigation_candidate","stable_quest_flag_in_installed_handynotes_table_provider","dragonflight","75534","1","HandyNotes_DragonflightTreasures","ZaralekCavern.lua","41728145","",""
"quest_identity_navigation_candidate","stable_quest_flag_in_installed_handynotes_table_provider","dragonflight","75535","1","HandyNotes_DragonflightTreasures","ZaralekCavern.lua","42758221","",""
"quest_identity_navigation_candidate","stable_quest_flag_in_installed_handynotes_table_provider","dragonflight","75559","1","HandyNotes_DragonflightTreasures","ZaralekCavern.lua","39367326","",""
"quest_identity_navigation_candidate","stable_quest_flag_in_installed_handynotes_table_provider","dragonflight","75745","1","HandyNotes_DragonflightTreasures","ZaralekCavern.lua","64177497","","The Upper Hand"
"quest_identity_navigation_candidate","stable_quest_flag_in_installed_handynotes_table_provider","dragonflight","75762","1","HandyNotes_DragonflightTreasures","ZaralekCavern.lua","57956632","","Fractured Crystalspine Quill"
"quest_identity_navigation_candidate","stable_quest_flag_in_installed_handynotes_table_provider","dragonflight","77369","1","HandyNotes_DragonflightTreasures","EmeraldDream.lua","41706250","",""
"quest_identity_navigation_candidate","stable_quest_flag_in_installed_handynotes_table_provider","dragonflight","77855","1","HandyNotes_DragonflightTreasures","EmeraldDream.lua","39705210","",""
"quest_identity_navigation_candidate","stable_quest_flag_in_installed_handynotes_table_provider","dragonflight","77857","1","HandyNotes_DragonflightTreasures","EmeraldDream.lua","42205620","","77505?"
"already_achievement_or_quest_backed","quest_or_criteria_already_present_in_collectionist_treasure_data","dragonflight","77858","1","HandyNotes_DragonflightTreasures","EmeraldDream.lua","47503490","62953","Hidden Moonkin Stash"
"already_achievement_or_quest_backed","quest_or_criteria_already_present_in_collectionist_treasure_data","dragonflight","77872","1","HandyNotes_DragonflightTreasures","EmeraldDream.lua","34095634","62952","Triflesnatch's Roving Trove"
"already_achievement_or_quest_backed","quest_or_criteria_already_present_in_collectionist_treasure_data","dragonflight","77950","1","HandyNotes_DragonflightTreasures","EmeraldDream.lua","39106552","62954","Crystalline Glowblossom"
"already_achievement_or_quest_backed","quest_or_criteria_already_present_in_collectionist_treasure_data","dragonflight","78005","1","HandyNotes_DragonflightTreasures","EmeraldDream.lua","61605956","62960","Magical Bloom"
"already_achievement_or_quest_backed","quest_or_criteria_already_present_in_collectionist_treasure_data","dragonflight","78006","1","HandyNotes_DragonflightTreasures","EmeraldDream.lua","55275725","62961","Odd Burl"
"already_achievement_or_quest_backed","quest_or_criteria_already_present_in_collectionist_treasure_data","dragonflight","78107","1","HandyNotes_DragonflightTreasures","EmeraldDream.lua","47105310","62955","Reliquary of Ursol"
"already_achievement_or_quest_backed","quest_or_criteria_already_present_in_collectionist_treasure_data","dragonflight","78120","1","HandyNotes_DragonflightTreasures","EmeraldDream.lua","37303070","62956","Pineshrew Cache"
"already_achievement_or_quest_backed","quest_or_criteria_already_present_in_collectionist_treasure_data","dragonflight","78359","2","HandyNotes_DragonflightTreasures","EmeraldDream.lua","62903510;63437155","62958","Reliquary of Ashamane"
"already_achievement_or_quest_backed","quest_or_criteria_already_present_in_collectionist_treasure_data","dragonflight","78360","1","HandyNotes_DragonflightTreasures","EmeraldDream.lua","64101920","62957","Reliquary of Aviana"
"already_achievement_or_quest_backed","quest_or_criteria_already_present_in_collectionist_treasure_data","dragonflight","78361","1","HandyNotes_DragonflightTreasures","EmeraldDream.lua","33208330","62959","Reliquary of Goldrinn"
"quest_identity_navigation_candidate","stable_quest_flag_in_installed_handynotes_table_provider","dragonflight","78550","1","HandyNotes_DragonflightTreasures","EmeraldDream.lua","69585285","","Grovekeeper's Barrier"
"quest_identity_navigation_candidate","stable_quest_flag_in_installed_handynotes_table_provider","dragonflight","78551","1","HandyNotes_DragonflightTreasures","EmeraldDream.lua","55324538","","Verdant Gleaner's Scythe"
"quest_identity_navigation_candidate","stable_quest_flag_in_installed_handynotes_table_provider","tww","79081","1","HandyNotes_WarWithin","Hallowfall.lua","43215177","","quest=79081, -- daily"
"already_achievement_or_quest_backed","quest_or_criteria_already_present_in_collectionist_treasure_data","tww","79275","1","HandyNotes_WarWithin","Hallowfall.lua","76775383","69702","Spore-covered Coffer"
"already_achievement_or_quest_backed","quest_or_criteria_already_present_in_collectionist_treasure_data","tww","79308","1","HandyNotes_WarWithin","RingingDeeps.lua","64544056","69280","Webbed Knapsack"
"quest_identity_navigation_candidate","stable_quest_flag_in_installed_handynotes_table_provider","midnight","79550","1","HandyNotes_MidnightTreasures","Arcantina.lua","54534241","","Pepe: A Tiny Explorer's Hat"
"already_achievement_or_quest_backed","quest_or_criteria_already_present_in_collectionist_treasure_data","tww","79585","1","HandyNotes_WarWithin","IsleOfDorn.lua","40917377","68198","Turtle's Thanks (initial)"
"already_achievement_or_quest_backed","quest_or_criteria_already_present_in_collectionist_treasure_data","tww","79586","1","HandyNotes_WarWithin","IsleOfDorn.lua","40917376","68198","Turtle's Thanks (after pike)"
"quest_identity_navigation_candidate","stable_quest_flag_in_installed_handynotes_table_provider","tww","80420","2","HandyNotes_WarWithin","Hallowfall.lua","64732948;65652946","",""
"already_achievement_or_quest_backed","quest_or_criteria_already_present_in_collectionist_treasure_data","tww","80485","1","HandyNotes_WarWithin","RingingDeeps.lua","47925327","69313","Forgotten Treasure (this is the entrance, actually at 46325349)"
"quest_identity_navigation_candidate","stable_quest_flag_in_installed_handynotes_table_provider","tww","80590","2","HandyNotes_WarWithin","Hallowfall.lua","61633265;63073074","","directly saw;wowhead comments"
"already_achievement_or_quest_backed","quest_or_criteria_already_present_in_collectionist_treasure_data","tww","81468","1","HandyNotes_WarWithin","Hallowfall.lua","58392716","69701","Illuminated Footlocker"
"quest_identity_navigation_candidate","stable_quest_flag_in_installed_handynotes_table_provider","tww","81518","1","HandyNotes_WarWithin","Hallowfall.lua","56091455","","Radiant Remnant"
"quest_identity_navigation_candidate","stable_quest_flag_in_installed_handynotes_table_provider","tww","81612","1","HandyNotes_WarWithin","Hallowfall.lua","66561514","",""
"already_achievement_or_quest_backed","quest_or_criteria_already_present_in_collectionist_treasure_data","tww","81971","1","HandyNotes_WarWithin","Hallowfall.lua","55796954","69697","Jewel of the Cliffs"
"already_achievement_or_quest_backed","quest_or_criteria_already_present_in_collectionist_treasure_data","tww","81972","1","HandyNotes_WarWithin","Hallowfall.lua","30223877","69698","Priory Satchel"
"already_achievement_or_quest_backed","quest_or_criteria_already_present_in_collectionist_treasure_data","tww","81978","1","HandyNotes_WarWithin","Hallowfall.lua","50061382","69699","Lost Necklace"
"quest_identity_navigation_candidate","stable_quest_flag_in_installed_handynotes_table_provider","tww","81988","1","HandyNotes_WarWithin","Hallowfall.lua","66142802","","Darkened Arathi Shoulderguards (cosmetic)"
"already_achievement_or_quest_backed","quest_or_criteria_already_present_in_collectionist_treasure_data","tww","82005","1","HandyNotes_WarWithin","Hallowfall.lua","45904510","69700","Sky-Captains' Sunken Cache"
"quest_identity_navigation_candidate","stable_quest_flag_in_installed_handynotes_table_provider","tww","82007","3","HandyNotes_WarWithin","Hallowfall.lua","64451880;66311569;66702100","","Beef;Cap'n Elaena;Thunder"
"quest_identity_navigation_candidate","stable_quest_flag_in_installed_handynotes_table_provider","tww","82012","1","HandyNotes_WarWithin","Hallowfall.lua","62754689","",""
"quest_identity_navigation_candidate","stable_quest_flag_in_installed_handynotes_table_provider","tww","82024","1","HandyNotes_WarWithin","Hallowfall.lua","49535554","",""
"already_achievement_or_quest_backed","quest_or_criteria_already_present_in_collectionist_treasure_data","tww","82025","1","HandyNotes_WarWithin","Hallowfall.lua","27633461","69700","Treasures"
"quest_identity_navigation_candidate","stable_quest_flag_in_installed_handynotes_table_provider","tww","82026","1","HandyNotes_WarWithin","Hallowfall.lua","54821161","",""
"already_achievement_or_quest_backed","quest_or_criteria_already_present_in_collectionist_treasure_data","tww","82145","1","HandyNotes_WarWithin","IsleOfDorn.lua","59622459","68204","Mosswool Flower"
"already_achievement_or_quest_backed","quest_or_criteria_already_present_in_collectionist_treasure_data","tww","82230","1","HandyNotes_WarWithin","RingingDeeps.lua","58926311","69281","Cursed Pickaxe"
"already_achievement_or_quest_backed","quest_or_criteria_already_present_in_collectionist_treasure_data","tww","82235","1","HandyNotes_WarWithin","RingingDeeps.lua","51241385","69282","Munderut's Forgotten Stash"
"already_achievement_or_quest_backed","quest_or_criteria_already_present_in_collectionist_treasure_data","tww","82239","1","HandyNotes_WarWithin","RingingDeeps.lua","41351745","69283","Discarded Toolbox"
"already_achievement_or_quest_backed","quest_or_criteria_already_present_in_collectionist_treasure_data","tww","82246","1","HandyNotes_WarWithin","IsleOfDorn.lua","38074358","68203","Thak's Treasure"
"already_achievement_or_quest_backed","quest_or_criteria_already_present_in_collectionist_treasure_data","tww","82287","1","HandyNotes_WarWithin","IsleOfDorn.lua","77232446","68206","Jade Pearl"
"already_achievement_or_quest_backed","quest_or_criteria_already_present_in_collectionist_treasure_data","tww","82325","1","HandyNotes_WarWithin","IsleOfDorn.lua","62574327","68205","Kobold Pickaxe"
"already_achievement_or_quest_backed","quest_or_criteria_already_present_in_collectionist_treasure_data","tww","82326","1","HandyNotes_WarWithin","IsleOfDorn.lua","48896086","68207","Shimmering Opal Lily"
"already_achievement_or_quest_backed","quest_or_criteria_already_present_in_collectionist_treasure_data","tww","82464","1","HandyNotes_WarWithin","RingingDeeps.lua","44893163","69312","Dusty Prospector's Chest"
"already_achievement_or_quest_backed","quest_or_criteria_already_present_in_collectionist_treasure_data","tww","82520","1","HandyNotes_WarWithin","AzjKahet.lua","62728795","69615","Memory Cache (confirm lower)"
"already_achievement_or_quest_backed","quest_or_criteria_already_present_in_collectionist_treasure_data","tww","82525","1","HandyNotes_WarWithin","AzjKahet.lua","34076105","70381","Concealed Contraband"
"already_achievement_or_quest_backed","quest_or_criteria_already_present_in_collectionist_treasure_data","tww","82527","1","HandyNotes_WarWithin","AzjKahet.lua","78623320","69643","""Weaving Supplies"""
"already_achievement_or_quest_backed","quest_or_criteria_already_present_in_collectionist_treasure_data","tww","82529","1","HandyNotes_WarWithin","AzjKahet.lua","49564370","69645","Nest Egg"
"already_achievement_or_quest_backed","quest_or_criteria_already_present_in_collectionist_treasure_data","tww","82714","1","HandyNotes_WarWithin","IsleOfDorn.lua","56226094","68208","Infused Cinderbrew"
"already_achievement_or_quest_backed","quest_or_criteria_already_present_in_collectionist_treasure_data","tww","82715","1","HandyNotes_WarWithin","IsleOfDorn.lua","59122347","68209","Web-Wrapped Axe"
"already_achievement_or_quest_backed","quest_or_criteria_already_present_in_collectionist_treasure_data","tww","82716","1","HandyNotes_WarWithin","IsleOfDorn.lua","58283027","68198","Turtle's Thanks (after trout)"
"already_achievement_or_quest_backed","quest_or_criteria_already_present_in_collectionist_treasure_data","tww","82718","1","HandyNotes_WarWithin","AzjKahet.lua","67449072","69646","Disturbed Soil"
"already_achievement_or_quest_backed","quest_or_criteria_already_present_in_collectionist_treasure_data","tww","82719","1","HandyNotes_WarWithin","AzjKahet.lua","67492754","69647","Silk-spun Supplies"
"already_achievement_or_quest_backed","quest_or_criteria_already_present_in_collectionist_treasure_data","tww","82720","1","HandyNotes_WarWithin","AzjKahet.lua","31642077","69648","Nerubian Offerings"
"already_achievement_or_quest_backed","quest_or_criteria_already_present_in_collectionist_treasure_data","tww","82721","1","HandyNotes_WarWithin","AzjKahet.lua","54525081","69649","Niffen Stash"
"already_achievement_or_quest_backed","quest_or_criteria_already_present_in_collectionist_treasure_data","tww","82722","1","HandyNotes_WarWithin","AzjKahet.lua","38783722","69650","Missing Scout's Pack"
"already_achievement_or_quest_backed","quest_or_criteria_already_present_in_collectionist_treasure_data","tww","82727","1","HandyNotes_WarWithin","AzjKahet.lua","67397441","69644","Trapped Trove"
"quest_identity_navigation_candidate","stable_quest_flag_in_installed_handynotes_table_provider","tww","82751","1","HandyNotes_WarWithin","IsleOfDorn.lua","50717055","",""
"quest_identity_navigation_candidate","stable_quest_flag_in_installed_handynotes_table_provider","tww","82752","1","HandyNotes_WarWithin","IsleOfDorn.lua","74924940","",""
"quest_identity_navigation_candidate","stable_quest_flag_in_installed_handynotes_table_provider","tww","82753","1","HandyNotes_WarWithin","IsleOfDorn.lua","70752001","",""
"quest_identity_navigation_candidate","stable_quest_flag_in_installed_handynotes_table_provider","tww","82754","1","HandyNotes_WarWithin","IsleOfDorn.lua","41822704","",""
"quest_identity_navigation_candidate","stable_quest_flag_in_installed_handynotes_table_provider","tww","82755","1","HandyNotes_WarWithin","IsleOfDorn.lua","19715844","",""
"quest_identity_navigation_candidate","stable_quest_flag_in_installed_handynotes_table_provider","tww","82756","1","HandyNotes_WarWithin","IsleOfDorn.lua","38364194","","label=""{npc:222941:Pearlescent Shellcrab}"","
"already_achievement_or_quest_backed","quest_or_criteria_already_present_in_collectionist_treasure_data","tww","82818","1","HandyNotes_WarWithin","RingingDeeps.lua","54773028","69307","Scary Dark Chest"
"already_achievement_or_quest_backed","quest_or_criteria_already_present_in_collectionist_treasure_data","tww","82819","1","HandyNotes_WarWithin","RingingDeeps.lua","54856440","69308","Kaja'Cola Machine"
"already_achievement_or_quest_backed","quest_or_criteria_already_present_in_collectionist_treasure_data","tww","82820","1","HandyNotes_WarWithin","RingingDeeps.lua","44094896","69311","Dislodged Blockage"
"quest_identity_navigation_candidate","stable_quest_flag_in_installed_handynotes_table_provider","dragonflight","82821","1","HandyNotes_DragonflightTreasures","Amirdrassil.lua","55306436","","label=""Kaldorei Bag"","
"quest_identity_navigation_candidate","stable_quest_flag_in_installed_handynotes_table_provider","dragonflight","82822","1","HandyNotes_DragonflightTreasures","Amirdrassil.lua","54687720","","label=""Kaldorei Bedroll"","
"quest_identity_navigation_candidate","stable_quest_flag_in_installed_handynotes_table_provider","dragonflight","82823","1","HandyNotes_DragonflightTreasures","Amirdrassil.lua","53485575","","label=""Kaldorei Spear"","
"quest_identity_navigation_candidate","stable_quest_flag_in_installed_handynotes_table_provider","dragonflight","82824","1","HandyNotes_DragonflightTreasures","Amirdrassil.lua","48287642","","label=""Kaldorei Bag"","
"quest_identity_navigation_candidate","stable_quest_flag_in_installed_handynotes_table_provider","dragonflight","82825","1","HandyNotes_DragonflightTreasures","Amirdrassil.lua","52541771","","label=""Kaldorei Backpack"","
"quest_identity_navigation_candidate","stable_quest_flag_in_installed_handynotes_table_provider","dragonflight","82826","1","HandyNotes_DragonflightTreasures","Amirdrassil.lua","31301612","","label=""Kaldorei Dagger"","
"quest_identity_navigation_candidate","stable_quest_flag_in_installed_handynotes_table_provider","dragonflight","82827","1","HandyNotes_DragonflightTreasures","Amirdrassil.lua","49197032","","label=""Kaldorei Horn"","
"quest_identity_navigation_candidate","stable_quest_flag_in_installed_handynotes_table_provider","dragonflight","82828","1","HandyNotes_DragonflightTreasures","Amirdrassil.lua","58455191","","label=""Kaldorei Horn"","
"quest_identity_navigation_candidate","stable_quest_flag_in_installed_handynotes_table_provider","dragonflight","82829","1","HandyNotes_DragonflightTreasures","Amirdrassil.lua","47895689","","label=""Kaldorei Shield"","
"quest_identity_navigation_candidate","stable_quest_flag_in_installed_handynotes_table_provider","dragonflight","82830","1","HandyNotes_DragonflightTreasures","Amirdrassil.lua","51910590","","label=""Kaldorei Spyglass"","
"quest_identity_navigation_candidate","stable_quest_flag_in_installed_handynotes_table_provider","dragonflight","82831","1","HandyNotes_DragonflightTreasures","Amirdrassil.lua","29042886","","label=""Kaldorei Moon Bow"","
"quest_identity_navigation_candidate","stable_quest_flag_in_installed_handynotes_table_provider","tww","82963","1","HandyNotes_WarWithin","Hallowfall.lua","64752653","68012","Lil Piggy"
"quest_identity_navigation_candidate","stable_quest_flag_in_installed_handynotes_table_provider","tww","82996","2","HandyNotes_WarWithin","Hallowfall.lua","62013176;65193399","",""
"already_achievement_or_quest_backed","quest_or_criteria_already_present_in_collectionist_treasure_data","tww","83030","1","HandyNotes_WarWithin","RingingDeeps.lua","62043342","69304","Waterlogged Refuse"
"quest_identity_navigation_candidate","stable_quest_flag_in_installed_handynotes_table_provider","tww","83094","1","HandyNotes_WarWithin","IsleOfDorn.lua","31445131","","- Dog!"
"already_achievement_or_quest_backed","quest_or_criteria_already_present_in_collectionist_treasure_data","tww","83242","1","HandyNotes_WarWithin","IsleOfDorn.lua","48513004","68197","Tree's Treasure"
"already_achievement_or_quest_backed","quest_or_criteria_already_present_in_collectionist_treasure_data","tww","83243","1","HandyNotes_WarWithin","IsleOfDorn.lua","40655988","68199","Magical Treasure Chest"
"already_achievement_or_quest_backed","quest_or_criteria_already_present_in_collectionist_treasure_data","tww","83244","1","HandyNotes_WarWithin","IsleOfDorn.lua","54001914","68201","Mysterious Orb"
"already_achievement_or_quest_backed","quest_or_criteria_already_present_in_collectionist_treasure_data","tww","83245","1","HandyNotes_WarWithin","IsleOfDorn.lua","55006564","68202","Mushroom Cap"
"already_achievement_or_quest_backed","quest_or_criteria_already_present_in_collectionist_treasure_data","tww","83246","1","HandyNotes_WarWithin","IsleOfDorn.lua","59722869","68204","Mosswool Flower"
"already_achievement_or_quest_backed","quest_or_criteria_already_present_in_collectionist_treasure_data","tww","83263","1","HandyNotes_WarWithin","Hallowfall.lua","41775829","69692","Caesper"
"already_achievement_or_quest_backed","quest_or_criteria_already_present_in_collectionist_treasure_data","tww","83273","1","HandyNotes_WarWithin","Hallowfall.lua","55135193","69693","Smuggler's Treasure"
"quest_identity_navigation_candidate","stable_quest_flag_in_installed_handynotes_table_provider","tww","83278","1","HandyNotes_WarWithin","Hallowfall.lua","39292127","68271","Lost Shoe"
"quest_identity_navigation_candidate","stable_quest_flag_in_installed_handynotes_table_provider","tww","83282","1","HandyNotes_WarWithin","Hallowfall.lua","58913111","68272","Chicken Eggs"
"already_achievement_or_quest_backed","quest_or_criteria_already_present_in_collectionist_treasure_data","tww","83284","1","HandyNotes_WarWithin","Hallowfall.lua","59525966","69694","Dark Ritual"
"already_achievement_or_quest_backed","quest_or_criteria_already_present_in_collectionist_treasure_data","tww","83298","1","HandyNotes_WarWithin","Hallowfall.lua","40015112","69695","Arathi Loremaster"
"already_achievement_or_quest_backed","quest_or_criteria_already_present_in_collectionist_treasure_data","tww","83299","1","HandyNotes_WarWithin","Hallowfall.lua","34965465","69696","Treasures"
"quest_identity_navigation_candidate","stable_quest_flag_in_installed_handynotes_table_provider","tww","83309","1","HandyNotes_WarWithin","Hallowfall.lua","48756472","68961","Palawltar's Codex of Dimensional Structure"
"quest_identity_navigation_candidate","stable_quest_flag_in_installed_handynotes_table_provider","tww","83314","1","HandyNotes_WarWithin","Hallowfall.lua","48153959","68954","The Big Book of Arathi Idioms"
"quest_identity_navigation_candidate","stable_quest_flag_in_installed_handynotes_table_provider","tww","83475","1","HandyNotes_WarWithin","RingingDeeps.lua","41144644","68658","Water Console"
"quest_identity_navigation_candidate","stable_quest_flag_in_installed_handynotes_table_provider","tww","83479","1","HandyNotes_WarWithin","RingingDeeps.lua","54849330","68659","Abyssal Console"
"quest_identity_navigation_candidate","stable_quest_flag_in_installed_handynotes_table_provider","tww","83480","1","HandyNotes_WarWithin","RingingDeeps.lua","59546110","68660","Taelloch Console"
"quest_identity_navigation_candidate","stable_quest_flag_in_installed_handynotes_table_provider","tww","83481","1","HandyNotes_WarWithin","RingingDeeps.lua","64944880","68661","Obsidian Console"
"quest_identity_navigation_candidate","stable_quest_flag_in_installed_handynotes_table_provider","tww","83482","1","HandyNotes_WarWithin","RingingDeeps.lua","52232250","68662","Lost Console"
"quest_identity_navigation_candidate","stable_quest_flag_in_installed_handynotes_table_provider","tww","83483","1","HandyNotes_WarWithin","RingingDeeps.lua","42141409","68663","Earthen Console"
"quest_identity_navigation_candidate","stable_quest_flag_in_installed_handynotes_table_provider","tww","83623","1","HandyNotes_WarWithin","RingingDeeps.lua","55794100","","Ethereal Vision"
"quest_identity_navigation_candidate","stable_quest_flag_in_installed_handynotes_table_provider","tww","83724","1","HandyNotes_WarWithin","AzjKahet.lua","66775627","",""
"quest_identity_navigation_candidate","stable_quest_flag_in_installed_handynotes_table_provider","tww","83741","1","HandyNotes_WarWithin","AzjKahet.lua","66775626","",""
"quest_identity_navigation_candidate","stable_quest_flag_in_installed_handynotes_table_provider","tww","83744","1","HandyNotes_WarWithin","AzjKahet.lua","24215274","","Wildcamp Or'lay"
"quest_identity_navigation_candidate","stable_quest_flag_in_installed_handynotes_table_provider","tww","83745","1","HandyNotes_WarWithin","AzjKahet.lua","60231814","","Faerin's Advance"
"quest_identity_navigation_candidate","stable_quest_flag_in_installed_handynotes_table_provider","tww","83746","1","HandyNotes_WarWithin","AzjKahet.lua","78046325","","Mmarl"
"quest_identity_navigation_candidate","stable_quest_flag_in_installed_handynotes_table_provider","tww","83747","1","HandyNotes_WarWithin","AzjKahet.lua","56564317","","Weaver's Lair"
"quest_identity_navigation_candidate","stable_quest_flag_in_installed_handynotes_table_provider","tww","84337","1","HandyNotes_WarWithin","Hallowfall.lua","64492879","",""
"quest_identity_navigation_candidate","stable_quest_flag_in_installed_handynotes_table_provider","tww","84339","2","HandyNotes_WarWithin","Hallowfall.lua","64513159;64933336","","directly saw the vignette for this one;wowhead comments swear it's here"
"quest_identity_navigation_candidate","stable_quest_flag_in_installed_handynotes_table_provider","tww","84341","1","HandyNotes_WarWithin","Hallowfall.lua","65432715","",""
"quest_identity_navigation_candidate","stable_quest_flag_in_installed_handynotes_table_provider","tww","84342","1","HandyNotes_WarWithin","Hallowfall.lua","62551633","","Darkened Arathi Cape (cosmetic)"
"quest_identity_navigation_candidate","stable_quest_flag_in_installed_handynotes_table_provider","tww","84438","1","HandyNotes_WarWithin","Dornogal.lua","61230552","","Tome of Polymorph: Mosswool"
"quest_identity_navigation_candidate","stable_quest_flag_in_installed_handynotes_table_provider","tww","84497","1","HandyNotes_WarWithin","Hallowfall.lua","52645999","69729","Lightspark Grade Book"
"quest_identity_navigation_candidate","stable_quest_flag_in_installed_handynotes_table_provider","tww","84529","1","HandyNotes_WarWithin","SirenIsle.lua","62449081","","84873"
"quest_identity_navigation_candidate","stable_quest_flag_in_installed_handynotes_table_provider","tww","85072","1","HandyNotes_WarWithin","Undermine.lua","23814539","","Gorillion Fork"
"quest_identity_navigation_candidate","stable_quest_flag_in_installed_handynotes_table_provider","tww","85114","1","HandyNotes_WarWithin","Undermine.lua","71458594","","Gorillion Grease"
"quest_identity_navigation_candidate","stable_quest_flag_in_installed_handynotes_table_provider","tww","85115","1","HandyNotes_WarWithin","Undermine.lua","75142295","","Gorillion Batteries"
"quest_identity_navigation_candidate","stable_quest_flag_in_installed_handynotes_table_provider","tww","85116","1","HandyNotes_WarWithin","Undermine.lua","56675547","","Gorillion Engine"
"quest_identity_navigation_candidate","stable_quest_flag_in_installed_handynotes_table_provider","tww","85117","1","HandyNotes_WarWithin","Undermine.lua","34338286","","Gorillion Chasis"
"already_achievement_or_quest_backed","quest_or_criteria_already_present_in_collectionist_treasure_data","tww","85422","1","HandyNotes_WarWithin","Undermine.lua","40842127","71628","Abandoned Toolbox"
"already_achievement_or_quest_backed","quest_or_criteria_already_present_in_collectionist_treasure_data","tww","85424","1","HandyNotes_WarWithin","Undermine.lua","74697984","71629","Papa's Prized Putter"
"already_achievement_or_quest_backed","quest_or_criteria_already_present_in_collectionist_treasure_data","tww","85425","1","HandyNotes_WarWithin","Undermine.lua","26844266","71630","Unsupervised Takeout"
"already_achievement_or_quest_backed","quest_or_criteria_already_present_in_collectionist_treasure_data","tww","85426","1","HandyNotes_WarWithin","Undermine.lua","69652164","71627","Potent Potable"
"already_achievement_or_quest_backed","quest_or_criteria_already_present_in_collectionist_treasure_data","tww","85492","1","HandyNotes_WarWithin","Undermine.lua","39386107","71631","Particularly Nice Lamp"
"already_achievement_or_quest_backed","quest_or_criteria_already_present_in_collectionist_treasure_data","tww","85494","1","HandyNotes_WarWithin","Undermine.lua","63813220","71633","Marooned Floatmingo"
"already_achievement_or_quest_backed","quest_or_criteria_already_present_in_collectionist_treasure_data","tww","85495","1","HandyNotes_WarWithin","Undermine.lua","53415274","71632","Uncracked Cold Ones"
"already_achievement_or_quest_backed","quest_or_criteria_already_present_in_collectionist_treasure_data","tww","85496","1","HandyNotes_WarWithin","Undermine.lua","43645155","71634","Trick Deck of Cards"
"already_achievement_or_quest_backed","quest_or_criteria_already_present_in_collectionist_treasure_data","tww","85683","1","HandyNotes_WarWithin","Undermine.lua","48454293","71613","Unexploded Fireworks"
"already_achievement_or_quest_backed","quest_or_criteria_already_present_in_collectionist_treasure_data","tww","85698","1","HandyNotes_WarWithin","Undermine.lua","49709027","71615","Exploded Plunger"
"quest_identity_navigation_candidate","stable_quest_flag_in_installed_handynotes_table_provider","tww","85785","1","HandyNotes_WarWithin","Undermine.lua","38962225","","The Ol' Low-and-Slow"
"quest_identity_navigation_candidate","stable_quest_flag_in_installed_handynotes_table_provider","tww","85786","1","HandyNotes_WarWithin","Undermine.lua","63351692","","The Buzzer"
"quest_identity_navigation_candidate","stable_quest_flag_in_installed_handynotes_table_provider","tww","85787","1","HandyNotes_WarWithin","Undermine.lua","27217233","","Maniacal Melodies"
"quest_identity_navigation_candidate","stable_quest_flag_in_installed_handynotes_table_provider","tww","85788","1","HandyNotes_WarWithin","Undermine.lua","53127263","","The Whole Brass Band"
"already_achievement_or_quest_backed","quest_or_criteria_already_present_in_collectionist_treasure_data","tww","85814","1","HandyNotes_WarWithin","Undermine.lua","38965963","71625","Blackened Dice"
"already_achievement_or_quest_backed","quest_or_criteria_already_present_in_collectionist_treasure_data","tww","85837","1","HandyNotes_WarWithin","Karesh.lua","69745231","106272","Forlorn Wind Chime"
"already_achievement_or_quest_backed","quest_or_criteria_already_present_in_collectionist_treasure_data","tww","85840","1","HandyNotes_WarWithin","Karesh.lua","54462441","106280","Sand-Worn Coffer"
"already_achievement_or_quest_backed","quest_or_criteria_already_present_in_collectionist_treasure_data","tww","85856","1","HandyNotes_WarWithin","Undermine.lua","57845269","71614","Fireworks Hat"
"already_achievement_or_quest_backed","quest_or_criteria_already_present_in_collectionist_treasure_data","tww","85858","1","HandyNotes_WarWithin","Undermine.lua","59371914","71626","Lonely Tub"
"already_achievement_or_quest_backed","quest_or_criteria_already_present_in_collectionist_treasure_data","tww","85868","1","HandyNotes_WarWithin","Undermine.lua","49886618","71624","Suspicious Book"
"already_achievement_or_quest_backed","quest_or_criteria_already_present_in_collectionist_treasure_data","tww","85959","1","HandyNotes_WarWithin","Karesh.lua","76114526","106270","Gift of the Brothers"
"quest_identity_navigation_candidate","stable_quest_flag_in_installed_handynotes_table_provider","tww","86065","1","HandyNotes_WarWithin","Karesh.lua","75453979","",""
"quest_identity_navigation_candidate","stable_quest_flag_in_installed_handynotes_table_provider","tww","86066","1","HandyNotes_WarWithin","Karesh.lua","68304530","",""
"quest_identity_navigation_candidate","stable_quest_flag_in_installed_handynotes_table_provider","tww","86067","1","HandyNotes_WarWithin","Karesh.lua","69806050","","Flickering Lantern, then 6681 Gift of the Brothers"
"quest_identity_navigation_candidate","stable_quest_flag_in_installed_handynotes_table_provider","tww","86171","1","HandyNotes_WarWithin","SirenIsle.lua","67567351","","amethyst"
"already_achievement_or_quest_backed","quest_or_criteria_already_present_in_collectionist_treasure_data","tww","86301","1","HandyNotes_WarWithin","Karesh.lua","60544213","106274","Wastelander Stash"
"already_achievement_or_quest_backed","quest_or_criteria_already_present_in_collectionist_treasure_data","tww","86304","1","HandyNotes_WarWithin","Karesh.lua","65346362","106275","Tumbled Package"
"already_achievement_or_quest_backed","quest_or_criteria_already_present_in_collectionist_treasure_data","tww","86306","1","HandyNotes_WarWithin","Karesh.lua","70204773","106276","Rashaal's Vase"
"already_achievement_or_quest_backed","quest_or_criteria_already_present_in_collectionist_treasure_data","tww","86308","1","HandyNotes_WarWithin","Karesh.lua","75065534","108722","Shattered Crystals"
"already_achievement_or_quest_backed","quest_or_criteria_already_present_in_collectionist_treasure_data","tww","86322","1","HandyNotes_WarWithin","Karesh.lua","77782787","106277","Skeletal Tail Bones"
"already_achievement_or_quest_backed","quest_or_criteria_already_present_in_collectionist_treasure_data","tww","86323","1","HandyNotes_WarWithin","Karesh.lua","58653434","106278","Crudely Stitched Sack"
"already_achievement_or_quest_backed","quest_or_criteria_already_present_in_collectionist_treasure_data","tww","86416","1","HandyNotes_WarWithin","Karesh.lua","60903835","106271","Ancient Coffer"
"quest_identity_navigation_candidate","stable_quest_flag_in_installed_handynotes_table_provider","tww","86435","1","HandyNotes_WarWithin","SirenIsle.lua","52583865","",""
"quest_identity_navigation_candidate","stable_quest_flag_in_installed_handynotes_table_provider","tww","86436","1","HandyNotes_WarWithin","SirenIsle.lua","38195188","",""
"quest_identity_navigation_candidate","stable_quest_flag_in_installed_handynotes_table_provider","tww","86437","1","HandyNotes_WarWithin","SirenIsle.lua","67237882","","Turbulent Fragment"
"already_achievement_or_quest_backed","quest_or_criteria_already_present_in_collectionist_treasure_data","tww","86467","1","HandyNotes_WarWithin","Karesh.lua","47766265","106273","Mailroom Distribution"
"already_achievement_or_quest_backed","quest_or_criteria_already_present_in_collectionist_treasure_data","tww","86487","1","HandyNotes_WarWithin","Undermine.lua","42288231","71635","Crumpled Schematics"
"already_achievement_or_quest_backed","quest_or_criteria_already_present_in_collectionist_treasure_data","tww","86492","1","HandyNotes_WarWithin","Karesh.lua","64104398","106244","Ixthar's Favorite Crystal"
"quest_identity_navigation_candidate","stable_quest_flag_in_installed_handynotes_table_provider","tww","86567","1","HandyNotes_WarWithin","Undermine.lua","27317085","103108","A Threatening Letter"
"quest_identity_navigation_candidate","stable_quest_flag_in_installed_handynotes_table_provider","tww","86568","1","HandyNotes_WarWithin","Undermine.lua","65621421","103112","Misplaced Work Order"
"quest_identity_navigation_candidate","stable_quest_flag_in_installed_handynotes_table_provider","tww","86569","1","HandyNotes_WarWithin","Undermine.lua","68029650","103110","Extractor Drill X-78 Safety Guide"
"quest_identity_navigation_candidate","stable_quest_flag_in_installed_handynotes_table_provider","tww","86570","1","HandyNotes_WarWithin","Undermine.lua","72917314","103107","Rocket Drill Safety Manual"
"quest_identity_navigation_candidate","stable_quest_flag_in_installed_handynotes_table_provider","tww","86571","1","HandyNotes_WarWithin","Undermine.lua","32915880","103109","Second Half of Noggenfogger's Journal"
"quest_identity_navigation_candidate","stable_quest_flag_in_installed_handynotes_table_provider","tww","86572","1","HandyNotes_WarWithin","Undermine.lua","40402851","103106","First Half of Noggenfogger's Journal"
"quest_identity_navigation_candidate","stable_quest_flag_in_installed_handynotes_table_provider","tww","86573","1","HandyNotes_WarWithin","Undermine.lua","58585932","103111","Gallywix's Notes"
"quest_identity_navigation_candidate","stable_quest_flag_in_installed_handynotes_table_provider","tww","86732","1","HandyNotes_WarWithin","SirenIsle.lua","26462297","","Stone Carver's Scramseax"
"already_achievement_or_quest_backed","quest_or_criteria_already_present_in_collectionist_treasure_data","tww","89378","1","HandyNotes_WarWithin","Karesh.lua","52006840","106224","Ethereal Voidforged Container"
"already_achievement_or_quest_backed","quest_or_criteria_already_present_in_collectionist_treasure_data","tww","90511","1","HandyNotes_WarWithin","Karesh.lua","52504677","106281","Light-Soaked Cleaver"
"already_achievement_or_quest_backed","quest_or_criteria_already_present_in_collectionist_treasure_data","tww","90512","1","HandyNotes_WarWithin","Karesh.lua","23704680","106296","Spear of Fallen Memories"
"already_achievement_or_quest_backed","quest_or_criteria_already_present_in_collectionist_treasure_data","tww","90514","1","HandyNotes_WarWithin","Karesh.lua","77994894","106283","Efrat's Forgotten Bulwark"
"already_achievement_or_quest_backed","quest_or_criteria_already_present_in_collectionist_treasure_data","tww","90515","1","HandyNotes_WarWithin","Karesh.lua","78306150","106285","Petrified Branch of Janaa"
"already_achievement_or_quest_backed","quest_or_criteria_already_present_in_collectionist_treasure_data","tww","90521","1","HandyNotes_WarWithin","Karesh.lua","80725267","106287","Sufaadi Skiff Lantern"
"already_achievement_or_quest_backed","quest_or_criteria_already_present_in_collectionist_treasure_data","tww","90522","1","HandyNotes_WarWithin","Karesh.lua","51056509","106284","Tulwar of the Golden Guard"
"already_achievement_or_quest_backed","quest_or_criteria_already_present_in_collectionist_treasure_data","tww","90527","1","HandyNotes_WarWithin","Karesh.lua","49201805","106286","Shadowguard Crusher"
"already_achievement_or_quest_backed","quest_or_criteria_already_present_in_collectionist_treasure_data","tww","90532","1","HandyNotes_WarWithin","Karesh.lua","64434269","106288","Korgorath's Talon"
"quest_identity_navigation_candidate","stable_quest_flag_in_installed_handynotes_table_provider","midnight","90793","1","HandyNotes_MidnightTreasures","Zulaman.lua","46838186","111855","Honored Warrior's Cache"
"quest_identity_navigation_candidate","stable_quest_flag_in_installed_handynotes_table_provider","midnight","90794","1","HandyNotes_MidnightTreasures","Zulaman.lua","44724410","111854","Abandoned Ritual Skull, Hexed Vilefeather Eagle"
"quest_identity_navigation_candidate","stable_quest_flag_in_installed_handynotes_table_provider","midnight","90795","1","HandyNotes_MidnightTreasures","Zulaman.lua","20846654","111857","Bait and Tackle"
"quest_identity_navigation_candidate","stable_quest_flag_in_installed_handynotes_table_provider","midnight","90796","1","HandyNotes_MidnightTreasures","Zulaman.lua","41994778","111858","Burrow Bounty, Phial of Burrow Balm"
"quest_identity_navigation_candidate","stable_quest_flag_in_installed_handynotes_table_provider","midnight","90797","1","HandyNotes_MidnightTreasures","Zulaman.lua","52336599","111859","Mrruk's Mangy Trove, Tolbani's Medicine Satchel"
"quest_identity_navigation_candidate","stable_quest_flag_in_installed_handynotes_table_provider","midnight","90798","1","HandyNotes_MidnightTreasures","Zulaman.lua","40483596","111860","Secret Formula, Fetid Dartfrog Idol"
"quest_identity_navigation_candidate","stable_quest_flag_in_installed_handynotes_table_provider","midnight","90799","1","HandyNotes_MidnightTreasures","Zulaman.lua","42645244","111861","Abandoned Nest, Weathered Eagle Egg"
"already_achievement_or_quest_backed","quest_or_criteria_already_present_in_collectionist_treasure_data","tww","91055","1","HandyNotes_WarWithin","Karesh.lua","58432259","106289","Warglaive of the Audacious Hunter"
"already_achievement_or_quest_backed","quest_or_criteria_already_present_in_collectionist_treasure_data","tww","91056","1","HandyNotes_WarWithin","Karesh.lua","66048299","106290","P.O.S.T. Master's Prototype Parcel and Postage Presser"
"already_achievement_or_quest_backed","quest_or_criteria_already_present_in_collectionist_treasure_data","tww","91057","1","HandyNotes_WarWithin","Karesh.lua","50823534","106291","Phaseblade of the Void Marches"
"already_achievement_or_quest_backed","quest_or_criteria_already_present_in_collectionist_treasure_data","tww","91058","1","HandyNotes_WarWithin","Karesh.lua","70007090","106292","Bladed Rifle of Unfettered Momentum"
"quest_identity_navigation_candidate","stable_quest_flag_in_installed_handynotes_table_provider","midnight","91308","1","HandyNotes_MidnightTreasures","Voidstorm.lua","39306383","","Pocket Lint"
"already_achievement_or_quest_backed","quest_or_criteria_already_present_in_collectionist_treasure_data","tww","91352","1","HandyNotes_WarWithin","Karesh.lua","55716411","106279","Lightly-Dented Luggage (multiple spawn points? 53706400)"
"quest_identity_navigation_candidate","stable_quest_flag_in_installed_handynotes_table_provider","midnight","91358","1","HandyNotes_MidnightTreasures","EversongWoods.lua","48747544","111479","Burbling Paint Pot"
"quest_identity_navigation_candidate","stable_quest_flag_in_installed_handynotes_table_provider","tww","91640","1","HandyNotes_WarWithin","Karesh.lua","37302570","107312","A Dog-eared Book (no vignette)"
"quest_identity_navigation_candidate","stable_quest_flag_in_installed_handynotes_table_provider","tww","91642","1","HandyNotes_WarWithin","Karesh.lua","58459150","107315","Mysterious Notebook"
"quest_identity_navigation_candidate","stable_quest_flag_in_installed_handynotes_table_provider","tww","91643","1","HandyNotes_WarWithin","Karesh.lua","49632676","107307","Multiversal Energy Dynamics and the Murmuration Paradox"
"quest_identity_navigation_candidate","stable_quest_flag_in_installed_handynotes_table_provider","tww","91645","1","HandyNotes_WarWithin","Karesh.lua","46321858","107311","Ba'key's Aromatic Broker Cookies Recipes"
"quest_identity_navigation_candidate","stable_quest_flag_in_installed_handynotes_table_provider","tww","91646","1","HandyNotes_WarWithin","Karesh.lua","42292093","107308","From Vengeance to Void"
"quest_identity_navigation_candidate","stable_quest_flag_in_installed_handynotes_table_provider","tww","91647","1","HandyNotes_WarWithin","Karesh.lua","72122941","107309","The Facets of K'aresh"
"quest_identity_navigation_candidate","stable_quest_flag_in_installed_handynotes_table_provider","tww","91648","1","HandyNotes_WarWithin","Karesh.lua","41683982","107314","Coins: An Oath We Exchange"
"quest_identity_navigation_candidate","stable_quest_flag_in_installed_handynotes_table_provider","tww","91649","1","HandyNotes_WarWithin","Karesh.lua","36795807","107306","I Have Become Void!"
"quest_identity_navigation_candidate","stable_quest_flag_in_installed_handynotes_table_provider","tww","91686","1","HandyNotes_WarWithin","Karesh.lua","48925715","107313","Geologist Field Journal"
"quest_identity_navigation_candidate","stable_quest_flag_in_installed_handynotes_table_provider","tww","91687","1","HandyNotes_WarWithin","Karesh.lua","38234562","107310","Checklist of Minor Pleasures"
"quest_identity_navigation_candidate","stable_quest_flag_in_installed_handynotes_table_provider","midnight","91699","1","HandyNotes_MidnightTreasures","Voidstorm.lua","53406801","","A Steamy Romance Novel: Voidlust"
"already_achievement_or_quest_backed","quest_or_criteria_already_present_in_collectionist_treasure_data","tww","92348","1","HandyNotes_WarWithin","Karesh.lua","59755370","108723","Abandoned Lockbox (multiple spawn points?)"
"quest_identity_navigation_candidate","stable_quest_flag_in_installed_handynotes_table_provider","midnight","92349","1","HandyNotes_MidnightTreasures","Arcantina.lua","45076050","","Elixir of Giant Growth"
"quest_identity_navigation_candidate","stable_quest_flag_in_installed_handynotes_table_provider","midnight","92350","1","HandyNotes_MidnightTreasures","Arcantina.lua","28603980","","Elixir of Giant Growth"
"quest_identity_navigation_candidate","stable_quest_flag_in_installed_handynotes_table_provider","midnight","92351","1","HandyNotes_MidnightTreasures","Arcantina.lua","18474420","","Elixir of Giant Growth"
"quest_identity_navigation_candidate","stable_quest_flag_in_installed_handynotes_table_provider","midnight","92352","1","HandyNotes_MidnightTreasures","Arcantina.lua","61405810","","Inky Black Potion"
"quest_identity_navigation_candidate","stable_quest_flag_in_installed_handynotes_table_provider","midnight","92353","1","HandyNotes_MidnightTreasures","Arcantina.lua","39538130","","Inky Black Potion"
"quest_identity_navigation_candidate","stable_quest_flag_in_installed_handynotes_table_provider","midnight","92354","1","HandyNotes_MidnightTreasures","Arcantina.lua","36605490","","Inky Black Potion"
"quest_identity_navigation_candidate","stable_quest_flag_in_installed_handynotes_table_provider","midnight","92355","1","HandyNotes_MidnightTreasures","Arcantina.lua","61675080","","Pygmy Oil"
"quest_identity_navigation_candidate","stable_quest_flag_in_installed_handynotes_table_provider","midnight","92356","1","HandyNotes_MidnightTreasures","Arcantina.lua","33701273","","Pygmy Oil"
"quest_identity_navigation_candidate","stable_quest_flag_in_installed_handynotes_table_provider","midnight","92357","1","HandyNotes_MidnightTreasures","Arcantina.lua","75026326","","Pygmy Oil"
"quest_identity_navigation_candidate","stable_quest_flag_in_installed_handynotes_table_provider","midnight","92358","1","HandyNotes_MidnightTreasures","Arcantina.lua","54534460","","Reflecting Prism"
"quest_identity_navigation_candidate","stable_quest_flag_in_installed_handynotes_table_provider","midnight","92359","1","HandyNotes_MidnightTreasures","Arcantina.lua","42274240","","Reflecting Prism"
"quest_identity_navigation_candidate","stable_quest_flag_in_installed_handynotes_table_provider","midnight","92360","1","HandyNotes_MidnightTreasures","Arcantina.lua","78734580","","Reflecting Prism"
"quest_identity_navigation_candidate","stable_quest_flag_in_installed_handynotes_table_provider","midnight","92361","1","HandyNotes_MidnightTreasures","Arcantina.lua","55737120","","Savory Deviate Delight"
"quest_identity_navigation_candidate","stable_quest_flag_in_installed_handynotes_table_provider","midnight","92362","1","HandyNotes_MidnightTreasures","Arcantina.lua","35273010","","Savory Deviate Delight"
"quest_identity_navigation_candidate","stable_quest_flag_in_installed_handynotes_table_provider","midnight","92363","1","HandyNotes_MidnightTreasures","Arcantina.lua","68075170","","Savory Deviate Delight"
"quest_identity_navigation_candidate","stable_quest_flag_in_installed_handynotes_table_provider","midnight","92414","1","HandyNotes_MidnightTreasures","Voidstorm.lua","25766728","111864","Void-Shielded Tomb"
"quest_identity_navigation_candidate","stable_quest_flag_in_installed_handynotes_table_provider","midnight","92424","1","HandyNotes_MidnightTreasures","Harandar.lua","71693101","109033","Failed Shroom Jumper's Satchel"
"quest_identity_navigation_candidate","stable_quest_flag_in_installed_handynotes_table_provider","midnight","92426","1","HandyNotes_MidnightTreasures","Harandar.lua","47085027","109034","Burning Branch of the World Tree, Charred World Tree Branch"
"quest_identity_navigation_candidate","stable_quest_flag_in_installed_handynotes_table_provider","midnight","92427","1","HandyNotes_MidnightTreasures","Harandar.lua","73666536","109035","Sporelord's Fight Prize, Sporelord's Authority"
"quest_identity_navigation_candidate","stable_quest_flag_in_installed_handynotes_table_provider","midnight","92431","1","HandyNotes_MidnightTreasures","Harandar.lua","62915125","109036","Reliquary's Lost Paintbrush, Reliquary-Keeper's Lost Shortbow, Waterlogged Haranir Pigment Bowl"
"quest_identity_navigation_candidate","stable_quest_flag_in_installed_handynotes_table_provider","midnight","92436","1","HandyNotes_MidnightTreasures","Harandar.lua","55633942","109037","Kemet's Simmering Cauldron, Percival"
"quest_identity_navigation_candidate","stable_quest_flag_in_installed_handynotes_table_provider","midnight","92620","1","HandyNotes_MidnightTreasures","IsleOfQueldanas.lua","38363304","","voidlight x5, potent healing potion x3"
"quest_identity_navigation_candidate","stable_quest_flag_in_installed_handynotes_table_provider","midnight","92621","1","HandyNotes_MidnightTreasures","IsleOfQueldanas.lua","54152363","","potent healing potion x3"
"quest_identity_navigation_candidate","stable_quest_flag_in_installed_handynotes_table_provider","midnight","92622","1","HandyNotes_MidnightTreasures","IsleOfQueldanas.lua","35462932","","potent healing potion x3, frayed handwraps"
"quest_identity_navigation_candidate","stable_quest_flag_in_installed_handynotes_table_provider","midnight","92623","1","HandyNotes_MidnightTreasures","IsleOfQueldanas.lua","58793526","","potent healing potion x3, voidlight x4"
"quest_identity_navigation_candidate","stable_quest_flag_in_installed_handynotes_table_provider","midnight","92624","1","HandyNotes_MidnightTreasures","IsleOfQueldanas.lua","63803463","","potent healing potion x3, voidlight x4"
"quest_identity_navigation_candidate","stable_quest_flag_in_installed_handynotes_table_provider","midnight","92625","1","HandyNotes_MidnightTreasures","IsleOfQueldanas.lua","38522288","","potent healing potion x4, frayed wristwraps"
"quest_identity_navigation_candidate","stable_quest_flag_in_installed_handynotes_table_provider","midnight","93061","1","HandyNotes_MidnightTreasures","EversongWoods.lua","40446090","111478","Stone Vat of Wine (also: 86645)"
"already_achievement_or_quest_backed","quest_or_criteria_already_present_in_collectionist_treasure_data","midnight","93130","1","HandyNotes_MidnightTreasures","Harandar.lua","51134751","","Child-like Spirit 254030"
"quest_identity_navigation_candidate","stable_quest_flag_in_installed_handynotes_table_provider","midnight","93144","2","HandyNotes_MidnightTreasures","Harandar.lua","47235078;51215293","110254","Gift of the Cycle;translate plays poorly with all the related points"
"already_achievement_or_quest_backed","quest_or_criteria_already_present_in_collectionist_treasure_data","midnight","93145","1","HandyNotes_MidnightTreasures","Harandar.lua","47175314","","Huntress Spirit 254104"
"already_achievement_or_quest_backed","quest_or_criteria_already_present_in_collectionist_treasure_data","midnight","93146","1","HandyNotes_MidnightTreasures","Harandar.lua","51155855","","Elder Spirit 254116"
"quest_identity_navigation_candidate","stable_quest_flag_in_installed_handynotes_table_provider","midnight","93237","1","HandyNotes_MidnightTreasures","Voidstorm.lua","49947936","111863","Final Clutch of Predaxas"
"quest_identity_navigation_candidate","stable_quest_flag_in_installed_handynotes_table_provider","midnight","93431","1","HandyNotes_MidnightTreasures","Voidstorm.lua","64537547","111866","Bloody Sack"
"quest_identity_navigation_candidate","stable_quest_flag_in_installed_handynotes_table_provider","midnight","93455","1","HandyNotes_MidnightTreasures","EversongWoods.lua","52344543","111476","Antique Nobleman's Signet Ring"
"quest_identity_navigation_candidate","stable_quest_flag_in_installed_handynotes_table_provider","midnight","93456","1","HandyNotes_MidnightTreasures","EversongWoods.lua","38907607","111472","Triple-Locked Safebox"
"quest_identity_navigation_candidate","stable_quest_flag_in_installed_handynotes_table_provider","midnight","93457","1","HandyNotes_MidnightTreasures","EversongWoods.lua","60696729","111477","Farstrider's Lost Quiver"
"quest_identity_navigation_candidate","stable_quest_flag_in_installed_handynotes_table_provider","midnight","93467","1","HandyNotes_MidnightTreasures","Voidstorm.lua","37696976","111876","Half-Digested Viscera"
"quest_identity_navigation_candidate","stable_quest_flag_in_installed_handynotes_table_provider","midnight","93493","1","HandyNotes_MidnightTreasures","Voidstorm.lua","43018194","111875","Faindel's Quiver / Slain Scout's Quiver, Faindel's Longbow"
"quest_identity_navigation_candidate","stable_quest_flag_in_installed_handynotes_table_provider","midnight","93496","1","HandyNotes_MidnightTreasures","Voidstorm.lua","35774141","111874","Discarded Energy Pike, Barbed Riftwalker Dirk"
"quest_identity_navigation_candidate","stable_quest_flag_in_installed_handynotes_table_provider","midnight","93498","1","HandyNotes_MidnightTreasures","Voidstorm.lua","28337289","111873","Exaliburn, Extinguished Exaliburn"
"quest_identity_navigation_candidate","stable_quest_flag_in_installed_handynotes_table_provider","midnight","93500","1","HandyNotes_MidnightTreasures","Voidstorm.lua","31514450","111872","Quivering Egg, Nether Siphoner"
"quest_identity_navigation_candidate","stable_quest_flag_in_installed_handynotes_table_provider","midnight","93508","1","HandyNotes_MidnightTreasures","Harandar.lua","26736759","110255","Impenatrably Sealed Gourd"
"quest_identity_navigation_candidate","stable_quest_flag_in_installed_handynotes_table_provider","midnight","93544","1","HandyNotes_MidnightTreasures","EversongWoods.lua","40961945","111473","Gift of the Phoenix"
"quest_identity_navigation_candidate","stable_quest_flag_in_installed_handynotes_table_provider","midnight","93553","1","HandyNotes_MidnightTreasures","Voidstorm.lua","55367542","111871","Embedded Spear, Harpoon of Extirpation"
"quest_identity_navigation_candidate","stable_quest_flag_in_installed_handynotes_table_provider","midnight","93587","1","HandyNotes_MidnightTreasures","Harandar.lua","40642802","110257","Peculiar Cauldron, Ruddy Sporeglider"
"quest_identity_navigation_candidate","stable_quest_flag_in_installed_handynotes_table_provider","midnight","93650","1","HandyNotes_MidnightTreasures","Harandar.lua","46656778","110256","Sporespawned Cache, Untainted Grove Crawler"
"quest_identity_navigation_candidate","stable_quest_flag_in_installed_handynotes_table_provider","midnight","93652","2","HandyNotes_MidnightTreasures","Harandar.lua","41316800;46636784","",""
"already_achievement_or_quest_backed","quest_or_criteria_already_present_in_collectionist_treasure_data","midnight","93812","1","HandyNotes_MidnightTreasures","Voidstorm.lua","53474321","","1"
"already_achievement_or_quest_backed","quest_or_criteria_already_present_in_collectionist_treasure_data","midnight","93813","1","HandyNotes_MidnightTreasures","Voidstorm.lua","52944333","","2"
"already_achievement_or_quest_backed","quest_or_criteria_already_present_in_collectionist_treasure_data","midnight","93814","1","HandyNotes_MidnightTreasures","Voidstorm.lua","53534388","","3"
"already_achievement_or_quest_backed","quest_or_criteria_already_present_in_collectionist_treasure_data","midnight","93815","1","HandyNotes_MidnightTreasures","Voidstorm.lua","53234271","","4"
"quest_identity_navigation_candidate","stable_quest_flag_in_installed_handynotes_table_provider","midnight","93840","1","HandyNotes_MidnightTreasures","Voidstorm.lua","53364266","111867","Malignant Chest"
"quest_identity_navigation_candidate","stable_quest_flag_in_installed_handynotes_table_provider","midnight","93871","1","HandyNotes_MidnightTreasures","Zulaman.lua","21897738","111856","Sealed Twilight Blade Bounty"
"quest_identity_navigation_candidate","stable_quest_flag_in_installed_handynotes_table_provider","midnight","93893","1","HandyNotes_MidnightTreasures","EversongWoods.lua","43286948","111474","Forgotten Ink and Quill"
"quest_identity_navigation_candidate","stable_quest_flag_in_installed_handynotes_table_provider","midnight","93908","1","HandyNotes_MidnightTreasures","EversongWoods.lua","44624555","111475","Gilded Armillary Sphere"
"already_achievement_or_quest_backed","quest_or_criteria_already_present_in_collectionist_treasure_data","midnight","93916","1","HandyNotes_MidnightTreasures","Zulaman.lua","26098074","",""
"already_achievement_or_quest_backed","quest_or_criteria_already_present_in_collectionist_treasure_data","midnight","93917","1","HandyNotes_MidnightTreasures","Zulaman.lua","23957895","",""
"already_achievement_or_quest_backed","quest_or_criteria_already_present_in_collectionist_treasure_data","midnight","93918","1","HandyNotes_MidnightTreasures","Zulaman.lua","24027566","",""
"already_achievement_or_quest_backed","quest_or_criteria_already_present_in_collectionist_treasure_data","midnight","93919","1","HandyNotes_MidnightTreasures","Zulaman.lua","26097401","",""
"quest_identity_navigation_candidate","stable_quest_flag_in_installed_handynotes_table_provider","midnight","93967","1","HandyNotes_MidnightTreasures","EversongWoods.lua","24346928","111471","Rookery Cache"
"quest_identity_navigation_candidate","stable_quest_flag_in_installed_handynotes_table_provider","midnight","93996","1","HandyNotes_MidnightTreasures","Voidstorm.lua","53203222","111868","Stellar Stash"
"quest_identity_navigation_candidate","stable_quest_flag_in_installed_handynotes_table_provider","midnight","94046","1","HandyNotes_MidnightTreasures","Harandar.lua","50225197","","quest=94046,"
"quest_identity_navigation_candidate","stable_quest_flag_in_installed_handynotes_table_provider","midnight","94387","1","HandyNotes_MidnightTreasures","Voidstorm.lua","49052013","111870","Scout's Pack, Unused Initiate's Bulwark"
"quest_identity_navigation_candidate","stable_quest_flag_in_installed_handynotes_table_provider","midnight","94454","2","HandyNotes_MidnightTreasures","Voidstorm.lua","23088392;46927989","111869","Forgotten Researcher's Cache, Researcher's Shadowgraft"
"quest_identity_navigation_candidate","stable_quest_flag_in_installed_handynotes_table_provider","midnight","94569","1","HandyNotes_MidnightTreasures","CoiledIsle.lua","71886666","115289","Amani Privateer's Cache"
"quest_identity_navigation_candidate","stable_quest_flag_in_installed_handynotes_table_provider","midnight","94742","1","HandyNotes_MidnightTreasures","Voidstorm.lua","24837001","","or ""Void-hoarder's Corpse"""
"quest_identity_navigation_candidate","stable_quest_flag_in_installed_handynotes_table_provider","midnight","94781","1","HandyNotes_MidnightTreasures","EversongWoods.lua","37805238","","Incomplete Book of Sonnets"
"quest_identity_navigation_candidate","stable_quest_flag_in_installed_handynotes_table_provider","midnight","94830","1","HandyNotes_MidnightTreasures","IsleOfQueldanas.lua","48902183","","potent healing potion x3, threadbare sash"
"quest_identity_navigation_candidate","stable_quest_flag_in_installed_handynotes_table_provider","midnight","95005","1","HandyNotes_MidnightTreasures","Zulaman.lua","59247107","",""
"quest_identity_navigation_candidate","stable_quest_flag_in_installed_handynotes_table_provider","midnight","95045","1","HandyNotes_MidnightTreasures","Zulaman.lua","38662378","",""
"quest_identity_navigation_candidate","stable_quest_flag_in_installed_handynotes_table_provider","midnight","95046","1","HandyNotes_MidnightTreasures","Zulaman.lua","37809011","","Gnome Alone"
"quest_identity_navigation_candidate","stable_quest_flag_in_installed_handynotes_table_provider","midnight","95164","1","HandyNotes_MidnightTreasures","CoiledIsle.lua","75376833","115306","Malfunctioning Staff"
"quest_identity_navigation_candidate","stable_quest_flag_in_installed_handynotes_table_provider","midnight","95558","1","HandyNotes_MidnightTreasures","CoiledIsle.lua","73485654","115308","Crumbling Urn"
"quest_identity_navigation_candidate","stable_quest_flag_in_installed_handynotes_table_provider","midnight","95563","1","HandyNotes_MidnightTreasures","CoiledIsle.lua","55213796","115307","Tarnished Amani Glaive"
"quest_identity_navigation_candidate","stable_quest_flag_in_installed_handynotes_table_provider","midnight","95566","1","HandyNotes_MidnightTreasures","CoiledIsle.lua","60435946","115309","Jaktu's Cursed Blade"
"quest_identity_navigation_candidate","stable_quest_flag_in_installed_handynotes_table_provider","midnight","95571","1","HandyNotes_MidnightTreasures","CoiledIsle.lua","68056590","115310","Lost Spirit (A Mysterious Urn, then the spirit)"
"quest_identity_navigation_candidate","stable_quest_flag_in_installed_handynotes_table_provider","midnight","95591","1","HandyNotes_MidnightTreasures","CoiledIsle.lua","64917889","115314","Forgotten Mask"
"quest_identity_navigation_candidate","stable_quest_flag_in_installed_handynotes_table_provider","midnight","95594","1","HandyNotes_MidnightTreasures","CoiledIsle.lua","58144355","115312","Cracked Skull, Cracked Amani Skull"
"quest_identity_navigation_candidate","stable_quest_flag_in_installed_handynotes_table_provider","midnight","95596","1","HandyNotes_MidnightTreasures","CoiledIsle.lua","44862957","115296","Damaged Loa Trinket"
"quest_identity_navigation_candidate","stable_quest_flag_in_installed_handynotes_table_provider","midnight","95727","1","HandyNotes_MidnightTreasures","CoiledIsle.lua","43952649","115297","Zul'jan's Stash, Amani Warrior's Cleaver"
"quest_identity_navigation_candidate","stable_quest_flag_in_installed_handynotes_table_provider","midnight","95835","1","HandyNotes_MidnightTreasures","CoiledIsle.lua","64723664","115298","Venomjade Necklace (both of them)"
"quest_identity_navigation_candidate","stable_quest_flag_in_installed_handynotes_table_provider","midnight","95836","1","HandyNotes_MidnightTreasures","CoiledIsle.lua","66952803","115299","Ornate Bottle, Ornate Healing Potion (Potent x5)"
"quest_identity_navigation_candidate","stable_quest_flag_in_installed_handynotes_table_provider","midnight","95841","1","HandyNotes_MidnightTreasures","CoiledIsle.lua","53094310","115300","Stinking Vessel"
"quest_identity_navigation_candidate","stable_quest_flag_in_installed_handynotes_table_provider","midnight","95854","1","HandyNotes_MidnightTreasures","CoiledIsle.lua","49483198","115301","Waterlogged Basket"
"quest_identity_navigation_candidate","stable_quest_flag_in_installed_handynotes_table_provider","midnight","95855","1","HandyNotes_MidnightTreasures","CoiledIsle.lua","29546723","115302","Smoldering Incense, Amani Incense Stick"
"quest_identity_navigation_candidate","stable_quest_flag_in_installed_handynotes_table_provider","midnight","95907","1","HandyNotes_MidnightTreasures","CoiledIsle.lua","65440560","115290","Sunken Diver's Chest"
"quest_identity_navigation_candidate","stable_quest_flag_in_installed_handynotes_table_provider","midnight","95938","1","HandyNotes_MidnightTreasures","CoiledIsle.lua","45916628","115313","Fangbound Sack, Focus of Fangs"
"quest_identity_navigation_candidate","stable_quest_flag_in_installed_handynotes_table_provider","midnight","95941","1","HandyNotes_MidnightTreasures","CoiledIsle.lua","43646738","115292","Profane Ritual Spoils (Ritual Chest)"
"quest_identity_navigation_candidate","stable_quest_flag_in_installed_handynotes_table_provider","midnight","95956","1","HandyNotes_MidnightTreasures","CoiledIsle.lua","67264846","115291","Grave of Someone Forgotten"
"quest_identity_navigation_candidate","stable_quest_flag_in_installed_handynotes_table_provider","midnight","95976","1","HandyNotes_MidnightTreasures","CoiledIsle.lua","58194572","115293","Vul'zahn's Smuggled Treasure"
"quest_identity_navigation_candidate","stable_quest_flag_in_installed_handynotes_table_provider","midnight","95995","1","HandyNotes_MidnightTreasures","CoiledIsle.lua","70637663","115294","Brine-Crusted Chest"
"quest_identity_navigation_candidate","stable_quest_flag_in_installed_handynotes_table_provider","midnight","96985","1","HandyNotes_MidnightTreasures","CoiledIsle.lua","31438349","115295","Possessed Vase"
"quest_identity_navigation_candidate","stable_quest_flag_in_installed_handynotes_table_provider","midnight","97091","1","HandyNotes_MidnightTreasures","Voidstorm.lua","28906176","","Highland Redcap"
"quest_identity_navigation_candidate","stable_quest_flag_in_installed_handynotes_table_provider","midnight","97092","2","HandyNotes_MidnightTreasures","Voidstorm.lua","22626135;27914996","","Dusty Redcap"
"quest_identity_navigation_candidate","stable_quest_flag_in_installed_handynotes_table_provider","midnight","97093","1","HandyNotes_MidnightTreasures","Voidstorm.lua","71423705","","Marshy Redcap"
"quest_identity_navigation_candidate","stable_quest_flag_in_installed_handynotes_table_provider","midnight","97095","1","HandyNotes_MidnightTreasures","Voidstorm.lua","95092667","","Airy Redcap"
"quest_identity_navigation_candidate","stable_quest_flag_in_installed_handynotes_table_provider","midnight","98029","1","HandyNotes_MidnightTreasures","CoiledIsle.lua","49535654","116407","To a daughter."
"quest_identity_navigation_candidate","stable_quest_flag_in_installed_handynotes_table_provider","midnight","98030","1","HandyNotes_MidnightTreasures","CoiledIsle.lua","52214512","116408","To a lover."
"quest_identity_navigation_candidate","stable_quest_flag_in_installed_handynotes_table_provider","midnight","98031","1","HandyNotes_MidnightTreasures","CoiledIsle.lua","12666418","116409","To parents."
"quest_identity_navigation_candidate","stable_quest_flag_in_installed_handynotes_table_provider","midnight","98032","1","HandyNotes_MidnightTreasures","CoiledIsle.lua","55634070","116410","To a dream."
"quest_identity_navigation_candidate","stable_quest_flag_in_installed_handynotes_table_provider","midnight","98033","1","HandyNotes_MidnightTreasures","CoiledIsle.lua","52893386","116411","To a captain."
"quest_identity_navigation_candidate","stable_quest_flag_in_installed_handynotes_table_provider","midnight","98034","1","HandyNotes_MidnightTreasures","CoiledIsle.lua","42913993","116412","To sons."
"quest_identity_navigation_candidate","stable_quest_flag_in_installed_handynotes_table_provider","midnight","98035","1","HandyNotes_MidnightTreasures","CoiledIsle.lua","45846175","116413","To failure."
"quest_identity_navigation_candidate","stable_quest_flag_in_installed_handynotes_table_provider","midnight","98036","1","HandyNotes_MidnightTreasures","CoiledIsle.lua","47252877","116414","To a father."
"quest_identity_navigation_candidate","stable_quest_flag_in_installed_handynotes_table_provider","midnight","98037","1","HandyNotes_MidnightTreasures","CoiledIsle.lua","46790751","116415","To a sister."
"quest_identity_navigation_candidate","stable_quest_flag_in_installed_handynotes_table_provider","midnight","98038","1","HandyNotes_MidnightTreasures","CoiledIsle.lua","76713465","116416","To comrades."
"quest_identity_navigation_candidate","stable_quest_flag_in_installed_handynotes_table_provider","midnight","98039","1","HandyNotes_MidnightTreasures","CoiledIsle.lua","42513309","116417","To a stranger."
"quest_identity_navigation_candidate","stable_quest_flag_in_installed_handynotes_table_provider","midnight","98040","1","HandyNotes_MidnightTreasures","CoiledIsle.lua","56492288","116418","To a shield-bearer."
