"achievement_id","achievement","order_path","tree_id","criterion","criteria_id","criteria_type","criteria_asset","npc_id","completion_quest_id","selection_decision"
"9548","Buried Treasures","0","39604","Garrosh's Shackles","26145","27","37130",,"37130","include_wod"
"9548","Buried Treasures","1","39605","Warsong Relics","26146","27","37132",,"37132","include_wod"
"9548","Buried Treasures","2","39606","Warsong Remains","26147","27","37133",,"37133","include_wod"
"9548","Buried Treasures","3","39607","Stolen Draenei Tome","26148","27","37134",,"37134","include_wod"
"9548","Buried Treasures","4","39608","Wolf Pup Remains","26149","27","37135",,"37135","include_wod"
"9548","Buried Treasures","5","39609","Gnarled Bone","26150","27","37136",,"37136","include_wod"
"9726","Treasure Hunter","0","40974","","24461","27","33916",,"33916","exclude_threshold_duplicate"
"9726","Treasure Hunter","1","40975","","23564","27","32803",,"32803","exclude_threshold_duplicate"
"9726","Treasure Hunter","2","40976","","26802","27","33016",,"33016","exclude_threshold_duplicate"
"9726","Treasure Hunter","3","40977","","26803","27","33500",,"33500","exclude_threshold_duplicate"
"9726","Treasure Hunter","4","40978","","26804","27","33502",,"33502","exclude_threshold_duplicate"
"9726","Treasure Hunter","5","40979","","26805","27","33505",,"33505","exclude_threshold_duplicate"
"9726","Treasure Hunter","6","40980","","26806","27","33017",,"33017","exclude_threshold_duplicate"
"9726","Treasure Hunter","7","40981","","26807","27","33532",,"33532","exclude_threshold_duplicate"
"9726","Treasure Hunter","8","40982","","26808","27","33930",,"33930","exclude_threshold_duplicate"
"9726","Treasure Hunter","9","40983","","26809","27","33940",,"33940","exclude_threshold_duplicate"
"9726","Treasure Hunter","10","40984","","26810","27","33942",,"33942","exclude_threshold_duplicate"
"9726","Treasure Hunter","11","40985","","26811","27","33946",,"33946","exclude_threshold_duplicate"
"9726","Treasure Hunter","12","40986","","26812","27","33947",,"33947","exclude_threshold_duplicate"
"9726","Treasure Hunter","13","40987","","26813","27","33948",,"33948","exclude_threshold_duplicate"
"9726","Treasure Hunter","14","40988","","26814","27","33949",,"33949","exclude_threshold_duplicate"
"9726","Treasure Hunter","15","40989","","26815","27","33989",,"33989","exclude_threshold_duplicate"
"9726","Treasure Hunter","16","40990","","26816","27","33991",,"33991","exclude_threshold_duplicate"
"9726","Treasure Hunter","17","40991","","26817","27","33996",,"33996","exclude_threshold_duplicate"
"9726","Treasure Hunter","18","40992","","26818","27","33998",,"33998","exclude_threshold_duplicate"
"9726","Treasure Hunter","19","40993","","26819","27","34476",,"34476","exclude_threshold_duplicate"
"9726","Treasure Hunter","20","40994","","26822","27","34507",,"34507","exclude_threshold_duplicate"
"9726","Treasure Hunter","21","40995","","26823","27","34520",,"34520","exclude_threshold_duplicate"
"9726","Treasure Hunter","22","40996","","26824","27","34521",,"34521","exclude_threshold_duplicate"
"9726","Treasure Hunter","23","40997","","26825","27","34641",,"34641","exclude_threshold_duplicate"
"9726","Treasure Hunter","24","40998","","26826","27","34642",,"34642","exclude_threshold_duplicate"
"9726","Treasure Hunter","25","40999","","26827","27","34647",,"34647","exclude_threshold_duplicate"
"9726","Treasure Hunter","26","41000","","26828","27","34648",,"34648","exclude_threshold_duplicate"
"9726","Treasure Hunter","27","41001","","26829","27","34652",,"34652","exclude_threshold_duplicate"
"9726","Treasure Hunter","28","41002","","26830","27","34713",,"34713","exclude_threshold_duplicate"
"9726","Treasure Hunter","29","41003","","26831","27","34931",,"34931","exclude_threshold_duplicate"
"9726","Treasure Hunter","30","41004","","26832","27","34841",,"34841","exclude_threshold_duplicate"
"9726","Treasure Hunter","31","41005","","26833","27","34967",,"34967","exclude_threshold_duplicate"
"9726","Treasure Hunter","32","41006","","26834","27","35347",,"35347","exclude_threshold_duplicate"
"9726","Treasure Hunter","33","41007","","26835","27","35367",,"35367","exclude_threshold_duplicate"
"9726","Treasure Hunter","34","41008","","26836","27","35368",,"35368","exclude_threshold_duplicate"
"9726","Treasure Hunter","35","41009","","26837","27","35369",,"35369","exclude_threshold_duplicate"
"9726","Treasure Hunter","36","41010","","26838","27","35370",,"35370","exclude_threshold_duplicate"
"9726","Treasure Hunter","37","41011","","26839","27","35371",,"35371","exclude_threshold_duplicate"
"9726","Treasure Hunter","38","41012","","26840","27","35373",,"35373","exclude_threshold_duplicate"
"9726","Treasure Hunter","39","41013","","26841","27","35567",,"35567","exclude_threshold_duplicate"
"9726","Treasure Hunter","40","41014","","26842","27","35569",,"35569","exclude_threshold_duplicate"
"9726","Treasure Hunter","41","41015","","26843","27","35568",,"35568","exclude_threshold_duplicate"
"9726","Treasure Hunter","42","41016","","26844","27","35570",,"35570","exclude_threshold_duplicate"
"9726","Treasure Hunter","43","41017","","26845","27","36863",,"36863","exclude_threshold_duplicate"
"9726","Treasure Hunter","44","41018","","26846","27","33384",,"33384","exclude_threshold_duplicate"
"9726","Treasure Hunter","45","41019","","26847","27","33613",,"33613","exclude_threshold_duplicate"
"9726","Treasure Hunter","46","41020","","26848","27","33564",,"33564","exclude_threshold_duplicate"
"9726","Treasure Hunter","47","41021","","26849","27","33565",,"33565","exclude_threshold_duplicate"
"9726","Treasure Hunter","48","41022","","26850","27","33566",,"33566","exclude_threshold_duplicate"
"9726","Treasure Hunter","49","41023","","26851","27","33567",,"33567","exclude_threshold_duplicate"
"9726","Treasure Hunter","50","41024","","26852","27","35581",,"35581","exclude_threshold_duplicate"
"9726","Treasure Hunter","51","41025","","26853","27","33570",,"33570","exclude_threshold_duplicate"
"9726","Treasure Hunter","52","41026","","26854","27","35919",,"35919","exclude_threshold_duplicate"
"9726","Treasure Hunter","53","41027","","26855","27","33572",,"33572","exclude_threshold_duplicate"
"9726","Treasure Hunter","54","41028","","26856","27","33574",,"33574","exclude_threshold_duplicate"
"9726","Treasure Hunter","55","41029","","26857","27","33575",,"33575","exclude_threshold_duplicate"
"9726","Treasure Hunter","56","41030","","26858","27","33610",,"33610","exclude_threshold_duplicate"
"9726","Treasure Hunter","57","41031","","26859","27","33611",,"33611","exclude_threshold_duplicate"
"9726","Treasure Hunter","58","41032","","26860","27","33612",,"33612","exclude_threshold_duplicate"
"9726","Treasure Hunter","59","41033","","26861","27","33867",,"33867","exclude_threshold_duplicate"
"9726","Treasure Hunter","60","41034","","26862","27","33869",,"33869","exclude_threshold_duplicate"
"9726","Treasure Hunter","61","41035","","26863","27","33886",,"33886","exclude_threshold_duplicate"
"9726","Treasure Hunter","62","41036","","26864","27","33891",,"33891","exclude_threshold_duplicate"
"9726","Treasure Hunter","63","41037","","26865","27","33885",,"33885","exclude_threshold_duplicate"
"9726","Treasure Hunter","64","41038","","26866","27","34174",,"34174","exclude_threshold_duplicate"
"9726","Treasure Hunter","65","41039","","26867","27","35279",,"35279","exclude_threshold_duplicate"
"9726","Treasure Hunter","66","41040","","26868","27","35280",,"35280","exclude_threshold_duplicate"
"9726","Treasure Hunter","67","41041","","26869","27","37254",,"37254","exclude_threshold_duplicate"
"9726","Treasure Hunter","68","41042","","26870","27","35530",,"35530","exclude_threshold_duplicate"
"9726","Treasure Hunter","69","41043","","26871","27","33568",,"33568","exclude_threshold_duplicate"
"9726","Treasure Hunter","70","41044","","26872","27","33584",,"33584","exclude_threshold_duplicate"
"9726","Treasure Hunter","71","41045","","26873","27","33569",,"33569","exclude_threshold_duplicate"
"9726","Treasure Hunter","72","41046","","26874","27","33573",,"33573","exclude_threshold_duplicate"
"9726","Treasure Hunter","73","41047","","26875","27","33540",,"33540","exclude_threshold_duplicate"
"9726","Treasure Hunter","74","41048","","26876","27","33614",,"33614","exclude_threshold_duplicate"
"9726","Treasure Hunter","75","41049","","26877","27","33866",,"33866","exclude_threshold_duplicate"
"9726","Treasure Hunter","76","41050","","26878","27","33046",,"33046","exclude_threshold_duplicate"
"9726","Treasure Hunter","77","41051","","26879","27","35580",,"35580","exclude_threshold_duplicate"
"9726","Treasure Hunter","78","41052","","26880","27","35584",,"35584","exclude_threshold_duplicate"
"9726","Treasure Hunter","79","41053","","26881","27","35600",,"35600","exclude_threshold_duplicate"
"9726","Treasure Hunter","80","41054","","26882","27","35603",,"35603","exclude_threshold_duplicate"
"9726","Treasure Hunter","81","41055","","26883","27","33883",,"33883","exclude_threshold_duplicate"
"9726","Treasure Hunter","82","41056","","26884","27","35798",,"35798","exclude_threshold_duplicate"
"9726","Treasure Hunter","83","41057","","26885","27","36507",,"36507","exclude_threshold_duplicate"
"9726","Treasure Hunter","84","41058","","26912","27","36381",,"36381","exclude_threshold_duplicate"
"9726","Treasure Hunter","85","41059","","26913","27","36388",,"36388","exclude_threshold_duplicate"
"9726","Treasure Hunter","86","41060","","26914","27","36389",,"36389","exclude_threshold_duplicate"
"9726","Treasure Hunter","87","41061","","26915","27","36390",,"36390","exclude_threshold_duplicate"
"9726","Treasure Hunter","88","41062","","26916","27","36392",,"36392","exclude_threshold_duplicate"
"9726","Treasure Hunter","89","41063","","26917","27","36657",,"36657","exclude_threshold_duplicate"
"9726","Treasure Hunter","90","41064","","26918","27","36243",,"36243","exclude_threshold_duplicate"
"9726","Treasure Hunter","91","41065","","26919","27","36244",,"36244","exclude_threshold_duplicate"
"9726","Treasure Hunter","92","41066","","26920","27","36245",,"36245","exclude_threshold_duplicate"
"9726","Treasure Hunter","93","41067","","26921","27","36246",,"36246","exclude_threshold_duplicate"
"9726","Treasure Hunter","94","41068","","26922","27","36247",,"36247","exclude_threshold_duplicate"
"9726","Treasure Hunter","95","41069","","26923","27","36340",,"36340","exclude_threshold_duplicate"
"9726","Treasure Hunter","96","41070","","26924","27","36354",,"36354","exclude_threshold_duplicate"
"9726","Treasure Hunter","97","41071","","26925","27","36355",,"36355","exclude_threshold_duplicate"
"9726","Treasure Hunter","98","41072","","26926","27","36356",,"36356","exclude_threshold_duplicate"
"9726","Treasure Hunter","99","41073","","26927","27","36359",,"36359","exclude_threshold_duplicate"
"9726","Treasure Hunter","100","41074","","26928","27","36360",,"36360","exclude_threshold_duplicate"
"9726","Treasure Hunter","101","41075","","26929","27","36361",,"36361","exclude_threshold_duplicate"
"9726","Treasure Hunter","102","41076","","26930","27","36362",,"36362","exclude_threshold_duplicate"
"9726","Treasure Hunter","103","41077","","26931","27","36363",,"36363","exclude_threshold_duplicate"
"9726","Treasure Hunter","104","41078","","26932","27","36364",,"36364","exclude_threshold_duplicate"
"9726","Treasure Hunter","105","41079","","26933","27","36365",,"36365","exclude_threshold_duplicate"
"9726","Treasure Hunter","106","41080","","26934","27","36366",,"36366","exclude_threshold_duplicate"
"9726","Treasure Hunter","107","41081","","26935","27","36367",,"36367","exclude_threshold_duplicate"
"9726","Treasure Hunter","108","41082","","26936","27","36386",,"36386","exclude_threshold_duplicate"
"9726","Treasure Hunter","109","41083","","26937","27","36395",,"36395","exclude_threshold_duplicate"
"9726","Treasure Hunter","110","41084","","26938","27","36397",,"36397","exclude_threshold_duplicate"
"9726","Treasure Hunter","111","41085","","26939","27","36398",,"36398","exclude_threshold_duplicate"
"9726","Treasure Hunter","112","41086","","26940","27","36399",,"36399","exclude_threshold_duplicate"
"9726","Treasure Hunter","113","41087","","26941","27","36400",,"36400","exclude_threshold_duplicate"
"9726","Treasure Hunter","114","41088","","26942","27","36401",,"36401","exclude_threshold_duplicate"
"9726","Treasure Hunter","115","41089","","26943","27","36402",,"36402","exclude_threshold_duplicate"
"9726","Treasure Hunter","116","41090","","26944","27","36403",,"36403","exclude_threshold_duplicate"
"9726","Treasure Hunter","117","41091","","26945","27","36405",,"36405","exclude_threshold_duplicate"
"9726","Treasure Hunter","118","41092","","26946","27","36406",,"36406","exclude_threshold_duplicate"
"9726","Treasure Hunter","119","41093","","26947","27","36407",,"36407","exclude_threshold_duplicate"
"9726","Treasure Hunter","120","41094","","26948","27","36410",,"36410","exclude_threshold_duplicate"
"9726","Treasure Hunter","121","41095","","26949","27","36411",,"36411","exclude_threshold_duplicate"
"9726","Treasure Hunter","122","41096","","26950","27","36416",,"36416","exclude_threshold_duplicate"
"9726","Treasure Hunter","123","41097","","26951","27","36418",,"36418","exclude_threshold_duplicate"
"9726","Treasure Hunter","124","41098","","26952","27","36420",,"36420","exclude_threshold_duplicate"
"9726","Treasure Hunter","125","41099","","26953","27","36421",,"36421","exclude_threshold_duplicate"
"9726","Treasure Hunter","126","41100","","26954","27","36422",,"36422","exclude_threshold_duplicate"
"9726","Treasure Hunter","127","41101","","26955","27","36433",,"36433","exclude_threshold_duplicate"
"9726","Treasure Hunter","128","41102","","26956","27","36444",,"36444","exclude_threshold_duplicate"
"9726","Treasure Hunter","129","41103","","26957","27","36445",,"36445","exclude_threshold_duplicate"
"9726","Treasure Hunter","130","41104","","26958","27","36446",,"36446","exclude_threshold_duplicate"
"9726","Treasure Hunter","131","41105","","26959","27","36447",,"36447","exclude_threshold_duplicate"
"9726","Treasure Hunter","132","41106","","26960","27","36450",,"36450","exclude_threshold_duplicate"
"9726","Treasure Hunter","133","41107","","26961","27","36451",,"36451","exclude_threshold_duplicate"
"9726","Treasure Hunter","134","41108","","26962","27","36453",,"36453","exclude_threshold_duplicate"
"9726","Treasure Hunter","135","41109","","26963","27","36454",,"36454","exclude_threshold_duplicate"
"9726","Treasure Hunter","136","41110","","26964","27","36455",,"36455","exclude_threshold_duplicate"
"9726","Treasure Hunter","137","41111","","26965","27","36456",,"36456","exclude_threshold_duplicate"
"9726","Treasure Hunter","138","41112","","26966","27","36458",,"36458","exclude_threshold_duplicate"
"9726","Treasure Hunter","139","41113","","26967","27","36459",,"36459","exclude_threshold_duplicate"
"9726","Treasure Hunter","140","41114","","26968","27","36462",,"36462","exclude_threshold_duplicate"
"9726","Treasure Hunter","141","41115","","26886","27","33933",,"33933","exclude_threshold_duplicate"
"9726","Treasure Hunter","142","41116","","26887","27","34232",,"34232","exclude_threshold_duplicate"
"9726","Treasure Hunter","143","41117","","26888","27","34233",,"34233","exclude_threshold_duplicate"
"9726","Treasure Hunter","144","41118","","26889","27","34235",,"34235","exclude_threshold_duplicate"
"9726","Treasure Hunter","145","41119","","26890","27","34236",,"34236","exclude_threshold_duplicate"
"9726","Treasure Hunter","146","41120","","26891","27","34238",,"34238","exclude_threshold_duplicate"
"9726","Treasure Hunter","147","41121","","26892","27","34239",,"34239","exclude_threshold_duplicate"
"9726","Treasure Hunter","148","41122","","26893","27","34248",,"34248","exclude_threshold_duplicate"
"9726","Treasure Hunter","149","41123","","26894","27","34249",,"34249","exclude_threshold_duplicate"
"9726","Treasure Hunter","150","41124","","26895","27","34250",,"34250","exclude_threshold_duplicate"
"9726","Treasure Hunter","151","41125","","26896","27","34251",,"34251","exclude_threshold_duplicate"
"9726","Treasure Hunter","152","41126","","26897","27","34252",,"34252","exclude_threshold_duplicate"
"9726","Treasure Hunter","153","41127","","26898","27","34253",,"34253","exclude_threshold_duplicate"
"9726","Treasure Hunter","154","41128","","26899","27","34254",,"34254","exclude_threshold_duplicate"
"9726","Treasure Hunter","155","41129","","26900","27","34255",,"34255","exclude_threshold_duplicate"
"9726","Treasure Hunter","156","41130","","26901","27","34256",,"34256","exclude_threshold_duplicate"
"9726","Treasure Hunter","157","41131","","26902","27","34257",,"34257","exclude_threshold_duplicate"
"9726","Treasure Hunter","158","41132","","26903","27","34258",,"34258","exclude_threshold_duplicate"
"9726","Treasure Hunter","159","41133","","26904","27","34259",,"34259","exclude_threshold_duplicate"
"9726","Treasure Hunter","160","41134","","26905","27","34260",,"34260","exclude_threshold_duplicate"
"9726","Treasure Hunter","161","41135","","26906","27","34261",,"34261","exclude_threshold_duplicate"
"9726","Treasure Hunter","162","41136","","26907","27","34263",,"34263","exclude_threshold_duplicate"
"9726","Treasure Hunter","163","41137","","26908","27","34276",,"34276","exclude_threshold_duplicate"
"9726","Treasure Hunter","164","41138","","26909","27","34290",,"34290","exclude_threshold_duplicate"
"9726","Treasure Hunter","165","41139","","26910","27","34471",,"34471","exclude_threshold_duplicate"
"9726","Treasure Hunter","166","41140","","26911","27","36829",,"36829","exclude_threshold_duplicate"
"9726","Treasure Hunter","167","41141","","27025","27","34760",,"34760","exclude_threshold_duplicate"
"9726","Treasure Hunter","168","41142","","27026","27","35597",,"35597","exclude_threshold_duplicate"
"9726","Treasure Hunter","169","41143","","27027","27","35576",,"35576","exclude_threshold_duplicate"
"9726","Treasure Hunter","170","41144","","27028","27","35577",,"35577","exclude_threshold_duplicate"
"9726","Treasure Hunter","171","41145","","27029","27","35579",,"35579","exclude_threshold_duplicate"
"9726","Treasure Hunter","172","41146","","27030","27","35583",,"35583","exclude_threshold_duplicate"
"9726","Treasure Hunter","173","41147","","27031","27","35590",,"35590","exclude_threshold_duplicate"
"9726","Treasure Hunter","174","41148","","27032","27","35591",,"35591","exclude_threshold_duplicate"
"9726","Treasure Hunter","175","41149","","27033","27","35593",,"35593","exclude_threshold_duplicate"
"9726","Treasure Hunter","176","41150","","27034","27","35616",,"35616","exclude_threshold_duplicate"
"9726","Treasure Hunter","177","41151","","27035","27","35622",,"35622","exclude_threshold_duplicate"
"9726","Treasure Hunter","178","41152","","27036","27","35643",,"35643","exclude_threshold_duplicate"
"9726","Treasure Hunter","179","41153","","27037","27","35646",,"35646","exclude_threshold_duplicate"
"9726","Treasure Hunter","180","41154","","27038","27","35648",,"35648","exclude_threshold_duplicate"
"9726","Treasure Hunter","181","41155","","27039","27","35660",,"35660","exclude_threshold_duplicate"
"9726","Treasure Hunter","182","41156","","27040","27","35661",,"35661","exclude_threshold_duplicate"
"9726","Treasure Hunter","183","41157","","27041","27","35662",,"35662","exclude_threshold_duplicate"
"9726","Treasure Hunter","184","41158","","27042","27","35673",,"35673","exclude_threshold_duplicate"
"9726","Treasure Hunter","185","41159","","27043","27","35678",,"35678","exclude_threshold_duplicate"
"9726","Treasure Hunter","186","41160","","27044","27","35682",,"35682","exclude_threshold_duplicate"
"9726","Treasure Hunter","187","41161","","27045","27","35692",,"35692","exclude_threshold_duplicate"
"9726","Treasure Hunter","188","41162","","27046","27","35694",,"35694","exclude_threshold_duplicate"
"9726","Treasure Hunter","189","41163","","27047","27","35695",,"35695","exclude_threshold_duplicate"
"9726","Treasure Hunter","190","41164","","27048","27","35696",,"35696","exclude_threshold_duplicate"
"9726","Treasure Hunter","191","41165","","27049","27","35759",,"35759","exclude_threshold_duplicate"
"9726","Treasure Hunter","192","41166","","27050","27","35765",,"35765","exclude_threshold_duplicate"
"9726","Treasure Hunter","193","41167","","27051","27","35951",,"35951","exclude_threshold_duplicate"
"9726","Treasure Hunter","194","41168","","27052","27","35953",,"35953","exclude_threshold_duplicate"
"9726","Treasure Hunter","195","41169","","27053","27","35954",,"35954","exclude_threshold_duplicate"
"9726","Treasure Hunter","196","41170","","27054","27","35955",,"35955","exclude_threshold_duplicate"
"9726","Treasure Hunter","197","41171","","27055","27","35969",,"35969","exclude_threshold_duplicate"
"9726","Treasure Hunter","198","41172","","27056","27","35976",,"35976","exclude_threshold_duplicate"
"9726","Treasure Hunter","199","41173","","27057","27","35986",,"35986","exclude_threshold_duplicate"
"9726","Treasure Hunter","200","41174","","27058","27","35987",,"35987","exclude_threshold_duplicate"
"9726","Treasure Hunter","201","41175","","27059","27","35999",,"35999","exclude_threshold_duplicate"
"9726","Treasure Hunter","202","41176","","27060","27","36002",,"36002","exclude_threshold_duplicate"
"9726","Treasure Hunter","203","41177","","27061","27","36008",,"36008","exclude_threshold_duplicate"
"9726","Treasure Hunter","204","41178","","27062","27","36011",,"36011","exclude_threshold_duplicate"
"9726","Treasure Hunter","205","41179","","27063","27","36020",,"36020","exclude_threshold_duplicate"
"9726","Treasure Hunter","206","41180","","27064","27","36021",,"36021","exclude_threshold_duplicate"
"9726","Treasure Hunter","207","41181","","27065","27","36035",,"36035","exclude_threshold_duplicate"
"9726","Treasure Hunter","208","41182","","27066","27","36036",,"36036","exclude_threshold_duplicate"
"9726","Treasure Hunter","209","41183","","27067","27","36039",,"36039","exclude_threshold_duplicate"
"9726","Treasure Hunter","210","41184","","27068","27","36046",,"36046","exclude_threshold_duplicate"
"9726","Treasure Hunter","211","41185","","27069","27","36049",,"36049","exclude_threshold_duplicate"
"9726","Treasure Hunter","212","41186","","27070","27","36050",,"36050","exclude_threshold_duplicate"
"9726","Treasure Hunter","213","41187","","27071","27","36051",,"36051","exclude_threshold_duplicate"
"9726","Treasure Hunter","214","41188","","27072","27","36052",,"36052","exclude_threshold_duplicate"
"9726","Treasure Hunter","215","41189","","27073","27","36071",,"36071","exclude_threshold_duplicate"
"9726","Treasure Hunter","216","41190","","27074","27","36073",,"36073","exclude_threshold_duplicate"
"9726","Treasure Hunter","217","41191","","27075","27","36074",,"36074","exclude_threshold_duplicate"
"9726","Treasure Hunter","218","41192","","27076","27","36077",,"36077","exclude_threshold_duplicate"
"9726","Treasure Hunter","219","41193","","27077","27","36082",,"36082","exclude_threshold_duplicate"
"9726","Treasure Hunter","220","41194","","27078","27","36088",,"36088","exclude_threshold_duplicate"
"9726","Treasure Hunter","221","41195","","27079","27","36099",,"36099","exclude_threshold_duplicate"
"9726","Treasure Hunter","222","41196","","27080","27","36102",,"36102","exclude_threshold_duplicate"
"9726","Treasure Hunter","223","41197","","27081","27","36109",,"36109","exclude_threshold_duplicate"
"9726","Treasure Hunter","224","41198","","27082","27","36115",,"36115","exclude_threshold_duplicate"
"9726","Treasure Hunter","225","41199","","27083","27","36116",,"36116","exclude_threshold_duplicate"
"9726","Treasure Hunter","226","41200","","27084","27","36174",,"36174","exclude_threshold_duplicate"
"9726","Treasure Hunter","227","41201","","27085","27","36846",,"36846","exclude_threshold_duplicate"
"9726","Treasure Hunter","228","41202","","27086","27","36857",,"36857","exclude_threshold_duplicate"
"9726","Treasure Hunter","229","41203","","27087","27","34940",,"34940","exclude_threshold_duplicate"
"9726","Treasure Hunter","230","41204","","27088","27","35056",,"35056","exclude_threshold_duplicate"
"9726","Treasure Hunter","231","41205","","25576","27","35701",,"35701","exclude_threshold_duplicate"
"9726","Treasure Hunter","232","41206","","27089","27","35709",,"35709","exclude_threshold_duplicate"
"9726","Treasure Hunter","233","41207","","25577","27","35952",,"35952","exclude_threshold_duplicate"
"9726","Treasure Hunter","234","41208","","25578","27","35965",,"35965","exclude_threshold_duplicate"
"9726","Treasure Hunter","235","41209","","25579","27","35966",,"35966","exclude_threshold_duplicate"
"9726","Treasure Hunter","236","41210","","25580","27","35967",,"35967","exclude_threshold_duplicate"
"9726","Treasure Hunter","237","41211","","25581","27","35968",,"35968","exclude_threshold_duplicate"
"9726","Treasure Hunter","238","41212","","25582","27","35971",,"35971","exclude_threshold_duplicate"
"9726","Treasure Hunter","239","41213","","25583","27","35975",,"35975","exclude_threshold_duplicate"
"9726","Treasure Hunter","240","41214","","25584","27","35979",,"35979","exclude_threshold_duplicate"
"9726","Treasure Hunter","241","41215","","25585","27","35980",,"35980","exclude_threshold_duplicate"
"9726","Treasure Hunter","242","41216","","25586","27","35981",,"35981","exclude_threshold_duplicate"
"9726","Treasure Hunter","243","41217","","25587","27","35982",,"35982","exclude_threshold_duplicate"
"9726","Treasure Hunter","244","41218","","25588","27","35984",,"35984","exclude_threshold_duplicate"
"9726","Treasure Hunter","245","41219","","25589","27","36001",,"36001","exclude_threshold_duplicate"
"9726","Treasure Hunter","246","41220","","25590","27","36003",,"36003","exclude_threshold_duplicate"
"9726","Treasure Hunter","247","41221","","25591","27","36015",,"36015","exclude_threshold_duplicate"
"9726","Treasure Hunter","248","41222","","25592","27","36019",,"36019","exclude_threshold_duplicate"
"9726","Treasure Hunter","249","41223","","27090","27","36118",,"36118","exclude_threshold_duplicate"
"9726","Treasure Hunter","250","41224","","27091","27","36170",,"36170","exclude_threshold_duplicate"
"9726","Treasure Hunter","251","41225","","27092","27","36203",,"36203","exclude_threshold_duplicate"
"9726","Treasure Hunter","252","41226","","25593","27","36430",,"36430","exclude_threshold_duplicate"
"9726","Treasure Hunter","253","41227","","27093","27","36506",,"36506","exclude_threshold_duplicate"
"9726","Treasure Hunter","254","41228","","27094","27","36596",,"36596","exclude_threshold_duplicate"
"9726","Treasure Hunter","255","41229","","27095","27","36521",,"36521","exclude_threshold_duplicate"
"9726","Treasure Hunter","256","41230","","27096","27","36604",,"36604","exclude_threshold_duplicate"
"9726","Treasure Hunter","257","41231","","27097","27","36605",,"36605","exclude_threshold_duplicate"
"9726","Treasure Hunter","258","41232","","27098","27","36610",,"36610","exclude_threshold_duplicate"
"9726","Treasure Hunter","259","41233","","27099","27","36618",,"36618","exclude_threshold_duplicate"
"9726","Treasure Hunter","260","41234","","27100","27","36621",,"36621","exclude_threshold_duplicate"
"9726","Treasure Hunter","261","41235","","27101","27","36625",,"36625","exclude_threshold_duplicate"
"9726","Treasure Hunter","262","41236","","27102","27","36628",,"36628","exclude_threshold_duplicate"
"9726","Treasure Hunter","263","41237","","27103","27","36631",,"36631","exclude_threshold_duplicate"
"9726","Treasure Hunter","264","41238","","27104","27","36634",,"36634","exclude_threshold_duplicate"
"9726","Treasure Hunter","265","41239","","27105","27","36651",,"36651","exclude_threshold_duplicate"
"9726","Treasure Hunter","266","41240","","27106","27","36654",,"36654","exclude_threshold_duplicate"
"9726","Treasure Hunter","267","41241","","27107","27","36658",,"36658","exclude_threshold_duplicate"
"9726","Treasure Hunter","268","41242","","27108","27","36710",,"36710","exclude_threshold_duplicate"
"9726","Treasure Hunter","269","41243","","27109","27","36713",,"36713","exclude_threshold_duplicate"
"9726","Treasure Hunter","270","41244","","27110","27","36714",,"36714","exclude_threshold_duplicate"
"9726","Treasure Hunter","271","41245","","27111","27","36715",,"36715","exclude_threshold_duplicate"
"9726","Treasure Hunter","272","41246","","27112","27","36716",,"36716","exclude_threshold_duplicate"
"9726","Treasure Hunter","273","41247","","27113","27","36717",,"36717","exclude_threshold_duplicate"
"9726","Treasure Hunter","274","41248","","27114","27","36718",,"36718","exclude_threshold_duplicate"
"9726","Treasure Hunter","275","41249","","27115","27","36720",,"36720","exclude_threshold_duplicate"
"9726","Treasure Hunter","276","41250","","27116","27","36721",,"36721","exclude_threshold_duplicate"
"9726","Treasure Hunter","277","41251","","27117","27","36722",,"36722","exclude_threshold_duplicate"
"9726","Treasure Hunter","278","41252","","27118","27","36723",,"36723","exclude_threshold_duplicate"
"9726","Treasure Hunter","279","41253","","27119","27","36726",,"36726","exclude_threshold_duplicate"
"9726","Treasure Hunter","280","41254","","27120","27","36727",,"36727","exclude_threshold_duplicate"
"9726","Treasure Hunter","281","41255","","27121","27","36728",,"36728","exclude_threshold_duplicate"
"9726","Treasure Hunter","282","41256","","27122","27","36729",,"36729","exclude_threshold_duplicate"
"9726","Treasure Hunter","283","41257","","27123","27","36730",,"36730","exclude_threshold_duplicate"
"9726","Treasure Hunter","284","41258","","27124","27","36731",,"36731","exclude_threshold_duplicate"
"9726","Treasure Hunter","285","41259","","27125","27","36732",,"36732","exclude_threshold_duplicate"
"9726","Treasure Hunter","286","41260","","27126","27","36733",,"36733","exclude_threshold_duplicate"
"9726","Treasure Hunter","287","41261","","27127","27","36734",,"36734","exclude_threshold_duplicate"
"9726","Treasure Hunter","288","41262","","27128","27","36735",,"36735","exclude_threshold_duplicate"
"9726","Treasure Hunter","289","41263","","27129","27","36736",,"36736","exclude_threshold_duplicate"
"9726","Treasure Hunter","290","41264","","27130","27","36737",,"36737","exclude_threshold_duplicate"
"9726","Treasure Hunter","291","41265","","27131","27","36738",,"36738","exclude_threshold_duplicate"
"9726","Treasure Hunter","292","41266","","27132","27","36739",,"36739","exclude_threshold_duplicate"
"9726","Treasure Hunter","293","41267","","27133","27","36740",,"36740","exclude_threshold_duplicate"
"9726","Treasure Hunter","294","41268","","27134","27","36781",,"36781","exclude_threshold_duplicate"
"9726","Treasure Hunter","295","41269","","27135","27","36782",,"36782","exclude_threshold_duplicate"
"9726","Treasure Hunter","296","41270","","27136","27","36783",,"36783","exclude_threshold_duplicate"
"9726","Treasure Hunter","297","41271","","27137","27","36784",,"36784","exclude_threshold_duplicate"
"9726","Treasure Hunter","298","41272","","27138","27","36787",,"36787","exclude_threshold_duplicate"
"9726","Treasure Hunter","299","41273","","27139","27","36789",,"36789","exclude_threshold_duplicate"
"9726","Treasure Hunter","300","41274","","27140","27","36509",,"36509","exclude_threshold_duplicate"
"9726","Treasure Hunter","301","41275","","24462","27","33501",,"33501","exclude_threshold_duplicate"
"9726","Treasure Hunter","302","41276","","27141","27","33926",,"33926","exclude_threshold_duplicate"
"9726","Treasure Hunter","303","41277","","26825","27","34641",,"34641","exclude_threshold_duplicate"
"9726","Treasure Hunter","304","41278","","27142","27","34649",,"34649","exclude_threshold_duplicate"
"9726","Treasure Hunter","305","41279","","27143","27","33041",,"33041","exclude_threshold_duplicate"
"9726","Treasure Hunter","306","45744","","29004","27","36374",,"36374","exclude_threshold_duplicate"
"9726","Treasure Hunter","307","45745","","29005","27","36375",,"36375","exclude_threshold_duplicate"
"9726","Treasure Hunter","308","45746","","29006","27","36377",,"36377","exclude_threshold_duplicate"
"9726","Treasure Hunter","309","45747","","29007","27","35677",,"35677","exclude_threshold_duplicate"
"9727","Expert Treasure Hunter","0","41534","","24461","27","33916",,"33916","exclude_threshold_duplicate"
"9727","Expert Treasure Hunter","1","41535","","23564","27","32803",,"32803","exclude_threshold_duplicate"
"9727","Expert Treasure Hunter","2","41536","","26802","27","33016",,"33016","exclude_threshold_duplicate"
"9727","Expert Treasure Hunter","3","41537","","26803","27","33500",,"33500","exclude_threshold_duplicate"
"9727","Expert Treasure Hunter","4","41538","","26804","27","33502",,"33502","exclude_threshold_duplicate"
"9727","Expert Treasure Hunter","5","41539","","26805","27","33505",,"33505","exclude_threshold_duplicate"
"9727","Expert Treasure Hunter","6","41540","","26806","27","33017",,"33017","exclude_threshold_duplicate"
"9727","Expert Treasure Hunter","7","41541","","26807","27","33532",,"33532","exclude_threshold_duplicate"
"9727","Expert Treasure Hunter","8","41542","","26808","27","33930",,"33930","exclude_threshold_duplicate"
"9727","Expert Treasure Hunter","9","41543","","26809","27","33940",,"33940","exclude_threshold_duplicate"
"9727","Expert Treasure Hunter","10","41544","","26810","27","33942",,"33942","exclude_threshold_duplicate"
"9727","Expert Treasure Hunter","11","41545","","26811","27","33946",,"33946","exclude_threshold_duplicate"
"9727","Expert Treasure Hunter","12","41546","","26812","27","33947",,"33947","exclude_threshold_duplicate"
"9727","Expert Treasure Hunter","13","41547","","26813","27","33948",,"33948","exclude_threshold_duplicate"
"9727","Expert Treasure Hunter","14","41548","","26814","27","33949",,"33949","exclude_threshold_duplicate"
"9727","Expert Treasure Hunter","15","41549","","26815","27","33989",,"33989","exclude_threshold_duplicate"
"9727","Expert Treasure Hunter","16","41550","","26816","27","33991",,"33991","exclude_threshold_duplicate"
"9727","Expert Treasure Hunter","17","41551","","26817","27","33996",,"33996","exclude_threshold_duplicate"
"9727","Expert Treasure Hunter","18","41552","","26818","27","33998",,"33998","exclude_threshold_duplicate"
"9727","Expert Treasure Hunter","19","41553","","26819","27","34476",,"34476","exclude_threshold_duplicate"
"9727","Expert Treasure Hunter","20","41554","","26822","27","34507",,"34507","exclude_threshold_duplicate"
"9727","Expert Treasure Hunter","21","41555","","26823","27","34520",,"34520","exclude_threshold_duplicate"
"9727","Expert Treasure Hunter","22","41556","","26824","27","34521",,"34521","exclude_threshold_duplicate"
"9727","Expert Treasure Hunter","23","41557","","26825","27","34641",,"34641","exclude_threshold_duplicate"
"9727","Expert Treasure Hunter","24","41558","","26826","27","34642",,"34642","exclude_threshold_duplicate"
"9727","Expert Treasure Hunter","25","41559","","26827","27","34647",,"34647","exclude_threshold_duplicate"
"9727","Expert Treasure Hunter","26","41560","","26828","27","34648",,"34648","exclude_threshold_duplicate"
"9727","Expert Treasure Hunter","27","41561","","26829","27","34652",,"34652","exclude_threshold_duplicate"
"9727","Expert Treasure Hunter","28","41562","","26830","27","34713",,"34713","exclude_threshold_duplicate"
"9727","Expert Treasure Hunter","29","41563","","26831","27","34931",,"34931","exclude_threshold_duplicate"
"9727","Expert Treasure Hunter","30","41564","","26832","27","34841",,"34841","exclude_threshold_duplicate"
"9727","Expert Treasure Hunter","31","41565","","26833","27","34967",,"34967","exclude_threshold_duplicate"
"9727","Expert Treasure Hunter","32","41566","","26834","27","35347",,"35347","exclude_threshold_duplicate"
"9727","Expert Treasure Hunter","33","41567","","26835","27","35367",,"35367","exclude_threshold_duplicate"
"9727","Expert Treasure Hunter","34","41568","","26836","27","35368",,"35368","exclude_threshold_duplicate"
"9727","Expert Treasure Hunter","35","41569","","26837","27","35369",,"35369","exclude_threshold_duplicate"
"9727","Expert Treasure Hunter","36","41570","","26838","27","35370",,"35370","exclude_threshold_duplicate"
"9727","Expert Treasure Hunter","37","41571","","26839","27","35371",,"35371","exclude_threshold_duplicate"
"9727","Expert Treasure Hunter","38","41572","","26840","27","35373",,"35373","exclude_threshold_duplicate"
"9727","Expert Treasure Hunter","39","41573","","26841","27","35567",,"35567","exclude_threshold_duplicate"
"9727","Expert Treasure Hunter","40","41574","","26842","27","35569",,"35569","exclude_threshold_duplicate"
"9727","Expert Treasure Hunter","41","41575","","26843","27","35568",,"35568","exclude_threshold_duplicate"
"9727","Expert Treasure Hunter","42","41576","","26844","27","35570",,"35570","exclude_threshold_duplicate"
"9727","Expert Treasure Hunter","43","41577","","26845","27","36863",,"36863","exclude_threshold_duplicate"
"9727","Expert Treasure Hunter","44","41578","","26846","27","33384",,"33384","exclude_threshold_duplicate"
"9727","Expert Treasure Hunter","45","41579","","26847","27","33613",,"33613","exclude_threshold_duplicate"
"9727","Expert Treasure Hunter","46","41580","","26848","27","33564",,"33564","exclude_threshold_duplicate"
"9727","Expert Treasure Hunter","47","41581","","26849","27","33565",,"33565","exclude_threshold_duplicate"
"9727","Expert Treasure Hunter","48","41582","","26850","27","33566",,"33566","exclude_threshold_duplicate"
"9727","Expert Treasure Hunter","49","41583","","26851","27","33567",,"33567","exclude_threshold_duplicate"
"9727","Expert Treasure Hunter","50","41584","","26852","27","35581",,"35581","exclude_threshold_duplicate"
"9727","Expert Treasure Hunter","51","41585","","26853","27","33570",,"33570","exclude_threshold_duplicate"
"9727","Expert Treasure Hunter","52","41586","","26854","27","35919",,"35919","exclude_threshold_duplicate"
"9727","Expert Treasure Hunter","53","41587","","26855","27","33572",,"33572","exclude_threshold_duplicate"
"9727","Expert Treasure Hunter","54","41588","","26856","27","33574",,"33574","exclude_threshold_duplicate"
"9727","Expert Treasure Hunter","55","41589","","26857","27","33575",,"33575","exclude_threshold_duplicate"
"9727","Expert Treasure Hunter","56","41590","","26858","27","33610",,"33610","exclude_threshold_duplicate"
"9727","Expert Treasure Hunter","57","41591","","26859","27","33611",,"33611","exclude_threshold_duplicate"
"9727","Expert Treasure Hunter","58","41592","","26860","27","33612",,"33612","exclude_threshold_duplicate"
"9727","Expert Treasure Hunter","59","41593","","26861","27","33867",,"33867","exclude_threshold_duplicate"
"9727","Expert Treasure Hunter","60","41594","","26862","27","33869",,"33869","exclude_threshold_duplicate"
"9727","Expert Treasure Hunter","61","41595","","26863","27","33886",,"33886","exclude_threshold_duplicate"
"9727","Expert Treasure Hunter","62","41596","","26864","27","33891",,"33891","exclude_threshold_duplicate"
"9727","Expert Treasure Hunter","63","41597","","26865","27","33885",,"33885","exclude_threshold_duplicate"
"9727","Expert Treasure Hunter","64","41598","","26866","27","34174",,"34174","exclude_threshold_duplicate"
"9727","Expert Treasure Hunter","65","41599","","26867","27","35279",,"35279","exclude_threshold_duplicate"
"9727","Expert Treasure Hunter","66","41600","","26868","27","35280",,"35280","exclude_threshold_duplicate"
"9727","Expert Treasure Hunter","67","41601","","26869","27","37254",,"37254","exclude_threshold_duplicate"
"9727","Expert Treasure Hunter","68","41602","","26870","27","35530",,"35530","exclude_threshold_duplicate"
"9727","Expert Treasure Hunter","69","41603","","26871","27","33568",,"33568","exclude_threshold_duplicate"
"9727","Expert Treasure Hunter","70","41604","","26872","27","33584",,"33584","exclude_threshold_duplicate"
"9727","Expert Treasure Hunter","71","41605","","26873","27","33569",,"33569","exclude_threshold_duplicate"
"9727","Expert Treasure Hunter","72","41606","","26874","27","33573",,"33573","exclude_threshold_duplicate"
"9727","Expert Treasure Hunter","73","41607","","26875","27","33540",,"33540","exclude_threshold_duplicate"
"9727","Expert Treasure Hunter","74","41608","","26876","27","33614",,"33614","exclude_threshold_duplicate"
"9727","Expert Treasure Hunter","75","41609","","26877","27","33866",,"33866","exclude_threshold_duplicate"
"9727","Expert Treasure Hunter","76","41610","","26878","27","33046",,"33046","exclude_threshold_duplicate"
"9727","Expert Treasure Hunter","77","41611","","26879","27","35580",,"35580","exclude_threshold_duplicate"
"9727","Expert Treasure Hunter","78","41612","","26880","27","35584",,"35584","exclude_threshold_duplicate"
"9727","Expert Treasure Hunter","79","41613","","26881","27","35600",,"35600","exclude_threshold_duplicate"
"9727","Expert Treasure Hunter","80","41614","","26882","27","35603",,"35603","exclude_threshold_duplicate"
"9727","Expert Treasure Hunter","81","41615","","26883","27","33883",,"33883","exclude_threshold_duplicate"
"9727","Expert Treasure Hunter","82","41616","","26884","27","35798",,"35798","exclude_threshold_duplicate"
"9727","Expert Treasure Hunter","83","41617","","26885","27","36507",,"36507","exclude_threshold_duplicate"
"9727","Expert Treasure Hunter","84","41618","","26912","27","36381",,"36381","exclude_threshold_duplicate"
"9727","Expert Treasure Hunter","85","41619","","26913","27","36388",,"36388","exclude_threshold_duplicate"
"9727","Expert Treasure Hunter","86","41620","","26914","27","36389",,"36389","exclude_threshold_duplicate"
"9727","Expert Treasure Hunter","87","41621","","26915","27","36390",,"36390","exclude_threshold_duplicate"
"9727","Expert Treasure Hunter","88","41622","","26916","27","36392",,"36392","exclude_threshold_duplicate"
"9727","Expert Treasure Hunter","89","41623","","26917","27","36657",,"36657","exclude_threshold_duplicate"
"9727","Expert Treasure Hunter","90","41624","","26918","27","36243",,"36243","exclude_threshold_duplicate"
"9727","Expert Treasure Hunter","91","41625","","26919","27","36244",,"36244","exclude_threshold_duplicate"
"9727","Expert Treasure Hunter","92","41626","","26920","27","36245",,"36245","exclude_threshold_duplicate"
"9727","Expert Treasure Hunter","93","41627","","26921","27","36246",,"36246","exclude_threshold_duplicate"
"9727","Expert Treasure Hunter","94","41628","","26922","27","36247",,"36247","exclude_threshold_duplicate"
"9727","Expert Treasure Hunter","95","41629","","26923","27","36340",,"36340","exclude_threshold_duplicate"
"9727","Expert Treasure Hunter","96","41630","","26924","27","36354",,"36354","exclude_threshold_duplicate"
"9727","Expert Treasure Hunter","97","41631","","26925","27","36355",,"36355","exclude_threshold_duplicate"
"9727","Expert Treasure Hunter","98","41632","","26926","27","36356",,"36356","exclude_threshold_duplicate"
"9727","Expert Treasure Hunter","99","41633","","26927","27","36359",,"36359","exclude_threshold_duplicate"
"9727","Expert Treasure Hunter","100","41634","","26928","27","36360",,"36360","exclude_threshold_duplicate"
"9727","Expert Treasure Hunter","101","41635","","26929","27","36361",,"36361","exclude_threshold_duplicate"
"9727","Expert Treasure Hunter","102","41636","","26930","27","36362",,"36362","exclude_threshold_duplicate"
"9727","Expert Treasure Hunter","103","41637","","26931","27","36363",,"36363","exclude_threshold_duplicate"
"9727","Expert Treasure Hunter","104","41638","","26932","27","36364",,"36364","exclude_threshold_duplicate"
"9727","Expert Treasure Hunter","105","41639","","26933","27","36365",,"36365","exclude_threshold_duplicate"
"9727","Expert Treasure Hunter","106","41640","","26934","27","36366",,"36366","exclude_threshold_duplicate"
"9727","Expert Treasure Hunter","107","41641","","26935","27","36367",,"36367","exclude_threshold_duplicate"
"9727","Expert Treasure Hunter","108","41642","","26936","27","36386",,"36386","exclude_threshold_duplicate"
"9727","Expert Treasure Hunter","109","41643","","26937","27","36395",,"36395","exclude_threshold_duplicate"
"9727","Expert Treasure Hunter","110","41644","","26938","27","36397",,"36397","exclude_threshold_duplicate"
"9727","Expert Treasure Hunter","111","41645","","26939","27","36398",,"36398","exclude_threshold_duplicate"
"9727","Expert Treasure Hunter","112","41646","","26940","27","36399",,"36399","exclude_threshold_duplicate"
"9727","Expert Treasure Hunter","113","41647","","26941","27","36400",,"36400","exclude_threshold_duplicate"
"9727","Expert Treasure Hunter","114","41648","","26942","27","36401",,"36401","exclude_threshold_duplicate"
"9727","Expert Treasure Hunter","115","41649","","26943","27","36402",,"36402","exclude_threshold_duplicate"
"9727","Expert Treasure Hunter","116","41650","","26944","27","36403",,"36403","exclude_threshold_duplicate"
"9727","Expert Treasure Hunter","117","41651","","26945","27","36405",,"36405","exclude_threshold_duplicate"
"9727","Expert Treasure Hunter","118","41652","","26946","27","36406",,"36406","exclude_threshold_duplicate"
"9727","Expert Treasure Hunter","119","41653","","26947","27","36407",,"36407","exclude_threshold_duplicate"
"9727","Expert Treasure Hunter","120","41654","","26948","27","36410",,"36410","exclude_threshold_duplicate"
"9727","Expert Treasure Hunter","121","41655","","26949","27","36411",,"36411","exclude_threshold_duplicate"
"9727","Expert Treasure Hunter","122","41656","","26950","27","36416",,"36416","exclude_threshold_duplicate"
"9727","Expert Treasure Hunter","123","41657","","26951","27","36418",,"36418","exclude_threshold_duplicate"
"9727","Expert Treasure Hunter","124","41658","","26952","27","36420",,"36420","exclude_threshold_duplicate"
"9727","Expert Treasure Hunter","125","41659","","26953","27","36421",,"36421","exclude_threshold_duplicate"
"9727","Expert Treasure Hunter","126","41660","","26954","27","36422",,"36422","exclude_threshold_duplicate"
"9727","Expert Treasure Hunter","127","41661","","26955","27","36433",,"36433","exclude_threshold_duplicate"
"9727","Expert Treasure Hunter","128","41662","","26956","27","36444",,"36444","exclude_threshold_duplicate"
"9727","Expert Treasure Hunter","129","41663","","26957","27","36445",,"36445","exclude_threshold_duplicate"
"9727","Expert Treasure Hunter","130","41664","","26958","27","36446",,"36446","exclude_threshold_duplicate"
"9727","Expert Treasure Hunter","131","41665","","26959","27","36447",,"36447","exclude_threshold_duplicate"
"9727","Expert Treasure Hunter","132","41666","","26960","27","36450",,"36450","exclude_threshold_duplicate"
"9727","Expert Treasure Hunter","133","41667","","26961","27","36451",,"36451","exclude_threshold_duplicate"
"9727","Expert Treasure Hunter","134","41668","","26962","27","36453",,"36453","exclude_threshold_duplicate"
"9727","Expert Treasure Hunter","135","41669","","26963","27","36454",,"36454","exclude_threshold_duplicate"
"9727","Expert Treasure Hunter","136","41670","","26964","27","36455",,"36455","exclude_threshold_duplicate"
"9727","Expert Treasure Hunter","137","41671","","26965","27","36456",,"36456","exclude_threshold_duplicate"
"9727","Expert Treasure Hunter","138","41672","","26966","27","36458",,"36458","exclude_threshold_duplicate"
"9727","Expert Treasure Hunter","139","41673","","26967","27","36459",,"36459","exclude_threshold_duplicate"
"9727","Expert Treasure Hunter","140","41674","","26968","27","36462",,"36462","exclude_threshold_duplicate"
"9727","Expert Treasure Hunter","141","41675","","26886","27","33933",,"33933","exclude_threshold_duplicate"
"9727","Expert Treasure Hunter","142","41676","","26887","27","34232",,"34232","exclude_threshold_duplicate"
"9727","Expert Treasure Hunter","143","41677","","26888","27","34233",,"34233","exclude_threshold_duplicate"
"9727","Expert Treasure Hunter","144","41678","","26889","27","34235",,"34235","exclude_threshold_duplicate"
"9727","Expert Treasure Hunter","145","41679","","26890","27","34236",,"34236","exclude_threshold_duplicate"
"9727","Expert Treasure Hunter","146","41680","","26891","27","34238",,"34238","exclude_threshold_duplicate"
"9727","Expert Treasure Hunter","147","41681","","26892","27","34239",,"34239","exclude_threshold_duplicate"
"9727","Expert Treasure Hunter","148","41682","","26893","27","34248",,"34248","exclude_threshold_duplicate"
"9727","Expert Treasure Hunter","149","41683","","26894","27","34249",,"34249","exclude_threshold_duplicate"
"9727","Expert Treasure Hunter","150","41684","","26895","27","34250",,"34250","exclude_threshold_duplicate"
"9727","Expert Treasure Hunter","151","41685","","26896","27","34251",,"34251","exclude_threshold_duplicate"
"9727","Expert Treasure Hunter","152","41686","","26897","27","34252",,"34252","exclude_threshold_duplicate"
"9727","Expert Treasure Hunter","153","41687","","26898","27","34253",,"34253","exclude_threshold_duplicate"
"9727","Expert Treasure Hunter","154","41688","","26899","27","34254",,"34254","exclude_threshold_duplicate"
"9727","Expert Treasure Hunter","155","41689","","26900","27","34255",,"34255","exclude_threshold_duplicate"
"9727","Expert Treasure Hunter","156","41690","","26901","27","34256",,"34256","exclude_threshold_duplicate"
"9727","Expert Treasure Hunter","157","41691","","26902","27","34257",,"34257","exclude_threshold_duplicate"
"9727","Expert Treasure Hunter","158","41692","","26903","27","34258",,"34258","exclude_threshold_duplicate"
"9727","Expert Treasure Hunter","159","41693","","26904","27","34259",,"34259","exclude_threshold_duplicate"
"9727","Expert Treasure Hunter","160","41694","","26905","27","34260",,"34260","exclude_threshold_duplicate"
"9727","Expert Treasure Hunter","161","41695","","26906","27","34261",,"34261","exclude_threshold_duplicate"
"9727","Expert Treasure Hunter","162","41696","","26907","27","34263",,"34263","exclude_threshold_duplicate"
"9727","Expert Treasure Hunter","163","41697","","26908","27","34276",,"34276","exclude_threshold_duplicate"
"9727","Expert Treasure Hunter","164","41698","","26909","27","34290",,"34290","exclude_threshold_duplicate"
"9727","Expert Treasure Hunter","165","41699","","26910","27","34471",,"34471","exclude_threshold_duplicate"
"9727","Expert Treasure Hunter","166","41700","","26911","27","36829",,"36829","exclude_threshold_duplicate"
"9727","Expert Treasure Hunter","167","41701","","27025","27","34760",,"34760","exclude_threshold_duplicate"
"9727","Expert Treasure Hunter","168","41702","","27026","27","35597",,"35597","exclude_threshold_duplicate"
"9727","Expert Treasure Hunter","169","41703","","27027","27","35576",,"35576","exclude_threshold_duplicate"
"9727","Expert Treasure Hunter","170","41704","","27028","27","35577",,"35577","exclude_threshold_duplicate"
"9727","Expert Treasure Hunter","171","41705","","27029","27","35579",,"35579","exclude_threshold_duplicate"
"9727","Expert Treasure Hunter","172","41706","","27030","27","35583",,"35583","exclude_threshold_duplicate"
"9727","Expert Treasure Hunter","173","41707","","27031","27","35590",,"35590","exclude_threshold_duplicate"
"9727","Expert Treasure Hunter","174","41708","","27032","27","35591",,"35591","exclude_threshold_duplicate"
"9727","Expert Treasure Hunter","175","41709","","27033","27","35593",,"35593","exclude_threshold_duplicate"
"9727","Expert Treasure Hunter","176","41710","","27034","27","35616",,"35616","exclude_threshold_duplicate"
"9727","Expert Treasure Hunter","177","41711","","27035","27","35622",,"35622","exclude_threshold_duplicate"
"9727","Expert Treasure Hunter","178","41712","","27036","27","35643",,"35643","exclude_threshold_duplicate"
"9727","Expert Treasure Hunter","179","41713","","27037","27","35646",,"35646","exclude_threshold_duplicate"
"9727","Expert Treasure Hunter","180","41714","","27038","27","35648",,"35648","exclude_threshold_duplicate"
"9727","Expert Treasure Hunter","181","41715","","27039","27","35660",,"35660","exclude_threshold_duplicate"
"9727","Expert Treasure Hunter","182","41716","","27040","27","35661",,"35661","exclude_threshold_duplicate"
"9727","Expert Treasure Hunter","183","41717","","27041","27","35662",,"35662","exclude_threshold_duplicate"
"9727","Expert Treasure Hunter","184","41718","","27042","27","35673",,"35673","exclude_threshold_duplicate"
"9727","Expert Treasure Hunter","185","41719","","27043","27","35678",,"35678","exclude_threshold_duplicate"
"9727","Expert Treasure Hunter","186","41720","","27044","27","35682",,"35682","exclude_threshold_duplicate"
"9727","Expert Treasure Hunter","187","41721","","27045","27","35692",,"35692","exclude_threshold_duplicate"
"9727","Expert Treasure Hunter","188","41722","","27046","27","35694",,"35694","exclude_threshold_duplicate"
"9727","Expert Treasure Hunter","189","41723","","27047","27","35695",,"35695","exclude_threshold_duplicate"
"9727","Expert Treasure Hunter","190","41724","","27048","27","35696",,"35696","exclude_threshold_duplicate"
"9727","Expert Treasure Hunter","191","41725","","27049","27","35759",,"35759","exclude_threshold_duplicate"
"9727","Expert Treasure Hunter","192","41726","","27050","27","35765",,"35765","exclude_threshold_duplicate"
"9727","Expert Treasure Hunter","193","41727","","27051","27","35951",,"35951","exclude_threshold_duplicate"
"9727","Expert Treasure Hunter","194","41728","","27052","27","35953",,"35953","exclude_threshold_duplicate"
"9727","Expert Treasure Hunter","195","41729","","27053","27","35954",,"35954","exclude_threshold_duplicate"
"9727","Expert Treasure Hunter","196","41730","","27054","27","35955",,"35955","exclude_threshold_duplicate"
"9727","Expert Treasure Hunter","197","41731","","27055","27","35969",,"35969","exclude_threshold_duplicate"
"9727","Expert Treasure Hunter","198","41732","","27056","27","35976",,"35976","exclude_threshold_duplicate"
"9727","Expert Treasure Hunter","199","41733","","27057","27","35986",,"35986","exclude_threshold_duplicate"
"9727","Expert Treasure Hunter","200","41734","","27058","27","35987",,"35987","exclude_threshold_duplicate"
"9727","Expert Treasure Hunter","201","41735","","27059","27","35999",,"35999","exclude_threshold_duplicate"
"9727","Expert Treasure Hunter","202","41736","","27060","27","36002",,"36002","exclude_threshold_duplicate"
"9727","Expert Treasure Hunter","203","41737","","27061","27","36008",,"36008","exclude_threshold_duplicate"
"9727","Expert Treasure Hunter","204","41738","","27062","27","36011",,"36011","exclude_threshold_duplicate"
"9727","Expert Treasure Hunter","205","41739","","27063","27","36020",,"36020","exclude_threshold_duplicate"
"9727","Expert Treasure Hunter","206","41740","","27064","27","36021",,"36021","exclude_threshold_duplicate"
"9727","Expert Treasure Hunter","207","41741","","27065","27","36035",,"36035","exclude_threshold_duplicate"
"9727","Expert Treasure Hunter","208","41742","","27066","27","36036",,"36036","exclude_threshold_duplicate"
"9727","Expert Treasure Hunter","209","41743","","27067","27","36039",,"36039","exclude_threshold_duplicate"
"9727","Expert Treasure Hunter","210","41744","","27068","27","36046",,"36046","exclude_threshold_duplicate"
"9727","Expert Treasure Hunter","211","41745","","27069","27","36049",,"36049","exclude_threshold_duplicate"
"9727","Expert Treasure Hunter","212","41746","","27070","27","36050",,"36050","exclude_threshold_duplicate"
"9727","Expert Treasure Hunter","213","41747","","27071","27","36051",,"36051","exclude_threshold_duplicate"
"9727","Expert Treasure Hunter","214","41748","","27072","27","36052",,"36052","exclude_threshold_duplicate"
"9727","Expert Treasure Hunter","215","41749","","27073","27","36071",,"36071","exclude_threshold_duplicate"
"9727","Expert Treasure Hunter","216","41750","","27074","27","36073",,"36073","exclude_threshold_duplicate"
"9727","Expert Treasure Hunter","217","41751","","27075","27","36074",,"36074","exclude_threshold_duplicate"
"9727","Expert Treasure Hunter","218","41752","","27076","27","36077",,"36077","exclude_threshold_duplicate"
"9727","Expert Treasure Hunter","219","41753","","27077","27","36082",,"36082","exclude_threshold_duplicate"
"9727","Expert Treasure Hunter","220","41754","","27078","27","36088",,"36088","exclude_threshold_duplicate"
"9727","Expert Treasure Hunter","221","41755","","27079","27","36099",,"36099","exclude_threshold_duplicate"
"9727","Expert Treasure Hunter","222","41756","","27080","27","36102",,"36102","exclude_threshold_duplicate"
"9727","Expert Treasure Hunter","223","41757","","27081","27","36109",,"36109","exclude_threshold_duplicate"
"9727","Expert Treasure Hunter","224","41758","","27082","27","36115",,"36115","exclude_threshold_duplicate"
"9727","Expert Treasure Hunter","225","41759","","27083","27","36116",,"36116","exclude_threshold_duplicate"
"9727","Expert Treasure Hunter","226","41760","","27084","27","36174",,"36174","exclude_threshold_duplicate"
"9727","Expert Treasure Hunter","227","41761","","27085","27","36846",,"36846","exclude_threshold_duplicate"
"9727","Expert Treasure Hunter","228","41762","","27086","27","36857",,"36857","exclude_threshold_duplicate"
"9727","Expert Treasure Hunter","229","41763","","27087","27","34940",,"34940","exclude_threshold_duplicate"
"9727","Expert Treasure Hunter","230","41764","","27088","27","35056",,"35056","exclude_threshold_duplicate"
"9727","Expert Treasure Hunter","231","41765","","25576","27","35701",,"35701","exclude_threshold_duplicate"
"9727","Expert Treasure Hunter","232","41766","","27089","27","35709",,"35709","exclude_threshold_duplicate"
"9727","Expert Treasure Hunter","233","41767","","25577","27","35952",,"35952","exclude_threshold_duplicate"
"9727","Expert Treasure Hunter","234","41768","","25578","27","35965",,"35965","exclude_threshold_duplicate"
"9727","Expert Treasure Hunter","235","41769","","25579","27","35966",,"35966","exclude_threshold_duplicate"
"9727","Expert Treasure Hunter","236","41770","","25580","27","35967",,"35967","exclude_threshold_duplicate"
"9727","Expert Treasure Hunter","237","41771","","25581","27","35968",,"35968","exclude_threshold_duplicate"
"9727","Expert Treasure Hunter","238","41772","","25582","27","35971",,"35971","exclude_threshold_duplicate"
"9727","Expert Treasure Hunter","239","41773","","25583","27","35975",,"35975","exclude_threshold_duplicate"
"9727","Expert Treasure Hunter","240","41774","","25584","27","35979",,"35979","exclude_threshold_duplicate"
"9727","Expert Treasure Hunter","241","41775","","25585","27","35980",,"35980","exclude_threshold_duplicate"
"9727","Expert Treasure Hunter","242","41776","","25586","27","35981",,"35981","exclude_threshold_duplicate"
"9727","Expert Treasure Hunter","243","41777","","25587","27","35982",,"35982","exclude_threshold_duplicate"
"9727","Expert Treasure Hunter","244","41778","","25588","27","35984",,"35984","exclude_threshold_duplicate"
"9727","Expert Treasure Hunter","245","41779","","25589","27","36001",,"36001","exclude_threshold_duplicate"
"9727","Expert Treasure Hunter","246","41780","","25590","27","36003",,"36003","exclude_threshold_duplicate"
"9727","Expert Treasure Hunter","247","41781","","25591","27","36015",,"36015","exclude_threshold_duplicate"
"9727","Expert Treasure Hunter","248","41782","","25592","27","36019",,"36019","exclude_threshold_duplicate"
"9727","Expert Treasure Hunter","249","41783","","27090","27","36118",,"36118","exclude_threshold_duplicate"
"9727","Expert Treasure Hunter","250","41784","","27091","27","36170",,"36170","exclude_threshold_duplicate"
"9727","Expert Treasure Hunter","251","41785","","27092","27","36203",,"36203","exclude_threshold_duplicate"
"9727","Expert Treasure Hunter","252","41786","","25593","27","36430",,"36430","exclude_threshold_duplicate"
"9727","Expert Treasure Hunter","253","41787","","27093","27","36506",,"36506","exclude_threshold_duplicate"
"9727","Expert Treasure Hunter","254","41788","","27094","27","36596",,"36596","exclude_threshold_duplicate"
"9727","Expert Treasure Hunter","255","41789","","27095","27","36521",,"36521","exclude_threshold_duplicate"
"9727","Expert Treasure Hunter","256","41790","","27096","27","36604",,"36604","exclude_threshold_duplicate"
"9727","Expert Treasure Hunter","257","41791","","27097","27","36605",,"36605","exclude_threshold_duplicate"
"9727","Expert Treasure Hunter","258","41792","","27098","27","36610",,"36610","exclude_threshold_duplicate"
"9727","Expert Treasure Hunter","259","41793","","27099","27","36618",,"36618","exclude_threshold_duplicate"
"9727","Expert Treasure Hunter","260","41794","","27100","27","36621",,"36621","exclude_threshold_duplicate"
"9727","Expert Treasure Hunter","261","41795","","27101","27","36625",,"36625","exclude_threshold_duplicate"
"9727","Expert Treasure Hunter","262","41796","","27102","27","36628",,"36628","exclude_threshold_duplicate"
"9727","Expert Treasure Hunter","263","41797","","27103","27","36631",,"36631","exclude_threshold_duplicate"
"9727","Expert Treasure Hunter","264","41798","","27104","27","36634",,"36634","exclude_threshold_duplicate"
"9727","Expert Treasure Hunter","265","41799","","27105","27","36651",,"36651","exclude_threshold_duplicate"
"9727","Expert Treasure Hunter","266","41800","","27106","27","36654",,"36654","exclude_threshold_duplicate"
"9727","Expert Treasure Hunter","267","41801","","27107","27","36658",,"36658","exclude_threshold_duplicate"
"9727","Expert Treasure Hunter","268","41802","","27108","27","36710",,"36710","exclude_threshold_duplicate"
"9727","Expert Treasure Hunter","269","41803","","27109","27","36713",,"36713","exclude_threshold_duplicate"
"9727","Expert Treasure Hunter","270","41804","","27110","27","36714",,"36714","exclude_threshold_duplicate"
"9727","Expert Treasure Hunter","271","41805","","27111","27","36715",,"36715","exclude_threshold_duplicate"
"9727","Expert Treasure Hunter","272","41806","","27112","27","36716",,"36716","exclude_threshold_duplicate"
"9727","Expert Treasure Hunter","273","41807","","27113","27","36717",,"36717","exclude_threshold_duplicate"
"9727","Expert Treasure Hunter","274","41808","","27114","27","36718",,"36718","exclude_threshold_duplicate"
"9727","Expert Treasure Hunter","275","41809","","27115","27","36720",,"36720","exclude_threshold_duplicate"
"9727","Expert Treasure Hunter","276","41810","","27116","27","36721",,"36721","exclude_threshold_duplicate"
"9727","Expert Treasure Hunter","277","41811","","27117","27","36722",,"36722","exclude_threshold_duplicate"
"9727","Expert Treasure Hunter","278","41812","","27118","27","36723",,"36723","exclude_threshold_duplicate"
"9727","Expert Treasure Hunter","279","41813","","27119","27","36726",,"36726","exclude_threshold_duplicate"
"9727","Expert Treasure Hunter","280","41814","","27120","27","36727",,"36727","exclude_threshold_duplicate"
"9727","Expert Treasure Hunter","281","41815","","27121","27","36728",,"36728","exclude_threshold_duplicate"
"9727","Expert Treasure Hunter","282","41816","","27122","27","36729",,"36729","exclude_threshold_duplicate"
"9727","Expert Treasure Hunter","283","41817","","27123","27","36730",,"36730","exclude_threshold_duplicate"
"9727","Expert Treasure Hunter","284","41818","","27124","27","36731",,"36731","exclude_threshold_duplicate"
"9727","Expert Treasure Hunter","285","41819","","27125","27","36732",,"36732","exclude_threshold_duplicate"
"9727","Expert Treasure Hunter","286","41820","","27126","27","36733",,"36733","exclude_threshold_duplicate"
"9727","Expert Treasure Hunter","287","41821","","27127","27","36734",,"36734","exclude_threshold_duplicate"
"9727","Expert Treasure Hunter","288","41822","","27128","27","36735",,"36735","exclude_threshold_duplicate"
"9727","Expert Treasure Hunter","289","41823","","27129","27","36736",,"36736","exclude_threshold_duplicate"
"9727","Expert Treasure Hunter","290","41824","","27130","27","36737",,"36737","exclude_threshold_duplicate"
"9727","Expert Treasure Hunter","291","41825","","27131","27","36738",,"36738","exclude_threshold_duplicate"
"9727","Expert Treasure Hunter","292","41826","","27132","27","36739",,"36739","exclude_threshold_duplicate"
"9727","Expert Treasure Hunter","293","41827","","27133","27","36740",,"36740","exclude_threshold_duplicate"
"9727","Expert Treasure Hunter","294","41828","","27134","27","36781",,"36781","exclude_threshold_duplicate"
"9727","Expert Treasure Hunter","295","41829","","27135","27","36782",,"36782","exclude_threshold_duplicate"
"9727","Expert Treasure Hunter","296","41830","","27136","27","36783",,"36783","exclude_threshold_duplicate"
"9727","Expert Treasure Hunter","297","41831","","27137","27","36784",,"36784","exclude_threshold_duplicate"
"9727","Expert Treasure Hunter","298","41832","","27138","27","36787",,"36787","exclude_threshold_duplicate"
"9727","Expert Treasure Hunter","299","41833","","27139","27","36789",,"36789","exclude_threshold_duplicate"
"9727","Expert Treasure Hunter","300","41834","","27140","27","36509",,"36509","exclude_threshold_duplicate"
"9727","Expert Treasure Hunter","301","41835","","24462","27","33501",,"33501","exclude_threshold_duplicate"
"9727","Expert Treasure Hunter","302","41836","","27141","27","33926",,"33926","exclude_threshold_duplicate"
"9727","Expert Treasure Hunter","303","41837","","26825","27","34641",,"34641","exclude_threshold_duplicate"
"9727","Expert Treasure Hunter","304","41838","","27142","27","34649",,"34649","exclude_threshold_duplicate"
"9727","Expert Treasure Hunter","305","41839","","27143","27","33041",,"33041","exclude_threshold_duplicate"
"9727","Expert Treasure Hunter","306","45748","","29007","27","35677",,"35677","exclude_threshold_duplicate"
"9727","Expert Treasure Hunter","307","45749","","29004","27","36374",,"36374","exclude_threshold_duplicate"
"9727","Expert Treasure Hunter","308","45750","","29005","27","36375",,"36375","exclude_threshold_duplicate"
"9727","Expert Treasure Hunter","309","45751","","29006","27","36377",,"36377","exclude_threshold_duplicate"
"9728","Grand Treasure Hunter","0","41841","","24461","27","33916",,"33916","include_wod"
"9728","Grand Treasure Hunter","1","41842","","23564","27","32803",,"32803","include_wod"
"9728","Grand Treasure Hunter","2","41843","","26802","27","33016",,"33016","include_wod"
"9728","Grand Treasure Hunter","3","41844","","26803","27","33500",,"33500","include_wod"
"9728","Grand Treasure Hunter","4","41845","","26804","27","33502",,"33502","include_wod"
"9728","Grand Treasure Hunter","5","41846","","26805","27","33505",,"33505","include_wod"
"9728","Grand Treasure Hunter","6","41847","","26806","27","33017",,"33017","include_wod"
"9728","Grand Treasure Hunter","7","41848","","26807","27","33532",,"33532","include_wod"
"9728","Grand Treasure Hunter","8","41849","","26808","27","33930",,"33930","include_wod"
"9728","Grand Treasure Hunter","9","41850","","26809","27","33940",,"33940","include_wod"
"9728","Grand Treasure Hunter","10","41851","","26810","27","33942",,"33942","include_wod"
"9728","Grand Treasure Hunter","11","41852","","26811","27","33946",,"33946","include_wod"
"9728","Grand Treasure Hunter","12","41853","","26812","27","33947",,"33947","include_wod"
"9728","Grand Treasure Hunter","13","41854","","26813","27","33948",,"33948","include_wod"
"9728","Grand Treasure Hunter","14","41855","","26814","27","33949",,"33949","include_wod"
"9728","Grand Treasure Hunter","15","41856","","26815","27","33989",,"33989","include_wod"
"9728","Grand Treasure Hunter","16","41857","","26816","27","33991",,"33991","include_wod"
"9728","Grand Treasure Hunter","17","41858","","26817","27","33996",,"33996","include_wod"
"9728","Grand Treasure Hunter","18","41859","","26818","27","33998",,"33998","include_wod"
"9728","Grand Treasure Hunter","19","41860","","26819","27","34476",,"34476","include_wod"
"9728","Grand Treasure Hunter","20","41861","","26822","27","34507",,"34507","include_wod"
"9728","Grand Treasure Hunter","21","41862","","26823","27","34520",,"34520","include_wod"
"9728","Grand Treasure Hunter","22","41863","","26824","27","34521",,"34521","include_wod"
"9728","Grand Treasure Hunter","23","41864","","26825","27","34641",,"34641","include_wod"
"9728","Grand Treasure Hunter","24","41865","","26826","27","34642",,"34642","include_wod"
"9728","Grand Treasure Hunter","25","41866","","26827","27","34647",,"34647","include_wod"
"9728","Grand Treasure Hunter","26","41867","","26828","27","34648",,"34648","include_wod"
"9728","Grand Treasure Hunter","27","41868","","26829","27","34652",,"34652","include_wod"
"9728","Grand Treasure Hunter","28","41869","","26830","27","34713",,"34713","include_wod"
"9728","Grand Treasure Hunter","29","41870","","26831","27","34931",,"34931","include_wod"
"9728","Grand Treasure Hunter","30","41871","","26832","27","34841",,"34841","include_wod"
"9728","Grand Treasure Hunter","31","41872","","26833","27","34967",,"34967","include_wod"
"9728","Grand Treasure Hunter","32","41873","","26834","27","35347",,"35347","include_wod"
"9728","Grand Treasure Hunter","33","41874","","26835","27","35367",,"35367","include_wod"
"9728","Grand Treasure Hunter","34","41875","","26836","27","35368",,"35368","include_wod"
"9728","Grand Treasure Hunter","35","41876","","26837","27","35369",,"35369","include_wod"
"9728","Grand Treasure Hunter","36","41877","","26838","27","35370",,"35370","include_wod"
"9728","Grand Treasure Hunter","37","41878","","26839","27","35371",,"35371","include_wod"
"9728","Grand Treasure Hunter","38","41879","","26840","27","35373",,"35373","include_wod"
"9728","Grand Treasure Hunter","39","41880","","26841","27","35567",,"35567","include_wod"
"9728","Grand Treasure Hunter","40","41881","","26842","27","35569",,"35569","include_wod"
"9728","Grand Treasure Hunter","41","41882","","26843","27","35568",,"35568","include_wod"
"9728","Grand Treasure Hunter","42","41883","","26844","27","35570",,"35570","include_wod"
"9728","Grand Treasure Hunter","43","41884","","26845","27","36863",,"36863","include_wod"
"9728","Grand Treasure Hunter","44","41885","","26846","27","33384",,"33384","include_wod"
"9728","Grand Treasure Hunter","45","41886","","26847","27","33613",,"33613","include_wod"
"9728","Grand Treasure Hunter","46","41887","","26848","27","33564",,"33564","include_wod"
"9728","Grand Treasure Hunter","47","41888","","26849","27","33565",,"33565","include_wod"
"9728","Grand Treasure Hunter","48","41889","","26850","27","33566",,"33566","include_wod"
"9728","Grand Treasure Hunter","49","41890","","26851","27","33567",,"33567","include_wod"
"9728","Grand Treasure Hunter","50","41891","","26852","27","35581",,"35581","include_wod"
"9728","Grand Treasure Hunter","51","41892","","26853","27","33570",,"33570","include_wod"
"9728","Grand Treasure Hunter","52","41893","","26854","27","35919",,"35919","include_wod"
"9728","Grand Treasure Hunter","53","41894","","26855","27","33572",,"33572","include_wod"
"9728","Grand Treasure Hunter","54","41895","","26856","27","33574",,"33574","include_wod"
"9728","Grand Treasure Hunter","55","41896","","26857","27","33575",,"33575","include_wod"
"9728","Grand Treasure Hunter","56","41897","","26858","27","33610",,"33610","include_wod"
"9728","Grand Treasure Hunter","57","41898","","26859","27","33611",,"33611","include_wod"
"9728","Grand Treasure Hunter","58","41899","","26860","27","33612",,"33612","include_wod"
"9728","Grand Treasure Hunter","59","41900","","26861","27","33867",,"33867","include_wod"
"9728","Grand Treasure Hunter","60","41901","","26862","27","33869",,"33869","include_wod"
"9728","Grand Treasure Hunter","61","41902","","26863","27","33886",,"33886","include_wod"
"9728","Grand Treasure Hunter","62","41903","","26864","27","33891",,"33891","include_wod"
"9728","Grand Treasure Hunter","63","41904","","26865","27","33885",,"33885","include_wod"
"9728","Grand Treasure Hunter","64","41905","","26866","27","34174",,"34174","include_wod"
"9728","Grand Treasure Hunter","65","41906","","26867","27","35279",,"35279","include_wod"
"9728","Grand Treasure Hunter","66","41907","","26868","27","35280",,"35280","include_wod"
"9728","Grand Treasure Hunter","67","41908","","26869","27","37254",,"37254","include_wod"
"9728","Grand Treasure Hunter","68","41909","","26870","27","35530",,"35530","include_wod"
"9728","Grand Treasure Hunter","69","41910","","26871","27","33568",,"33568","include_wod"
"9728","Grand Treasure Hunter","70","41911","","26872","27","33584",,"33584","include_wod"
"9728","Grand Treasure Hunter","71","41912","","26873","27","33569",,"33569","include_wod"
"9728","Grand Treasure Hunter","72","41913","","26874","27","33573",,"33573","include_wod"
"9728","Grand Treasure Hunter","73","41914","","26875","27","33540",,"33540","include_wod"
"9728","Grand Treasure Hunter","74","41915","","26876","27","33614",,"33614","include_wod"
"9728","Grand Treasure Hunter","75","41916","","26877","27","33866",,"33866","include_wod"
"9728","Grand Treasure Hunter","76","41917","","26878","27","33046",,"33046","include_wod"
"9728","Grand Treasure Hunter","77","41918","","26879","27","35580",,"35580","include_wod"
"9728","Grand Treasure Hunter","78","41919","","26880","27","35584",,"35584","include_wod"
"9728","Grand Treasure Hunter","79","41920","","26881","27","35600",,"35600","include_wod"
"9728","Grand Treasure Hunter","80","41921","","26882","27","35603",,"35603","include_wod"
"9728","Grand Treasure Hunter","81","41922","","26883","27","33883",,"33883","include_wod"
"9728","Grand Treasure Hunter","82","41923","","26884","27","35798",,"35798","include_wod"
"9728","Grand Treasure Hunter","83","41924","","26885","27","36507",,"36507","include_wod"
"9728","Grand Treasure Hunter","84","41925","","26912","27","36381",,"36381","include_wod"
"9728","Grand Treasure Hunter","85","41926","","26913","27","36388",,"36388","include_wod"
"9728","Grand Treasure Hunter","86","41927","","26914","27","36389",,"36389","include_wod"
"9728","Grand Treasure Hunter","87","41928","","26915","27","36390",,"36390","include_wod"
"9728","Grand Treasure Hunter","88","41929","","26916","27","36392",,"36392","include_wod"
"9728","Grand Treasure Hunter","89","41930","","26917","27","36657",,"36657","include_wod"
"9728","Grand Treasure Hunter","90","41931","","26918","27","36243",,"36243","include_wod"
"9728","Grand Treasure Hunter","91","41932","","26919","27","36244",,"36244","include_wod"
"9728","Grand Treasure Hunter","92","41933","","26920","27","36245",,"36245","include_wod"
"9728","Grand Treasure Hunter","93","41934","","26921","27","36246",,"36246","include_wod"
"9728","Grand Treasure Hunter","94","41935","","26922","27","36247",,"36247","include_wod"
"9728","Grand Treasure Hunter","95","41936","","26923","27","36340",,"36340","include_wod"
"9728","Grand Treasure Hunter","96","41937","","26924","27","36354",,"36354","include_wod"
"9728","Grand Treasure Hunter","97","41938","","26925","27","36355",,"36355","include_wod"
"9728","Grand Treasure Hunter","98","41939","","26926","27","36356",,"36356","include_wod"
"9728","Grand Treasure Hunter","99","41940","","26927","27","36359",,"36359","include_wod"
"9728","Grand Treasure Hunter","100","41941","","26928","27","36360",,"36360","include_wod"
"9728","Grand Treasure Hunter","101","41942","","26929","27","36361",,"36361","include_wod"
"9728","Grand Treasure Hunter","102","41943","","26930","27","36362",,"36362","include_wod"
"9728","Grand Treasure Hunter","103","41944","","26931","27","36363",,"36363","include_wod"
"9728","Grand Treasure Hunter","104","41945","","26932","27","36364",,"36364","include_wod"
"9728","Grand Treasure Hunter","105","41946","","26933","27","36365",,"36365","include_wod"
"9728","Grand Treasure Hunter","106","41947","","26934","27","36366",,"36366","include_wod"
"9728","Grand Treasure Hunter","107","41948","","26935","27","36367",,"36367","include_wod"
"9728","Grand Treasure Hunter","108","41949","","26936","27","36386",,"36386","include_wod"
"9728","Grand Treasure Hunter","109","41950","","26937","27","36395",,"36395","include_wod"
"9728","Grand Treasure Hunter","110","41951","","26938","27","36397",,"36397","include_wod"
"9728","Grand Treasure Hunter","111","41952","","26939","27","36398",,"36398","include_wod"
"9728","Grand Treasure Hunter","112","41953","","26940","27","36399",,"36399","include_wod"
"9728","Grand Treasure Hunter","113","41954","","26941","27","36400",,"36400","include_wod"
"9728","Grand Treasure Hunter","114","41955","","26942","27","36401",,"36401","include_wod"
"9728","Grand Treasure Hunter","115","41956","","26943","27","36402",,"36402","include_wod"
"9728","Grand Treasure Hunter","116","41957","","26944","27","36403",,"36403","include_wod"
"9728","Grand Treasure Hunter","117","41958","","26945","27","36405",,"36405","include_wod"
"9728","Grand Treasure Hunter","118","41959","","26946","27","36406",,"36406","include_wod"
"9728","Grand Treasure Hunter","119","41960","","26947","27","36407",,"36407","include_wod"
"9728","Grand Treasure Hunter","120","41961","","26948","27","36410",,"36410","include_wod"
"9728","Grand Treasure Hunter","121","41962","","26949","27","36411",,"36411","include_wod"
"9728","Grand Treasure Hunter","122","41963","","26950","27","36416",,"36416","include_wod"
"9728","Grand Treasure Hunter","123","41964","","26951","27","36418",,"36418","include_wod"
"9728","Grand Treasure Hunter","124","41965","","26952","27","36420",,"36420","include_wod"
"9728","Grand Treasure Hunter","125","41966","","26953","27","36421",,"36421","include_wod"
"9728","Grand Treasure Hunter","126","41967","","26954","27","36422",,"36422","include_wod"
"9728","Grand Treasure Hunter","127","41968","","26955","27","36433",,"36433","include_wod"
"9728","Grand Treasure Hunter","128","41969","","26956","27","36444",,"36444","include_wod"
"9728","Grand Treasure Hunter","129","41970","","26957","27","36445",,"36445","include_wod"
"9728","Grand Treasure Hunter","130","41971","","26958","27","36446",,"36446","include_wod"
"9728","Grand Treasure Hunter","131","41972","","26959","27","36447",,"36447","include_wod"
"9728","Grand Treasure Hunter","132","41973","","26960","27","36450",,"36450","include_wod"
"9728","Grand Treasure Hunter","133","41974","","26961","27","36451",,"36451","include_wod"
"9728","Grand Treasure Hunter","134","41975","","26962","27","36453",,"36453","include_wod"
"9728","Grand Treasure Hunter","135","41976","","26963","27","36454",,"36454","include_wod"
"9728","Grand Treasure Hunter","136","41977","","26964","27","36455",,"36455","include_wod"
"9728","Grand Treasure Hunter","137","41978","","26965","27","36456",,"36456","include_wod"
"9728","Grand Treasure Hunter","138","41979","","26966","27","36458",,"36458","include_wod"
"9728","Grand Treasure Hunter","139","41980","","26967","27","36459",,"36459","include_wod"
"9728","Grand Treasure Hunter","140","41981","","26968","27","36462",,"36462","include_wod"
"9728","Grand Treasure Hunter","141","41982","","26886","27","33933",,"33933","include_wod"
"9728","Grand Treasure Hunter","142","41983","","26887","27","34232",,"34232","include_wod"
"9728","Grand Treasure Hunter","143","41984","","26888","27","34233",,"34233","include_wod"
"9728","Grand Treasure Hunter","144","41985","","26889","27","34235",,"34235","include_wod"
"9728","Grand Treasure Hunter","145","41986","","26890","27","34236",,"34236","include_wod"
"9728","Grand Treasure Hunter","146","41987","","26891","27","34238",,"34238","include_wod"
"9728","Grand Treasure Hunter","147","41988","","26892","27","34239",,"34239","include_wod"
"9728","Grand Treasure Hunter","148","41989","","26893","27","34248",,"34248","include_wod"
"9728","Grand Treasure Hunter","149","41990","","26894","27","34249",,"34249","include_wod"
"9728","Grand Treasure Hunter","150","41991","","26895","27","34250",,"34250","include_wod"
"9728","Grand Treasure Hunter","151","41992","","26896","27","34251",,"34251","include_wod"
"9728","Grand Treasure Hunter","152","41993","","26897","27","34252",,"34252","include_wod"
"9728","Grand Treasure Hunter","153","41994","","26898","27","34253",,"34253","include_wod"
"9728","Grand Treasure Hunter","154","41995","","26899","27","34254",,"34254","include_wod"
"9728","Grand Treasure Hunter","155","41996","","26900","27","34255",,"34255","include_wod"
"9728","Grand Treasure Hunter","156","41997","","26901","27","34256",,"34256","include_wod"
"9728","Grand Treasure Hunter","157","41998","","26902","27","34257",,"34257","include_wod"
"9728","Grand Treasure Hunter","158","41999","","26903","27","34258",,"34258","include_wod"
"9728","Grand Treasure Hunter","159","42000","","26904","27","34259",,"34259","include_wod"
"9728","Grand Treasure Hunter","160","42001","","26905","27","34260",,"34260","include_wod"
"9728","Grand Treasure Hunter","161","42002","","26906","27","34261",,"34261","include_wod"
"9728","Grand Treasure Hunter","162","42003","","26907","27","34263",,"34263","include_wod"
"9728","Grand Treasure Hunter","163","42004","","26908","27","34276",,"34276","include_wod"
"9728","Grand Treasure Hunter","164","42005","","26909","27","34290",,"34290","include_wod"
"9728","Grand Treasure Hunter","165","42006","","26910","27","34471",,"34471","include_wod"
"9728","Grand Treasure Hunter","166","42007","","26911","27","36829",,"36829","include_wod"
"9728","Grand Treasure Hunter","167","42008","","27025","27","34760",,"34760","include_wod"
"9728","Grand Treasure Hunter","168","42009","","27026","27","35597",,"35597","include_wod"
"9728","Grand Treasure Hunter","169","42010","","27027","27","35576",,"35576","include_wod"
"9728","Grand Treasure Hunter","170","42011","","27028","27","35577",,"35577","include_wod"
"9728","Grand Treasure Hunter","171","42012","","27029","27","35579",,"35579","include_wod"
"9728","Grand Treasure Hunter","172","42013","","27030","27","35583",,"35583","include_wod"
"9728","Grand Treasure Hunter","173","42014","","27031","27","35590",,"35590","include_wod"
"9728","Grand Treasure Hunter","174","42015","","27032","27","35591",,"35591","include_wod"
"9728","Grand Treasure Hunter","175","42016","","27033","27","35593",,"35593","include_wod"
"9728","Grand Treasure Hunter","176","42017","","27034","27","35616",,"35616","include_wod"
"9728","Grand Treasure Hunter","177","42018","","27035","27","35622",,"35622","include_wod"
"9728","Grand Treasure Hunter","178","42019","","27036","27","35643",,"35643","include_wod"
"9728","Grand Treasure Hunter","179","42020","","27037","27","35646",,"35646","include_wod"
"9728","Grand Treasure Hunter","180","42021","","27038","27","35648",,"35648","include_wod"
"9728","Grand Treasure Hunter","181","42022","","27039","27","35660",,"35660","include_wod"
"9728","Grand Treasure Hunter","182","42023","","27040","27","35661",,"35661","include_wod"
"9728","Grand Treasure Hunter","183","42024","","27041","27","35662",,"35662","include_wod"
"9728","Grand Treasure Hunter","184","42025","","27042","27","35673",,"35673","include_wod"
"9728","Grand Treasure Hunter","185","42026","","27043","27","35678",,"35678","include_wod"
"9728","Grand Treasure Hunter","186","42027","","27044","27","35682",,"35682","include_wod"
"9728","Grand Treasure Hunter","187","42028","","27045","27","35692",,"35692","include_wod"
"9728","Grand Treasure Hunter","188","42029","","27046","27","35694",,"35694","include_wod"
"9728","Grand Treasure Hunter","189","42030","","27047","27","35695",,"35695","include_wod"
"9728","Grand Treasure Hunter","190","42031","","27048","27","35696",,"35696","include_wod"
"9728","Grand Treasure Hunter","191","42032","","27049","27","35759",,"35759","include_wod"
"9728","Grand Treasure Hunter","192","42033","","27050","27","35765",,"35765","include_wod"
"9728","Grand Treasure Hunter","193","42034","","27051","27","35951",,"35951","include_wod"
"9728","Grand Treasure Hunter","194","42035","","27052","27","35953",,"35953","include_wod"
"9728","Grand Treasure Hunter","195","42036","","27053","27","35954",,"35954","include_wod"
"9728","Grand Treasure Hunter","196","42037","","27054","27","35955",,"35955","include_wod"
"9728","Grand Treasure Hunter","197","42038","","27055","27","35969",,"35969","include_wod"
"9728","Grand Treasure Hunter","198","42039","","27056","27","35976",,"35976","include_wod"
"9728","Grand Treasure Hunter","199","42040","","27057","27","35986",,"35986","include_wod"
"9728","Grand Treasure Hunter","200","42041","","27058","27","35987",,"35987","include_wod"
"9728","Grand Treasure Hunter","201","42042","","27059","27","35999",,"35999","include_wod"
"9728","Grand Treasure Hunter","202","42043","","27060","27","36002",,"36002","include_wod"
"9728","Grand Treasure Hunter","203","42044","","27061","27","36008",,"36008","include_wod"
"9728","Grand Treasure Hunter","204","42045","","27062","27","36011",,"36011","include_wod"
"9728","Grand Treasure Hunter","205","42046","","27063","27","36020",,"36020","include_wod"
"9728","Grand Treasure Hunter","206","42047","","27064","27","36021",,"36021","include_wod"
"9728","Grand Treasure Hunter","207","42048","","27065","27","36035",,"36035","include_wod"
"9728","Grand Treasure Hunter","208","42049","","27066","27","36036",,"36036","include_wod"
"9728","Grand Treasure Hunter","209","42050","","27067","27","36039",,"36039","include_wod"
"9728","Grand Treasure Hunter","210","42051","","27068","27","36046",,"36046","include_wod"
"9728","Grand Treasure Hunter","211","42052","","27069","27","36049",,"36049","include_wod"
"9728","Grand Treasure Hunter","212","42053","","27070","27","36050",,"36050","include_wod"
"9728","Grand Treasure Hunter","213","42054","","27071","27","36051",,"36051","include_wod"
"9728","Grand Treasure Hunter","214","42055","","27072","27","36052",,"36052","include_wod"
"9728","Grand Treasure Hunter","215","42056","","27073","27","36071",,"36071","include_wod"
"9728","Grand Treasure Hunter","216","42057","","27074","27","36073",,"36073","include_wod"
"9728","Grand Treasure Hunter","217","42058","","27075","27","36074",,"36074","include_wod"
"9728","Grand Treasure Hunter","218","42059","","27076","27","36077",,"36077","include_wod"
"9728","Grand Treasure Hunter","219","42060","","27077","27","36082",,"36082","include_wod"
"9728","Grand Treasure Hunter","220","42061","","27078","27","36088",,"36088","include_wod"
"9728","Grand Treasure Hunter","221","42062","","27079","27","36099",,"36099","include_wod"
"9728","Grand Treasure Hunter","222","42063","","27080","27","36102",,"36102","include_wod"
"9728","Grand Treasure Hunter","223","42064","","27081","27","36109",,"36109","include_wod"
"9728","Grand Treasure Hunter","224","42065","","27082","27","36115",,"36115","include_wod"
"9728","Grand Treasure Hunter","225","42066","","27083","27","36116",,"36116","include_wod"
"9728","Grand Treasure Hunter","226","42067","","27084","27","36174",,"36174","include_wod"
"9728","Grand Treasure Hunter","227","42068","","27085","27","36846",,"36846","include_wod"
"9728","Grand Treasure Hunter","228","42069","","27086","27","36857",,"36857","include_wod"
"9728","Grand Treasure Hunter","229","42070","","27087","27","34940",,"34940","include_wod"
"9728","Grand Treasure Hunter","230","42071","","27088","27","35056",,"35056","include_wod"
"9728","Grand Treasure Hunter","231","42072","","25576","27","35701",,"35701","include_wod"
"9728","Grand Treasure Hunter","232","42073","","27089","27","35709",,"35709","include_wod"
"9728","Grand Treasure Hunter","233","42074","","25577","27","35952",,"35952","include_wod"
"9728","Grand Treasure Hunter","234","42075","","25578","27","35965",,"35965","include_wod"
"9728","Grand Treasure Hunter","235","42076","","25579","27","35966",,"35966","include_wod"
"9728","Grand Treasure Hunter","236","42077","","25580","27","35967",,"35967","include_wod"
"9728","Grand Treasure Hunter","237","42078","","25581","27","35968",,"35968","include_wod"
"9728","Grand Treasure Hunter","238","42079","","25582","27","35971",,"35971","include_wod"
"9728","Grand Treasure Hunter","239","42080","","25583","27","35975",,"35975","include_wod"
"9728","Grand Treasure Hunter","240","42081","","25584","27","35979",,"35979","include_wod"
"9728","Grand Treasure Hunter","241","42082","","25585","27","35980",,"35980","include_wod"
"9728","Grand Treasure Hunter","242","42083","","25586","27","35981",,"35981","include_wod"
"9728","Grand Treasure Hunter","243","42084","","25587","27","35982",,"35982","include_wod"
"9728","Grand Treasure Hunter","244","42085","","25588","27","35984",,"35984","include_wod"
"9728","Grand Treasure Hunter","245","42086","","25589","27","36001",,"36001","include_wod"
"9728","Grand Treasure Hunter","246","42087","","25590","27","36003",,"36003","include_wod"
"9728","Grand Treasure Hunter","247","42088","","25591","27","36015",,"36015","include_wod"
"9728","Grand Treasure Hunter","248","42089","","25592","27","36019",,"36019","include_wod"
"9728","Grand Treasure Hunter","249","42090","","27090","27","36118",,"36118","include_wod"
"9728","Grand Treasure Hunter","250","42091","","27091","27","36170",,"36170","include_wod"
"9728","Grand Treasure Hunter","251","42092","","27092","27","36203",,"36203","include_wod"
"9728","Grand Treasure Hunter","252","42093","","25593","27","36430",,"36430","include_wod"
"9728","Grand Treasure Hunter","253","42094","","27093","27","36506",,"36506","include_wod"
"9728","Grand Treasure Hunter","254","42095","","27094","27","36596",,"36596","include_wod"
"9728","Grand Treasure Hunter","255","42096","","27095","27","36521",,"36521","include_wod"
"9728","Grand Treasure Hunter","256","42097","","27096","27","36604",,"36604","include_wod"
"9728","Grand Treasure Hunter","257","42098","","27097","27","36605",,"36605","include_wod"
"9728","Grand Treasure Hunter","258","42099","","27098","27","36610",,"36610","include_wod"
"9728","Grand Treasure Hunter","259","42100","","27099","27","36618",,"36618","include_wod"
"9728","Grand Treasure Hunter","260","42101","","27100","27","36621",,"36621","include_wod"
"9728","Grand Treasure Hunter","261","42102","","27101","27","36625",,"36625","include_wod"
"9728","Grand Treasure Hunter","262","42103","","27102","27","36628",,"36628","include_wod"
"9728","Grand Treasure Hunter","263","42104","","27103","27","36631",,"36631","include_wod"
"9728","Grand Treasure Hunter","264","42105","","27104","27","36634",,"36634","include_wod"
"9728","Grand Treasure Hunter","265","42106","","27105","27","36651",,"36651","include_wod"
"9728","Grand Treasure Hunter","266","42107","","27106","27","36654",,"36654","include_wod"
"9728","Grand Treasure Hunter","267","42108","","27107","27","36658",,"36658","include_wod"
"9728","Grand Treasure Hunter","268","42109","","27108","27","36710",,"36710","include_wod"
"9728","Grand Treasure Hunter","269","42110","","27109","27","36713",,"36713","include_wod"
"9728","Grand Treasure Hunter","270","42111","","27110","27","36714",,"36714","include_wod"
"9728","Grand Treasure Hunter","271","42112","","27111","27","36715",,"36715","include_wod"
"9728","Grand Treasure Hunter","272","42113","","27112","27","36716",,"36716","include_wod"
"9728","Grand Treasure Hunter","273","42114","","27113","27","36717",,"36717","include_wod"
"9728","Grand Treasure Hunter","274","42115","","27114","27","36718",,"36718","include_wod"
"9728","Grand Treasure Hunter","275","42116","","27115","27","36720",,"36720","include_wod"
"9728","Grand Treasure Hunter","276","42117","","27116","27","36721",,"36721","include_wod"
"9728","Grand Treasure Hunter","277","42118","","27117","27","36722",,"36722","include_wod"
"9728","Grand Treasure Hunter","278","42119","","27118","27","36723",,"36723","include_wod"
"9728","Grand Treasure Hunter","279","42120","","27119","27","36726",,"36726","include_wod"
"9728","Grand Treasure Hunter","280","42121","","27120","27","36727",,"36727","include_wod"
"9728","Grand Treasure Hunter","281","42122","","27121","27","36728",,"36728","include_wod"
"9728","Grand Treasure Hunter","282","42123","","27122","27","36729",,"36729","include_wod"
"9728","Grand Treasure Hunter","283","42124","","27123","27","36730",,"36730","include_wod"
"9728","Grand Treasure Hunter","284","42125","","27124","27","36731",,"36731","include_wod"
"9728","Grand Treasure Hunter","285","42126","","27125","27","36732",,"36732","include_wod"
"9728","Grand Treasure Hunter","286","42127","","27126","27","36733",,"36733","include_wod"
"9728","Grand Treasure Hunter","287","42128","","27127","27","36734",,"36734","include_wod"
"9728","Grand Treasure Hunter","288","42129","","27128","27","36735",,"36735","include_wod"
"9728","Grand Treasure Hunter","289","42130","","27129","27","36736",,"36736","include_wod"
"9728","Grand Treasure Hunter","290","42131","","27130","27","36737",,"36737","include_wod"
"9728","Grand Treasure Hunter","291","42132","","27131","27","36738",,"36738","include_wod"
"9728","Grand Treasure Hunter","292","42133","","27132","27","36739",,"36739","include_wod"
"9728","Grand Treasure Hunter","293","42134","","27133","27","36740",,"36740","include_wod"
"9728","Grand Treasure Hunter","294","42135","","27134","27","36781",,"36781","include_wod"
"9728","Grand Treasure Hunter","295","42136","","27135","27","36782",,"36782","include_wod"
"9728","Grand Treasure Hunter","296","42137","","27136","27","36783",,"36783","include_wod"
"9728","Grand Treasure Hunter","297","42138","","27137","27","36784",,"36784","include_wod"
"9728","Grand Treasure Hunter","298","42139","","27138","27","36787",,"36787","include_wod"
"9728","Grand Treasure Hunter","299","42140","","27139","27","36789",,"36789","include_wod"
"9728","Grand Treasure Hunter","300","42141","","27140","27","36509",,"36509","include_wod"
"9728","Grand Treasure Hunter","301","42142","","24462","27","33501",,"33501","include_wod"
"9728","Grand Treasure Hunter","302","42143","","27141","27","33926",,"33926","include_wod"
"9728","Grand Treasure Hunter","303","42144","","26825","27","34641",,"34641","include_wod"
"9728","Grand Treasure Hunter","304","42145","","27142","27","34649",,"34649","include_wod"
"9728","Grand Treasure Hunter","305","42146","","27143","27","33041",,"33041","include_wod"
"9728","Grand Treasure Hunter","306","45756","","29007","27","35677",,"35677","include_wod"
"9728","Grand Treasure Hunter","307","45757","","29004","27","36374",,"36374","include_wod"
"9728","Grand Treasure Hunter","308","45758","","29005","27","36375",,"36375","include_wod"
"9728","Grand Treasure Hunter","309","45759","","29006","27","36377",,"36377","include_wod"
"10261","Jungle Treasure Hunter","0","44893","","28675","27","39075",,"39075","exclude_partial_duplicate"
"10261","Jungle Treasure Hunter","1","44894","","28676","27","38863",,"38863","exclude_partial_duplicate"
"10261","Jungle Treasure Hunter","2","44895","","28677","27","38822",,"38822","exclude_partial_duplicate"
"10261","Jungle Treasure Hunter","3","44896","","28678","27","38821",,"38821","exclude_partial_duplicate"
"10261","Jungle Treasure Hunter","4","44897","","28679","27","38814",,"38814","exclude_partial_duplicate"
"10261","Jungle Treasure Hunter","5","44898","","28680","27","38809",,"38809","exclude_partial_duplicate"
"10261","Jungle Treasure Hunter","6","44899","","28681","27","38788",,"38788","exclude_partial_duplicate"
"10261","Jungle Treasure Hunter","7","44900","","28682","27","38779",,"38779","exclude_partial_duplicate"
"10261","Jungle Treasure Hunter","8","44901","","28683","27","38776",,"38776","exclude_partial_duplicate"
"10261","Jungle Treasure Hunter","9","44902","","28684","27","38773",,"38773","exclude_partial_duplicate"
"10261","Jungle Treasure Hunter","10","44903","","28685","27","38771",,"38771","exclude_partial_duplicate"
"10261","Jungle Treasure Hunter","11","44904","","28686","27","38762",,"38762","exclude_partial_duplicate"
"10261","Jungle Treasure Hunter","12","44905","","28687","27","38761",,"38761","exclude_partial_duplicate"
"10261","Jungle Treasure Hunter","13","44906","","28688","27","38760",,"38760","exclude_partial_duplicate"
"10261","Jungle Treasure Hunter","14","44907","","28689","27","38758",,"38758","exclude_partial_duplicate"
"10261","Jungle Treasure Hunter","15","44908","","28690","27","38742",,"38742","exclude_partial_duplicate"
"10261","Jungle Treasure Hunter","16","44909","","28691","27","38741",,"38741","exclude_partial_duplicate"
"10261","Jungle Treasure Hunter","17","44910","","28692","27","38740",,"38740","exclude_partial_duplicate"
"10261","Jungle Treasure Hunter","18","44911","","28693","27","38739",,"38739","exclude_partial_duplicate"
"10261","Jungle Treasure Hunter","19","44912","","28694","27","38735",,"38735","exclude_partial_duplicate"
"10261","Jungle Treasure Hunter","20","44913","","28695","27","38732",,"38732","exclude_partial_duplicate"
"10261","Jungle Treasure Hunter","21","44914","","28696","27","38731",,"38731","exclude_partial_duplicate"
"10261","Jungle Treasure Hunter","22","44915","","28697","27","38705",,"38705","exclude_partial_duplicate"
"10261","Jungle Treasure Hunter","23","44916","","28698","27","38704",,"38704","exclude_partial_duplicate"
"10261","Jungle Treasure Hunter","24","44917","","28699","27","38703",,"38703","exclude_partial_duplicate"
"10261","Jungle Treasure Hunter","25","44918","","28700","27","38702",,"38702","exclude_partial_duplicate"
"10261","Jungle Treasure Hunter","26","44919","","28701","27","38701",,"38701","exclude_partial_duplicate"
"10261","Jungle Treasure Hunter","27","44920","","28702","27","38686",,"38686","exclude_partial_duplicate"
"10261","Jungle Treasure Hunter","28","44921","","28703","27","38683",,"38683","exclude_partial_duplicate"
"10261","Jungle Treasure Hunter","29","44922","","28704","27","38682",,"38682","exclude_partial_duplicate"
"10261","Jungle Treasure Hunter","30","44923","","28705","27","38679",,"38679","exclude_partial_duplicate"
"10261","Jungle Treasure Hunter","31","44924","","28706","27","38678",,"38678","exclude_partial_duplicate"
"10261","Jungle Treasure Hunter","32","44925","","28707","27","38657",,"38657","exclude_partial_duplicate"
"10261","Jungle Treasure Hunter","33","44926","","28708","27","38640",,"38640","exclude_partial_duplicate"
"10261","Jungle Treasure Hunter","34","44927","","28709","27","38639",,"38639","exclude_partial_duplicate"
"10261","Jungle Treasure Hunter","35","44928","","28710","27","38638",,"38638","exclude_partial_duplicate"
"10261","Jungle Treasure Hunter","36","44929","","28711","27","38602",,"38602","exclude_partial_duplicate"
"10261","Jungle Treasure Hunter","37","44930","","28712","27","38601",,"38601","exclude_partial_duplicate"
"10261","Jungle Treasure Hunter","38","44931","","28713","27","38593",,"38593","exclude_partial_duplicate"
"10261","Jungle Treasure Hunter","39","44932","","28714","27","38591",,"38591","exclude_partial_duplicate"
"10261","Jungle Treasure Hunter","40","45018","","28737","27","39470",,"39470","exclude_partial_duplicate"
"10261","Jungle Treasure Hunter","41","45019","","28738","27","39469",,"39469","exclude_partial_duplicate"
"10261","Jungle Treasure Hunter","42","45245","","28890","27","38283",,"38283","exclude_partial_duplicate"
"10261","Jungle Treasure Hunter","43","45246","","28891","27","38320",,"38320","exclude_partial_duplicate"
"10261","Jungle Treasure Hunter","44","45247","","28892","27","38334",,"38334","exclude_partial_duplicate"
"10261","Jungle Treasure Hunter","45","45248","","28893","27","38629",,"38629","exclude_partial_duplicate"
"10261","Jungle Treasure Hunter","46","45249","","28894","27","38426",,"38426","exclude_partial_duplicate"
"10261","Jungle Treasure Hunter","47","45250","","28895","27","38754",,"38754","exclude_partial_duplicate"
"10261","Jungle Treasure Hunter","48","45251","","28896","27","38755",,"38755","exclude_partial_duplicate"
"10261","Jungle Treasure Hunter","49","45252","","28897","27","38757",,"38757","exclude_partial_duplicate"
"10261","Jungle Treasure Hunter","50","45253","","28898","27","38208",,"38208","exclude_partial_duplicate"
"10261","Jungle Treasure Hunter","51","45738","","28999","27","37956",,"37956","exclude_partial_duplicate"
"10262","Jungle Treasure Master","0","44950","","28675","27","39075",,"39075","include_wod"
"10262","Jungle Treasure Master","1","44949","","28676","27","38863",,"38863","include_wod"
"10262","Jungle Treasure Master","2","44961","","28677","27","38822",,"38822","include_wod"
"10262","Jungle Treasure Master","3","44936","","28678","27","38821",,"38821","include_wod"
"10262","Jungle Treasure Master","4","44971","","28679","27","38814",,"38814","include_wod"
"10262","Jungle Treasure Master","5","44951","","28680","27","38809",,"38809","include_wod"
"10262","Jungle Treasure Master","6","44947","","28681","27","38788",,"38788","include_wod"
"10262","Jungle Treasure Master","7","44966","","28682","27","38779",,"38779","include_wod"
"10262","Jungle Treasure Master","8","44941","","28683","27","38776",,"38776","include_wod"
"10262","Jungle Treasure Master","9","44964","","28684","27","38773",,"38773","include_wod"
"10262","Jungle Treasure Master","10","44948","","28685","27","38771",,"38771","include_wod"
"10262","Jungle Treasure Master","11","44938","","28686","27","38762",,"38762","include_wod"
"10262","Jungle Treasure Master","12","44967","","28687","27","38761",,"38761","include_wod"
"10262","Jungle Treasure Master","13","44959","","28688","27","38760",,"38760","include_wod"
"10262","Jungle Treasure Master","14","44956","","28689","27","38758",,"38758","include_wod"
"10262","Jungle Treasure Master","15","44946","","28690","27","38742",,"38742","include_wod"
"10262","Jungle Treasure Master","16","44968","","28691","27","38741",,"38741","include_wod"
"10262","Jungle Treasure Master","17","44934","","28692","27","38740",,"38740","include_wod"
"10262","Jungle Treasure Master","18","44953","","28693","27","38739",,"38739","include_wod"
"10262","Jungle Treasure Master","19","44939","","28694","27","38735",,"38735","include_wod"
"10262","Jungle Treasure Master","20","44969","","28695","27","38732",,"38732","include_wod"
"10262","Jungle Treasure Master","21","44958","","28696","27","38731",,"38731","include_wod"
"10262","Jungle Treasure Master","22","44970","","28697","27","38705",,"38705","include_wod"
"10262","Jungle Treasure Master","23","44973","","28698","27","38704",,"38704","include_wod"
"10262","Jungle Treasure Master","24","44962","","28699","27","38703",,"38703","include_wod"
"10262","Jungle Treasure Master","25","44942","","28700","27","38702",,"38702","include_wod"
"10262","Jungle Treasure Master","26","44945","","28701","27","38701",,"38701","include_wod"
"10262","Jungle Treasure Master","27","44960","","28702","27","38686",,"38686","include_wod"
"10262","Jungle Treasure Master","28","44937","","28703","27","38683",,"38683","include_wod"
"10262","Jungle Treasure Master","29","44954","","28704","27","38682",,"38682","include_wod"
"10262","Jungle Treasure Master","30","44952","","28705","27","38679",,"38679","include_wod"
"10262","Jungle Treasure Master","31","44972","","28706","27","38678",,"38678","include_wod"
"10262","Jungle Treasure Master","32","44965","","28707","27","38657",,"38657","include_wod"
"10262","Jungle Treasure Master","33","44935","","28708","27","38640",,"38640","include_wod"
"10262","Jungle Treasure Master","34","44955","","28709","27","38639",,"38639","include_wod"
"10262","Jungle Treasure Master","35","44943","","28710","27","38638",,"38638","include_wod"
"10262","Jungle Treasure Master","36","44957","","28711","27","38602",,"38602","include_wod"
"10262","Jungle Treasure Master","37","44940","","28712","27","38601",,"38601","include_wod"
"10262","Jungle Treasure Master","38","44963","","28713","27","38593",,"38593","include_wod"
"10262","Jungle Treasure Master","39","44944","","28714","27","38591",,"38591","include_wod"
"10262","Jungle Treasure Master","40","45020","","28738","27","39469",,"39469","include_wod"
"10262","Jungle Treasure Master","41","45021","","28737","27","39470",,"39470","include_wod"
"10262","Jungle Treasure Master","42","45254","","28890","27","38283",,"38283","include_wod"
"10262","Jungle Treasure Master","43","45255","","28891","27","38320",,"38320","include_wod"
"10262","Jungle Treasure Master","44","45256","","28892","27","38334",,"38334","include_wod"
"10262","Jungle Treasure Master","45","45257","","28893","27","38629",,"38629","include_wod"
"10262","Jungle Treasure Master","46","45258","","28894","27","38426",,"38426","include_wod"
"10262","Jungle Treasure Master","47","45259","","28895","27","38754",,"38754","include_wod"
"10262","Jungle Treasure Master","48","45260","","28896","27","38755",,"38755","include_wod"
"10262","Jungle Treasure Master","49","45261","","28897","27","38757",,"38757","include_wod"
"10262","Jungle Treasure Master","50","45262","","28898","27","38208",,"38208","include_wod"
"10262","Jungle Treasure Master","51","45739","","28999","27","37956",,"37956","include_wod"
"10348","Master Treasure Hunter","0","45542","","24461","27","33916",,"33916","exclude_threshold_duplicate"
"10348","Master Treasure Hunter","1","45632","","23564","27","32803",,"32803","exclude_threshold_duplicate"
"10348","Master Treasure Hunter","2","45583","","26802","27","33016",,"33016","exclude_threshold_duplicate"
"10348","Master Treasure Hunter","3","45555","","26803","27","33500",,"33500","exclude_threshold_duplicate"
"10348","Master Treasure Hunter","4","45419","","26804","27","33502",,"33502","exclude_threshold_duplicate"
"10348","Master Treasure Hunter","5","45512","","26805","27","33505",,"33505","exclude_threshold_duplicate"
"10348","Master Treasure Hunter","6","45547","","26806","27","33017",,"33017","exclude_threshold_duplicate"
"10348","Master Treasure Hunter","7","45433","","26807","27","33532",,"33532","exclude_threshold_duplicate"
"10348","Master Treasure Hunter","8","45644","","26808","27","33930",,"33930","exclude_threshold_duplicate"
"10348","Master Treasure Hunter","9","45525","","26809","27","33940",,"33940","exclude_threshold_duplicate"
"10348","Master Treasure Hunter","10","45451","","26810","27","33942",,"33942","exclude_threshold_duplicate"
"10348","Master Treasure Hunter","11","45609","","26811","27","33946",,"33946","exclude_threshold_duplicate"
"10348","Master Treasure Hunter","12","45563","","26812","27","33947",,"33947","exclude_threshold_duplicate"
"10348","Master Treasure Hunter","13","45550","","26813","27","33948",,"33948","exclude_threshold_duplicate"
"10348","Master Treasure Hunter","14","45415","","26814","27","33949",,"33949","exclude_threshold_duplicate"
"10348","Master Treasure Hunter","15","45548","","26815","27","33989",,"33989","exclude_threshold_duplicate"
"10348","Master Treasure Hunter","16","45634","","26816","27","33991",,"33991","exclude_threshold_duplicate"
"10348","Master Treasure Hunter","17","45493","","26817","27","33996",,"33996","exclude_threshold_duplicate"
"10348","Master Treasure Hunter","18","45437","","26818","27","33998",,"33998","exclude_threshold_duplicate"
"10348","Master Treasure Hunter","19","45620","","26819","27","34476",,"34476","exclude_threshold_duplicate"
"10348","Master Treasure Hunter","20","45499","","26822","27","34507",,"34507","exclude_threshold_duplicate"
"10348","Master Treasure Hunter","21","45613","","26823","27","34520",,"34520","exclude_threshold_duplicate"
"10348","Master Treasure Hunter","22","45421","","26824","27","34521",,"34521","exclude_threshold_duplicate"
"10348","Master Treasure Hunter","23","45656","","26825","27","34641",,"34641","exclude_threshold_duplicate"
"10348","Master Treasure Hunter","24","45625","","26826","27","34642",,"34642","exclude_threshold_duplicate"
"10348","Master Treasure Hunter","25","45387","","26827","27","34647",,"34647","exclude_threshold_duplicate"
"10348","Master Treasure Hunter","26","45411","","26828","27","34648",,"34648","exclude_threshold_duplicate"
"10348","Master Treasure Hunter","27","45485","","26829","27","34652",,"34652","exclude_threshold_duplicate"
"10348","Master Treasure Hunter","28","45497","","26830","27","34713",,"34713","exclude_threshold_duplicate"
"10348","Master Treasure Hunter","29","45670","","26831","27","34931",,"34931","exclude_threshold_duplicate"
"10348","Master Treasure Hunter","30","45507","","26832","27","34841",,"34841","exclude_threshold_duplicate"
"10348","Master Treasure Hunter","31","45464","","26833","27","34967",,"34967","exclude_threshold_duplicate"
"10348","Master Treasure Hunter","32","45570","","26834","27","35347",,"35347","exclude_threshold_duplicate"
"10348","Master Treasure Hunter","33","45582","","26835","27","35367",,"35367","exclude_threshold_duplicate"
"10348","Master Treasure Hunter","34","45535","","26836","27","35368",,"35368","exclude_threshold_duplicate"
"10348","Master Treasure Hunter","35","45449","","26837","27","35369",,"35369","exclude_threshold_duplicate"
"10348","Master Treasure Hunter","36","45612","","26838","27","35370",,"35370","exclude_threshold_duplicate"
"10348","Master Treasure Hunter","37","45458","","26839","27","35371",,"35371","exclude_threshold_duplicate"
"10348","Master Treasure Hunter","38","45459","","26840","27","35373",,"35373","exclude_threshold_duplicate"
"10348","Master Treasure Hunter","39","45396","","26841","27","35567",,"35567","exclude_threshold_duplicate"
"10348","Master Treasure Hunter","40","45628","","26842","27","35569",,"35569","exclude_threshold_duplicate"
"10348","Master Treasure Hunter","41","45521","","26843","27","35568",,"35568","exclude_threshold_duplicate"
"10348","Master Treasure Hunter","42","45515","","26844","27","35570",,"35570","exclude_threshold_duplicate"
"10348","Master Treasure Hunter","43","45452","","26845","27","36863",,"36863","exclude_threshold_duplicate"
"10348","Master Treasure Hunter","44","45541","","26846","27","33384",,"33384","exclude_threshold_duplicate"
"10348","Master Treasure Hunter","45","45416","","26847","27","33613",,"33613","exclude_threshold_duplicate"
"10348","Master Treasure Hunter","46","45423","","26848","27","33564",,"33564","exclude_threshold_duplicate"
"10348","Master Treasure Hunter","47","45392","","26849","27","33565",,"33565","exclude_threshold_duplicate"
"10348","Master Treasure Hunter","48","45486","","26850","27","33566",,"33566","exclude_threshold_duplicate"
"10348","Master Treasure Hunter","49","45658","","26851","27","33567",,"33567","exclude_threshold_duplicate"
"10348","Master Treasure Hunter","50","45627","","26852","27","35581",,"35581","exclude_threshold_duplicate"
"10348","Master Treasure Hunter","51","45467","","26853","27","33570",,"33570","exclude_threshold_duplicate"
"10348","Master Treasure Hunter","52","45447","","26854","27","35919",,"35919","exclude_threshold_duplicate"
"10348","Master Treasure Hunter","53","45657","","26855","27","33572",,"33572","exclude_threshold_duplicate"
"10348","Master Treasure Hunter","54","45490","","26856","27","33574",,"33574","exclude_threshold_duplicate"
"10348","Master Treasure Hunter","55","45629","","26857","27","33575",,"33575","exclude_threshold_duplicate"
"10348","Master Treasure Hunter","56","45428","","26858","27","33610",,"33610","exclude_threshold_duplicate"
"10348","Master Treasure Hunter","57","45573","","26859","27","33611",,"33611","exclude_threshold_duplicate"
"10348","Master Treasure Hunter","58","45622","","26860","27","33612",,"33612","exclude_threshold_duplicate"
"10348","Master Treasure Hunter","59","45640","","26861","27","33867",,"33867","exclude_threshold_duplicate"
"10348","Master Treasure Hunter","60","45479","","26862","27","33869",,"33869","exclude_threshold_duplicate"
"10348","Master Treasure Hunter","61","45444","","26863","27","33886",,"33886","exclude_threshold_duplicate"
"10348","Master Treasure Hunter","62","45591","","26864","27","33891",,"33891","exclude_threshold_duplicate"
"10348","Master Treasure Hunter","63","45598","","26865","27","33885",,"33885","exclude_threshold_duplicate"
"10348","Master Treasure Hunter","64","45554","","26866","27","34174",,"34174","exclude_threshold_duplicate"
"10348","Master Treasure Hunter","65","45578","","26867","27","35279",,"35279","exclude_threshold_duplicate"
"10348","Master Treasure Hunter","66","45569","","26868","27","35280",,"35280","exclude_threshold_duplicate"
"10348","Master Treasure Hunter","67","45506","","26869","27","37254",,"37254","exclude_threshold_duplicate"
"10348","Master Treasure Hunter","68","45601","","26870","27","35530",,"35530","exclude_threshold_duplicate"
"10348","Master Treasure Hunter","69","45572","","26871","27","33568",,"33568","exclude_threshold_duplicate"
"10348","Master Treasure Hunter","70","45668","","26872","27","33584",,"33584","exclude_threshold_duplicate"
"10348","Master Treasure Hunter","71","45589","","26873","27","33569",,"33569","exclude_threshold_duplicate"
"10348","Master Treasure Hunter","72","45655","","26874","27","33573",,"33573","exclude_threshold_duplicate"
"10348","Master Treasure Hunter","73","45462","","26875","27","33540",,"33540","exclude_threshold_duplicate"
"10348","Master Treasure Hunter","74","45676","","26876","27","33614",,"33614","exclude_threshold_duplicate"
"10348","Master Treasure Hunter","75","45616","","26877","27","33866",,"33866","exclude_threshold_duplicate"
"10348","Master Treasure Hunter","76","45540","","26878","27","33046",,"33046","exclude_threshold_duplicate"
"10348","Master Treasure Hunter","77","45666","","26879","27","35580",,"35580","exclude_threshold_duplicate"
"10348","Master Treasure Hunter","78","45523","","26880","27","35584",,"35584","exclude_threshold_duplicate"
"10348","Master Treasure Hunter","79","45510","","26881","27","35600",,"35600","exclude_threshold_duplicate"
"10348","Master Treasure Hunter","80","45517","","26882","27","35603",,"35603","exclude_threshold_duplicate"
"10348","Master Treasure Hunter","81","45674","","26883","27","33883",,"33883","exclude_threshold_duplicate"
"10348","Master Treasure Hunter","82","45675","","26884","27","35798",,"35798","exclude_threshold_duplicate"
"10348","Master Treasure Hunter","83","45489","","26885","27","36507",,"36507","exclude_threshold_duplicate"
"10348","Master Treasure Hunter","84","45405","","26912","27","36381",,"36381","exclude_threshold_duplicate"
"10348","Master Treasure Hunter","85","45395","","26913","27","36388",,"36388","exclude_threshold_duplicate"
"10348","Master Treasure Hunter","86","45534","","26914","27","36389",,"36389","exclude_threshold_duplicate"
"10348","Master Treasure Hunter","87","45406","","26915","27","36390",,"36390","exclude_threshold_duplicate"
"10348","Master Treasure Hunter","88","45408","","26916","27","36392",,"36392","exclude_threshold_duplicate"
"10348","Master Treasure Hunter","89","45652","","26917","27","36657",,"36657","exclude_threshold_duplicate"
"10348","Master Treasure Hunter","90","45590","","26918","27","36243",,"36243","exclude_threshold_duplicate"
"10348","Master Treasure Hunter","91","45414","","26919","27","36244",,"36244","exclude_threshold_duplicate"
"10348","Master Treasure Hunter","92","45606","","26920","27","36245",,"36245","exclude_threshold_duplicate"
"10348","Master Treasure Hunter","93","45544","","26921","27","36246",,"36246","exclude_threshold_duplicate"
"10348","Master Treasure Hunter","94","45633","","26922","27","36247",,"36247","exclude_threshold_duplicate"
"10348","Master Treasure Hunter","95","45520","","26923","27","36340",,"36340","exclude_threshold_duplicate"
"10348","Master Treasure Hunter","96","45481","","26924","27","36354",,"36354","exclude_threshold_duplicate"
"10348","Master Treasure Hunter","97","45412","","26925","27","36355",,"36355","exclude_threshold_duplicate"
"10348","Master Treasure Hunter","98","45503","","26926","27","36356",,"36356","exclude_threshold_duplicate"
"10348","Master Treasure Hunter","99","45635","","26927","27","36359",,"36359","exclude_threshold_duplicate"
"10348","Master Treasure Hunter","100","45471","","26928","27","36360",,"36360","exclude_threshold_duplicate"
"10348","Master Treasure Hunter","101","45558","","26929","27","36361",,"36361","exclude_threshold_duplicate"
"10348","Master Treasure Hunter","102","45466","","26930","27","36362",,"36362","exclude_threshold_duplicate"
"10348","Master Treasure Hunter","103","45422","","26931","27","36363",,"36363","exclude_threshold_duplicate"
"10348","Master Treasure Hunter","104","45514","","26932","27","36364",,"36364","exclude_threshold_duplicate"
"10348","Master Treasure Hunter","105","45494","","26933","27","36365",,"36365","exclude_threshold_duplicate"
"10348","Master Treasure Hunter","106","45619","","26934","27","36366",,"36366","exclude_threshold_duplicate"
"10348","Master Treasure Hunter","107","45426","","26935","27","36367",,"36367","exclude_threshold_duplicate"
"10348","Master Treasure Hunter","108","45683","","26936","27","36386",,"36386","exclude_threshold_duplicate"
"10348","Master Treasure Hunter","109","45470","","26937","27","36395",,"36395","exclude_threshold_duplicate"
"10348","Master Treasure Hunter","110","45529","","26938","27","36397",,"36397","exclude_threshold_duplicate"
"10348","Master Treasure Hunter","111","45401","","26939","27","36398",,"36398","exclude_threshold_duplicate"
"10348","Master Treasure Hunter","112","45638","","26940","27","36399",,"36399","exclude_threshold_duplicate"
"10348","Master Treasure Hunter","113","45516","","26941","27","36400",,"36400","exclude_threshold_duplicate"
"10348","Master Treasure Hunter","114","45575","","26942","27","36401",,"36401","exclude_threshold_duplicate"
"10348","Master Treasure Hunter","115","45565","","26943","27","36402",,"36402","exclude_threshold_duplicate"
"10348","Master Treasure Hunter","116","45605","","26944","27","36403",,"36403","exclude_threshold_duplicate"
"10348","Master Treasure Hunter","117","45390","","26945","27","36405",,"36405","exclude_threshold_duplicate"
"10348","Master Treasure Hunter","118","45585","","26946","27","36406",,"36406","exclude_threshold_duplicate"
"10348","Master Treasure Hunter","119","45436","","26947","27","36407",,"36407","exclude_threshold_duplicate"
"10348","Master Treasure Hunter","120","45611","","26948","27","36410",,"36410","exclude_threshold_duplicate"
"10348","Master Treasure Hunter","121","45383","","26949","27","36411",,"36411","exclude_threshold_duplicate"
"10348","Master Treasure Hunter","122","45639","","26950","27","36416",,"36416","exclude_threshold_duplicate"
"10348","Master Treasure Hunter","123","45679","","26951","27","36418",,"36418","exclude_threshold_duplicate"
"10348","Master Treasure Hunter","124","45682","","26952","27","36420",,"36420","exclude_threshold_duplicate"
"10348","Master Treasure Hunter","125","45615","","26953","27","36421",,"36421","exclude_threshold_duplicate"
"10348","Master Treasure Hunter","126","45653","","26954","27","36422",,"36422","exclude_threshold_duplicate"
"10348","Master Treasure Hunter","127","45673","","26955","27","36433",,"36433","exclude_threshold_duplicate"
"10348","Master Treasure Hunter","128","45604","","26956","27","36444",,"36444","exclude_threshold_duplicate"
"10348","Master Treasure Hunter","129","45530","","26957","27","36445",,"36445","exclude_threshold_duplicate"
"10348","Master Treasure Hunter","130","45500","","26958","27","36446",,"36446","exclude_threshold_duplicate"
"10348","Master Treasure Hunter","131","45593","","26959","27","36447",,"36447","exclude_threshold_duplicate"
"10348","Master Treasure Hunter","132","45662","","26960","27","36450",,"36450","exclude_threshold_duplicate"
"10348","Master Treasure Hunter","133","45677","","26961","27","36451",,"36451","exclude_threshold_duplicate"
"10348","Master Treasure Hunter","134","45543","","26962","27","36453",,"36453","exclude_threshold_duplicate"
"10348","Master Treasure Hunter","135","45641","","26963","27","36454",,"36454","exclude_threshold_duplicate"
"10348","Master Treasure Hunter","136","45587","","26964","27","36455",,"36455","exclude_threshold_duplicate"
"10348","Master Treasure Hunter","137","45602","","26965","27","36456",,"36456","exclude_threshold_duplicate"
"10348","Master Treasure Hunter","138","45561","","26966","27","36458",,"36458","exclude_threshold_duplicate"
"10348","Master Treasure Hunter","139","45603","","26967","27","36459",,"36459","exclude_threshold_duplicate"
"10348","Master Treasure Hunter","140","45594","","26968","27","36462",,"36462","exclude_threshold_duplicate"
"10348","Master Treasure Hunter","141","45526","","26886","27","33933",,"33933","exclude_threshold_duplicate"
"10348","Master Treasure Hunter","142","45389","","26887","27","34232",,"34232","exclude_threshold_duplicate"
"10348","Master Treasure Hunter","143","45454","","26888","27","34233",,"34233","exclude_threshold_duplicate"
"10348","Master Treasure Hunter","144","45508","","26889","27","34235",,"34235","exclude_threshold_duplicate"
"10348","Master Treasure Hunter","145","45513","","26890","27","34236",,"34236","exclude_threshold_duplicate"
"10348","Master Treasure Hunter","146","45455","","26891","27","34238",,"34238","exclude_threshold_duplicate"
"10348","Master Treasure Hunter","147","45607","","26892","27","34239",,"34239","exclude_threshold_duplicate"
"10348","Master Treasure Hunter","148","45434","","26893","27","34248",,"34248","exclude_threshold_duplicate"
"10348","Master Treasure Hunter","149","45545","","26894","27","34249",,"34249","exclude_threshold_duplicate"
"10348","Master Treasure Hunter","150","45431","","26895","27","34250",,"34250","exclude_threshold_duplicate"
"10348","Master Treasure Hunter","151","45577","","26896","27","34251",,"34251","exclude_threshold_duplicate"
"10348","Master Treasure Hunter","152","45599","","26897","27","34252",,"34252","exclude_threshold_duplicate"
"10348","Master Treasure Hunter","153","45478","","26898","27","34253",,"34253","exclude_threshold_duplicate"
"10348","Master Treasure Hunter","154","45501","","26899","27","34254",,"34254","exclude_threshold_duplicate"
"10348","Master Treasure Hunter","155","45492","","26900","27","34255",,"34255","exclude_threshold_duplicate"
"10348","Master Treasure Hunter","156","45477","","26901","27","34256",,"34256","exclude_threshold_duplicate"
"10348","Master Treasure Hunter","157","45562","","26902","27","34257",,"34257","exclude_threshold_duplicate"
"10348","Master Treasure Hunter","158","45642","","26903","27","34258",,"34258","exclude_threshold_duplicate"
"10348","Master Treasure Hunter","159","45624","","26904","27","34259",,"34259","exclude_threshold_duplicate"
"10348","Master Treasure Hunter","160","45678","","26905","27","34260",,"34260","exclude_threshold_duplicate"
"10348","Master Treasure Hunter","161","45560","","26906","27","34261",,"34261","exclude_threshold_duplicate"
"10348","Master Treasure Hunter","162","45460","","26907","27","34263",,"34263","exclude_threshold_duplicate"
"10348","Master Treasure Hunter","163","45463","","26908","27","34276",,"34276","exclude_threshold_duplicate"
"10348","Master Treasure Hunter","164","45379","","26909","27","34290",,"34290","exclude_threshold_duplicate"
"10348","Master Treasure Hunter","165","45384","","26910","27","34471",,"34471","exclude_threshold_duplicate"
"10348","Master Treasure Hunter","166","45410","","26911","27","36829",,"36829","exclude_threshold_duplicate"
"10348","Master Treasure Hunter","167","45468","","27025","27","34760",,"34760","exclude_threshold_duplicate"
"10348","Master Treasure Hunter","168","45580","","27026","27","35597",,"35597","exclude_threshold_duplicate"
"10348","Master Treasure Hunter","169","45403","","27027","27","35576",,"35576","exclude_threshold_duplicate"
"10348","Master Treasure Hunter","170","45519","","27028","27","35577",,"35577","exclude_threshold_duplicate"
"10348","Master Treasure Hunter","171","45553","","27029","27","35579",,"35579","exclude_threshold_duplicate"
"10348","Master Treasure Hunter","172","45424","","27030","27","35583",,"35583","exclude_threshold_duplicate"
"10348","Master Treasure Hunter","173","45429","","27031","27","35590",,"35590","exclude_threshold_duplicate"
"10348","Master Treasure Hunter","174","45536","","27032","27","35591",,"35591","exclude_threshold_duplicate"
"10348","Master Treasure Hunter","175","45618","","27033","27","35593",,"35593","exclude_threshold_duplicate"
"10348","Master Treasure Hunter","176","45502","","27034","27","35616",,"35616","exclude_threshold_duplicate"
"10348","Master Treasure Hunter","177","45661","","27035","27","35622",,"35622","exclude_threshold_duplicate"
"10348","Master Treasure Hunter","178","45483","","27036","27","35643",,"35643","exclude_threshold_duplicate"
"10348","Master Treasure Hunter","179","45592","","27037","27","35646",,"35646","exclude_threshold_duplicate"
"10348","Master Treasure Hunter","180","45380","","27038","27","35648",,"35648","exclude_threshold_duplicate"
"10348","Master Treasure Hunter","181","45556","","27039","27","35660",,"35660","exclude_threshold_duplicate"
"10348","Master Treasure Hunter","182","45440","","27040","27","35661",,"35661","exclude_threshold_duplicate"
"10348","Master Treasure Hunter","183","45487","","27041","27","35662",,"35662","exclude_threshold_duplicate"
"10348","Master Treasure Hunter","184","45576","","27042","27","35673",,"35673","exclude_threshold_duplicate"
"10348","Master Treasure Hunter","185","45571","","27043","27","35678",,"35678","exclude_threshold_duplicate"
"10348","Master Treasure Hunter","186","45552","","27044","27","35682",,"35682","exclude_threshold_duplicate"
"10348","Master Treasure Hunter","187","45595","","27045","27","35692",,"35692","exclude_threshold_duplicate"
"10348","Master Treasure Hunter","188","45413","","27046","27","35694",,"35694","exclude_threshold_duplicate"
"10348","Master Treasure Hunter","189","45645","","27047","27","35695",,"35695","exclude_threshold_duplicate"
"10348","Master Treasure Hunter","190","45393","","27048","27","35696",,"35696","exclude_threshold_duplicate"
"10348","Master Treasure Hunter","191","45482","","27049","27","35759",,"35759","exclude_threshold_duplicate"
"10348","Master Treasure Hunter","192","45528","","27050","27","35765",,"35765","exclude_threshold_duplicate"
"10348","Master Treasure Hunter","193","45596","","27051","27","35951",,"35951","exclude_threshold_duplicate"
"10348","Master Treasure Hunter","194","45664","","27052","27","35953",,"35953","exclude_threshold_duplicate"
"10348","Master Treasure Hunter","195","45402","","27053","27","35954",,"35954","exclude_threshold_duplicate"
"10348","Master Treasure Hunter","196","45537","","27054","27","35955",,"35955","exclude_threshold_duplicate"
"10348","Master Treasure Hunter","197","45480","","27055","27","35969",,"35969","exclude_threshold_duplicate"
"10348","Master Treasure Hunter","198","45388","","27056","27","35976",,"35976","exclude_threshold_duplicate"
"10348","Master Treasure Hunter","199","45399","","27057","27","35986",,"35986","exclude_threshold_duplicate"
"10348","Master Treasure Hunter","200","45654","","27058","27","35987",,"35987","exclude_threshold_duplicate"
"10348","Master Treasure Hunter","201","45671","","27059","27","35999",,"35999","exclude_threshold_duplicate"
"10348","Master Treasure Hunter","202","45385","","27060","27","36002",,"36002","exclude_threshold_duplicate"
"10348","Master Treasure Hunter","203","45391","","27061","27","36008",,"36008","exclude_threshold_duplicate"
"10348","Master Treasure Hunter","204","45473","","27062","27","36011",,"36011","exclude_threshold_duplicate"
"10348","Master Treasure Hunter","205","45637","","27063","27","36020",,"36020","exclude_threshold_duplicate"
"10348","Master Treasure Hunter","206","45430","","27064","27","36021",,"36021","exclude_threshold_duplicate"
"10348","Master Treasure Hunter","207","45663","","27065","27","36035",,"36035","exclude_threshold_duplicate"
"10348","Master Treasure Hunter","208","45505","","27066","27","36036",,"36036","exclude_threshold_duplicate"
"10348","Master Treasure Hunter","209","45445","","27067","27","36039",,"36039","exclude_threshold_duplicate"
"10348","Master Treasure Hunter","210","45441","","27068","27","36046",,"36046","exclude_threshold_duplicate"
"10348","Master Treasure Hunter","211","45566","","27069","27","36049",,"36049","exclude_threshold_duplicate"
"10348","Master Treasure Hunter","212","45621","","27070","27","36050",,"36050","exclude_threshold_duplicate"
"10348","Master Treasure Hunter","213","45409","","27071","27","36051",,"36051","exclude_threshold_duplicate"
"10348","Master Treasure Hunter","214","45597","","27072","27","36052",,"36052","exclude_threshold_duplicate"
"10348","Master Treasure Hunter","215","45420","","27073","27","36071",,"36071","exclude_threshold_duplicate"
"10348","Master Treasure Hunter","216","45448","","27074","27","36073",,"36073","exclude_threshold_duplicate"
"10348","Master Treasure Hunter","217","45617","","27075","27","36074",,"36074","exclude_threshold_duplicate"
"10348","Master Treasure Hunter","218","45665","","27076","27","36077",,"36077","exclude_threshold_duplicate"
"10348","Master Treasure Hunter","219","45636","","27077","27","36082",,"36082","exclude_threshold_duplicate"
"10348","Master Treasure Hunter","220","45600","","27078","27","36088",,"36088","exclude_threshold_duplicate"
"10348","Master Treasure Hunter","221","45531","","27079","27","36099",,"36099","exclude_threshold_duplicate"
"10348","Master Treasure Hunter","222","45672","","27080","27","36102",,"36102","exclude_threshold_duplicate"
"10348","Master Treasure Hunter","223","45425","","27081","27","36109",,"36109","exclude_threshold_duplicate"
"10348","Master Treasure Hunter","224","45680","","27082","27","36115",,"36115","exclude_threshold_duplicate"
"10348","Master Treasure Hunter","225","45461","","27083","27","36116",,"36116","exclude_threshold_duplicate"
"10348","Master Treasure Hunter","226","45400","","27084","27","36174",,"36174","exclude_threshold_duplicate"
"10348","Master Treasure Hunter","227","45386","","27085","27","36846",,"36846","exclude_threshold_duplicate"
"10348","Master Treasure Hunter","228","45418","","27086","27","36857",,"36857","exclude_threshold_duplicate"
"10348","Master Treasure Hunter","229","45450","","27087","27","34940",,"34940","exclude_threshold_duplicate"
"10348","Master Treasure Hunter","230","45623","","27088","27","35056",,"35056","exclude_threshold_duplicate"
"10348","Master Treasure Hunter","231","45442","","25576","27","35701",,"35701","exclude_threshold_duplicate"
"10348","Master Treasure Hunter","232","45608","","27089","27","35709",,"35709","exclude_threshold_duplicate"
"10348","Master Treasure Hunter","233","45472","","25577","27","35952",,"35952","exclude_threshold_duplicate"
"10348","Master Treasure Hunter","234","45527","","25578","27","35965",,"35965","exclude_threshold_duplicate"
"10348","Master Treasure Hunter","235","45469","","25579","27","35966",,"35966","exclude_threshold_duplicate"
"10348","Master Treasure Hunter","236","45491","","25580","27","35967",,"35967","exclude_threshold_duplicate"
"10348","Master Treasure Hunter","237","45496","","25581","27","35968",,"35968","exclude_threshold_duplicate"
"10348","Master Treasure Hunter","238","45567","","25582","27","35971",,"35971","exclude_threshold_duplicate"
"10348","Master Treasure Hunter","239","45684","","25583","27","35975",,"35975","exclude_threshold_duplicate"
"10348","Master Treasure Hunter","240","45586","","25584","27","35979",,"35979","exclude_threshold_duplicate"
"10348","Master Treasure Hunter","241","45456","","25585","27","35980",,"35980","exclude_threshold_duplicate"
"10348","Master Treasure Hunter","242","45559","","25586","27","35981",,"35981","exclude_threshold_duplicate"
"10348","Master Treasure Hunter","243","45681","","25587","27","35982",,"35982","exclude_threshold_duplicate"
"10348","Master Treasure Hunter","244","45557","","25588","27","35984",,"35984","exclude_threshold_duplicate"
"10348","Master Treasure Hunter","245","45518","","25589","27","36001",,"36001","exclude_threshold_duplicate"
"10348","Master Treasure Hunter","246","45647","","25590","27","36003",,"36003","exclude_threshold_duplicate"
"10348","Master Treasure Hunter","247","45532","","25591","27","36015",,"36015","exclude_threshold_duplicate"
"10348","Master Treasure Hunter","248","45669","","25592","27","36019",,"36019","exclude_threshold_duplicate"
"10348","Master Treasure Hunter","249","45394","","27090","27","36118",,"36118","exclude_threshold_duplicate"
"10348","Master Treasure Hunter","250","45533","","27091","27","36170",,"36170","exclude_threshold_duplicate"
"10348","Master Treasure Hunter","251","45498","","27092","27","36203",,"36203","exclude_threshold_duplicate"
"10348","Master Treasure Hunter","252","45474","","25593","27","36430",,"36430","exclude_threshold_duplicate"
"10348","Master Treasure Hunter","253","45476","","27093","27","36506",,"36506","exclude_threshold_duplicate"
"10348","Master Treasure Hunter","254","45404","","27094","27","36596",,"36596","exclude_threshold_duplicate"
"10348","Master Treasure Hunter","255","45564","","27095","27","36521",,"36521","exclude_threshold_duplicate"
"10348","Master Treasure Hunter","256","45488","","27096","27","36604",,"36604","exclude_threshold_duplicate"
"10348","Master Treasure Hunter","257","45551","","27097","27","36605",,"36605","exclude_threshold_duplicate"
"10348","Master Treasure Hunter","258","45453","","27098","27","36610",,"36610","exclude_threshold_duplicate"
"10348","Master Treasure Hunter","259","45407","","27099","27","36618",,"36618","exclude_threshold_duplicate"
"10348","Master Treasure Hunter","260","45649","","27100","27","36621",,"36621","exclude_threshold_duplicate"
"10348","Master Treasure Hunter","261","45549","","27101","27","36625",,"36625","exclude_threshold_duplicate"
"10348","Master Treasure Hunter","262","45509","","27102","27","36628",,"36628","exclude_threshold_duplicate"
"10348","Master Treasure Hunter","263","45443","","27103","27","36631",,"36631","exclude_threshold_duplicate"
"10348","Master Treasure Hunter","264","45579","","27104","27","36634",,"36634","exclude_threshold_duplicate"
"10348","Master Treasure Hunter","265","45511","","27105","27","36651",,"36651","exclude_threshold_duplicate"
"10348","Master Treasure Hunter","266","45660","","27106","27","36654",,"36654","exclude_threshold_duplicate"
"10348","Master Treasure Hunter","267","45382","","27107","27","36658",,"36658","exclude_threshold_duplicate"
"10348","Master Treasure Hunter","268","45630","","27108","27","36710",,"36710","exclude_threshold_duplicate"
"10348","Master Treasure Hunter","269","45475","","27109","27","36713",,"36713","exclude_threshold_duplicate"
"10348","Master Treasure Hunter","270","45610","","27110","27","36714",,"36714","exclude_threshold_duplicate"
"10348","Master Treasure Hunter","271","45432","","27111","27","36715",,"36715","exclude_threshold_duplicate"
"10348","Master Treasure Hunter","272","45651","","27112","27","36716",,"36716","exclude_threshold_duplicate"
"10348","Master Treasure Hunter","273","45568","","27113","27","36717",,"36717","exclude_threshold_duplicate"
"10348","Master Treasure Hunter","274","45397","","27114","27","36718",,"36718","exclude_threshold_duplicate"
"10348","Master Treasure Hunter","275","45646","","27115","27","36720",,"36720","exclude_threshold_duplicate"
"10348","Master Treasure Hunter","276","45643","","27116","27","36721",,"36721","exclude_threshold_duplicate"
"10348","Master Treasure Hunter","277","45504","","27117","27","36722",,"36722","exclude_threshold_duplicate"
"10348","Master Treasure Hunter","278","45435","","27118","27","36723",,"36723","exclude_threshold_duplicate"
"10348","Master Treasure Hunter","279","45417","","27119","27","36726",,"36726","exclude_threshold_duplicate"
"10348","Master Treasure Hunter","280","45626","","27120","27","36727",,"36727","exclude_threshold_duplicate"
"10348","Master Treasure Hunter","281","45667","","27121","27","36728",,"36728","exclude_threshold_duplicate"
"10348","Master Treasure Hunter","282","45539","","27122","27","36729",,"36729","exclude_threshold_duplicate"
"10348","Master Treasure Hunter","283","45522","","27123","27","36730",,"36730","exclude_threshold_duplicate"
"10348","Master Treasure Hunter","284","45574","","27124","27","36731",,"36731","exclude_threshold_duplicate"
"10348","Master Treasure Hunter","285","45484","","27125","27","36732",,"36732","exclude_threshold_duplicate"
"10348","Master Treasure Hunter","286","45495","","27126","27","36733",,"36733","exclude_threshold_duplicate"
"10348","Master Treasure Hunter","287","45446","","27127","27","36734",,"36734","exclude_threshold_duplicate"
"10348","Master Treasure Hunter","288","45631","","27128","27","36735",,"36735","exclude_threshold_duplicate"
"10348","Master Treasure Hunter","289","45546","","27129","27","36736",,"36736","exclude_threshold_duplicate"
"10348","Master Treasure Hunter","290","45465","","27130","27","36737",,"36737","exclude_threshold_duplicate"
"10348","Master Treasure Hunter","291","45659","","27131","27","36738",,"36738","exclude_threshold_duplicate"
"10348","Master Treasure Hunter","292","45439","","27132","27","36739",,"36739","exclude_threshold_duplicate"
"10348","Master Treasure Hunter","293","45381","","27133","27","36740",,"36740","exclude_threshold_duplicate"
"10348","Master Treasure Hunter","294","45581","","27134","27","36781",,"36781","exclude_threshold_duplicate"
"10348","Master Treasure Hunter","295","45650","","27135","27","36782",,"36782","exclude_threshold_duplicate"
"10348","Master Treasure Hunter","296","45614","","27136","27","36783",,"36783","exclude_threshold_duplicate"
"10348","Master Treasure Hunter","297","45438","","27137","27","36784",,"36784","exclude_threshold_duplicate"
"10348","Master Treasure Hunter","298","45588","","27138","27","36787",,"36787","exclude_threshold_duplicate"
"10348","Master Treasure Hunter","299","45398","","27139","27","36789",,"36789","exclude_threshold_duplicate"
"10348","Master Treasure Hunter","300","45584","","27140","27","36509",,"36509","exclude_threshold_duplicate"
"10348","Master Treasure Hunter","301","45427","","24462","27","33501",,"33501","exclude_threshold_duplicate"
"10348","Master Treasure Hunter","302","45457","","27141","27","33926",,"33926","exclude_threshold_duplicate"
"10348","Master Treasure Hunter","303","45648","","26825","27","34641",,"34641","exclude_threshold_duplicate"
"10348","Master Treasure Hunter","304","45524","","27142","27","34649",,"34649","exclude_threshold_duplicate"
"10348","Master Treasure Hunter","305","45538","","27143","27","33041",,"33041","exclude_threshold_duplicate"
"10348","Master Treasure Hunter","306","45752","","29004","27","36374",,"36374","exclude_threshold_duplicate"
"10348","Master Treasure Hunter","307","45753","","29005","27","36375",,"36375","exclude_threshold_duplicate"
"10348","Master Treasure Hunter","308","45754","","29006","27","36377",,"36377","exclude_threshold_duplicate"
"10348","Master Treasure Hunter","309","45755","","29007","27","35677",,"35677","exclude_threshold_duplicate"
