"status","current_exists","achievement_id","title","description","category_id","category_name","criteria_tree_id","reward_item_id","flags","points"
"dragonflight_category_confirmed","True","15325","Dracthyr, Awaken","Complete the following storylines in the Forbidden Reach.","15455","Dragonflight","94275","0","131072","10"
"dragonflight_category_confirmed","True","15394","Ohn'a'Roll","Complete the following storylines in the Ohn'ahran Plains.","15455","Dragonflight","137509","0","0","10"
"dragonflight_category_confirmed","True","15638","Dracthyr, Awaken","Complete the following storylines in the Forbidden Reach.","15455","Dragonflight","95596","0","131072","10"
"snapshot_candidate","True","15641","Many More Mini Minions","Collect 1200 unique pets.","15118","Collect","134003","191941","143360","10"
"snapshot_candidate","True","15642","Proven Pet Parent","Collect 1400 unique pets.","15118","Collect","134005","191936","143360","10"
"snapshot_candidate","True","15643","What Can I Say? They Love Me.","Collect 1600 unique pets.","15118","Collect","134007","191932","143360","10"
"internal_dnt","True","15655","Dragon Isles Blacksmithing 25 (DNT)","","15490","Blacksmithing","134147","0","9437188","0"
"internal_dnt","True","15656","Dragon Isles Blacksmithing 50 (DNT)","","15490","Blacksmithing","134149","0","9437188","0"
"internal_dnt","True","15657","Dragon Isles Blacksmithing 75 (DNT)","","15490","Blacksmithing","134153","0","9437188","0"
"internal_dnt","True","15658","Dragon Isles Alchemy 25 (DNT)","","15489","Alchemy","134155","0","9437188","0"
"internal_dnt","True","15659","Dragon Isles Alchemy 50 (DNT)","","15489","Alchemy","134157","0","9437188","0"
"internal_dnt","True","15660","Dragon Isles Alchemy 75 (DNT)","","15489","Alchemy","134161","0","9437188","0"
"dragonflight_category_hidden","True","15696","Ruby Lifeshrine Loop: Bronze","Complete Waking Shores Ruby Lifeshrine Loop.","15462","Dragonriding","0","0","1048576","0"
"dragonflight_category_hidden","True","15697","Ruby Lifeshrine Loop: Silver","Get Silver ranked time for Waking Shores Ruby Lifeshrine Loop.","15462","Dragonriding","0","0","1048576","0"
"dragonflight_category_hidden","True","15698","Ruby Lifeshrine Loop: Gold","Get Gold ranked time for Waking Shores Ruby Lifeshrine Loop.","15462","Dragonriding","0","0","1048576","0"
"dragonflight_category_hidden","True","15702","Ruby Lifeshrine Loop Advanced: Bronze","Complete Waking Shores Ruby Lifeshrine Loop Advanced.","15462","Dragonriding","0","0","1048576","0"
"dragonflight_category_hidden","True","15703","Ruby Lifeshrine Loop Advanced: Silver","Get Silver ranked time for Waking Shores Ruby Lifeshrine Loop Advanced.","15462","Dragonriding","0","0","1048576","0"
"dragonflight_category_hidden","True","15704","Ruby Lifeshrine Loop Advanced: Gold","Get Gold ranked time for Waking Shores Ruby Lifeshrine Loop Advanced.","15462","Dragonriding","0","0","1048576","0"
"dragonflight_category_hidden","True","15705","Flashfrost Flyover: Bronze","Complete Waking Shores Flashfrost Flyover.","15462","Dragonriding","0","0","1048576","0"
"dragonflight_category_hidden","True","15706","Flashfrost Flyover: Silver","Get Silver ranked time for Waking Shores Flashfrost Flyover.","15462","Dragonriding","0","0","1048576","0"
"dragonflight_category_hidden","True","15707","Flashfrost Flyover: Gold","Get Gold ranked time for Waking Shores Flashfrost Flyover.","15462","Dragonriding","0","0","1048576","0"
"internal_dnt","True","15708","<Hidden> 10.0 Dragon Riding - Drake Customization - Protodrake - Green Scales [DNT]","","15422","Shadowlands","134874","0","1179652","0"
"dragonflight_category_hidden","True","15709","Flashfrost Flyover Advanced: Bronze","Complete Waking Shores Flashfrost Flyover Advanced.","15462","Dragonriding","0","0","1048576","0"
"dragonflight_category_hidden","True","15710","Flashfrost Flyover Advanced: Silver","Get Silver ranked time for Waking Shores Flashfrost Flyover Advanced.","15462","Dragonriding","0","0","1048576","0"
"dragonflight_category_hidden","True","15711","Flashfrost Flyover Advanced: Gold","Get Gold ranked time for Waking Shores Flashfrost Flyover Advanced.","15462","Dragonriding","0","0","1048576","0"
"dragonflight_category_hidden","True","15712","Wild Preserve Slalom: Bronze","Complete Waking Shores Wild Preserve Slalom.","15462","Dragonriding","0","0","1048576","0"
"dragonflight_category_hidden","True","15713","Wild Preserve Slalom: Silver","Get Silver ranked time for Waking Shores Wild Preserve Slalom.","15462","Dragonriding","0","0","1048576","0"
"dragonflight_category_hidden","True","15714","Wild Preserve Slalom: Gold","Get Gold ranked time for Waking Shores Wild Preserve Slalom.","15462","Dragonriding","0","0","1048576","0"
"dragonflight_category_hidden","True","15715","Wild Preserve Slalom Advanced: Bronze","Complete Waking Shores Wild Preserve Slalom Advanced.","15462","Dragonriding","0","0","1048576","0"
"dragonflight_category_hidden","True","15716","Wild Preserve Slalom Advanced: Silver","Get Silver ranked time for Waking Shores Wild Preserve Slalom Advanced.","15462","Dragonriding","0","0","1048576","0"
"dragonflight_category_hidden","True","15717","Wild Preserve Slalom Advanced: Gold","Get Gold ranked time for Waking Shores Wild Preserve Slalom Advanced.","15462","Dragonriding","0","0","1048576","0"
"dragonflight_category_hidden","True","15718","Wild Preserve Circuit: Bronze","Complete Waking Shores Wild Preserve Circuit.","15462","Dragonriding","0","0","1048576","0"
"dragonflight_category_hidden","True","15719","Wild Preserve Circuit: Silver","Get Silver ranked time for Waking Shores Wild Preserve Circuit.","15462","Dragonriding","0","0","1048576","0"
"dragonflight_category_hidden","True","15720","Wild Preserve Circuit: Gold","Get Gold ranked time for Waking Shores Wild Preserve Circuit.","15462","Dragonriding","0","0","1048576","0"
"dragonflight_category_hidden","True","15721","Wild Preserve Circuit Advanced: Bronze","Complete Waking Shores Wild Preserve Circuit Advanced.","15462","Dragonriding","0","0","1048576","0"
"dragonflight_category_hidden","True","15722","Wild Preserve Circuit Advanced: Silver","Get Silver ranked time for Waking Shores Wild Preserve Circuit Advanced.","15462","Dragonriding","0","0","1048576","0"
"dragonflight_category_hidden","True","15723","Wild Preserve Circuit Advanced: Gold","Get Gold ranked time for Waking Shores Wild Preserve Circuit Advanced.","15462","Dragonriding","0","0","1048576","0"
"dragonflight_category_hidden","True","15724","Emberflow Flight: Bronze","Complete Waking Shores Emberflow Flight.","15462","Dragonriding","0","0","1048576","0"
"dragonflight_category_hidden","True","15725","Emberflow Flight: Silver","Get Silver ranked time for Waking Shores Emberflow Flight.","15462","Dragonriding","0","0","1048576","0"
"dragonflight_category_hidden","True","15726","Emberflow Flight: Gold","Get Gold ranked time for Waking Shores Emberflow Flight.","15462","Dragonriding","0","0","1048576","0"
"dragonflight_category_hidden","True","15727","Emberflow Flight Advanced: Bronze","Complete Waking Shores Emberflow Flight Advanced.","15462","Dragonriding","0","0","1048576","0"
"dragonflight_category_hidden","True","15728","Emberflow Flight Advanced: Silver","Get Silver ranked time for Waking Shores Emberflow Flight Advanced.","15462","Dragonriding","0","0","1048576","0"
"dragonflight_category_hidden","True","15729","Emberflow Flight Advanced: Gold","Get Gold ranked time for Waking Shores Emberflow Flight Advanced.","15462","Dragonriding","0","0","1048576","0"
"dragonflight_category_hidden","True","15730","Apex Canopy River Run: Bronze","Complete Waking Shores Apex Canopy River Run.","15462","Dragonriding","0","0","1048576","0"
"dragonflight_category_hidden","True","15731","Apex Canopy River Run: Silver","Get Silver ranked time for Waking Shores Apex Canopy River Run.","15462","Dragonriding","0","0","1048576","0"
"dragonflight_category_hidden","True","15732","Apex Canopy River Run: Gold","Get Gold ranked time for Waking Shores Apex Canopy River Run.","15462","Dragonriding","0","0","1048576","0"
"dragonflight_category_hidden","True","15733","Apex Canopy River Run Advanced: Bronze","Complete Waking Shores Apex Canopy River Run Advanced.","15462","Dragonriding","0","0","1048576","0"
"dragonflight_category_hidden","True","15734","Apex Canopy River Run Advanced: Silver","Get Silver ranked time for Waking Shores Apex Canopy River Run Advanced.","15462","Dragonriding","0","0","1048576","0"
"dragonflight_category_hidden","True","15735","Apex Canopy River Run Advanced: Gold","Get Gold ranked time for Waking Shores Apex Canopy River Run Advanced.","15462","Dragonriding","0","0","1048576","0"
"dragonflight_category_hidden","True","15736","Uktulut Coaster: Bronze","Complete Waking Shores Uktulut Coaster.","15462","Dragonriding","0","0","1048576","0"
"dragonflight_category_hidden","True","15737","Uktulut Coaster: Silver","Get Silver ranked time for Waking Shores Uktulut Coaster.","15462","Dragonriding","0","0","1048576","0"
"dragonflight_category_hidden","True","15738","Uktulut Coaster: Gold","Get Gold ranked time for Waking Shores Uktulut Coaster.","15462","Dragonriding","0","0","1048576","0"
"dragonflight_category_hidden","True","15739","Uktulut Coaster Advanced: Bronze","Complete Waking Shores Uktulut Coaster Advanced.","15462","Dragonriding","0","0","1048576","0"
"dragonflight_category_hidden","True","15740","Uktulut Coaster Advanced: Silver","Get Silver ranked time for Waking Shores Uktulut Coaster Advanced.","15462","Dragonriding","0","0","1048576","0"
"dragonflight_category_hidden","True","15741","Uktulut Coaster Advanced: Gold","Get Gold ranked time for Waking Shores Uktulut Coaster Advanced.","15462","Dragonriding","0","0","1048576","0"
"dragonflight_category_hidden","True","15742","Wingrest Roundabout: Bronze","Complete Waking Shores Wingrest Roundabout.","15462","Dragonriding","0","0","1048576","0"
"dragonflight_category_hidden","True","15743","Wingrest Roundabout: Silver","Get Silver ranked time for Waking Shores Wingrest Roundabout.","15462","Dragonriding","0","0","1048576","0"
"dragonflight_category_hidden","True","15744","Wingrest Roundabout: Gold","Get Gold ranked time for Waking Shores Wingrest Roundabout.","15462","Dragonriding","0","0","1048576","0"
"dragonflight_category_hidden","True","15745","Wingrest Roundabout Advanced: Bronze","Complete Waking Shores Wingrest Roundabout Advanced.","15462","Dragonriding","0","0","1048576","0"
"dragonflight_category_hidden","True","15746","Wingrest Roundabout Advanced: Silver","Get Silver ranked time for Waking Shores Wingrest Roundabout Advanced.","15462","Dragonriding","0","0","1048576","0"
"dragonflight_category_hidden","True","15747","Wingrest Roundabout Advanced: Gold","Get Gold ranked time for Waking Shores Wingrest Roundabout Advanced.","15462","Dragonriding","0","0","1048576","0"
"dragonflight_category_hidden","True","15757","Sundapple Copse Circuit: Bronze","Complete Ohn'ahran Plains Sundapple Copse Circuit.","15462","Dragonriding","0","0","1048576","0"
"dragonflight_category_hidden","True","15758","Sundapple Copse Circuit: Silver","Get Silver ranked time for Ohn'ahran Plains Sundapple Copse Circuit.","15462","Dragonriding","0","0","1048576","0"
"dragonflight_category_hidden","True","15759","Sundapple Copse Circuit: Gold","Get Gold ranked time for Ohn'ahran Plains Sundapple Copse Circuit.","15462","Dragonriding","0","0","1048576","0"
"dragonflight_category_hidden","True","15760","Sundapple Copse Circuit Advanced: Bronze","Complete Ohn'ahran Plains Waygate Sundapple Copse Circuit.","15462","Dragonriding","0","0","1048576","0"
"dragonflight_category_hidden","True","15761","Sundapple Copse Circuit Advanced: Silver","Get Silver ranked time for Ohn'ahran Plains Sundapple Copse Circuit Advanced.","15462","Dragonriding","0","0","1048576","0"
"dragonflight_category_hidden","True","15762","Sundapple Copse Circuit Advanced: Gold","Get Gold ranked time for Ohn'ahran Plains Sundapple Copse Circuit Advanced.","15462","Dragonriding","0","0","1048576","0"
"dragonflight_category_hidden","True","15763","Fen Flythrough: Bronze","Complete Ohn'ahran Plains Fen Flythrough.","15462","Dragonriding","0","0","1048576","0"
"dragonflight_category_hidden","True","15764","Fen Flythrough: Silver","Get Silver ranked time for Ohn'ahran Plains Fen Flythrough.","15462","Dragonriding","0","0","1048576","0"
"dragonflight_category_hidden","True","15765","Fen Flythrough: Gold","Get Gold ranked time for Ohn'ahran Plains Fen Flythrough.","15462","Dragonriding","0","0","1048576","0"
"dragonflight_category_hidden","True","15766","Fen Flythrough Advanced: Bronze","Complete Ohn'ahran Plains Fen Flythrough Advanced.","15462","Dragonriding","0","0","1048576","0"
"dragonflight_category_hidden","True","15767","Fen Flythrough Advanced: Silver","Get Silver ranked time for Ohn'ahran Plains Fen Flythrough Advanced.","15462","Dragonriding","0","0","1048576","0"
"dragonflight_category_hidden","True","15768","Fen Flythrough Advanced: Gold","Get Gold ranked time for Ohn'ahran Plains Fen Flythrough Advanced.","15462","Dragonriding","0","0","1048576","0"
"dragonflight_category_hidden","True","15769","Ravine River Run: Bronze","Complete Ohn'ahran Plains Ravine River Run.","15462","Dragonriding","0","0","1048576","0"
"dragonflight_category_hidden","True","15770","Ravine River Run: Silver","Get Silver ranked time for Ohn'ahran Plains Ravine River Run.","15462","Dragonriding","0","0","1048576","0"
"dragonflight_category_hidden","True","15771","Ravine River Run: Gold","Get Gold ranked time for Ohn'ahran Plains Ravine River Run.","15462","Dragonriding","0","0","1048576","0"
"dragonflight_category_hidden","True","15772","Ravine River Run Advanced: Bronze","Complete Ohn'ahran Plains Ravine River Run Advanced.","15462","Dragonriding","0","0","1048576","0"
"dragonflight_category_hidden","True","15773","Ravine River Run Advanced: Silver","Get Silver ranked time for Ohn'ahran Plains Ravine River Run Advanced.","15462","Dragonriding","0","0","1048576","0"
"dragonflight_category_hidden","True","15774","Ravine River Ru, Advanced: Gold","Get Gold ranked time for Ohn'ahran Plains Ravine River Run Advanced.","15462","Dragonriding","0","0","1048576","0"
"dragonflight_category_hidden","True","15775","Emerald Gardens Ascent: Bronze","Complete Ohn'ahran Plains Emerald Gardens Ascent.","15462","Dragonriding","0","0","1048576","0"
"dragonflight_category_hidden","True","15776","Emerald Gardens Ascent: Silver","Get Silver ranked time for Ohn'ahran Plains Emerald Gardens Ascent.","15462","Dragonriding","0","0","1048576","0"
"dragonflight_category_hidden","True","15777","Emerald Gardens Ascent: Gold","Get Gold ranked time for Ohn'ahran Plains Emerald Gardens Ascent.","15462","Dragonriding","0","0","1048576","0"
"dragonflight_category_hidden","True","15778","Emerald Gardens Ascent Advanced: Bronze","Complete Ohn'ahran Plains Emerald Gardens Ascent Advanced.","15462","Dragonriding","0","0","1048576","0"
"dragonflight_category_hidden","True","15779","Emerald Gardens Ascent Advanced: Silver","Get Silver ranked time for Ohn'ahran Plains Emerald Gardens Ascent Advanced.","15462","Dragonriding","0","0","1048576","0"
"dragonflight_category_hidden","True","15780","Emerald Gardens Ascent Advanced: Gold","Get Gold ranked time for Ohn'ahran Plains Emerald Gardens Ascent Advanced.","15462","Dragonriding","0","0","1048576","0"
"snapshot_candidate","True","15781","The Joy of Toy","Collect 500 toys.","15247","Toy Box","135709","197986","131072","10"
"dragonflight_category_hidden","True","15782","Maruukai Dash: Bronze","Complete Ohn'ahran Plains Maruukai Dash.","15462","Dragonriding","0","0","1048576","0"
"dragonflight_category_hidden","True","15783","Maruukai Dash: Silver","Get Silver ranked time for Ohn'ahran Plains Maruukai Dash.","15462","Dragonriding","0","0","1048576","0"
"dragonflight_category_hidden","True","15784","Maruukai Dash: Gold","Get Gold ranked time for Ohn'ahran Plains Maruukai Dash.","15462","Dragonriding","0","0","1048576","0"
"dragonflight_category_hidden","True","15785","Mirror of the Sky Dash: Bronze","Complete Ohn'ahran Plains Mirror of the Sky Dash.","15462","Dragonriding","0","0","1048576","0"
"dragonflight_category_hidden","True","15786","Mirror of the Sky Dash: Silver","Get Silver ranked time for Ohn'ahran Plains Mirror of the Sky Dash.","15462","Dragonriding","0","0","1048576","0"
"dragonflight_category_hidden","True","15787","Mirror of the Sky Dash: Gold","Get Gold ranked time for Ohn'ahran Plains Mirror of the Sky Dash.","15462","Dragonriding","0","0","1048576","0"
"dragonflight_category_hidden","True","15788","The Azure Span Sprint: Bronze","Complete The Azure Span Sprint.","15462","Dragonriding","0","0","1048576","0"
"dragonflight_category_hidden","True","15789","The Azure Span Sprint: Silver","Get Silver ranked time for The Azure Span Sprint.","15462","Dragonriding","0","0","1048576","0"
"dragonflight_category_hidden","True","15790","The Azure Span Sprint: Gold","Get Gold ranked time for The Azure Span Sprint.","15462","Dragonriding","0","0","1048576","0"
"dragonflight_category_hidden","True","15791","The Azure Span Sprint Advanced: Bronze","Complete The Azure Span Sprint Advanced.","15462","Dragonriding","0","0","1048576","0"
"dragonflight_category_hidden","True","15792","The Azure Span Sprint Advanced: Silver","Get Silver ranked time for The Azure Span Sprint Advanced.","15462","Dragonriding","0","0","1048576","0"
"dragonflight_category_hidden","True","15793","The Azure Span Sprint Advanced: Gold","Get Gold ranked time for The Azure Span Sprint Advanced.","15462","Dragonriding","0","0","1048576","0"
"dragonflight_category_confirmed","True","15794","A New Friend","Unlock the Renewed Proto-Drake.","15455","Dragonflight","135717","0","393216","10"
"dragonflight_category_confirmed","True","15795","Together in the Skies","Unlock the Windborne Velocidrake.","15455","Dragonflight","138126","0","131072","10"
"dragonflight_category_confirmed","True","15796","Cliffside Companion","Unlock the Cliffside Wylderdrake.","15455","Dragonflight","138130","0","131072","10"
"dragonflight_category_confirmed","True","15797","An Azure Ally","Unlock the Highland Drake.","15455","Dragonflight","138128","0","393216","10"
"dragonflight_category_hidden","True","15799","The Azure Span Slalom: Bronze","Complete The Azure Span Slalom.","15462","Dragonriding","0","0","1048576","0"
"dragonflight_category_hidden","True","15800","The Azure Span Slalom: Silver","Get Silver ranked time for The Azure Span Slalom.","15462","Dragonriding","0","0","1048576","0"
"dragonflight_category_hidden","True","15801","The Azure Span Slalom: Gold","Get Gold ranked time for The Azure Span Slalom.","15462","Dragonriding","0","0","1048576","0"
"dragonflight_category_hidden","True","15802","The Azure Span Slalom Advanced: Bronze","Complete The Azure Span Slalom Advanced.","15462","Dragonriding","0","0","1048576","0"
"dragonflight_category_hidden","True","15803","The Azure Span Slalom Advanced: Silver","Get Silver ranked time for The Azure Span Slalom Advanced.","15462","Dragonriding","0","0","1048576","0"
"dragonflight_category_hidden","True","15804","The Azure Span Slalom Advanced: Gold","Get Gold ranked time for The Azure Span Slalom Advanced.","15462","Dragonriding","0","0","1048576","0"
"snapshot_candidate","True","15805","Level 70","Reach level 70.","92","Character","135753","0","2101252","10"
"dragonflight_category_hidden","True","15818","The Vakthros Ascent: Bronze","Complete Azure Span Vakthros Ascent.","15462","Dragonriding","0","0","1048576","0"
"dragonflight_category_hidden","True","15819","The Vakthros Ascent: Silver","Get Silver ranked time for Azure Span Vakthros Ascent.","15462","Dragonriding","0","0","1048576","0"
"dragonflight_category_hidden","True","15820","The Vakthros Ascent: Gold","Get Gold ranked time for Azure Span Vakthros Ascent.","15462","Dragonriding","0","0","1048576","0"
"dragonflight_category_hidden","True","15821","The Vakthros Ascent Advanced: Bronze","Complete Azure Span Vakthros Ascent Advanced.","15462","Dragonriding","0","0","1048576","0"
"dragonflight_category_hidden","True","15822","The Vakthros Ascent Advanced: Silver","Get Silver ranked time for Azure Span Vakthros Ascent Advanced.","15462","Dragonriding","0","0","1048576","0"
"dragonflight_category_hidden","True","15823","The Vakthros Ascent Advanced: Gold","Get Gold ranked time for Azure Span Vakthros Ascent Advanced.","15462","Dragonriding","0","0","1048576","0"
"dragonflight_category_hidden","True","15827","The Flowing Forest Flight: Bronze","Complete Thaldraszus Flowing Forest Flight.","15462","Dragonriding","0","0","1048576","0"
"dragonflight_category_hidden","True","15828","The Flowing Forest Flight: Silver","Get Silver ranked time for Thaldraszus Flowing Forest Flight.","15462","Dragonriding","0","0","1048576","0"
"dragonflight_category_hidden","True","15829","The Flowing Forest Flight: Gold","Get Gold ranked time for Thaldraszus Flowing Forest Flight.","15462","Dragonriding","0","0","1048576","0"
"dragonflight_category_hidden","True","15830","The Flowing Forest Flight Advanced: Bronze","Complete Thaldraszus Flowing Forest Flight Advanced.","15462","Dragonriding","0","0","1048576","0"
"dragonflight_category_hidden","True","15831","The Flowing Forest Flight Advanced: Silver","Get Silver ranked time for Thaldraszus Flowing Forest Flight Advanced.","15462","Dragonriding","0","0","1048576","0"
"dragonflight_category_hidden","True","15832","The Flowing Forest Flight Advanced: Gold","Get Gold ranked time for Thaldraszus Flowing Forest Flight Advanced.","15462","Dragonriding","0","0","1048576","0"
"snapshot_candidate","True","15833","Thanks for the Carry!","Obtain 500 mounts (usable by a single character).","15248","Mounts","135858","198654","131072","10"
"snapshot_candidate","True","15834","Thanks for the Carry!","Obtain 500 mounts (usable by a single character).","15248","Mounts","135860","198654","131072","10"
"dragonflight_category_hidden","True","15835","Iskaara Tour: Bronze","Complete Azure Span Iskaara Tour.","15462","Dragonriding","0","0","1048576","0"
"dragonflight_category_hidden","True","15836","Iskaara Tour: Silver","Get Silver ranked time for Azure Span Iskaara Tour.","15462","Dragonriding","0","0","1048576","0"
"dragonflight_category_hidden","True","15837","Iskaara Tour: Gold","Get Gold ranked time for Azure Span Iskaara Tour.","15462","Dragonriding","0","0","1048576","0"
"dragonflight_category_hidden","True","15838","Iskaara Tour Advanced: Bronze","Complete Azure Span Iskaara Tour Advanced.","15462","Dragonriding","0","0","1048576","0"
"dragonflight_category_hidden","True","15839","Iskaara Tour Advanced: Silver","Get Silver ranked time for Azure Span Iskaara Tour Advanced.","15462","Dragonriding","0","0","1048576","0"
"dragonflight_category_hidden","True","15840","Iskaara Tour Advanced: Gold","Get Gold ranked time for Azure Span Iskaara Tour Advanced.","15462","Dragonriding","0","0","1048576","0"
"dragonflight_category_hidden","True","15841","Frostland Flyover: Bronze","Complete Azure Span Frostland Flyover.","15462","Dragonriding","0","0","1048576","0"
"dragonflight_category_hidden","True","15842","Frostland Flyover: Silver","Get Silver ranked time for Azure Span Frostland Flyover.","15462","Dragonriding","0","0","1048576","0"
"dragonflight_category_hidden","True","15843","Frostland Flyover: Gold","Get Gold ranked time for Azure Span Frostland Flyover.","15462","Dragonriding","0","0","1048576","0"
"dragonflight_category_hidden","True","15844","Frostland Flyover Advanced: Bronze","Complete Azure Span Frostland Flyover Advanced.","15462","Dragonriding","0","0","1048576","0"
"dragonflight_category_hidden","True","15845","Frostland Flyover Advanced: Silver","Get Silver ranked time for Azure Span Frostland Flyover Advanced","15462","Dragonriding","0","0","1048576","0"
"dragonflight_category_hidden","True","15846","Frostland Flyover Advanced: Gold","Get Gold ranked time for Azure Span Frostland Flyover Advanced.","15462","Dragonriding","0","0","1048576","0"
"dragonflight_category_hidden","True","15847","Archive Ambit: Bronze","Complete Azure Span Archive Ambit.","15462","Dragonriding","0","0","1048576","0"
"dragonflight_category_hidden","True","15848","Archive Ambit: Silver","Get Silver ranked time for Azure Span Archive Ambit.","15462","Dragonriding","0","0","1048576","0"
"dragonflight_category_hidden","True","15849","Archive Ambit: Gold","Get Gold ranked time for Azure Span Archive Ambit.","15462","Dragonriding","0","0","1048576","0"
"dragonflight_category_hidden","True","15850","Archive Ambit Advanced: Bronze","Complete Azure Span Archive Ambit Advanced.","15462","Dragonriding","0","0","1048576","0"
"dragonflight_category_hidden","True","15851","Archive Ambit Advanced: Silver","Get Silver ranked time for Azure Span Archive Ambit Advanced.","15462","Dragonriding","0","0","1048576","0"
"dragonflight_category_hidden","True","15852","Archive Ambit Advanced: Gold","Get Gold ranked time for Azure Span Archive Ambit Advanced.","15462","Dragonriding","0","0","1048576","0"
"dragonflight_category_hidden","True","15855","Tyrhold Trial: Bronze","Complete Thaldraszus Tyrhold Trial.","15462","Dragonriding","0","0","1048576","0"
"dragonflight_category_hidden","True","15856","Tyrhold Trial: Silver","Get Silver ranked time for Thaldraszus Tyrhold Trial.","15462","Dragonriding","0","0","1048576","0"
"dragonflight_category_hidden","True","15857","Tyrhold Trial: Gold","Get Gold ranked time for Thaldraszus Tyrhold Trial.","15462","Dragonriding","0","0","1048576","0"
"dragonflight_category_hidden","True","15858","Tyrhold Trial Advanced: Bronze","Complete Thaldraszus Tyrhold Trial Advanced.","15462","Dragonriding","0","0","1048576","0"
"dragonflight_category_hidden","True","15859","Tyrhold Trial Advanced: Silver","Get Silver ranked time for Thaldraszus Tyrhold Trial Advanced.","15462","Dragonriding","0","0","1048576","0"
"dragonflight_category_hidden","True","15860","Tyrhold Trial Advanced: Gold","Get Gold ranked time for Thaldraszus Tyrhold Trial Advanced.","15462","Dragonriding","0","0","1048576","0"
"internal_dnt","True","15861","Dragon Isles Enchanting 25 (DNT)","","15491","Enchanting","134163","0","9437188","0"
"internal_dnt","True","15862","Dragon Isles Enchanting 50 (DNT)","","15491","Enchanting","134165","0","9437188","0"
"internal_dnt","True","15863","Dragon Isles Enchanting 75 (DNT)","","15491","Enchanting","134169","0","9437188","0"
"internal_dnt","True","15864","Dragon Isles Engineering 25 (DNT)","","15492","Engineering","134171","0","9437188","0"
"internal_dnt","True","15865","Dragon Isles Engineering 50 (DNT)","","15492","Engineering","134173","0","9437188","0"
"internal_dnt","True","15866","Dragon Isles Engineering 75 (DNT)","","15492","Engineering","134177","0","9437188","0"
"internal_dnt","True","15867","Dragon Isles Herbalism 25 (DNT)","","15499","Herbalism","134179","0","9437188","0"
"internal_dnt","True","15868","Dragon Isles Herbalism 50 (DNT)","","15499","Herbalism","134181","0","9437188","0"
"internal_dnt","True","15869","Dragon Isles Herbalism 75 (DNT)","","15499","Herbalism","134185","0","9437188","0"
"internal_dnt","True","15870","Dragon Isles Inscription 25 (DNT)","","15493","Inscription","134187","0","9437188","0"
"internal_dnt","True","15871","Dragon Isles Inscription 50 (DNT)","","15493","Inscription","134189","0","9437188","0"
"internal_dnt","True","15872","Dragon Isles Inscription 75 (DNT)","","15493","Inscription","134193","0","9437188","0"
"internal_dnt","True","15873","Dragon Isles Jewelcrafting 25 (DNT)","","15494","Jewelcrafting","134195","0","9437188","0"
"internal_dnt","True","15874","Dragon Isles Jewelcrafting 50 (DNT)","","15494","Jewelcrafting","134197","0","9437188","0"
"internal_dnt","True","15875","Dragon Isles Jewelcrafting 75 (DNT)","","15494","Jewelcrafting","134201","0","9437188","0"
"internal_dnt","True","15876","Dragon Isles Leatherworking 25 (DNT)","","15495","Leatherworking","134203","0","9437188","0"
"internal_dnt","True","15877","Dragon Isles Leatherworking 50 (DNT)","","15495","Leatherworking","134205","0","9437188","0"
"internal_dnt","True","15878","Dragon Isles Leatherworking 60 (DNT)","","15495","Leatherworking","137085","0","9437188","0"
"internal_dnt","True","15879","Dragon Isles Mining 25 (DNT)","","15497","Mining","134211","0","9437188","0"
"internal_dnt","True","15880","Dragon Isles Mining 50 (DNT)","","15497","Mining","134213","0","9437188","0"
"internal_dnt","True","15881","Dragon Isles Mining 75 (DNT)","","15497","Mining","134217","0","9437188","0"
"internal_dnt","True","15882","Dragon Isles Skinning 25 (DNT)","","15498","Skinning","134219","0","9437188","0"
"internal_dnt","True","15883","Dragon Isles Skinning 50 (DNT)","","15498","Skinning","134221","0","9437188","0"
"internal_dnt","True","15884","Dragon Isles Skinning 75 (DNT)","","15498","Skinning","134225","0","9437188","0"
"internal_dnt","True","15885","Dragon Isles Tailoring 25 (DNT)","","15496","Tailoring","134227","0","9437188","0"
"internal_dnt","True","15886","Dragon Isles Tailoring 50 (DNT)","","15496","Tailoring","134229","0","9437188","0"
"internal_dnt","True","15887","Dragon Isles Tailoring 75 (DNT)","","15496","Tailoring","134233","0","9437188","0"
"dragonflight_category_confirmed","True","15889","River Rapids Wrangler","Collect 40 fish during one session of Ruriq's River Rapids Ride.","15455","Dragonflight","136487","0","0","5"
"dragonflight_category_confirmed","True","15890","Dragonscale Expedition: The Highest Peaks","Place a flag on 10 of the tallest peaks in the Dragon Isles.","15465","Dragon Isles","136485","0","0","5"
"dragonflight_category_hidden","True","15891","Cliffside Circuit: Bronze","Complete Thaldraszus Cliffside Circuit.","15462","Dragonriding","0","0","1048576","0"
"dragonflight_category_hidden","True","15892","Cliffside Circuit: Silver","Get Silver ranked time for Thaldraszus Cliffside Circuit.","15462","Dragonriding","0","0","1048576","0"
"dragonflight_category_hidden","True","15893","Cliffside Circuit: Gold","Get Gold ranked time for Thaldraszus Cliffside Circuit","15462","Dragonriding","0","0","1048576","0"
"dragonflight_category_hidden","True","15894","Cliffside Circuit Advanced: Bronze","Complete Thaldraszus Cliffside Circuit Advanced.","15462","Dragonriding","0","0","1048576","0"
"dragonflight_category_hidden","True","15895","Cliffside Circuit Advanced: Silver","Get Silver ranked time for Thaldraszus Cliffside Circuit Advanced.","15462","Dragonriding","0","0","1048576","0"
"dragonflight_category_hidden","True","15896","Cliffside Circuit Advanced: Gold","Get Gold ranked time for Thaldraszus Cliffside Circuit Advanced.","15462","Dragonriding","0","0","1048576","0"
"dragonflight_category_hidden","True","15897","Academy Ascent: Bronze","Complete Thaldraszus Academy Ascent.","15462","Dragonriding","0","0","1048576","0"
"dragonflight_category_hidden","True","15898","Academy Ascent: Silver","Get Silver ranked time for Thaldraszus Academy Ascent.","15462","Dragonriding","0","0","1048576","0"
"dragonflight_category_hidden","True","15899","Academy Ascent: Gold","Get Gold ranked time for Thaldraszus Academy Ascent.","15462","Dragonriding","0","0","1048576","0"
"dragonflight_category_hidden","True","15900","Academy Ascent Advanced: Bronze","Complete Thaldraszus Academy Ascent Advanced.","15462","Dragonriding","0","0","1048576","0"
"dragonflight_category_hidden","True","15901","Academy Ascent Advanced: Silver","Get Silver ranked time for Thaldraszus Academy Ascent Advanced.","15462","Dragonriding","0","0","1048576","0"
"dragonflight_category_hidden","True","15902","Academy Ascent Advanced: Gold","Get Gold ranked time for Thaldraszus Academy Ascent Advanced.","15462","Dragonriding","0","0","1048576","0"
"dragonflight_category_hidden","True","15903","Garden Gallivant: Bronze","Complete Thaldraszus Garden Gallivant.","15462","Dragonriding","0","0","1048576","0"
"dragonflight_category_hidden","True","15904","Garden Gallivant: Silver","Get Silver ranked time for Thaldraszus Garden Gallivant.","15462","Dragonriding","0","0","1048576","0"
"dragonflight_category_hidden","True","15905","Garden Gallivant: Gold","Get Gold ranked time for Thaldraszus Garden Gallivant.","15462","Dragonriding","0","0","1048576","0"
"dragonflight_category_hidden","True","15906","Garden Gallivant Advanced: Bronze","Complete Thaldraszus Garden Gallivant Advanced.","15462","Dragonriding","0","0","1048576","0"
"dragonflight_category_hidden","True","15907","Garden Gallivant Advanced: Silver","Get Silver ranked time for Thaldraszus Garden Gallivant Advanced.","15462","Dragonriding","0","0","1048576","0"
"dragonflight_category_hidden","True","15908","Garden Gallivant Advanced: Gold","Get Gold ranked time for Thaldraszus Garden Gallivant Advanced.","15462","Dragonriding","0","0","1048576","0"
"dragonflight_category_hidden","True","15909","Caverns Criss-Cross: Bronze","Complete Thaldraszus Caverns Criss-Cross.","15462","Dragonriding","0","0","1048576","0"
"dragonflight_category_hidden","True","15910","Caverns Criss-Cross: Silver","Get Silver ranked time for Thaldraszus Caverns Criss-Cross.","15462","Dragonriding","0","0","1048576","0"
"dragonflight_category_hidden","True","15911","Caverns Criss-Cross: Gold","Get Gold ranked time for Thaldraszus Caverns Criss-Cross.","15462","Dragonriding","0","0","1048576","0"
"dragonflight_category_hidden","True","15912","Caverns Criss-Cross Advanced: Bronze","Complete Thaldraszus Caverns Criss-Cross Advanced.","15462","Dragonriding","0","0","1048576","0"
"dragonflight_category_hidden","True","15913","Caverns Criss-Cross Advanced: Silver","Get Silver ranked time for Thaldraszus Caverns Criss-Cross Advanced.","15462","Dragonriding","0","0","1048576","0"
"dragonflight_category_hidden","True","15914","Caverns Criss-Cross Advanced: Gold","Get Gold ranked time for Thaldraszus Caverns Criss-Cross Advanced.","15462","Dragonriding","0","0","1048576","0"
"dragonflight_category_confirmed","True","15915","Waking Shores: Bronze","Complete all normal races in the Waking Shores.","15462","Dragonriding","136654","0","0","10"
"dragonflight_category_confirmed","True","15916","Waking Shores: Silver","Obtain silver in all normal races in the Waking Shores.","15462","Dragonriding","136663","0","0","10"
"dragonflight_category_confirmed","True","15917","Waking Shores: Gold","Obtain gold in all normal races in the Waking Shores.","15462","Dragonriding","136672","0","0","10"
"dragonflight_category_confirmed","True","15918","Ohn'ahran Plains: Bronze","Complete all normal races in the Ohn'ahran Plains.","15462","Dragonriding","136708","0","0","10"
"dragonflight_category_confirmed","True","15919","Ohn'ahran Plains: Silver","Obtain silver in all normal races in the Ohn'ahran Plains.","15462","Dragonriding","136715","0","0","10"
"dragonflight_category_confirmed","True","15920","Ohn'ahran Plains: Gold","Obtain gold in all normal races in the Ohn'ahran Plains.","15462","Dragonriding","136722","0","0","10"
"dragonflight_category_confirmed","True","15921","Azure Span: Bronze","Complete all normal races in the Azure Span.","15462","Dragonriding","136744","0","0","10"
"dragonflight_category_confirmed","True","15922","Azure Span: Silver","Obtain silver in all normal races in the Azure Span.","15462","Dragonriding","136751","0","0","10"
"dragonflight_category_confirmed","True","15923","Azure Span: Gold","Obtain gold in all normal races in the Azure Span.","15462","Dragonriding","136758","0","0","10"
"dragonflight_category_confirmed","True","15924","Thaldraszus: Bronze","Complete all normal races in Thaldraszus.","15462","Dragonriding","136786","0","0","10"
"dragonflight_category_confirmed","True","15925","Thaldraszus: Silver","Obtain silver in all normal races in Thaldraszus.","15462","Dragonriding","136793","0","0","10"
"dragonflight_category_confirmed","True","15926","Thaldraszus: Gold","Obtain gold in all normal races in Thaldraszus.","15462","Dragonriding","136800","0","0","10"
"dragonflight_category_confirmed","True","15927","Waking Shores Advanced: Bronze","Complete all advanced races in the Waking Shores.","15462","Dragonriding","136681","0","0","10"
"dragonflight_category_confirmed","True","15928","Waking Shores Advanced: Silver","Obtain silver in all advanced races in the Waking Shores.","15462","Dragonriding","136690","0","0","10"
"dragonflight_category_confirmed","True","15929","Waking Shores Advanced: Gold","Obtain gold in all advanced races in the Waking Shores.","15462","Dragonriding","136699","0","0","10"
"dragonflight_category_confirmed","True","15930","Ohn'ahran Plains Advanced: Bronze","Complete all advanced races in the Ohn'ahran Plains.","15462","Dragonriding","136729","0","0","10"
"dragonflight_category_confirmed","True","15931","Ohn'ahran Plains Advanced: Silver","Obtain silver in all advanced races in the Ohn'ahran Plains.","15462","Dragonriding","136734","0","0","10"
"dragonflight_category_confirmed","True","15932","Ohn'ahran Plains Advanced: Gold","Obtain gold in all advanced races in the Ohn'ahran Plains.","15462","Dragonriding","136739","0","0","10"
"dragonflight_category_confirmed","True","15933","Azure Span Advanced: Bronze","Complete all advanced races in the Azure Span.","15462","Dragonriding","136765","0","0","10"
"dragonflight_category_confirmed","True","15934","Azure Span Advanced: Silver","Obtain silver in all advanced races in the Azure Span.","15462","Dragonriding","136772","0","0","10"
"dragonflight_category_confirmed","True","15935","Azure Span Advanced: Gold","Obtain gold in all advanced races in the Azure Span.","15462","Dragonriding","136779","0","0","10"
"dragonflight_category_confirmed","True","15936","Thaldraszus Advanced: Bronze","Complete all advanced races in Thaldraszus.","15462","Dragonriding","136807","0","0","10"
"dragonflight_category_confirmed","True","15937","Thaldraszus Advanced: Silver","Obtain silver in all advanced races in Thaldraszus.","15462","Dragonriding","136814","0","0","10"
"dragonflight_category_confirmed","True","15938","Thaldraszus Advanced: Gold","Obtain gold in all advanced races in Thaldraszus.","15462","Dragonriding","136821","0","0","10"
"dragonflight_category_confirmed","True","15939","Dragon Racing Completionist: Bronze","Complete all races in the Dragon Isles.","15462","Dragonriding","136828","0","0","20"
"dragonflight_category_confirmed","True","15940","Dragon Racing Completionist: Silver","Obtain silver in all races in the Dragon Isles.","15462","Dragonriding","136837","0","0","20"
"dragonflight_category_confirmed","True","15941","Dragon Racing Completionist: Gold","Obtain gold in all races in the Dragon Isles.","15462","Dragonriding","136846","0","0","20"
"snapshot_candidate","True","15942","Crimson Combatant","","15270","Player vs. Player","136870","201788","1179648","0"
"snapshot_candidate","True","15943","Crimson Combatant","","15270","Player vs. Player","136872","201789","1179648","0"
"snapshot_candidate","True","15951","Crimson Gladiator: Dragonflight Season 1","End Dragonflight PvP Season 1 in the top 0.1% of the 3v3 arena ladder (requires 150 games won in Dragonflight Season 1).","15270","Player vs. Player","0","0","14336","0"
"snapshot_candidate","True","15952","Rival I: Dragonflight Season 1","Earn the rank of Rival I during Dragonflight Season 1.","15270","Player vs. Player","136882","0","14336","0"
"snapshot_candidate","True","15953","Rival II: Dragonflight Season 1","Earn the rank of Rival II during Dragonflight Season 1.","15270","Player vs. Player","136886","0","14336","0"
"snapshot_candidate","True","15954","Duelist: Dragonflight Season 1","Earn the rank of Duelist during Dragonflight Season 1.","15270","Player vs. Player","136892","0","17053696","0"
"snapshot_candidate","True","15955","Challenger I: Dragonflight Season 1","Earn the rank of Challenger I during Dragonflight Season 1.","15270","Player vs. Player","136874","0","14336","0"
"snapshot_candidate","True","15956","Challenger II: Dragonflight Season 1","Earn the rank of Challenger II during Dragonflight Season 1.","15270","Player vs. Player","136878","0","14336","0"
"snapshot_candidate","True","15957","Gladiator: Dragonflight Season 1","Win 50 3v3 games while at Elite rank during Dragonflight Season 1.","15270","Player vs. Player","136890","202086","14336","0"
"snapshot_candidate","True","15958","Hero of the Horde: Crimson","End Dragonflight Season 1 in the top 0.5% of the rated battleground ladder (requires 50 games won in Dragonflight Season 1).","15270","Player vs. Player","0","0","14336","0"
"snapshot_candidate","True","15959","Hero of the Alliance: Crimson","End Dragonflight Season 1 in the top 0.5% of the rated battleground ladder (requires 50 games won in Dragonflight Season 1).","15270","Player vs. Player","0","0","14336","0"
"snapshot_candidate","True","15960","Combatant I: Dragonflight Season 1","Earn the rank of Combatant I during Dragonflight Season 1.","15270","Player vs. Player","136896","0","2048","0"
"snapshot_candidate","True","15961","Combatant II: Dragonflight Season 1","Earn the rank of Combatant II during Dragonflight Season 1.","15270","Player vs. Player","136900","0","2048","0"
"snapshot_candidate","True","15984","Elite: Dragonflight Season 1","Earn the rank of Elite during Dragonflight Season 1.","15270","Player vs. Player","136946","0","17053696","0"
"dragonflight_category_hidden","True","15985","Dragon Glyphs: Skytop Observatory Tower","Collect the dragon glyph atop Skytop Observatory Tower.","15462","Dragonriding","0","0","1179648","0"
"dragonflight_category_hidden","True","15986","Dragon Glyphs: Wingrest Embassy","Collect the dragon glyph near Wingrest Embassy.","15462","Dragonriding","0","0","1179648","0"
"dragonflight_category_hidden","True","15987","Dragon Glyphs: Obsidian Bulwark","Collect the dragon glyph near Obsidian Bulwark.","15462","Dragonriding","0","0","1179648","0"
"dragonflight_category_hidden","True","15988","Dragon Glyphs: Ruby Life Pools Peaks","Collect the dragon glyph west of the Ruby Life Pools.","15462","Dragonriding","0","0","1179648","0"
"dragonflight_category_hidden","True","15989","Dragon Glyphs: The Overflowing Spring","Collect the dragon glyph near The Overflowing Spring.","15462","Dragonriding","0","0","1179648","0"
"dragonflight_category_hidden","True","15990","Dragon Glyphs: Life-Binder Observatory","Collect the dragon glyph near Life-Binder Observatory.","15462","Dragonriding","0","0","1179648","0"
"dragonflight_category_hidden","True","15991","Dragon Glyphs: Crumbling Life Archway","Collect the dragon glyph near the Crumbling Life Archway.","15462","Dragonriding","0","0","1179648","0"
"internal_dnt","False","15992","<DNT> Dragonscale Expedition Rank 01","","15466","Dragonflight","136964","0","3145728","0"
"internal_dnt","False","16022","<DNT> Dragonscale Expedition Rank 02","","15466","Dragonflight","136966","0","3145728","0"
"internal_dnt","False","16023","<DNT> Dragonscale Expedition Rank 03","","15466","Dragonflight","136968","0","3145728","0"
"internal_dnt","False","16024","<DNT> Dragonscale Expedition Rank 04","","15466","Dragonflight","136970","0","3145728","0"
"internal_dnt","False","16025","<DNT> Dragonscale Expedition Rank 05","","15466","Dragonflight","136972","0","3145728","0"
"internal_dnt","False","16026","<DNT> Dragonscale Expedition Rank 06","","15466","Dragonflight","136974","0","3145728","0"
"internal_dnt","False","16027","<DNT> Dragonscale Expedition Rank 07","","15466","Dragonflight","136976","0","3145728","0"
"internal_dnt","False","16028","<DNT> Dragonscale Expedition Rank 08","","15466","Dragonflight","136978","0","3145728","0"
"internal_dnt","False","16029","<DNT> Dragonscale Expedition Rank 09","","15466","Dragonflight","136980","0","3145728","0"
"internal_dnt","False","16030","<DNT> Dragonscale Expedition Rank 10","","15466","Dragonflight","136982","0","3145728","0"
"internal_dnt","False","16031","<DNT> Dragonscale Expedition Rank 11","","15466","Dragonflight","136984","0","3145728","0"
"internal_dnt","False","16032","<DNT> Dragonscale Expedition Rank 12","","15466","Dragonflight","136986","0","3145728","0"
"internal_dnt","False","16033","<DNT> Dragonscale Expedition Rank 13","","15466","Dragonflight","136988","0","3145728","0"
"internal_dnt","False","16034","<DNT> Dragonscale Expedition Rank 14","","15466","Dragonflight","136990","0","3145728","0"
"internal_dnt","False","16035","<DNT> Dragonscale Expedition Rank 15","","15466","Dragonflight","136992","0","3145728","0"
"internal_dnt","False","16036","<DNT> Dragonscale Expedition Rank 16","","15466","Dragonflight","136994","0","3145728","0"
"internal_dnt","False","16037","<DNT> Dragonscale Expedition Rank 17","","15466","Dragonflight","136996","0","3145728","0"
"internal_dnt","False","16038","<DNT> Dragonscale Expedition Rank 18","","15466","Dragonflight","136998","0","3145728","0"
"internal_dnt","False","16039","<DNT> Dragonscale Expedition Rank 19","","15466","Dragonflight","137000","0","3145728","0"
"internal_dnt","False","16040","<DNT> Dragonscale Expedition Rank 20","","15466","Dragonflight","137002","0","3145728","0"
"internal_dnt","False","16041","<DNT> Dragonscale Expedition Rank 21","","15466","Dragonflight","137004","0","3145728","0"
"internal_dnt","False","16042","<DNT> Dragonscale Expedition Rank 22","","15466","Dragonflight","137006","0","3145728","0"
"internal_dnt","False","16043","<DNT> Dragonscale Expedition Rank 23","","15466","Dragonflight","137008","0","3145728","0"
"internal_dnt","False","16044","<DNT> Dragonscale Expedition Rank 24","","15466","Dragonflight","137010","0","3145728","0"
"internal_dnt","False","16045","<DNT> Dragonscale Expedition Rank 25","","15466","Dragonflight","137012","0","3145728","0"
"internal_dnt","False","16046","<DNT> Dragonscale Expedition Rank 26","","15466","Dragonflight","137014","0","3145728","0"
"internal_dnt","False","16047","<DNT> Dragonscale Expedition Rank 27","","15466","Dragonflight","137016","0","3145728","0"
"internal_dnt","False","16048","<DNT> Dragonscale Expedition Rank 28","","15466","Dragonflight","137018","0","3145728","0"
"internal_dnt","False","16049","<DNT> Dragonscale Expedition Rank 29","","15466","Dragonflight","137020","0","3145728","0"
"internal_dnt","False","16050","<DNT> Dragonscale Expedition Rank 30","","15466","Dragonflight","137022","0","3145728","0"
"dragonflight_category_hidden","True","16051","Dragon Glyphs: Dragonheart Outpost","Collect the dragon glyph near Dragonheart Outpost.","15462","Dragonriding","0","0","1179648","0"
"dragonflight_category_hidden","True","16052","Dragon Glyphs: Scalecracker Peak","Collect the dragon glyph near Scalecracker Peak.","15462","Dragonriding","0","0","1179648","0"
"dragonflight_category_hidden","True","16053","Dragon Glyphs: Obsidian Throne","Collect the dragon glyph near the Obsidian Throne.","15462","Dragonriding","0","0","1179648","0"
"dragonflight_category_hidden","True","16054","Dragon Glyphs: Ohn'ahra's Roost","Collect the dragon glyph near Ohn'ahra's Roost.","15462","Dragonriding","0","0","1179648","0"
"dragonflight_category_hidden","True","16055","Dragon Glyphs: Nokhudon Hold","Collect the dragon glyph near Nokhudon Hold.","15462","Dragonriding","0","0","1179648","0"
"dragonflight_category_hidden","True","16056","Dragon Glyphs: Emerald Gardens","Collect the dragon glyph near the Emerald Gardens.","15462","Dragonriding","0","0","1179648","0"
"dragonflight_category_hidden","True","16057","Dragon Glyphs: The Eternal Kurgans","Collect the dragon glyph near The Eternal Kurgans.","15462","Dragonriding","0","0","1179648","0"
"dragonflight_category_hidden","True","16058","Dragon Glyphs: Szar Skeleth","Collect the dragon glyph near Szar Skeleth.","15462","Dragonriding","0","0","1179648","0"
"dragonflight_category_hidden","True","16059","Dragon Glyphs: Mirror of the Sky","Collect the dragon glyph near the Mirror of the Sky.","15462","Dragonriding","0","0","1179648","0"
"dragonflight_category_hidden","True","16060","Dragon Glyphs: Ohn'iri Springs","Collect the dragon glyph near the Ohn'iri Springs.","15462","Dragonriding","0","0","1179648","0"
"dragonflight_category_hidden","True","16061","Dragon Glyphs: Dragonsprings Summit","Collect the dragon glyph near the Dragonsprings Summit.","15462","Dragonriding","0","0","1179648","0"
"dragonflight_category_hidden","True","16062","Dragon Glyphs: Rusza'thar Reach","Collect the dragon glyph near Rusza'thar Reach.","15462","Dragonriding","0","0","1179648","0"
"dragonflight_category_hidden","True","16063","Dragon Glyphs: Windsong Rise","Collect the dragon glyph near Windsong Rise.","15462","Dragonriding","0","0","1179648","0"
"dragonflight_category_hidden","True","16064","Dragon Glyphs: Cobalt Assembly","Collect the dragon glyph near Cobalt Assembly.","15462","Dragonriding","0","0","1179648","0"
"dragonflight_category_hidden","True","16065","Dragon Glyphs: Azure Archives","Collect the dragon glyph near The Azure Archives.","15462","Dragonriding","0","0","1179648","0"
"dragonflight_category_hidden","True","16066","Dragon Glyphs: Ruins of Karnthar","Collect the dragon glyph near the Ruins of Karnthar.","15462","Dragonriding","0","0","1179648","0"
"dragonflight_category_hidden","True","16067","Dragon Glyphs: Lost Ruins","Collect the dragon glyph near the Lost Ruins.","15462","Dragonriding","0","0","1179648","0"
"dragonflight_category_hidden","True","16068","Dragon Glyphs: Brackenhide Hollow","Collect the dragon glyph near Brackenhide Hollow.","15462","Dragonriding","0","0","1179648","0"
"dragonflight_category_hidden","True","16069","Dragon Glyphs: Drake Eye's Pond","Collect the dragon glyph near Drake Eye's Pond","15462","Dragonriding","0","0","1179648","0"
"dragonflight_category_hidden","True","16070","Dragon Glyphs: Imbu","Collect the dragon glyph near Imbu.","15462","Dragonriding","0","0","1179648","0"
"dragonflight_category_hidden","True","16071","Dragon Glyphs: Zelthrak Outpost","Collect the dragon glyph near Zelthrak Outpost.","15462","Dragonriding","0","0","1179648","0"
"dragonflight_category_hidden","True","16072","Dragon Glyphs: Rhonin's Shield","Collect the dragon glyph southeast of Rhonin's Shield.","15462","Dragonriding","0","0","1179648","0"
"dragonflight_category_hidden","True","16073","Dragon Glyphs: Vakthros Range","Collect the dragon glyph near Vakthros Range.","15462","Dragonriding","0","0","1179648","0"
"snapshot_candidate","True","16074","Decatriarch Wratheye kills (Normal Brackenhide Hollow)","","15469","Dragonflight","137037","0","1","0"
"snapshot_candidate","True","16075","Decatriarch Wratheye kills (Heroic Brackenhide Hollow)","","15469","Dragonflight","137039","0","1","0"
"snapshot_candidate","True","16076","Decatriarch Wratheye kills (Mythic Brackenhide Hollow)","","15469","Dragonflight","137041","0","1","0"
"snapshot_candidate","True","16077","Primal Tsunami kills (Normal Halls of Infusion)","","15469","Dragonflight","137043","0","1","0"
"snapshot_candidate","True","16078","Primal Tsunami kills (Heroic Halls of Infusion)","","15469","Dragonflight","137045","0","1","0"
"snapshot_candidate","True","16079","Primal Tsunami kills (Mythic Halls of Infusion)","","15469","Dragonflight","137047","0","1","0"
"snapshot_candidate","True","16080","Warlord Sargha kills (Normal Neltharus)","","15469","Dragonflight","137049","0","1","0"
"snapshot_candidate","True","16081","Warlord Sargha kills (Heroic Neltharus)","","15469","Dragonflight","137051","0","1","0"
"snapshot_candidate","True","16082","Warlord Sargha kills (Mythic Neltharus)","","15469","Dragonflight","137053","0","1","0"
"snapshot_candidate","True","16083","Kyrakka and Erkhart Stormvein kills (Normal Ruby Life Pools)","","15469","Dragonflight","137055","0","1","0"
"snapshot_candidate","True","16084","Kyrakka and Erkhart Stormvein kills (Heroic Ruby Life Pools)","","15469","Dragonflight","137057","0","1","0"
"snapshot_candidate","True","16085","Kyrakka and Erkhart Stormvein kills (Mythic Ruby Life Pools)","","15469","Dragonflight","137059","0","1","0"
"snapshot_candidate","True","16086","Echo of Doragosa kills (Normal Algeth'ar Academy)","","15469","Dragonflight","137061","0","1","0"
"snapshot_candidate","True","16087","Echo of Doragosa kills (Heroic Algeth'ar Academy)","","15469","Dragonflight","137063","0","1","0"
"snapshot_candidate","True","16088","Echo of Doragosa kills (Mythic Algeth'ar Academy)","","15469","Dragonflight","137065","0","1","0"
"snapshot_candidate","True","16089","Umbrelskel kills (Normal The Azure Vault)","","15469","Dragonflight","137067","0","1","0"
"snapshot_candidate","True","16090","Umbrelskel kills (Heroic The Azure Vault)","","15469","Dragonflight","137069","0","1","0"
"snapshot_candidate","True","16091","Umbrelskel kills (Mythic The Azure Vault)","","15469","Dragonflight","137071","0","1","0"
"snapshot_candidate","True","16092","Balakar Khan kills (Normal The Nokhud Offensive)","","15469","Dragonflight","137073","0","1","0"
"snapshot_candidate","True","16093","Balakar Khan kills (Heroic The Nokhud Offensive)","","15469","Dragonflight","137075","0","1","0"
"snapshot_candidate","True","16094","Balakar Khan kills (Mythic The Nokhud Offensive)","","15469","Dragonflight","137077","0","1","0"
"snapshot_candidate","True","16095","Chrono-Lord Deios kills (Normal Uldaman: Legacy of Tyr)","","15469","Dragonflight","137079","0","1","0"
"snapshot_candidate","True","16096","Chrono-Lord Deios kills (Heroic Uldaman: Legacy of Tyr)","","15469","Dragonflight","137081","0","1","0"
"snapshot_candidate","True","16097","Chrono-Lord Deios kills (Mythic Uldaman: Legacy of Tyr)","","15469","Dragonflight","137083","0","1","0"
"dragonflight_category_hidden","True","16098","Dragon Glyphs: Temporal Conflux","Collect the dragon glyph near the Temporal Conflux.","15462","Dragonriding","0","0","1179648","0"
"dragonflight_category_hidden","True","16099","Dragon Glyphs: Stormshroud Peak","Collect the dragon glyph near Stormshroud Peak.","15462","Dragonriding","0","0","1179648","0"
"dragonflight_category_hidden","True","16100","Dragon Glyphs: South Hold Gate","Collect the dragon glyph near the South Hold Gate.","15462","Dragonriding","0","0","1179648","0"
"dragonflight_category_hidden","True","16101","Dragon Glyphs: Valdrakken","Collect the dragon glyph in Valdrakken.","15462","Dragonriding","0","0","1179648","0"
"dragonflight_category_hidden","True","16102","Dragon Glyphs: Algeth'era","Collect the dragon glyph near Algeth'era.","15462","Dragonriding","0","0","1179648","0"
"dragonflight_category_hidden","True","16103","Dragon Glyphs: Tyrhold","Collect the dragon glyph near Tyrhold.","15462","Dragonriding","0","0","1179648","0"
"dragonflight_category_hidden","True","16104","Dragon Glyphs: Algeth'ar Academy","Collect the dragon glyph near Algeth'ar Academy.","15462","Dragonriding","0","0","1179648","0"
"dragonflight_category_hidden","True","16105","Dragon Glyphs: Veiled Ossuary","Collect the dragon glyph near the Veiled Ossuary.","15462","Dragonriding","0","0","1179648","0"
"dragonflight_category_hidden","True","16106","Dragon Glyphs: Vault of the Incarnates","Collect the dragon glyph near the Vault of the Incarnates.","15462","Dragonriding","0","0","1179648","0"
"dragonflight_category_hidden","True","16107","Dragon Glyphs: Thaldraszus Apex","Collect the dragon glyph atop Thaldraszus Apex.","15462","Dragonriding","0","0","1179648","0"
"internal_dnt","True","16109","Dragon Isles Leatherworking 75 (DNT)","","15495","Leatherworking","134209","0","9437188","0"
"dragonflight_category_confirmed","True","16110","Subscribed to Hyena Facts","Learn five hyena facts from Gwybod in a single visit to Brackenhide Hollow on Mythic Difficulty.","15467","Dragonflight Dungeon","138863","0","0","10"
"internal_dnt","True","16111","<Hidden> 10.0 Professions Onboarding Skip Unlock [DNT]","","15455","Dragonflight","137150","0","3276804","0"
"internal_dnt","False","16137","<DNT> Iskaara Tuskarr Rank 01","","15466","Dragonflight","137166","0","3145728","0"
"internal_dnt","False","16138","<DNT> Iskaara Tuskarr Rank 02","","15466","Dragonflight","137168","0","3145728","0"
"internal_dnt","False","16139","<DNT> Iskaara Tuskarr Rank 03","","15466","Dragonflight","137170","0","3145728","0"
"internal_dnt","False","16140","<DNT> Iskaara Tuskarr Rank 04","","15466","Dragonflight","137172","0","3145728","0"
"internal_dnt","False","16141","<DNT> Iskaara Tuskarr Rank 05","","15466","Dragonflight","137174","0","3145728","0"
"internal_dnt","False","16142","<DNT> Iskaara Tuskarr Rank 06","","15466","Dragonflight","137176","0","3145728","0"
"internal_dnt","False","16143","<DNT> Iskaara Tuskarr Rank 07","","15466","Dragonflight","137178","0","3145728","0"
"internal_dnt","False","16144","<DNT> Iskaara Tuskarr Rank 08","","15466","Dragonflight","137180","0","3145728","0"
"internal_dnt","False","16145","<DNT> Iskaara Tuskarr Rank 09","","15466","Dragonflight","137182","0","3145728","0"
"internal_dnt","False","16146","<DNT> Iskaara Tuskarr Rank 10","","15466","Dragonflight","137184","0","3145728","0"
"internal_dnt","False","16147","<DNT> Iskaara Tuskarr Rank 11","","15466","Dragonflight","137186","0","3145728","0"
"internal_dnt","False","16148","<DNT> Iskaara Tuskarr Rank 12","","15466","Dragonflight","137188","0","3145728","0"
"internal_dnt","False","16149","<DNT> Iskaara Tuskarr Rank 13","","15466","Dragonflight","137190","0","3145728","0"
"internal_dnt","False","16150","<DNT> Iskaara Tuskarr Rank 14","","15466","Dragonflight","137192","0","3145728","0"
"internal_dnt","False","16151","<DNT> Iskaara Tuskarr Rank 15","","15466","Dragonflight","137194","0","3145728","0"
"internal_dnt","False","16152","<DNT> Iskaara Tuskarr Rank 16","","15466","Dragonflight","137196","0","3145728","0"
"internal_dnt","False","16153","<DNT> Iskaara Tuskarr Rank 17","","15466","Dragonflight","137198","0","3145728","0"
"internal_dnt","False","16154","<DNT> Iskaara Tuskarr Rank 18","","15466","Dragonflight","137200","0","3145728","0"
"internal_dnt","False","16155","<DNT> Iskaara Tuskarr Rank 19","","15466","Dragonflight","137202","0","3145728","0"
"internal_dnt","False","16156","<DNT> Iskaara Tuskarr Rank 20","","15466","Dragonflight","137204","0","3145728","0"
"internal_dnt","False","16157","<DNT> Iskaara Tuskarr Rank 21","","15466","Dragonflight","137206","0","3145728","0"
"internal_dnt","False","16158","<DNT> Iskaara Tuskarr Rank 22","","15466","Dragonflight","137208","0","3145728","0"
"internal_dnt","False","16159","<DNT> Iskaara Tuskarr Rank 23","","15466","Dragonflight","137210","0","3145728","0"
"internal_dnt","False","16160","<DNT> Iskaara Tuskarr Rank 24","","15466","Dragonflight","137212","0","3145728","0"
"internal_dnt","False","16161","<DNT> Iskaara Tuskarr Rank 25","","15466","Dragonflight","137214","0","3145728","0"
"internal_dnt","False","16162","<DNT> Valdrakken Accord Rank 01","","15466","Dragonflight","137216","0","3145728","0"
"internal_dnt","False","16163","<DNT> Valdrakken Accord Rank 02","","15466","Dragonflight","137218","0","3145728","0"
"internal_dnt","False","16164","<DNT> Valdrakken Accord Rank 03","","15466","Dragonflight","137220","0","3145728","0"
"internal_dnt","False","16165","<DNT> Valdrakken Accord Rank 04","","15466","Dragonflight","137222","0","3145728","0"
"internal_dnt","False","16166","<DNT> Valdrakken Accord Rank 05","","15466","Dragonflight","137224","0","3145728","0"
"internal_dnt","False","16167","<DNT> Valdrakken Accord Rank 06","","15466","Dragonflight","137226","0","3145728","0"
"internal_dnt","False","16168","<DNT> Valdrakken Accord Rank 07","","15466","Dragonflight","137228","0","3145728","0"
"internal_dnt","False","16169","<DNT> Valdrakken Accord Rank 08","","15466","Dragonflight","137230","0","3145728","0"
"internal_dnt","False","16170","<DNT> Valdrakken Accord Rank 09","","15466","Dragonflight","137232","0","3145728","0"
"internal_dnt","False","16171","<DNT> Valdrakken Accord Rank 10","","15466","Dragonflight","137234","0","3145728","0"
"internal_dnt","False","16172","<DNT> Valdrakken Accord Rank 11","","15466","Dragonflight","137236","0","3145728","0"
"internal_dnt","False","16173","<DNT> Valdrakken Accord Rank 12","","15466","Dragonflight","137238","0","3145728","0"
"internal_dnt","False","16174","<DNT> Valdrakken Accord Rank 13","","15466","Dragonflight","137240","0","3145728","0"
"internal_dnt","False","16175","<DNT> Valdrakken Accord Rank 14","","15466","Dragonflight","137242","0","3145728","0"
"internal_dnt","False","16176","<DNT> Valdrakken Accord Rank 15","","15466","Dragonflight","137244","0","3145728","0"
"internal_dnt","False","16177","<DNT> Valdrakken Accord Rank 16","","15466","Dragonflight","137246","0","3145728","0"
"internal_dnt","False","16178","<DNT> Valdrakken Accord Rank 17","","15466","Dragonflight","137248","0","3145728","0"
"internal_dnt","False","16179","<DNT> Valdrakken Accord Rank 18","","15466","Dragonflight","137250","0","3145728","0"
"internal_dnt","False","16180","<DNT> Valdrakken Accord Rank 19","","15466","Dragonflight","137252","0","3145728","0"
"internal_dnt","False","16181","<DNT> Valdrakken Accord Rank 20","","15466","Dragonflight","137254","0","3145728","0"
"internal_dnt","False","16182","<DNT> Valdrakken Accord Rank 21","","15466","Dragonflight","137256","0","3145728","0"
"internal_dnt","False","16183","<DNT> Valdrakken Accord Rank 22","","15466","Dragonflight","137258","0","3145728","0"
"internal_dnt","False","16184","<DNT> Valdrakken Accord Rank 23","","15466","Dragonflight","137260","0","3145728","0"
"internal_dnt","False","16185","<DNT> Valdrakken Accord Rank 24","","15466","Dragonflight","137262","0","3145728","0"
"internal_dnt","False","16186","<DNT> Valdrakken Accord Rank 25","","15466","Dragonflight","137264","0","3145728","0"
"internal_dnt","False","16187","<DNT> Valdrakken Accord Rank 26","","15466","Dragonflight","137266","0","3145728","0"
"internal_dnt","False","16188","<DNT> Valdrakken Accord Rank 27","","15466","Dragonflight","137268","0","3145728","0"
"internal_dnt","False","16189","<DNT> Valdrakken Accord Rank 28","","15466","Dragonflight","137270","0","3145728","0"
"internal_dnt","False","16190","<DNT> Valdrakken Accord Rank 29","","15466","Dragonflight","137272","0","3145728","0"
"internal_dnt","False","16191","<DNT> Valdrakken Accord Rank 30","","15466","Dragonflight","137274","0","3145728","0"
"internal_dnt","False","16192","<DNT> Valdrakken Accord Rank 31","","15466","Dragonflight","137276","0","3145728","0"
"internal_dnt","False","16193","<DNT> Valdrakken Accord Rank 32","","15466","Dragonflight","137278","0","3145728","0"
"internal_dnt","False","16194","<DNT> Valdrakken Accord Rank 33","","15466","Dragonflight","137280","0","3145728","0"
"internal_dnt","False","16195","<DNT> Valdrakken Accord Rank 34","","15466","Dragonflight","137282","0","3145728","0"
"internal_dnt","False","16196","<DNT> Valdrakken Accord Rank 35","","15466","Dragonflight","137284","0","3145728","0"
"internal_dnt","False","16222","<DNT> Maruuk Centaur Rank 01","","15466","Dragonflight","137286","0","3145728","0"
"internal_dnt","False","16223","<DNT> Maruuk Centaur Rank 02","","15466","Dragonflight","137288","0","3145728","0"
"internal_dnt","False","16224","<DNT> Maruuk Centaur Rank 03","","15466","Dragonflight","137290","0","3145728","0"
"internal_dnt","False","16225","<DNT> Maruuk Centaur Rank 04","","15466","Dragonflight","137292","0","3145728","0"
"internal_dnt","False","16226","<DNT> Maruuk Centaur Rank 05","","15466","Dragonflight","137294","0","3145728","0"
"internal_dnt","False","16227","<DNT> Maruuk Centaur Rank 06","","15466","Dragonflight","137296","0","3145728","0"
"internal_dnt","False","16228","<DNT> Maruuk Centaur Rank 07","","15466","Dragonflight","137298","0","3145728","0"
"internal_dnt","False","16229","<DNT> Maruuk Centaur Rank 08","","15466","Dragonflight","137300","0","3145728","0"
"internal_dnt","False","16230","<DNT> Maruuk Centaur Rank 09","","15466","Dragonflight","137302","0","3145728","0"
"internal_dnt","False","16231","<DNT> Maruuk Centaur Rank 10","","15466","Dragonflight","137304","0","3145728","0"
"internal_dnt","False","16232","<DNT> Maruuk Centaur Rank 11","","15466","Dragonflight","137306","0","3145728","0"
"internal_dnt","False","16233","<DNT> Maruuk Centaur Rank 12","","15466","Dragonflight","137308","0","3145728","0"
"internal_dnt","False","16234","<DNT> Maruuk Centaur Rank 13","","15466","Dragonflight","137310","0","3145728","0"
"internal_dnt","False","16235","<DNT> Maruuk Centaur Rank 14","","15466","Dragonflight","137312","0","3145728","0"
"internal_dnt","False","16236","<DNT> Maruuk Centaur Rank 15","","15466","Dragonflight","137314","0","3145728","0"
"internal_dnt","False","16237","<DNT> Maruuk Centaur Rank 16","","15466","Dragonflight","137316","0","3145728","0"
"internal_dnt","False","16238","<DNT> Maruuk Centaur Rank 17","","15466","Dragonflight","137318","0","3145728","0"
"internal_dnt","False","16239","<DNT> Maruuk Centaur Rank 18","","15466","Dragonflight","137320","0","3145728","0"
"internal_dnt","False","16240","<DNT> Maruuk Centaur Rank 19","","15466","Dragonflight","137322","0","3145728","0"
"internal_dnt","False","16241","<DNT> Maruuk Centaur Rank 20","","15466","Dragonflight","137324","0","3145728","0"
"internal_dnt","False","16242","<DNT> Maruuk Centaur Rank 21","","15466","Dragonflight","137326","0","3145728","0"
"internal_dnt","False","16243","<DNT> Maruuk Centaur Rank 22","","15466","Dragonflight","137328","0","3145728","0"
"internal_dnt","False","16244","<DNT> Maruuk Centaur Rank 23","","15466","Dragonflight","137330","0","3145728","0"
"internal_dnt","False","16245","<DNT> Maruuk Centaur Rank 24","","15466","Dragonflight","137332","0","3145728","0"
"internal_dnt","False","16246","<DNT> Maruuk Centaur Rank 25","","15466","Dragonflight","137334","0","3145728","0"
"dragonflight_category_confirmed","True","16255","Brackenhide Hollow","Defeat Decatriarch Wratheye in Brackenhide Hollow.","15467","Dragonflight Dungeon","137371","0","0","10"
"dragonflight_category_confirmed","True","16256","Heroic: Brackenhide Hollow","Defeat Decatriarch Wratheye in Brackenhide Hollow on Heroic difficulty or higher.","15467","Dragonflight Dungeon","137373","0","0","10"
"dragonflight_category_confirmed","True","16257","Mythic: Brackenhide Hollow","Defeat Decatriarch Wratheye in Brackenhide Hollow on Mythic or Mythic Keystone difficulty.","15467","Dragonflight Dungeon","137375","0","0","10"
"dragonflight_category_confirmed","True","16260","Halls of Infusion","Defeat the Primal Tsunami in Halls of Infusion.","15467","Dragonflight Dungeon","137377","0","0","10"
"dragonflight_category_confirmed","True","16261","Heroic: Halls of Infusion","Defeat the Primal Tsunami in Halls of Infusion on Heroic difficulty or higher.","15467","Dragonflight Dungeon","137379","0","0","10"
"dragonflight_category_confirmed","True","16262","Mythic: Halls of Infusion","Defeat the Primal Tsunami in Halls of Infusion on Mythic or Mythic Keystone difficulty.","15467","Dragonflight Dungeon","137381","0","0","10"
"dragonflight_category_confirmed","True","16263","Neltharus","Defeat Warlord Sargha in Neltharus.","15467","Dragonflight Dungeon","137383","0","0","10"
"dragonflight_category_confirmed","True","16264","Heroic: Neltharus","Defeat Warlord Sargha in Neltharus on Heroic difficulty or higher.","15467","Dragonflight Dungeon","137385","0","0","10"
"dragonflight_category_confirmed","True","16265","Mythic: Neltharus","Defeat Warlord Sargha in Neltharus on Mythic or Mythic Keystone difficulty.","15467","Dragonflight Dungeon","137387","0","0","10"
"dragonflight_category_confirmed","True","16266","Ruby Life Pools","Defeat Kyrakka and Erkhart Stormvein in Ruby Life Pools.","15467","Dragonflight Dungeon","137389","0","0","10"
"dragonflight_category_confirmed","True","16267","Heroic: Ruby Life Pools","Defeat Kyrakka and Erkhart Stormvein in Ruby Life Pools on Heroic difficulty or higher.","15467","Dragonflight Dungeon","137391","0","0","10"
"dragonflight_category_confirmed","True","16268","Mythic: Ruby Life Pools","Defeat Kyrakka and Erkhart Stormvein in Ruby Life Pools on Mythic or Mythic Keystone difficulty.","15467","Dragonflight Dungeon","137393","0","0","10"
"dragonflight_category_confirmed","True","16269","Algeth'ar Academy","Defeat the Echo of Doragosa in Algeth'ar Academy.","15467","Dragonflight Dungeon","137395","0","0","10"
"dragonflight_category_confirmed","True","16270","Heroic: Algeth'ar Academy","Defeat the Echo of Doragosa in Algeth'ar Academy on Heroic difficulty or higher.","15467","Dragonflight Dungeon","137397","0","0","10"
"dragonflight_category_confirmed","True","16271","Mythic: Algeth'ar Academy","Defeat the Echo of Doragosa in Algeth'ar Academy on Mythic or Mythic Keystone difficulty.","15467","Dragonflight Dungeon","137399","0","0","10"
"dragonflight_category_confirmed","True","16272","The Azure Vault","Defeat Umbrelskul in The Azure Vault.","15467","Dragonflight Dungeon","137401","0","0","10"
"dragonflight_category_confirmed","True","16273","Heroic: The Azure Vault","Defeat Umbrelskul in The Azure Vault on Heroic difficulty or higher.","15467","Dragonflight Dungeon","137403","0","0","10"
"dragonflight_category_confirmed","True","16274","Mythic: The Azure Vault","Defeat Umbrelskul in The Azure Vault on Mythic or Mythic Keystone difficulty.","15467","Dragonflight Dungeon","137405","0","0","10"
"dragonflight_category_confirmed","True","16275","The Nokhud Offensive","Defeat Balakar Khan in The Nokhud Offensive.","15467","Dragonflight Dungeon","137407","0","0","10"
"dragonflight_category_confirmed","True","16276","Heroic: The Nokhud Offensive","Defeat Balakar Khan in The Nokhud Offensive on Heroic difficulty or higher.","15467","Dragonflight Dungeon","137409","0","0","10"
"dragonflight_category_confirmed","True","16277","Mythic: The Nokhud Offensive","Defeat Balakar Khan in The Nokhud Offensive on Mythic or Mythic Keystone difficulty.","15467","Dragonflight Dungeon","137411","0","0","10"
"dragonflight_category_confirmed","True","16278","Uldaman: Legacy of Tyr","Defeat Chrono-Lord Deios in Uldaman: Legacy of Tyr.","15467","Dragonflight Dungeon","137413","0","0","10"
"dragonflight_category_confirmed","True","16279","Heroic: Uldaman: Legacy of Tyr","Defeat Chrono-Lord Deios in Uldaman: Legacy of Tyr on Heroic difficulty or higher.","15467","Dragonflight Dungeon","137415","0","0","10"
"dragonflight_category_confirmed","True","16280","Mythic: Uldaman: Legacy of Tyr","Defeat Chrono-Lord Deios in Uldaman: Legacy of Tyr on Mythic or Mythic Keystone difficulty.","15467","Dragonflight Dungeon","137417","0","0","10"
"dragonflight_category_confirmed","True","16281","Like Sands Through the Hourglass","Defeat Chrono-Lord Deios after catching 20 Eternity Orbs as they fall to the ground in Uldaman: Legacy of Tyr on Mythic difficulty.","15467","Dragonflight Dungeon","137473","0","0","10"
"dragonflight_category_confirmed","True","16282","No, You're Stunning!","Defeat Sentinel Talondras after simultaneously stunning both Sentinel Talondras and all party members in Uldaman: Legacy of Tyr on Mythic difficulty.","15467","Dragonflight Dungeon","137467","0","0","10"
"dragonflight_category_hidden","True","16283","<Hidden> Travel Network - Node Unlock: Azure Span - Cobalt Assembly","","15455","Dragonflight","137424","0","1179648","0"
"dragonflight_category_hidden","True","16284","<Hidden> Travel Network - Node Unlock: Azure Span - Vakthros","","15455","Dragonflight","137426","0","1179648","0"
"dragonflight_category_hidden","True","16285","<Hidden> Travel Network - Node Unlock: Ohn'ahran Plains - Shady Sanctuary","","15455","Dragonflight","137428","0","1179648","0"
"dragonflight_category_hidden","True","16286","<Hidden> Travel Network - Node Unlock: Ohn'ahran Plains - Rusza'thar Reach","","15455","Dragonflight","137430","0","1179648","0"
"dragonflight_category_hidden","True","16287","<Hidden> Travel Network - Node Unlock: Thaldraszus - Algeth'era","","15455","Dragonflight","137432","0","1179648","0"
"dragonflight_category_hidden","True","16288","<Hidden> Travel Network - Node Unlock: Thaldraszus - Eon's Fringe","","15455","Dragonflight","137434","0","1179648","0"
"dragonflight_category_hidden","True","16289","<Hidden> Travel Network - Node Unlock: Waking Shores - Rubyscale Outpost","","15455","Dragonflight","137436","0","1179648","0"
"dragonflight_category_hidden","True","16290","<Hidden> Travel Network - Node Unlock: Waking Shores - Skytop Observatory","","15455","Dragonflight","137438","0","1179648","0"
"dragonflight_category_confirmed","True","16291","An Ancient Awakening","Unlock the Ancient Waygate travel network in the Dragon Isles.","15455","Dragonflight","137440","0","0","5"
"dragonflight_category_confirmed","True","16292","Mastering the Waygates","Unlock all of the Ancient Waygate locations in the Dragon Isles.","15455","Dragonflight","137442","0","0","5"
"dragonflight_category_hidden","True","16293","<Hidden> Travel Network - Account Wide Unlock","","15455","Dragonflight","137451","0","1179648","0"
"snapshot_candidate","True","16294","Dragonflight Dungeon Hero","Complete the Dragonflight Heroic dungeon achievements listed below.","168","Dungeons & Raids","137475","0","135168","20"
"snapshot_candidate","True","16295","Glory of the Dragonflight Hero","Complete the Dragonflight Mythic dungeon achievements listed below.","168","Dungeons & Raids","137484","192784","143360","25"
"dragonflight_category_confirmed","True","16296","Growlbossify","Defeat Hackclaw's War-Band after freeing Chief Softpaw, equipping her with a spear and shield, and making sure she survives in Brackenhide Hollow on Mythic difficulty.","15467","Dragonflight Dungeon","138443","0","0","10"
"dragonflight_category_confirmed","True","16297","Treasures of The Waking Shores","Discover the hidden treasures within the Waking Shores.","15465","Dragon Isles","137550","0","0","5"
"dragonflight_category_confirmed","True","16298","Treasure Hunter of the Dragon Isles","Complete all of the Dragon Isles treasure achievements listed below.","15465","Dragon Isles","137557","0","131072","10"
"dragonflight_category_confirmed","True","16299","Treasures of the Ohn'ahran Plains","Discover the hidden treasures within the Ohn'ahran Plains.","15465","Dragon Isles","137559","0","0","5"
"dragonflight_category_confirmed","True","16300","Treasures of The Azure Span","Discover the hidden treasures within the Azure Span.","15465","Dragon Isles","137698","0","0","5"
"dragonflight_category_confirmed","True","16301","Treasures of Thaldraszus","Discover the hidden treasures within Thaldraszus.","15465","Dragon Isles","137705","0","0","5"
"dragonflight_category_hidden","True","16302","River Rapids Route: Bronze","Complete Ohn'ahran Plains River Rapids Route.","15462","Dragonriding","0","0","1048576","0"
"dragonflight_category_hidden","True","16303","River Rapids Route: Silver","Get Silver ranked time for Ohn'ahran Plains River Rapids Route.","15462","Dragonriding","0","0","1048576","0"
"dragonflight_category_hidden","True","16304","River Rapids Route: Gold","Get Gold ranked time for Ohn'ahran Plains River Rapids Route.","15462","Dragonriding","0","0","1048576","0"
"dragonflight_category_hidden","True","16305","River Rapids Route Advanced: Bronze","Complete Ohn'ahran Plains River Rapids Route Advanced.","15462","Dragonriding","0","0","1048576","0"
"dragonflight_category_hidden","True","16306","River Rapids Route Advanced: Silver","Get Silver ranked time for Ohn'ahran Plains River Rapids Route Advanced.","15462","Dragonriding","0","0","1048576","0"
"dragonflight_category_hidden","True","16307","River Rapids Route Advanced: Gold","Get Gold ranked time for Ohn'ahran Plains River Rapids Route Advanced.","15462","Dragonriding","0","0","1048576","0"
"internal_dnt","False","16308","<DNT> Iskaara Tuskarr Rank 26","","15466","Dragonflight","137821","0","3145728","0"
"internal_dnt","False","16309","<DNT> Iskaara Tuskarr Rank 27","","15466","Dragonflight","137823","0","3145728","0"
"internal_dnt","False","16310","<DNT> Iskaara Tuskarr Rank 28","","15466","Dragonflight","137825","0","3145728","0"
"internal_dnt","False","16311","<DNT> Iskaara Tuskarr Rank 29","","15466","Dragonflight","137827","0","3145728","0"
"internal_dnt","False","16312","<DNT> Iskaara Tuskarr Rank 30","","15466","Dragonflight","137829","0","3145728","0"
"dragonflight_category_confirmed","True","16317","Secret Fishing Spots","Gain Access to all Secret Fishing Pools.","15466","Dragonflight","137868","0","65536","10"
"dragonflight_category_hidden","True","16319","A New Friend - Per Character Unlocks","Hidden achievement to turn on dragon riding talents for characters after the first. [DNT]","15455","Dragonflight","137932","0","1310724","0"
"dragonflight_category_confirmed","True","16320","Does Steam Do Fire Damage?","Defeat Kokia Blazehoof after heating up 4 life pools with Molten Boulder in Ruby Life Pools on Mythic difficulty.","15467","Dragonflight Dungeon","137968","0","0","10"
"dragonflight_category_confirmed","True","16321","Cutting Tusk Equipment","Obtain Iskaaran harpoon and Iskaaran fishing net.","15466","Dragonflight","137976","0","0","10"
"dragonflight_category_confirmed","True","16322","Best in Slot","Fully upgrade your Iskaaran fishing gear.","15466","Dragonflight","137970","0","0","10"
"dragonflight_category_confirmed","True","16323","Fragments of History","Acquire for Emilia Bellocq, the following loose pieces of statuary located around the Dragon Isles.","15465","Dragon Isles","137979","0","0","10"
"snapshot_candidate","True","16324","Nokhudon Proving Grounds matches","Nokhudon Proving Grounds matches","152","Rated Arenas","138022","0","1","0"
"snapshot_candidate","True","16325","Nokhudon Proving Grounds victories","Nokhudon Proving Grounds victories","152","Rated Arenas","138020","0","1","0"
"dragonflight_category_hidden","True","16326","<Hidden> ACCOUNT: Campaign Complete","","15455","Dragonflight","138051","0","3276804","0"
"internal_dnt","True","16327","<DNT> Dragonscale Expedition - Climbing Unlocked","","15466","Dragonflight","138053","0","3276800","0"
"internal_dnt","True","16328","<DNT> Dragonscale Expedition - Cataloging Unlocked","","15466","Dragonflight","138055","0","3276800","0"
"dragonflight_category_confirmed","True","16329","Duck, Duck, Spruce!","Defeat the Overgrown Ancient while all party members have a Well-Fed Duckling on their head in Algeth'ar Academy on Mythic difficulty.","15467","Dragonflight Dungeon","138878","0","0","10"
"dragonflight_category_confirmed","True","16330","You Must Be Made of Hide","Defeat Umbrelskul without being hit by a polymorph trap or triggering a Shriek in The Azure Vault on Mythic difficulty.","15467","Dragonflight Dungeon","138059","0","0","10"
"dragonflight_category_confirmed","True","16331","The Cracked Crystal","Defeat Umbrelskul after smashing Shimmering Geodes with Dragon Strike and destroying 9 Geode Chunks in The Azure Vault on Mythic difficulty.","15467","Dragonflight Dungeon","138062","0","0","10"
"dragonflight_category_confirmed","True","16334","Waking Hope","Complete the following storylines in the Waking Shores.","15455","Dragonflight","94553","0","0","10"
"dragonflight_category_confirmed","True","16335","What Frozen Things Do","Defeat Eranog after finding a Frozen Portal Stone and defeating a Burning Behemoth in Vault of the Incarnates on Normal difficulty or higher.","15468","Dragonflight Raid","138067","0","0","10"
"dragonflight_category_confirmed","True","16336","Azure Spanner","Complete the following storylines in the Azure Span.","15455","Dragonflight","138069","0","0","10"
"dragonflight_category_confirmed","True","16337","It's a Trogg Eat Trogg World","Defeat Bromach while 10 or more Stonevault Troggs are still alive in Uldaman: Legacy of Tyr on Mythic difficulty.","15467","Dragonflight Dungeon","138089","0","0","10"
"dragonflight_category_confirmed","True","16338","Fang Flap Fire Fighter","Get 10 points in a single game of Fang Flap Fire.","15465","Dragon Isles","138078","0","131072","5"
"dragonflight_category_confirmed","True","16339","Myths of the Dragonflight Dungeons","Complete each of the following Dragonflight dungeons on Mythic or Mythic Keystone difficulty.","15467","Dragonflight Dungeon","138080","0","131072","10"
"dragonflight_category_confirmed","True","16343","Vault of the Incarnates","Defeat the following bosses on any difficulty.","15468","Dragonflight Raid","138132","0","0","10"
"dragonflight_category_confirmed","True","16345","Heroic: Vault of the Incarnates","Defeat the following bosses on Heroic difficulty.","15468","Dragonflight Raid","138141","0","0","10"
"dragonflight_category_confirmed","True","16346","Mythic: Eranog","Defeat Eranog in Vault of the Incarnates on Mythic difficulty.","15468","Dragonflight Raid","138150","0","0","10"
"dragonflight_category_confirmed","True","16347","Mythic: Terros","Defeat Terros in Vault of the Incarnates on Mythic difficulty.","15468","Dragonflight Raid","138152","0","0","10"
"dragonflight_category_confirmed","True","16348","Mythic: The Primal Council","Defeat The Primal Council in Vault of the Incarnates on Mythic difficulty.","15468","Dragonflight Raid","138154","0","0","10"
"dragonflight_category_confirmed","True","16349","Mythic: Sennarth, The Cold Breath","Defeat Sennarth, The Cold Breath in Vault of the Incarnates on Mythic difficulty.","15468","Dragonflight Raid","138156","0","0","10"
"dragonflight_category_confirmed","True","16350","Mythic: Dathea, Ascended","Defeat Dathea, Ascended in Vault of the Incarnates on Mythic difficulty.","15468","Dragonflight Raid","138158","0","0","10"
"dragonflight_category_confirmed","True","16351","Mythic: Kurog Grimtotem","Defeat Kurog Grimtotem in Vault of the Incarnates on Mythic difficulty.","15468","Dragonflight Raid","138160","0","0","10"
"dragonflight_category_confirmed","True","16352","Mythic: Broodkeeper Diurna","Defeat Broodkeeper Diurna in Vault of the Incarnates on Mythic difficulty.","15468","Dragonflight Raid","138162","0","0","10"
"dragonflight_category_confirmed","True","16353","Mythic: Raszageth the Storm-Eater","Defeat Raszageth the Storm-Eater in Vault of the Incarnates on Mythic difficulty.","15468","Dragonflight Raid","138164","0","0","10"
"dragonflight_category_confirmed","True","16354","Mythic: Vault of the Incarnates","Defeat the following bosses on Mythic difficulty.","15468","Dragonflight Raid","138166","0","0","10"
"snapshot_candidate","True","16355","Glory of the Vault Raider","Complete the Vault of the Incarnates raid achievements listed below.","168","Dungeons & Raids","138175","192806","143360","25"
"snapshot_candidate","True","16356","Vault of the Incarnates Guild Run","Defeat the following bosses in Vault of the Incarnates on Normal difficulty or higher while in a guild group.","15471","Dragonflight Raid","138177","0","61440","10"
"snapshot_candidate","True","16357","Heroic: Vault of the Incarnates Guild Run","Defeat the following bosses in Vault of the Incarnates on Heroic difficulty or higher while in a guild group.","15471","Dragonflight Raid","138186","0","61440","10"
"snapshot_candidate","True","16358","Mythic: Raszageth the Storm-Eater Guild Run","Defeat Raszageth the Storm-Eater in Vault of the Incarnates on Mythic Difficulty while in a guild group.","15471","Dragonflight Raid","138195","0","61440","10"
"snapshot_candidate","True","16359","Eranog kills (Raid Finder Vault of the Incarnates)","","15469","Dragonflight","138197","0","1","0"
"snapshot_candidate","True","16361","Terros kills (Raid Finder Vault of the Incarnates)","","15469","Dragonflight","138199","0","1","0"
"snapshot_candidate","True","16362","The Primal Council kills (Raid Finder Vault of the Incarnates)","","15469","Dragonflight","138201","0","1","0"
"dragonflight_category_confirmed","True","16363","Just Don't Ask Me to Spell It","Complete the following storylines in Thaldraszus.","15455","Dragonflight","138205","0","0","10"
"dragonflight_category_confirmed","True","16364","The Lunker Below","Use fishing to lure the Lurking Lunker living in the lava out, then engage and defeat the Primal Council in the Vault of the Incarnates on Normal difficulty or higher.","15468","Dragonflight Raid","138230","0","0","10"
"dragonflight_category_confirmed","True","16365","Little Friends","Defeat Terros after hitting the three Dormant Earth nodes in his chamber with Awakened Earth and then defeating the resultant Energized Earth creatures in Vault of the Incarnates on Normal difficulty or higher.","15468","Dragonflight Raid","138305","0","0","10"
"snapshot_candidate","True","16366","Sennarth, The Cold Breath kills (Raid Finder Vault of the Incarnates)","","15469","Dragonflight","138247","0","1","0"
"snapshot_candidate","True","16367","Dathea, Ascended kills (Raid Finder Vault of the Incarnates)","","15469","Dragonflight","138249","0","1","0"
"snapshot_candidate","True","16368","Kurog Grimtotem kills (Raid Finder Vault of the Incarnates)","","15469","Dragonflight","138251","0","1","0"
"snapshot_candidate","True","16369","Broodkeeper Diurna kills (Raid Finder Vault of the Incarnates)","","15469","Dragonflight","138253","0","1","0"
"snapshot_candidate","True","16370","Raszageth kills (Raid Finder Vault of the Incarnates)","","15469","Dragonflight","138255","0","1","0"
"snapshot_candidate","True","16371","Eranog kills (Normal Vault of the Incarnates)","","15469","Dragonflight","138257","0","1","0"
"snapshot_candidate","True","16372","Terros kills (Normal Vault of the Incarnates)","","15469","Dragonflight","138259","0","1","0"
"snapshot_candidate","True","16373","The Primal Council kills (Normal Vault of the Incarnates)","","15469","Dragonflight","138261","0","1","0"
"snapshot_candidate","True","16374","Sennarth, The Cold Breath kills (Normal Vault of the Incarnates)","","15469","Dragonflight","138263","0","1","0"
"snapshot_candidate","True","16375","Dathea, Ascended kills (Normal Vault of the Incarnates)","","15469","Dragonflight","138265","0","1","0"
"snapshot_candidate","True","16376","Kurog Grimtotem kills (Normal Vault of the Incarnates)","","15469","Dragonflight","138267","0","1","0"
"snapshot_candidate","True","16377","Broodkeeper Diurna kills (Normal Vault of the Incarnates)","","15469","Dragonflight","138269","0","1","0"
"snapshot_candidate","True","16378","Raszageth kills (Normal Vault of the Incarnates)","","15469","Dragonflight","138271","0","1","0"
"snapshot_candidate","True","16379","Eranog kills (Heroic Vault of the Incarnates)","","15469","Dragonflight","138273","0","1","0"
"snapshot_candidate","True","16380","Terros kills (Heroic Vault of the Incarnates)","","15469","Dragonflight","138275","0","1","0"
"snapshot_candidate","True","16381","The Primal Council kills (Heroic Vault of the Incarnates)","","15469","Dragonflight","138277","0","1","0"
"snapshot_candidate","True","16382","Sennarth, The Cold Breath kills (Heroic Vault of the Incarnates)","","15469","Dragonflight","138279","0","1","0"
"snapshot_candidate","True","16383","Dathea, Ascended kills (Heroic Vault of the Incarnates)","","15469","Dragonflight","138281","0","1","0"
"snapshot_candidate","True","16384","Kurog Grimtotem kills (Heroic Vault of the Incarnates)","","15469","Dragonflight","138283","0","1","0"
"snapshot_candidate","True","16385","Broodkeeper Diurna kills (Heroic Vault of the Incarnates)","","15469","Dragonflight","138285","0","1","0"
"snapshot_candidate","True","16386","Raszageth kills (Heroic Vault of the Incarnates)","","15469","Dragonflight","138287","0","1","0"
"snapshot_candidate","True","16387","Eranog kills (Mythic Vault of the Incarnates)","","15469","Dragonflight","138289","0","1","0"
"snapshot_candidate","True","16388","Terros kills (Mythic Vault of the Incarnates)","","15469","Dragonflight","138291","0","1","0"
"snapshot_candidate","True","16389","The Primal Council kills (Mythic Vault of the Incarnates)","","15469","Dragonflight","138293","0","1","0"
"snapshot_candidate","True","16390","Sennarth, The Cold Breath kills (Mythic Vault of the Incarnates)","","15469","Dragonflight","138295","0","1","0"
"snapshot_candidate","True","16391","Dathea, Ascended kills (Mythic Vault of the Incarnates)","","15469","Dragonflight","138297","0","1","0"
"snapshot_candidate","True","16392","Kurog Grimtotem kills (Mythic Vault of the Incarnates)","","15469","Dragonflight","138299","0","1","0"
"snapshot_candidate","True","16393","Broodkeeper Diurna kills (Mythic Vault of the Incarnates)","","15469","Dragonflight","138301","0","1","0"
"snapshot_candidate","True","16394","Raszageth kills (Mythic Vault of the Incarnates)","","15469","Dragonflight","138303","0","1","0"
"snapshot_candidate","True","16395","Vaulternative Fashion","Collect an armor set from Vault of the Incarnates.","15259","Appearances","138313","0","131072","10"
"dragonflight_category_confirmed","True","16398","Sojourner of Thaldraszus","Complete the optional Thaldraszus storylines listed below.","15455","Dragonflight","138319","0","0","10"
"snapshot_candidate","True","16399","Lovin' Lubbins","Help Lubbins get his mojo back.","15117","Pet Battles","138328","0","131072","5"
"dragonflight_category_confirmed","True","16400","Explore the Waking Shores","Explore the Waking Shores, revealing the covered areas of the world map.","15465","Dragon Isles","138330","0","2097152","10"
"dragonflight_category_confirmed","True","16401","Sojourner of the Waking Shores","Complete the optional Waking Shores storylines listed below.","15455","Dragonflight","138349","0","0","10"
"dragonflight_category_confirmed","True","16402","Dragon Kill Points","Defeat Melidrussa after defeating 40 of her chamber's Infused Whelps in Ruby Life Pools on Mythic difficulty.","15467","Dragonflight Dungeon","138347","0","0","10"
"dragonflight_category_confirmed","True","16404","So You Can Kill This in a Way That Matters...","Defeat Decatriarch Wratheye after finding and planting three Resilient Mushrooms, then destroying them with Decaystrike in Brackenhide Hollow on Mythic difficulty.","15467","Dragonflight Dungeon","138865","0","0","10"
"dragonflight_category_confirmed","True","16405","Sojourner of Ohn'ahran Plains","Complete the optional Ohn'ahran Plains storylines listed below.","15455","Dragonflight","138360","0","0","10"
"dragonflight_category_confirmed","True","16406","All Sides of the Story","Hear all the stories told by the following denizens of the Waking Shores.","15465","Dragon Isles","138369","0","0","10"
"dragonflight_category_confirmed","True","16409","Let's Get Quacking","Rescue all five Bubbled Ducklings in the Restless Wetlands.","15465","Dragon Isles","138374","0","0","5"
"dragonflight_category_confirmed","True","16410","Siege on Dragonbane Keep: Snack Attack","During stage 1 of the scenario Siege on Dragonbane Keep, feed Beef 20 Beef snacks.","15465","Dragon Isles","138391","0","131072","5"
"dragonflight_category_confirmed","True","16411","Siege on Dragonbane Keep: Home Sweet Home","Complete the scenario Siege on Dragonbane Keep.","15465","Dragon Isles","138393","0","131072","10"
"dragonflight_category_confirmed","True","16412","Siege on Dragonbane Keep: Chiseled Record","In Dragonbane Keep, find all of the djaradin tablets.","15465","Dragon Isles","138395","0","131072","5"
"internal_dnt","False","16415","<DNT> Cobalt Assembly - Rank 1 - Low","","15466","Dragonflight","138433","0","3145728","0"
"internal_dnt","False","16416","<DNT> Cobalt Assembly - Rank 2 - Medium","","15466","Dragonflight","138435","0","3145728","0"
"internal_dnt","False","16417","<DNT> Cobalt Assembly - Rank 3 - High","","15466","Dragonflight","138437","0","3145728","0"
"internal_dnt","False","16418","<DNT> Cobalt Assembly - Rank 4 - Maximum","","15466","Dragonflight","138439","0","3145728","0"
"dragonflight_category_confirmed","True","16419","I Was Saving That For Later","Defeat Sennarth, The Cold Breath after finding and freeing 5 mysterious captives using Caustic Eruption, then witnessing their demise in Vault of the Incarnates on Normal difficulty or higher.","15468","Dragonflight Raid","138445","0","0","10"
"dragonflight_category_confirmed","True","16423","Honor Our Ancestors","Present offerings to the following ancestor spirits in Ohn'ahran Plains while under the effect of Essence of Awakening.","15465","Dragon Isles","138449","0","0","10"
"dragonflight_category_confirmed","True","16424","Who's a Good Bakar?","Pet all of the bakar in the Ohn'ahran Plains.","15465","Dragon Isles","138462","0","0","10"
"internal_dnt","True","16425","I'm a Template Character [DNT]","","92","Character","138482","0","20185092","0"
"dragonflight_category_confirmed","True","16426","Hungry Hungry Hornswog","Defeat the Gulping Goliath after forcing it to become Hangry and devour 10 Curious Swoglets in Halls of Infusion on Mythic difficulty.","15467","Dragonflight Dungeon","138937","0","0","10"
"dragonflight_category_confirmed","True","16427","Go With the Flow","Defeat the Primal Tsunami after slaying three Flow Control Units in Halls of Infusion on Mythic difficulty.","15467","Dragonflight Dungeon","138966","0","0","10"
"dragonflight_category_confirmed","True","16428","Sojourner of Azure Span","Complete the optional Azure Span storylines listed below.","15455","Dragonflight","138494","0","0","10"
"snapshot_candidate","True","16429","Thundering Hero: Dragonflight Season 1","End Dragonflight Mythic+ Season 1 with a Mythic+ Rating in the top 0.1% of all players in your region.","15272","Dungeons","138513","0","14336","0"
"dragonflight_category_confirmed","True","16430","All Bark, All Bite","Defeat Treemouth after every player has been consumed at least once in Brackenhide Hollow on Mythic difficulty.","15467","Dragonflight Dungeon","138861","0","0","10"
"snapshot_candidate","True","16431","Against the Elements","Defeat each of the elemental lords during the Dragonflight pre-launch events.","15274","Events","138528","0","2048","0"
"dragonflight_category_confirmed","True","16432","Ready for Raiding VIII","Defeat Forgemaster Gorek without being struck by Forgestorm, Forgefire, Blazing Eruptions, another player's Blazing Aegis, or the final slam of Heated Swings in Neltharus on Mythic difficulty.","15467","Dragonflight Dungeon","139357","0","0","10"
"dragonflight_category_confirmed","True","16434","See Me After Class","Defeat Vexamus without players absorbing any Arcane Orbs in Algeth'ar Academy on Mythic Difficulty.","15467","Dragonflight Dungeon","138620","0","0","10"
"dragonflight_category_confirmed","True","16438","Knowledge is... Preserved?","Defeat Chargath, Bane of Scales while burning less than 15 books in Neltharus on Mythic difficulty.","15467","Dragonflight Dungeon","138535","0","0","10"
"dragonflight_category_confirmed","True","16440","Are You My Broodmother?","Defeat Kyrakka and Erkhart Stormvein after chilling, searing, tempering, and keeping alive the Nascent Ruby Egg in Ruby Life Pools on Mythic difficulty.","15467","Dragonflight Dungeon","138600","0","0","10"
"dragonflight_category_confirmed","True","16441","Squad Goals","Defeat Crawth after simultaneously activating both Goals in Algeth'ar Academy on Mythic difficulty.","15467","Dragonflight Dungeon","138568","0","0","10"
"dragonflight_category_confirmed","True","16442","Incubation Extermination","Defeat Broodkeeper Diurna after successfully hatching and defeating lieutenants from each Primal element's eggs within 10 seconds of each other in Vault of the Incarnates on Normal difficulty or higher.","15468","Dragonflight Raid","138538","0","0","10"
"dragonflight_category_confirmed","True","16443","Soupervisor","Complete 100 tasks at the Community Feast in Iskaara.","15466","Dragonflight","138540","0","0","10"
"dragonflight_category_confirmed","True","16444","Leftovers' Revenge","Cook Legendary soup at the Community Feast in Iskaara, then defeat Bisquius.","15466","Dragonflight","138542","0","0","10"
"dragonflight_category_confirmed","True","16445","Icy What You Did There","Defeat Telash Greywing after using Icy Devastator 12 times on an Icy Crystal to create a Very Icy Crystal in The Azure Vault on Mythic difficulty.","15467","Dragonflight Dungeon","138544","0","0","10"
"dragonflight_category_confirmed","True","16446","That's Pretty Neat!","Take a picture with the S.E.L.F.I.E. camera with all the birds (and birdwatchers!) of the Dragon Isles listed below.","15465","Dragon Isles","138546","0","0","10"
"dragonflight_category_confirmed","True","16447","What Are The Chances...","Defeat the Raging Tempest after striking a single player with 5 Lightning Strikes simultaneously and defeating a Storm Elemental in The Nokhud Offensive on Mythic difficulty.","15467","Dragonflight Dungeon","138570","0","0","10"
"internal_dnt","True","16449","[DNT] <Hidden> Mythic+ Rating > 0 (Dragonflight, any season)","","15428","Shadowlands Dungeon","138574","0","9568260","0"
"dragonflight_category_confirmed","True","16450","The Power is MINE!","Defeat Kurog Grimtotem after destroying the Primal Avatar in Vault of the Incarnates on Normal difficulty or higher.","15468","Dragonflight Raid","138576","0","0","10"
"dragonflight_category_confirmed","True","16451","The Ol Raszle Daszle","Defeat Raszageth the Storm-Eater after successfully gathering two Concentrated Storm Essences and defeating the Concentrated Storm in Vault of the Incarnates on Normal difficulty or higher.","15468","Dragonflight Raid","139675","0","0","10"
"dragonflight_category_hidden","True","16452","Famliar Skies","Explore the Forbidden Reach as a newly awakened Dracthyr Evoker, revealing the covered areas of the world map.","15465","Dragon Isles","138595","0","3145728","0"
"dragonflight_category_confirmed","True","16453","Liquid Hot Magma","Defeat Magmatusk after it has been mutated with Draconic Tincture in Neltharus on Mythic difficulty.","15467","Dragonflight Dungeon","140744","0","0","10"
"dragonflight_category_confirmed","True","16456","Weapons of the Maruukai","Defeat Teera and Maruuk while holding the Spear of Tolui, War Axe of Berke, and Bow of Sartaq in The Nokhud Offensive on Mythic difficulty.","15467","Dragonflight Dungeon","138925","0","0","10"
"dragonflight_category_confirmed","True","16457","Explore the Ohn'ahran Plains","Explore the Ohn'ahran Plains, revealing the covered areas of the world map.","15465","Dragon Isles","138602","0","2097152","10"
"dragonflight_category_confirmed","True","16458","Nothing But Air","Defeat Dathea, Ascended after collecting 8 Condensed Gales in Vault of the Incarnates on Normal difficulty or higher.","15468","Dragonflight Raid","138653","0","0","10"
"dragonflight_category_confirmed","True","16460","Explore the Azure Span","Explore the Azure Span, revealing the covered areas of the world map.","15465","Dragon Isles","138622","0","2097152","10"
"dragonflight_category_confirmed","True","16461","Stormed Off","Defeat 8 special creatures during storm events in the Dragon Isles.","15465","Dragon Isles","138634","0","0","10"
"dragonflight_category_confirmed","True","16462","The Ohn'ahran Trail","Defend Clan Aylaag between all three of their camp locations.","15465","Dragon Isles","138655","0","0","10"
"dragonflight_category_confirmed","True","16463","Thunderstorms in The Waking Shores","Defeat creatures empowered with elemental air during a storm event in The Waking Shores.","15465","Dragon Isles","138659","0","0","5"
"snapshot_candidate","True","16464","Battle on the Dragon Isles","Complete 8 Pet Battle World Quests on the Dragon Isles with a full team of level 25 pets.","15119","Battle","138662","0","135168","10"
"dragonflight_category_confirmed","True","16465","Sandstorms in The Waking Shores","Defeat creatures empowered with elemental earth during a storm event in The Waking Shores.","15465","Dragon Isles","138667","0","0","5"
"dragonflight_category_confirmed","True","16466","Firestorms in The Waking Shores","Defeat creatures empowered with elemental fire during a storm event in The Waking Shores.","15465","Dragon Isles","138673","0","0","5"
"dragonflight_category_confirmed","True","16467","Snowstorms in The Waking Shores","Defeat creatures empowered with elemental water during a storm event in The Waking Shores.","15465","Dragon Isles","138675","0","0","5"
"dragonflight_category_confirmed","True","16468","Chasing Storms in The Waking Shores","Complete the Waking Shore storm achievements below.","15465","Dragon Isles","138677","0","131072","10"
"dragonflight_category_confirmed","True","16474","Do You Wanna Build a Snowman?","Build a snowman in the Azure Span.","15465","Dragon Isles","138682","0","0","5"
"dragonflight_category_confirmed","True","16475","Thunderstorms in the Ohn'ahran Plains","Defeat creatures empowered with elemental air during a storm event in the Ohn'ahran Plains.","15465","Dragon Isles","138684","0","0","5"
"dragonflight_category_confirmed","True","16476","Chasing Storms in the Ohn'ahran Plains","Complete the Ohn'ahran Plains storm achievements below.","15465","Dragon Isles","138692","0","131072","10"
"dragonflight_category_confirmed","True","16477","Sandstorms in the Ohn'ahran Plains","Defeat creatures empowered with elemental earth during a storm event in the Ohn'ahran Plains.","15465","Dragon Isles","138686","0","0","5"
"dragonflight_category_confirmed","True","16478","Firestorms in the Ohn'ahran Plains","Defeat creatures empowered with elemental fire during a storm event in the Ohn'ahran Plains.","15465","Dragon Isles","138688","0","0","5"
"dragonflight_category_confirmed","True","16479","Snowstorms in the Ohn'ahran Plains","Defeat creatures empowered with elemental water during a storm event in the Ohn'ahran Plains.","15465","Dragon Isles","138690","0","0","5"
"dragonflight_category_confirmed","True","16480","Thunderstorms in The Azure Span","Defeat creatures empowered with elemental air during a storm event in The Azure Span.","15465","Dragon Isles","138697","0","0","5"
"dragonflight_category_confirmed","True","16481","Sandstorms in The Azure Span","Defeat creatures empowered with elemental earth during a storm event in The Azure Span.","15465","Dragon Isles","138699","0","0","5"
"dragonflight_category_confirmed","True","16482","Firestorms in The Azure Span","Defeat creatures empowered with elemental fire during a storm event in The Azure Span.","15465","Dragon Isles","138701","0","0","5"
"dragonflight_category_confirmed","True","16483","Snowstorms in The Azure Span","Defeat creatures empowered with elemental water during a storm event in The Azure Span.","15465","Dragon Isles","138703","0","0","5"
"dragonflight_category_confirmed","True","16484","Chasing Storms in The Azure Span","Complete the Azure Span storm achievements below.","15465","Dragon Isles","138705","0","131072","10"
"dragonflight_category_confirmed","True","16485","Thunderstorms in Thaldraszus","Defeat creatures empowered with elemental air during a storm event in Thaldraszus.","15465","Dragon Isles","138710","0","0","5"
"dragonflight_category_confirmed","True","16486","Sandstorms in Thaldraszus","Defeat creatures empowered with elemental earth during a storm event in Thaldraszus.","15465","Dragon Isles","138712","0","0","5"
"dragonflight_category_confirmed","True","16487","Firestorms in Thaldraszus","Defeat creatures empowered with elemental fire during a storm event in Thaldraszus.","15465","Dragon Isles","138714","0","0","5"
"dragonflight_category_confirmed","True","16488","Snowstorms in Thaldraszus","Defeat creatures empowered with elemental water during a storm event in Thaldraszus.","15465","Dragon Isles","138716","0","0","5"
"dragonflight_category_confirmed","True","16489","Chasing Storms in Thaldraszus","Complete the Thaldraszus storm achievements below.","15465","Dragon Isles","138718","0","131072","10"
"dragonflight_category_confirmed","True","16490","Storm Chaser","Complete the storm achievements below.","15465","Dragon Isles","138723","0","131072","10"
"dragonflight_category_confirmed","True","16492","Into the Storm","Complete the storm achievements below.","15465","Dragon Isles","138728","0","0","20"
"dragonflight_category_confirmed","True","16493","Petty Theft Mammoth","Ride the tame baby mammoths from the following areas to Mammoth-Tamer Tavok in the Emberflow.","15465","Dragon Isles","139400","0","0","5"
"dragonflight_category_confirmed","True","16494","Loyalty to the Prince","Reach the maximum friendship with Wrathion at the Obsidian Throne.","15466","Dragonflight","139397","0","131072","10"
"dragonflight_category_confirmed","True","16495","Obsidian Keymaster","Turn in a total of 30 Obsidian Keys to individuals around the Obsidian Citadel.","15465","Dragon Isles","139390","0","0","10"
"dragonflight_category_confirmed","True","16496","Obsidian Champion","Complete the following special encounters at the Obsidian Citadel and adjacent lava fields.","15465","Dragon Isles","139392","0","0","5"
"dragonflight_category_confirmed","True","16497","I'm Playing All Sides","Ensure that you always come out on top by turning in Obsidian Keys to each of these individuals at the Obsidian Citadel.","15465","Dragon Isles","139381","0","0","5"
"dragonflight_category_confirmed","True","16498","Elemental Overflow","Obtain 1000 Elemental Overflow","15465","Dragon Isles","138758","0","0","5"
"dragonflight_category_confirmed","True","16499","Elemental Overflowing","Obtain 2500 Elemental Overflow","15465","Dragon Isles","138760","0","0","5"
"dragonflight_category_confirmed","True","16500","Elemental Overload","Obtain 5000 Elemental Overflow","15465","Dragon Isles","138762","0","0","10"
"snapshot_candidate","True","16501","Aquatic Battler of the Dragon Isles","Defeat the elite pets and trainers of the Dragon Isles with a team of all level 25 Aquatic pets.","15119","Battle","138769","0","131072","5"
"snapshot_candidate","True","16502","Storming the Runway","Collect an armor set from the Primal Storms.","15259","Appearances","138767","0","131072","10"
"snapshot_candidate","True","16503","Beast Battler of the Dragon Isles","Defeat the elite pets and trainers of the Dragon Isles with a team of all level 25 Beast pets.","15119","Battle","138778","0","131072","5"
"snapshot_candidate","True","16504","Critter Battler of the Dragon Isles","Defeat the elite pets and trainers of the Dragon Isles with a team of all level 25 Critter pets.","15119","Battle","138796","0","131072","5"
"snapshot_candidate","True","16505","Dragonkin Battler of the Dragon Isles","Defeat the elite pets and trainers of the Dragon Isles with a team of all level 25 Dragonkin pets.","15119","Battle","138805","0","131072","5"
"snapshot_candidate","True","16506","Elemental Battler of the Dragon Isles","Defeat the elite pets and trainers of the Dragon Isles with a team of all level 25 Elemental pets.","15119","Battle","138816","0","131072","5"
"snapshot_candidate","True","16507","Flying Battler of the Dragon Isles","Defeat the elite pets and trainers of the Dragon Isles with a team of all level 25 Flying pets.","15119","Battle","138825","0","131072","5"
"snapshot_candidate","True","16508","Humanoid Battler of the Dragon Isles","Defeat the elite pets and trainers of the Dragon Isles with a team of all level 25 Humanoid pets.","15119","Battle","138834","0","131072","5"
"snapshot_candidate","True","16509","Magic Battler of the Dragon Isles","Defeat the elite pets and trainers of the Dragon Isles with a team of all level 25 Magic pets.","15119","Battle","138843","0","131072","5"
"snapshot_candidate","True","16510","Mechanical Battler of the Dragon Isles","Defeat the elite pets and trainers of the Dragon Isles with a team of all level 25 Mechanical pets.","15119","Battle","138852","0","131072","5"
"snapshot_candidate","True","16511","Undead Battler of the Dragon Isles","Defeat the elite pets and trainers of the Dragon Isles with a team of all level 25 Undead pets.","15119","Battle","138787","0","131072","5"
"snapshot_candidate","True","16512","Family Battler of the Dragon Isles","Complete the following achievements.","15119","Battle","138867","200874","135168","10"
"dragonflight_category_confirmed","True","16517","Toxicity Strike Team","Defeat the Toxic Swogmother after Purging the Water Intakes in Halls of Infusion on Mythic difficulty.","15467","Dragonflight Dungeon","138927","0","0","10"
"dragonflight_category_confirmed","True","16518","Explore Thaldraszus","Explore Thaldraszus, revealing the covered areas of the world map.","15465","Dragon Isles","138885","0","2097152","10"
"snapshot_candidate","True","16519","Dragon Isles Safari","In the Dragon Isles, catch all of the battle pets listed below.","15118","Collect","138897","0","131072","5"
"snapshot_candidate","True","16520","10.0 Dragonflight - Expansion Quest Launch (Meet Wrathion/Ebyssian)","","92","Character","138923","0","18087940","0"
"removed_after_dragonflight","False","16522","A True Explorer","Reach Renown level 25 with the Dragonscale Expedition.","15466","Dragonflight","138930","0","0","5"
"removed_after_dragonflight","False","16528","Joining the Khansguard","Reach Renown level 25 with the Maruuk Centaur.","15466","Dragonflight","138932","0","0","5"
"removed_after_dragonflight","False","16529","Joining the Community","Reach Renown level 30 with the Iskaara Tuskarr.","15466","Dragonflight","138934","0","0","5"
"removed_after_dragonflight","False","16530","Ally of the Flights","Reach Renown level 30 with the Valdrakken Accord.","15466","Dragonflight","138940","0","0","5"
"dragonflight_category_confirmed","True","16531","A Whole Heap of Lunkers","25 Lunkers found while fishing with an Iskaaran Harpoon.","15466","Dragonflight","138946","0","0","10"
"dragonflight_category_confirmed","True","16532","True Friends with Sabellian","Reach True Friend reputation with Sabellian.","15466","Dragonflight","138944","0","0","5"
"dragonflight_category_confirmed","True","16533","Lots of Lunkers","10 Lunkers found while fishing with an Iskaaran Harpoon.","15466","Dragonflight","138936","0","0","10"
"dragonflight_category_confirmed","True","16536","True Friends with Wrathion","Reach True Friend reputation with Wrathion.","15466","Dragonflight","138948","0","0","5"
"dragonflight_category_confirmed","True","16537","Maximum Power!","Reach Maximum reputation with the Cobalt Assembly.","15466","Dragonflight","138950","0","0","5"
"dragonflight_category_confirmed","True","16539","In High Esteem","Reach Esteemed reputation with the Artisan's Consortium.","15466","Dragonflight","138952","0","0","5"
"dragonflight_category_confirmed","True","16540","Hunt Master","Complete every Grand Hunt in the Dragon Isles.","15466","Dragonflight","138954","0","0","15"
"dragonflight_category_confirmed","True","16541","Longhunter","Complete 100 hunt steps.","15466","Dragonflight","139211","0","128","10"
"dragonflight_category_confirmed","True","16542","The Disgruntled Hunter","Find the disgruntled hunter near every Grand Hunt.","15466","Dragonflight","139008","0","0","15"
"dragonflight_category_confirmed","True","16543","Tetrachromancer","Collect all hunting companion colors.","15466","Dragonflight","139231","0","0","10"
"dragonflight_category_confirmed","True","16544","Grand Hunter","Complete a Grand Hunt from start to finish.","15466","Dragonflight","139241","0","0","5"
"dragonflight_category_confirmed","True","16545","The Best at What I Do","Kill 30 bosses in Grand Hunts.","15466","Dragonflight","138970","0","128","15"
"dragonflight_category_confirmed","True","16546","What's Down There?","2 Massive Lunkers found at a Large Fish Sighting.","15466","Dragonflight","138968","0","0","10"
"dragonflight_category_confirmed","True","16547","Pulled!","Get knocked down while harpoon fishing.","15466","Dragonflight","139006","0","0","10"
"dragonflight_category_confirmed","True","16548","It Takes a Tuskarr Buddy","Catch a fish with a friend.","15466","Dragonflight","0","0","0","10"
"removed_after_dragonflight","False","16549","Popular Around the Isles","Reach maximum Renown level with each of the four major factions.","15466","Dragonflight","139163","0","0","40"
"dragonflight_category_confirmed","True","16550","Giving Back to Nature","Restock 100 fish in Tuskarr Fishing holes.","15466","Dragonflight","139168","0","0","10"
"dragonflight_category_confirmed","True","16551","Giving More Back to Nature","Restock 1000 fish in Tuskarr Fishing holes.","15466","Dragonflight","139170","0","0","10"
"dragonflight_category_confirmed","True","16552","Giving Even More Back to Nature","Restock 5000 fish in Tuskarr Fishing holes.","15466","Dragonflight","139172","0","0","10"
"dragonflight_category_confirmed","True","16553","Taking From Nature","Unlock 5 different fishing nets in Tuskarr Fishing Holes.","15466","Dragonflight","139174","0","0","10"
"dragonflight_category_confirmed","True","16556","Great Gourmand of The Ruby Feast","Experience all of the dishes served at The Ruby Feast in Valdrakken.","15465","Dragon Isles","139183","0","0","10"
"dragonflight_category_confirmed","True","16560","Wildlife Photographer","Complete one cataloging world quest in each zone.","15466","Dragonflight","139213","0","0","10"
"dragonflight_category_confirmed","True","16561","Lunkers, Lunkers Everywhere","100 Lunkers found while fishing with an Iskaaran Harpoon.","15466","Dragonflight","139225","0","0","10"
"dragonflight_category_confirmed","True","16562","That's not a Fish...","10 Massive Lunkers found at a Large Fish Sighting.","15466","Dragonflight","139227","0","0","10"
"dragonflight_category_confirmed","True","16563","We're Going to Need a Bigger Harpoon","25 Massive Lunkers found at a Large Fish Sighting.","15466","Dragonflight","139229","0","0","10"
"dragonflight_category_confirmed","True","16564","It Takes a Tuskarr Family","Catch a fish with 5 friends.","15466","Dragonflight","0","0","0","10"
"dragonflight_category_confirmed","True","16565","It Takes a Tuskarr Village","Catch a fish with 10 friends.","15466","Dragonflight","0","0","0","10"
"dragonflight_category_confirmed","True","16566","Great Shot!","Take a ""Great Shot"" while cataloging wildlife.","15466","Dragonflight","139243","0","0","5"
"dragonflight_category_confirmed","True","16567","A Lot of Great Shots!","Take 25 ""Great Shots"" while cataloging wildlife.","15466","Dragonflight","139245","0","0","5"
"dragonflight_category_confirmed","True","16568","Great Shots Galore!","Take 100 ""Great Shots"" while cataloging wildlife.","15466","Dragonflight","139247","0","0","10"
"dragonflight_category_confirmed","True","16569","Cobalt Enthusiast","Have five or more Wild Arcana powers active at once in the Cobalt Assembly.","15465","Dragon Isles","139249","0","0","5"
"dragonflight_category_confirmed","True","16570","A Legendary Album","Take photographs of legendary characters while cataloging wildlife.","15466","Dragonflight","139251","0","0","10"
"dragonflight_category_confirmed","True","16571","Well Supplied","Unlock every talent in the Expedition Supplies tree.","15466","Dragonflight","139254","0","0","10"
"dragonflight_category_confirmed","True","16572","Legendary Photograph","Take a photograph of a legendary character while cataloging wildlife.","15466","Dragonflight","139271","0","0","5"
"dragonflight_category_confirmed","True","16573","Legendary Photographs","Take photographs of legendary characters while cataloging wildlife.","15466","Dragonflight","139279","0","0","5"
"dragonflight_category_confirmed","True","16574","Sleeping on the Job","Target and /sleep next to the following Dreamguards in the Ohn'ahran Plains.","15455","Dragonflight","139287","0","0","5"
"dragonflight_category_confirmed","True","16575","Waking Shores Glyph Hunter","Find the following dragon glyphs in the Waking Shores.","15462","Dragonriding","139294","0","131072","20"
"dragonflight_category_confirmed","True","16576","Ohn'ahran Plains Glyph Hunter","Find the following dragon glyphs in the Ohn'ahran Plains.","15462","Dragonriding","139305","0","131072","20"
"dragonflight_category_confirmed","True","16577","Azure Span Glyph Hunter","Find the following dragon glyphs in the Azure Span.","15462","Dragonriding","139316","0","131072","20"
"dragonflight_category_confirmed","True","16578","Thaldraszus Glyph Hunter","Find the following dragon glyphs in Thaldraszus.","15462","Dragonriding","139327","0","131072","20"
"dragonflight_category_confirmed","True","16580","Lend a Helping Span","Complete the optional quests from Camp Antonidas, Iskaara, and Three Falls Lookout listed below.","15455","Dragonflight","139338","0","0","10"
"dragonflight_category_confirmed","True","16581","Seeing Blue","Fly from the top of the Azure Archives to the Cobalt Assembly without landing.","15465","Dragon Isles","139355","0","0","10"
"dragonflight_category_confirmed","True","16583","Knew You Nokhud Do It!","While disguised as a Nokhud Martial, complete the training course in Nokhudon Hold.","15465","Dragon Isles","139359","0","0","10"
"dragonflight_category_confirmed","True","16584","Symbols of Hope","Release 10 Hope Kites that were tethered by locals of the Waking Shores while waiting for the dragonflights' return.","15465","Dragon Isles","139361","0","0","5"
"dragonflight_category_confirmed","True","16585","Loremaster of the Dragon Isles","Complete the Dragon Isles quest achievements listed below.","15455","Dragonflight","139372","0","131072","10"
"dragonflight_category_confirmed","True","16587","Lead Climber","Complete 10 climbing World Quests.","15466","Dragonflight","139433","0","0","5"
"dragonflight_category_confirmed","True","16588","How Did These Get Here?","Collect 10 Lost Supplies during climbing World Quests.","15466","Dragonflight","139446","0","0","5"
"snapshot_candidate","True","16589","Malicia's Challenge","Complete each of the following World PVP World Quests in the Dragon Isles while in War Mode.","15283","World","139501","0","0","5"
"snapshot_candidate","True","16590","A Champion's Tour: Dragon Isles","Complete each of the following World PVP World Quests 20 times in the Dragon Isles while in War Mode.","15283","World","139510","0","0","20"
"dragonflight_category_confirmed","True","16591","The Gentleman Elemental","Acquire assistance from Rupert, the Gentleman Elemental 30 times during climbing World Quests.","15466","Dragonflight","139459","0","0","5"
"snapshot_candidate","True","16592","Tour of Duty: The Waking Shores","Earn 1000 honor in The Waking Shores while in War Mode.","15283","World","139517","0","0","10"
"snapshot_candidate","True","16593","Tour of Duty: Thaldraszus","Earn 1000 honor in Thaldraszus while in War Mode.","15283","World","139523","0","0","10"
"snapshot_candidate","True","16594","Tour of Duty: The Azure Span","Earn 1000 honor in The Azure Span while in War Mode.","15283","World","139521","0","0","10"
"snapshot_candidate","True","16595","Tour of Duty: Ohn'ahran Plains","Earn 1000 honor in Ohn'ahran Plains while in War Mode.","15283","World","139519","0","0","10"
"snapshot_candidate","True","16599","A Champion's Pursuit","Kill the following Elites in the Dragon Isles while in War Mode.","15283","World","139572","0","0","10"
"dragonflight_category_confirmed","True","16600","Isles Ascender","Complete a climbing World Quest in each of the Dragon Isle Zones.","15466","Dragonflight","139478","0","0","10"
"snapshot_candidate","True","16601","Dragonfight Club","Complete the World PvP achievements listed below.","15283","World","139577","0","131072","25"
"dragonflight_category_confirmed","True","16602","Nokhud Deed Goes Unnoticed","Defeat Balakar Khan after healing Ohn'ahra to full health in The Nokhud Offensive on Mythic difficulty.","15467","Dragonflight Dungeon","139461","0","0","10"
"snapshot_candidate","True","16603","Bounty Hunter","Loot a bounty from a slain player in each of the zones in the Dragon Isles while in War Mode.","15283","World","139587","0","0","10"
"snapshot_candidate","True","16611","Resource Scavanger","Open a War Supply Crate in each of the zones in the Dragon Isles while in War Mode.","15283","World","139615","0","0","10"
"snapshot_candidate","True","16612","Bounty Vigalante","Loot 10 bounties from slain players in the Dragon Isles while within War Mode.","15283","World","139585","0","0","10"
"snapshot_candidate","True","16613","Finder's Keepers","Open 10 War Supply Crates in the Dragon Isles while within War Mode.","15283","World","139613","0","0","20"
"snapshot_candidate","True","16614","Bloodstained Bounty","Collect 750 Bloody Tokens.","15283","World","139565","0","0","10"
"snapshot_candidate","True","16615","Blood Bank","Collect 3000 Bloody Tokens.","15283","World","139570","0","0","10"
"snapshot_candidate","True","16616","Prosperously Bloody","Collect 1500 Bloody Tokens.","15283","World","139568","0","0","10"
"dragonflight_category_confirmed","True","16620","Ohuna Incubation","Deliver eight warm ohuna eggs to Ohuna Keeper Taruk in a single visit to The Nokhud Offensive on Mythic difficulty.","15467","Dragonflight Dungeon","139483","0","0","10"
"dragonflight_category_confirmed","True","16621","One of Everything, Please","Try specialty food and drinks from a variety of Thaldraszus eateries.","15465","Dragon Isles","139463","0","0","10"
"dragonflight_category_confirmed","True","16622","Three Minutes or It's Free","Deliver bait to Patient Vaargo in 3 minutes or less!","15465","Dragon Isles","139485","0","0","5"
"dragonflight_category_confirmed","True","16623","Toe Tension","Avoid 50 hazards using the Spiked Cleats during climbing World Quests.","15466","Dragonflight","139503","0","0","10"
"dragonflight_category_confirmed","True","16624","Which Knot Was It Again?","Unlock climbing World Quests with the Dragonscale Expedition.","15466","Dragonflight","139508","0","131072","5"
"dragonflight_category_confirmed","True","16625","Belay On!","Use the Buddy System 10 times during climbing World Quests.","15466","Dragonflight","139515","0","0","5"
"snapshot_candidate","True","16626","Working with Wyrms","Obtain maximum skill points in a ""Dragon Isles"" category of two primary professions.","169","Professions","139525","0","0","10"
"snapshot_candidate","True","16627","Professional Draconic Master","Obtain the maximum skill points in a ""Dragon Isles"" category of a profession.","169","Professions","139537","0","4096","10"
"snapshot_candidate","True","16630","Draconic Master of All","Raise all primary professions to maximum skill points in the ""Dragon Isles"" category.","169","Professions","139549","0","143360","50"
"snapshot_candidate","True","16631","Dragon Isles Cook","Obtain 100 skill points in the ""Dragon Isles"" category of cooking.","170","Cooking","139561","0","0","10"
"snapshot_candidate","True","16632","Dragon Isles Fisherman","Obtain 100 skill points in the ""Dragon Isles"" category of fishing.","171","Fishing","139563","0","0","10"
"internal_dnt","True","16633","<DNT> Maruuk Centaur Rank 25 + Title Quest","","15466","Dragonflight","139592","0","3145728","0"
"dragonflight_category_confirmed","True","16634","Framing a New Perspective","Take pictures with a the S.E.L.F.I.E. camera at all of the vistas listed below in Thaldraszus.","15465","Dragon Isles","139594","0","0","10"
"dragonflight_category_confirmed","True","16638","Ley Line in the Span","Realign the ley lines of the Azure Span.","15465","Dragon Isles","139595","0","0","5"
"snapshot_candidate","True","16639","Keystone Hero: Uldaman: Legacy of Tyr","Complete Uldaman: Legacy of Tyr at Mythic Level 10 or higher, within the time limit.","15272","Dungeons","139632","0","2048","0"
"snapshot_candidate","True","16640","Keystone Hero: Ruby Life Pools","Complete Ruby Life Pools at Mythic Level 10 or higher, within the time limit.","15272","Dungeons","139634","0","2048","0"
"snapshot_candidate","True","16641","Keystone Hero: The Nokhud Offensive","Complete The Nokhud Offensive at Mythic Level 10 or higher, within the time limit.","15272","Dungeons","139636","0","2048","0"
"snapshot_candidate","True","16642","Keystone Hero: Brackenhide Hollow","Complete Brackenhide Hollow at Mythic Level 10 or higher, within the time limit.","15272","Dungeons","139638","0","2048","0"
"snapshot_candidate","True","16643","Keystone Hero: Algeth'ar Academy","Complete Algeth'ar Academy at Mythic Level 10 or higher, within the time limit.","15272","Dungeons","139640","0","2048","0"
"snapshot_candidate","True","16644","Keystone Hero: Neltharus","Complete Neltharus at Mythic Level 10 or higher, within the time limit.","15272","Dungeons","139642","0","2048","0"
"snapshot_candidate","True","16645","Keystone Hero: The Azure Vault","Complete The Azure Vault at Mythic Level 20 or higher, within the time limit.","15272","Dungeons","139644","0","2048","0"
"snapshot_candidate","True","16646","Keystone Hero: Halls of Infusion","Complete Halls of Infusion at Mythic Level 20 or higher, within the time limit.","15272","Dungeons","139646","0","2048","0"
"snapshot_candidate","True","16647","Dragonflight Keystone Explorer: Season One","Attain a Mythic+ Rating of at least 750 during Dragonflight Season One.","15272","Dungeons","139648","0","133120","0"
"snapshot_candidate","True","16648","Dragonflight Keystone Conqueror: Season One","Attain a Mythic+ Rating of at least 1500 during Dragonflight Season One.","15272","Dungeons","139650","0","133120","0"
"snapshot_candidate","True","16649","Dragonflight Keystone Master: Season One","Attain a Mythic+ Rating of at least 2000 during Dragonflight Season One.","15272","Dungeons","139652","199412","133120","0"
"snapshot_candidate","True","16650","Dragonflight Keystone Hero: Season One","Attain a Mythic+ Rating of at least 2500 during Dragonflight Season One.","15272","Dungeons","139654","0","133120","0"
"snapshot_candidate","True","16658","Keystone Hero: Court of Stars","Complete Court of Stars at Mythic Level 20 or higher, within the time limit.","15272","Dungeons","139701","0","2048","0"
"snapshot_candidate","True","16659","Keystone Hero: Halls of Valor","Complete Halls of Valor at Mythic Level 20 or higher, within the time limit.","15272","Dungeons","139703","0","2048","0"
"snapshot_candidate","True","16660","Keystone Hero: Shadowmoon Burial Grounds","Complete Shadowmoon Burial Grounds at Mythic Level 20 or higher, within the time limit.","15272","Dungeons","139705","0","2048","0"
"snapshot_candidate","True","16661","Keystone Hero: Temple of the Jade Serpent","Complete Temple of the Jade Serpent at Mythic Level 20 or higher, within the time limit.","15272","Dungeons","139707","0","2048","0"
"internal_dnt","True","16662","Dragon Isles Blacksmithing 60 (DNT)","","15490","Blacksmithing","134151","0","9437188","0"
"internal_dnt","True","16663","Dragon Isles Tailoring 60 (DNT)","","15496","Tailoring","134231","0","9437188","0"
"internal_dnt","True","16664","Dragon Isles Jewelcrafting 60 (DNT)","","15494","Jewelcrafting","134199","0","9437188","0"
"internal_dnt","True","16665","Dragon Isles Engineering 60 (DNT)","","15492","Engineering","134175","0","9437188","0"
"dragonflight_category_hidden","True","16666","Dragon Glyphs: Gelikyr Overlook","Collect the dragon glyph near Gelikyr Overlook.","15462","Dragonriding","0","0","1179648","0"
"dragonflight_category_hidden","True","16667","Dragon Glyphs: Passage of Time","Collect the dragon glyph on the approach to the Passage of Time.","15462","Dragonriding","0","0","1179648","0"
"dragonflight_category_hidden","True","16668","Dragon Glyphs: Skytop Observatory Rostrum","Collect the dragon glyph near the Skytop Observatory Rostrum of Transformation.","15462","Dragonriding","0","0","1179648","0"
"dragonflight_category_hidden","True","16669","Dragon Glyphs: Flashfrost Enclave","Collect the dragon glyph near the Flashfrost Enclave.","15462","Dragonriding","0","0","1179648","0"
"dragonflight_category_hidden","True","16670","Dragon Glyphs: Rubyscale Outpost","Collect the dragon glyph in Rubyscale Outpost.","15462","Dragonriding","0","0","1179648","0"
"dragonflight_category_hidden","True","16671","Dragon Glyphs: Mirewood Fen","Collect the dragon glyph near Mirewood Fen.","15462","Dragonriding","0","0","1179648","0"
"dragonflight_category_hidden","True","16672","Dragon Glyphs: Forkriver Crossing","Collect the dragon glyph outside Forkriver Crossing.","15462","Dragonriding","0","0","1179648","0"
"dragonflight_category_hidden","True","16673","Dragon Glyphs: The Fallen Course","Collect the dragon glyph near The Fallen Course.","15462","Dragonriding","0","0","1179648","0"
"dragonflight_category_confirmed","True","16676","Adventurer of The Waking Shores","Complete 10 of the following special encounters in The Waking Shores.","15465","Dragon Isles","139710","0","0","5"
"dragonflight_category_confirmed","True","16677","Adventurer of the Ohn'ahran Plains","Complete 10 of the following special encounters in the Ohn'ahran Plains.","15465","Dragon Isles","139740","0","0","5"
"dragonflight_category_confirmed","True","16678","Adventurer of The Azure Span","Complete 10 of the following special encounters in The Azure Span.","15465","Dragon Isles","139776","0","0","5"
"dragonflight_category_confirmed","True","16679","Adventurer of Thaldraszus","Complete 10 of the following special encounters in Thaldraszus.","15465","Dragon Isles","139819","0","0","5"
"snapshot_candidate","True","16681","10.0 Dragonflight - Expansion Quest Launch (Return to Docks)","","92","Character","139848","0","18087940","0"
"snapshot_candidate","True","16683","In Tyr's Footsteps","Complete the quest achievements listed below.","169","Professions","139850","0","135168","15"
"dragonflight_category_confirmed","True","16696","Renewed Proto-Drake Armor","Collect the following cosmetic armor unlocks for the Renewed Proto-Drake.","15478","Dragon Isle Drake Cosmetics","140028","0","131072","5"
"dragonflight_category_confirmed","True","16697","Renewed Proto-Drake Head Features","Collect the following cosmetic head unlocks for the Renewed Proto-Drake.","15478","Dragon Isle Drake Cosmetics","140038","0","131072","5"
"dragonflight_category_confirmed","True","16698","Renewed Proto-Drake Tail Features","Collect the following cosmetic tail unlocks for the Renewed Proto-Drake.","15478","Dragon Isle Drake Cosmetics","140076","0","131072","5"
"dragonflight_category_confirmed","True","16699","Renewed Proto-Drake Scales and Patterns","Collect the following cosmetic scale and pattern unlocks for the Renewed Proto-Drake.","15478","Dragon Isle Drake Cosmetics","140085","0","131072","5"
"dragonflight_category_confirmed","True","16700","Renewed Proto-Drake Horns and Hair","Collect the following cosmetic horn and hair unlocks for the Renewed Proto-Drake.","15478","Dragon Isle Drake Cosmetics","140098","0","131072","5"
"dragonflight_category_confirmed","True","16701","Windborne Velocidrake Scales and Patterns","Collect the following cosmetic scale and pattern unlocks for the Windborne Velocidrake.","15478","Dragon Isle Drake Cosmetics","140116","0","131072","5"
"dragonflight_category_confirmed","True","16702","Windborne Velocidrake Armor","Collect the following cosmetic armor unlocks for the Windborne Velocidrake.","15478","Dragon Isle Drake Cosmetics","140127","0","131072","5"
"internal_dnt","True","16703","10.0 Thal - Raid Intro Quest Launch [DNT]","","92","Character","140096","0","3407876","0"
"dragonflight_category_confirmed","True","16704","Windborne Velocidrake Horns and Fur","Collect the following cosmetic horn and fur unlocks for the Windborne Velocidrake.","15478","Dragon Isle Drake Cosmetics","140137","0","131072","5"
"dragonflight_category_confirmed","True","16705","Windborne Velocidrake Head Features","Collect the following cosmetic head unlocks for the Windborne Velocidrake.","15478","Dragon Isle Drake Cosmetics","140148","0","131072","5"
"dragonflight_category_confirmed","True","16706","Windborne Velocidrake Back and Tail","Collect the following cosmetic back and tail unlocks for the Windborne Velocidrake.","15478","Dragon Isle Drake Cosmetics","140169","0","131072","5"
"dragonflight_category_confirmed","True","16707","Highland Drake Scales and Patterns","Collect the following cosmetic scale and pattern unlocks for the Highland Drake.","15478","Dragon Isle Drake Cosmetics","140180","0","131072","5"
"dragonflight_category_confirmed","True","16708","Highland Drake Armor","Collect the following cosmetic armor unlocks for the Highland Drake.","15478","Dragon Isle Drake Cosmetics","140191","0","131072","5"
"dragonflight_category_confirmed","True","16710","Highland Drake Horns and Hair","Collect the following cosmetic horn and hair unlocks for the Highland Drake.","15478","Dragon Isle Drake Cosmetics","140199","0","131072","5"
"dragonflight_category_confirmed","True","16711","Highland Drake Back and Tail","Collect the following cosmetic back and tail unlocks for the Highland Drake.","15478","Dragon Isle Drake Cosmetics","140212","0","131072","5"
"dragonflight_category_confirmed","True","16712","Highland Drake Head Features","Collect the following cosmetic head unlocks for the Highland Drake.","15478","Dragon Isle Drake Cosmetics","140222","0","131072","5"
"internal_dnt","False","16713","<DNT> Wrathion - 1 - Trusted Champion","","15466","Dragonflight","140253","0","3145728","0"
"internal_dnt","False","16714","<DNT> Wrathion - 2 - Ally","","15466","Dragonflight","140255","0","3145728","0"
"internal_dnt","False","16715","<DNT> Wrathion - 3 - Close Ally","","15466","Dragonflight","140257","0","3145728","0"
"internal_dnt","False","16716","<DNT> Wrathion - 4 - Friend","","15466","Dragonflight","140259","0","3145728","0"
"internal_dnt","False","16717","<DNT> Wrathion - 5 - True Friend","","15466","Dragonflight","140261","0","3145728","0"
"internal_dnt","False","16718","<DNT> Sabellian - 1 - Devotee","","15466","Dragonflight","140263","0","3145728","0"
"internal_dnt","False","16719","<DNT> Sabellian - 2 - Cohort","","15466","Dragonflight","140265","0","3145728","0"
"internal_dnt","False","16720","<DNT> Sabellian - 3 - Ally","","15466","Dragonflight","140267","0","3145728","0"
"internal_dnt","False","16721","<DNT> Sabellian - 4 - Fang","","15466","Dragonflight","140269","0","3145728","0"
"internal_dnt","False","16722","<DNT> Sabellian - 5 - Friend","","15466","Dragonflight","140271","0","3145728","0"
"dragonflight_category_confirmed","True","16723","Cliffside Wylderdrake Scales and Patterns","Collect the following cosmetic scale and pattern unlocks for the Cliffside Wylderdrake.","15478","Dragon Isle Drake Cosmetics","140290","0","131072","5"
"dragonflight_category_confirmed","True","16724","Cliffside Wylderdrake Armor","Collect the following cosmetic armor unlocks for the Cliffside Wylderdrake.","15478","Dragon Isle Drake Cosmetics","140300","0","131072","5"
"dragonflight_category_confirmed","True","16725","Cliffside Wylderdrake Horns and Manes","Collect the following cosmetic horn and mane unlocks for the Cliffside Wylderdrake.","15478","Dragon Isle Drake Cosmetics","140309","0","131072","5"
"dragonflight_category_confirmed","True","16726","Cliffside Wylderdrake Back and Tail","Collect the following cosmetic back and tail unlocks for the Cliffside Wylderdrake.","15478","Dragon Isle Drake Cosmetics","140324","0","131072","5"
"dragonflight_category_confirmed","True","16727","Cliffside Wylderdrake Head Features","Collect the following cosmetic head unlocks for the Cliffside Wylderdrake.","15478","Dragon Isle Drake Cosmetics","140333","0","131072","5"
"dragonflight_category_confirmed","True","16729","To All the Squirrels Hidden Til Now","The critters of the Dragon Isles have gone 10,000 years without anyone to show them /love.","15465","Dragon Isles","140360","0","0","10"
"snapshot_candidate","True","16730","Crimson Gladiator's Drake","Obtain the Crimson Gladiator's Drake from Dragonflight Season 1.","15269","Mounts","140414","0","145408","0"
"snapshot_candidate","True","16734","Crimson Legend: Dragonflight Season 1","End Dragonflight PvP Season 1 in the top 0.1% of the Solo Shuffle ladder (requires 50 games won in Dragonflight Season 1).","15270","Player vs. Player","0","0","14336","0"
"snapshot_candidate","True","16735","10.0.5 Trading Post - Tutorial Quest - Objective: Tenders Claimed - JZB <DND>","","92","Character","0","0","3276804","0"
"snapshot_candidate","True","16736","Grand Theft Mammoth","Liberate a Qalashi magmammoth... permanently.","15248","Mounts","140652","0","131072","10"
"snapshot_candidate","True","16737","10.0.5 Trading Post - Tutorial Quest - Completed (Reward for Player) - JZB <DND>","","92","Character","140712","0","3276804","0"
"snapshot_candidate","True","16745","Total Crafting Orders Fulfilled","","173","Professions","140681","0","1","0"
"snapshot_candidate","True","16746","Public Crafting Orders Fulfilled","","173","Professions","140683","0","1","0"
"snapshot_candidate","True","16747","Guild Crafting Orders Fulfilled","","173","Professions","140685","0","1","0"
"snapshot_candidate","True","16748","Personal Crafting Orders Fulfilled","","173","Professions","140687","0","1","0"
"snapshot_candidate","True","16749","Alchemy Crafting Orders Fulfilled","","173","Professions","140689","0","524289","0"
"snapshot_candidate","True","16750","Blacksmithing Crafting Orders Fulfilled","","173","Professions","140691","0","524289","0"
"snapshot_candidate","True","16751","Enchanting Crafting Orders Fulfilled","","173","Professions","140693","0","524289","0"
"snapshot_candidate","True","16752","Engineering Crafting Orders Fulfilled","","173","Professions","140695","0","524289","0"
"snapshot_candidate","True","16753","Inscription Crafting Orders Fulfilled","","173","Professions","140697","0","524289","0"
"snapshot_candidate","True","16754","Jewelcrafting Crafting Orders Fulfilled","","173","Professions","140699","0","524289","0"
"snapshot_candidate","True","16755","Leatherworking Crafting Orders Fulfilled","","173","Professions","140701","0","524289","0"
"snapshot_candidate","True","16756","Tailoring Crafting Orders Fulfilled","","173","Professions","140703","0","524289","0"
"dragonflight_category_confirmed","True","16758","Ready, Aim, Catalog!","Unlock cataloging World Quests with the Dragonscale Expedition.","15466","Dragonflight","140719","0","131072","5"
"dragonflight_category_hidden","True","16759","<Hidden> Adventure Mode - Reached Dragon Isles","","15455","Dragonflight","140721","0","1048576","0"
"dragonflight_category_confirmed","True","16760","The Obsidian Bloodline","Reach the maximum friendship with Sabellian at the Obsidian Throne.","15466","Dragonflight","140725","0","131072","10"
"snapshot_candidate","True","16761","Dragon Isles Explorer","Explore the regions of the Dragon Isles.","97","Exploration","140738","0","131072","25"
"dragonflight_category_confirmed","True","16762","The Vegetarian Diet","Free every Captive Tuskarr in a Meat Storage in a single visit to Brackenhide Hollow.","15467","Dragonflight Dungeon","140932","200631","0","10"
"snapshot_candidate","True","16764","Crimson Carpet Fashion","Collect any armor set from Dragonflight PvP Season 1.","15259","Appearances","142321","0","131072","10"
"internal_dnt","True","16765","<DNT> Expedition Supplies: Climbing Gear","","15466","Dragonflight","140764","0","3276804","0"
"internal_dnt","True","16766","<DNT> Expedition Supplies: Cataloging Gear","","15466","Dragonflight","140766","0","3276804","0"
"internal_dnt","True","16767","<DNT> Expedition Supplies: Tireless Grip Chalk","","15466","Dragonflight","140768","0","3276804","0"
"internal_dnt","True","16768","<DNT> Expedition Supplies: Anomaly Detection Spell Framework","","15466","Dragonflight","140770","0","3276804","0"
"internal_dnt","True","16769","<DNT> Expedition Supplies: Cartographer's Flag","","15466","Dragonflight","140772","0","3276804","0"
"internal_dnt","True","16770","<DNT> Expedition Supplies: Pictronic Gadget Upgrade","","15466","Dragonflight","140774","0","3276804","0"
"internal_dnt","True","16771","<DNT> Expedition Supplies: Mechanism Bypass","","15466","Dragonflight","140776","0","3276804","0"
"internal_dnt","True","16772","<DNT> Expedition Supplies: Quick Draw Film Holster","","15466","Dragonflight","140778","0","3276804","0"
"internal_dnt","True","16773","<DNT> Expedition Supplies: Spiked Cleats","","15466","Dragonflight","140780","0","3276804","0"
"internal_dnt","True","16774","<DNT> Expedition Supplies: Rupert's Helping Hand","","15466","Dragonflight","140782","0","3276804","0"
"internal_dnt","True","16775","<DNT> Expedition Supplies: Jeb's Monocle","","15466","Dragonflight","140784","0","3276804","0"
"internal_dnt","True","16776","<DNT> Expedition Supplies: Auto-Grappler","","15466","Dragonflight","140786","0","3276804","0"
"internal_dnt","True","16777","<DNT> Expedition Supplies: Lucky Rock","","15466","Dragonflight","140788","0","3276804","0"
"internal_dnt","True","16778","<DNT> Cobalt Assembly Talent: Arcane Instability","","15466","Dragonflight","140790","0","3276804","0"
"internal_dnt","True","16779","<DNT> Cobalt Assembly Talent: Arcane Shield","","15466","Dragonflight","140792","0","3276804","0"
"internal_dnt","True","16780","<DNT> Cobalt Assembly Talent: Azure Arise","","15466","Dragonflight","140794","0","3276804","0"
"internal_dnt","True","16781","<DNT> Cobalt Assembly Talent: Cobalt Cutthroat","","15466","Dragonflight","140796","0","3276804","0"
"internal_dnt","True","16782","<DNT> Cobalt Assembly Talent: Cobalt Reputation","","15466","Dragonflight","140798","0","3276804","0"
"internal_dnt","True","16783","<DNT> Cobalt Assembly Talent: Extra Wild Arcana","","15466","Dragonflight","140800","0","3276804","0"
"internal_dnt","True","16784","<DNT> Cobalt Assembly Talent: Unhelpful Fireworks","","15466","Dragonflight","140802","0","3276804","0"
"internal_dnt","False","16786","<DNT> Dragonscale Expedition Rank 02 (Account)","","15466","Dragonflight","140911","0","3276800","0"
"internal_dnt","False","16787","<DNT> Maruuk Centaur Rank 03 (Account)","","15466","Dragonflight","140914","0","3276800","0"
"internal_dnt","False","16788","<DNT> Maruuk Centaur Rank 03 (Character)","","15466","Dragonflight","140917","0","3145728","0"
"snapshot_candidate","True","16789","Lucky Penny","Discover some money in your Adventure Guide.","97","Exploration","140920","0","0","5"
"snapshot_candidate","True","16790","Curious Coin","Discover a secret in your Adventure Guide.","97","Exploration","140922","0","0","5"
"snapshot_candidate","True","16791","Merchant Artisan","Fulfill 1000 Crafting Orders.","169","Professions","140936","0","4096","50"
"snapshot_candidate","True","16797","Artisan's Consortium Monopolist","Fulfill 50,000 Crafting Orders.","15080","Professions","140942","0","28672","10"
"snapshot_candidate","True","16798","Crafting Cooperative","Fulfill 10,000 Guild Crafting Orders.","15080","Professions","140944","0","28672","10"
"snapshot_candidate","True","16799","Personal Crafter","Fulfill 500 Personal Crafting Orders.","169","Professions","140946","0","4096","25"
"snapshot_candidate","True","16801","Realm First! Dragonflight Keystone Hero","Participated in the realm-first completion of a Level 20 or higher Dragonflight Season 1 Mythic dungeon within the time limit.","81","Feats of Strength","140970","0","12544","0"
"dragonflight_category_hidden","True","16802","<Hidden> ACCOUNT: Renown Campaign Complete - Dragonscale 1","","15455","Dragonflight","141074","0","3276804","0"
"dragonflight_category_hidden","True","16803","<Hidden> ACCOUNT: Renown Campaign Complete - Dragonscale 2","","15455","Dragonflight","141076","0","3276804","0"
"dragonflight_category_hidden","True","16804","<Hidden> ACCOUNT: Renown Campaign Complete - Tuskarr 1","","15455","Dragonflight","141078","0","3276804","0"
"dragonflight_category_hidden","True","16805","<Hidden> ACCOUNT: Renown Campaign Complete - Green 1+2","","15455","Dragonflight","141080","0","3276804","0"
"dragonflight_category_hidden","True","16807","<Hidden> ACCOUNT: Renown Campaign Complete - Tyr 1","","15455","Dragonflight","141084","0","3276804","0"
"dragonflight_category_confirmed","True","16808","Friend of the Dragon Isles","Complete the Dragon Isles renown campaigns listed below.","15455","Dragonflight","141086","0","131072","15"
"internal_dnt","False","16856","<DNT> Dragonscale Expedition Rank 01 (Account)","","15466","Dragonflight","141163","0","3276800","0"
"internal_dnt","False","16857","<DNT> Dragonscale Expedition Rank 01 (Character)","","15466","Dragonflight","141166","0","3145728","0"
"internal_dnt","False","16858","<DNT> Dragonscale Expedition Rank 02 (Account)","","15466","Dragonflight","141169","0","3276800","0"
"internal_dnt","False","16859","<DNT> Dragonscale Expedition Rank 02 (Character)","","15466","Dragonflight","141172","0","3145728","0"
"internal_dnt","False","16860","<DNT> Dragonscale Expedition Rank 03 (Account)","","15466","Dragonflight","141175","0","3276800","0"
"internal_dnt","False","16861","<DNT> Dragonscale Expedition Rank 03 (Character)","","15466","Dragonflight","141178","0","3145728","0"
"internal_dnt","False","16862","<DNT> Dragonscale Expedition Rank 04 (Account)","","15466","Dragonflight","141181","0","3276800","0"
"internal_dnt","False","16863","<DNT> Dragonscale Expedition Rank 04 (Character)","","15466","Dragonflight","141184","0","3145728","0"
"internal_dnt","False","16864","<DNT> Dragonscale Expedition Rank 05 (Account)","","15466","Dragonflight","141187","0","3276800","0"
"internal_dnt","False","16865","<DNT> Dragonscale Expedition Rank 05 (Character)","","15466","Dragonflight","141190","0","3145728","0"
"internal_dnt","False","16866","<DNT> Dragonscale Expedition Rank 06 (Account)","","15466","Dragonflight","141193","0","3276800","0"
"internal_dnt","False","16867","<DNT> Dragonscale Expedition Rank 06 (Character)","","15466","Dragonflight","141196","0","3145728","0"
"internal_dnt","False","16868","<DNT> Dragonscale Expedition Rank 07 (Account)","","15466","Dragonflight","141199","0","3276800","0"
"internal_dnt","False","16869","<DNT> Dragonscale Expedition Rank 07 (Character)","","15466","Dragonflight","141202","0","3145728","0"
"internal_dnt","False","16870","<DNT> Dragonscale Expedition Rank 08 (Account)","","15466","Dragonflight","141205","0","3276800","0"
"internal_dnt","False","16871","<DNT> Dragonscale Expedition Rank 08 (Character)","","15466","Dragonflight","141208","0","3145728","0"
"internal_dnt","False","16872","<DNT> Dragonscale Expedition Rank 09 (Account)","","15466","Dragonflight","141211","0","3276800","0"
"internal_dnt","False","16873","<DNT> Dragonscale Expedition Rank 09 (Character)","","15466","Dragonflight","141214","0","3145728","0"
"internal_dnt","False","16874","<DNT> Dragonscale Expedition Rank 10 (Account)","","15466","Dragonflight","141217","0","3276800","0"
"internal_dnt","False","16875","<DNT> Dragonscale Expedition Rank 10 (Character)","","15466","Dragonflight","141220","0","3145728","0"
"internal_dnt","False","16876","<DNT> Dragonscale Expedition Rank 11 (Account)","","15466","Dragonflight","141223","0","3276800","0"
"internal_dnt","False","16877","<DNT> Dragonscale Expedition Rank 11 (Character)","","15466","Dragonflight","141226","0","3145728","0"
"internal_dnt","False","16878","<DNT> Dragonscale Expedition Rank 12 (Account)","","15466","Dragonflight","141229","0","3276800","0"
"internal_dnt","False","16879","<DNT> Dragonscale Expedition Rank 12 (Character)","","15466","Dragonflight","141232","0","3145728","0"
"internal_dnt","False","16880","<DNT> Dragonscale Expedition Rank 13 (Account)","","15466","Dragonflight","141235","0","3276800","0"
"internal_dnt","False","16881","<DNT> Dragonscale Expedition Rank 13 (Character)","","15466","Dragonflight","141238","0","3145728","0"
"internal_dnt","False","16882","<DNT> Dragonscale Expedition Rank 14 (Account)","","15466","Dragonflight","141241","0","3276800","0"
"internal_dnt","False","16883","<DNT> Dragonscale Expedition Rank 14 (Character)","","15466","Dragonflight","141244","0","3145728","0"
"removed_after_dragonflight","False","16884","Friends in the Field","Reach rank 15 renown with the Dragonscale Expedition.","15466","Dragonflight","141247","0","2228224","0"
"internal_dnt","False","16885","<DNT> Dragonscale Expedition Rank 15 (Character)","","15466","Dragonflight","141250","0","3145728","0"
"internal_dnt","False","16886","<DNT> Dragonscale Expedition Rank 16 (Account)","","15466","Dragonflight","141253","0","3276800","0"
"internal_dnt","False","16887","<DNT> Dragonscale Expedition Rank 16 (Character)","","15466","Dragonflight","141256","0","3145728","0"
"internal_dnt","False","16888","<DNT> Dragonscale Expedition Rank 17 (Account)","","15466","Dragonflight","141259","0","3276800","0"
"internal_dnt","False","16889","<DNT> Dragonscale Expedition Rank 17 (Character)","","15466","Dragonflight","141262","0","3145728","0"
"internal_dnt","False","16890","<DNT> Dragonscale Expedition Rank 18 (Account)","","15466","Dragonflight","141265","0","3276800","0"
"internal_dnt","False","16891","<DNT> Dragonscale Expedition Rank 18 (Character)","","15466","Dragonflight","141268","0","3145728","0"
"internal_dnt","False","16892","<DNT> Dragonscale Expedition Rank 19 (Account)","","15466","Dragonflight","141271","0","3276800","0"
"internal_dnt","False","16893","<DNT> Dragonscale Expedition Rank 19 (Character)","","15466","Dragonflight","141274","0","3145728","0"
"internal_dnt","False","16894","<DNT> Dragonscale Expedition Rank 20 (Account)","","15466","Dragonflight","141277","0","3276800","0"
"internal_dnt","False","16895","<DNT> Dragonscale Expedition Rank 20 (Character)","","15466","Dragonflight","141280","0","3145728","0"
"internal_dnt","False","16896","<DNT> Dragonscale Expedition Rank 21 (Account)","","15466","Dragonflight","141283","0","3276800","0"
"internal_dnt","False","16897","<DNT> Dragonscale Expedition Rank 21 (Character)","","15466","Dragonflight","141286","0","3145728","0"
"internal_dnt","False","16898","<DNT> Dragonscale Expedition Rank 22 (Account)","","15466","Dragonflight","141289","0","3276800","0"
"internal_dnt","False","16899","<DNT> Dragonscale Expedition Rank 22 (Character)","","15466","Dragonflight","141292","0","3145728","0"
"internal_dnt","False","16900","<DNT> Dragonscale Expedition Rank 23 (Account)","","15466","Dragonflight","141295","0","3276800","0"
"internal_dnt","False","16901","<DNT> Dragonscale Expedition Rank 23 (Character)","","15466","Dragonflight","141298","0","3145728","0"
"internal_dnt","False","16902","<DNT> Dragonscale Expedition Rank 24 (Account)","","15466","Dragonflight","141301","0","3276800","0"
"internal_dnt","False","16903","<DNT> Dragonscale Expedition Rank 24 (Character)","","15466","Dragonflight","141304","0","3145728","0"
"internal_dnt","False","16904","<DNT> Dragonscale Expedition Rank 25 (Account)","","15466","Dragonflight","141307","0","3276800","0"
"internal_dnt","False","16905","<DNT> Dragonscale Expedition Rank 25 (Character)","","15466","Dragonflight","141310","0","3145728","0"
"internal_dnt","False","16906","<DNT> Dragonscale Expedition Rank 26 (Account)","","15466","Dragonflight","141313","0","3276800","0"
"internal_dnt","False","16907","<DNT> Dragonscale Expedition Rank 26 (Character)","","15466","Dragonflight","141316","0","3145728","0"
"internal_dnt","False","16908","<DNT> Dragonscale Expedition Rank 27 (Account)","","15466","Dragonflight","141319","0","3276800","0"
"internal_dnt","False","16909","<DNT> Dragonscale Expedition Rank 27 (Character)","","15466","Dragonflight","141322","0","3145728","0"
"internal_dnt","False","16910","<DNT> Dragonscale Expedition Rank 28 (Account)","","15466","Dragonflight","141325","0","3276800","0"
"internal_dnt","False","16911","<DNT> Dragonscale Expedition Rank 28 (Character)","","15466","Dragonflight","141328","0","3145728","0"
"internal_dnt","False","16912","<DNT> Dragonscale Expedition Rank 29 (Account)","","15466","Dragonflight","141331","0","3276800","0"
"internal_dnt","False","16913","<DNT> Dragonscale Expedition Rank 29 (Character)","","15466","Dragonflight","141334","0","3145728","0"
"internal_dnt","False","16914","<DNT> Dragonscale Expedition Rank 30 (Account)","","15466","Dragonflight","141337","0","3276800","0"
"internal_dnt","False","16915","<DNT> Dragonscale Expedition Rank 30 (Character)","","15466","Dragonflight","141340","0","3145728","0"
"internal_dnt","False","16916","<DNT> Iskaara Tuskarr Rank 01 (Account)","","15466","Dragonflight","141343","0","3276800","0"
"internal_dnt","False","16917","<DNT> Iskaara Tuskarr Rank 01 (Character)","","15466","Dragonflight","141346","0","3145728","0"
"internal_dnt","False","16918","<DNT> Iskaara Tuskarr Rank 02 (Account)","","15466","Dragonflight","141349","0","3276800","0"
"internal_dnt","False","16919","<DNT> Iskaara Tuskarr Rank 02 (Character)","","15466","Dragonflight","141352","0","3145728","0"
"internal_dnt","False","16920","<DNT> Iskaara Tuskarr Rank 03 (Account)","","15466","Dragonflight","141355","0","3276800","0"
"internal_dnt","False","16921","<DNT> Iskaara Tuskarr Rank 03 (Character)","","15466","Dragonflight","141358","0","3145728","0"
"internal_dnt","False","16922","<DNT> Iskaara Tuskarr Rank 04 (Account)","","15466","Dragonflight","141361","0","3276800","0"
"internal_dnt","False","16923","<DNT> Iskaara Tuskarr Rank 04 (Character)","","15466","Dragonflight","141364","0","3145728","0"
"internal_dnt","False","16924","<DNT> Iskaara Tuskarr Rank 05 (Account)","","15466","Dragonflight","141367","0","3276800","0"
"internal_dnt","False","16925","<DNT> Iskaara Tuskarr Rank 05 (Character)","","15466","Dragonflight","141370","0","3145728","0"
"internal_dnt","False","16926","<DNT> Iskaara Tuskarr Rank 06 (Account)","","15466","Dragonflight","141373","0","3276800","0"
"internal_dnt","False","16927","<DNT> Iskaara Tuskarr Rank 06 (Character)","","15466","Dragonflight","141376","0","3145728","0"
"internal_dnt","False","16928","<DNT> Iskaara Tuskarr Rank 07 (Account)","","15466","Dragonflight","141379","0","3276800","0"
"internal_dnt","False","16929","<DNT> Iskaara Tuskarr Rank 07 (Character)","","15466","Dragonflight","141382","0","3145728","0"
"internal_dnt","False","16930","<DNT> Iskaara Tuskarr Rank 08 (Account)","","15466","Dragonflight","141385","0","3276800","0"
"internal_dnt","False","16931","<DNT> Iskaara Tuskarr Rank 08 (Character)","","15466","Dragonflight","141388","0","3145728","0"
"internal_dnt","False","16932","<DNT> Iskaara Tuskarr Rank 09 (Account)","","15466","Dragonflight","141391","0","3276800","0"
"internal_dnt","False","16933","<DNT> Iskaara Tuskarr Rank 09 (Character)","","15466","Dragonflight","141394","0","3145728","0"
"internal_dnt","False","16934","<DNT> Iskaara Tuskarr Rank 10 (Account)","","15466","Dragonflight","141397","0","3276800","0"
"internal_dnt","False","16935","<DNT> Iskaara Tuskarr Rank 10 (Character)","","15466","Dragonflight","141400","0","3145728","0"
"internal_dnt","False","16936","<DNT> Iskaara Tuskarr Rank 11 (Account)","","15466","Dragonflight","141403","0","3276800","0"
"internal_dnt","False","16937","<DNT> Iskaara Tuskarr Rank 11 (Character)","","15466","Dragonflight","141406","0","3145728","0"
"internal_dnt","False","16938","<DNT> Iskaara Tuskarr Rank 12 (Account)","","15466","Dragonflight","141409","0","3276800","0"
"internal_dnt","False","16939","<DNT> Iskaara Tuskarr Rank 12 (Character)","","15466","Dragonflight","141412","0","3145728","0"
"internal_dnt","False","16940","<DNT> Iskaara Tuskarr Rank 13 (Account)","","15466","Dragonflight","141415","0","3276800","0"
"internal_dnt","False","16941","<DNT> Iskaara Tuskarr Rank 13 (Character)","","15466","Dragonflight","141418","0","3145728","0"
"internal_dnt","False","16942","<DNT> Iskaara Tuskarr Rank 14 (Account)","","15466","Dragonflight","141421","0","3276800","0"
"internal_dnt","False","16943","<DNT> Iskaara Tuskarr Rank 14 (Character)","","15466","Dragonflight","141424","0","3145728","0"
"removed_after_dragonflight","False","16944","Friend of the Family","Reach rank 15 renown with the Iskaara Tuskarr.","15466","Dragonflight","141427","0","2228224","0"
"internal_dnt","False","16945","<DNT> Iskaara Tuskarr Rank 15 (Character)","","15466","Dragonflight","141430","0","3145728","0"
"internal_dnt","False","16946","<DNT> Iskaara Tuskarr Rank 16 (Account)","","15466","Dragonflight","141433","0","3276800","0"
"internal_dnt","False","16947","<DNT> Iskaara Tuskarr Rank 16 (Character)","","15466","Dragonflight","141436","0","3145728","0"
"internal_dnt","False","16948","<DNT> Iskaara Tuskarr Rank 17 (Account)","","15466","Dragonflight","141439","0","3276800","0"
"internal_dnt","False","16949","<DNT> Iskaara Tuskarr Rank 17 (Character)","","15466","Dragonflight","141442","0","3145728","0"
"internal_dnt","False","16950","<DNT> Iskaara Tuskarr Rank 18 (Account)","","15466","Dragonflight","141445","0","3276800","0"
"internal_dnt","False","16951","<DNT> Iskaara Tuskarr Rank 18 (Character)","","15466","Dragonflight","141448","0","3145728","0"
"internal_dnt","False","16952","<DNT> Iskaara Tuskarr Rank 19 (Account)","","15466","Dragonflight","141451","0","3276800","0"
"internal_dnt","False","16953","<DNT> Iskaara Tuskarr Rank 19 (Character)","","15466","Dragonflight","141454","0","3145728","0"
"internal_dnt","False","16954","<DNT> Iskaara Tuskarr Rank 20 (Account)","","15466","Dragonflight","141457","0","3276800","0"
"internal_dnt","False","16955","<DNT> Iskaara Tuskarr Rank 20 (Character)","","15466","Dragonflight","141460","0","3145728","0"
"internal_dnt","False","16956","<DNT> Iskaara Tuskarr Rank 21 (Account)","","15466","Dragonflight","141463","0","3276800","0"
"internal_dnt","False","16957","<DNT> Iskaara Tuskarr Rank 21 (Character)","","15466","Dragonflight","141466","0","3145728","0"
"internal_dnt","False","16958","<DNT> Iskaara Tuskarr Rank 22 (Account)","","15466","Dragonflight","141469","0","3276800","0"
"internal_dnt","False","16959","<DNT> Iskaara Tuskarr Rank 22 (Character)","","15466","Dragonflight","141472","0","3145728","0"
"internal_dnt","False","16960","<DNT> Iskaara Tuskarr Rank 23 (Account)","","15466","Dragonflight","141475","0","3276800","0"
"internal_dnt","False","16961","<DNT> Iskaara Tuskarr Rank 23 (Character)","","15466","Dragonflight","141478","0","3145728","0"
"internal_dnt","False","16962","<DNT> Iskaara Tuskarr Rank 24 (Account)","","15466","Dragonflight","141481","0","3276800","0"
"internal_dnt","False","16963","<DNT> Iskaara Tuskarr Rank 24 (Character)","","15466","Dragonflight","141484","0","3145728","0"
"internal_dnt","False","16964","<DNT> Iskaara Tuskarr Rank 25 (Account)","","15466","Dragonflight","141487","0","3276800","0"
"internal_dnt","False","16965","<DNT> Iskaara Tuskarr Rank 25 (Character)","","15466","Dragonflight","141490","0","3145728","0"
"internal_dnt","False","16966","<DNT> Valdrakken Accord Rank 01 (Account)","","15466","Dragonflight","141493","0","3276800","0"
"internal_dnt","False","16967","<DNT> Valdrakken Accord Rank 01 (Character)","","15466","Dragonflight","141496","0","3145728","0"
"internal_dnt","False","16968","<DNT> Valdrakken Accord Rank 02 (Account)","","15466","Dragonflight","141499","0","3276800","0"
"internal_dnt","False","16969","<DNT> Valdrakken Accord Rank 02 (Character)","","15466","Dragonflight","141502","0","3145728","0"
"internal_dnt","False","16970","<DNT> Valdrakken Accord Rank 03 (Account)","","15466","Dragonflight","141505","0","3276800","0"
"internal_dnt","False","16971","<DNT> Valdrakken Accord Rank 03 (Character)","","15466","Dragonflight","141508","0","3145728","0"
"internal_dnt","False","16972","<DNT> Valdrakken Accord Rank 04 (Account)","","15466","Dragonflight","141511","0","3276800","0"
"internal_dnt","False","16973","<DNT> Valdrakken Accord Rank 04 (Character)","","15466","Dragonflight","141514","0","3145728","0"
"internal_dnt","False","16974","<DNT> Valdrakken Accord Rank 05 (Account)","","15466","Dragonflight","141517","0","3276800","0"
"internal_dnt","False","16975","<DNT> Valdrakken Accord Rank 05 (Character)","","15466","Dragonflight","141520","0","3145728","0"
"internal_dnt","False","16976","<DNT> Valdrakken Accord Rank 06 (Account)","","15466","Dragonflight","141523","0","3276800","0"
"internal_dnt","False","16977","<DNT> Valdrakken Accord Rank 06 (Character)","","15466","Dragonflight","141526","0","3145728","0"
"internal_dnt","False","16978","<DNT> Valdrakken Accord Rank 07 (Account)","","15466","Dragonflight","141529","0","3276800","0"
"internal_dnt","False","16979","<DNT> Valdrakken Accord Rank 07 (Character)","","15466","Dragonflight","141532","0","3145728","0"
"internal_dnt","False","16980","<DNT> Valdrakken Accord Rank 08 (Account)","","15466","Dragonflight","141535","0","3276800","0"
"internal_dnt","False","16981","<DNT> Valdrakken Accord Rank 08 (Character)","","15466","Dragonflight","141538","0","3145728","0"
"internal_dnt","False","16982","<DNT> Valdrakken Accord Rank 09 (Account)","","15466","Dragonflight","141541","0","3276800","0"
"internal_dnt","False","16983","<DNT> Valdrakken Accord Rank 09 (Character)","","15466","Dragonflight","141544","0","3145728","0"
"internal_dnt","False","16984","<DNT> Valdrakken Accord Rank 10 (Account)","","15466","Dragonflight","141547","0","3276800","0"
"internal_dnt","False","16985","<DNT> Valdrakken Accord Rank 10 (Character)","","15466","Dragonflight","141550","0","3145728","0"
"internal_dnt","False","16986","<DNT> Valdrakken Accord Rank 11 (Account)","","15466","Dragonflight","141553","0","3276800","0"
"internal_dnt","False","16987","<DNT> Valdrakken Accord Rank 11 (Character)","","15466","Dragonflight","141556","0","3145728","0"
"internal_dnt","False","16988","<DNT> Valdrakken Accord Rank 12 (Account)","","15466","Dragonflight","141559","0","3276800","0"
"internal_dnt","False","16989","<DNT> Valdrakken Accord Rank 12 (Character)","","15466","Dragonflight","141562","0","3145728","0"
"internal_dnt","False","16990","<DNT> Valdrakken Accord Rank 13 (Account)","","15466","Dragonflight","141565","0","3276800","0"
"internal_dnt","False","16991","<DNT> Valdrakken Accord Rank 13 (Character)","","15466","Dragonflight","141568","0","3145728","0"
"internal_dnt","False","16992","<DNT> Valdrakken Accord Rank 14 (Account)","","15466","Dragonflight","141571","0","3276800","0"
"internal_dnt","False","16993","<DNT> Valdrakken Accord Rank 14 (Character)","","15466","Dragonflight","141574","0","3145728","0"
"removed_after_dragonflight","False","16994","Friends in the Accord","Reach rank 15 renown with the Valdrakken Accord.","15466","Dragonflight","141577","0","2228224","0"
"internal_dnt","False","16995","<DNT> Valdrakken Accord Rank 15 (Character)","","15466","Dragonflight","141580","0","3145728","0"
"internal_dnt","False","16996","<DNT> Valdrakken Accord Rank 16 (Account)","","15466","Dragonflight","141583","0","3276800","0"
"internal_dnt","False","16997","<DNT> Valdrakken Accord Rank 16 (Character)","","15466","Dragonflight","141586","0","3145728","0"
"internal_dnt","False","16998","<DNT> Valdrakken Accord Rank 17 (Account)","","15466","Dragonflight","141589","0","3276800","0"
"internal_dnt","False","16999","<DNT> Valdrakken Accord Rank 17 (Character)","","15466","Dragonflight","141592","0","3145728","0"
"internal_dnt","False","17000","<DNT> Valdrakken Accord Rank 18 (Account)","","15466","Dragonflight","141595","0","3276800","0"
"internal_dnt","False","17001","<DNT> Valdrakken Accord Rank 18 (Character)","","15466","Dragonflight","141598","0","3145728","0"
"internal_dnt","False","17002","<DNT> Valdrakken Accord Rank 19 (Account)","","15466","Dragonflight","141601","0","3276800","0"
"internal_dnt","False","17003","<DNT> Valdrakken Accord Rank 19 (Character)","","15466","Dragonflight","141604","0","3145728","0"
"internal_dnt","False","17004","<DNT> Valdrakken Accord Rank 20 (Account)","","15466","Dragonflight","141607","0","3276800","0"
"internal_dnt","False","17005","<DNT> Valdrakken Accord Rank 20 (Character)","","15466","Dragonflight","141610","0","3145728","0"
"internal_dnt","False","17006","<DNT> Valdrakken Accord Rank 21 (Account)","","15466","Dragonflight","141613","0","3276800","0"
"internal_dnt","False","17007","<DNT> Valdrakken Accord Rank 21 (Character)","","15466","Dragonflight","141616","0","3145728","0"
"internal_dnt","False","17008","<DNT> Valdrakken Accord Rank 22 (Account)","","15466","Dragonflight","141619","0","3276800","0"
"internal_dnt","False","17009","<DNT> Valdrakken Accord Rank 22 (Character)","","15466","Dragonflight","141622","0","3145728","0"
"internal_dnt","False","17010","<DNT> Valdrakken Accord Rank 23 (Account)","","15466","Dragonflight","141625","0","3276800","0"
"internal_dnt","False","17011","<DNT> Valdrakken Accord Rank 23 (Character)","","15466","Dragonflight","141628","0","3145728","0"
"internal_dnt","False","17012","<DNT> Valdrakken Accord Rank 24 (Account)","","15466","Dragonflight","141631","0","3276800","0"
"internal_dnt","False","17013","<DNT> Valdrakken Accord Rank 24 (Character)","","15466","Dragonflight","141634","0","3145728","0"
"internal_dnt","False","17014","<DNT> Valdrakken Accord Rank 25 (Account)","","15466","Dragonflight","141637","0","3276800","0"
"internal_dnt","False","17015","<DNT> Valdrakken Accord Rank 25 (Character)","","15466","Dragonflight","141640","0","3145728","0"
"internal_dnt","False","17016","<DNT> Valdrakken Accord Rank 26 (Account)","","15466","Dragonflight","141643","0","3276800","0"
"internal_dnt","False","17017","<DNT> Valdrakken Accord Rank 26 (Character)","","15466","Dragonflight","141646","0","3145728","0"
"internal_dnt","False","17018","<DNT> Valdrakken Accord Rank 27 (Account)","","15466","Dragonflight","141649","0","3276800","0"
"internal_dnt","False","17019","<DNT> Valdrakken Accord Rank 27 (Character)","","15466","Dragonflight","141652","0","3145728","0"
"internal_dnt","False","17020","<DNT> Valdrakken Accord Rank 28 (Account)","","15466","Dragonflight","141655","0","3276800","0"
"internal_dnt","False","17021","<DNT> Valdrakken Accord Rank 28 (Character)","","15466","Dragonflight","141658","0","3145728","0"
"internal_dnt","False","17022","<DNT> Valdrakken Accord Rank 29 (Account)","","15466","Dragonflight","141661","0","3276800","0"
"internal_dnt","False","17023","<DNT> Valdrakken Accord Rank 29 (Character)","","15466","Dragonflight","141664","0","3145728","0"
"internal_dnt","False","17024","<DNT> Valdrakken Accord Rank 30 (Account)","","15466","Dragonflight","141667","0","3276800","0"
"internal_dnt","False","17025","<DNT> Valdrakken Accord Rank 30 (Character)","","15466","Dragonflight","141670","0","3145728","0"
"internal_dnt","False","17026","<DNT> Valdrakken Accord Rank 31 (Account)","","15466","Dragonflight","141673","0","3276800","0"
"internal_dnt","False","17027","<DNT> Valdrakken Accord Rank 31 (Character)","","15466","Dragonflight","141676","0","3145728","0"
"internal_dnt","False","17028","<DNT> Valdrakken Accord Rank 32 (Account)","","15466","Dragonflight","141679","0","3276800","0"
"internal_dnt","False","17029","<DNT> Valdrakken Accord Rank 32 (Character)","","15466","Dragonflight","141682","0","3145728","0"
"internal_dnt","False","17030","<DNT> Valdrakken Accord Rank 33 (Account)","","15466","Dragonflight","141685","0","3276800","0"
"internal_dnt","False","17031","<DNT> Valdrakken Accord Rank 33 (Character)","","15466","Dragonflight","141688","0","3145728","0"
"internal_dnt","False","17032","<DNT> Valdrakken Accord Rank 34 (Account)","","15466","Dragonflight","141691","0","3276800","0"
"internal_dnt","False","17033","<DNT> Valdrakken Accord Rank 34 (Character)","","15466","Dragonflight","141694","0","3145728","0"
"internal_dnt","False","17034","<DNT> Valdrakken Accord Rank 35 (Account)","","15466","Dragonflight","141697","0","3276800","0"
"internal_dnt","False","17035","<DNT> Valdrakken Accord Rank 35 (Character)","","15466","Dragonflight","141700","0","3145728","0"
"internal_dnt","False","17036","<DNT> Maruuk Centaur Rank 01 (Account)","","15466","Dragonflight","141703","0","3276800","0"
"internal_dnt","False","17037","<DNT> Maruuk Centaur Rank 01 (Character)","","15466","Dragonflight","141706","0","3145728","0"
"internal_dnt","False","17038","<DNT> Maruuk Centaur Rank 02 (Account)","","15466","Dragonflight","141709","0","3276800","0"
"internal_dnt","False","17039","<DNT> Maruuk Centaur Rank 02 (Character)","","15466","Dragonflight","141712","0","3145728","0"
"internal_dnt","False","17040","<DNT> Maruuk Centaur Rank 03 (Account)","","15466","Dragonflight","141715","0","3276800","0"
"internal_dnt","False","17041","<DNT> Maruuk Centaur Rank 03 (Character)","","15466","Dragonflight","141718","0","3145728","0"
"internal_dnt","False","17042","<DNT> Maruuk Centaur Rank 04 (Account)","","15466","Dragonflight","141721","0","3276800","0"
"internal_dnt","False","17043","<DNT> Maruuk Centaur Rank 04 (Character)","","15466","Dragonflight","141724","0","3145728","0"
"internal_dnt","False","17044","<DNT> Maruuk Centaur Rank 05 (Account)","","15466","Dragonflight","141727","0","3276800","0"
"internal_dnt","False","17045","<DNT> Maruuk Centaur Rank 05 (Character)","","15466","Dragonflight","141730","0","3145728","0"
"internal_dnt","False","17046","<DNT> Maruuk Centaur Rank 06 (Account)","","15466","Dragonflight","141733","0","3276800","0"
"internal_dnt","False","17047","<DNT> Maruuk Centaur Rank 06 (Character)","","15466","Dragonflight","141736","0","3145728","0"
"internal_dnt","False","17048","<DNT> Maruuk Centaur Rank 07 (Account)","","15466","Dragonflight","141739","0","3276800","0"
"internal_dnt","False","17049","<DNT> Maruuk Centaur Rank 07 (Character)","","15466","Dragonflight","141742","0","3145728","0"
"internal_dnt","False","17050","<DNT> Maruuk Centaur Rank 08 (Account)","","15466","Dragonflight","141745","0","3276800","0"
"internal_dnt","False","17051","<DNT> Maruuk Centaur Rank 08 (Character)","","15466","Dragonflight","141748","0","3145728","0"
"internal_dnt","False","17052","<DNT> Maruuk Centaur Rank 09 (Account)","","15466","Dragonflight","141751","0","3276800","0"
"internal_dnt","False","17053","<DNT> Maruuk Centaur Rank 09 (Character)","","15466","Dragonflight","141754","0","3145728","0"
"internal_dnt","False","17054","<DNT> Maruuk Centaur Rank 10 (Account)","","15466","Dragonflight","141757","0","3276800","0"
"internal_dnt","False","17055","<DNT> Maruuk Centaur Rank 10 (Character)","","15466","Dragonflight","141760","0","3145728","0"
"internal_dnt","False","17056","<DNT> Maruuk Centaur Rank 11 (Account)","","15466","Dragonflight","141763","0","3276800","0"
"internal_dnt","False","17057","<DNT> Maruuk Centaur Rank 11 (Character)","","15466","Dragonflight","141766","0","3145728","0"
"internal_dnt","False","17058","<DNT> Maruuk Centaur Rank 12 (Account)","","15466","Dragonflight","141769","0","3276800","0"
"internal_dnt","False","17059","<DNT> Maruuk Centaur Rank 12 (Character)","","15466","Dragonflight","141772","0","3145728","0"
"internal_dnt","False","17060","<DNT> Maruuk Centaur Rank 13 (Account)","","15466","Dragonflight","141775","0","3276800","0"
"internal_dnt","False","17061","<DNT> Maruuk Centaur Rank 13 (Character)","","15466","Dragonflight","141778","0","3145728","0"
"internal_dnt","False","17062","<DNT> Maruuk Centaur Rank 14 (Account)","","15466","Dragonflight","141781","0","3276800","0"
"internal_dnt","False","17063","<DNT> Maruuk Centaur Rank 14 (Character)","","15466","Dragonflight","141784","0","3145728","0"
"removed_after_dragonflight","False","17064","Friends in the Plains","Reach rank 15 renown with the Maruuk Centaur.","15466","Dragonflight","141787","0","2228224","0"
"internal_dnt","False","17065","<DNT> Maruuk Centaur Rank 15 (Character)","","15466","Dragonflight","141790","0","3145728","0"
"internal_dnt","False","17066","<DNT> Maruuk Centaur Rank 16 (Account)","","15466","Dragonflight","141793","0","3276800","0"
"internal_dnt","False","17067","<DNT> Maruuk Centaur Rank 16 (Character)","","15466","Dragonflight","141796","0","3145728","0"
"internal_dnt","False","17068","<DNT> Maruuk Centaur Rank 17 (Account)","","15466","Dragonflight","141799","0","3276800","0"
"internal_dnt","False","17069","<DNT> Maruuk Centaur Rank 17 (Character)","","15466","Dragonflight","141802","0","3145728","0"
"internal_dnt","False","17070","<DNT> Maruuk Centaur Rank 18 (Account)","","15466","Dragonflight","141805","0","3276800","0"
"internal_dnt","False","17071","<DNT> Maruuk Centaur Rank 18 (Character)","","15466","Dragonflight","141808","0","3145728","0"
"internal_dnt","False","17072","<DNT> Maruuk Centaur Rank 19 (Account)","","15466","Dragonflight","141811","0","3276800","0"
"internal_dnt","False","17073","<DNT> Maruuk Centaur Rank 19 (Character)","","15466","Dragonflight","141814","0","3145728","0"
"internal_dnt","False","17074","<DNT> Maruuk Centaur Rank 20 (Account)","","15466","Dragonflight","141817","0","3276800","0"
"internal_dnt","False","17075","<DNT> Maruuk Centaur Rank 20 (Character)","","15466","Dragonflight","141820","0","3145728","0"
"internal_dnt","False","17076","<DNT> Maruuk Centaur Rank 21 (Account)","","15466","Dragonflight","141823","0","3276800","0"
"internal_dnt","False","17077","<DNT> Maruuk Centaur Rank 21 (Character)","","15466","Dragonflight","141826","0","3145728","0"
"internal_dnt","False","17078","<DNT> Maruuk Centaur Rank 22 (Account)","","15466","Dragonflight","141829","0","3276800","0"
"internal_dnt","False","17079","<DNT> Maruuk Centaur Rank 22 (Character)","","15466","Dragonflight","141832","0","3145728","0"
"internal_dnt","False","17080","<DNT> Maruuk Centaur Rank 23 (Account)","","15466","Dragonflight","141835","0","3276800","0"
"internal_dnt","False","17081","<DNT> Maruuk Centaur Rank 23 (Character)","","15466","Dragonflight","141838","0","3145728","0"
"internal_dnt","False","17082","<DNT> Maruuk Centaur Rank 24 (Account)","","15466","Dragonflight","141841","0","3276800","0"
"internal_dnt","False","17083","<DNT> Maruuk Centaur Rank 24 (Character)","","15466","Dragonflight","141844","0","3145728","0"
"internal_dnt","False","17084","<DNT> Maruuk Centaur Rank 25 (Account)","","15466","Dragonflight","141847","0","3276800","0"
"internal_dnt","False","17085","<DNT> Maruuk Centaur Rank 25 (Character)","","15466","Dragonflight","141850","0","3145728","0"
"internal_dnt","False","17086","<DNT> Iskaara Tuskarr Rank 26 (Account)","","15466","Dragonflight","141853","0","3276800","0"
"internal_dnt","False","17087","<DNT> Iskaara Tuskarr Rank 26 (Character)","","15466","Dragonflight","141856","0","3145728","0"
"internal_dnt","False","17088","<DNT> Iskaara Tuskarr Rank 27 (Account)","","15466","Dragonflight","141859","0","3276800","0"
"internal_dnt","False","17089","<DNT> Iskaara Tuskarr Rank 27 (Character)","","15466","Dragonflight","141862","0","3145728","0"
"internal_dnt","False","17090","<DNT> Iskaara Tuskarr Rank 28 (Account)","","15466","Dragonflight","141865","0","3276800","0"
"internal_dnt","False","17091","<DNT> Iskaara Tuskarr Rank 28 (Character)","","15466","Dragonflight","141868","0","3145728","0"
"internal_dnt","False","17092","<DNT> Iskaara Tuskarr Rank 29 (Account)","","15466","Dragonflight","141871","0","3276800","0"
"internal_dnt","False","17093","<DNT> Iskaara Tuskarr Rank 29 (Character)","","15466","Dragonflight","141874","0","3145728","0"
"internal_dnt","False","17094","<DNT> Iskaara Tuskarr Rank 30 (Account)","","15466","Dragonflight","141877","0","3276800","0"
"internal_dnt","False","17095","<DNT> Iskaara Tuskarr Rank 30 (Character)","","15466","Dragonflight","141880","0","3145728","0"
"snapshot_candidate","True","17096","Mythic: Algeth'ar Academy Guild Run","Defeat Echo of Doragosa in Algeth'ar Academy on Mythic difficulty while in a guild group.","15470","Dragonflight Dungeon","141896","0","49152","10"
"snapshot_candidate","True","17097","Mythic: Brackenhide Hollow Guild Run","Defeat Decatriarch Wratheye in Brackenhide Hollow on Mythic difficulty while in a guild group.","15470","Dragonflight Dungeon","141898","0","49152","10"
"snapshot_candidate","True","17098","Mythic: Halls of Infusion Guild Run","Defeat Primal Tsunami in Halls of Infusion on Mythic difficulty while in a guild group.","15470","Dragonflight Dungeon","141900","0","49152","10"
"snapshot_candidate","True","17099","Mythic: Neltharus Guild Run","Defeat Warlord Sargha in Neltharus on Mythic difficulty while in a guild group.","15470","Dragonflight Dungeon","141902","0","49152","10"
"snapshot_candidate","True","17100","Mythic: Ruby Life Pools Guild Run","Defeat Kyrakka and Erkhart Stormvein in Ruby Life Pools on Mythic difficulty while in a guild group.","15470","Dragonflight Dungeon","141904","0","49152","10"
"snapshot_candidate","True","17101","Mythic: The Azure Vault Guild Run","Defeat Umbrelskul in The Azure Vault on Mythic difficulty while in a guild group.","15470","Dragonflight Dungeon","141906","0","49152","10"
"snapshot_candidate","True","17102","Mythic: The Nokhud Offensive Guild Run","Defeat Balakar Khan in The Nokhud Offensive on Mythic difficulty while in a guild group.","15470","Dragonflight Dungeon","141908","0","49152","10"
"snapshot_candidate","True","17103","Mythic: Uldaman: Legacy of Tyr Guild Run","Defeat Chrono-Lord Deios in Uldaman: Legacy of Tyr on Mythic difficulty while in a guild group.","15470","Dragonflight Dungeon","141910","0","49152","10"
"snapshot_candidate","True","17104","Vicious Saddle (36)","","15270","Player vs. Player","141916","103533","1179648","0"
"snapshot_candidate","True","17105","Vicious Saddle (36)","","15270","Player vs. Player","141918","103533","1179648","0"
"snapshot_candidate","True","17107","Ahead of the Curve: Raszageth the Storm-Eater","Defeat Raszageth the Storm-Eater in Vault of the Incarnates on Heroic difficulty or higher, before the release of the next raid tier.","15271","Raids","141920","0","6144","0"
"snapshot_candidate","True","17108","Cutting Edge: Raszageth the Storm-Eater","Defeat Raszageth the Storm-Eater in Vault of the Incarnates on Mythic difficulty, before the release of the next raid tier.","15271","Raids","141922","0","6144","0"
"dragonflight_category_confirmed","True","17110","The Primal Bulwark","Defeat the following bosses that bolster the defenses of the Vault of the Incarnates.","15468","Dragonflight Raid","141924","0","0","10"
"dragonflight_category_confirmed","True","17111","Caverns of Infusion","Defeat the following bosses in the cavernous depths of Vault of the Incarnates.","15468","Dragonflight Raid","141928","0","0","10"
"dragonflight_category_confirmed","True","17112","Fury of the Storm","Defeat the following bosses in the deepest reaches of the Vault of the Incarnates.","15468","Dragonflight Raid","141932","0","0","10"
"snapshot_candidate","True","17116","Hall of Fame: Raszageth the Storm-Eater (Alliance)","Among the first one hundred Alliance guilds worldwide to defeat Raszageth the Storm-Eater on Mythic difficulty.","15093","Guild Feats of Strength","141937","0","4258304","0"
"snapshot_candidate","True","17118","Hall of Fame: Raszageth the Storm-Eater (Horde)","Among the first one hundred Horde guilds worldwide to defeat Raszageth the Storm-Eater on Mythic difficulty.","15093","Guild Feats of Strength","141939","0","4258304","0"
"snapshot_candidate","True","17119","Deep Cuts From the Vault","Complete one of the achievements or feats of strength listed below.","15259","Appearances","141945","0","131072","10"
"dragonflight_category_hidden","True","17120","Ruby Lifeshrine Loop Reverse: Bronze","Complete Waking Shores Ruby Lifeshrine Loop Reverse.","15462","Dragonriding","0","0","1048576","0"
"dragonflight_category_hidden","True","17121","Ruby Lifeshrine Loop Reverse: Silver","Get Silver ranked time for Waking Shores Ruby Lifeshrine Loop Reverse.","15462","Dragonriding","0","0","1048576","0"
"dragonflight_category_hidden","True","17122","Ruby Lifeshrine Loop Reverse: Gold","Get Gold ranked time for Waking Shores Ruby Lifeshrine Loop Reverse.","15462","Dragonriding","0","0","1048576","0"
"dragonflight_category_hidden","True","17123","Wild Preserve Slalom Reverse: Bronze","Complete Waking Shores Wild Preserve Slalom Reverse.","15462","Dragonriding","0","0","1048576","0"
"dragonflight_category_hidden","True","17124","Wild Preserve Slalom Reverse: Silver","Get Silver ranked time for Waking Shores Wild Preserve Slalom Reverse.","15462","Dragonriding","0","0","1048576","0"
"dragonflight_category_hidden","True","17125","Wild Preserve Slalom Reverse: Gold","Get Gold ranked time for Waking Shores Wild Preserve Slalom Reverse.","15462","Dragonriding","0","0","1048576","0"
"dragonflight_category_hidden","True","17126","Emberflow Flight Reverse: Bronze","Complete Waking Shores Emberflow Flight Reverse.","15462","Dragonriding","0","0","1048576","0"
"dragonflight_category_hidden","True","17127","Emberflow Flight Reverse: Silver","Get Silver ranked time for Waking Shores Emberflow Flight Reverse.","15462","Dragonriding","0","0","1048576","0"
"dragonflight_category_hidden","True","17128","Emberflow Flight Reverse: Gold","Get Gold ranked time for Waking Shores Emberflow Flight Reverse.","15462","Dragonriding","0","0","1048576","0"
"dragonflight_category_hidden","True","17129","Apex Canopy River Run Reverse: Bronze","Complete Waking Shores Apex Canopy River Run Reverse.","15462","Dragonriding","0","0","1048576","0"
"dragonflight_category_hidden","True","17130","Apex Canopy River Run Reverse: Silver","Get Silver ranked time for Waking Shores Apex Canopy River Run Reverse.","15462","Dragonriding","0","0","1048576","0"
"dragonflight_category_hidden","True","17131","Apex Canopy River Run Reverse: Gold","Get Gold ranked time for Waking Shores Apex Canopy River Run Reverse.","15462","Dragonriding","0","0","1048576","0"
"dragonflight_category_hidden","True","17132","Uktulut Coaster Reverse: Bronze","Complete Waking Shores Uktulut Coaster Reverse.","15462","Dragonriding","0","0","1048576","0"
"dragonflight_category_hidden","True","17133","Uktulut Coaster Reverse: Silver","Get Silver ranked time for Waking Shores Uktulut Coaster Reverse.","15462","Dragonriding","0","0","1048576","0"
"dragonflight_category_hidden","True","17134","Uktulut Coaster Reverse: Gold","Get Gold ranked time for Waking Shores Uktulut Coaster Reverse.","15462","Dragonriding","0","0","1048576","0"
"dragonflight_category_hidden","True","17135","Wingrest Roundabout Reverse: Bronze","Complete Waking Shores Wingrest Roundabout Reverse.","15462","Dragonriding","0","0","1048576","0"
"dragonflight_category_hidden","True","17136","Wingrest Roundabout Reverse: Silver","Get Silver ranked time for Waking Shores Wingrest Roundabout Reverse.","15462","Dragonriding","0","0","1048576","0"
"dragonflight_category_hidden","True","17137","Wingrest Roundabout Reverse: Gold","Get Gold ranked time for Waking Shores Wingrest Roundabout Reverse.","15462","Dragonriding","0","0","1048576","0"
"dragonflight_category_hidden","True","17138","Flashfrost Flyover Reverse: Bronze","Complete Waking Shores Flashfrost Flyover Reverse.","15462","Dragonriding","0","0","1048576","0"
"dragonflight_category_hidden","True","17139","Flashfrost Flyover Reverse: Silver","Get Silver ranked time for Waking Shores Flashfrost Flyover Reverse.","15462","Dragonriding","0","0","1048576","0"
"dragonflight_category_hidden","True","17140","Flashfrost Flyover Reverse: Gold","Get Gold ranked time for Waking Shores Flashfrost Flyover Reverse.","15462","Dragonriding","0","0","1048576","0"
"dragonflight_category_hidden","True","17141","Wild Preserve Circuit Reverse: Bronze","Complete Waking Shores Wild Preserve Circuit Reverse.","15462","Dragonriding","0","0","1048576","0"
"dragonflight_category_hidden","True","17142","Wild Preserve Circuit Reverse: Silver","Get Silver ranked time for Waking Shores Wild Preserve Circuit Reverse.","15462","Dragonriding","0","0","1048576","0"
"dragonflight_category_hidden","True","17143","Wild Preserve Circuit Reverse: Gold","Get Gold ranked time for Waking Shores Wild Preserve Circuit Reverse.","15462","Dragonriding","0","0","1048576","0"
"dragonflight_category_hidden","True","17144","Sundapple Copse Circuit Reverse: Bronze","Complete Ohn'ahran Plains Sundapple Copse Circuit Reverse.","15462","Dragonriding","0","0","1048576","0"
"dragonflight_category_hidden","True","17145","Sundapple Copse Circuit Reverse: Silver","Get Silver ranked time for Ohn'ahran Plains Sundapple Copse Circuit Reverse.","15462","Dragonriding","0","0","1048576","0"
"dragonflight_category_hidden","True","17146","Sundapple Copse Circuit Reverse: Gold","Get Gold ranked time for Ohn'ahran Plains Sundapple Copse Circuit Reverse.","15462","Dragonriding","0","0","1048576","0"
"dragonflight_category_hidden","True","17147","Fen Flythrough Reverse: Bronze","Complete Ohn'ahran Plains Fen Flythrough Reverse.","15462","Dragonriding","0","0","1048576","0"
"dragonflight_category_hidden","True","17148","Fen Flythrough Reverse: Silver","Get Silver ranked time for Ohn'ahran Plains Fen Flythrough Reverse.","15462","Dragonriding","0","0","1048576","0"
"dragonflight_category_hidden","True","17149","Fen Flythrough Reverse: Gold","Get Gold ranked time for Ohn'ahran Plains Fen Flythrough Reverse.","15462","Dragonriding","0","0","1048576","0"
"dragonflight_category_hidden","True","17150","Ravine River Run Reverse: Bronze","Complete Ohn'ahran Plains Ravine River Run Reverse.","15462","Dragonriding","0","0","1048576","0"
"dragonflight_category_hidden","True","17151","Ravine River Run Reverse: Silver","Get Silver ranked time for Ohn'ahran Plains Ravine River Run Reverse.","15462","Dragonriding","0","0","1048576","0"
"dragonflight_category_hidden","True","17152","Ravine River Run Reverse: Gold","Get Gold ranked time for Ohn'ahran Plains Ravine River Run Reverse.","15462","Dragonriding","0","0","1048576","0"
"dragonflight_category_hidden","True","17153","Emerald Gardens Ascent Reverse: Bronze","Complete Ohn'ahran Plains Emerald Gardens Ascent Reverse.","15462","Dragonriding","0","0","1048576","0"
"dragonflight_category_hidden","True","17154","Emerald Gardens Ascent Reverse: Silver","Get Silver ranked time for Ohn'ahran Plains Emerald Gardens Ascent Reverse.","15462","Dragonriding","0","0","1048576","0"
"dragonflight_category_hidden","True","17155","Emerald Gardens Ascent Reverse: Gold","Get Gold ranked time for Ohn'ahran Plains Emerald Gardens Ascent Reverse.","15462","Dragonriding","0","0","1048576","0"
"dragonflight_category_hidden","True","17156","River Rapids Route Reverse: Bronze","Complete Ohn'ahran Plains River Rapids Route Reverse.","15462","Dragonriding","0","0","1048576","0"
"dragonflight_category_hidden","True","17157","River Rapids Route Reverse: Silver","Get Silver ranked time for Ohn'ahran Plains River Rapids Route Reverse.","15462","Dragonriding","0","0","1048576","0"
"dragonflight_category_hidden","True","17158","River Rapids Route Reverse: Gold","Get Gold ranked time for Ohn'ahran Plains River Rapids Route Reverse.","15462","Dragonriding","0","0","1048576","0"
"dragonflight_category_hidden","True","17159","The Azure Span Sprint Reverse: Bronze","Complete The Azure Span Sprint Reverse.","15462","Dragonriding","0","0","1048576","0"
"dragonflight_category_hidden","True","17160","The Azure Span Sprint Reverse: Silver","Get Silver ranked time for The Azure Span Sprint Reverse.","15462","Dragonriding","0","0","1048576","0"
"dragonflight_category_hidden","True","17161","The Azure Span Sprint Reverse: Gold","Get Gold ranked time for The Azure Span Sprint Reverse.","15462","Dragonriding","0","0","1048576","0"
"dragonflight_category_hidden","True","17162","The Azure Span Slalom Reverse: Bronze","Complete The Azure Span Slalom Reverse.","15462","Dragonriding","0","0","1048576","0"
"dragonflight_category_hidden","True","17163","The Azure Span Slalom Reverse: Silver","Get Silver ranked time for The Azure Span Slalom Reverse.","15462","Dragonriding","0","0","1048576","0"
"dragonflight_category_hidden","True","17164","The Azure Span Slalom Reverse: Gold","Get Gold ranked time for The Azure Span Slalom Reverse.","15462","Dragonriding","0","0","1048576","0"
"dragonflight_category_hidden","True","17165","The Vakthros Ascent Reverse: Bronze","Complete Azure Span Vakthros Ascent Reverse.","15462","Dragonriding","0","0","1048576","0"
"dragonflight_category_hidden","True","17166","The Vakthros Ascent Reverse: Silver","Get Silver ranked time for Azure Span Vakthros Ascent Reverse.","15462","Dragonriding","0","0","1048576","0"
"dragonflight_category_hidden","True","17167","The Vakthros Ascent Reverse: Gold","Get Gold ranked time for Azure Span Vakthros Ascent Reverse.","15462","Dragonriding","0","0","1048576","0"
"dragonflight_category_hidden","True","17168","Iskaara Tour Reverse: Bronze","Complete Azure Span Iskaara Tour Reverse.","15462","Dragonriding","0","0","1048576","0"
"dragonflight_category_hidden","True","17169","Iskaara Tour Reverse: Silver","Get Silver ranked time for Azure Span Iskaara Tour Reverse.","15462","Dragonriding","0","0","1048576","0"
"dragonflight_category_hidden","True","17170","Iskaara Tour Reverse: Gold","Get Gold ranked time for Azure Span Iskaara Tour Reverse.","15462","Dragonriding","0","0","1048576","0"
"dragonflight_category_hidden","True","17171","Frostland Flyover Reverse: Bronze","Complete Azure Span Frostland Flyover Reverse.","15462","Dragonriding","0","0","1048576","0"
"dragonflight_category_hidden","True","17172","Frostland Flyover Reverse: Silver","Get Silver ranked time for Azure Span Frostland Flyover Reverse.","15462","Dragonriding","0","0","1048576","0"
"dragonflight_category_hidden","True","17173","Frostland Flyover Reverse: Gold","Get Gold ranked time for Azure Span Frostland Flyover Reverse.","15462","Dragonriding","0","0","1048576","0"
"dragonflight_category_hidden","True","17174","Archive Ambit Reverse: Bronze","Complete Azure Span Archive Ambit Reverse.","15462","Dragonriding","0","0","1048576","0"
"dragonflight_category_hidden","True","17175","Archive Ambit Reverse: Silver","Get Silver ranked time for Azure Span Archive Ambit Reverse.","15462","Dragonriding","0","0","1048576","0"
"dragonflight_category_hidden","True","17176","Archive Ambit Reverse: Gold","Get Gold ranked time for Azure Span Archive Ambit Reverse.","15462","Dragonriding","0","0","1048576","0"
"dragonflight_category_hidden","True","17177","The Flowing Forest Flight Reverse: Bronze","Complete Thaldraszus Flowing Forest Flight Reverse.","15462","Dragonriding","0","0","1048576","0"
"dragonflight_category_hidden","True","17178","The Flowing Forest Flight Reverse: Silver","Get Silver ranked time for Thaldraszus Flowing Forest Flight Reverse.","15462","Dragonriding","0","0","1048576","0"
"dragonflight_category_hidden","True","17179","The Flowing Forest Flight Reverse: Gold","Get Gold ranked time for Thaldraszus Flowing Forest Flight Reverse.","15462","Dragonriding","0","0","1048576","0"
"dragonflight_category_hidden","True","17180","Tyrhold Trial Reverse: Bronze","Complete Thaldraszus Tyrhold Trial Reverse.","15462","Dragonriding","0","0","1048576","0"
"dragonflight_category_hidden","True","17181","Tyrhold Trial Reverse: Silver","Get Silver ranked time for Thaldraszus Tyrhold Trial Reverse.","15462","Dragonriding","0","0","1048576","0"
"dragonflight_category_hidden","True","17182","Tyrhold Trial Reverse: Gold","Get Gold ranked time for Thaldraszus Tyrhold Trial Reverse.","15462","Dragonriding","0","0","1048576","0"
"dragonflight_category_hidden","True","17183","Cliffside Circuit Reverse: Bronze","Complete Thaldraszus Cliffside Circuit Reverse.","15462","Dragonriding","0","0","1048576","0"
"dragonflight_category_hidden","True","17184","Cliffside Circuit Reverse: Silver","Get Silver ranked time for Thaldraszus Cliffside Circuit Reverse.","15462","Dragonriding","0","0","1048576","0"
"dragonflight_category_hidden","True","17185","Cliffside Circuit Reverse: Gold","Get Gold ranked time for Thaldraszus Cliffside Circuit Reverse.","15462","Dragonriding","0","0","1048576","0"
"dragonflight_category_hidden","True","17186","Academy Ascent Reverse: Bronze","Complete Thaldraszus Academy Ascent Reverse.","15462","Dragonriding","0","0","1048576","0"
"dragonflight_category_hidden","True","17187","Academy Ascent Reverse: Silver","Get Silver ranked time for Thaldraszus Academy Ascent Reverse.","15462","Dragonriding","0","0","1048576","0"
"dragonflight_category_hidden","True","17188","Academy Ascent Reverse: Gold","Get Gold ranked time for Thaldraszus Academy Ascent Reverse.","15462","Dragonriding","0","0","1048576","0"
"dragonflight_category_hidden","True","17189","Garden Gallivant Reverse: Bronze","Complete Thaldraszus Garden Gallivant Reverse.","15462","Dragonriding","0","0","1048576","0"
"dragonflight_category_hidden","True","17190","Garden Gallivant Reverse: Silver","Get Silver ranked time for Thaldraszus Garden Gallivant Reverse.","15462","Dragonriding","0","0","1048576","0"
"dragonflight_category_hidden","True","17191","Garden Gallivant Reverse: Gold","Get Gold ranked time for Thaldraszus Garden Gallivant Reverse.","15462","Dragonriding","0","0","1048576","0"
"dragonflight_category_hidden","True","17192","Caverns Criss-Cross Reverse: Bronze","Complete Thaldraszus Caverns Criss-Cross Reverse.","15462","Dragonriding","0","0","1048576","0"
"dragonflight_category_hidden","True","17193","Caverns Criss-Cross Reverse: Silver","Get Silver ranked time for Thaldraszus Caverns Criss-Cross Reverse.","15462","Dragonriding","0","0","1048576","0"
"dragonflight_category_hidden","True","17194","Caverns Criss-Cross Reverse: Gold","Get Gold ranked time for Thaldraszus Caverns Criss-Cross Reverse.","15462","Dragonriding","0","0","1048576","0"
"dragonflight_category_confirmed","True","17195","Waking Shores Reverse: Bronze","Complete all reverse races in Waking Shores.","15462","Dragonriding","142137","0","0","10"
"dragonflight_category_confirmed","True","17196","Waking Shores Reverse: Silver","Obtain silver in all reverse races in Waking Shores.","15462","Dragonriding","142146","0","0","10"
"dragonflight_category_confirmed","True","17197","Waking Shores Reverse: Gold","Obtain gold in all reverse races in Waking Shores.","15462","Dragonriding","142155","0","0","10"
"dragonflight_category_confirmed","True","17198","Ohn'ahran Plains Reverse: Bronze","Complete all reverse races in Ohn'ahran Plains.","15462","Dragonriding","142164","0","0","10"
"dragonflight_category_confirmed","True","17199","Ohn'ahran Plains Reverse: Silver","Obtain silver in all reverse races in Ohn'ahran Plains.","15462","Dragonriding","142170","0","0","10"
"dragonflight_category_confirmed","True","17200","Ohn'ahran Plains Reverse: Gold","Obtain gold in all reverse races in Ohn'ahran Plains.","15462","Dragonriding","142176","0","0","10"
"dragonflight_category_confirmed","True","17201","Azure Span Reverse: Bronze","Complete all reverse races in Azure Span.","15462","Dragonriding","142182","0","0","10"
"dragonflight_category_confirmed","True","17202","Azure Span Reverse: Silver","Obtain silver in all reverse races in Azure Span.","15462","Dragonriding","142189","0","0","10"
"dragonflight_category_confirmed","True","17203","Azure Span Reverse: Gold","Obtain gold in all reverse races in Azure Span.","15462","Dragonriding","142196","0","0","10"
"dragonflight_category_confirmed","True","17204","Thaldraszus Reverse: Bronze","Complete all reverse races in Thaldraszus.","15462","Dragonriding","142203","0","0","10"
"dragonflight_category_confirmed","True","17205","Thaldraszus Reverse: Silver","Obtain silver in all reverse races in Thaldraszus.","15462","Dragonriding","142210","0","0","10"
"dragonflight_category_confirmed","True","17206","Thaldraszus Reverse: Gold","Obtain gold in all reverse races in Thaldraszus.","15462","Dragonriding","142217","0","0","10"
"snapshot_candidate","True","17207","Discombobberlated","Catch 100 fish with the Oversized Bobber.","171","Fishing","142301","0","0","10"
"removed_after_dragonflight","False","17209","[DEPRECATED] <Hidden> Chromie Time - Hit 59 While In Chromie Time (copy)","","15422","Shadowlands","0","0","1048580","0"
"removed_after_dragonflight","False","17210","[DEPRECATED] <Hidden> Chromie Time - Hit 60 While In Chromie Time (copy)","","15422","Shadowlands","0","0","1048580","0"
"dragonflight_category_hidden","True","17214","Stormsunder Crater Circuit: Bronze","Complete Forbidden Reach Stormsunder Crater Circuit.","15462","Dragonriding","0","0","1048576","0"
"dragonflight_category_hidden","True","17215","Stormsunder Crater Circuit: Silver","Get Silver ranked time for Forbidden Reach Stormsunder Crater Circuit.","15462","Dragonriding","0","0","1048576","0"
"dragonflight_category_hidden","True","17216","Stormsunder Crater Circuit: Gold","Get Gold ranked time for Forbidden Reach Stormsunder Crater Circuit.","15462","Dragonriding","0","0","1048576","0"
"dragonflight_category_hidden","True","17217","Stormsunder Crater Circuit Advanced: Bronze","Complete Forbidden Reach Stormsunder Crater Circuit Advanced.","15462","Dragonriding","0","0","1048576","0"
"dragonflight_category_hidden","True","17218","Stormsunder Crater Circuit Advanced: Silver","Get Silver ranked time for Forbidden Reach Stormsunder Crater Circuit Advanced.","15462","Dragonriding","0","0","1048576","0"
"dragonflight_category_hidden","True","17219","Stormsunder Crater Circuit Advanced: Gold","Get Gold ranked time for Forbidden Reach Stormsunder Crater Circuit Advanced.","15462","Dragonriding","0","0","1048576","0"
"dragonflight_category_hidden","True","17220","Stormsunder Crater Circuit Reverse: Bronze","Complete Forbidden Reach Stormsunder Crater Circuit Reverse.","15462","Dragonriding","0","0","1048576","0"
"dragonflight_category_hidden","True","17221","Stormsunder Crater Circuit Reverse: Silver","Get Silver ranked time for Forbidden Reach Stormsunder Crater Circuit Reverse.","15462","Dragonriding","0","0","1048576","0"
"dragonflight_category_hidden","True","17222","Stormsunder Crater Circuit Reverse: Gold","Get Gold ranked time for Forbidden Reach Stormsunder Crater Circuit Reverse.","15462","Dragonriding","0","0","1048576","0"
"dragonflight_category_hidden","True","17223","Morqut Ascent: Bronze","Complete Forbidden Reach Morqut Ascent.","15462","Dragonriding","0","0","1048576","0"
"dragonflight_category_hidden","True","17224","Morqut Ascent: Silver","Get Silver ranked time for Forbidden Reach Morqut Ascent.","15462","Dragonriding","0","0","1048576","0"
"dragonflight_category_hidden","True","17225","Morqut Ascent: Gold","Get Gold ranked time for Forbidden Reach Morqut Ascent.","15462","Dragonriding","0","0","1048576","0"
"dragonflight_category_hidden","True","17237","Morqut Ascent Advanced: Bronze","Complete Forbidden Reach Morqut Ascent Advanced.","15462","Dragonriding","0","0","1048576","0"
"dragonflight_category_hidden","True","17238","Morqut Ascent Advanced: Silver","Get Silver ranked time for Forbidden Reach Morqut Ascent Advanced.","15462","Dragonriding","0","0","1048576","0"
"dragonflight_category_hidden","True","17239","Morqut Ascent Advanced: Gold","Get Gold ranked time for Forbidden Reach Morqut Ascent Advanced.","15462","Dragonriding","0","0","1048576","0"
"dragonflight_category_hidden","True","17240","Morqut Ascent Reverse: Bronze","Complete Forbidden Reach Morqut Ascent Reverse.","15462","Dragonriding","0","0","1048576","0"
"dragonflight_category_hidden","True","17241","Morqut Ascent Reverse: Silver","Get Silver ranked time for Forbidden Reach Morqut Ascent Reverse.","15462","Dragonriding","0","0","1048576","0"
"dragonflight_category_hidden","True","17242","Morqut Ascent Reverse: Gold","Get Gold ranked time for Forbidden Reach Morqut Ascent Reverse.","15462","Dragonriding","0","0","1048576","0"
"dragonflight_category_hidden","True","17243","Aerie Chasm Cruise: Bronze","Complete Forbidden Reach Aerie Chasm Cruise.","15462","Dragonriding","0","0","1048576","0"
"dragonflight_category_hidden","True","17244","Aerie Chasm Cruise: Silver","Get Silver ranked time for Forbidden Reach Aerie Chasm Cruise.","15462","Dragonriding","0","0","1048576","0"
"dragonflight_category_hidden","True","17245","Aerie Chasm Cruise: Gold","Get Gold ranked time for Forbidden Reach Aerie Chasm Cruise.","15462","Dragonriding","0","0","1048576","0"
"dragonflight_category_hidden","True","17246","Aerie Chasm Cruise Advanced: Bronze","Complete Forbidden Reach Aerie Chasm Cruise Advanced.","15462","Dragonriding","0","0","1048576","0"
"dragonflight_category_hidden","True","17247","Aerie Chasm Cruise Advanced: Silver","Get Silver ranked time for Forbidden Reach Aerie Chasm Cruise Advanced.","15462","Dragonriding","0","0","1048576","0"
"dragonflight_category_hidden","True","17248","Aerie Chasm Cruise Advanced: Gold","Get Gold ranked time for Forbidden Reach Aerie Chasm Cruise Advanced.","15462","Dragonriding","0","0","1048576","0"
"dragonflight_category_hidden","True","17249","Aerie Chasm Cruise Reverse: Bronze","Complete Forbidden Reach Aerie Chasm Cruise Reverse.","15462","Dragonriding","0","0","1048576","0"
"dragonflight_category_hidden","True","17250","Aerie Chasm Cruise Reverse: Silver","Get Silver ranked time for Forbidden Reach Aerie Chasm Cruise Reverse.","15462","Dragonriding","0","0","1048576","0"
"dragonflight_category_hidden","True","17251","Aerie Chasm Cruise Reverse: Gold","Get Gold ranked time for Forbidden Reach Aerie Chasm Cruise Reverse.","15462","Dragonriding","0","0","1048576","0"
"dragonflight_category_hidden","True","17252","Southern Reach Route: Bronze","Complete Forbidden Reach Southern Reach Route.","15462","Dragonriding","0","0","1048576","0"
"dragonflight_category_hidden","True","17253","Southern Reach Route: Silver","Get Silver ranked time for Forbidden Reach Southern Reach Route.","15462","Dragonriding","0","0","1048576","0"
"dragonflight_category_hidden","True","17254","Southern Reach Route: Gold","Get Gold ranked time for Forbidden Reach Southern Reach Route.","15462","Dragonriding","0","0","1048576","0"
"dragonflight_category_hidden","True","17255","Southern Reach Route Advanced: Bronze","Complete Forbidden Reach Southern Reach Route Advanced.","15462","Dragonriding","0","0","1048576","0"
"dragonflight_category_hidden","True","17256","Southern Reach Route Advanced: Silver","Get Silver ranked time for Forbidden Reach Southern Reach Route Advanced.","15462","Dragonriding","0","0","1048576","0"
"dragonflight_category_hidden","True","17257","Southern Reach Route Advanced: Gold","Get Gold ranked time for Forbidden Reach Southern Reach Route Advanced.","15462","Dragonriding","0","0","1048576","0"
"dragonflight_category_hidden","True","17258","Southern Reach Route Reverse: Bronze","Complete Forbidden Reach Southern Reach Route Reverse.","15462","Dragonriding","0","0","1048576","0"
"dragonflight_category_hidden","True","17259","Southern Reach Route Reverse: Silver","Get Silver ranked time for Forbidden Reach Southern Reach Route Reverse.","15462","Dragonriding","0","0","1048576","0"
"dragonflight_category_hidden","True","17260","Southern Reach Route Reverse: Gold","Get Gold ranked time for Forbidden Reach Southern Reach Route Reverse.","15462","Dragonriding","0","0","1048576","0"
"dragonflight_category_hidden","True","17261","Caldera Coaster: Bronze","Complete Forbidden Reach Caldera Coaster.","15462","Dragonriding","0","0","1048576","0"
"dragonflight_category_hidden","True","17262","Caldera Coaster: Silver","Get Silver ranked time for Forbidden Reach Caldera Coaster.","15462","Dragonriding","0","0","1048576","0"
"dragonflight_category_hidden","True","17263","Caldera Coaster: Gold","Get Gold ranked time for Forbidden Reach Caldera Coaster.","15462","Dragonriding","0","0","1048576","0"
"dragonflight_category_hidden","True","17264","Caldera Coaster Advanced: Bronze","Complete Forbidden Reach Caldera Coaster Advanced.","15462","Dragonriding","0","0","1048576","0"
"dragonflight_category_hidden","True","17265","Caldera Coaster Advanced: Silver","Get Silver ranked time for Forbidden Reach Caldera Coaster Advanced.","15462","Dragonriding","0","0","1048576","0"
"dragonflight_category_hidden","True","17266","Caldera Coaster Advanced: Gold","Get Gold ranked time for Forbidden Reach Caldera Coaster Advanced.","15462","Dragonriding","0","0","1048576","0"
"dragonflight_category_hidden","True","17267","Caldera Coaster Reverse: Bronze","Complete Forbidden Reach Caldera Coaster Reverse.","15462","Dragonriding","0","0","1048576","0"
"dragonflight_category_hidden","True","17268","Caldera Coaster Reverse: Silver","Get Silver ranked time for Forbidden Reach Caldera Coaster Reverse.","15462","Dragonriding","0","0","1048576","0"
"dragonflight_category_hidden","True","17269","Caldera Coaster Reverse: Gold","Get Gold ranked time for Forbidden Reach Caldera Coaster Reverse.","15462","Dragonriding","0","0","1048576","0"
"dragonflight_category_hidden","True","17270","Forbidden Reach Rush: Bronze","Complete Forbidden Reach Forbidden Reach Rush.","15462","Dragonriding","0","0","1048576","0"
"dragonflight_category_hidden","True","17271","Forbidden Reach Rush: Silver","Get Silver ranked time for Forbidden Reach Forbidden Reach Rush.","15462","Dragonriding","0","0","1048576","0"
"dragonflight_category_hidden","True","17272","Forbidden Reach Rush: Gold","Get Gold ranked time for Forbidden Reach Forbidden Reach Rush.","15462","Dragonriding","0","0","1048576","0"
"dragonflight_category_hidden","True","17273","Forbidden Reach Rush Advanced: Bronze","Complete Forbidden Reach Forbidden Reach Rush Advanced.","15462","Dragonriding","0","0","1048576","0"
"dragonflight_category_hidden","True","17274","Forbidden Reach Rush Advanced: Silver","Get Silver ranked time for Forbidden Reach Forbidden Reach Rush Advanced.","15462","Dragonriding","0","0","1048576","0"
"dragonflight_category_hidden","True","17275","Forbidden Reach Rush Advanced: Gold","Get Gold ranked time for Forbidden Reach Forbidden Reach Rush Advanced.","15462","Dragonriding","0","0","1048576","0"
"dragonflight_category_hidden","True","17276","Forbidden Reach Rush Reverse: Bronze","Complete Forbidden Reach Forbidden Reach Rush Reverse.","15462","Dragonriding","0","0","1048576","0"
"dragonflight_category_hidden","True","17277","Forbidden Reach Rush Reverse: Silver","Get Silver ranked time for Forbidden Reach Forbidden Reach Rush Reverse.","15462","Dragonriding","0","0","1048576","0"
"dragonflight_category_hidden","True","17278","Forbidden Reach Rush Reverse: Gold","Get Gold ranked time for Forbidden Reach Forbidden Reach Rush Reverse.","15462","Dragonriding","0","0","1048576","0"
"dragonflight_category_confirmed","True","17279","Forbidden Reach: Bronze","Complete all races in the Forbidden Reach.","15462","Dragonriding","142370","0","0","10"
"dragonflight_category_confirmed","True","17280","Forbidden Reach: Silver","Obtain silver in all normal races in the Forbidden Reach.","15462","Dragonriding","142377","0","0","10"
"dragonflight_category_confirmed","True","17281","Forbidden Reach: Gold","Obtain gold in all normal races in the Forbidden Reach.","15462","Dragonriding","142384","0","0","10"
"dragonflight_category_confirmed","True","17284","Forbidden Reach Advanced: Bronze","Complete all advanced races in the Forbidden Reach.","15462","Dragonriding","142396","0","0","10"
"dragonflight_category_confirmed","True","17286","Forbidden Reach Advanced: Silver","Obtain silver in all advanced races in the Forbidden Reach.","15462","Dragonriding","142407","0","0","10"
"dragonflight_category_confirmed","True","17287","Forbidden Reach Advanced: Gold","Obtain gold in all advanced races in the Forbidden Reach.","15462","Dragonriding","142414","0","0","10"
"dragonflight_category_confirmed","True","17288","Forbidden Reach Reverse: Bronze","Complete all reverse races in the Forbidden Reach.","15462","Dragonriding","142421","0","0","10"
"dragonflight_category_confirmed","True","17289","Forbidden Reach Reverse: Silver","Obtain silver in all reverse races in the Forbidden Reach.","15462","Dragonriding","142428","0","0","10"
"dragonflight_category_confirmed","True","17290","Forbidden Reach Reverse: Gold","Obtain gold in all reverse races in the Forbidden Reach.","15462","Dragonriding","142435","0","0","10"
"dragonflight_category_confirmed","True","17294","Forbidden Reach Racing Completionist","Complete all races in the Forbidden Reach.","15462","Dragonriding","142455","0","0","20"
"dragonflight_category_confirmed","True","17296","Forbidden Reach Racing Completionist: Silver","Obtain silver in all races in the Forbidden Reach.","15462","Dragonriding","142465","0","0","20"
"dragonflight_category_confirmed","True","17298","Forbidden Reach Racing Completionist: Gold","Obtain gold in all races in the Forbidden Reach.","15462","Dragonriding","142478","0","0","20"
"snapshot_candidate","True","17305","Trading Post: Dragonflight","Owner of any Dragonflight edition before the month of November 2023.","15268","Promotions","142517","0","2230276","0"
"internal_dnt","True","17306","<DNT> Winterpelt Furbolg - 1 - Friendly","","15466","Dragonflight","142519","0","3145728","0"
"internal_dnt","True","17307","<DNT> Winterpelt Furbolg - 1 - Honored","","15466","Dragonflight","142521","0","3145728","0"
"internal_dnt","True","17308","<DNT> Winterpelt Furbolg - 1 - Revered","","15466","Dragonflight","142523","0","3145728","0"
"internal_dnt","True","17309","<DNT> Winterpelt Furbolg - 1 - Exalted","","15466","Dragonflight","142525","0","3145728","0"
"dragonflight_category_hidden","True","17310","10.0 Prologue - Storms - Dimmed Primeval Water","","15466","Dragonflight","142541","0","3276804","0"
"dragonflight_category_hidden","True","17311","10.0 Prologue - Storms - Dimmed Primeval Fire","","15466","Dragonflight","142543","0","3276804","0"
"dragonflight_category_hidden","True","17312","10.0 Prologue - Storms - Dimmed Primeval Earth","","15466","Dragonflight","142545","0","3276804","0"
"dragonflight_category_hidden","True","17313","10.0 Prologue - Storms - Dimmed Primeval Storm","","15466","Dragonflight","142547","0","3276804","0"
"snapshot_candidate","True","17314","Heroic Edition: Tangled Dreamweaver","Owner of the Dragonflight Heroic Edition Tangled Dreamweaver mount.","15268","Promotions","142551","0","133120","0"
"dragonflight_category_confirmed","True","17315","While We Were Sleeping","Deliver the following items to the Scalecommanders at the Forbidden Reach.","15465","Dragon Isles","143322","0","0","10"
"snapshot_candidate","True","17321","Elders of the Dragon Isles","Honor the Elders which are located in the Dragon Isles.","160","Lunar Festival","142615","0","0","10"
"dragonflight_category_confirmed","True","17330","Reverse Racer: Bronze","Complete all reverse races in the Dragon Isles.","15462","Dragonriding","142658","0","0","10"
"dragonflight_category_confirmed","True","17331","Reverse Racer: Silver","Obtain silver in all reverse races in the Dragon Isles.","15462","Dragonriding","142663","0","0","10"
"dragonflight_category_confirmed","True","17332","Reverse Racer: Gold","Obtain gold in all reverse races in the Dragon Isles.","15462","Dragonriding","142668","0","0","10"
"snapshot_candidate","True","17334","Trading Post Enthusiast","Earn the monthly special reward from the Trading Post 12 times.","92","Character","142673","0","131072","10"
"snapshot_candidate","True","17335","Airborne Tumbler","Use Whirling Surge to dismount an enemy player in War Mode.","15283","World","142675","0","0","5"
"snapshot_candidate","True","17336","Airborne Tumbler","Use Whirling Surge to dismount 10 enemy players in War Mode.","15283","World","142677","0","0","5"
"dragonflight_category_hidden","True","17338","<Hidden> ACCOUNT: Veritistrasz Q2 Completed","","15455","Dragonflight","142735","0","3276804","0"
"snapshot_candidate","True","17339","Legend: Dragonflight Season 1","Win 100 Rated Solo Shuffle rounds while at Elite rank during Dragonflight Season 1.","15270","Player vs. Player","142762","0","14336","0"
"dragonflight_category_confirmed","True","17342","The Future We Make","Kill each of the Primalist monsters in the Storm's Fury event within the Primalist Future.","15455","Dragonflight","142768","0","0","5"
"dragonflight_category_confirmed","True","17343","Drop It Like It's Hot","Kill any of the Primalist monsters within the Storm's Fury event while you have at least 15 stacks of Warmth.","15455","Dragonflight","142772","0","0","5"
"snapshot_candidate","True","17344","Warcraft Rumble Minis, Get 'Em All!","Collect all seven Warcraft Rumble Minis.","15247","Toy Box","142780","0","131072","10"
"snapshot_candidate","True","17345","Airborne Tumbler","Use Whirling Surge to dismount 50 enemy players in War Mode.","15283","World","142788","0","0","5"
"snapshot_candidate","True","17346","Warcraft Rumble Minis, Maiev's New Look","Upgrade Maiev once.","15247","Toy Box","142790","0","131072","5"
"snapshot_candidate","True","17347","Warcraft Rumble Minis, Sneed's New Look","Upgrade Sneed once.","15247","Toy Box","142792","0","131072","5"
"snapshot_candidate","True","17348","Warcraft Rumble Minis, Huntress' New Look","Upgrade The Night Elf Huntress once.","15247","Toy Box","142794","0","131072","5"
"snapshot_candidate","True","17349","Warcraft Rumble Minis, Tauren's New Look","Upgrade the Stonehoof Tauren once.","15247","Toy Box","142796","0","131072","5"
"snapshot_candidate","True","17350","Warcraft Rumble Minis, Ghoul's New Look","Upgrade the Undead Ghoul once.","15247","Toy Box","142798","0","131072","5"
"snapshot_candidate","True","17351","Warcraft Rumble Minis, Murloc's New Look","Upgrade the Murloc once.","15247","Toy Box","142800","0","131072","5"
"snapshot_candidate","True","17352","Warcraft Rumble Minis, Whelp Egg's New Look","Upgrade the Whelp Egg once.","15247","Toy Box","142802","0","131072","5"
"snapshot_candidate","True","17353","Warcraft Rumble Minis, Maiev's Newer Look","Upgrade Maiev twice.","15247","Toy Box","142804","0","131072","5"
"snapshot_candidate","True","17354","Warcraft Rumble Minis, Sneed's Newer Look","Upgrade Sneed twice.","15247","Toy Box","142806","0","131072","5"
"snapshot_candidate","True","17355","Warcraft Rumble Minis, Huntress' Newer Look","Upgrade The Night Elf Huntress twice.","15247","Toy Box","142808","0","131072","5"
"snapshot_candidate","True","17356","Warcraft Rumble Minis, Tauren's Newer Look","Upgrade the Stonehoof Tauren twice.","15247","Toy Box","142810","0","131072","5"
"snapshot_candidate","True","17357","Warcraft Rumble Minis, Ghoul's Newer Look","Upgrade the Undead Ghoul twice.","15247","Toy Box","142812","0","131072","5"
"snapshot_candidate","True","17358","Warcraft Rumble Minis, Murloc's Newer Look","Upgrade the Murloc twice.","15247","Toy Box","142814","0","131072","5"
"snapshot_candidate","True","17359","Warcraft Rumble Minis, Whelp Egg's Newer Look","Upgrade the Whelp Egg twice.","15247","Toy Box","142816","0","131072","5"
"snapshot_candidate","True","17360","Warcraft Rumble Minis, New Looks!","Upgrade all seven Warcraft Rumble Minis once.","15247","Toy Box","142823","0","131072","10"
"snapshot_candidate","True","17361","Rumble Minis, All the Looks!","Upgrade all seven Warcraft Rumble Minis twice.","15247","Toy Box","142831","0","131072","10"
"internal_dnt","True","17365","<Hidden> 10.0 Professions Onboarding Skip Completed [DNT]","","15455","Dragonflight","142945","0","3145732","0"
"snapshot_candidate","True","17366","Relics of a Fallen Empire","Deliver a Restored Hakkari Bijou to someone with a great interest in such artifacts.","14777","Eastern Kingdoms","142996","0","131072","10"
"snapshot_candidate","True","17367","Deadliest Cache","Fish up a Gurubashi Cache in Zul'Gurub.","171","Fishing","143003","0","0","10"
"dragonflight_category_confirmed","True","17397","Door To Door","Unlock 50 doors within the Zskera Vaults using Zskera Vault Keys.","15465","Dragon Isles","143163","0","131072","10"
"dragonflight_category_hidden","True","17398","Dragon Glyphs: Winglord's Perch","Collect the dragon glyph near Winglord's Perch.","15462","Dragonriding","0","0","1179648","0"
"dragonflight_category_hidden","True","17399","Dragon Glyphs: Talon's Watch","Collect the dragon glyph near Talon's Watch.","15462","Dragonriding","0","0","1179648","0"
"dragonflight_category_hidden","True","17400","Dragon Glyphs: Froststone Peak","Collect the dragon glyph near Froststone Peak.","15462","Dragonriding","0","0","1179648","0"
"dragonflight_category_hidden","True","17401","Dragon Glyphs: Dragonskull Island","Collect the dragon glyph near Dragonskull Island.","15462","Dragonriding","0","0","1179648","0"
"dragonflight_category_hidden","True","17402","Dragon Glyphs: Stormsunder Mountain","Collect the dragon glyph near Stormsunder Mountain.","15462","Dragonriding","0","0","1179648","0"
"dragonflight_category_hidden","True","17403","Dragon Glyphs: The Frosted Spine","Collect the dragon glyph near the Frosted Spine.","15462","Dragonriding","0","0","1179648","0"
"dragonflight_category_hidden","True","17404","Dragon Glyphs: Talonlords' Perch","Collect the dragon glyph near Talonlords' Perch.","15462","Dragonriding","0","0","1179648","0"
"dragonflight_category_hidden","True","17405","Dragon Glyphs: Caldera of the Menders","Collect the dragon glyph near the Caldera of the Menders.","15462","Dragonriding","0","0","1179648","0"
"snapshot_candidate","True","17406","Battle on the Dragon Isles II","Complete 8 Pet Battle World Quests on the Dragon Isles with a full team of level 25 pets.","15119","Battle","143165","0","135168","10"
"dragonflight_category_hidden","True","17409","<Hidden> ACCOUNT: Treasure Room Local Quest Completed","","15455","Dragonflight","143211","0","3276804","0"
"snapshot_candidate","True","17410","Craftsman of the Zandalar Tribe","Aided in the Zandalar Tribe's incursion into Zul'Gurub with your crafting skills prior to the Cataclysm.","172","Professions","0","0","2048","0"
"dragonflight_category_confirmed","True","17411","Forbidden Reach Glyph Hunter","Find the following dragon glyphs in the Forbidden Reach.","15462","Dragonriding","143219","0","131072","20"
"snapshot_candidate","True","17412","Craftsman of the Argent Dawn","Aided in the Argent Dawn's assault against Naxxramas with your crafting skills prior to the expedition on Northrend.","172","Professions","0","0","2048","0"
"dragonflight_category_confirmed","True","17413","Door Buster","Unlock 150 doors within the Zskera Vaults using Zskera Vault Keys.","15465","Dragon Isles","143230","0","131072","15"
"internal_dnt","True","17420","Trial of Tyr Ineligible For Spark Skip [DNT]","","169","Professions","143312","0","1048580","0"
"internal_dnt","False","17422","<DNT> Artisan's Consortium Reputation is Preferred (Rank 1)","","15466","Dragonflight","143320","0","3145732","0"
"internal_dnt","False","17423","<DNT> Artisan's Consortium Reputation is Respected (Rank 2)","","15466","Dragonflight","143318","0","3145732","0"
"internal_dnt","False","17424","<DNT> Artisan's Consortium Reputation is Valued (Rank 3)","","15466","Dragonflight","143316","0","3145732","0"
"snapshot_candidate","True","17426","Toolbox Trouble","Owner of the Volatile Self-Driving Toolbox pet from the Recruit a Friend promotion.","15268","Promotions","143471","0","133120","0"
"dragonflight_category_confirmed","True","17427","Winterpelt Conversationalist","Reach 100 skill in the Winterpelt language. Allows you to chat in Winterpelt!","15466","Dragonflight","143508","0","0","10"
"dragonflight_category_hidden","True","17428","<Hidden> Winterpelt Language - Send Mailer from Sonova","","15455","Dragonflight","143510","0","9437184","0"
"dragonflight_category_hidden","True","17429","Crystal Circuit: Bronze","Complete Zaralek Cavern Crystal Circuit.","15462","Dragonriding","0","0","1048576","0"
"dragonflight_category_hidden","True","17430","Crystal Circuit: Silver","Get Silver ranked time for Zaralek Cavern Crystal Circuit.","15462","Dragonriding","0","0","1048576","0"
"dragonflight_category_hidden","True","17431","Crystal Circuit: Gold","Get Gold ranked time for Zaralek Cavern Crystal Circuit.","15462","Dragonriding","0","0","1048576","0"
"dragonflight_category_hidden","True","17432","Crystal Circuit Advanced: Bronze","Complete Zaralek Cavern Crystal Circuit Advanced.","15462","Dragonriding","0","0","1048576","0"
"dragonflight_category_hidden","True","17433","Crystal Circuit Advanced: Silver","Get Silver ranked time for Zaralek Cavern Crystal Circuit Advanced.","15462","Dragonriding","0","0","1048576","0"
"dragonflight_category_hidden","True","17434","Crystal Circuit Advanced: Gold","Get Gold ranked time for Zaralek Cavern Crystal Circuit Advanced.","15462","Dragonriding","0","0","1048576","0"
"dragonflight_category_hidden","True","17435","Crystal Circuit Reverse: Bronze","Complete Zaralek Cavern Crystal Circuit Reverse.","15462","Dragonriding","0","0","1048576","0"
"dragonflight_category_hidden","True","17436","Crystal Circuit Reverse: Silver","Get Silver ranked time for Zaralek Cavern Crystal Circuit Reverse.","15462","Dragonriding","0","0","1048576","0"
"dragonflight_category_hidden","True","17437","Crystal Circuit Reverse: Gold","Get Gold ranked time for Zaralek Cavern Crystal Circuit Reverse.","15462","Dragonriding","0","0","1048576","0"
"dragonflight_category_hidden","True","17438","Caldera Cruise: Bronze","Complete Zaralek Cavern Caldera Cruise.","15462","Dragonriding","0","0","1048576","0"
"dragonflight_category_hidden","True","17439","Caldera Cruise: Silver","Get Silver ranked time for Zaralek Cavern Caldera Cruise.","15462","Dragonriding","0","0","1048576","0"
"dragonflight_category_hidden","True","17440","Caldera Cruise: Gold","Get Gold ranked time for Zaralek Cavern Caldera Cruise.","15462","Dragonriding","0","0","1048576","0"
"dragonflight_category_hidden","True","17441","Caldera Cruise Advanced: Bronze","Complete Zaralek Cavern Caldera Cruise Advanced.","15462","Dragonriding","0","0","1048576","0"
"dragonflight_category_hidden","True","17442","Caldera Cruise Advanced: Silver","Get Silver ranked time for Zaralek Cavern Caldera Cruise Advanced.","15462","Dragonriding","0","0","1048576","0"
"dragonflight_category_hidden","True","17443","Caldera Cruise Advanced: Gold","Get Gold ranked time for Zaralek Cavern Caldera Cruise Advanced.","15462","Dragonriding","0","0","1048576","0"
"dragonflight_category_hidden","True","17444","Caldera Cruise Reverse: Bronze","Complete Zaralek Cavern Caldera Cruise Reverse.","15462","Dragonriding","0","0","1048576","0"
"dragonflight_category_hidden","True","17445","Caldera Cruise Reverse: Silver","Get Silver ranked time for Zaralek Cavern Caldera Cruise Reverse.","15462","Dragonriding","0","0","1048576","0"
"dragonflight_category_hidden","True","17446","Caldera Cruise Reverse: Gold","Get Gold ranked time for Zaralek Cavern Caldera Cruise Reverse.","15462","Dragonriding","0","0","1048576","0"
"dragonflight_category_hidden","True","17447","Brimstone Scramble: Bronze","Complete Zaralek Cavern Brimstone Scramble.","15462","Dragonriding","0","0","1048576","0"
"dragonflight_category_hidden","True","17448","Brimstone Scramble: Silver","Get Silver ranked time for Zaralek Cavern Brimstone Scramble.","15462","Dragonriding","0","0","1048576","0"
"dragonflight_category_hidden","True","17449","Brimstone Scramble: Gold","Get Gold ranked time for Zaralek Cavern Brimstone Scramble.","15462","Dragonriding","0","0","1048576","0"
"dragonflight_category_hidden","True","17450","Brimstone Scramble Advanced: Bronze","Complete Zaralek Cavern Brimstone Scramble Advanced.","15462","Dragonriding","0","0","1048576","0"
"dragonflight_category_hidden","True","17451","Brimstone Scramble Advanced: Silver","Get Silver ranked time for Zaralek Cavern Brimstone Scramble Advanced.","15462","Dragonriding","0","0","1048576","0"
"dragonflight_category_hidden","True","17452","Brimstone Scramble Advanced: Gold","Get Gold ranked time for Zaralek Cavern Brimstone Scramble Advanced.","15462","Dragonriding","0","0","1048576","0"
"dragonflight_category_hidden","True","17453","Brimstone Scramble Reverse: Bronze","Complete Zaralek Cavern Brimstone Scramble Reverse.","15462","Dragonriding","0","0","1048576","0"
"dragonflight_category_hidden","True","17454","Brimstone Scramble Reverse: Silver","Get Silver ranked time for Zaralek Cavern Brimstone Scramble Reverse.","15462","Dragonriding","0","0","1048576","0"
"dragonflight_category_hidden","True","17455","Brimstone Scramble Reverse: Gold","Get Gold ranked time for Zaralek Cavern Brimstone Scramble Reverse.","15462","Dragonriding","0","0","1048576","0"
"dragonflight_category_hidden","True","17456","Shimmering Slalom: Bronze","Complete Zaralek Cavern Shimmering Slalom.","15462","Dragonriding","0","0","1048576","0"
"dragonflight_category_hidden","True","17457","Shimmering Slalom: Silver","Get Silver ranked time for Zaralek Cavern Shimmering Slalom.","15462","Dragonriding","0","0","1048576","0"
"dragonflight_category_hidden","True","17458","Shimmering Slalom: Gold","Get Gold ranked time for Zaralek Cavern Shimmering Slalom.","15462","Dragonriding","0","0","1048576","0"
"dragonflight_category_hidden","True","17459","Shimmering Slalom Advanced: Bronze","Complete Zaralek Cavern Shimmering Slalom Advanced.","15462","Dragonriding","0","0","1048576","0"
"dragonflight_category_hidden","True","17460","Shimmering Slalom Advanced: Silver","Get Silver ranked time for Zaralek Cavern Shimmering Slalom Advanced.","15462","Dragonriding","0","0","1048576","0"
"dragonflight_category_hidden","True","17461","Shimmering Slalom Advanced: Gold","Get Gold ranked time for Zaralek Cavern Shimmering Slalom Advanced.","15462","Dragonriding","0","0","1048576","0"
"dragonflight_category_hidden","True","17462","Shimmering Slalom Reverse: Bronze","Complete Zaralek Cavern Shimmering Slalom Reverse.","15462","Dragonriding","0","0","1048576","0"
"dragonflight_category_hidden","True","17463","Shimmering Slalom Reverse: Silver","Get Silver ranked time for Zaralek Cavern Shimmering Slalom Reverse.","15462","Dragonriding","0","0","1048576","0"
"dragonflight_category_hidden","True","17464","Shimmering Slalom Reverse: Gold","Get Gold ranked time for Zaralek Cavern Shimmering Slalom Reverse.","15462","Dragonriding","0","0","1048576","0"
"dragonflight_category_hidden","True","17465","Loamm Roamm: Bronze","Complete Zaralek Cavern Loamm Roamm.","15462","Dragonriding","0","0","1048576","0"
"dragonflight_category_hidden","True","17466","Loamm Roamm: Silver","Get Silver ranked time for Zaralek Cavern Loamm Roamm.","15462","Dragonriding","0","0","1048576","0"
"dragonflight_category_hidden","True","17467","Loamm Roamm: Gold","Get Gold ranked time for Zaralek Cavern Loamm Roamm.","15462","Dragonriding","0","0","1048576","0"
"dragonflight_category_hidden","True","17468","Loamm Roamm Advanced: Bronze","Complete Zaralek Cavern Loamm Roamm Advanced.","15462","Dragonriding","0","0","1048576","0"
"dragonflight_category_hidden","True","17469","Loamm Roamm Advanced: Silver","Get Silver ranked time for Zaralek Cavern Loamm Roamm Advanced.","15462","Dragonriding","0","0","1048576","0"
"dragonflight_category_hidden","True","17470","Loamm Roamm Advanced: Gold","Get Gold ranked time for Zaralek Cavern Loamm Roamm Advanced.","15462","Dragonriding","0","0","1048576","0"
"dragonflight_category_hidden","True","17471","Loamm Roamm Reverse: Bronze","Complete Zaralek Cavern Loamm Roamm Reverse.","15462","Dragonriding","0","0","1048576","0"
"dragonflight_category_hidden","True","17472","Loamm Roamm Reverse: Silver","Get Silver ranked time for Zaralek Cavern Loamm Roamm Reverse.","15462","Dragonriding","0","0","1048576","0"
"dragonflight_category_hidden","True","17473","Loamm Roamm Reverse: Gold","Get Gold ranked time for Zaralek Cavern Loamm Roamm Reverse.","15462","Dragonriding","0","0","1048576","0"
"dragonflight_category_hidden","True","17474","Sulfur Sprint: Bronze","Complete Zaralek Cavern Sulfur Sprint.","15462","Dragonriding","0","0","1048576","0"
"dragonflight_category_hidden","True","17475","Sulfur Sprint: Silver","Get Silver ranked time for Zaralek Cavern Sulfur Sprint.","15462","Dragonriding","0","0","1048576","0"
"dragonflight_category_hidden","True","17476","Sulfur Sprint: Gold","Get Gold ranked time for Zaralek Cavern Sulfur Sprint.","15462","Dragonriding","0","0","1048576","0"
"dragonflight_category_hidden","True","17477","Sulfur Sprint Advanced: Bronze","Complete Zaralek Cavern Sulfur Sprint Advanced.","15462","Dragonriding","0","0","1048576","0"
"dragonflight_category_hidden","True","17478","Sulfur Sprint Advanced: Silver","Get Silver ranked time for Zaralek Cavern Sulfur Sprint Advanced.","15462","Dragonriding","0","0","1048576","0"
"dragonflight_category_hidden","True","17479","Sulfur Sprint Advanced: Gold","Get Gold ranked time for Zaralek Cavern Sulfur Sprint Advanced.","15462","Dragonriding","0","0","1048576","0"
"dragonflight_category_hidden","True","17480","Sulfur Sprint Reverse: Bronze","Complete Zaralek Cavern Sulfur Sprint Reverse.","15462","Dragonriding","0","0","1048576","0"
"dragonflight_category_hidden","True","17481","Sulfur Sprint Reverse: Silver","Get Silver ranked time for Zaralek Cavern Sulfur Sprint Reverse.","15462","Dragonriding","0","0","1048576","0"
"dragonflight_category_hidden","True","17482","Sulfur Sprint Reverse: Gold","Get Gold ranked time for Zaralek Cavern Sulfur Sprint Reverse.","15462","Dragonriding","0","0","1048576","0"
"dragonflight_category_confirmed","True","17483","Zaralek Cavern: Bronze","Complete all races in Zaralek Cavern.","15462","Dragonriding","143513","0","0","10"
"dragonflight_category_confirmed","True","17484","Zaralek Cavern: Silver","Obtain silver in all normal races in Zaralek Cavern.","15462","Dragonriding","143520","0","0","10"
"dragonflight_category_confirmed","True","17485","Zaralek Cavern: Gold","Obtain gold in all normal races in Zaralek Cavern.","15462","Dragonriding","143527","0","0","10"
"dragonflight_category_confirmed","True","17486","Zaralek Cavern Advanced: Bronze","Complete all advanced races in Zaralek Cavern.","15462","Dragonriding","143534","0","0","10"
"dragonflight_category_confirmed","True","17487","Zaralek Cavern Advanced: Silver","Obtain silver in all advanced races in Zaralek Cavern.","15462","Dragonriding","143541","0","0","10"
"dragonflight_category_confirmed","True","17488","Zaralek Cavern Advanced: Gold","Obtain gold in all advanced races in Zaralek Cavern.","15462","Dragonriding","143548","0","0","10"
"dragonflight_category_confirmed","True","17489","Zaralek Cavern Reverse: Bronze","Complete all reverse races in Zaralek Cavern.","15462","Dragonriding","143555","0","0","10"
"dragonflight_category_confirmed","True","17490","Zaralek Cavern Reverse: Silver","Obtain silver in all reverse races in Zaralek Cavern.","15462","Dragonriding","143562","0","0","10"
"dragonflight_category_confirmed","True","17491","Zaralek Cavern Reverse: Gold","Obtain gold in all reverse races in Zaralek Cavern.","15462","Dragonriding","143569","0","0","10"
"dragonflight_category_confirmed","True","17492","Zaralek Cavern Racing Completionist","Complete all races in Zaralek Cavern.","15462","Dragonriding","143576","0","0","20"
"dragonflight_category_confirmed","True","17493","Zaralek Cavern Racing Completionist: Silver","Obtain silver in all races in Zaralek Cavern.","15462","Dragonriding","143580","0","0","20"
"dragonflight_category_confirmed","True","17494","Zaralek Cavern Racing Completionist: Gold","Obtain gold in all races in Zaralek Cavern.","15462","Dragonriding","143584","0","0","20"
"internal_dnt","True","17495","<Hidden> 10.0 Professions Onboarding Skip Unlock [DNT] (copy)","","15455","Dragonflight","143588","0","3276804","0"
"snapshot_candidate","True","17496","Renowned Weaponsmith","Armed Azeroth's heroes as a Weaponsmith during war efforts prior to the Cataclysm.","172","Professions","0","0","2048","0"
"snapshot_candidate","True","17497","Renowned Armorsmith","Equipped Azeroth's heroes as an Armorsmith during war efforts prior to the Cataclysm.","172","Professions","0","0","2048","0"
"snapshot_candidate","True","17498","Renowned Leatherworking Specialist","Equipped Azeroth's heroes as a specialized Leatherworker during war efforts prior to the Cataclysm.","172","Professions","0","0","2048","0"
"snapshot_candidate","True","17499","Renowned Tailoring Specialist","Equipped Azeroth's heroes as a specialized Tailor during war efforts prior to the Cataclysm.","172","Professions","0","0","2048","0"
"dragonflight_category_confirmed","True","17506","Still Standing in the Fire","Get killed by Fyrakk.","15465","Dragon Isles","143602","0","0","10"
"dragonflight_category_confirmed","True","17509","Every Door, Everywhere, All At Once","Unlock every door in a single Zskera Vault within one week.","15465","Dragon Isles","143604","0","131072","10"
"dragonflight_category_hidden","True","17510","Dragon Glyphs: Glimmerogg","Collect the dragon glyph near Glimmerogg.","15462","Dragonriding","0","0","1179648","0"
"dragonflight_category_hidden","True","17511","Dragon Glyphs: Nal ks'kol","Collect the dragon glyph near Nal ks'kol.","15462","Dragonriding","0","0","1179648","0"
"dragonflight_category_hidden","True","17512","Dragon Glyphs: Loamm","Collect the dragon glyph near Loamm.","15462","Dragonriding","0","0","1179648","0"
"dragonflight_category_hidden","True","17513","Dragon Glyphs: Zaqali Caldera","Collect the dragon glyph in Zaqali Caldera.","15462","Dragonriding","0","0","1179648","0"
"dragonflight_category_hidden","True","17514","Dragon Glyphs: Slitherdrake Roost","Collect the dragon glyph near the Slitherdrake Roost.","15462","Dragonriding","0","0","1179648","0"
"dragonflight_category_hidden","True","17515","Dragon Glyphs: The Throughway","Collect the dragon glyph near the Throughway.","15462","Dragonriding","0","0","1179648","0"
"dragonflight_category_hidden","True","17516","Dragon Glyphs: Acidbite Ravine","Collect the dragon glyph near Acidbite Ravine.","15462","Dragonriding","0","0","1179648","0"
"dragonflight_category_hidden","True","17517","Dragon Glyphs: Aberrus Approach","Collect the dragon glyph near Aberrus Approach.","15462","Dragonriding","0","0","1179648","0"
"dragonflight_category_confirmed","True","17524","Adventurer of the Forbidden Reach","Complete 10 of the following special encounters in the post-storm Forbidden Reach.","15465","Dragon Isles","143672","0","0","5"
"dragonflight_category_confirmed","True","17525","Champion of the Forbidden Reach","Complete all of the following special encounters in the post-storm Forbidden Reach.","15465","Dragon Isles","143702","0","0","15"
"dragonflight_category_confirmed","True","17526","Treasures of the Forbidden Reach","Discover the hidden treasures within the post-storm Forbidden Reach.","15465","Dragon Isles","143732","0","0","5"
"dragonflight_category_confirmed","True","17527","Scavenger of the Forbidden Reach","Open 20 small treasures around the post-storm Forbidden Reach.","15465","Dragon Isles","143745","0","0","5"
"dragonflight_category_confirmed","True","17528","Hoarder of the Forbidden Reach","Open 100 small treasures around the post-storm Forbidden Reach.","15465","Dragon Isles","143757","0","0","10"
"dragonflight_category_confirmed","True","17529","Forbidden Spoils","Open 10 Forbidden Hoards around the post-storm Forbidden Reach.","15465","Dragon Isles","143759","0","0","10"
"dragonflight_category_confirmed","True","17530","Librarian of the Reach","Collect each of the following books found in the post-storm Forbidden Reach.","15465","Dragon Isles","143761","0","0","10"
"dragonflight_category_confirmed","True","17531","X Marks the Spot","Find treasures from 10 Sealed Scroll maps in the post-storm Forbidden Reach.","15465","Dragon Isles","143769","0","0","10"
"dragonflight_category_confirmed","True","17532","Scroll Hunter","Find treasures from 50 Sealed Scroll maps in the post-storm Forbidden Reach.","15465","Dragon Isles","143771","0","0","10"
"dragonflight_category_hidden","True","17533","<Hidden> Travel Network - Node Unlock: Forbidden Reach - Morqut Islet","","15455","Dragonflight","143794","0","1179648","0"
"dragonflight_category_confirmed","True","17534","Explore the Forbidden Reach","Explore the post-storm Forbidden Reach, revealing the covered areas of the world map.","15465","Dragon Isles","143799","0","0","10"
"internal_dnt","True","17535","<DNT> Complete the ""Return to the Reach"" questline.","","15455","Dragonflight","143806","0","3276800","0"
"internal_dnt","True","17536","<DNT> Complete the ""A Creche Divided"" questline.","","15455","Dragonflight","143813","0","3276800","0"
"dragonflight_category_hidden","True","17537","Dragon Chase - WS01","","15462","Dragonriding","0","0","1048576","0"
"dragonflight_category_hidden","True","17538","Dragon Chase - WS02","","15462","Dragonriding","0","0","1048576","0"
"dragonflight_category_confirmed","True","17540","Under the Weather","Complete a Froststone Vault Primal Storm of every element.","15465","Dragon Isles","143863","0","0","15"
"snapshot_candidate","True","17541","Global Swarming","Defeat Vortex, Tremblor, Wildfire, and Flow in a Pet Battle.","15119","Battle","143868","0","0","15"
"dragonflight_category_hidden","True","17542","<Hidden> ACCOUNT: Renown Campaign Complete - Tyr 2","","15455","Dragonflight","143898","0","3276804","0"
"dragonflight_category_confirmed","True","17543","You Know How to Reach Me","Complete all of the Forbidden Reach achievements listed below.","15465","Dragon Isles","143908","0","131072","25"
"dragonflight_category_confirmed","True","17546","A New Beginning","Complete the Old Hatreds storyline in the Ohn'ahran Plains.","15455","Dragonflight","143992","0","0","5"
"snapshot_candidate","True","17547","The Lick King","Owner of the Arfus pet.","15268","Promotions","143994","0","133120","0"
"dragonflight_category_confirmed","True","17560","Ancient Stones of the Dragon Isles","Uncover the mysteries of the ancient stones across the Dragon Isles.","15465","Dragon Isles","144202","0","131072","20"
"dragonflight_category_confirmed","True","17561","Ancient Stones of the Waking Shores","Uncover the mysteries of the ancient stones throughout the Waking Shores.","15465","Dragon Isles","144207","0","2097152","5"
"dragonflight_category_confirmed","True","17562","Ancient Stones of the Ohn'ahran Plains","Uncover the mysteries of the ancient stones throughout the Ohn'ahran Plains.","15465","Dragon Isles","144213","0","2097152","5"
"dragonflight_category_confirmed","True","17563","Ancient Stones of the Azure Span","Uncover the mysteries of the ancient stones throughout the Azure Span.","15465","Dragon Isles","144219","0","2097152","5"
"dragonflight_category_confirmed","True","17564","Ancient Stones of Thaldraszus","Uncover the mysteries of the ancient stones throughout Thaldraszus.","15465","Dragon Isles","144225","0","2097152","5"
"dragonflight_category_confirmed","True","17567","Ancient Stones of Zaralek","Uncover the mysteries of the ancient stones throughout Zaralek Cavern.","15465","Dragon Isles","144233","0","2097152","5"
"dragonflight_category_hidden","True","17568","Felwood Flyover: Bronze","Complete Kalimdor Felwood Flyover.","15462","Dragonriding","0","0","1048576","0"
"dragonflight_category_hidden","True","17569","Felwood Flyover: Silver","Get Silver ranked time for Kalimdor Felwood Flyover.","15462","Dragonriding","0","0","1048576","0"
"dragonflight_category_hidden","True","17570","Felwood Flyover: Gold","Get Gold ranked time for Kalimdor Felwood Flyover.","15462","Dragonriding","0","0","1048576","0"
"dragonflight_category_hidden","True","17571","Felwood Flyover Advanced: Bronze","Complete Kalimdor Felwood Flyover Advanced.","15462","Dragonriding","0","0","1048576","0"
"dragonflight_category_hidden","True","17572","Felwood Flyover Advanced: Silver","Get Silver ranked time for Kalimdor Felwood Flyover Advanced.","15462","Dragonriding","0","0","1048576","0"
"dragonflight_category_hidden","True","17573","Felwood Flyover Advanced: Gold","Get Gold ranked time for Kalimdor Felwood Flyover Advanced.","15462","Dragonriding","0","0","1048576","0"
"dragonflight_category_hidden","True","17574","Felwood Flyover Reverse: Bronze","Complete Kalimdor Felwood Flyover Reverse.","15462","Dragonriding","0","0","1048576","0"
"dragonflight_category_hidden","True","17575","Felwood Flyover Reverse: Silver","Get Silver ranked time for Kalimdor Felwood Flyover Reverse.","15462","Dragonriding","0","0","1048576","0"
"dragonflight_category_hidden","True","17576","Felwood Flyover Reverse: Gold","Get Gold ranked time for Kalimdor Felwood Flyover Reverse.","15462","Dragonriding","0","0","1048576","0"
"dragonflight_category_hidden","True","17577","Winter Wander: Bronze","Complete Kalimdor Winter Wander.","15462","Dragonriding","0","0","1048576","0"
"dragonflight_category_hidden","True","17578","Winter Wander: Silver","Get Silver ranked time for Kalimdor Winter Wander.","15462","Dragonriding","0","0","1048576","0"
"dragonflight_category_hidden","True","17579","Winter Wander: Gold","Get Gold ranked time for Kalimdor Winter Wander.","15462","Dragonriding","0","0","1048576","0"
"dragonflight_category_hidden","True","17580","Winter Wander Advanced: Bronze","Complete Kalimdor Winter Wander Advanced.","15462","Dragonriding","0","0","1048576","0"
"dragonflight_category_hidden","True","17581","Winter Wander Advanced: Silver","Get Silver ranked time for Kalimdor Winter Wander Advanced.","15462","Dragonriding","0","0","1048576","0"
"dragonflight_category_hidden","True","17582","Winter Wander Advanced: Gold","Get Gold ranked time for Kalimdor Winter Wander Advanced.","15462","Dragonriding","0","0","1048576","0"
"dragonflight_category_hidden","True","17583","Winter Wander Reverse: Bronze","Complete Kalimdor Winter Wander Reverse.","15462","Dragonriding","0","0","1048576","0"
"dragonflight_category_hidden","True","17584","Winter Wander Reverse: Silver","Get Silver ranked time for Kalimdor Winter Wander Reverse.","15462","Dragonriding","0","0","1048576","0"
"dragonflight_category_hidden","True","17585","Winter Wander Reverse: Gold","Get Gold ranked time for Kalimdor Winter Wander Reverse.","15462","Dragonriding","0","0","1048576","0"
"dragonflight_category_hidden","True","17586","Nordrassil Spiral: Bronze","Complete Kalimdor Nordrassil Spiral.","15462","Dragonriding","0","0","1048576","0"
"dragonflight_category_hidden","True","17587","Nordrassil Spiral: Silver","Get Silver ranked time for Kalimdor Nordrassil Spiral.","15462","Dragonriding","0","0","1048576","0"
"dragonflight_category_hidden","True","17588","Nordrassil Spiral: Gold","Get Gold ranked time for Kalimdor Nordrassil Spiral.","15462","Dragonriding","0","0","1048576","0"
"dragonflight_category_hidden","True","17589","Nordrassil Spiral Advanced: Bronze","Complete Kalimdor Nordrassil Spiral Advanced.","15462","Dragonriding","0","0","1048576","0"
"dragonflight_category_hidden","True","17590","Nordrassil Spiral Advanced: Silver","Get Silver ranked time for Kalimdor Nordrassil Spiral Advanced.","15462","Dragonriding","0","0","1048576","0"
"dragonflight_category_hidden","True","17591","Nordrassil Spiral Advanced: Gold","Get Gold ranked time for Kalimdor Nordrassil Spiral Advanced.","15462","Dragonriding","0","0","1048576","0"
"dragonflight_category_hidden","True","17592","Nordrassil Spiral Reverse: Bronze","Complete Kalimdor Nordrassil Spiral Reverse.","15462","Dragonriding","0","0","1048576","0"
"dragonflight_category_hidden","True","17593","Nordrassil Spiral Reverse: Silver","Get Silver ranked time for Kalimdor Nordrassil Spiral Reverse.","15462","Dragonriding","0","0","1048576","0"
"dragonflight_category_hidden","True","17594","Nordrassil Spiral Reverse: Gold","Get Gold ranked time for Kalimdor Nordrassil Spiral Reverse.","15462","Dragonriding","0","0","1048576","0"
"dragonflight_category_hidden","True","17595","Hyjal Hotfoot: Bronze","Complete Kalimdor Hyjal Hotfoot.","15462","Dragonriding","0","0","1048576","0"
"dragonflight_category_hidden","True","17596","Hyjal Hotfoot: Silver","Get Silver ranked time for Kalimdor Hyjal Hotfoot.","15462","Dragonriding","0","0","1048576","0"
"dragonflight_category_hidden","True","17597","Hyjal Hotfoot: Gold","Get Gold ranked time for Kalimdor Hyjal Hotfoot.","15462","Dragonriding","0","0","1048576","0"
"dragonflight_category_hidden","True","17598","Hyjal Hotfoot Advanced: Bronze","Complete Kalimdor Hyjal Hotfoot Advanced.","15462","Dragonriding","0","0","1048576","0"
"dragonflight_category_hidden","True","17599","Hyjal Hotfoot Advanced: Silver","Get Silver ranked time for Kalimdor Hyjal Hotfoot Advanced.","15462","Dragonriding","0","0","1048576","0"
"dragonflight_category_hidden","True","17600","Hyjal Hotfoot Advanced: Gold","Get Gold ranked time for Kalimdor Hyjal Hotfoot Advanced.","15462","Dragonriding","0","0","1048576","0"
"dragonflight_category_hidden","True","17601","Hyjal Hotfoot Reverse: Bronze","Complete Kalimdor Hyjal Hotfoot Reverse.","15462","Dragonriding","0","0","1048576","0"
"dragonflight_category_hidden","True","17602","Hyjal Hotfoot Reverse: Silver","Get Silver ranked time for Kalimdor Hyjal Hotfoot Reverse.","15462","Dragonriding","0","0","1048576","0"
"dragonflight_category_hidden","True","17603","Hyjal Hotfoot Reverse: Gold","Get Gold ranked time for Kalimdor Hyjal Hotfoot Reverse.","15462","Dragonriding","0","0","1048576","0"
"dragonflight_category_hidden","True","17604","Rocketway Ride: Bronze","Complete Kalimdor Rocketway Ride.","15462","Dragonriding","0","0","1048576","0"
"dragonflight_category_hidden","True","17605","Rocketway Ride: Silver","Get Silver ranked time for Kalimdor Rocketway Ride.","15462","Dragonriding","0","0","1048576","0"
"dragonflight_category_hidden","True","17606","Rocketway Ride: Gold","Get Gold ranked time for Kalimdor Rocketway Ride.","15462","Dragonriding","0","0","1048576","0"
"dragonflight_category_hidden","True","17607","Rocketway Ride Advanced: Bronze","Complete Kalimdor Rocketway Ride Advanced.","15462","Dragonriding","0","0","1048576","0"
"dragonflight_category_hidden","True","17608","Rocketway Ride Advanced: Silver","Get Silver ranked time for Kalimdor Rocketway Ride Advanced.","15462","Dragonriding","0","0","1048576","0"
"dragonflight_category_hidden","True","17609","Rocketway Ride Advanced: Gold","Get Gold ranked time for Kalimdor Rocketway Ride Advanced.","15462","Dragonriding","0","0","1048576","0"
"dragonflight_category_hidden","True","17610","Rocketway Ride Reverse: Bronze","Complete Kalimdor Rocketway Ride Reverse.","15462","Dragonriding","0","0","1048576","0"
"dragonflight_category_hidden","True","17611","Rocketway Ride Reverse: Silver","Get Silver ranked time for Kalimdor Rocketway Ride Reverse.","15462","Dragonriding","0","0","1048576","0"
"dragonflight_category_hidden","True","17612","Rocketway Ride Reverse: Gold","Get Gold ranked time for Kalimdor Rocketway Ride Reverse.","15462","Dragonriding","0","0","1048576","0"
"dragonflight_category_hidden","True","17613","Ashenvale Ambit: Bronze","Complete Kalimdor Ashenvale Ambit.","15462","Dragonriding","0","0","1048576","0"
"dragonflight_category_hidden","True","17614","Ashenvale Ambit: Silver","Get Silver ranked time for Kalimdor Ashenvale Ambit.","15462","Dragonriding","0","0","1048576","0"
"dragonflight_category_hidden","True","17615","Ashenvale Ambit: Gold","Get Gold ranked time for Kalimdor Ashenvale Ambit.","15462","Dragonriding","0","0","1048576","0"
"dragonflight_category_hidden","True","17616","Ashenvale Ambit Advanced: Bronze","Complete Kalimdor Ashenvale Ambit Advanced.","15462","Dragonriding","0","0","1048576","0"
"dragonflight_category_hidden","True","17617","Ashenvale Ambit Advanced: Silver","Get Silver ranked time for Kalimdor Ashenvale Ambit Advanced.","15462","Dragonriding","0","0","1048576","0"
"dragonflight_category_hidden","True","17618","Ashenvale Ambit Advanced: Gold","Get Gold ranked time for Kalimdor Ashenvale Ambit Advanced.","15462","Dragonriding","0","0","1048576","0"
"dragonflight_category_hidden","True","17619","Ashenvale Ambit Reverse: Bronze","Complete Kalimdor Ashenvale Ambit Reverse.","15462","Dragonriding","0","0","1048576","0"
"dragonflight_category_hidden","True","17620","Ashenvale Ambit Reverse: Silver","Get Silver ranked time for Kalimdor Ashenvale Ambit Reverse.","15462","Dragonriding","0","0","1048576","0"
"dragonflight_category_hidden","True","17621","Ashenvale Ambit Reverse: Gold","Get Gold ranked time for Kalimdor Ashenvale Ambit Reverse.","15462","Dragonriding","0","0","1048576","0"
"dragonflight_category_hidden","True","17622","Durotar Tour: Bronze","Complete Kalimdor Durotar Tour.","15462","Dragonriding","0","0","1048576","0"
"dragonflight_category_hidden","True","17623","Durotar Tour: Silver","Get Silver ranked time for Kalimdor Durotar Tour.","15462","Dragonriding","0","0","1048576","0"
"dragonflight_category_hidden","True","17624","Durotar Tour: Gold","Get Gold ranked time for Kalimdor Durotar Tour.","15462","Dragonriding","0","0","1048576","0"
"dragonflight_category_hidden","True","17625","Durotar Tour Advanced: Bronze","Complete Kalimdor Durotar Tour Advanced.","15462","Dragonriding","0","0","1048576","0"
"dragonflight_category_hidden","True","17626","Durotar Tour Advanced: Silver","Get Silver ranked time for Kalimdor Durotar Tour Advanced.","15462","Dragonriding","0","0","1048576","0"
"dragonflight_category_hidden","True","17627","Durotar Tour Advanced: Gold","Get Gold ranked time for Kalimdor Durotar Tour Advanced.","15462","Dragonriding","0","0","1048576","0"
"dragonflight_category_hidden","True","17628","Durotar Tour Reverse: Bronze","Complete Kalimdor Durotar Tour Reverse.","15462","Dragonriding","0","0","1048576","0"
"dragonflight_category_hidden","True","17629","Durotar Tour Reverse: Silver","Get Silver ranked time for Kalimdor Durotar Tour Reverse.","15462","Dragonriding","0","0","1048576","0"
"dragonflight_category_hidden","True","17630","Durotar Tour Reverse: Gold","Get Gold ranked time for Kalimdor Durotar Tour Reverse.","15462","Dragonriding","0","0","1048576","0"
"dragonflight_category_hidden","True","17631","Webwinder Weave: Bronze","Complete Kalimdor Webwinder Weave.","15462","Dragonriding","0","0","1048576","0"
"dragonflight_category_hidden","True","17632","Webwinder Weave: Silver","Get Silver ranked time for Kalimdor Webwinder Weave.","15462","Dragonriding","0","0","1048576","0"
"dragonflight_category_hidden","True","17633","Webwinder Weave: Gold","Get Gold ranked time for Kalimdor Webwinder Weave.","15462","Dragonriding","0","0","1048576","0"
"dragonflight_category_hidden","True","17634","Webwinder Weave Advanced: Bronze","Complete Kalimdor Webwinder Weave Advanced.","15462","Dragonriding","0","0","1048576","0"
"dragonflight_category_hidden","True","17635","Webwinder Weave Advanced: Silver","Get Silver ranked time for Kalimdor Webwinder Weave Advanced.","15462","Dragonriding","0","0","1048576","0"
"dragonflight_category_hidden","True","17636","Webwinder Weave Advanced: Gold","Get Gold ranked time for Kalimdor Webwinder Weave Advanced.","15462","Dragonriding","0","0","1048576","0"
"dragonflight_category_hidden","True","17637","Webwinder Weave Reverse: Bronze","Complete Kalimdor Webwinder Weave Reverse.","15462","Dragonriding","0","0","1048576","0"
"dragonflight_category_hidden","True","17638","Webwinder Weave Reverse: Silver","Get Silver ranked time for Kalimdor Webwinder Weave Reverse.","15462","Dragonriding","0","0","1048576","0"
"dragonflight_category_hidden","True","17639","Webwinder Weave Reverse: Gold","Get Gold ranked time for Kalimdor Webwinder Weave Reverse.","15462","Dragonriding","0","0","1048576","0"
"dragonflight_category_hidden","True","17640","Desolace Drift: Bronze","Complete Kalimdor Desolace Drift.","15462","Dragonriding","0","0","1048576","0"
"dragonflight_category_hidden","True","17641","Desolace Drift: Silver","Get Silver ranked time for Kalimdor Desolace Drift.","15462","Dragonriding","0","0","1048576","0"
"dragonflight_category_hidden","True","17642","Desolace Drift: Gold","Get Gold ranked time for Kalimdor Desolace Drift.","15462","Dragonriding","0","0","1048576","0"
"dragonflight_category_hidden","True","17643","Desolace Drift Advanced: Bronze","Complete Kalimdor Desolace Drift Advanced.","15462","Dragonriding","0","0","1048576","0"
"dragonflight_category_hidden","True","17644","Desolace Drift Advanced: Silver","Get Silver ranked time for Kalimdor Desolace Drift Advanced.","15462","Dragonriding","0","0","1048576","0"
"dragonflight_category_hidden","True","17645","Desolace Drift Advanced: Gold","Get Gold ranked time for Kalimdor Desolace Drift Advanced.","15462","Dragonriding","0","0","1048576","0"
"dragonflight_category_hidden","True","17646","Desolace Drift Reverse: Bronze","Complete Kalimdor Desolace Drift Reverse.","15462","Dragonriding","0","0","1048576","0"
"dragonflight_category_hidden","True","17647","Desolace Drift Reverse: Silver","Get Silver ranked time for Kalimdor Desolace Drift Reverse.","15462","Dragonriding","0","0","1048576","0"
"dragonflight_category_hidden","True","17648","Desolace Drift Reverse: Gold","Get Gold ranked time for Kalimdor Desolace Drift Reverse.","15462","Dragonriding","0","0","1048576","0"
"dragonflight_category_hidden","True","17649","Great Divide Dive: Bronze","Complete Kalimdor Great Divide Dive.","15462","Dragonriding","0","0","1048576","0"
"dragonflight_category_hidden","True","17650","Great Divide Dive: Silver","Get Silver ranked time for Kalimdor Great Divide Dive.","15462","Dragonriding","0","0","1048576","0"
"dragonflight_category_hidden","True","17651","Great Divide Dive: Gold","Get Gold ranked time for Kalimdor Great Divide Dive.","15462","Dragonriding","0","0","1048576","0"
"dragonflight_category_hidden","True","17652","Great Divide Dive Advanced: Bronze","Complete Kalimdor Great Divide Dive Advanced.","15462","Dragonriding","0","0","1048576","0"
"dragonflight_category_hidden","True","17653","Great Divide Dive Advanced: Silver","Get Silver ranked time for Kalimdor Great Divide Dive Advanced.","15462","Dragonriding","0","0","1048576","0"
"dragonflight_category_hidden","True","17654","Great Divide Dive Advanced: Gold","Get Gold ranked time for Kalimdor Great Divide Dive Advanced.","15462","Dragonriding","0","0","1048576","0"
"dragonflight_category_hidden","True","17655","Great Divide Dive Reverse: Bronze","Complete Kalimdor Great Divide Dive Reverse.","15462","Dragonriding","0","0","1048576","0"
"dragonflight_category_hidden","True","17656","Great Divide Dive Reverse: Silver","Get Silver ranked time for Kalimdor Great Divide Dive Reverse.","15462","Dragonriding","0","0","1048576","0"
"dragonflight_category_hidden","True","17657","Great Divide Dive Reverse: Gold","Get Gold ranked time for Kalimdor Great Divide Dive Reverse.","15462","Dragonriding","0","0","1048576","0"
"dragonflight_category_hidden","True","17658","Razorfen Roundabout: Bronze","Complete Kalimdor Razorfen Roundabout.","15462","Dragonriding","0","0","1048576","0"
"dragonflight_category_hidden","True","17659","Razorfen Roundabout: Silver","Get Silver ranked time for Kalimdor Razorfen Roundabout.","15462","Dragonriding","0","0","1048576","0"
"dragonflight_category_hidden","True","17660","Razorfen Roundabout: Gold","Get Gold ranked time for Kalimdor Razorfen Roundabout.","15462","Dragonriding","0","0","1048576","0"
"dragonflight_category_hidden","True","17661","Razorfen Roundabout Advanced: Bronze","Complete Kalimdor Razorfen Roundabout Advanced.","15462","Dragonriding","0","0","1048576","0"
"dragonflight_category_hidden","True","17662","Razorfen Roundabout Advanced: Silver","Get Silver ranked time for Kalimdor Razorfen Roundabout Advanced.","15462","Dragonriding","0","0","1048576","0"
"dragonflight_category_hidden","True","17663","Razorfen Roundabout Advanced: Gold","Get Gold ranked time for Kalimdor Razorfen Roundabout Advanced.","15462","Dragonriding","0","0","1048576","0"
"dragonflight_category_hidden","True","17664","Razorfen Roundabout Reverse: Bronze","Complete Kalimdor Razorfen Roundabout Reverse.","15462","Dragonriding","0","0","1048576","0"
"dragonflight_category_hidden","True","17665","Razorfen Roundabout Reverse: Silver","Get Silver ranked time for Kalimdor Razorfen Roundabout Reverse.","15462","Dragonriding","0","0","1048576","0"
"dragonflight_category_hidden","True","17666","Razorfen Roundabout Reverse: Gold","Get Gold ranked time for Kalimdor Razorfen Roundabout Reverse.","15462","Dragonriding","0","0","1048576","0"
"dragonflight_category_hidden","True","17667","Thousand Needles Thread: Bronze","Complete Kalimdor Thousand Needles Thread.","15462","Dragonriding","0","0","1048576","0"
"dragonflight_category_hidden","True","17668","Thousand Needles Thread: Silver","Get Silver ranked time for Kalimdor Thousand Needles Thread.","15462","Dragonriding","0","0","1048576","0"
"dragonflight_category_hidden","True","17669","Thousand Needles Thread: Gold","Get Gold ranked time for Kalimdor Thousand Needles Thread.","15462","Dragonriding","0","0","1048576","0"
"dragonflight_category_hidden","True","17670","Thousand Needles Thread Advanced: Bronze","Complete Kalimdor Thousand Needles Thread Advanced.","15462","Dragonriding","0","0","1048576","0"
"dragonflight_category_hidden","True","17671","Thousand Needles Thread Advanced: Silver","Get Silver ranked time for Kalimdor Thousand Needles Thread Advanced.","15462","Dragonriding","0","0","1048576","0"
"dragonflight_category_hidden","True","17672","Thousand Needles Thread Advanced: Gold","Get Gold ranked time for Kalimdor Thousand Needles Thread Advanced.","15462","Dragonriding","0","0","1048576","0"
"dragonflight_category_hidden","True","17673","Thousand Needles Thread Reverse: Bronze","Complete Kalimdor Thousand Needles Thread Reverse.","15462","Dragonriding","0","0","1048576","0"
"dragonflight_category_hidden","True","17674","Thousand Needles Thread Reverse: Silver","Get Silver ranked time for Kalimdor Thousand Needles Thread Reverse.","15462","Dragonriding","0","0","1048576","0"
"dragonflight_category_hidden","True","17675","Thousand Needles Thread Reverse: Gold","Get Gold ranked time for Kalimdor Thousand Needles Thread Reverse.","15462","Dragonriding","0","0","1048576","0"
"dragonflight_category_hidden","True","17676","Feralas Ruins Ramble: Bronze","Complete Kalimdor Feralas Ruins Ramble.","15462","Dragonriding","0","0","1048576","0"
"dragonflight_category_hidden","True","17677","Feralas Ruins Ramble: Silver","Get Silver ranked time for Kalimdor Feralas Ruins Ramble.","15462","Dragonriding","0","0","1048576","0"
"dragonflight_category_hidden","True","17678","Feralas Ruins Ramble: Gold","Get Gold ranked time for Kalimdor Feralas Ruins Ramble.","15462","Dragonriding","0","0","1048576","0"
"dragonflight_category_hidden","True","17679","Feralas Ruins Ramble Advanced: Bronze","Complete Kalimdor Feralas Ruins Ramble Advanced.","15462","Dragonriding","0","0","1048576","0"
"dragonflight_category_hidden","True","17680","Feralas Ruins Ramble Advanced: Silver","Get Silver ranked time for Kalimdor Feralas Ruins Ramble Advanced.","15462","Dragonriding","0","0","1048576","0"
"dragonflight_category_hidden","True","17681","Feralas Ruins Ramble Advanced: Gold","Get Gold ranked time for Kalimdor Feralas Ruins Ramble Advanced.","15462","Dragonriding","0","0","1048576","0"
"dragonflight_category_hidden","True","17682","Feralas Ruins Ramble Reverse: Bronze","Complete Kalimdor Feralas Ruins Ramble Reverse.","15462","Dragonriding","0","0","1048576","0"
"dragonflight_category_hidden","True","17683","Feralas Ruins Ramble Reverse: Silver","Get Silver ranked time for Kalimdor Feralas Ruins Ramble Reverse.","15462","Dragonriding","0","0","1048576","0"
"dragonflight_category_hidden","True","17684","Feralas Ruins Ramble Reverse: Gold","Get Gold ranked time for Kalimdor Feralas Ruins Ramble Reverse.","15462","Dragonriding","0","0","1048576","0"
"dragonflight_category_hidden","True","17685","Ahn'Qiraj Circuit: Bronze","Complete Kalimdor Ahn'Qiraj Circuit.","15462","Dragonriding","0","0","1048576","0"
"dragonflight_category_hidden","True","17686","Ahn'Qiraj Circuit: Silver","Get Silver ranked time for Kalimdor Ahn'Qiraj Circuit.","15462","Dragonriding","0","0","1048576","0"
"dragonflight_category_hidden","True","17687","Ahn'Qiraj Circuit: Gold","Get Gold ranked time for Kalimdor Ahn'Qiraj Circuit.","15462","Dragonriding","0","0","1048576","0"
"dragonflight_category_hidden","True","17688","Ahn'Qiraj Circuit Advanced: Bronze","Complete Kalimdor Ahn'Qiraj Circuit Advanced.","15462","Dragonriding","0","0","1048576","0"
"dragonflight_category_hidden","True","17689","Ahn'Qiraj Circuit Advanced: Silver","Get Silver ranked time for Kalimdor Ahn'Qiraj Circuit Advanced.","15462","Dragonriding","0","0","1048576","0"
"dragonflight_category_hidden","True","17690","Ahn'Qiraj Circuit Advanced: Gold","Get Gold ranked time for Kalimdor Ahn'Qiraj Circuit Advanced.","15462","Dragonriding","0","0","1048576","0"
"dragonflight_category_hidden","True","17691","Ahn'Qiraj Circuit Reverse: Bronze","Complete Kalimdor Ahn'Qiraj Circuit Reverse.","15462","Dragonriding","0","0","1048576","0"
"dragonflight_category_hidden","True","17692","Ahn'Qiraj Circuit Reverse: Silver","Get Silver ranked time for Kalimdor Ahn'Qiraj Circuit Reverse.","15462","Dragonriding","0","0","1048576","0"
"dragonflight_category_hidden","True","17693","Ahn'Qiraj Circuit Reverse: Gold","Get Gold ranked time for Kalimdor Ahn'Qiraj Circuit Reverse.","15462","Dragonriding","0","0","1048576","0"
"dragonflight_category_hidden","True","17694","Uldum Tour: Bronze","Complete Kalimdor Uldum Tour.","15462","Dragonriding","0","0","1048576","0"
"dragonflight_category_hidden","True","17695","Uldum Tour: Silver","Get Silver ranked time for Kalimdor Uldum Tour.","15462","Dragonriding","0","0","1048576","0"
"dragonflight_category_hidden","True","17696","Uldum Tour: Gold","Get Gold ranked time for Kalimdor Uldum Tour.","15462","Dragonriding","0","0","1048576","0"
"dragonflight_category_hidden","True","17697","Uldum Tour Advanced: Bronze","Complete Kalimdor Uldum Tour Advanced.","15462","Dragonriding","0","0","1048576","0"
"dragonflight_category_hidden","True","17698","Uldum Tour Advanced: Silver","Get Silver ranked time for Kalimdor Uldum Tour Advanced.","15462","Dragonriding","0","0","1048576","0"
"dragonflight_category_hidden","True","17699","Uldum Tour Advanced: Gold","Get Gold ranked time for Kalimdor Uldum Tour Advanced.","15462","Dragonriding","0","0","1048576","0"
"dragonflight_category_hidden","True","17700","Uldum Tour Reverse: Bronze","Complete Kalimdor Uldum Tour Reverse.","15462","Dragonriding","0","0","1048576","0"
"dragonflight_category_hidden","True","17701","Uldum Tour Reverse: Silver","Get Silver ranked time for Kalimdor Uldum Tour Reverse.","15462","Dragonriding","0","0","1048576","0"
"dragonflight_category_hidden","True","17702","Uldum Tour Reverse: Gold","Get Gold ranked time for Kalimdor Uldum Tour Reverse.","15462","Dragonriding","0","0","1048576","0"
"dragonflight_category_hidden","True","17703","Un'Goro Crater Circuit: Bronze","Complete Kalimdor Un'Goro Crater Circuit.","15462","Dragonriding","0","0","1048576","0"
"dragonflight_category_hidden","True","17704","Un'Goro Crater Circuit: Silver","Get Silver ranked time for Kalimdor Un'Goro Crater Circuit.","15462","Dragonriding","0","0","1048576","0"
"dragonflight_category_hidden","True","17705","Un'Goro Crater Circuit: Gold","Get Gold ranked time for Kalimdor Un'Goro Crater Circuit.","15462","Dragonriding","0","0","1048576","0"
"dragonflight_category_hidden","True","17706","Un'Goro Crater Circuit Advanced: Bronze","Complete Kalimdor Un'Goro Crater Circuit Advanced.","15462","Dragonriding","0","0","1048576","0"
"dragonflight_category_hidden","True","17707","Un'Goro Crater Circuit Advanced: Silver","Get Silver ranked time for Kalimdor Un'Goro Crater Circuit Advanced.","15462","Dragonriding","0","0","1048576","0"
"dragonflight_category_hidden","True","17708","Un'Goro Crater Circuit Advanced: Gold","Get Gold ranked time for Kalimdor Un'Goro Crater Circuit Advanced.","15462","Dragonriding","0","0","1048576","0"
"dragonflight_category_hidden","True","17709","Un'Goro Crater Circuit Reverse: Bronze","Complete Kalimdor Un'Goro Crater Circuit Reverse.","15462","Dragonriding","0","0","1048576","0"
"dragonflight_category_hidden","True","17710","Un'Goro Crater Circuit Reverse: Silver","Get Silver ranked time for Kalimdor Un'Goro Crater Circuit Reverse.","15462","Dragonriding","0","0","1048576","0"
"dragonflight_category_hidden","True","17711","Un'Goro Crater Circuit Reverse: Gold","Get Gold ranked time for Kalimdor Un'Goro Crater Circuit Reverse.","15462","Dragonriding","0","0","1048576","0"
"dragonflight_category_confirmed","True","17712","Kalimdor: Bronze","Complete all races in Kalimdor.","15462","Dragonriding","144354","0","0","10"
"dragonflight_category_confirmed","True","17713","Kalimdor: Silver","Obtain silver in all normal races in Kalimdor.","15462","Dragonriding","144376","0","0","10"
"dragonflight_category_confirmed","True","17714","Kalimdor: Gold","Obtain gold in all normal races in Kalimdor.","15462","Dragonriding","144393","0","0","10"
"dragonflight_category_confirmed","True","17715","Kalimdor Advanced: Bronze","Complete all advanced races in Kalimdor.","15462","Dragonriding","144410","0","0","10"
"dragonflight_category_confirmed","True","17716","Kalimdor Advanced: Silver","Obtain silver in all advanced races in Kalimdor.","15462","Dragonriding","144427","0","0","10"
"dragonflight_category_confirmed","True","17717","Kalimdor Advanced: Gold","Obtain gold in all advanced races in Kalimdor.","15462","Dragonriding","144444","0","0","10"
"dragonflight_category_confirmed","True","17718","Kalimdor Reverse: Bronze","Complete all reverse races in Kalimdor.","15462","Dragonriding","144461","0","0","10"
"dragonflight_category_confirmed","True","17719","Kalimdor Reverse: Silver","Obtain silver in all reverse races in Kalimdor.","15462","Dragonriding","144478","0","0","10"
"dragonflight_category_confirmed","True","17720","Kalimdor Reverse: Gold","Obtain gold in all reverse races in Kalimdor.","15462","Dragonriding","144495","0","0","10"
"dragonflight_category_confirmed","True","17721","Kalimdor Racing Completionist","Complete all races in Kalimdor.","15462","Dragonriding","144512","0","0","20"
"dragonflight_category_confirmed","True","17722","Kalimdor Racing Completionist: Silver","Obtain silver in all races in Kalimdor.","15462","Dragonriding","144516","0","0","20"
"dragonflight_category_confirmed","True","17723","Kalimdor Racing Completionist: Gold","Obtain gold in all races in Kalimdor.","15462","Dragonriding","144520","0","0","20"
"snapshot_candidate","True","17725","Vicious Saddle (37)","","15270","Player vs. Player","144544","103533","1179648","0"
"snapshot_candidate","True","17726","Vicious Saddle (37)","","15270","Player vs. Player","144546","103533","1179648","0"
"snapshot_candidate","True","17727","Obsidian Combatant","","15270","Player vs. Player","144548","205246","1179648","0"
"snapshot_candidate","True","17728","Obsidian Combatant","","15270","Player vs. Player","144552","205245","1179648","0"
"snapshot_candidate","True","17730","Random Login Variable B","Set on login, will be true 33% of the time. Mutually exclusive with A version.","92","Character","144557","0","3145732","0"
"snapshot_candidate","True","17732","<Hidden>10.1.5 Chromie Time - Hit 60 While In Chromie Time (copy) (copy)","","15422","Shadowlands","144567","0","1048580","0"
"snapshot_candidate","True","17733","<Hidden> 10.1.5 Chromie Time - Hit 61 While In Chromie Time (copy) (copy)","","15422","Shadowlands","144569","0","1048580","0"
"dragonflight_category_confirmed","True","17734","Active Listening Skills","Complete the Rebel Dragonkin storyline.","15455","Dragonflight","144581","0","131072","15"
"dragonflight_category_confirmed","True","17735","We Didn't Start the Fire","Douse 100 fires at the Suffusion Camps.","15455","Dragonflight","144585","0","128","5"
"snapshot_candidate","True","17736","The Gift of Cheese","Share the Recipe Rat's greatest recipe with hungry rats across Azeroth.","170","Cooking","144600","204894","131072","5"
"snapshot_candidate","True","17737","Flame Warden of the Dragon Isles","Honor the flames of the Dragon Isles.","161","Midsummer","144614","0","0","10"
"snapshot_candidate","True","17738","Flame Keeper of the Dragon Isles","Honor the flames of the Dragon Isles.","161","Midsummer","144621","0","0","10"
"dragonflight_category_confirmed","True","17739","Embers of Neltharion","Complete the following storylines leading up to, and inside, Zaralek Cavern.","15455","Dragonflight","144642","0","0","10"
"snapshot_candidate","True","17740","Gladiator: Dragonflight Season 2","Win 50 3v3 games while at Elite rank during Dragonflight Season 2.","15270","Player vs. Player","144665","205233","14336","0"
"dragonflight_category_confirmed","True","17741","Slow and Steady Wins the Race","Toss treats to a racing snail in Glimmerogg, then watch that snail win the race.","15465","Dragon Isles","144669","205231","143360","10"
"internal_dnt","False","17742","<DNT> Loamm Niffen Rank 01 (Account)","","15466","Dragonflight","144681","0","3276800","0"
"internal_dnt","False","17743","<DNT> Loamm Niffen Rank 02 (Account)","","15466","Dragonflight","144683","0","3276800","0"
"internal_dnt","False","17744","<DNT> Loamm Niffen Rank 03 (Account)","","15466","Dragonflight","144685","0","3276800","0"
"internal_dnt","False","17745","<DNT> Loamm Niffen Rank 04 (Account)","","15466","Dragonflight","144687","0","3276800","0"
"internal_dnt","False","17746","<DNT> Loamm Niffen Rank 05 (Account)","","15466","Dragonflight","144689","0","3276800","0"
"internal_dnt","False","17747","<DNT> Loamm Niffen Rank 06 (Account)","","15466","Dragonflight","144691","0","3276800","0"
"internal_dnt","False","17748","<DNT> Loamm Niffen Rank 07 (Account)","","15466","Dragonflight","144693","0","3276800","0"
"internal_dnt","False","17749","<DNT> Loamm Niffen Rank 08 (Account)","","15466","Dragonflight","144695","0","3276800","0"
"internal_dnt","False","17750","<DNT> Loamm Niffen Rank 09 (Account)","","15466","Dragonflight","144697","0","3276800","0"
"internal_dnt","False","17751","<DNT> Loamm Niffen Rank 10 (Account)","","15466","Dragonflight","144699","0","3276800","0"
"internal_dnt","False","17752","<DNT> Loamm Niffen Rank 11 (Account)","","15466","Dragonflight","144701","0","3276800","0"
"internal_dnt","False","17753","<DNT> Loamm Niffen Rank 12 (Account)","","15466","Dragonflight","144703","0","3276800","0"
"internal_dnt","False","17754","<DNT> Loamm Niffen Rank 13 (Account)","","15466","Dragonflight","144705","0","3276800","0"
"internal_dnt","False","17755","<DNT> Loamm Niffen Rank 14 (Account)","","15466","Dragonflight","144707","0","3276800","0"
"removed_after_dragonflight","False","17756","Friends in Loamm Places","Reach rank 15 renown with the Loamm Niffen.","15466","Dragonflight","144709","0","2228224","0"
"internal_dnt","False","17757","<DNT> Loamm Niffen Rank 16 (Account)","","15466","Dragonflight","144711","0","3276800","0"
"internal_dnt","False","17758","<DNT> Loamm Niffen Rank 17 (Account)","","15466","Dragonflight","144713","0","3276800","0"
"internal_dnt","False","17759","<DNT> Loamm Niffen Rank 18 (Account)","","15466","Dragonflight","144715","0","3276800","0"
"internal_dnt","False","17760","<DNT> Loamm Niffen Rank 19 (Account)","","15466","Dragonflight","144717","0","3276800","0"
"internal_dnt","False","17761","<DNT> Loamm Niffen Rank 20 (Account)","","15466","Dragonflight","144719","0","3276800","0"
"removed_after_dragonflight","False","17763","There's No Place Like Loamm","Reach Renown level 20 with the Loamm Niffen.","15466","Dragonflight","144725","0","0","5"
"snapshot_candidate","True","17764","Obsidian Gladiator: Dragonflight Season 2","End Dragonflight PvP Season 2 in the top 0.1% of the 3v3 arena ladder (requires 150 games won in Dragonflight Season 2).","15270","Player vs. Player","0","0","14336","0"
"snapshot_candidate","True","17765","What We Wear In The Shadowflame","Collect an armor set from Aberrus, the Shadowed Crucible.","15259","Appearances","144729","0","131072","10"
"dragonflight_category_confirmed","True","17766","Explore Zaralek Cavern","Explore Zaralek Cavern, revealing the covered areas of the world map.","15465","Dragon Isles","144731","0","2097152","10"
"snapshot_candidate","True","17767","Obsidian Legend: Dragonflight Season 2","End Dragonflight PvP Season 2 in the top 0.1% of the Solo Shuffle ladder (requires 50 games won in Dragonflight Season 2).","15270","Player vs. Player","0","0","14336","0"
"snapshot_candidate","True","17768","Hero of the Alliance: Obsidian","End Dragonflight Season 2 in the top 0.5% of the rated battleground ladder (requires 50 games won in Dragonflight Season 2).","15270","Player vs. Player","0","0","14336","0"
"snapshot_candidate","True","17772","Hero of the Horde: Obsidian","End Dragonflight Season 2 in the top 0.5% of the rated battleground ladder (requires 50 games won in Dragonflight Season 2).","15270","Player vs. Player","0","0","14336","0"
"dragonflight_category_confirmed","True","17773","A Blue Dawn","Help Kalecgos restore the bonds between the Blue Dragonflight.","15455","Dragonflight","144777","0","0","10"
"snapshot_candidate","True","17778","Obsidian Gladiator's Slitherdrake","Obtain the Obsidian Gladiator's Slitherdrake from Dragonflight Season 2.","15269","Mounts","144727","0","145408","0"
"dragonflight_category_confirmed","True","17779","A Serpentine Discovery","Unlock the Winding Slitherdrake.","15455","Dragonflight","144841","0","131072","10"
"dragonflight_category_confirmed","True","17781","The Smell of Money","Earn 200 Unearthed Fragrant Coins from Public Objectives in Zaralek Cavern.","15465","Dragon Isles","144845","0","0","5"
"dragonflight_category_confirmed","True","17782","Daycare Derby","Participate in every Little Scales Daycare Whelp Race.","15455","Dragonflight","144853","197961","0","10"
"dragonflight_category_confirmed","True","17783","Adventurer of Zaralek Cavern","Complete 10 of the following special encounters in Zaralek Cavern.","15465","Dragon Isles","144859","0","0","5"
"dragonflight_category_confirmed","True","17785","Que Zara(lek), Zara(lek)","Complete all of the Zaralek Cavern achievements listed below.","15455","Dragonflight","144885","205206","131072","25"
"dragonflight_category_confirmed","True","17786","Treasures of Zaralek Cavern","Discover the hidden treasures within Zaralek Cavern.","15465","Dragon Isles","144892","0","0","5"
"internal_dnt","True","17788","Current Patch - Login Video [DNT] (DO NOT EDIT)","","92","Character","144904","0","18087940","0"
"snapshot_candidate","True","17794","Duelist: Dragonflight Season 2","Earn the rank of Duelist during Dragonflight Season 2.","15270","Player vs. Player","144740","0","17053696","0"
"snapshot_candidate","True","17795","Rival I: Dragonflight Season 2","Earn the rank of Rival I during Dragonflight Season 2.","15270","Player vs. Player","144750","0","14336","0"
"snapshot_candidate","True","17796","Rival II: Dragonflight Season 2","Earn the rank of Rival II during Dragonflight Season 2.","15270","Player vs. Player","144745","0","14336","0"
"snapshot_candidate","True","17797","Challenger I: Dragonflight Season 2","Earn the rank of Challenger I during Dragonflight Season 2.","15270","Player vs. Player","144760","0","14336","0"
"snapshot_candidate","True","17798","Challenger II: Dragonflight Season 2","Earn the rank of Challenger II during Dragonflight Season 2.","15270","Player vs. Player","144755","0","14336","0"
"snapshot_candidate","True","17799","Combatant I: Dragonflight Season 2","Earn the rank of Combatant I during Dragonflight Season 2.","15270","Player vs. Player","144770","0","2048","0"
"snapshot_candidate","True","17800","Combatant II: Dragonflight Season 2","Earn the rank of Combatant II during Dragonflight Season 2.","15270","Player vs. Player","144765","0","2048","0"
"snapshot_candidate","True","17801","Legend: Dragonflight Season 2","Win 100 Rated Solo Shuffle rounds while at Elite rank during Dragonflight Season 2.","15270","Player vs. Player","144918","0","12288","0"
"dragonflight_category_confirmed","True","17830","Stones Can't Fly!","Earn 2000 Flightstones.","15465","Dragon Isles","144914","211952","0","10"
"snapshot_candidate","True","17831","Elite: Dragonflight Season 2","Earn the rank of Elite during Dragonflight Season 2.","15270","Player vs. Player","144922","0","17053696","0"
"dragonflight_category_confirmed","True","17832","Sniffen Around","Sniff out five special items while exploring caves alongside a niffen companion.","15465","Dragon Isles","144927","0","0","5"
"dragonflight_category_confirmed","True","17833","Sniffen Sage","Sniff out all possible special items while exploring caves alongside a niffen companion.","15465","Dragon Isles","144937","0","0","10"
"snapshot_candidate","True","17836","Flightstones earned","","130","Character","144947","0","1","0"
"snapshot_candidate","True","17837","Whelpling's Shadowflame Crest Fragments earned","","15176","Legacy","144949","0","5","0"
"snapshot_candidate","True","17838","Drake's Shadowflame Crest Fragments earned","","15176","Legacy","144951","0","5","0"
"snapshot_candidate","True","17839","Wyrm's Shadowflame Crest Fragments earned","","15176","Legacy","144953","0","5","0"
"snapshot_candidate","True","17840","Aspect's Shadowflame Crest Fragments earned","","15176","Legacy","144955","0","5","0"
"snapshot_candidate","True","17841","Pyramid Scheme","Bring Barter Boulders to barter boldly with Ponzo and bring back his hat.","15246","Collections","144970","0","131072","5"
"snapshot_candidate","True","17842","Dragonflight Keystone Explorer: Season Two","Attain a Mythic+ Rating of at least 750 during Dragonflight Season Two.","15272","Dungeons","145030","0","133120","0"
"snapshot_candidate","True","17843","Dragonflight Keystone Conqueror: Season Two","Attain a Mythic+ Rating of at least 1500 during Dragonflight Season Two.","15272","Dungeons","145032","0","133120","0"
"snapshot_candidate","True","17844","Dragonflight Keystone Master: Season Two","Attain a Mythic+ Rating of at least 2000 during Dragonflight Season Two.","15272","Dungeons","145034","204798","133120","0"
"snapshot_candidate","True","17845","Dragonflight Keystone Hero: Season Two","Attain a Mythic+ Rating of at least 2500 during Dragonflight Season Two.","15272","Dungeons","145036","0","133120","0"
"snapshot_candidate","True","17846","Smoldering Hero: Dragonflight Season 2","End Dragonflight Mythic+ Season 2 with a Mythic+ Rating in the top 0.1% of all players in your region.","15272","Dungeons","145038","0","14336","0"
"snapshot_candidate","True","17847","Keystone Hero: The Vortex Pinnacle","Complete The Vortex Pinnacle at Mythic Level 20 or higher, within the time limit.","15272","Dungeons","145043","0","2048","0"
"snapshot_candidate","True","17848","Keystone Hero: Freehold","Complete Freehold at Mythic Level 20 or higher, within the time limit.","15272","Dungeons","145041","0","2048","0"
"snapshot_candidate","True","17849","Keystone Hero: The Underrot","Complete The Underrot at Mythic Level 20 or higher, within the time limit.","15272","Dungeons","145045","0","2048","0"
"snapshot_candidate","True","17850","Keystone Hero: Neltharion's Lair","Complete Neltharion's Lair at Mythic Level 20 or higher, within the time limit.","15272","Dungeons","145047","0","2048","0"
"snapshot_candidate","True","17851","Tour of Duty: Zaralek Cavern","Earn 1000 honor in Zaralek Cavern while in War Mode.","15283","World","145057","0","0","10"
"snapshot_candidate","True","17852","Elemental Conjuror","Kill a player while infused with each of the six conjured elements from Elemental Infused Rock Snails.","15283","World","145059","0","0","10"
"dragonflight_category_hidden","True","17853","Ruby Lifeshrine Loop Challenge: Bronze","Complete Waking Shores Ruby Lifeshrine Loop Challenge.","15462","Dragonriding","0","0","1048576","0"
"dragonflight_category_hidden","True","17854","Ruby Lifeshrine Loop Challenge: Silver","Get Silver ranked time for Waking Shores Ruby Lifeshrine Loop Challenge.","15462","Dragonriding","0","0","1048576","0"
"dragonflight_category_hidden","True","17855","Ruby Lifeshrine Loop Challenge : Gold","Get Gold ranked time for Waking Shores Ruby Lifeshrine Loop Challenge.","15462","Dragonriding","0","0","1048576","0"
"dragonflight_category_hidden","True","17856","Ruby Lifeshrine Loop Reverse Challenge: Bronze","Complete Waking Shores Ruby Lifeshrine Loop Reverse Challenge.","15462","Dragonriding","0","0","1048576","0"
"dragonflight_category_hidden","True","17857","Ruby Lifeshrine Loop Reverse Challenge: Silver","Get Silver ranked time for Waking Shores Ruby Lifeshrine Loop Reverse Challenge.","15462","Dragonriding","0","0","1048576","0"
"dragonflight_category_hidden","True","17858","Ruby Lifeshrine Loop Reverse Challenge : Gold","Get Gold ranked time for Waking Shores Ruby Lifeshrine Loop Reverse Challenge.","15462","Dragonriding","0","0","1048576","0"
"dragonflight_category_hidden","True","17859","Wild Preserve Slalom Challenge: Bronze","Complete Waking Shores Wild Preserve Slalom Challenge.","15462","Dragonriding","0","0","1048576","0"
"dragonflight_category_hidden","True","17860","Wild Preserve Slalom Challenge: Silver","Get Silver ranked time for Waking Shores Wild Preserve Slalom Challenge.","15462","Dragonriding","0","0","1048576","0"
"dragonflight_category_hidden","True","17861","Wild Preserve Slalom Challenge: Gold","Get Gold ranked time for Waking Shores Wild Preserve Slalom Challenge.","15462","Dragonriding","0","0","1048576","0"
"dragonflight_category_hidden","True","17862","Wild Preserve Slalom Reverse Challenge: Bronze","Complete Waking Shores Wild Preserve Slalom Reverse Challenge.","15462","Dragonriding","0","0","1048576","0"
"dragonflight_category_hidden","True","17863","Wild Preserve Slalom Reverse Challenge: Silver","Get Silver ranked time for Waking Shores Wild Preserve Slalom Reverse Challenge.","15462","Dragonriding","0","0","1048576","0"
"dragonflight_category_hidden","True","17864","Wild Preserve Slalom Reverse Challenge: Gold","Get Gold ranked time for Waking Shores Wild Preserve Slalom Reverse Challenge.","15462","Dragonriding","0","0","1048576","0"
"dragonflight_category_hidden","True","17865","Emberflow Flight Challenge: Bronze","Complete Waking Shores Emberflow Flight Challenge.","15462","Dragonriding","0","0","1048576","0"
"dragonflight_category_hidden","True","17866","Emberflow Flight Challenge: Silver","Get Silver ranked time for Waking Shores Emberflow Flight Challenge.","15462","Dragonriding","0","0","1048576","0"
"dragonflight_category_hidden","True","17867","Emberflow Flight Challenge: Gold","Get Gold ranked time for Waking Shores Emberflow Flight Challenge.","15462","Dragonriding","0","0","1048576","0"
"dragonflight_category_hidden","True","17868","Emberflow Flight Reverse Challenge: Bronze","Complete Waking Shores Emberflow Flight Reverse Challenge.","15462","Dragonriding","0","0","1048576","0"
"dragonflight_category_hidden","True","17869","Emberflow Flight Reverse Challenge: Silver","Get Silver ranked time for Waking Shores Emberflow Flight Reverse Challenge.","15462","Dragonriding","0","0","1048576","0"
"dragonflight_category_hidden","True","17870","Emberflow Flight Reverse Challenge: Gold","Get Gold ranked time for Waking Shores Emberflow Flight Reverse Challenge.","15462","Dragonriding","0","0","1048576","0"
"dragonflight_category_hidden","True","17871","Apex Canopy River Run Challenge: Bronze","Complete Waking Shores Apex Canopy River Run Challenge.","15462","Dragonriding","0","0","1048576","0"
"dragonflight_category_hidden","True","17872","Apex Canopy River Run Challenge: Silver","Get Silver ranked time for Waking Shores Apex Canopy River Run Challenge.","15462","Dragonriding","0","0","1048576","0"
"dragonflight_category_hidden","True","17873","Apex Canopy River Run Challenge: Gold","Get Gold ranked time for Waking Shores Apex Canopy River Run Challenge.","15462","Dragonriding","0","0","1048576","0"
"dragonflight_category_hidden","True","17874","Apex Canopy River Run Reverse Challenge: Bronze","Complete Waking Shores Apex Canopy River Run Reverse Challenge.","15462","Dragonriding","0","0","1048576","0"
"dragonflight_category_hidden","True","17875","Apex Canopy River Run Reverse Challenge: Silver","Get Silver ranked time for Waking Shores Apex Canopy River Run Reverse Challenge.","15462","Dragonriding","0","0","1048576","0"
"dragonflight_category_hidden","True","17876","Apex Canopy River Run Reverse Challenge: Gold","Get Gold ranked time for Waking Shores Apex Canopy River Run Reverse Challenge.","15462","Dragonriding","0","0","1048576","0"
"dragonflight_category_confirmed","True","17877","We'll Never See That Again, Surely","Defeat Scalecommander Sarkareth after cultivating a Lump of Flesh and hurling it into the Emptiness Between Stars in Aberrus, the Shadowed Crucible on Normal difficulty or higher.","15468","Dragonflight Raid","145085","0","0","10"
"dragonflight_category_confirmed","True","17878","Me Want Bite","Completely consume a Forbidden Flounder and live to tell the tale.","15465","Dragon Isles","145083","0","0","5"
"snapshot_candidate","True","17879","Zaralek Cavern Safari","In Zaralek Cavern, catch all of the battle pets listed below.","15118","Collect","145099","0","131072","5"
"snapshot_candidate","True","17880","Battle in Zaralek Cavern","Complete 4 Pet Battle World Quests in Zaralek Cavern with a full team of level 25 pets.","15119","Battle","145109","0","135168","10"
"snapshot_candidate","True","17881","Aquatic Battler of Zaralek Cavern","Defeat the pet trainers of Zaralek Cavern with a team of all level 25 Aquatic pets.","15119","Battle","145114","0","131072","5"
"snapshot_candidate","True","17882","Beast Battler of Zaralek Cavern","Defeat the pet trainers of Zaralek Cavern with a team of all level 25 Beast pets.","15119","Battle","145119","0","131072","5"
"snapshot_candidate","True","17883","Critter Battler of Zaralek Cavern","Defeat the pet trainers of Zaralek Cavern with a team of all level 25 Critter pets.","15119","Battle","145124","0","131072","5"
"dragonflight_category_hidden","True","17884","Uktulut Coaster Challenge: Bronze","Complete Waking Shores Uktulut Coaster Challenge.","15462","Dragonriding","0","0","1048576","0"
"dragonflight_category_hidden","True","17885","Uktulut Coaster Challenge: Silver","Get Silver ranked time for Waking Shores Uktulut Coaster Challenge.","15462","Dragonriding","0","0","1048576","0"
"dragonflight_category_hidden","True","17886","Uktulut Coaster Challenge: Gold","Get Gold ranked time for Waking Shores Uktulut Coaster Challenge.","15462","Dragonriding","0","0","1048576","0"
"dragonflight_category_hidden","True","17887","Uktulut Coaster Reverse Challenge: Bronze","Complete Waking Shores Uktulut Coaster Reverse Challenge.","15462","Dragonriding","0","0","1048576","0"
"dragonflight_category_hidden","True","17888","Uktulut Coaster Reverse Challenge: Silver","Get Silver ranked time for Waking Shores Uktulut Coaster Reverse Challenge.","15462","Dragonriding","0","0","1048576","0"
"dragonflight_category_hidden","True","17889","Uktulut Coaster Reverse Challenge: Gold","Get Gold ranked time for Waking Shores Uktulut Coaster Reverse Challenge.","15462","Dragonriding","0","0","1048576","0"
"snapshot_candidate","True","17890","Dragonkin Battler of Zaralek Cavern","Defeat the pet trainers of Zaralek Cavern with a team of all level 25 Dragonkin pets.","15119","Battle","145129","0","131072","5"
"dragonflight_category_hidden","True","17891","Wingrest Roundabout Challenge: Bronze","Complete Waking Shores Wingrest Roundabout Challenge.","15462","Dragonriding","0","0","1048576","0"
"dragonflight_category_hidden","True","17892","Wingrest Roundabout Challenge: Silver","Get Silver ranked time for Waking Shores Wingrest Roundabout Challenge.","15462","Dragonriding","0","0","1048576","0"
"dragonflight_category_hidden","True","17893","Wingrest Roundabout Challenge: Gold","Get Gold ranked time for Waking Shores Wingrest Roundabout Challenge.","15462","Dragonriding","0","0","1048576","0"
"dragonflight_category_hidden","True","17894","Wingrest Roundabout Reverse Challenge: Bronze","Complete Waking Shores Wingrest Roundabout Reverse Challenge.","15462","Dragonriding","0","0","1048576","0"
"dragonflight_category_hidden","True","17895","Wingrest Roundabout Reverse Challenge: Silver","Get Silver ranked time for Waking Shores Wingrest Roundabout Reverse Challenge.","15462","Dragonriding","0","0","1048576","0"
"dragonflight_category_hidden","True","17896","Wingrest Roundabout Reverse Challenge: Gold","Get Gold ranked time for Waking Shores Wingrest Roundabout Reverse Challenge.","15462","Dragonriding","0","0","1048576","0"
"dragonflight_category_hidden","True","17897","Flashfrost Flyover Challenge: Bronze","Complete Waking Shores Flashfrost Flyover Challenge.","15462","Dragonriding","0","0","1048576","0"
"dragonflight_category_hidden","True","17898","Flashfrost Flyover Challenge: Silver","Get Silver ranked time for Waking Shores Flashfrost Flyover Challenge.","15462","Dragonriding","0","0","1048576","0"
"dragonflight_category_hidden","True","17899","Flashfrost Flyover Challenge: Gold","Get Gold ranked time for Waking Shores Flashfrost Flyover Challenge.","15462","Dragonriding","0","0","1048576","0"
"dragonflight_category_hidden","True","17900","Flashfrost Flyover Reverse Challenge: Bronze","Complete Waking Shores Flashfrost Flyover Reverse Challenge.","15462","Dragonriding","0","0","1048576","0"
"dragonflight_category_hidden","True","17901","Flashfrost Flyover Reverse Challenge: Silver","Get Silver ranked time for Waking Shores Flashfrost Flyover Reverse Challenge.","15462","Dragonriding","0","0","1048576","0"
"dragonflight_category_hidden","True","17902","Flashfrost Flyover Reverse Challenge: Gold","Get Gold ranked time for Waking Shores Flashfrost Flyover Reverse Challenge.","15462","Dragonriding","0","0","1048576","0"
"snapshot_candidate","True","17904","Elemental Battler of Zaralek Cavern","Defeat the pet trainers of Zaralek Cavern with a team of all level 25 Elemental pets.","15119","Battle","145134","0","131072","5"
"snapshot_candidate","True","17905","Flying Battler of Zaralek Cavern","Defeat the pet trainers of Zaralek Cavern with a team of all level 25 Flying pets.","15119","Battle","145139","0","131072","5"
"dragonflight_category_hidden","True","17906","Wild Preserve Circuit Challenge: Bronze","Complete Waking Shores Wild Preserve Circuit Challenge.","15462","Dragonriding","0","0","1048576","0"
"dragonflight_category_hidden","True","17907","Wild Preserve Circuit Challenge: Silver","Get Silver ranked time for Waking Shores Wild Preserve Circuit Challenge.","15462","Dragonriding","0","0","1048576","0"
"dragonflight_category_hidden","True","17908","Wild Preserve Circuit Challenge: Gold","Get Gold ranked time for Waking Shores Wild Preserve Circuit Challenge.","15462","Dragonriding","0","0","1048576","0"
"dragonflight_category_hidden","True","17909","Wild Preserve Circuit Reverse Challenge: Bronze","Complete Waking Shores Wild Preserve Circuit Reverse Challenge.","15462","Dragonriding","0","0","1048576","0"
"dragonflight_category_hidden","True","17910","Wild Preserve Circuit Reverse Challenge: Silver","Get Silver ranked time for Waking Shores Wild Preserve Circuit Reverse Challenge.","15462","Dragonriding","0","0","1048576","0"
"dragonflight_category_hidden","True","17911","Wild Preserve Circuit Reverse Challenge: Gold","Get Gold ranked time for Waking Shores Wild Preserve Circuit Reverse Challenge.","15462","Dragonriding","0","0","1048576","0"
"dragonflight_category_hidden","True","17912","Sundapple Copse Circuit Challenge: Bronze","Complete Ohn'ahran Plains Waygate Sundapple Copse Circuit Challenge.","15462","Dragonriding","0","0","1048576","0"
"dragonflight_category_hidden","True","17913","Sundapple Copse Circuit Challenge: Silver","Get Silver ranked time for Ohn'ahran Plains Sundapple Copse Circuit Challenge.","15462","Dragonriding","0","0","1048576","0"
"dragonflight_category_hidden","True","17914","Sundapple Copse Circuit Challenge: Gold","Get Gold ranked time for Ohn'ahran Plains Sundapple Copse Circuit Challenge.","15462","Dragonriding","0","0","1048576","0"
"snapshot_candidate","True","17915","Humanoid Battler of Zaralek Cavern","Defeat the pet trainers of Zaralek Cavern with a team of all level 25 Humanoid pets.","15119","Battle","145144","0","131072","5"
"snapshot_candidate","True","17916","Magic Battler of Zaralek Cavern","Defeat the pet trainers of Zaralek Cavern with a team of all level 25 Magic pets.","15119","Battle","145149","0","131072","5"
"snapshot_candidate","True","17917","Mechanical Battler of Zaralek Cavern","Defeat the pet trainers of Zaralek Cavern with a team of all level 25 Mechanical pets.","15119","Battle","145154","0","131072","5"
"snapshot_candidate","True","17918","Undead Battler of Zaralek Cavern","Defeat the pet trainers of Zaralek Cavern with a team of all level 25 Undead pets.","15119","Battle","145159","0","131072","5"
"dragonflight_category_hidden","True","17919","Sundapple Copse Circuit Reverse Challenge: Bronze","Complete Ohn'ahran Plains Waygate Sundapple Copse Circuit Reverse Challenge.","15462","Dragonriding","0","0","1048576","0"
"dragonflight_category_hidden","True","17920","Sundapple Copse Circuit Reverse Challenge: Silver","Get Silver ranked time for Ohn'ahran Plains Sundapple Copse Circuit Reverse Challenge.","15462","Dragonriding","0","0","1048576","0"
"dragonflight_category_hidden","True","17921","Sundapple Copse Circuit Reverse Challenge: Gold","Get Gold ranked time for Ohn'ahran Plains Sundapple Copse Circuit Reverse Challenge.","15462","Dragonriding","0","0","1048576","0"
"dragonflight_category_hidden","True","17922","Fen Flythrough Challenge: Bronze","Complete Ohn'ahran Plains Fen Flythrough Challenge.","15462","Dragonriding","0","0","1048576","0"
"dragonflight_category_hidden","True","17923","Fen Flythrough Challenge: Silver","Get Silver ranked time for Ohn'ahran Plains Fen Flythrough Challenge.","15462","Dragonriding","0","0","1048576","0"
"dragonflight_category_hidden","True","17924","Fen Flythrough Challenge: Gold","Get Gold ranked time for Ohn'ahran Plains Fen Flythrough Challenge.","15462","Dragonriding","0","0","1048576","0"
"dragonflight_category_hidden","True","17925","Fen Flythrough Reverse Challenge: Bronze","Complete Ohn'ahran Plains Fen Flythrough Reverse Challenge.","15462","Dragonriding","0","0","1048576","0"
"dragonflight_category_hidden","True","17926","Fen Flythrough Reverse Challenge: Silver","Get Silver ranked time for Ohn'ahran Plains Fen Flythrough Reverse Challenge.","15462","Dragonriding","0","0","1048576","0"
"dragonflight_category_hidden","True","17927","Fen Flythrough Reverse Challenge: Gold","Get Gold ranked time for Ohn'ahran Plains Fen Flythrough Reverse Challenge.","15462","Dragonriding","0","0","1048576","0"
"dragonflight_category_hidden","True","17928","Ravine River Run Challenge: Bronze","Complete Ohn'ahran Plains Ravine River Run Challenge.","15462","Dragonriding","0","0","1048576","0"
"dragonflight_category_hidden","True","17929","Ravine River Run Challenge: Silver","Get Silver ranked time for Ohn'ahran Plains Ravine River Run Challenge.","15462","Dragonriding","0","0","1048576","0"
"dragonflight_category_hidden","True","17930","Ravine River Run Challenge: Gold","Get Gold ranked time for Ohn'ahran Plains Ravine River Run Challenge.","15462","Dragonriding","0","0","1048576","0"
"dragonflight_category_hidden","True","17931","Ravine River Run Reverse Challenge: Bronze","Complete Ohn'ahran Plains Ravine River Run Reverse Challenge.","15462","Dragonriding","0","0","1048576","0"
"dragonflight_category_hidden","True","17932","Ravine River Run Reverse Challenge: Silver","Get Silver ranked time for Ohn'ahran Plains Ravine River Run Reverse Challenge.","15462","Dragonriding","0","0","1048576","0"
"dragonflight_category_hidden","True","17933","Ravine River Run Reverse Challenge: Gold","Get Gold ranked time for Ohn'ahran Plains Ravine River Run Reverse Challenge.","15462","Dragonriding","0","0","1048576","0"
"snapshot_candidate","True","17934","Family Battler of Zaralek Cavern","Complete the following achievements.","15119","Battle","145164","193377","135168","10"
"dragonflight_category_hidden","True","17935","Emerald Garden Ascent Challenge: Bronze","Complete Ohn'ahran Plains Emerald Garden Ascent Challenge.","15462","Dragonriding","0","0","1048576","0"
"dragonflight_category_hidden","True","17936","Emerald Garden Ascent Challenge: Silver","Get Silver ranked time for Ohn'ahran Plains Emerald Garden Ascent Challenge.","15462","Dragonriding","0","0","1048576","0"
"dragonflight_category_hidden","True","17937","Emerald Garden Ascent Challenge: Gold","Get Gold ranked time for Ohn'ahran Plains Emerald Garden Ascent Challenge.","15462","Dragonriding","0","0","1048576","0"
"dragonflight_category_hidden","True","17938","Emerald Garden Ascent Reverse Challenge: Bronze","Complete Ohn'ahran Plains Emerald Garden Ascent Reverse Challenge.","15462","Dragonriding","0","0","1048576","0"
"dragonflight_category_hidden","True","17939","Emerald Garden Ascent Reverse Challenge: Silver","Get Silver ranked time for Ohn'ahran Plains Emerald Garden Ascent Reverse Challenge.","15462","Dragonriding","0","0","1048576","0"
"dragonflight_category_hidden","True","17940","Emerald Garden Ascent Reverse Challenge: Gold","Get Gold ranked time for Ohn'ahran Plains Emerald Garden Ascent Reverse Challenge.","15462","Dragonriding","0","0","1048576","0"
"dragonflight_category_hidden","True","17941","River Rapids Route Challenge: Bronze","Complete Ohn'ahran Plains River Rapids Route Challenge.","15462","Dragonriding","0","0","1048576","0"
"dragonflight_category_hidden","True","17942","River Rapids Route Challenge: Silver","Get Silver ranked time for Ohn'ahran Plains River Rapids Route Challenge.","15462","Dragonriding","0","0","1048576","0"
"dragonflight_category_hidden","True","17943","River Rapids Route Challenge: Gold","Get Gold ranked time for Ohn'ahran Plains River Rapids Route Challenge.","15462","Dragonriding","0","0","1048576","0"
"dragonflight_category_hidden","True","17944","River Rapids Route Reverse Challenge: Bronze","Complete Ohn'ahran Plains River Rapids Route Reverse Challenge.","15462","Dragonriding","0","0","1048576","0"
"dragonflight_category_hidden","True","17945","River Rapids Route Reverse Challenge: Silver","Get Silver ranked time for Ohn'ahran Plains River Rapids Route Reverse Challenge.","15462","Dragonriding","0","0","1048576","0"
"dragonflight_category_hidden","True","17946","River Rapids Route Reverse Challenge: Gold","Get Gold ranked time for Ohn'ahran Plains River Rapids Route Reverse Challenge.","15462","Dragonriding","0","0","1048576","0"
"dragonflight_category_hidden","True","17947","Maruukai Dash Challenge: Bronze","Complete Ohn'ahran Plains Maruukai Dash Challenge.","15462","Dragonriding","0","0","1048576","0"
"dragonflight_category_hidden","True","17948","Maruukai Dash Challenge: Silver","Get Silver ranked time for Ohn'ahran Plains Maruukai Dash Challenge.","15462","Dragonriding","0","0","1048576","0"
"dragonflight_category_hidden","True","17949","Maruukai Dash Challenge: Gold","Get Gold ranked time for Ohn'ahran Plains Maruukai Dash Challenge.","15462","Dragonriding","0","0","1048576","0"
"dragonflight_category_hidden","True","17950","Mirror of the Sky Dash Challenge: Bronze","Complete Ohn'ahran Plains Mirror of the Sky Dash Challenge.","15462","Dragonriding","0","0","1048576","0"
"dragonflight_category_hidden","True","17951","Mirror of the Sky Dash Challenge: Silver","Get Silver ranked time for Ohn'ahran Plains Mirror of the Sky Dash Challenge.","15462","Dragonriding","0","0","1048576","0"
"dragonflight_category_hidden","True","17952","Mirror of the Sky Dash Challenge: Gold","Get Gold ranked time for Ohn'ahran Plains Mirror of the Sky Dash Challenge.","15462","Dragonriding","0","0","1048576","0"
"dragonflight_category_hidden","True","17953","The Azure Span Sprint Challenge: Bronze","Complete The Azure Span Sprint Challenge.","15462","Dragonriding","0","0","1048576","0"
"dragonflight_category_hidden","True","17954","The Azure Span Sprint Challenge: Silver","Get Silver ranked time for The Azure Span Sprint Challenge.","15462","Dragonriding","0","0","1048576","0"
"dragonflight_category_hidden","True","17955","The Azure Span Sprint Challenge: Gold","Get Gold ranked time for The Azure Span Sprint Challenge.","15462","Dragonriding","0","0","1048576","0"
"dragonflight_category_hidden","True","17956","The Azure Span Sprint Reverse Challenge: Bronze","Complete The Azure Span Sprint Reverse Challenge.","15462","Dragonriding","0","0","1048576","0"
"dragonflight_category_hidden","True","17957","The Azure Span Sprint Reverse Challenge: Silver","Get Silver ranked time for The Azure Span Sprint Reverse Challenge.","15462","Dragonriding","0","0","1048576","0"
"dragonflight_category_hidden","True","17958","The Azure Span Sprint Reverse Challenge: Gold","Get Gold ranked time for The Azure Span Sprint Reverse Challenge.","15462","Dragonriding","0","0","1048576","0"
"dragonflight_category_hidden","True","17959","The Azure Span Slalom Challenge: Bronze","Complete The Azure Span Slalom Challenge.","15462","Dragonriding","0","0","1048576","0"
"dragonflight_category_hidden","True","17960","The Azure Span Slalom Challenge: Silver","Get Silver ranked time for The Azure Span Slalom Challenge.","15462","Dragonriding","0","0","1048576","0"
"dragonflight_category_hidden","True","17961","The Azure Span Slalom Challenge: Gold","Get Gold ranked time for The Azure Span Slalom Challenge.","15462","Dragonriding","0","0","1048576","0"
"dragonflight_category_hidden","True","17962","The Azure Span Slalom Reverse Challenge: Bronze","Complete The Azure Span Slalom Reverse Challenge.","15462","Dragonriding","0","0","1048576","0"
"dragonflight_category_hidden","True","17963","The Azure Span Slalom Reverse Challenge: Silver","Get Silver ranked time for The Azure Span Slalom Reverse Challenge.","15462","Dragonriding","0","0","1048576","0"
"dragonflight_category_hidden","True","17964","The Azure Span Slalom Reverse Challenge: Gold","Get Gold ranked time for The Azure Span Slalom Reverse Challenge.","15462","Dragonriding","0","0","1048576","0"
"dragonflight_category_hidden","True","17965","The Vakthros Ascent Challenge: Bronze","Complete Azure Span Vakthros Ascent Challenge.","15462","Dragonriding","0","0","1048576","0"
"dragonflight_category_hidden","True","17966","The Vakthros Ascent Challenge: Silver","Get Silver ranked time for Azure Span Vakthros Ascent Challenge.","15462","Dragonriding","0","0","1048576","0"
"dragonflight_category_hidden","True","17967","The Vakthros Ascent Challenge: Gold","Get Gold ranked time for Azure Span Vakthros Ascent Challenge.","15462","Dragonriding","0","0","1048576","0"
"dragonflight_category_hidden","True","17968","The Vakthros Ascent Reverse Challenge: Bronze","Complete Azure Span Vakthros Ascent Reverse Challenge.","15462","Dragonriding","0","0","1048576","0"
"dragonflight_category_hidden","True","17969","The Vakthros Ascent Reverse Challenge: Silver","Get Silver ranked time for Azure Span Vakthros Ascent Reverse Challenge.","15462","Dragonriding","0","0","1048576","0"
"dragonflight_category_hidden","True","17970","The Vakthros Ascent Reverse Challenge: Gold","Get Gold ranked time for Azure Span Vakthros Ascent Reverse Challenge.","15462","Dragonriding","0","0","1048576","0"
"dragonflight_category_hidden","True","17971","Iskaara Tour Challenge: Bronze","Complete Azure Span Iskaara Tour Challenge.","15462","Dragonriding","0","0","1048576","0"
"dragonflight_category_hidden","True","17972","Iskaara Tour Challenge: Silver","Get Silver ranked time for Azure Span Iskaara Tour Challenge.","15462","Dragonriding","0","0","1048576","0"
"dragonflight_category_hidden","True","17973","Iskaara Tour Challenge: Gold","Get Gold ranked time for Azure Span Iskaara Tour Challenge.","15462","Dragonriding","0","0","1048576","0"
"dragonflight_category_hidden","True","17974","Iskaara Tour Reverse Challenge: Bronze","Complete Azure Span Iskaara Tour Reverse Challenge.","15462","Dragonriding","0","0","1048576","0"
"dragonflight_category_hidden","True","17975","Iskaara Tour Reverse Challenge: Silver","Get Silver ranked time for Azure Span Iskaara Tour Reverse Challenge.","15462","Dragonriding","0","0","1048576","0"
"dragonflight_category_hidden","True","17976","Iskaara Tour Reverse Challenge: Gold","Get Gold ranked time for Azure Span Iskaara Tour Reverse Challenge.","15462","Dragonriding","0","0","1048576","0"
"dragonflight_category_confirmed","True","17977","Stones Can Try To Fly!","Earn 5000 Flightstones.","15465","Dragon Isles","145183","0","0","10"
"dragonflight_category_confirmed","True","17978","Stones Can Fly!","Earn 20000 Flightstones.","15465","Dragon Isles","145185","0","0","10"
"dragonflight_category_hidden","True","17979","Frostland Flyover Challenge: Bronze","Complete Azure Span Frostland Flyover Challenge.","15462","Dragonriding","0","0","1048576","0"
"dragonflight_category_hidden","True","17980","Frostland Flyover Challenge: Silver","Get Silver ranked time for Azure Span Frostland Flyover Challenge.","15462","Dragonriding","0","0","1048576","0"
"dragonflight_category_hidden","True","17981","Frostland Flyover Challenge: Gold","Get Gold ranked time for Azure Span Frostland Flyover Challenge.","15462","Dragonriding","0","0","1048576","0"
"dragonflight_category_hidden","True","17982","Frostland Flyover Reverse Challenge: Bronze","Complete Azure Span Frostland Flyover Challenge.","15462","Dragonriding","0","0","1048576","0"
"dragonflight_category_hidden","True","17983","Frostland Flyover Reverse Challenge: Silver","Get Silver ranked time for Azure Span Frostland Flyover Reverse Challenge.","15462","Dragonriding","0","0","1048576","0"
"dragonflight_category_hidden","True","17984","Frostland Flyover Reverse Challenge: Gold","Get Gold ranked time for Azure Span Frostland Flyover Reverse Challenge.","15462","Dragonriding","0","0","1048576","0"
"dragonflight_category_hidden","True","17985","Archive Ambit Challenge: Bronze","Complete Azure Span Archive Ambit Challenge.","15462","Dragonriding","0","0","1048576","0"
"dragonflight_category_hidden","True","17986","Archive Ambit Challenge: Silver","Get Silver ranked time for Azure Span Archive Ambit Challenge.","15462","Dragonriding","0","0","1048576","0"
"dragonflight_category_hidden","True","17987","Archive Ambit Challenge: Gold","Get Gold ranked time for Azure Span Archive Ambit Challenge.","15462","Dragonriding","0","0","1048576","0"
"dragonflight_category_hidden","True","17988","Archive Ambit Reverse Challenge: Bronze","Complete Azure Span Archive Ambit Reverse Challenge.","15462","Dragonriding","0","0","1048576","0"
"dragonflight_category_hidden","True","17989","Archive Ambit Reverse Challenge: Silver","Get Silver ranked time for Azure Span Archive Ambit Reverse Challenge.","15462","Dragonriding","0","0","1048576","0"
"dragonflight_category_hidden","True","17990","Archive Ambit Reverse Challenge: Gold","Get Gold ranked time for Azure Span Archive Ambit Reverse Challenge.","15462","Dragonriding","0","0","1048576","0"
"dragonflight_category_hidden","True","17991","The Flowing Forest Flight Challenge: Bronze","Complete Thaldraszus Flowing Forest Flight Challenge.","15462","Dragonriding","0","0","1048576","0"
"dragonflight_category_hidden","True","17992","The Flowing Forest Flight Challenge: Silver","Get Silver ranked time for Thaldraszus Flowing Forest Flight Challenge.","15462","Dragonriding","0","0","1048576","0"
"dragonflight_category_hidden","True","17993","The Flowing Forest Flight Challenge: Gold","Get Gold ranked time for Thaldraszus Flowing Forest Flight Challenge.","15462","Dragonriding","0","0","1048576","0"
"dragonflight_category_hidden","True","17994","The Flowing Forest Flight Reverse Challenge: Bronze","Complete Thaldraszus Flowing Forest Flight Reverse Challenge.","15462","Dragonriding","0","0","1048576","0"
"dragonflight_category_hidden","True","17995","The Flowing Forest Flight Reverse Challenge: Silver","Get Silver ranked time for Thaldraszus Flowing Forest Flight Reverse Challenge.","15462","Dragonriding","0","0","1048576","0"
"dragonflight_category_hidden","True","17996","The Flowing Forest Flight Reverse Challenge: Gold","Get Gold ranked time for Thaldraszus Flowing Forest Flight Reverse Challenge.","15462","Dragonriding","0","0","1048576","0"
"dragonflight_category_hidden","True","17997","Tyrhold Trial Challenge: Bronze","Complete Thaldraszus Tyrhold Trial Challenge.","15462","Dragonriding","0","0","1048576","0"
"dragonflight_category_hidden","True","17998","Tyrhold Trial Challenge: Silver","Get Silver ranked time for Thaldraszus Tyrhold Trial Challenge.","15462","Dragonriding","0","0","1048576","0"
"dragonflight_category_hidden","True","17999","Tyrhold Trial Challenge: Gold","Get Gold ranked time for Thaldraszus Tyrhold Trial Challenge.","15462","Dragonriding","0","0","1048576","0"
"dragonflight_category_hidden","True","18000","Tyrhold Trial Reverse Challenge: Bronze","Complete Thaldraszus Tyrhold Trial Reverse Challenge.","15462","Dragonriding","0","0","1048576","0"
"dragonflight_category_hidden","True","18001","Tyrhold Trial Reverse Challenge: Silver","Get Silver ranked time for Thaldraszus Tyrhold Trial Reverse Challenge.","15462","Dragonriding","0","0","1048576","0"
"dragonflight_category_hidden","True","18002","Tyrhold Trial Reverse Challenge: Gold","Get Gold ranked time for Thaldraszus Tyrhold Trial Reverse Challenge.","15462","Dragonriding","0","0","1048576","0"
"dragonflight_category_hidden","True","18003","Cliffside Circuit Challenge: Bronze","Complete Thaldraszus Cliffside Circuit Challenge.","15462","Dragonriding","0","0","1048576","0"
"dragonflight_category_hidden","True","18004","Cliffside Circuit Challenge: Silver","Get Silver ranked time for Thaldraszus Cliffside Circuit Challenge.","15462","Dragonriding","0","0","1048576","0"
"dragonflight_category_hidden","True","18005","Cliffside Circuit Challenge: Gold","Get Gold ranked time for Thaldraszus Cliffside Circuit Challenge.","15462","Dragonriding","0","0","1048576","0"
"dragonflight_category_hidden","True","18006","Cliffside Circuit Reverse Challenge: Bronze","Complete Thaldraszus Cliffside Circuit Reverse Challenge.","15462","Dragonriding","0","0","1048576","0"
"dragonflight_category_hidden","True","18007","Cliffside Circuit Reverse Challenge: Silver","Get Silver ranked time for Thaldraszus Cliffside Circuit Reverse Challenge.","15462","Dragonriding","0","0","1048576","0"
"dragonflight_category_hidden","True","18008","Cliffside Circuit Reverse Challenge: Gold","Get Gold ranked time for Thaldraszus Cliffside Circuit Reverse Challenge.","15462","Dragonriding","0","0","1048576","0"
"dragonflight_category_hidden","True","18009","Academy Ascent Challenge: Bronze","Complete Thaldraszus Academy Ascent Challenge.","15462","Dragonriding","0","0","1048576","0"
"dragonflight_category_hidden","True","18010","Academy Ascent Challenge: Silver","Get Silver ranked time for Thaldraszus Academy Ascent Challenge.","15462","Dragonriding","0","0","1048576","0"
"dragonflight_category_hidden","True","18011","Academy Ascent Challenge: Gold","Get Gold ranked time for Thaldraszus Academy Ascent Challenge.","15462","Dragonriding","0","0","1048576","0"
"dragonflight_category_hidden","True","18012","Academy Ascent Reverse Challenge: Bronze","Complete Thaldraszus Academy Ascent Reverse Challenge.","15462","Dragonriding","0","0","1048576","0"
"dragonflight_category_hidden","True","18013","Academy Ascent Reverse Challenge: Silver","Get Silver ranked time for Thaldraszus Academy Ascent Reverse Challenge.","15462","Dragonriding","0","0","1048576","0"
"dragonflight_category_hidden","True","18014","Academy Ascent Reverse Challenge: Gold","Get Gold ranked time for Thaldraszus Academy Ascent Reverse Challenge.","15462","Dragonriding","0","0","1048576","0"
"dragonflight_category_hidden","True","18015","Garden Gallivant Challenge: Bronze","Complete Thaldraszus Garden Gallivant Challenge.","15462","Dragonriding","0","0","1048576","0"
"dragonflight_category_hidden","True","18016","Garden Gallivant Challenge: Silver","Get Silver ranked time for Thaldraszus Garden Gallivant Challenge.","15462","Dragonriding","0","0","1048576","0"
"dragonflight_category_hidden","True","18017","Garden Gallivant Challenge: Gold","Get Gold ranked time for Thaldraszus Garden Gallivant Challenge.","15462","Dragonriding","0","0","1048576","0"
"dragonflight_category_hidden","True","18018","Garden Gallivant Reverse Challenge: Bronze","Complete Thaldraszus Garden Gallivant Reverse Challenge.","15462","Dragonriding","0","0","1048576","0"
"dragonflight_category_hidden","True","18019","Garden Gallivant Reverse Challenge: Silver","Get Silver ranked time for Thaldraszus Garden Gallivant Reverse Challenge.","15462","Dragonriding","0","0","1048576","0"
"dragonflight_category_hidden","True","18020","Garden Gallivant Reverse Challenge: Gold","Get Gold ranked time for Thaldraszus Garden Gallivant Reverse Challenge.","15462","Dragonriding","0","0","1048576","0"
"dragonflight_category_hidden","True","18021","Caverns Criss-Cross Challenge: Bronze","Complete Thaldraszus Caverns Criss-Cross Challenge.","15462","Dragonriding","0","0","1048576","0"
"dragonflight_category_hidden","True","18022","Caverns Criss-Cross Challenge: Silver","Get Silver ranked time for Thaldraszus Caverns Criss-Cross Challenge.","15462","Dragonriding","0","0","1048576","0"
"dragonflight_category_hidden","True","18023","Caverns Criss-Cross Challenge: Gold","Get Gold ranked time for Thaldraszus Caverns Criss-Cross Challenge.","15462","Dragonriding","0","0","1048576","0"
"dragonflight_category_hidden","True","18024","Caverns Criss-Cross Reverse Challenge: Bronze","Complete Thaldraszus Caverns Criss-Cross Reverse Challenge.","15462","Dragonriding","0","0","1048576","0"
"dragonflight_category_hidden","True","18025","Caverns Criss-Cross Reverse Challenge: Silver","Get Silver ranked time for Thaldraszus Caverns Criss-Cross Reverse Challenge.","15462","Dragonriding","0","0","1048576","0"
"dragonflight_category_hidden","True","18026","Caverns Criss-Cross Reverse Challenge: Gold","Get Gold ranked time for Thaldraszus Caverns Criss-Cross Reverse Challenge.","15462","Dragonriding","0","0","1048576","0"
"snapshot_candidate","True","18027","Dragonflight Season 2 Master","Complete one of the achievements listed below.","81","Feats of Strength","145205","0","0","0"
"dragonflight_category_hidden","True","18028","Stormsunder Crater Circuit Challenge: Bronze","Complete Forbidden Reach Stormsunder Crater Circuit Challenge.","15462","Dragonriding","0","0","1048576","0"
"dragonflight_category_hidden","True","18029","Stormsunder Crater Circuit Challenge: Silver","Get Silver ranked time for Forbidden Reach Stormsunder Crater Circuit Challenge.","15462","Dragonriding","0","0","1048576","0"
"dragonflight_category_hidden","True","18030","Stormsunder Crater Circuit Challenge: Gold","Get Gold ranked time for Forbidden Reach Stormsunder Crater Circuit Challenge.","15462","Dragonriding","0","0","1048576","0"
"dragonflight_category_hidden","True","18031","Stormsunder Crater Circuit Reverse Challenge: Bronze","Complete Forbidden Reach Stormsunder Crater Circuit Reverse Challenge.","15462","Dragonriding","0","0","1048576","0"
"dragonflight_category_hidden","True","18032","Stormsunder Crater Circuit Reverse Challenge: Silver","Get Silver ranked time for Forbidden Reach Stormsunder Crater Circuit Reverse Challenge.","15462","Dragonriding","0","0","1048576","0"
"dragonflight_category_hidden","True","18033","Stormsunder Crater Circuit Reverse Challenge: Gold","Get Gold ranked time for Forbidden Reach Stormsunder Crater Circuit Reverse Challenge.","15462","Dragonriding","0","0","1048576","0"
"dragonflight_category_hidden","True","18034","Morqut Ascent Challenge: Bronze","Complete Forbidden Reach Morqut Ascent Challenge.","15462","Dragonriding","0","0","1048576","0"
"dragonflight_category_hidden","True","18035","Morqut Ascent Challenge: Silver","Get Silver ranked time for Forbidden Reach Morqut Ascent Challenge.","15462","Dragonriding","0","0","1048576","0"
"dragonflight_category_hidden","True","18036","Morqut Ascent Challenge: Gold","Get Gold ranked time for Forbidden Reach Morqut Ascent Challenge.","15462","Dragonriding","0","0","1048576","0"
"dragonflight_category_hidden","True","18037","Morqut Ascent Reverse Challenge: Bronze","Complete Forbidden Reach Morqut Ascent Reverse Challenge.","15462","Dragonriding","0","0","1048576","0"
"dragonflight_category_hidden","True","18038","Morqut Ascent Reverse Challenge: Silver","Get Silver ranked time for Forbidden Reach Morqut Ascent Reverse Challenge.","15462","Dragonriding","0","0","1048576","0"
"dragonflight_category_hidden","True","18039","Morqut Ascent Reverse Challenge: Gold","Get Gold ranked time for Forbidden Reach Morqut Ascent Reverse Challenge.","15462","Dragonriding","0","0","1048576","0"
"dragonflight_category_hidden","True","18040","Aerie Chasm Cruise Challenge: Bronze","Complete Forbidden Reach Aerie Chasm Cruise Challenge.","15462","Dragonriding","0","0","1048576","0"
"dragonflight_category_hidden","True","18041","Aerie Chasm Cruise Challenge: Silver","Get Silver ranked time for Forbidden Reach Aerie Chasm Cruise Challenge.","15462","Dragonriding","0","0","1048576","0"
"dragonflight_category_hidden","True","18042","Aerie Chasm Cruise Challenge: Gold","Get Gold ranked time for Forbidden Reach Aerie Chasm Cruise Challenge.","15462","Dragonriding","0","0","1048576","0"
"dragonflight_category_hidden","True","18043","Aerie Chasm Cruise Reverse Challenge: Bronze","Complete Forbidden Reach Aerie Chasm Cruise Reverse Challenge.","15462","Dragonriding","0","0","1048576","0"
"dragonflight_category_hidden","True","18044","Aerie Chasm Cruise Reverse Challenge: Silver","Get Silver ranked time for Forbidden Reach Aerie Chasm Cruise Reverse Challenge.","15462","Dragonriding","0","0","1048576","0"
"dragonflight_category_hidden","True","18045","Aerie Chasm Cruise Reverse Challenge: Gold","Get Gold ranked time for Forbidden Reach Aerie Chasm Cruise Reverse Challenge.","15462","Dragonriding","0","0","1048576","0"
"dragonflight_category_hidden","True","18046","Southern Reach Route Challenge: Bronze","Complete Forbidden Reach Southern Reach Route Challenge.","15462","Dragonriding","0","0","1048576","0"
"dragonflight_category_hidden","True","18047","Southern Reach Route Challenge: Silver","Get Silver ranked time for Forbidden Reach Southern Reach Route Challenge.","15462","Dragonriding","0","0","1048576","0"
"dragonflight_category_hidden","True","18048","Southern Reach Route Challenge: Gold","Get Gold ranked time for Forbidden Reach Southern Reach Route Challenge.","15462","Dragonriding","0","0","1048576","0"
"dragonflight_category_hidden","True","18049","Southern Reach Route Reverse Challenge: Bronze","Complete Forbidden Reach Southern Reach Route Reverse Challenge.","15462","Dragonriding","0","0","1048576","0"
"dragonflight_category_hidden","True","18050","Southern Reach Route Reverse Challenge: Silver","Get Silver ranked time for Forbidden Reach Southern Reach Route Reverse Challenge.","15462","Dragonriding","0","0","1048576","0"
"dragonflight_category_hidden","True","18051","Southern Reach Route Reverse Challenge: Gold","Get Gold ranked time for Forbidden Reach Southern Reach Route Reverse Challenge.","15462","Dragonriding","0","0","1048576","0"
"dragonflight_category_hidden","True","18052","Caldera Coaster Challenge: Bronze","Complete Forbidden Reach Caldera Coaster Challenge.","15462","Dragonriding","0","0","1048576","0"
"dragonflight_category_hidden","True","18053","Caldera Coaster Challenge: Silver","Get Silver ranked time for Forbidden Reach Caldera Coaster Challenge.","15462","Dragonriding","0","0","1048576","0"
"dragonflight_category_hidden","True","18054","Caldera Coaster Challenge: Gold","Get Gold ranked time for Forbidden Reach Caldera Coaster Challenge.","15462","Dragonriding","0","0","1048576","0"
"dragonflight_category_hidden","True","18055","Caldera Coaster Reverse Challenge: Bronze","Complete Forbidden Reach Caldera Coaster Reverse Challenge.","15462","Dragonriding","0","0","1048576","0"
"dragonflight_category_hidden","True","18056","Caldera Coaster Reverse Challenge: Silver","Get Silver ranked time for Forbidden Reach Caldera Coaster Reverse Challenge.","15462","Dragonriding","0","0","1048576","0"
"dragonflight_category_hidden","True","18057","Caldera Coaster Reverse Challenge: Gold","Get Gold ranked time for Forbidden Reach Caldera Coaster Reverse Challenge.","15462","Dragonriding","0","0","1048576","0"
"dragonflight_category_hidden","True","18058","Forbidden Reach Rush Challenge: Bronze","Complete Forbidden Reach Forbidden Reach Rush Challenge.","15462","Dragonriding","0","0","1048576","0"
"dragonflight_category_hidden","True","18059","Forbidden Reach Rush Challenge: Silver","Get Silver ranked time for Forbidden Reach Forbidden Reach Rush Challenge.","15462","Dragonriding","0","0","1048576","0"
"dragonflight_category_hidden","True","18060","Forbidden Reach Rush Challenge: Gold","Get Gold ranked time for Forbidden Reach Forbidden Reach Rush Challenge.","15462","Dragonriding","0","0","1048576","0"
"dragonflight_category_hidden","True","18061","Forbidden Reach Rush Reverse Challenge: Bronze","Complete Forbidden Reach Forbidden Reach Rush Reverse Challenge.","15462","Dragonriding","0","0","1048576","0"
"dragonflight_category_hidden","True","18062","Forbidden Reach Rush Reverse Challenge: Silver","Get Silver ranked time for Forbidden Reach Forbidden Reach Rush Reverse Challenge.","15462","Dragonriding","0","0","1048576","0"
"dragonflight_category_hidden","True","18063","Forbidden Reach Rush Reverse Challenge: Gold","Get Gold ranked time for Forbidden Reach Forbidden Reach Rush Reverse Challenge.","15462","Dragonriding","0","0","1048576","0"
"dragonflight_category_hidden","True","18064","Crystal Circuit Challenge: Bronze","Complete Zaralek Cavern Crystal Circuit Challenge.","15462","Dragonriding","0","0","1048576","0"
"dragonflight_category_hidden","True","18065","Crystal Circuit Challenge: Silver","Get Silver ranked time for Zaralek Cavern Crystal Circuit Challenge.","15462","Dragonriding","0","0","1048576","0"
"dragonflight_category_hidden","True","18066","Crystal Circuit Challenge: Gold","Get Gold ranked time for Zaralek Cavern Crystal Circuit Challenge.","15462","Dragonriding","0","0","1048576","0"
"dragonflight_category_hidden","True","18067","Crystal Circuit Reverse Challenge: Bronze","Complete Zaralek Cavern Crystal Circuit Reverse Challenge.","15462","Dragonriding","0","0","1048576","0"
"dragonflight_category_hidden","True","18068","Crystal Circuit Reverse Challenge: Silver","Get Silver ranked time for Zaralek Cavern Crystal Circuit Reverse Challenge.","15462","Dragonriding","0","0","1048576","0"
"dragonflight_category_hidden","True","18069","Crystal Circuit Reverse Challenge: Gold","Get Gold ranked time for Zaralek Cavern Crystal Circuit Reverse Challenge.","15462","Dragonriding","0","0","1048576","0"
"dragonflight_category_hidden","True","18070","Caldera Cruise Challenge: Bronze","Complete Zaralek Cavern Caldera Cruise Challenge.","15462","Dragonriding","0","0","1048576","0"
"dragonflight_category_hidden","True","18071","Caldera Cruise Challenge: Silver","Get Silver ranked time for Zaralek Cavern Caldera Cruise Challenge.","15462","Dragonriding","0","0","1048576","0"
"dragonflight_category_hidden","True","18072","Caldera Cruise Challenge: Gold","Get Gold ranked time for Zaralek Cavern Caldera Cruise Challenge.","15462","Dragonriding","0","0","1048576","0"
"dragonflight_category_hidden","True","18073","Caldera Cruise Reverse Challenge: Bronze","Complete Zaralek Cavern Caldera Cruise Reverse Challenge.","15462","Dragonriding","0","0","1048576","0"
"dragonflight_category_hidden","True","18074","Caldera Cruise Reverse Challenge: Silver","Get Silver ranked time for Zaralek Cavern Caldera Cruise Reverse Challenge.","15462","Dragonriding","0","0","1048576","0"
"dragonflight_category_hidden","True","18075","Caldera Cruise Reverse Challenge: Gold","Get Gold ranked time for Zaralek Cavern Caldera Cruise Reverse Challenge.","15462","Dragonriding","0","0","1048576","0"
"dragonflight_category_hidden","True","18076","Brimstone Scramble Challenge: Bronze","Complete Zaralek Cavern Brimstone Scramble Challenge.","15462","Dragonriding","0","0","1048576","0"
"dragonflight_category_hidden","True","18077","Brimstone Scramble Challenge: Silver","Get Silver ranked time for Zaralek Cavern Brimstone Scramble Challenge.","15462","Dragonriding","0","0","1048576","0"
"dragonflight_category_hidden","True","18078","Brimstone Scramble Challenge: Gold","Get Gold ranked time for Zaralek Cavern Brimstone Scramble Challenge.","15462","Dragonriding","0","0","1048576","0"
"dragonflight_category_hidden","True","18079","Brimstone Scramble Reverse Challenge: Bronze","Complete Zaralek Cavern Brimstone Scramble Reverse Challenge.","15462","Dragonriding","0","0","1048576","0"
"dragonflight_category_hidden","True","18080","Brimstone Scramble Reverse Challenge: Silver","Get Silver ranked time for Zaralek Cavern Brimstone Scramble Reverse Challenge.","15462","Dragonriding","0","0","1048576","0"
"dragonflight_category_hidden","True","18081","Brimstone Scramble Reverse Challenge: Gold","Get Gold ranked time for Zaralek Cavern Brimstone Scramble Reverse Challenge.","15462","Dragonriding","0","0","1048576","0"
"dragonflight_category_hidden","True","18082","Shimmering Slalom Challenge: Bronze","Complete Zaralek Cavern Shimmering Slalom Challenge.","15462","Dragonriding","0","0","1048576","0"
"dragonflight_category_hidden","True","18083","Shimmering Slalom Challenge: Silver","Get Silver ranked time for Zaralek Cavern Shimmering Slalom Challenge.","15462","Dragonriding","0","0","1048576","0"
"dragonflight_category_hidden","True","18084","Shimmering Slalom Challenge: Gold","Get Gold ranked time for Zaralek Cavern Shimmering Slalom Challenge.","15462","Dragonriding","0","0","1048576","0"
"dragonflight_category_hidden","True","18085","Shimmering Slalom Reverse Challenge: Bronze","Complete Zaralek Cavern Shimmering Slalom Reverse Challenge.","15462","Dragonriding","0","0","1048576","0"
"dragonflight_category_hidden","True","18086","Shimmering Slalom Reverse Challenge: Silver","Get Silver ranked time for Zaralek Cavern Shimmering Slalom Reverse Challenge.","15462","Dragonriding","0","0","1048576","0"
"dragonflight_category_hidden","True","18087","Shimmering Slalom Reverse Challenge: Gold","Get Gold ranked time for Zaralek Cavern Shimmering Slalom Reverse Challenge.","15462","Dragonriding","0","0","1048576","0"
"dragonflight_category_hidden","True","18088","Loamm Roamm Challenge: Bronze","Complete Zaralek Cavern Loamm Roamm Challenge.","15462","Dragonriding","0","0","1048576","0"
"dragonflight_category_hidden","True","18089","Loamm Roamm Challenge: Silver","Get Silver ranked time for Zaralek Cavern Loamm Roamm Challenge.","15462","Dragonriding","0","0","1048576","0"
"dragonflight_category_hidden","True","18090","Loamm Roamm Challenge: Gold","Get Gold ranked time for Zaralek Cavern Loamm Roamm Challenge.","15462","Dragonriding","0","0","1048576","0"
"dragonflight_category_hidden","True","18091","Loamm Roamm Reverse Challenge: Bronze","Complete Zaralek Cavern Loamm Roamm Reverse Challenge.","15462","Dragonriding","0","0","1048576","0"
"dragonflight_category_hidden","True","18092","Loamm Roamm Reverse Challenge: Silver","Get Silver ranked time for Zaralek Cavern Loamm Roamm Reverse Challenge.","15462","Dragonriding","0","0","1048576","0"
"dragonflight_category_hidden","True","18093","Loamm Roamm Reverse Challenge: Gold","Get Gold ranked time for Zaralek Cavern Loamm Roamm Reverse Challenge.","15462","Dragonriding","0","0","1048576","0"
"dragonflight_category_hidden","True","18094","Sulfur Sprint Challenge: Bronze","Complete Zaralek Cavern Sulfur Sprint Challenge.","15462","Dragonriding","0","0","1048576","0"
"dragonflight_category_hidden","True","18095","Sulfur Sprint Challenge: Silver","Get Silver ranked time for Zaralek Cavern Sulfur Sprint Challenge.","15462","Dragonriding","0","0","1048576","0"
"dragonflight_category_hidden","True","18096","Sulfur Sprint Challenge: Gold","Get Gold ranked time for Zaralek Cavern Sulfur Sprint Challenge.","15462","Dragonriding","0","0","1048576","0"
"dragonflight_category_hidden","True","18097","Sulfur Sprint Reverse Challenge: Bronze","Complete Zaralek Cavern Sulfur Sprint Reverse Challenge.","15462","Dragonriding","0","0","1048576","0"
"dragonflight_category_hidden","True","18098","Sulfur Sprint Reverse Challenge: Silver","Get Silver ranked time for Zaralek Cavern Sulfur Sprint Reverse Challenge.","15462","Dragonriding","0","0","1048576","0"
"dragonflight_category_hidden","True","18099","Sulfur Sprint Reverse Challenge: Gold","Get Gold ranked time for Zaralek Cavern Sulfur Sprint Reverse Challenge.","15462","Dragonriding","0","0","1048576","0"
"dragonflight_category_confirmed","True","18100","Cavern Clawbbering","Complete all of the following special encounters in Zaralek Cavern while under the effect of a Clacking Claw.","15465","Dragon Isles","145307","0","131072","10"
"internal_dnt","False","18129","<DNT> Loamm Niffen Rank 01 (Character)","","15466","Dragonflight","145343","0","3145728","0"
"internal_dnt","False","18130","<DNT> Loamm Niffen Rank 02 (Character)","","15466","Dragonflight","145346","0","3145728","0"
"internal_dnt","False","18131","<DNT> Loamm Niffen Rank 03 (Character)","","15466","Dragonflight","145349","0","3145728","0"
"internal_dnt","False","18132","<DNT> Loamm Niffen Rank 04 (Character)","","15466","Dragonflight","145352","0","3145728","0"
"internal_dnt","False","18133","<DNT> Loamm Niffen Rank 05 (Character)","","15466","Dragonflight","145355","0","3145728","0"
"internal_dnt","False","18134","<DNT> Loamm Niffen Rank 06 (Character)","","15466","Dragonflight","145358","0","3145728","0"
"internal_dnt","False","18135","<DNT> Loamm Niffen Rank 07 (Character)","","15466","Dragonflight","145361","0","3145728","0"
"internal_dnt","False","18136","<DNT> Loamm Niffen Rank 08 (Character)","","15466","Dragonflight","145364","0","3145728","0"
"internal_dnt","False","18137","<DNT> Loamm Niffen Rank 09 (Character)","","15466","Dragonflight","145367","0","3145728","0"
"internal_dnt","False","18138","<DNT> Loamm Niffen Rank 10 (Character)","","15466","Dragonflight","145370","0","3145728","0"
"internal_dnt","False","18139","<DNT> Loamm Niffen Rank 11 (Character)","","15466","Dragonflight","145373","0","3145728","0"
"internal_dnt","False","18140","<DNT> Loamm Niffen Rank 12 (Character)","","15466","Dragonflight","145376","0","3145728","0"
"internal_dnt","False","18141","<DNT> Loamm Niffen Rank 13 (Character)","","15466","Dragonflight","145379","0","3145728","0"
"internal_dnt","False","18142","<DNT> Loamm Niffen Rank 14 (Character)","","15466","Dragonflight","145382","0","3145728","0"
"internal_dnt","False","18143","<DNT> Loamm Niffen Rank 15 (Character)","","15466","Dragonflight","145385","0","3145728","0"
"internal_dnt","False","18144","<DNT> Loamm Niffen Rank 16 (Character)","","15466","Dragonflight","145388","0","3145728","0"
"internal_dnt","False","18145","<DNT> Loamm Niffen Rank 17 (Character)","","15466","Dragonflight","145391","0","3145728","0"
"internal_dnt","False","18146","<DNT> Loamm Niffen Rank 18 (Character)","","15466","Dragonflight","145394","0","3145728","0"
"internal_dnt","False","18147","<DNT> Loamm Niffen Rank 19 (Character)","","15466","Dragonflight","145397","0","3145728","0"
"internal_dnt","False","18148","<DNT> Loamm Niffen Rank 20 (Character)","","15466","Dragonflight","145400","0","3145728","0"
"dragonflight_category_confirmed","True","18149","Objects in Transit May Shatter","Defeat the Echo of Neltharion after players smash through walls of Twisted Earth while carrying the Expired Experiment, the Stack of Scrolls, the Neverburning Ebon Candle, and the ""Portable"" Ebon Anvil in Aberrus, the Shadowed Crucible on Normal difficulty or higher.","15468","Dragonflight Raid","145412","0","0","10"
"dragonflight_category_confirmed","True","18150","Zaralek Cavern Glyph Hunter","Find the following dragon glyphs in Zaralek Cavern.","15462","Dragonriding","145419","0","131072","20"
"dragonflight_category_confirmed","True","18151","Mythic: Kazzara, the Hellforged","Defeat Kazzara, the Hellforged in Aberrus, the Shadowed Crucible on Mythic difficulty.","15468","Dragonflight Raid","145485","0","0","10"
"dragonflight_category_confirmed","True","18152","Mythic: The Amalgamation Chamber","Defeat The Amalgamation Chamber in Aberrus, the Shadowed Crucible on Mythic difficulty.","15468","Dragonflight Raid","145487","0","0","10"
"dragonflight_category_confirmed","True","18153","Mythic: The Forgotten Experiments","Defeat The Forgotten Experiments in Aberrus, the Shadowed Crucible on Mythic difficulty.","15468","Dragonflight Raid","145490","0","0","10"
"dragonflight_category_confirmed","True","18154","Mythic: Assault of the Zaqali","Defeat Assault of the Zaqali in Aberrus, the Shadowed Crucible on Mythic difficulty.","15468","Dragonflight Raid","145492","0","0","10"
"dragonflight_category_confirmed","True","18155","Mythic: Rashok, the Elder","Defeat Rashok, the Elder in Aberrus, the Shadowed Crucible on Mythic difficulty.","15468","Dragonflight Raid","145494","0","0","10"
"dragonflight_category_confirmed","True","18156","Mythic: The Vigilant Steward, Zskarn","Defeat The Vigilant Steward, Zskarn in Aberrus, the Shadowed Crucible on Mythic difficulty.","15468","Dragonflight Raid","145496","0","0","10"
"dragonflight_category_confirmed","True","18157","Mythic: Magmorax","Defeat Magmorax in Aberrus, the Shadowed Crucible on Mythic difficulty.","15468","Dragonflight Raid","145498","0","0","10"
"dragonflight_category_confirmed","True","18158","Mythic: Echo of Neltharion","Defeat Echo of Neltharion in Aberrus, the Shadowed Crucible on Mythic difficulty.","15468","Dragonflight Raid","145500","0","0","10"
"dragonflight_category_confirmed","True","18159","Mythic: Scalecommander Sarkareth","Defeat Scalecommander Sarkareth in Aberrus, the Shadowed Crucible on Mythic difficulty.","15468","Dragonflight Raid","145489","0","0","10"
"dragonflight_category_confirmed","True","18160","Aberrus, the Shadowed Crucible","Defeat the following bosses on any difficulty.","15468","Dragonflight Raid","145503","0","0","10"
"dragonflight_category_confirmed","True","18161","Heroic: Aberrus, the Shadowed Crucible","Defeat the following bosses on Heroic difficulty.","15468","Dragonflight Raid","145513","0","0","10"
"dragonflight_category_confirmed","True","18162","Mythic: Aberrus, the Shadowed Crucible","Defeat the following bosses on Mythic difficulty.","15468","Dragonflight Raid","145523","0","0","10"
"dragonflight_category_confirmed","True","18163","Discarded Works","Defeat the following bosses in the experimental laboratories of Aberrus, the Shadowed Crucible.","15468","Dragonflight Raid","145533","0","0","10"
"dragonflight_category_confirmed","True","18164","Fury of Giants","Defeat the following bosses in the wing of Aberrus, the Shadowed Crucible.","15468","Dragonflight Raid","145537","0","0","10"
"dragonflight_category_confirmed","True","18165","Neltharion's Shadow","Defeat the following bosses in the depths of Aberrus, the Shadowed Crucible.","15468","Dragonflight Raid","145541","0","0","10"
"dragonflight_category_confirmed","True","18167","Edge of the Void","Descend to the edge of reality and confront Scalecommander Sarkareth within Aberrus, the Shadowed Crucible.","15468","Dragonflight Raid","145544","0","0","10"
"dragonflight_category_confirmed","True","18168","I'll Make My Own Shadowflame","Defeat the Shadowflame Amalgamation after using Umbral Detonation, Fiery Meteor and Blistering Twilight on a Forgotten Specimen Tank to create and extinguish a Shadowflame Remnant in Aberrus, the Shadowed Crucible on Normal difficulty or higher.","15468","Dragonflight Raid","145799","0","0","10"
"internal_dnt","True","18169","[DNT] Shimmershell Snail","Hidden tracking achievement for 10.1 Snailies. [DNT]","15118","Collect","145552","0","3276804","0"
"dragonflight_category_confirmed","True","18172","Escar-Go-Go-Go","Defeat Magmorax after feeding him 20 Spicy Lava Snails in Aberrus, the Shadowed Crucible on Normal difficulty or higher.","15468","Dragonflight Raid","145591","0","0","10"
"dragonflight_category_confirmed","True","18173","Tabula Rasa","Defeat The Forgotten Experiments after Nutraal is hit 3 times by Rending Charge, Volatile Spew, and Deep Breath in Aberrus, the Shadowed Crucible on Normal difficulty or higher.","15468","Dragonflight Raid","145593","0","0","10"
"dragonflight_category_confirmed","True","18174","Contaminant Cleaner","Defeat the Animated Contaminant during the Researchers Under Fire: Titan Lockdown event.","15465","Dragon Isles","145609","0","0","10"
"snapshot_candidate","True","18176","Hall of Fame: Scalecommander Sarkareth","Among the first two hundred guilds worldwide to defeat Scalecommander Sarkareth on Mythic difficulty.","15093","Guild Feats of Strength","145615","0","4258304","0"
"snapshot_candidate","True","18177","Aberrus, the Shadowed Crucible Guild Run","Defeat the following bosses in Aberrus, the Shadowed Crucible on Normal difficulty or higher while in a guild group.","15471","Dragonflight Raid","145617","0","61440","10"
"snapshot_candidate","True","18178","Heroic: Aberrus, the Shadowed Crucible Guild Run","Defeat the following bosses in Aberrus, the Shadowed Crucible on Heroic difficulty or higher while in a guild group.","15471","Dragonflight Raid","145627","0","61440","10"
"snapshot_candidate","True","18179","Mythic: Scalecommander Sarkareth Guild Run","Defeat Scalecommander Sarkareth in Aberrus, the Shadowed Crucible on Mythic Difficulty while in a guild group.","15471","Dragonflight Raid","145637","0","61440","10"
"snapshot_candidate","True","18180","Kazzara, the Hellforged kills (Raid Finder Aberrus, the Shadowed Crucible)","","15469","Dragonflight","145639","0","1","0"
"snapshot_candidate","True","18181","The Amalgamation Chamber kills (Raid Finder Aberrus, the Shadowed Crucible)","","15469","Dragonflight","145641","0","1","0"
"snapshot_candidate","True","18182","The Forgotten Experiments kills (Raid Finder Aberrus, the Shadowed Crucible)","","15469","Dragonflight","145643","0","1","0"
"snapshot_candidate","True","18183","Assault of the Zaqali kills (Raid Finder Aberrus, the Shadowed Crucible)","","15469","Dragonflight","145645","0","1","0"
"snapshot_candidate","True","18184","Rashok, the Elder kills (Raid Finder Aberrus, the Shadowed Crucible)","","15469","Dragonflight","145647","0","1","0"
"snapshot_candidate","True","18185","The Vigilant Steward, Zskarn kills (Raid Finder Aberrus, the Shadowed Crucible)","","15469","Dragonflight","145649","0","1","0"
"snapshot_candidate","True","18186","Magmorax kills (Raid Finder Aberrus, the Shadowed Crucible)","","15469","Dragonflight","145651","0","1","0"
"snapshot_candidate","True","18187","Scalecommander Sarkareth kills (Raid Finder Aberrus, the Shadowed Crucible)","","15469","Dragonflight","145655","0","1","0"
"snapshot_candidate","True","18188","Echo of Neltharion kills (Raid Finder Aberrus, the Shadowed Crucible)","","15469","Dragonflight","145653","0","1","0"
"snapshot_candidate","True","18189","Kazzara, the Hellforged kills (Normal Aberrus, the Shadowed Crucible)","","15469","Dragonflight","145657","0","1","0"
"snapshot_candidate","True","18190","The Amalgamation Chamber kills (Normal Aberrus, the Shadowed Crucible)","","15469","Dragonflight","145659","0","1","0"
"snapshot_candidate","True","18191","The Forgotten Experiments kills (Normal Aberrus, the Shadowed Crucible)","","15469","Dragonflight","145661","0","1","0"
"snapshot_candidate","True","18192","Assault of the Zaqali kills (Normal Aberrus, the Shadowed Crucible)","","15469","Dragonflight","145663","0","1","0"
"dragonflight_category_confirmed","True","18193","Eggscellent Eggsecution","Defeat The Vigilant Steward, Zskarn while a member of your raid is carrying the Delicate Experimental Egg in Aberrus, the Shadowed Crucible on Normal difficulty or higher.","15468","Dragonflight Raid","146254","0","0","10"
"snapshot_candidate","True","18194","Rashok, the Elder kills (Normal Aberrus, the Shadowed Crucible)","","15469","Dragonflight","145665","0","1","0"
"snapshot_candidate","True","18195","The Vigilant Steward, Zskarn kills (Normal Aberrus, the Shadowed Crucible)","","15469","Dragonflight","145667","0","1","0"
"snapshot_candidate","True","18196","Magmorax kills (Normal Aberrus, the Shadowed Crucible)","","15469","Dragonflight","145669","0","1","0"
"snapshot_candidate","True","18197","Echo of Neltharion kills (Normal Aberrus, the Shadowed Crucible)","","15469","Dragonflight","145671","0","1","0"
"snapshot_candidate","True","18198","Scalecommander Sarkareth kills (Normal Aberrus, the Shadowed Crucible)","","15469","Dragonflight","145673","0","1","0"
"dragonflight_category_confirmed","True","18199","Zaqali Ritual Buster","Defeat Ritualmaster Skarna and the Elder Magma Worm during the Researchers Under Fire: Zaqali Ruin Investigation event.","15465","Dragon Isles","145675","0","0","10"
"dragonflight_category_confirmed","True","18200","Cooling the Research Field","Complete the following achievements during the Researchers Under Fire event located in Zaralek Cavern.","15465","Dragon Isles","145726","0","131072","15"
"dragonflight_category_confirmed","True","18201","Lockdown Mystery","Defeat the Contaminated Titan Watcher during the Researchers Under Fire: Titan Lockdown event.","15465","Dragon Isles","145692","0","0","5"
"dragonflight_category_confirmed","True","18202","Rockin Research","Destroy 100 boulders during the Researchers Under Fire: Titan Lockdown event.","15465","Dragon Isles","146210","0","0","10"
"dragonflight_category_confirmed","True","18203","A Research Sampler","Gather 50 Curious Ore Samples during the Researchers Under Fire: Titan Lockdown event.","15465","Dragon Isles","146220","0","0","5"
"dragonflight_category_confirmed","True","18204","Research Mishap","Defeat the Monstrous Magmaclaw Snapper during the Researchers Under Fire: Zaqali Ruin Investigation event.","15465","Dragon Isles","145694","0","0","5"
"dragonflight_category_confirmed","True","18205","A Pillar of the Research Community","Restore 25 Djaradin Pillar Shards during the Researchers Under Fire: Zaqali Ruin Investigation event.","15465","Dragon Isles","146216","0","0","5"
"dragonflight_category_confirmed","True","18206","A Djaradin Puzzle","Restore 25 Resilient Stones to the Zaqali altar during the Researchers Under Fire: Zaqali Ruin Investigation event.","15465","Dragon Isles","146218","0","0","10"
"dragonflight_category_confirmed","True","18207","Hot Research Zone","Kill 500 hostile creatures during either of the Researchers Under Fire events.","15465","Dragon Isles","146227","0","0","10"
"dragonflight_category_confirmed","True","18208","The Small Disruptions","Stomp on 200 Magmaclaw Snappers during the Researchers Under Fire: Zaqali Ruin Investigation event.","15465","Dragon Isles","146225","0","0","10"
"dragonflight_category_confirmed","True","18209","Nothing Stops the Research","Defeat the Sundered Flame leader Captain Reykal during either of the Researchers Under Fire events.","15465","Dragon Isles","145696","0","0","5"
"snapshot_candidate","True","18210","Kazzara, the Hellforged kills (Heroic Aberrus, the Shadowed Crucible)","","15469","Dragonflight","145680","0","1","0"
"snapshot_candidate","True","18211","The Amalgamation Chamber kills (Heroic Aberrus, the Shadowed Crucible)","","15469","Dragonflight","145682","0","1","0"
"snapshot_candidate","True","18212","The Forgotten Experiments kills (Heroic Aberrus, the Shadowed Crucible)","","15469","Dragonflight","145684","0","1","0"
"snapshot_candidate","True","18213","Assault of the Zaqali kills (Heroic Aberrus, the Shadowed Crucible)","","15469","Dragonflight","145686","0","1","0"
"snapshot_candidate","True","18214","Rashok, the Elder kills (Heroic Aberrus, the Shadowed Crucible)","","15469","Dragonflight","145688","0","1","0"
"snapshot_candidate","True","18215","The Vigilant Steward, Zskarn kills (Heroic Aberrus, the Shadowed Crucible)","","15469","Dragonflight","145690","0","1","0"
"snapshot_candidate","True","18216","Magmorax kills (Heroic Aberrus, the Shadowed Crucible)","","15469","Dragonflight","145698","0","1","0"
"snapshot_candidate","True","18217","Echo of Neltharion kills (Heroic Aberrus, the Shadowed Crucible)","","15469","Dragonflight","145700","0","1","0"
"snapshot_candidate","True","18218","Scalecommander Sarkareth kills (Heroic Aberrus, the Shadowed Crucible)","","15469","Dragonflight","145721","0","1","0"
"snapshot_candidate","True","18219","Kazzara, the Hellforged kills (Mythic Aberrus, the Shadowed Crucible)","","15469","Dragonflight","145747","0","1","0"
"snapshot_candidate","True","18220","The Amalgamation Chamber kills (Mythic Aberrus, the Shadowed Crucible)","","15469","Dragonflight","145749","0","1","0"
"snapshot_candidate","True","18221","The Forgotten Experiments kills (Mythic Aberrus, the Shadowed Crucible)","","15469","Dragonflight","145751","0","1","0"
"snapshot_candidate","True","18222","Assault of the Zaqali kills (Mythic Aberrus, the Shadowed Crucible)","","15469","Dragonflight","145753","0","1","0"
"snapshot_candidate","True","18223","Rashok, the Elder kills (Mythic Aberrus, the Shadowed Crucible)","","15469","Dragonflight","145755","0","1","0"
"snapshot_candidate","True","18224","The Vigilant Steward, Zskarn kills (Mythic Aberrus, the Shadowed Crucible)","","15469","Dragonflight","145757","0","1","0"
"snapshot_candidate","True","18225","Magmorax kills (Mythic Aberrus, the Shadowed Crucible)","","15469","Dragonflight","145759","0","1","0"
"snapshot_candidate","True","18226","Echo of Neltharion kills (Mythic Aberrus, the Shadowed Crucible)","","15469","Dragonflight","145761","0","1","0"
"snapshot_candidate","True","18227","Scalecommander Sarkareth kills (Mythic Aberrus, the Shadowed Crucible)","","15469","Dragonflight","145763","0","1","0"
"dragonflight_category_confirmed","True","18228","Are You Even Trying?","Defeat the Assault of the Zaqali after hitting the following creatures with a Cave Pebble in Aberrus, the Shadowed Crucible on Normal difficulty or higher.","15468","Dragonflight Raid","145806","0","0","10"
"dragonflight_category_confirmed","True","18229","Cosplate","Defeat Kazzara, the Hellforged after shattering your own Hellsteel Plating in Aberrus, the Shadowed Crucible on Normal difficulty or higher.","15468","Dragonflight Raid","145808","0","0","10"
"dragonflight_category_confirmed","True","18230","Whac-A-Swog","Defeat Rashok, the Elder after hitting the Lost Lunker with Searing Slam 5 times in Aberrus, the Shadowed Crucible on Normal difficulty or higher.","15468","Dragonflight Raid","146176","0","0","10"
"internal_dnt","True","18231","<DNT> Niffen Cave Dive - Completed At Least Once - Puzzle 1 (Character)","","15465","Dragon Isles","145818","0","1048580","0"
"internal_dnt","True","18232","<DNT> Niffen Cave Dive - Completed At Least Once - Puzzle 2 (Character)","","15465","Dragon Isles","145820","0","1048580","0"
"internal_dnt","True","18233","<DNT> Niffen Cave Dive - Completed At Least Once - Puzzle 4 (Character)","","15465","Dragon Isles","145822","0","1048580","0"
"internal_dnt","True","18234","<DNT> Niffen Cave Dive - Completed At Least Once - Puzzle 8 (Character)","","15465","Dragon Isles","145824","0","1048580","0"
"internal_dnt","True","18235","<DNT> Niffen Cave Dive - Completed At Least Once - Puzzle 11 (Character)","","15465","Dragon Isles","145826","0","1048580","0"
"internal_dnt","True","18236","<DNT> Niffen Cave Dive - Completed At Least Once - Puzzle 12 (Character)","","15465","Dragon Isles","145828","0","1048580","0"
"internal_dnt","True","18237","<DNT> Niffen Cave Dive - Completed At Least Once - Puzzle 14 (Character)","","15465","Dragon Isles","145830","0","1048580","0"
"internal_dnt","True","18238","<DNT> Niffen Cave Dive - Completed At Least Once - Puzzle 16 (Character)","","15465","Dragon Isles","145832","0","1048580","0"
"internal_dnt","True","18239","<DNT> Niffen Cave Dive - Completed At Least Once - Puzzle 17 (Character)","","15465","Dragon Isles","145834","0","1048580","0"
"internal_dnt","True","18240","<DNT> Niffen Cave Dive - Completed At Least Once - Puzzle 18 (Character)","","15465","Dragon Isles","145836","0","1048580","0"
"internal_dnt","True","18241","<DNT> Niffen Cave Dive - Completed At Least Once - Puzzle 20 (Character)","","15465","Dragon Isles","145838","0","1048580","0"
"internal_dnt","True","18242","<DNT> Niffen Cave Dive - Completed At Least Once - Puzzle 23 (Character)","","15465","Dragon Isles","145840","0","1048580","0"
"internal_dnt","True","18243","<DNT> Niffen Cave Dive - Completed At Least Once - Puzzle 24 (Character)","","15465","Dragon Isles","145842","0","1048580","0"
"internal_dnt","True","18244","<DNT> Niffen Cave Dive - Completed At Least Once - Puzzle 25 (Character)","","15465","Dragon Isles","145844","0","1048580","0"
"internal_dnt","True","18245","<DNT> Niffen Cave Dive - Completed At Least Once - Puzzle 26 (Character)","","15465","Dragon Isles","145846","0","1048580","0"
"internal_dnt","True","18246","<DNT> Niffen Cave Dive - Completed At Least Once - Puzzle 27 (Character)","","15465","Dragon Isles","145848","0","1048580","0"
"internal_dnt","True","18247","<DNT> Niffen Cave Dive - Completed At Least Once - Puzzle 28 (Character)","","15465","Dragon Isles","145850","0","1048580","0"
"internal_dnt","True","18248","<DNT> Niffen Cave Dive - Completed At Least Once - Tutorial Objectives (Character)","","15465","Dragon Isles","145852","0","1048580","0"
"snapshot_candidate","True","18249","Obsidian Tie Event","Collect any armor set from Dragonflight PvP Season 2.","15259","Appearances","145881","0","131072","10"
"snapshot_candidate","True","18250","Ysergle The Dreamurk","Owner of the Ysergle pet.","15268","Promotions","145890","0","133120","0"
"snapshot_candidate","True","18251","Glory of the Aberrus Raider","Complete the Aberrus, the Shadowed Crucible raid achievements listed below.","168","Dungeons & Raids","145901","205205","143360","25"
"snapshot_candidate","True","18253","Ahead of the Curve: Scalecommander Sarkareth","Defeat Scalecommander Sarkareth in Aberrus, the Shadowed Crucible on Heroic difficulty or higher, before the release of the next raid tier.","15271","Raids","145937","0","6144","0"
"snapshot_candidate","True","18254","Cutting Edge: Scalecommander Sarkareth","Defeat  Scalecommander Sarkareth in Aberrus, the Shadowed Crucible on Mythic difficulty, before the release of the next raid tier.","15271","Raids","145940","0","6144","0"
"dragonflight_category_confirmed","True","18255","Proof of Myrrit","Complete the following Sniffenseek digs alongside a niffen companion.","15465","Dragon Isles","145942","0","0","5"
"snapshot_candidate","True","18256","Nasz'uro, the Unbound Legacy","Wielder of Nasz'uro, the Unbound Legacy.","15271","Raids","145960","0","2048","0"
"dragonflight_category_confirmed","True","18257","Can You Dig It?","Complete 50 Sniffenseek digs alongside a niffen companion.","15465","Dragon Isles","145972","0","0","5"
"snapshot_candidate","True","18258","Little Lord of Lies","Owner of the Baa'lial pet.","15268","Promotions","145974","0","133120","0"
"dragonflight_category_hidden","True","18259","Felwood Flyover Challenge: Bronze","Complete Kalimdor Felwood Flyover Challenge.","15462","Dragonriding","0","0","1048576","0"
"dragonflight_category_hidden","True","18260","Felwood Flyover Challenge: Silver","Get Silver ranked time for Kalimdor Felwood Flyover Challenge.","15462","Dragonriding","0","0","1048576","0"
"dragonflight_category_hidden","True","18261","Felwood Flyover Challenge: Gold","Get Gold ranked time for Kalimdor Felwood Flyover Challenge.","15462","Dragonriding","0","0","1048576","0"
"dragonflight_category_hidden","True","18262","Felwood Flyover Reverse Challenge: Bronze","Complete Kalimdor Felwood Flyover Reverse Challenge.","15462","Dragonriding","0","0","1048576","0"
"dragonflight_category_hidden","True","18263","Felwood Flyover Reverse Challenge: Silver","Get Silver ranked time for Kalimdor Felwood Flyover Reverse Challenge.","15462","Dragonriding","0","0","1048576","0"
"dragonflight_category_hidden","True","18264","Felwood Flyover Reverse Challenge: Gold","Get Gold ranked time for Kalimdor Felwood Flyover Reverse Challenge.","15462","Dragonriding","0","0","1048576","0"
"dragonflight_category_hidden","True","18265","Winter Wander Challenge: Bronze","Complete Kalimdor Winter Wander Challenge.","15462","Dragonriding","0","0","1048576","0"
"dragonflight_category_hidden","True","18266","Winter Wander Challenge: Silver","Get Silver ranked time for Kalimdor Winter Wander Challenge.","15462","Dragonriding","0","0","1048576","0"
"dragonflight_category_hidden","True","18267","Winter Wander Challenge: Gold","Get Gold ranked time for Kalimdor Winter Wander Challenge.","15462","Dragonriding","0","0","1048576","0"
"dragonflight_category_hidden","True","18268","Winter Wander Reverse Challenge: Bronze","Complete Kalimdor Winter Wander Reverse Challenge.","15462","Dragonriding","0","0","1048576","0"
"dragonflight_category_hidden","True","18269","Winter Wander Reverse Challenge: Silver","Get Silver ranked time for Kalimdor Winter Wander Reverse Challenge.","15462","Dragonriding","0","0","1048576","0"
"dragonflight_category_hidden","True","18270","Winter Wander Reverse Challenge: Gold","Get Gold ranked time for Kalimdor Winter Wander Reverse Challenge.","15462","Dragonriding","0","0","1048576","0"
"dragonflight_category_confirmed","True","18271","He'sSss All Mine","Acquire Salverun.","15465","Dragon Isles","145978","0","131072","15"
"dragonflight_category_hidden","True","18272","Nordrassil Spiral Challenge: Bronze","Complete Kalimdor Nordrassil Spiral Challenge.","15462","Dragonriding","0","0","1048576","0"
"dragonflight_category_hidden","True","18273","Nordrassil Spiral Challenge: Silver","Get Silver ranked time for Kalimdor Nordrassil Spiral Challenge.","15462","Dragonriding","0","0","1048576","0"
"dragonflight_category_hidden","True","18274","Nordrassil Spiral Challenge: Gold","Get Gold ranked time for Kalimdor Nordrassil Spiral Challenge.","15462","Dragonriding","0","0","1048576","0"
"dragonflight_category_hidden","True","18275","Nordrassil Spiral Reverse Challenge: Bronze","Complete Kalimdor Nordrassil Spiral Reverse Challenge.","15462","Dragonriding","0","0","1048576","0"
"dragonflight_category_hidden","True","18276","Nordrassil Spiral Reverse Challenge: Silver","Get Silver ranked time for Kalimdor Nordrassil Spiral Reverse Challenge.","15462","Dragonriding","0","0","1048576","0"
"dragonflight_category_hidden","True","18277","Nordrassil Spiral Reverse Challenge: Gold","Get Gold ranked time for Kalimdor Nordrassil Spiral Reverse Challenge.","15462","Dragonriding","0","0","1048576","0"
"dragonflight_category_hidden","True","18278","Hyjal Hotfoot Challenge: Bronze","Complete Kalimdor Hyjal Hotfoot Challenge.","15462","Dragonriding","0","0","1048576","0"
"dragonflight_category_hidden","True","18279","Hyjal Hotfoot Challenge: Silver","Get Silver ranked time for Kalimdor Hyjal Hotfoot Challenge.","15462","Dragonriding","0","0","1048576","0"
"dragonflight_category_hidden","True","18280","Hyjal Hotfoot Challenge: Gold","Get Gold ranked time for Kalimdor Hyjal Hotfoot Challenge.","15462","Dragonriding","0","0","1048576","0"
"dragonflight_category_hidden","True","18281","Hyjal Hotfoot Reverse Challenge: Bronze","Complete Kalimdor Hyjal Hotfoot Reverse Challenge.","15462","Dragonriding","0","0","1048576","0"
"dragonflight_category_hidden","True","18282","Hyjal Hotfoot Reverse Challenge: Silver","Get Silver ranked time for Kalimdor Hyjal Hotfoot Reverse Challenge.","15462","Dragonriding","0","0","1048576","0"
"dragonflight_category_hidden","True","18283","Hyjal Hotfoot Reverse Challenge: Gold","Get Gold ranked time for Kalimdor Hyjal Hotfoot Reverse Challenge.","15462","Dragonriding","0","0","1048576","0"
"dragonflight_category_confirmed","True","18284","A Niffen's Best Buddy","Complete the following Sniffenseek achievements.","15465","Dragon Isles","145982","0","0","10"
"dragonflight_category_hidden","True","18285","Rocketway Ride Challenge: Bronze","Complete Kalimdor Rocketway Ride Challenge.","15462","Dragonriding","0","0","1048576","0"
"dragonflight_category_hidden","True","18286","Rocketway Ride Challenge: Silver","Get Silver ranked time for Kalimdor Rocketway Ride Challenge.","15462","Dragonriding","0","0","1048576","0"
"dragonflight_category_hidden","True","18287","Rocketway Ride Challenge: Gold","Get Gold ranked time for Kalimdor Rocketway Ride Challenge.","15462","Dragonriding","0","0","1048576","0"
"dragonflight_category_hidden","True","18288","Rocketway Ride Reverse Challenge: Bronze","Complete Kalimdor Rocketway Ride Reverse Challenge.","15462","Dragonriding","0","0","1048576","0"
"dragonflight_category_hidden","True","18289","Rocketway Ride Reverse Challenge: Silver","Get Silver ranked time for Kalimdor Rocketway Ride Reverse Challenge.","15462","Dragonriding","0","0","1048576","0"
"dragonflight_category_hidden","True","18290","Rocketway Ride Reverse Challenge: Gold","Get Gold ranked time for Kalimdor Rocketway Ride Reverse Challenge.","15462","Dragonriding","0","0","1048576","0"
"dragonflight_category_hidden","True","18291","Ashenvale Ambit Challenge: Bronze","Complete Kalimdor Ashenvale Ambit Challenge.","15462","Dragonriding","0","0","1048576","0"
"dragonflight_category_hidden","True","18292","Ashenvale Ambit Challenge: Silver","Get Silver ranked time for Kalimdor Ashenvale Ambit Challenge.","15462","Dragonriding","0","0","1048576","0"
"dragonflight_category_hidden","True","18293","Ashenvale Ambit Challenge: Gold","Get Gold ranked time for Kalimdor Ashenvale Ambit Challenge.","15462","Dragonriding","0","0","1048576","0"
"dragonflight_category_hidden","True","18294","Ashenvale Ambit Reverse Challenge: Bronze","Complete Kalimdor Ashenvale Ambit Reverse Challenge.","15462","Dragonriding","0","0","1048576","0"
"dragonflight_category_hidden","True","18295","Ashenvale Ambit Reverse Challenge: Silver","Get Silver ranked time for Kalimdor Ashenvale Ambit Reverse Challenge.","15462","Dragonriding","0","0","1048576","0"
"dragonflight_category_hidden","True","18296","Ashenvale Ambit Reverse Challenge: Gold","Get Gold ranked time for Kalimdor Ashenvale Ambit Reverse Challenge.","15462","Dragonriding","0","0","1048576","0"
"dragonflight_category_hidden","True","18297","Durotar Tour Challenge: Bronze","Complete Kalimdor Durotar Tour Challenge.","15462","Dragonriding","0","0","1048576","0"
"dragonflight_category_hidden","True","18298","Durotar Tour Challenge: Silver","Get Silver ranked time for Kalimdor Durotar Tour Challenge.","15462","Dragonriding","0","0","1048576","0"
"dragonflight_category_hidden","True","18299","Durotar Tour Challenge: Gold","Get Gold ranked time for Kalimdor Durotar Tour Challenge.","15462","Dragonriding","0","0","1048576","0"
"dragonflight_category_hidden","True","18300","Durotar Tour Reverse Challenge: Bronze","Complete Kalimdor Durotar Tour Reverse Challenge.","15462","Dragonriding","0","0","1048576","0"
"dragonflight_category_hidden","True","18301","Durotar Tour Reverse Challenge: Silver","Get Silver ranked time for Kalimdor Durotar Tour Reverse Challenge.","15462","Dragonriding","0","0","1048576","0"
"dragonflight_category_hidden","True","18302","Durotar Tour Reverse Challenge: Gold","Get Gold ranked time for Kalimdor Durotar Tour Reverse Challenge.","15462","Dragonriding","0","0","1048576","0"
"dragonflight_category_hidden","True","18303","Webwinder Weave Challenge: Bronze","Complete Kalimdor Webwinder Weave Challenge.","15462","Dragonriding","0","0","1048576","0"
"dragonflight_category_hidden","True","18304","Webwinder Weave Challenge: Silver","Get Silver ranked time for Kalimdor Webwinder Weave Challenge.","15462","Dragonriding","0","0","1048576","0"
"dragonflight_category_hidden","True","18305","Webwinder Weave Challenge: Gold","Get Gold ranked time for Kalimdor Webwinder Weave Challenge.","15462","Dragonriding","0","0","1048576","0"
"dragonflight_category_hidden","True","18306","Webwinder Weave Reverse Challenge: Bronze","Complete Kalimdor Webwinder Weave Reverse Challenge.","15462","Dragonriding","0","0","1048576","0"
"dragonflight_category_hidden","True","18307","Webwinder Weave Reverse Challenge: Silver","Get Silver ranked time for Kalimdor Webwinder Weave Reverse Challenge.","15462","Dragonriding","0","0","1048576","0"
"dragonflight_category_hidden","True","18308","Webwinder Weave Reverse Challenge: Gold","Get Gold ranked time for Kalimdor Webwinder Weave Reverse Challenge.","15462","Dragonriding","0","0","1048576","0"
"dragonflight_category_hidden","True","18309","Desolace Drift Challenge: Bronze","Complete Kalimdor Desolace Drift Challenge.","15462","Dragonriding","0","0","1048576","0"
"dragonflight_category_hidden","True","18310","Desolace Drift Challenge: Silver","Get Silver ranked time for Kalimdor Desolace Drift Challenge.","15462","Dragonriding","0","0","1048576","0"
"dragonflight_category_hidden","True","18311","Desolace Drift Challenge: Gold","Get Gold ranked time for Kalimdor Desolace Drift Challenge.","15462","Dragonriding","0","0","1048576","0"
"dragonflight_category_hidden","True","18312","Desolace Drift Reverse Challenge: Bronze","Complete Kalimdor Desolace Drift Reverse Challenge.","15462","Dragonriding","0","0","1048576","0"
"dragonflight_category_hidden","True","18313","Desolace Drift Reverse Challenge: Silver","Get Silver ranked time for Kalimdor Desolace Drift Reverse Challenge.","15462","Dragonriding","0","0","1048576","0"
"dragonflight_category_hidden","True","18314","Desolace Drift Reverse Challenge: Gold","Get Gold ranked time for Kalimdor Desolace Drift Reverse Challenge.","15462","Dragonriding","0","0","1048576","0"
"dragonflight_category_hidden","True","18315","Great Divide Dive Challenge: Bronze","Complete Kalimdor Great Divide Dive Challenge.","15462","Dragonriding","0","0","1048576","0"
"dragonflight_category_hidden","True","18316","Great Divide Dive Challenge: Silver","Get Silver ranked time for Kalimdor Great Divide Dive Challenge.","15462","Dragonriding","0","0","1048576","0"
"dragonflight_category_hidden","True","18317","Great Divide Dive Challenge: Gold","Get Gold ranked time for Kalimdor Great Divide Dive Challenge.","15462","Dragonriding","0","0","1048576","0"
"dragonflight_category_hidden","True","18318","Great Divide Dive Reverse Challenge: Bronze","Complete Kalimdor Great Divide Dive Reverse Challenge.","15462","Dragonriding","0","0","1048576","0"
"dragonflight_category_hidden","True","18319","Great Divide Dive Reverse Challenge: Silver","Get Silver ranked time for Kalimdor Great Divide Dive Reverse Challenge.","15462","Dragonriding","0","0","1048576","0"
"dragonflight_category_hidden","True","18320","Great Divide Dive Reverse Challenge: Gold","Get Gold ranked time for Kalimdor Great Divide Dive Reverse Challenge.","15462","Dragonriding","0","0","1048576","0"
"dragonflight_category_hidden","True","18321","Razorfen Roundabout Challenge: Bronze","Complete Kalimdor Razorfen Roundabout Challenge.","15462","Dragonriding","0","0","1048576","0"
"dragonflight_category_hidden","True","18322","Razorfen Roundabout Challenge: Silver","Get Silver ranked time for Kalimdor Razorfen Roundabout Challenge.","15462","Dragonriding","0","0","1048576","0"
"dragonflight_category_hidden","True","18323","Razorfen Roundabout Challenge: Gold","Get Gold ranked time for Kalimdor Razorfen Roundabout Challenge.","15462","Dragonriding","0","0","1048576","0"
"dragonflight_category_hidden","True","18324","Razorfen Roundabout Reverse Challenge: Bronze","Complete Kalimdor Razorfen Roundabout Reverse Challenge.","15462","Dragonriding","0","0","1048576","0"
"dragonflight_category_hidden","True","18325","Razorfen Roundabout Reverse Challenge: Silver","Get Silver ranked time for Kalimdor Razorfen Roundabout Reverse Challenge.","15462","Dragonriding","0","0","1048576","0"
"dragonflight_category_hidden","True","18326","Razorfen Roundabout Reverse Challenge: Gold","Get Gold ranked time for Kalimdor Razorfen Roundabout Reverse Challenge.","15462","Dragonriding","0","0","1048576","0"
"dragonflight_category_hidden","True","18327","Thousand Needles Thread Challenge: Bronze","Complete Kalimdor Thousand Needles Thread Challenge.","15462","Dragonriding","0","0","1048576","0"
"dragonflight_category_hidden","True","18328","Thousand Needles Thread Challenge: Silver","Get Silver ranked time for Kalimdor Thousand Needles Thread Challenge.","15462","Dragonriding","0","0","1048576","0"
"dragonflight_category_hidden","True","18329","Thousand Needles Thread Challenge: Gold","Get Gold ranked time for Kalimdor Thousand Needles Thread Challenge.","15462","Dragonriding","0","0","1048576","0"
"dragonflight_category_hidden","True","18330","Thousand Needles Thread Reverse Challenge: Bronze","Complete Kalimdor Thousand Needles Thread Reverse Challenge.","15462","Dragonriding","0","0","1048576","0"
"dragonflight_category_hidden","True","18331","Thousand Needles Thread Reverse Challenge: Silver","Get Silver ranked time for Kalimdor Thousand Needles Thread Reverse Challenge.","15462","Dragonriding","0","0","1048576","0"
"dragonflight_category_hidden","True","18332","Thousand Needles Thread Reverse Challenge: Gold","Get Gold ranked time for Kalimdor Thousand Needles Thread Reverse Challenge.","15462","Dragonriding","0","0","1048576","0"
"dragonflight_category_hidden","True","18333","Feralas Ruins Ramble Challenge: Bronze","Complete Kalimdor Feralas Ruins Ramble Challenge.","15462","Dragonriding","0","0","1048576","0"
"dragonflight_category_hidden","True","18334","Feralas Ruins Ramble Challenge: Silver","Get Silver ranked time for Kalimdor Feralas Ruins Ramble Challenge.","15462","Dragonriding","0","0","1048576","0"
"dragonflight_category_hidden","True","18335","Feralas Ruins Ramble Challenge: Gold","Get Gold ranked time for Kalimdor Feralas Ruins Ramble Challenge.","15462","Dragonriding","0","0","1048576","0"
"dragonflight_category_hidden","True","18336","Feralas Ruins Ramble Reverse Challenge: Bronze","Complete Kalimdor Feralas Ruins Ramble Reverse Challenge.","15462","Dragonriding","0","0","1048576","0"
"dragonflight_category_hidden","True","18337","Feralas Ruins Ramble Reverse Challenge: Silver","Get Silver ranked time for Kalimdor Feralas Ruins Ramble Reverse Challenge.","15462","Dragonriding","0","0","1048576","0"
"dragonflight_category_hidden","True","18338","Feralas Ruins Ramble Reverse Challenge: Gold","Get Gold ranked time for Kalimdor Feralas Ruins Ramble Reverse Challenge.","15462","Dragonriding","0","0","1048576","0"
"dragonflight_category_hidden","True","18339","Ahn'Qiraj Circuit Challenge: Bronze","Complete Kalimdor Ahn'Qiraj Circuit Challenge.","15462","Dragonriding","0","0","1048576","0"
"dragonflight_category_hidden","True","18340","Ahn'Qiraj Circuit Challenge: Silver","Get Silver ranked time for Kalimdor Ahn'Qiraj Circuit Challenge.","15462","Dragonriding","0","0","1048576","0"
"dragonflight_category_hidden","True","18341","Ahn'Qiraj Circuit Challenge: Gold","Get Gold ranked time for Kalimdor Ahn'Qiraj Circuit Challenge.","15462","Dragonriding","0","0","1048576","0"
"dragonflight_category_hidden","True","18342","Ahn'Qiraj Circuit Reverse Challenge: Bronze","Complete Kalimdor Ahn'Qiraj Circuit Reverse Challenge.","15462","Dragonriding","0","0","1048576","0"
"dragonflight_category_hidden","True","18343","Ahn'Qiraj Circuit Reverse Challenge: Silver","Get Silver ranked time for Kalimdor Ahn'Qiraj Circuit Reverse Challenge.","15462","Dragonriding","0","0","1048576","0"
"dragonflight_category_hidden","True","18344","Ahn'Qiraj Circuit Reverse Challenge: Gold","Get Gold ranked time for Kalimdor Ahn'Qiraj Circuit Reverse Challenge.","15462","Dragonriding","0","0","1048576","0"
"dragonflight_category_hidden","True","18345","Uldum Tour Challenge: Bronze","Complete Kalimdor Uldum Tour Challenge.","15462","Dragonriding","0","0","1048576","0"
"dragonflight_category_hidden","True","18346","Uldum Tour Challenge: Silver","Get Silver ranked time for Kalimdor Uldum Tour Challenge.","15462","Dragonriding","0","0","1048576","0"
"dragonflight_category_hidden","True","18347","Uldum Tour Challenge: Gold","Get Gold ranked time for Kalimdor Uldum Tour Challenge.","15462","Dragonriding","0","0","1048576","0"
"dragonflight_category_hidden","True","18348","Uldum Tour Reverse Challenge: Bronze","Complete Kalimdor Uldum Tour Reverse Challenge.","15462","Dragonriding","0","0","1048576","0"
"dragonflight_category_hidden","True","18349","Uldum Tour Reverse Challenge: Silver","Get Silver ranked time for Kalimdor Uldum Tour Reverse Challenge.","15462","Dragonriding","0","0","1048576","0"
"dragonflight_category_hidden","True","18350","Uldum Tour Reverse Challenge: Gold","Get Gold ranked time for Kalimdor Uldum Tour Reverse Challenge.","15462","Dragonriding","0","0","1048576","0"
"dragonflight_category_hidden","True","18351","Un'Goro Crater Circuit Challenge: Bronze","Complete Kalimdor Un'Goro Crater Circuit Challenge.","15462","Dragonriding","0","0","1048576","0"
"dragonflight_category_hidden","True","18352","Un'Goro Crater Circuit Challenge: Silver","Get Silver ranked time for Kalimdor Un'Goro Crater Circuit Challenge.","15462","Dragonriding","0","0","1048576","0"
"dragonflight_category_hidden","True","18353","Un'Goro Crater Circuit Challenge: Gold","Get Gold ranked time for Kalimdor Un'Goro Crater Circuit Challenge.","15462","Dragonriding","0","0","1048576","0"
"dragonflight_category_hidden","True","18354","Un'Goro Crater Circuit Reverse Challenge: Bronze","Complete Kalimdor Un'Goro Crater Circuit Reverse Challenge.","15462","Dragonriding","0","0","1048576","0"
"dragonflight_category_hidden","True","18355","Un'Goro Crater Circuit Reverse Challenge: Silver","Get Silver ranked time for Kalimdor Un'Goro Crater Circuit Reverse Challenge.","15462","Dragonriding","0","0","1048576","0"
"dragonflight_category_hidden","True","18356","Un'Goro Crater Circuit Reverse Challenge: Gold","Get Gold ranked time for Kalimdor Un'Goro Crater Circuit Reverse Challenge.","15462","Dragonriding","0","0","1048576","0"
"dragonflight_category_hidden","True","18359","<Hidden> Account has completed 10.1 Upgrade System tutorial quests","","15455","Dragonflight","146132","0","3276804","0"
"snapshot_candidate","True","18360","Tricks and Treats of the Dragon Isles","Visit the Candy Buckets in the Dragon Isles zones.","158","Hallow's End","146138","0","0","10"
"dragonflight_category_confirmed","True","18361","To All the Squirrels Burrowed Beneath","The critters of Zaralek Cavern avoid the light of the sun, but not the light of your /love.","15465","Dragon Isles","146197","0","0","10"
"internal_dnt","True","18365","[Hidden] [DO NOT USE] Draconically Superior","Equip a Superior or better item, with a minimum item level of 346, in every slot.","15446","Character","0","0","1048576","0"
"internal_dnt","True","18366","[Hidden] [DO NOT USE] Draconically Epic","Equip an Epic or better item, with a minimum item level of 372, in every slot.","15446","Character","0","0","1048576","0"
"snapshot_candidate","True","18368","Memory of Scholomance","Perform a ritual with Eva's Journal.","14777","Eastern Kingdoms","146348","0","131072","10"
"snapshot_candidate","True","18372","Wards of the Dread Citadel","Empower your Argent Dawn Commission.","14777","Eastern Kingdoms","146392","0","131072","10"
"snapshot_candidate","True","18380","Dragonflight Season 2 Hero","Complete one of the achievements listed below.","81","Feats of Strength","146413","0","131072","0"
"dragonflight_category_hidden","True","18381","<Hidden> Account has completed Alliance NPE Quest","","15455","Dragonflight","146419","0","3276804","0"
"dragonflight_category_hidden","True","18382","<Hidden> Account has completed Horde NPE Quest","","15455","Dragonflight","146421","0","3276804","0"
"snapshot_candidate","True","18383","Hey Nanny Nanny","Tend to the needs of five newly hatched whelplings at Little Scales Daycare.","15118","Collect","146423","0","0","10"
"snapshot_candidate","True","18384","Whelp, There It Is","Help care for whelplings at Little Scales Daycare by completing the following quests.","15118","Collect","146429","205165","0","10"
"dragonflight_category_hidden","True","18390","<Hidden> 10.1.5 Warlock Expansion - Mail Quest Push - Alliance (NJS)","","15455","Dragonflight","146495","208226","9437188","0"
"dragonflight_category_hidden","True","18392","<Hidden> 10.1.5 Warlock Expansion - Mail Quest Push - Horde (NJS)","","15455","Dragonflight","146512","208227","9437188","0"
"dragonflight_category_hidden","True","18394","<Hidden> Deleted","","15455","Dragonflight","146517","0","3276804","0"
"dragonflight_category_hidden","True","18396","<Hidden> 10.1.5 Warlock Expansion - Mail Quest Push - Oman's Letter (NJS)","","15455","Dragonflight","146555","206681","9437188","0"
"dragonflight_category_hidden","True","18399","Gilneas Gambit: Bronze","Complete Eastern Kingdoms Gilneas Gambit.","15462","Dragonriding","0","0","1048576","0"
"dragonflight_category_hidden","True","18400","Gilneas Gambit: Silver","Get Silver ranked time for Eastern Kingdoms Gilneas Gambit.","15462","Dragonriding","0","0","1048576","0"
"dragonflight_category_hidden","True","18401","Gilneas Gambit: Gold","Get Gold ranked time for Eastern Kingdoms Gilneas Gambit.","15462","Dragonriding","0","0","1048576","0"
"dragonflight_category_hidden","True","18402","Gilneas Gambit Advanced: Bronze","Complete Eastern Kingdoms Gilneas Gambit Advanced.","15462","Dragonriding","0","0","1048576","0"
"dragonflight_category_hidden","True","18403","Gilneas Gambit Advanced: Silver","Get Silver ranked time for Eastern Kingdoms Gilneas Gambit Advanced.","15462","Dragonriding","0","0","1048576","0"
"dragonflight_category_hidden","True","18404","Gilneas Gambit Advanced: Gold","Get Gold ranked time for Eastern Kingdoms Gilneas Gambit Advanced.","15462","Dragonriding","0","0","1048576","0"
"dragonflight_category_hidden","True","18405","Gilneas Gambit Reverse: Bronze","Complete Eastern Kingdoms Gilneas Gambit Reverse.","15462","Dragonriding","0","0","1048576","0"
"dragonflight_category_hidden","True","18406","Gilneas Gambit Reverse: Silver","Get Silver ranked time for Eastern Kingdoms Gilneas Gambit Reverse.","15462","Dragonriding","0","0","1048576","0"
"dragonflight_category_hidden","True","18407","Gilneas Gambit Reverse: Gold","Get Gold ranked time for Eastern Kingdoms Gilneas Gambit Reverse.","15462","Dragonriding","0","0","1048576","0"
"dragonflight_category_hidden","True","18408","Loch Modan Loop: Bronze","Complete Eastern Kingdoms Loch Modan Loop.","15462","Dragonriding","0","0","1048576","0"
"dragonflight_category_hidden","True","18409","Loch Modan Loop: Silver","Get Silver ranked time for Eastern Kingdoms Loch Modan Loop.","15462","Dragonriding","0","0","1048576","0"
"dragonflight_category_hidden","True","18410","Loch Modan Loop: Gold","Get Gold ranked time for Eastern Kingdoms Loch Modan Loop.","15462","Dragonriding","0","0","1048576","0"
"dragonflight_category_hidden","True","18411","Loch Modan Loop Advanced: Bronze","Complete Eastern Kingdoms Loch Modan Loop Advanced.","15462","Dragonriding","0","0","1048576","0"
"dragonflight_category_hidden","True","18412","Loch Modan Loop Advanced: Silver","Get Silver ranked time for Eastern Kingdoms Loch Modan Loop Advanced.","15462","Dragonriding","0","0","1048576","0"
"dragonflight_category_hidden","True","18413","Loch Modan Loop Advanced: Gold","Get Gold ranked time for Eastern Kingdoms Loch Modan Loop Advanced.","15462","Dragonriding","0","0","1048576","0"
"dragonflight_category_hidden","True","18414","Loch Modan Loop Reverse: Bronze","Complete Eastern Kingdoms Loch Modan Loop Reverse.","15462","Dragonriding","0","0","1048576","0"
"dragonflight_category_hidden","True","18415","Loch Modan Loop Reverse: Silver","Get Silver ranked time for Eastern Kingdoms Loch Modan Loop Reverse.","15462","Dragonriding","0","0","1048576","0"
"dragonflight_category_hidden","True","18416","Loch Modan Loop Reverse: Gold","Get Gold ranked time for Eastern Kingdoms Loch Modan Loop Reverse.","15462","Dragonriding","0","0","1048576","0"
"dragonflight_category_hidden","True","18417","Searing Slalom: Bronze","Complete Eastern Kingdoms Searing Slalom.","15462","Dragonriding","0","0","1048576","0"
"dragonflight_category_hidden","True","18418","Searing Slalom: Silver","Get Silver ranked time for Eastern Kingdoms Searing Slalom.","15462","Dragonriding","0","0","1048576","0"
"dragonflight_category_hidden","True","18419","Searing Slalom: Gold","Get Gold ranked time for Eastern Kingdoms Searing Slalom.","15462","Dragonriding","0","0","1048576","0"
"dragonflight_category_hidden","True","18420","Searing Slalom Advanced: Bronze","Complete Eastern Kingdoms Searing Slalom Advanced.","15462","Dragonriding","0","0","1048576","0"
"dragonflight_category_hidden","True","18421","Searing Slalom Advanced: Silver","Get Silver ranked time for Eastern Kingdoms Searing Slalom Advanced.","15462","Dragonriding","0","0","1048576","0"
"dragonflight_category_hidden","True","18422","Searing Slalom Advanced: Gold","Get Gold ranked time for Eastern Kingdoms Searing Slalom Advanced.","15462","Dragonriding","0","0","1048576","0"
"dragonflight_category_hidden","True","18423","Searing Slalom Reverse: Bronze","Complete Eastern Kingdoms Searing Slalom Reverse.","15462","Dragonriding","0","0","1048576","0"
"dragonflight_category_hidden","True","18424","Searing Slalom Reverse: Silver","Get Silver ranked time for Eastern Kingdoms Searing Slalom Reverse.","15462","Dragonriding","0","0","1048576","0"
"dragonflight_category_hidden","True","18425","Searing Slalom Reverse: Gold","Get Gold ranked time for Eastern Kingdoms Searing Slalom Reverse.","15462","Dragonriding","0","0","1048576","0"
"dragonflight_category_hidden","True","18426","Twilight Terror: Bronze","Complete Eastern Kingdoms Twilight Terror.","15462","Dragonriding","0","0","1048576","0"
"dragonflight_category_hidden","True","18427","Twilight Terror: Silver","Get Silver ranked time for Eastern Kingdoms Twilight Terror.","15462","Dragonriding","0","0","1048576","0"
"dragonflight_category_hidden","True","18428","Twilight Terror: Gold","Get Gold ranked time for Eastern Kingdoms Twilight Terror.","15462","Dragonriding","0","0","1048576","0"
"dragonflight_category_hidden","True","18429","Twilight Terror Advanced: Bronze","Complete Eastern Kingdoms Twilight Terror Advanced.","15462","Dragonriding","0","0","1048576","0"
"dragonflight_category_hidden","True","18430","Twilight Terror Advanced: Silver","Get Silver ranked time for Eastern Kingdoms Twilight Terror Advanced.","15462","Dragonriding","0","0","1048576","0"
"dragonflight_category_hidden","True","18431","Twilight Terror Advanced: Gold","Get Gold ranked time for Eastern Kingdoms Twilight Terror Advanced.","15462","Dragonriding","0","0","1048576","0"
"dragonflight_category_hidden","True","18432","Twilight Terror Reverse: Bronze","Complete Eastern Kingdoms Twilight Terror Reverse.","15462","Dragonriding","0","0","1048576","0"
"dragonflight_category_hidden","True","18433","Twilight Terror Reverse: Silver","Get Silver ranked time for Eastern Kingdoms Twilight Terror Reverse.","15462","Dragonriding","0","0","1048576","0"
"dragonflight_category_hidden","True","18434","Twilight Terror Reverse: Gold","Get Gold ranked time for Eastern Kingdoms Twilight Terror Reverse.","15462","Dragonriding","0","0","1048576","0"
"dragonflight_category_hidden","True","18435","Deadwind Derby: Bronze","Complete Eastern Kingdoms Deadwind Derby.","15462","Dragonriding","0","0","1048576","0"
"dragonflight_category_hidden","True","18436","Deadwind Derby: Silver","Get Silver ranked time for Eastern Kingdoms Deadwind Derby.","15462","Dragonriding","0","0","1048576","0"
"dragonflight_category_hidden","True","18437","Deadwind Derby: Gold","Get Gold ranked time for Eastern Kingdoms Deadwind Derby.","15462","Dragonriding","0","0","1048576","0"
"dragonflight_category_hidden","True","18438","Deadwind Derby Advanced: Bronze","Complete Eastern Kingdoms Deadwind Derby Advanced.","15462","Dragonriding","0","0","1048576","0"
"dragonflight_category_hidden","True","18439","Deadwind Derby Advanced: Silver","Get Silver ranked time for Eastern Kingdoms Deadwind Derby Advanced.","15462","Dragonriding","0","0","1048576","0"
"dragonflight_category_hidden","True","18440","Deadwind Derby Advanced: Gold","Get Gold ranked time for Eastern Kingdoms Deadwind Derby Advanced.","15462","Dragonriding","0","0","1048576","0"
"dragonflight_category_hidden","True","18441","Deadwind Derby Reverse: Bronze","Complete Eastern Kingdoms Deadwind Derby Reverse.","15462","Dragonriding","0","0","1048576","0"
"dragonflight_category_hidden","True","18442","Deadwind Derby Reverse: Silver","Get Silver ranked time for Eastern Kingdoms Deadwind Derby Reverse.","15462","Dragonriding","0","0","1048576","0"
"dragonflight_category_hidden","True","18443","Deadwind Derby Reverse: Gold","Get Gold ranked time for Eastern Kingdoms Deadwind Derby Reverse.","15462","Dragonriding","0","0","1048576","0"
"dragonflight_category_hidden","True","18444","Elwynn Forest Flash: Bronze","Complete Eastern Kingdoms Elwynn Forest Flash.","15462","Dragonriding","0","0","1048576","0"
"dragonflight_category_hidden","True","18445","Elwynn Forest Flash: Silver","Get Silver ranked time for Eastern Kingdoms Elwynn Forest Flash.","15462","Dragonriding","0","0","1048576","0"
"dragonflight_category_hidden","True","18446","Elwynn Forest Flash: Gold","Get Gold ranked time for Eastern Kingdoms Elwynn Forest Flash.","15462","Dragonriding","0","0","1048576","0"
"dragonflight_category_hidden","True","18447","Elwynn Forest Flash Advanced: Bronze","Complete Eastern Kingdoms Deadwind Elwynn Forest Flash Advanced.","15462","Dragonriding","0","0","1048576","0"
"dragonflight_category_hidden","True","18448","Elwynn Forest Flash Advanced: Silver","Get Silver ranked time for Eastern Kingdoms Elwynn Forest Flash Advanced.","15462","Dragonriding","0","0","1048576","0"
"dragonflight_category_hidden","True","18449","Elwynn Forest Flash Advanced: Gold","Get Gold ranked time for Eastern Kingdoms Elwynn Forest Flash Advanced.","15462","Dragonriding","0","0","1048576","0"
"dragonflight_category_hidden","True","18450","Elwynn Forest Flash Reverse: Bronze","Complete Eastern Kingdoms Elwynn Forest Flash Reverse.","15462","Dragonriding","0","0","1048576","0"
"dragonflight_category_hidden","True","18451","Elwynn Forest Flash Reverse: Silver","Get Silver ranked time for Eastern Kingdoms Elwynn Forest Flash Reverse.","15462","Dragonriding","0","0","1048576","0"
"dragonflight_category_hidden","True","18452","Elwynn Forest Flash Reverse: Gold","Get Gold ranked time for Eastern Kingdoms Elwynn Forest Flash Reverse.","15462","Dragonriding","0","0","1048576","0"
"dragonflight_category_hidden","True","18453","Gurubashi Gala: Bronze","Complete Eastern Kingdoms Gurubashi Gala.","15462","Dragonriding","0","0","1048576","0"
"dragonflight_category_hidden","True","18454","Gurubashi Gala: Silver","Get Silver ranked time for Eastern Kingdoms Gurubashi Gala.","15462","Dragonriding","0","0","1048576","0"
"dragonflight_category_hidden","True","18455","Gurubashi Gala: Gold","Get Gold ranked time for Eastern Kingdoms Gurubashi Gala.","15462","Dragonriding","0","0","1048576","0"
"dragonflight_category_hidden","True","18456","Gurubashi Gala Advanced: Bronze","Complete Eastern Kingdoms Deadwind Gurubashi Gala Advanced.","15462","Dragonriding","0","0","1048576","0"
"dragonflight_category_hidden","True","18457","Gurubashi Gala Advanced: Silver","Get Silver ranked time for Eastern Kingdoms Gurubashi Gala Advanced.","15462","Dragonriding","0","0","1048576","0"
"dragonflight_category_hidden","True","18458","Gurubashi Gala Advanced: Gold","Get Gold ranked time for Eastern Kingdoms Gurubashi Gala Advanced.","15462","Dragonriding","0","0","1048576","0"
"dragonflight_category_hidden","True","18459","Gurubashi Gala Reverse: Bronze","Complete Eastern Kingdoms Gurubashi Gala Reverse.","15462","Dragonriding","0","0","1048576","0"
"dragonflight_category_hidden","True","18460","Gurubashi Gala Reverse: Silver","Get Silver ranked time for Eastern Kingdoms Gurubashi Gala Reverse.","15462","Dragonriding","0","0","1048576","0"
"dragonflight_category_hidden","True","18461","Gurubashi Gala Reverse: Gold","Get Gold ranked time for Eastern Kingdoms Gurubashi Gala Reverse.","15462","Dragonriding","0","0","1048576","0"
"dragonflight_category_hidden","True","18462","Ironforge Interceptor: Bronze","Complete Eastern Kingdoms Ironforge Interceptor.","15462","Dragonriding","0","0","1048576","0"
"dragonflight_category_hidden","True","18463","Ironforge Interceptor: Silver","Get Silver ranked time for Eastern Kingdoms Ironforge Interceptor.","15462","Dragonriding","0","0","1048576","0"
"dragonflight_category_hidden","True","18464","Ironforge Interceptor: Gold","Get Gold ranked time for Eastern Kingdoms Ironforge Interceptor.","15462","Dragonriding","0","0","1048576","0"
"dragonflight_category_hidden","True","18465","Ironforge Interceptor Advanced: Bronze","Complete Eastern Kingdoms Deadwind Ironforge Interceptor Advanced.","15462","Dragonriding","0","0","1048576","0"
"dragonflight_category_hidden","True","18466","Ironforge Interceptor Advanced: Silver","Get Silver ranked time for Eastern Kingdoms Ironforge Interceptor Advanced.","15462","Dragonriding","0","0","1048576","0"
"dragonflight_category_hidden","True","18467","Ironforge Interceptor Advanced: Gold","Get Gold ranked time for Eastern Kingdoms Ironforge Interceptor Advanced.","15462","Dragonriding","0","0","1048576","0"
"dragonflight_category_hidden","True","18468","Ironforge Interceptor Reverse: Bronze","Complete Eastern Kingdoms Ironforge Interceptor Reverse.","15462","Dragonriding","0","0","1048576","0"
"dragonflight_category_hidden","True","18469","Ironforge Interceptor Reverse: Silver","Get Silver ranked time for Eastern Kingdoms Ironforge Interceptor Reverse.","15462","Dragonriding","0","0","1048576","0"
"dragonflight_category_hidden","True","18470","Ironforge Interceptor Reverse: Gold","Get Gold ranked time for Eastern Kingdoms Ironforge Interceptor Reverse.","15462","Dragonriding","0","0","1048576","0"
"snapshot_candidate","True","18471","110 Exalted Reputations","Raise 110 reputations to Exalted.","201","Reputation","146569","0","143488","20"
"dragonflight_category_hidden","True","18474","Blasted Lands Bolt: Bronze","Complete Eastern Kingdoms Blasted Lands Bolt.","15462","Dragonriding","0","0","1048576","0"
"dragonflight_category_hidden","True","18475","Blasted Lands Bolt: Silver","Get Silver ranked time for Eastern Kingdoms Blasted Lands Bolt.","15462","Dragonriding","0","0","1048576","0"
"dragonflight_category_hidden","True","18476","Blasted Lands Bolt: Gold","Get Gold ranked time for Eastern Kingdoms Blasted Lands Bolt.","15462","Dragonriding","0","0","1048576","0"
"dragonflight_category_hidden","True","18477","Blasted Lands Bolt Advanced: Bronze","Complete Eastern Kingdoms Deadwind Blasted Lands Bolt Advanced.","15462","Dragonriding","0","0","1048576","0"
"dragonflight_category_hidden","True","18478","Blasted Lands Bolt Advanced: Silver","Get Silver ranked time for Eastern Kingdoms Blasted Lands Bolt Advanced.","15462","Dragonriding","0","0","1048576","0"
"dragonflight_category_hidden","True","18479","Blasted Lands Bolt Advanced: Gold","Get Gold ranked time for Eastern Kingdoms Blasted Lands Bolt Advanced.","15462","Dragonriding","0","0","1048576","0"
"dragonflight_category_hidden","True","18480","Blasted Lands Bolt Reverse: Bronze","Complete Eastern Kingdoms Blasted Lands Bolt Reverse.","15462","Dragonriding","0","0","1048576","0"
"dragonflight_category_hidden","True","18481","Blasted Lands Bolt Reverse: Silver","Get Silver ranked time for Eastern Kingdoms Blasted Lands Bolt Reverse.","15462","Dragonriding","0","0","1048576","0"
"dragonflight_category_hidden","True","18482","Blasted Lands Bolt Reverse: Gold","Get Gold ranked time for Eastern Kingdoms Blasted Lands Bolt Reverse.","15462","Dragonriding","0","0","1048576","0"
"dragonflight_category_hidden","True","18483","Plaguelands Plunge: Bronze","Complete Eastern Kingdoms Plaguelands Plunge.","15462","Dragonriding","0","0","1048576","0"
"dragonflight_category_hidden","True","18484","Plaguelands Plunge: Silver","Get Silver ranked time for Eastern Kingdoms Plaguelands Plunge.","15462","Dragonriding","0","0","1048576","0"
"dragonflight_category_hidden","True","18485","Plaguelands Plunge: Gold","Get Gold ranked time for Eastern Kingdoms Plaguelands Plunge.","15462","Dragonriding","0","0","1048576","0"
"dragonflight_category_hidden","True","18486","Plaguelands Plunge Advanced: Bronze","Complete Eastern Kingdoms Deadwind Plaguelands Plunge Advanced.","15462","Dragonriding","0","0","1048576","0"
"dragonflight_category_hidden","True","18487","Plaguelands Plunge Advanced: Silver","Get Silver ranked time for Eastern Kingdoms Plaguelands Plunge Advanced.","15462","Dragonriding","0","0","1048576","0"
"dragonflight_category_hidden","True","18488","Plaguelands Plunge Advanced: Gold","Get Gold ranked time for Eastern Kingdoms Plaguelands Plunge Advanced.","15462","Dragonriding","0","0","1048576","0"
"dragonflight_category_hidden","True","18489","Plaguelands Plunge Reverse: Bronze","Complete Eastern Kingdoms Plaguelands Plunge Reverse.","15462","Dragonriding","0","0","1048576","0"
"dragonflight_category_hidden","True","18490","Plaguelands Plunge Reverse: Silver","Get Silver ranked time for Eastern Kingdoms Plaguelands Plunge Reverse.","15462","Dragonriding","0","0","1048576","0"
"dragonflight_category_hidden","True","18491","Plaguelands Plunge Reverse: Gold","Get Gold ranked time for Eastern Kingdoms Plaguelands Plunge Reverse.","15462","Dragonriding","0","0","1048576","0"
"dragonflight_category_hidden","True","18498","Booty Bay Blast: Bronze","Complete Eastern Kingdoms Booty Bay Blast.","15462","Dragonriding","0","0","1048576","0"
"dragonflight_category_hidden","True","18499","Booty Bay Blast: Silver","Get Silver ranked time for Eastern Kingdoms Booty Bay Blast.","15462","Dragonriding","0","0","1048576","0"
"dragonflight_category_hidden","True","18500","Booty Bay Blast: Gold","Get Gold ranked time for Eastern Kingdoms Booty Bay Blast.","15462","Dragonriding","0","0","1048576","0"
"dragonflight_category_hidden","True","18501","Booty Bay Blast Advanced: Bronze","Complete Eastern Kingdoms Booty Bay Blast Advanced.","15462","Dragonriding","0","0","1048576","0"
"dragonflight_category_hidden","True","18502","Booty Bay Blast Advanced: Silver","Get Silver ranked time for Eastern Kingdoms Booty Bay Blast Advanced.","15462","Dragonriding","0","0","1048576","0"
"dragonflight_category_hidden","True","18503","Booty Bay Blast Advanced: Gold","Get Gold ranked time for Eastern Kingdoms Booty Bay Blast Advanced.","15462","Dragonriding","0","0","1048576","0"
"dragonflight_category_hidden","True","18504","Booty Bay Blast Reverse: Bronze","Complete Eastern Kingdoms Booty Bay Blast Reverse.","15462","Dragonriding","0","0","1048576","0"
"dragonflight_category_hidden","True","18505","Booty Bay Blast Reverse: Silver","Get Silver ranked time for Eastern Kingdoms Booty Bay Blast Reverse.","15462","Dragonriding","0","0","1048576","0"
"dragonflight_category_hidden","True","18506","Booty Bay Blast Reverse: Gold","Get Gold ranked time for Eastern Kingdoms Booty Bay Blast Reverse.","15462","Dragonriding","0","0","1048576","0"
"dragonflight_category_hidden","True","18507","<Hidden> Completed Legion based Tasks","","15455","Dragonflight","146961","0","3145732","0"
"dragonflight_category_hidden","True","18509","<Hidden> Completed Robot based Tasks","","15455","Dragonflight","146980","0","3145732","0"
"dragonflight_category_hidden","True","18510","Fuselight Night Flight: Bronze","Complete Eastern Kingdoms Fuselight Night Flight.","15462","Dragonriding","0","0","1048576","0"
"dragonflight_category_hidden","True","18511","Fuselight Night Flight: Silver","Get Silver ranked time for Eastern Kingdoms Fuselight Night Flight.","15462","Dragonriding","0","0","1048576","0"
"dragonflight_category_hidden","True","18512","Fuselight Night Flight: Gold","Get Gold ranked time for Eastern Kingdoms Fuselight Night Flight.","15462","Dragonriding","0","0","1048576","0"
"dragonflight_category_hidden","True","18513","Fuselight Night Flight Advanced: Bronze","Complete Eastern Kingdoms Fuselight Night Flight Advanced.","15462","Dragonriding","0","0","1048576","0"
"dragonflight_category_hidden","True","18514","Fuselight Night Flight Advanced: Silver","Get Silver ranked time for Eastern Kingdoms Fuselight Night Flight Advanced.","15462","Dragonriding","0","0","1048576","0"
"dragonflight_category_hidden","True","18515","Fuselight Night Flight Advanced: Gold","Get Gold ranked time for Eastern Kingdoms Fuselight Night Flight Advanced.","15462","Dragonriding","0","0","1048576","0"
"dragonflight_category_hidden","True","18516","Fuselight Night Flight Reverse: Bronze","Complete Eastern Kingdoms Fuselight Night Flight Reverse.","15462","Dragonriding","0","0","1048576","0"
"dragonflight_category_hidden","True","18517","Fuselight Night Flight Reverse: Silver","Get Silver ranked time for Eastern Kingdoms Fuselight Night Flight Reverse.","15462","Dragonriding","0","0","1048576","0"
"dragonflight_category_hidden","True","18518","Fuselight Night Flight Reverse: Gold","Get Gold ranked time for Eastern Kingdoms Fuselight Night Flight Reverse.","15462","Dragonriding","0","0","1048576","0"
"dragonflight_category_hidden","True","18519","Krazzworks Klash: Bronze","Complete Eastern Kingdoms Krazzworks Klash.","15462","Dragonriding","0","0","1048576","0"
"dragonflight_category_hidden","True","18520","Krazzworks Klash: Silver","Get Silver ranked time for Eastern Kingdoms Krazzworks Klash.","15462","Dragonriding","0","0","1048576","0"
"dragonflight_category_hidden","True","18521","Krazzworks Klash: Gold","Get Gold ranked time for Eastern Kingdoms Krazzworks Klash.","15462","Dragonriding","0","0","1048576","0"
"dragonflight_category_hidden","True","18522","Krazzworks Klash Advanced: Bronze","Complete Eastern Kingdoms Krazzworks Klash Advanced.","15462","Dragonriding","0","0","1048576","0"
"dragonflight_category_hidden","True","18523","Krazzworks Klash Advanced: Silver","Get Silver ranked time for Eastern Kingdoms Krazzworks Klash Advanced.","15462","Dragonriding","0","0","1048576","0"
"dragonflight_category_hidden","True","18524","Krazzworks Klash Advanced: Gold","Get Gold ranked time for Eastern Kingdoms Krazzworks Klash Advanced.","15462","Dragonriding","0","0","1048576","0"
"dragonflight_category_hidden","True","18525","Krazzworks Klash Reverse: Bronze","Complete Eastern Kingdoms Krazzworks Klash Reverse.","15462","Dragonriding","0","0","1048576","0"
"dragonflight_category_hidden","True","18526","Krazzworks Klash Reverse: Silver","Get Silver ranked time for Eastern Kingdoms Krazzworks Klash Reverse.","15462","Dragonriding","0","0","1048576","0"
"dragonflight_category_hidden","True","18527","Krazzworks Klash Reverse: Gold","Get Gold ranked time for Eastern Kingdoms Krazzworks Klash Reverse.","15462","Dragonriding","0","0","1048576","0"
"dragonflight_category_hidden","True","18528","Redridge Rally: Bronze","Complete Eastern Kingdoms Redridge Rally.","15462","Dragonriding","0","0","1048576","0"
"dragonflight_category_hidden","True","18529","Redridge Rally: Silver","Get Silver ranked time for Eastern Kingdoms Redridge Rally.","15462","Dragonriding","0","0","1048576","0"
"dragonflight_category_hidden","True","18530","Redridge Rally: Gold","Get Gold ranked time for Eastern Kingdoms Redridge Rally.","15462","Dragonriding","0","0","1048576","0"
"dragonflight_category_hidden","True","18531","Redridge Rally Advanced: Bronze","Complete Eastern Kingdoms Redridge Rally Advanced.","15462","Dragonriding","0","0","1048576","0"
"dragonflight_category_hidden","True","18532","Redridge Rally Advanced: Silver","Get Silver ranked time for Eastern Kingdoms Redridge Rally Advanced.","15462","Dragonriding","0","0","1048576","0"
"dragonflight_category_hidden","True","18533","Redridge Rally Advanced: Gold","Get Gold ranked time for Eastern Kingdoms Redridge Rally Advanced.","15462","Dragonriding","0","0","1048576","0"
"dragonflight_category_hidden","True","18534","Redridge Rally Reverse: Bronze","Complete Eastern Kingdoms Redridge Rally Reverse.","15462","Dragonriding","0","0","1048576","0"
"dragonflight_category_hidden","True","18535","Redridge Rally Reverse: Silver","Get Silver ranked time for Eastern Kingdoms Redridge Rally Reverse.","15462","Dragonriding","0","0","1048576","0"
"dragonflight_category_hidden","True","18536","Redridge Rally Reverse: Gold","Get Gold ranked time for Eastern Kingdoms Redridge Rally Reverse.","15462","Dragonriding","0","0","1048576","0"
"dragonflight_category_confirmed","True","18539","Back En-masse","Defeat Tyr, the Infinite Keeper after closing 18 Time Rifts in Dawn of the Infinite on Mythic difficulty.","15467","Dragonflight Dungeon","147085","0","0","10"
"snapshot_candidate","True","18542","Dragonflight Keystone Master: Season Two","Attain a Mythic+ Rating of at least 2000 during Dragonflight Season Two.","15272","Dungeons","147088","0","2048","0"
"dragonflight_category_hidden","True","18543","<Hidden> Completed HvA based Tasks","","15455","Dragonflight","147091","0","3145732","0"
"dragonflight_category_confirmed","True","18554","Temporal Acquisitions Specialist","Find a variety of items while completing Time Rifts.","15465","Dragon Isles","147129","0","131072","15"
"dragonflight_category_hidden","True","18555","<Hidden> Completed Murloc based Tasks","","15455","Dragonflight","147158","0","3145732","0"
"dragonflight_category_confirmed","True","18556","Chaotic Time","Defeat Manifested Timeways after activating 3 Chaotic Time portals in Dawn of the Infinite on Mythic difficulty.","15467","Dragonflight Dungeon","147166","0","0","10"
"snapshot_candidate","True","18557","Never Bothered, Anyway","Collect the Sapphiron's Bane crafted set for any armor type.","15259","Appearances","147217","0","131072","10"
"snapshot_candidate","True","18558","Leaders of Scholomance","Defeat the following bosses within Scholomance.","14808","Classic","147219","0","0","10"
"dragonflight_category_confirmed","True","18559","Many Boxes, Many Rockses","Open 50 boxes of rocks, releasing the elementals within.","15455","Dragonflight","147229","207099","131072","5"
"dragonflight_category_confirmed","True","18566","Eastern Kingdoms: Bronze","Complete all races in Eastern Kingdoms.","15462","Dragonriding","147249","0","0","10"
"dragonflight_category_confirmed","True","18567","Eastern Kingdoms: Silver","Obtain silver in all normal races in Eastern Kingdoms.","15462","Dragonriding","147264","0","0","10"
"dragonflight_category_confirmed","True","18568","Eastern Kingdoms: Gold","Obtain gold in all normal races in Eastern Kingdoms.","15462","Dragonriding","147279","0","0","10"
"dragonflight_category_confirmed","True","18569","Eastern Kingdoms Advanced: Bronze","Complete all advanced races in Eastern Kingdoms.","15462","Dragonriding","147294","0","0","10"
"dragonflight_category_confirmed","True","18570","Eastern Kingdoms Advanced: Silver","Obtain silver in all advanced races in Eastern Kingdoms.","15462","Dragonriding","147309","0","0","10"
"dragonflight_category_confirmed","True","18571","Eastern Kingdoms Advanced: Gold","Obtain gold in all advanced races in Eastern Kingdoms.","15462","Dragonriding","147324","0","0","10"
"dragonflight_category_confirmed","True","18572","Eastern Kingdoms Reverse: Bronze","Complete all reverse races in Eastern Kingdoms.","15462","Dragonriding","147339","0","0","10"
"dragonflight_category_confirmed","True","18573","Eastern Kingdoms Reverse: Silver","Obtain silver in all reverse races in Eastern Kingdoms.","15462","Dragonriding","147354","0","0","10"
"dragonflight_category_confirmed","True","18574","Eastern Kingdoms Reverse: Gold","Obtain gold in all reverse races in Eastern Kingdoms.","15462","Dragonriding","147369","0","0","10"
"snapshot_candidate","True","18579","A Round on the House","Donate to Bar Tab Barrels at taverns on the Dragon Isles.","162","Brewfest","147397","0","0","10"
"dragonflight_category_hidden","True","18580","Hellfire Hustle: Bronze","Complete Outland Hellfire Hustle.","15462","Dragonriding","0","0","1048576","0"
"dragonflight_category_hidden","True","18581","Hellfire Hustle: Silver","Get Silver ranked time for Outland Hellfire Hustle.","15462","Dragonriding","0","0","1048576","0"
"dragonflight_category_hidden","True","18582","Hellfire Hustle: Gold","Get Gold ranked time for Outland Hellfire Hustle.","15462","Dragonriding","0","0","1048576","0"
"dragonflight_category_hidden","True","18583","Hellfire Hustle Advanced: Bronze","Complete Outland Hellfire Hustle Advanced.","15462","Dragonriding","0","0","1048576","0"
"dragonflight_category_hidden","True","18584","Hellfire Hustle Advanced: Silver","Get Silver ranked time for Outland Hellfire Hustle Advanced.","15462","Dragonriding","0","0","1048576","0"
"dragonflight_category_hidden","True","18585","Hellfire Hustle Advanced: Gold","Get Gold ranked time for Outland Hellfire Hustle Advanced.","15462","Dragonriding","0","0","1048576","0"
"dragonflight_category_hidden","True","18586","Hellfire Hustle Reverse: Bronze","Complete Outland Hellfire Hustle Reverse.","15462","Dragonriding","0","0","1048576","0"
"dragonflight_category_hidden","True","18587","Hellfire Hustle Reverse: Silver","Get Silver ranked time for Outland Hellfire Hustle Reverse.","15462","Dragonriding","0","0","1048576","0"
"dragonflight_category_hidden","True","18588","Hellfire Hustle Reverse: Gold","Get Gold ranked time for Outland Hellfire Hustle Reverse.","15462","Dragonriding","0","0","1048576","0"
"dragonflight_category_confirmed","True","18589","Crunch Time","Defeat Chronikar after she shatters an Infused Hourglass with Eon Shatter in Dawn of the Infinite on Mythic difficulty.","15467","Dragonflight Dungeon","147406","0","0","10"
"dragonflight_category_hidden","True","18603","Coilfang Caper: Bronze","Complete Outland Coilfang Caper.","15462","Dragonriding","0","0","1048576","0"
"dragonflight_category_hidden","True","18604","Coilfang Caper: Silver","Get Silver ranked time for Outland Coilfang Caper.","15462","Dragonriding","0","0","1048576","0"
"dragonflight_category_hidden","True","18605","Coilfang Caper: Gold","Get Gold ranked time for Outland Coilfang Caper.","15462","Dragonriding","0","0","1048576","0"
"dragonflight_category_hidden","True","18606","Coilfang Caper Advanced: Bronze","Complete Outland Coilfang Caper Advanced.","15462","Dragonriding","0","0","1048576","0"
"dragonflight_category_hidden","True","18607","Coilfang Caper Advanced: Silver","Get Silver ranked time for Outland Coilfang Caper Advanced.","15462","Dragonriding","0","0","1048576","0"
"dragonflight_category_hidden","True","18608","Coilfang Caper Advanced: Gold","Get Gold ranked time for Outland Coilfang Caper Advanced.","15462","Dragonriding","0","0","1048576","0"
"dragonflight_category_hidden","True","18609","Coilfang Caper Reverse: Bronze","Complete Outland Coilfang Caper Reverse.","15462","Dragonriding","0","0","1048576","0"
"dragonflight_category_hidden","True","18610","Coilfang Caper Reverse: Silver","Get Silver ranked time for Outland Coilfang Caper Reverse.","15462","Dragonriding","0","0","1048576","0"
"dragonflight_category_hidden","True","18611","Coilfang Caper Reverse: Gold","Get Gold ranked time for Outland Coilfang Caper Reverse.","15462","Dragonriding","0","0","1048576","0"
"dragonflight_category_confirmed","True","18612","A Slime in Need","Defeat Blight of Galakrond after allowing a lost slime to hop on your back and then getting hit by Blight Reclamation in Dawn of the Infinite on Mythic difficulty.","15467","Dragonflight Dungeon","147475","0","0","10"
"dragonflight_category_confirmed","True","18615","Legend of the Multiverse","Reach the ""Legend of the Multiverse"" friendship rank with Soridormi.","15465","Dragon Isles","147510","0","131072","10"
"snapshot_candidate","True","18616","Putting Wilhelm Out of Business","Return all of Omarion's Notes found within Naxxramas.","169","Professions","147512","0","131072","10"
"dragonflight_category_hidden","True","18617","Blade's Edge Brawl: Bronze","Complete Outland Blade's Edge Brawl.","15462","Dragonriding","0","0","1048576","0"
"dragonflight_category_hidden","True","18618","Blade's Edge Brawl: Silver","Get Silver ranked time for Outland Blade's Edge Brawl.","15462","Dragonriding","0","0","1048576","0"
"dragonflight_category_hidden","True","18619","Blade's Edge Brawl: Gold","Get Gold ranked time for Outland Blade's Edge Brawl.","15462","Dragonriding","0","0","1048576","0"
"dragonflight_category_hidden","True","18620","Blade's Edge Brawl Advanced: Bronze","Complete Outland Blade's Edge Brawl Advanced.","15462","Dragonriding","0","0","1048576","0"
"dragonflight_category_hidden","True","18621","Blade's Edge Brawl Advanced: Silver","Get Silver ranked time for Outland Blade's Edge Brawl Advanced.","15462","Dragonriding","0","0","1048576","0"
"dragonflight_category_hidden","True","18622","Blade's Edge Brawl Advanced: Gold","Get Gold ranked time for Outland Blade's Edge Brawl Advanced.","15462","Dragonriding","0","0","1048576","0"
"dragonflight_category_hidden","True","18623","Blade's Edge Brawl Reverse: Bronze","Complete Outland Blade's Edge Brawl Reverse.","15462","Dragonriding","0","0","1048576","0"
"dragonflight_category_hidden","True","18624","Blade's Edge Brawl Reverse: Silver","Get Silver ranked time for Outland Blade's Edge Brawl Reverse.","15462","Dragonriding","0","0","1048576","0"
"dragonflight_category_hidden","True","18625","Blade's Edge Brawl Reverse: Gold","Get Gold ranked time for Outland Blade's Edge Brawl Reverse.","15462","Dragonriding","0","0","1048576","0"
"dragonflight_category_hidden","True","18626","Telaar Tear: Bronze","Complete Outland Telaar Tear.","15462","Dragonriding","0","0","1048576","0"
"dragonflight_category_hidden","True","18627","Telaar Tear: Silver","Get Silver ranked time for Outland Telaar Tear.","15462","Dragonriding","0","0","1048576","0"
"dragonflight_category_hidden","True","18628","Telaar Tear: Gold","Get Gold ranked time for Outland Telaar Tear.","15462","Dragonriding","0","0","1048576","0"
"dragonflight_category_hidden","True","18629","Telaar Tear Advanced: Bronze","Complete Outland Telaar Tear Advanced.","15462","Dragonriding","0","0","1048576","0"
"dragonflight_category_hidden","True","18630","Telaar Tear Advanced: Silver","Get Silver ranked time for Outland Telaar Tear Advanced.","15462","Dragonriding","0","0","1048576","0"
"dragonflight_category_hidden","True","18631","Telaar Tear Advanced: Gold","Get Gold ranked time for Outland Telaar Tear Advanced.","15462","Dragonriding","0","0","1048576","0"
"dragonflight_category_hidden","True","18632","Telaar Tear Reverse: Bronze","Complete Outland Telaar Tear Reverse.","15462","Dragonriding","0","0","1048576","0"
"dragonflight_category_hidden","True","18633","Telaar Tear Reverse: Silver","Get Silver ranked time for Outland Telaar Tear Reverse.","15462","Dragonriding","0","0","1048576","0"
"dragonflight_category_hidden","True","18634","Telaar Tear Reverse: Gold","Get Gold ranked time for Outland Telaar Tear Reverse.","15462","Dragonriding","0","0","1048576","0"
"dragonflight_category_confirmed","True","18635","Verified Rifter","Complete a Time Rift.","15465","Dragon Isles","147599","0","0","10"
"dragonflight_category_confirmed","True","18636","Just Following Chronological Orders","Complete 100 tasks for Soridormi while completing Time Rifts.","15465","Dragon Isles","147601","0","0","10"
"dragonflight_category_confirmed","True","18637","Chronograde Connoisseur","Defeat all Fractured Causalities in a variety of different realities during Time Rifts.","15465","Dragon Isles","147603","0","0","10"
"dragonflight_category_confirmed","True","18638","Minute Menagerie","Obtain a variety of pets from alternate timeways by completing Time Rifts.","15465","Dragon Isles","147611","0","131072","15"
"dragonflight_category_confirmed","True","18639","Collapsed Reality","Obtain a Box of Collapsed Reality by earning 7500 Temporal Essence in a single Time Rift.","15465","Dragon Isles","147618","0","0","15"
"dragonflight_category_confirmed","True","18640","Lock and Load","Fire a variety of weapons found in Time Rifts.","15465","Dragon Isles","147622","0","0","10"
"dragonflight_category_confirmed","True","18641","To All The Squirrels I've BEEN Before","Respond to Soridormi's request to pet the fluffy fur you gained from Time Rifts.","15465","Dragon Isles","147620","0","0","10"
"dragonflight_category_confirmed","True","18642","The Inquisitive","Finish the first day's secrets during the Secrets of Azeroth event.","15465","Dragon Isles","147652","0","131072","10"
"dragonflight_category_confirmed","True","18643","Community Rumors","Find 5 Buried Satchels using rumors from around the community.","15465","Dragon Isles","147654","0","0","10"
"dragonflight_category_confirmed","True","18644","Community Rumor Mill","Find 10 Buried Satchels using rumors from around the community.","15465","Dragon Isles","147656","0","0","10"
"dragonflight_category_confirmed","True","18645","Tools of the Trade","Unlock the secret finding toys listed below.","15465","Dragon Isles","147658","0","131072","10"
"dragonflight_category_confirmed","True","18646","Whodunnit?","Figure out each of the following secrets that surfaced during the Secrets of Azeroth event.","15465","Dragon Isles","147662","0","131072","15"
"internal_dnt","True","18648","<DNT> Eons Fringe - Multitude of Tasks - Completed Twice (Character)","","15465","Dragon Isles","147680","0","1048580","0"
"dragonflight_category_hidden","True","18649","Razorthorn Rise Rush: Bronze","Complete Outland Razorthorn Rise Rush.","15462","Dragonriding","0","0","1048576","0"
"dragonflight_category_hidden","True","18650","Razorthorn Rise Rush: Silver","Get Silver ranked time for Outland Razorthorn Rise Rush.","15462","Dragonriding","0","0","1048576","0"
"dragonflight_category_hidden","True","18651","Razorthorn Rise Rush: Gold","Get Gold ranked time for Outland Razorthorn Rise Rush.","15462","Dragonriding","0","0","1048576","0"
"dragonflight_category_hidden","True","18652","Razorthorn Rise Rush Advanced: Bronze","Complete Outland Razorthorn Rise Rush Advanced.","15462","Dragonriding","0","0","1048576","0"
"dragonflight_category_hidden","True","18653","Razorthorn Rise Rush Advanced: Silver","Get Silver ranked time for Outland Razorthorn Rise Rush Advanced.","15462","Dragonriding","0","0","1048576","0"
"dragonflight_category_hidden","True","18654","Razorthorn Rise Rush Advanced: Gold","Get Gold ranked time for Outland Razorthorn Rise Rush Advanced.","15462","Dragonriding","0","0","1048576","0"
"dragonflight_category_hidden","True","18655","Razorthorn Rise Rush Reverse: Bronze","Complete Outland Razorthorn Rise Rush Reverse.","15462","Dragonriding","0","0","1048576","0"
"dragonflight_category_hidden","True","18656","Razorthorn Rise Rush Reverse: Silver","Get Silver ranked time for Outland Razorthorn Rise Rush Reverse.","15462","Dragonriding","0","0","1048576","0"
"dragonflight_category_hidden","True","18657","Razorthorn Rise Rush Reverse: Gold","Get Gold ranked time for Outland Razorthorn Rise Rush Reverse.","15462","Dragonriding","0","0","1048576","0"
"dragonflight_category_hidden","True","18658","Auchindoun Coaster: Bronze","Complete Outland Auchindoun Coaster.","15462","Dragonriding","0","0","1048576","0"
"dragonflight_category_hidden","True","18659","Auchindoun Coaster: Silver","Get Silver ranked time for Outland Auchindoun Coaster.","15462","Dragonriding","0","0","1048576","0"
"dragonflight_category_hidden","True","18660","Auchindoun Coaster: Gold","Get Gold ranked time for Outland Auchindoun Coaster.","15462","Dragonriding","0","0","1048576","0"
"dragonflight_category_hidden","True","18661","Auchindoun Coaster Advanced: Bronze","Complete Outland Auchindoun Coaster Advanced.","15462","Dragonriding","0","0","1048576","0"
"dragonflight_category_hidden","True","18662","Auchindoun Coaster Advanced: Silver","Get Silver ranked time for Outland Auchindoun Coaster Advanced.","15462","Dragonriding","0","0","1048576","0"
"dragonflight_category_hidden","True","18663","Auchindoun Coaster Advanced: Gold","Get Gold ranked time for Outland Auchindoun Coaster Advanced.","15462","Dragonriding","0","0","1048576","0"
"dragonflight_category_hidden","True","18664","Auchindoun Coaster Reverse: Bronze","Complete Outland Auchindoun Coaster Reverse.","15462","Dragonriding","0","0","1048576","0"
"dragonflight_category_hidden","True","18665","Auchindoun Coaster Reverse: Silver","Get Silver ranked time for Outland Auchindoun Coaster Reverse.","15462","Dragonriding","0","0","1048576","0"
"dragonflight_category_hidden","True","18666","Auchindoun Coaster Reverse: Gold","Get Gold ranked time for Outland Auchindoun Coaster Reverse.","15462","Dragonriding","0","0","1048576","0"
"dragonflight_category_hidden","True","18667","Tempest Keep Sweep: Bronze","Complete Outland Tempest Keep Sweep.","15462","Dragonriding","0","0","1048576","0"
"dragonflight_category_hidden","True","18668","Tempest Keep Sweep: Silver","Get Silver ranked time for Outland Tempest Keep Sweep.","15462","Dragonriding","0","0","1048576","0"
"dragonflight_category_hidden","True","18669","Tempest Keep Sweep: Gold","Get Gold ranked time for Outland Tempest Keep Sweep.","15462","Dragonriding","0","0","1048576","0"
"dragonflight_category_hidden","True","18670","Tempest Keep Sweep Advanced: Bronze","Complete Outland Tempest Keep Sweep Advanced.","15462","Dragonriding","0","0","1048576","0"
"dragonflight_category_hidden","True","18671","Tempest Keep Sweep Advanced: Silver","Get Silver ranked time for Outland Tempest Keep Sweep Advanced.","15462","Dragonriding","0","0","1048576","0"
"dragonflight_category_hidden","True","18672","Tempest Keep Sweep Advanced: Gold","Get Gold ranked time for Outland Tempest Keep Sweep Advanced.","15462","Dragonriding","0","0","1048576","0"
"dragonflight_category_hidden","True","18673","Tempest Keep Sweep Reverse: Bronze","Complete Outland Tempest Keep Sweep Reverse.","15462","Dragonriding","0","0","1048576","0"
"dragonflight_category_hidden","True","18674","Tempest Keep Sweep Reverse: Silver","Get Silver ranked time for Outland Tempest Keep Sweep Reverse.","15462","Dragonriding","0","0","1048576","0"
"dragonflight_category_hidden","True","18675","Tempest Keep Sweep Reverse: Gold","Get Gold ranked time for Outland Tempest Keep Sweep Reverse.","15462","Dragonriding","0","0","1048576","0"
"dragonflight_category_hidden","True","18679","Shattrath City Sashay: Bronze","Complete Outland Shattrath City Sashay.","15462","Dragonriding","0","0","1048576","0"
"dragonflight_category_hidden","True","18680","Shattrath City Sashay: Silver","Get Silver ranked time for Outland Shattrath City Sashay.","15462","Dragonriding","0","0","1048576","0"
"dragonflight_category_hidden","True","18681","Shattrath City Sashay: Gold","Get Gold ranked time for Outland Shattrath City Sashay.","15462","Dragonriding","0","0","1048576","0"
"dragonflight_category_hidden","True","18682","Shattrath City Sashay Advanced: Bronze","Complete Outland Shattrath City Sashay Advanced.","15462","Dragonriding","0","0","1048576","0"
"dragonflight_category_hidden","True","18683","Shattrath City Sashay Advanced: Silver","Get Silver ranked time for Outland Shattrath City Sashay Advanced.","15462","Dragonriding","0","0","1048576","0"
"dragonflight_category_hidden","True","18684","Shattrath City Sashay Advanced: Gold","Get Gold ranked time for Outland Shattrath City Sashay Advanced.","15462","Dragonriding","0","0","1048576","0"
"dragonflight_category_hidden","True","18685","Shattrath City Sashay Reverse: Bronze","Complete Outland Shattrath City Sashay Reverse.","15462","Dragonriding","0","0","1048576","0"
"dragonflight_category_hidden","True","18686","Shattrath City Sashay Reverse: Silver","Get Silver ranked time for Outland Shattrath City Sashay Reverse.","15462","Dragonriding","0","0","1048576","0"
"dragonflight_category_hidden","True","18687","Shattrath City Sashay Reverse: Gold","Get Gold ranked time for Outland Shattrath City Sashay Reverse.","15462","Dragonriding","0","0","1048576","0"
"internal_dnt","True","18691","<DNT> Complete the ""The Coalition of Flames"" questline.","","15455","Dragonflight","147726","0","1179648","0"
"dragonflight_category_hidden","True","18692","Shadowmoon Slam: Bronze","Complete Outland Shadowmoon Slam.","15462","Dragonriding","0","0","1048576","0"
"dragonflight_category_hidden","True","18693","Shadowmoon Slam: Silver","Get Silver ranked time for Outland Shadowmoon Slam.","15462","Dragonriding","0","0","1048576","0"
"dragonflight_category_hidden","True","18694","Shadowmoon Slam: Gold","Get Gold ranked time for Outland Shadowmoon Slam.","15462","Dragonriding","0","0","1048576","0"
"dragonflight_category_hidden","True","18695","Shadowmoon Slam Advanced: Bronze","Complete Outland Shadowmoon Slam Advanced.","15462","Dragonriding","0","0","1048576","0"
"dragonflight_category_hidden","True","18696","Shadowmoon Slam Advanced: Silver","Get Silver ranked time for Outland Shadowmoon Slam Advanced.","15462","Dragonriding","0","0","1048576","0"
"dragonflight_category_hidden","True","18697","Shadowmoon Slam Advanced: Gold","Get Gold ranked time for Outland Shadowmoon Slam Advanced.","15462","Dragonriding","0","0","1048576","0"
"dragonflight_category_hidden","True","18698","Shadowmoon Slam Reverse: Bronze","Complete Outland Shadowmoon Slam Reverse.","15462","Dragonriding","0","0","1048576","0"
"dragonflight_category_hidden","True","18699","Shadowmoon Slam Reverse: Silver","Get Silver ranked time for Outland Shadowmoon Slam Reverse.","15462","Dragonriding","0","0","1048576","0"
"dragonflight_category_hidden","True","18700","Shadowmoon Slam Reverse: Gold","Get Gold ranked time for Outland Shadowmoon Slam Reverse.","15462","Dragonriding","0","0","1048576","0"
"snapshot_candidate","True","18702","WoW's 19th Anniversary","Logged in during WoW's 19th Anniversary.","15274","Events","147796","208211","2048","0"
"dragonflight_category_confirmed","True","18703","Dawn of the Infinite: Galakrond's Fall","Defeat Iridikron in Dawn of the Infinite.","15467","Dragonflight Dungeon","147817","0","0","10"
"dragonflight_category_confirmed","True","18704","Dawn of the Infinite: Murozond's Rise","Defeat Chrono-Lord Deios in Dawn of the Infinite.","15467","Dragonflight Dungeon","147819","0","0","10"
"snapshot_candidate","True","18705","Defender of the Timeways","Defeat all bosses in Dawn of the Infinite on Mythic Difficulty before the release of the next raid tier.","15272","Dungeons","147823","0","2048","0"
"dragonflight_category_confirmed","True","18706","Put That Thing Back Where It Came From","Within a single run, defeat all bosses in Dawn of the Infinite and restore the four time-lost artifacts without any player dying on Mythic difficulty.","15467","Dragonflight Dungeon","147835","0","0","10"
"dragonflight_category_hidden","True","18707","Eco-Dome Excursion: Bronze","Complete Outland Eco-Dome Excursion.","15462","Dragonriding","0","0","1048576","0"
"dragonflight_category_hidden","True","18708","Eco-Dome Excursion: Silver","Get Silver ranked time for Outland Eco-Dome Excursion.","15462","Dragonriding","0","0","1048576","0"
"dragonflight_category_hidden","True","18709","Eco-Dome Excursion: Gold","Get Gold ranked time for Outland Eco-Dome Excursion.","15462","Dragonriding","0","0","1048576","0"
"dragonflight_category_hidden","True","18710","Eco-Dome Excursion Advanced: Bronze","Complete Outland Eco-Dome Excursion Advanced.","15462","Dragonriding","0","0","1048576","0"
"dragonflight_category_hidden","True","18711","Eco-Dome Excursion Advanced: Silver","Get Silver ranked time for Outland Eco-Dome Excursion Advanced.","15462","Dragonriding","0","0","1048576","0"
"dragonflight_category_hidden","True","18712","Eco-Dome Excursion Advanced: Gold","Get Gold ranked time for Outland Eco-Dome Excursion Advanced.","15462","Dragonriding","0","0","1048576","0"
"dragonflight_category_hidden","True","18713","Eco-Dome Excursion Reverse: Bronze","Complete Outland Eco-Dome Excursion Reverse.","15462","Dragonriding","0","0","1048576","0"
"dragonflight_category_hidden","True","18714","Eco-Dome Excursion Reverse: Silver","Get Silver ranked time for Outland Eco-Dome Excursion Reverse.","15462","Dragonriding","0","0","1048576","0"
"dragonflight_category_hidden","True","18715","Eco-Dome Excursion Reverse: Gold","Get Gold ranked time for Outland Eco-Dome Excursion Reverse.","15462","Dragonriding","0","0","1048576","0"
"snapshot_candidate","True","18719","Cataclysmic Master of All","Raise all primary professions to 75 skill points in the ""Cataclysm"" category.","169","Professions","147941","0","131072","50"
"snapshot_candidate","True","18720","Classic Master of All","Raise all primary professions to 300 skill points in the ""Classic"" category.","169","Professions","147977","0","131072","50"
"snapshot_candidate","True","18721","Outland Master of All","Raise all primary professions to 75 skill points in the ""Outland"" category.","169","Professions","147965","0","131072","50"
"snapshot_candidate","True","18722","Northrend Master of All","Raise all primary professions to 75 skill points in the ""Northrend"" category.","169","Professions","147953","0","131072","50"
"snapshot_candidate","True","18723","Look, You're Specialized!","Become specialized in classic era Potion Mastery, Elixir Mastery, or Transmutation Mastery.","15489","Alchemy","147989","0","131072","5"
"snapshot_candidate","True","18724","Gaining an Advantus","Empower yourself with a Vantus Rune 5 times. You must participate in the encounter to gain credit.","15493","Inscription","147993","0","0","5"
"snapshot_candidate","True","18725","Best Stellar","Read the entire Rituals of the New Moon series written by scribes.","15493","Inscription","147995","0","131072","5"
"snapshot_candidate","True","18726","A Cure for All Ails I","Craft potions 100 times with the Alchemy profession.","15489","Alchemy","148000","0","131072","5"
"snapshot_candidate","True","18727","Rave Leader","Cycle through all colors of the Convergent Prism toy within a raid instance.","15494","Jewelcrafting","148024","0","131072","5"
"snapshot_candidate","True","18728","Working from the Start","Obtain 300 skill points in a ""Classic"" category of two primary professions.","169","Professions","148044","0","0","10"
"snapshot_candidate","True","18729","Working in Hellfire","Obtain 75 skill points in an ""Outland"" category of two primary professions.","169","Professions","148030","0","0","10"
"snapshot_candidate","True","18730","Goblins vs Gnomes","Become specialized in either Gnomish or Goblin engineering.","15492","Engineering","148062","0","131072","5"
"snapshot_candidate","True","18731","A Cure for All Ails II","Craft potions 500 times with the Alchemy profession.","15489","Alchemy","148077","0","131072","5"
"snapshot_candidate","True","18732","A Cure for All Ails III","Craft potions 1000 times with the Alchemy profession.","15489","Alchemy","148079","0","131072","5"
"snapshot_candidate","True","18733","A Cure for All Ails IV","Craft potions 2000 times with the Alchemy profession.","15489","Alchemy","148081","0","131072","5"
"snapshot_candidate","True","18734","Powerful Concoctions I","Craft elixirs, flasks, or phials 50 times with the Alchemy profession.","15489","Alchemy","148067","0","131072","5"
"snapshot_candidate","True","18735","Powerful Concoctions II","Craft elixirs, flasks, or phials 250 times with the Alchemy profession.","15489","Alchemy","148069","0","131072","5"
"snapshot_candidate","True","18736","Powerful Concoctions III","Craft elixirs, flasks, or phials 750 times with the Alchemy profession.","15489","Alchemy","148071","0","131072","5"
"snapshot_candidate","True","18737","Powerful Concoctions IV","Craft elixirs, flasks, or phials 1500 times with the Alchemy profession.","15489","Alchemy","148073","0","131072","5"
"snapshot_candidate","True","18738","Population In-Crease","Release origami creatures into their unnatural habitats.","15493","Inscription","148083","0","131072","5"
"dragonflight_category_hidden","True","18739","Warmaul Wingding: Bronze","Complete Outland Warmaul Wingding.","15462","Dragonriding","0","0","1048576","0"
"dragonflight_category_hidden","True","18740","Warmaul Wingding: Silver","Get Silver ranked time for Outland Warmaul Wingding.","15462","Dragonriding","0","0","1048576","0"
"dragonflight_category_hidden","True","18741","Warmaul Wingding: Gold","Get Gold ranked time for Outland Warmaul Wingding.","15462","Dragonriding","0","0","1048576","0"
"dragonflight_category_hidden","True","18742","Warmaul Wingding Advanced: Bronze","Complete Outland Warmaul Wingding Advanced.","15462","Dragonriding","0","0","1048576","0"
"dragonflight_category_hidden","True","18743","Warmaul Wingding Advanced: Silver","Get Silver ranked time for Outland Warmaul Wingding Advanced.","15462","Dragonriding","0","0","1048576","0"
"dragonflight_category_hidden","True","18744","Warmaul Wingding Advanced: Gold","Get Gold ranked time for Outland Warmaul Wingding Advanced.","15462","Dragonriding","0","0","1048576","0"
"dragonflight_category_hidden","True","18745","Warmaul Wingding Reverse: Bronze","Complete Outland Warmaul Wingding Reverse.","15462","Dragonriding","0","0","1048576","0"
"dragonflight_category_hidden","True","18746","Warmaul Wingding Reverse: Silver","Get Silver ranked time for Outland Warmaul Wingding Reverse.","15462","Dragonriding","0","0","1048576","0"
"dragonflight_category_hidden","True","18747","Warmaul Wingding Reverse: Gold","Get Gold ranked time for Outland Warmaul Wingding Reverse.","15462","Dragonriding","0","0","1048576","0"
"dragonflight_category_confirmed","True","18748","Waking Shores Challenge: Bronze","Complete all Challenge races in the Waking Shores.","15462","Dragonriding","148106","0","0","10"
"dragonflight_category_confirmed","True","18749","Waking Shores Challenge: Silver","Obtain silver in all Challenge races in the Waking Shores.","15462","Dragonriding","148115","0","0","10"
"dragonflight_category_confirmed","True","18750","Waking Shores Challenge: Gold","Obtain gold in all Challenge races in the Waking Shores.","15462","Dragonriding","148124","0","0","10"
"dragonflight_category_confirmed","True","18754","Ohn'ahran Plains Challenge: Bronze","Complete all Challenge races in the Ohn'ahran Plains.","15462","Dragonriding","148163","0","0","10"
"dragonflight_category_confirmed","True","18755","Ohn'ahran Plains Challenge: Silver","Obtain silver in all Challenge races in the Ohn'ahran Plains.","15462","Dragonriding","148169","0","0","10"
"dragonflight_category_confirmed","True","18756","Ohn'ahran Plains Challenge: Gold","Obtain gold in all Challenge races in the Ohn'ahran Plains.","15462","Dragonriding","148175","0","0","10"
"dragonflight_category_confirmed","True","18757","Azure Span Challenge: Bronze","Complete all Challenge races in the Azure Span.","15462","Dragonriding","148202","0","0","10"
"dragonflight_category_confirmed","True","18758","Azure Span Challenge: Silver","Obtain silver in all Challenge races in the Azure Span.","15462","Dragonriding","148209","0","0","10"
"dragonflight_category_confirmed","True","18759","Azure Span Challenge: Gold","Obtain gold in all Challenge races in the Azure Span.","15462","Dragonriding","148216","0","0","10"
"dragonflight_category_confirmed","True","18760","Thaldraszus Challenge: Bronze","Complete all Challenge races in Thaldraszus.","15462","Dragonriding","148235","0","0","10"
"dragonflight_category_confirmed","True","18761","Thaldraszus Challenge: Silver","Obtain silver in all Challenge races in Thaldraszus.","15462","Dragonriding","148242","0","0","10"
"dragonflight_category_confirmed","True","18762","Thaldraszus Challenge: Gold","Obtain gold in all Challenge races in Thaldraszus.","15462","Dragonriding","148249","0","0","10"
"snapshot_candidate","True","18763","Spectre of Spectacles","While under the effects of the Spectral Visage toy, use the following Scepters of Spectacle crafted by enchanters.","15491","Enchanting","148278","0","131072","5"
"snapshot_candidate","True","18764","Break Upon Your Body","Maintain all Elemental Shatter effects from the Dragon Isles for one hour.","15491","Enchanting","148306","0","131072","5"
"snapshot_candidate","True","18765","Destined to be Legendary","Craft the Sulfuron Hammer.","15490","Blacksmithing","148308","0","131072","5"
"snapshot_candidate","True","18766","Disenchantment I","Disenchant 50 items.","15491","Enchanting","148310","0","131072","10"
"snapshot_candidate","True","18767","Disenchantment II","Disenchant 250 items.","15491","Enchanting","148312","0","131072","10"
"snapshot_candidate","True","18768","Disenchantment III","Disenchant 750 items.","15491","Enchanting","148314","0","131072","10"
"snapshot_candidate","True","18769","Disenchantment IV","Disenchant 1500 items.","15491","Enchanting","148316","0","131072","10"
"snapshot_candidate","True","18770","Silas' Sphere of Transmutation","Craft Silas' Sphere of Transmutation, the Tool of the Trade for Alchemy.","15489","Alchemy","148318","0","131072","10"
"snapshot_candidate","True","18771","Khaz'gorian Smithing Hammer","Craft the Khaz'gorian Smithing Hammer, the Tool of the Trade for Blacksmithing.","15490","Blacksmithing","148320","0","131072","10"
"snapshot_candidate","True","18772","Sanguine Feather Quill of Lana'thel","Craft the Sanguine Feather Quill of Lana'thel, the Tool of the Trade for Inscription.","15493","Inscription","148326","0","131072","10"
"snapshot_candidate","True","18773","Jewelhammer's Focus","Craft Jewelhammer's Focus, the Tool of the Trade for Jewelcrafting.","15494","Jewelcrafting","148328","0","131072","10"
"snapshot_candidate","True","18774","Synchronous Thread","Craft the Synchronous Thread, the Tool of the Trade for Tailoring.","15496","Tailoring","148332","0","131072","10"
"snapshot_candidate","True","18775","Iwen's Enchanting Rod","Craft Iwen's Enchanting Rod, the Tool of the Trade for Enchanting.","15491","Enchanting","148322","0","131072","10"
"snapshot_candidate","True","18776","The Ub3r-Spanner","Craft The Ub3r-Spanner, the Tool of the Trade for Engineering.","15492","Engineering","148324","0","131072","10"
"snapshot_candidate","True","18777","Mallet of Thunderous Skins","Craft the Mallet of Thunderous Skins, the Tool of the Trade for Leatherworking.","15495","Leatherworking","148330","0","131072","10"
"snapshot_candidate","True","18778","Massive Toolshed","Craft the Tools of the Trade from each of the primary crafting professions.","169","Professions","148355","0","131072","25"
"dragonflight_category_confirmed","True","18779","Forbidden Reach Challenge: Bronze","Complete all Challenge races in the Forbidden Reach.","15462","Dragonriding","148334","0","0","10"
"dragonflight_category_confirmed","True","18780","Forbidden Reach Challenge: Silver","Obtain silver in all Challenge races in the Forbidden Reach.","15462","Dragonriding","148341","0","0","10"
"dragonflight_category_confirmed","True","18781","Forbidden Reach Challenge: Gold","Obtain gold in all Challenge races in the Forbidden Reach.","15462","Dragonriding","148348","0","0","10"
"snapshot_candidate","True","18785","Shattered Expectations","Perform the following shatter recipes as an enchanter.","15491","Enchanting","148368","0","131072","5"
"dragonflight_category_confirmed","True","18786","Zaralek Cavern Challenge: Bronze","Complete all Challenge races in Zaralek Cavern.","15462","Dragonriding","148381","0","0","10"
"dragonflight_category_confirmed","True","18787","Zaralek Cavern Challenge: Silver","Obtain silver in all Challenge races in Zaralek Cavern.","15462","Dragonriding","148388","0","0","10"
"dragonflight_category_confirmed","True","18788","Zaralek Cavern Challenge: Gold","Obtain gold in all Challenge races in Zaralek Cavern.","15462","Dragonriding","148395","0","0","10"
"snapshot_candidate","True","18789","Simply Enchanting","Craft 20 of each of the following enchanted crafting reagents.","15491","Enchanting","148402","0","131072","5"
"dragonflight_category_confirmed","True","18790","Dragonriding Challenge: Dragon Isles: Bronze","Obtain bronze for all Challenge races in the Dragon Isles.","15462","Dragonriding","148444","208433","0","20"
"dragonflight_category_confirmed","True","18791","Dragonriding Challenge: Dragon Isles: Silver","Obtain silver for all Challenge races in the Dragon Isles.","15462","Dragonriding","148456","0","0","20"
"dragonflight_category_confirmed","True","18792","Dragonriding Challenge: Dragon Isles: Gold","Obtain gold for all Challenge races in the Dragon Isles.","15462","Dragonriding","148463","0","0","20"
"snapshot_candidate","True","18793","Always Be Camping","Perform the following tasks while under the effects of your basic Cooking Fire.","15495","Leatherworking","148482","0","131072","5"
"dragonflight_category_hidden","True","18794","Skettis Scramble: Bronze","Complete Outland Skettis Scramble.","15462","Dragonriding","0","0","1048576","0"
"dragonflight_category_hidden","True","18795","Skettis Scramble: Silver","Get Silver ranked time for Outland Skettis Scramble.","15462","Dragonriding","0","0","1048576","0"
"dragonflight_category_hidden","True","18796","Skettis Scramble: Gold","Get Gold ranked time for Outland Skettis Scramble.","15462","Dragonriding","0","0","1048576","0"
"dragonflight_category_hidden","True","18797","Skettis Scramble Advanced: Bronze","Complete Outland Skettis Scramble Advanced.","15462","Dragonriding","0","0","1048576","0"
"dragonflight_category_hidden","True","18798","Skettis Scramble Advanced: Silver","Get Silver ranked time for Outland Skettis Scramble Advanced.","15462","Dragonriding","0","0","1048576","0"
"dragonflight_category_hidden","True","18799","Skettis Scramble Advanced: Gold","Get Gold ranked time for Outland Skettis Scramble Advanced.","15462","Dragonriding","0","0","1048576","0"
"dragonflight_category_hidden","True","18800","Skettis Scramble Reverse: Bronze","Complete Outland Skettis Scramble Reverse.","15462","Dragonriding","0","0","1048576","0"
"dragonflight_category_hidden","True","18801","Skettis Scramble Reverse: Silver","Get Silver ranked time for Outland Skettis Scramble Reverse.","15462","Dragonriding","0","0","1048576","0"
"dragonflight_category_hidden","True","18802","Skettis Scramble Reverse: Gold","Get Gold ranked time for Outland Skettis Scramble Reverse.","15462","Dragonriding","0","0","1048576","0"
"dragonflight_category_confirmed","True","18804","Neltharion's Legacy","Complete all of the Embers of Neltharion achievements below.","15455","Dragonflight","148517","208551","131072","25"
"snapshot_candidate","True","18805","Draconic Phial Cabinet","Know each of the following recipes after learning to create a Draconic Phial Cauldron.","15489","Alchemy","148598","0","131072","5"
"snapshot_candidate","True","18815","Speed Dreamin'","Craft each of the following recipes for Dreamcloth within five minutes after crafting Dream of Destruction.","15496","Tailoring","148695","0","131072","5"
"snapshot_candidate","True","18816","Serious Chef","Learn 300 cooking recipes.","170","Cooking","148701","0","128","10"
"snapshot_candidate","True","18817","Showoff Chef","Learn 400 cooking recipes.","170","Cooking","148709","0","128","10"
"snapshot_candidate","True","18818","Geologist's Ledger - Serevite","Discover and document every variant of Serevite found on the Dragon Isles.","15497","Mining","148748","0","131072","5"
"snapshot_candidate","True","18819","Geologist's Ledger - Draconium","Discover and document every variant of Draconium found on the Dragon Isles.","15497","Mining","148758","0","131072","5"
"snapshot_candidate","True","18820","Geologist's Ledger: Dragon Isles","Document all of the exciting mining discoveries found across the Dragon Isles.","15497","Mining","148768","0","131072","10"
"snapshot_candidate","True","18821","Geologist's Ledger - Overloaded Elements","Discover and document the effects of overloading every element empowered ore vein across the Dragon Isles.","15497","Mining","148772","0","131072","5"
"snapshot_candidate","True","18822","Botanist's Log - Hochenblume","Discover and document every variant of Hochenblume found on the Dragon Isles.","15499","Herbalism","148781","0","131072","5"
"snapshot_candidate","True","18823","Botanist's Log - Saxifrage","Discover and document every variant of Saxifrage found on the Dragon Isles.","15499","Herbalism","148790","0","131072","5"
"snapshot_candidate","True","18824","Botanist's Log - Bubble Poppy","Discover and document every variant of Bubble Poppy found on the Dragon Isles.","15499","Herbalism","148799","0","131072","5"
"snapshot_candidate","True","18825","Botanist's Log - Writhebark","Discover and document every variant of Writhebark found on the Dragon Isles.","15499","Herbalism","148808","0","131072","5"
"snapshot_candidate","True","18828","Botanist's Log: Dragon Isles","Document all of the exciting herbalism discoveries found across the Dragon Isles.","15499","Herbalism","148824","0","131072","10"
"snapshot_candidate","True","18829","Botanist's Log - Overloaded Elements","Discover and document the effects of overloading every element empowered herb across the Dragon Isles.","15499","Herbalism","148817","0","131072","5"
"snapshot_candidate","True","18831","Elusive Beasts of the Dragon Isles","Slay 15 of the following elusive beasts hiding on the Dragon Isles as a skinner.","15498","Skinning","148837","0","131072","10"
"snapshot_candidate","True","18832","Elusive Legend of the Dragon Isles","Slay any of the following special elusive beasts hiding on the Dragon Isles as a skinner.","15498","Skinning","148874","0","131072","5"
"snapshot_candidate","True","18833","Elusive Legends of the Dragon Isles","Slay all of the following special elusive beasts hiding on the Dragon Isles as a skinner.","15498","Skinning","148887","0","131072","10"
"snapshot_candidate","True","18834","Broken Isles Skinning Techniques","Fully master all of the following Skinning Techniques of the Broken Isles.","15498","Skinning","148900","0","131072","10"
"snapshot_candidate","True","18835","Fourth War Skinning Techniques","Fully master all of the following Zandalari or Kul'Tiran Skinning Techniques.","15498","Skinning","148909","0","131072","10"
"snapshot_candidate","True","18837","Broken Isles Herbalism Techniques","Fully master all of the following Gathering Techniques of the Broken Isles.","15499","Herbalism","148923","0","131072","10"
"snapshot_candidate","True","18838","Fourth War Herbalism Techniques","Fully master all of the following Zandalari or Kul'Tiran Gathering Techniques.","15499","Herbalism","148931","0","131072","10"
"snapshot_candidate","True","18839","Broken Isles Mining Techniques","Fully master all of the following Mining Techniques of the Broken Isles.","15497","Mining","148940","0","131072","10"
"snapshot_candidate","True","18840","Fourth War Mining Techniques","Fully master all of the following Zandalari or Kul'Tiran Mining Techniques.","15497","Mining","148950","0","131072","10"
"snapshot_candidate","True","18841","Doing Your Share","Smelt Enchanted Elementium Bars 5 times.","15497","Mining","148962","0","131072","5"
"dragonflight_category_hidden","True","18842","Fel Pit Fracas: Bronze","Complete Outland Fel Pit Fracas.","15462","Dragonriding","0","0","1048576","0"
"dragonflight_category_hidden","True","18843","Fel Pit Fracas: Silver","Get Silver ranked time for Outland Fel Pit Fracas.","15462","Dragonriding","0","0","1048576","0"
"dragonflight_category_hidden","True","18844","Fel Pit Fracas: Gold","Get Gold ranked time for Outland Fel Pit Fracas.","15462","Dragonriding","0","0","1048576","0"
"dragonflight_category_hidden","True","18845","Fel Pit Fracas Advanced: Bronze","Complete Outland Fel Pit Fracas Advanced.","15462","Dragonriding","0","0","1048576","0"
"dragonflight_category_hidden","True","18846","Fel Pit Fracas Advanced: Silver","Get Silver ranked time for Outland Fel Pit Fracas Advanced.","15462","Dragonriding","0","0","1048576","0"
"dragonflight_category_hidden","True","18847","Fel Pit Fracas Advanced: Gold","Get Gold ranked time for Outland Fel Pit Fracas Advanced.","15462","Dragonriding","0","0","1048576","0"
"dragonflight_category_hidden","True","18848","Fel Pit Fracas Reverse: Bronze","Complete Outland Fel Pit Fracas Reverse.","15462","Dragonriding","0","0","1048576","0"
"dragonflight_category_hidden","True","18849","Fel Pit Fracas Reverse: Silver","Get Silver ranked time for Outland Fel Pit Fracas Reverse.","15462","Dragonriding","0","0","1048576","0"
"dragonflight_category_hidden","True","18850","Fel Pit Fracas Reverse: Gold","Get Gold ranked time for Outland Fel Pit Fracas Reverse.","15462","Dragonriding","0","0","1048576","0"
"snapshot_candidate","True","18851","Skeletons in the Lockbox","Craft each of the following Skeleton Keys.","15490","Blacksmithing","148983","0","131072","5"
"snapshot_candidate","True","18852","Weaponsmithing, Reborn","Learn how to craft each of the following weapons of historical significance.","15490","Blacksmithing","148995","0","131072","5"
"snapshot_candidate","True","18853","Seething Flames of Hatred","Successfully craft the Warblades of the Hakkari, Reborn.","15490","Blacksmithing","149002","0","131072","5"
"dragonflight_category_confirmed","True","18854","Seeing Red","Witness Velen's prophecy of unexpected penitence unfold.","15455","Dragonflight","149006","0","0","10"
"snapshot_candidate","True","18855","Portal to Everywhere","Collect each of the following devices that allow for intradimensional travel.","15492","Engineering","149034","0","131072","5"
"snapshot_candidate","True","18856","Just an Ordinary Gas Cloud","Extract elements from 50 gas clouds with the Zapthrottle Mote Extractor.","15492","Engineering","149047","0","131072","5"
"snapshot_candidate","True","18857","That's No Ordinary Gas Cloud!","Encage 2 of each elemental soul with the Zapthrottle Soul Inhaler.","15492","Engineering","149051","0","131072","5"
"snapshot_candidate","True","18858","Forge and Befuddle","Deliver Forged Documents to the following gullible individuals.","15493","Inscription","149056","0","131072","5"
"snapshot_candidate","True","18859","Forge and Befuddle","Deliver Forged Documents to the following gullible individuals.","15493","Inscription","149062","0","131072","5"
"dragonflight_category_hidden","True","18860","<Hidden> ACCOUNT: Renown Campaign Complete - Tyr 3","","15455","Dragonflight","149069","0","3276804","0"
"dragonflight_category_hidden","True","18861","<Hidden> ACCOUNT: Renown Campaign Complete - Tyr 4","","15455","Dragonflight","149071","0","3276804","0"
"snapshot_candidate","True","18862","Anvil Mastery I","Craft 100 times with the Blacksmithing profession.","15490","Blacksmithing","149073","0","131072","10"
"snapshot_candidate","True","18864","Anvil Mastery II","Craft 500 times with the Blacksmithing profession.","15490","Blacksmithing","149075","0","131072","10"
"snapshot_candidate","True","18865","Anvil Mastery III","Craft 1000 times with the Blacksmithing profession.","15490","Blacksmithing","149077","0","131072","10"
"snapshot_candidate","True","18866","Anvil Mastery IV","Craft 2000 times with the Blacksmithing profession.","15490","Blacksmithing","149079","0","131072","10"
"dragonflight_category_confirmed","True","18867","Through the Ashes and Flames","Complete the quest ""Suffusion Camp"".","15455","Dragonflight","149081","0","0","5"
"snapshot_candidate","True","18868","Enchantment I","Craft or enchant 100 times with the Enchanting profession.","15491","Enchanting","149083","0","131072","10"
"snapshot_candidate","True","18869","Enchantment II","Craft or enchant 500 times with the Enchanting profession.","15491","Enchanting","149085","0","131072","10"
"snapshot_candidate","True","18870","Enchantment III","Craft or enchant 1000 times with the Enchanting profession.","15491","Enchanting","149087","0","131072","10"
"snapshot_candidate","True","18871","Enchantment IV","Craft or enchant 2000 times with the Enchanting profession.","15491","Enchanting","149089","0","131072","10"
"snapshot_candidate","True","18872","Dangerous Devices I","Craft 100 times with the Engineering profession.","15492","Engineering","149091","0","131072","10"
"snapshot_candidate","True","18873","Dangerous Devices II","Craft 500 times with the Engineering profession.","15492","Engineering","149094","0","131072","10"
"snapshot_candidate","True","18874","Dangerous Devices III","Craft 1000 times with the Engineering profession.","15492","Engineering","149096","0","131072","10"
"snapshot_candidate","True","18875","Dangerous Devices IV","Craft 2000 times with the Engineering profession.","15492","Engineering","149098","0","131072","10"
"snapshot_candidate","True","18876","Ink and Quill I","Craft 50 times with the Inscription profession.","15493","Inscription","149100","0","131072","10"
"snapshot_candidate","True","18877","Ink and Quill II","Craft 250 times with the Inscription profession.","15493","Inscription","149102","0","131072","10"
"snapshot_candidate","True","18878","Ink and Quill III","Craft 750 times with the Inscription profession.","15493","Inscription","149104","0","131072","10"
"snapshot_candidate","True","18879","Ink and Quill IV","Craft 1500 times with the Inscription profession.","15493","Inscription","149106","0","131072","10"
"snapshot_candidate","True","18880","Generations of Gemstones I","Craft 100 times with the Jewelcrafting profession.","15494","Jewelcrafting","149108","0","131072","10"
"snapshot_candidate","True","18881","A Test of Scale I","Craft 100 times with the Leatherworking profession.","15495","Leatherworking","149116","0","131072","10"
"snapshot_candidate","True","18882","A Test of Scale II","Craft 500 times with the Leatherworking profession.","15495","Leatherworking","149118","0","131072","10"
"snapshot_candidate","True","18883","A Test of Scale III","Craft 1000 times with the Leatherworking profession.","15495","Leatherworking","149120","0","131072","10"
"snapshot_candidate","True","18884","A Test of Scale IV","Craft 2000 times with the Leatherworking profession.","15495","Leatherworking","149122","0","131072","10"
"snapshot_candidate","True","18885","Quite the Quilt I","Craft 100 times with the Tailoring profession.","15496","Tailoring","149124","0","131072","10"
"snapshot_candidate","True","18886","Quite the Quilt II","Craft 500 times with the Tailoring profession.","15496","Tailoring","149126","0","131072","10"
"snapshot_candidate","True","18887","Quite the Quilt III","Craft 1000 times with the Tailoring profession.","15496","Tailoring","149128","0","131072","10"
"snapshot_candidate","True","18888","Quite the Quilt IV","Craft 2000 times with the Tailoring profession.","15496","Tailoring","149130","0","131072","10"
"snapshot_candidate","True","18889","Generations of Gemstones II","Craft 500 times with the Jewelcrafting profession.","15494","Jewelcrafting","149110","0","131072","10"
"snapshot_candidate","True","18890","Generations of Gemstones III","Craft 1000 times with the Jewelcrafting profession.","15494","Jewelcrafting","149112","0","131072","10"
"snapshot_candidate","True","18891","Generations of Gemstones IV","Craft 2000 times with the Jewelcrafting profession.","15494","Jewelcrafting","149114","0","131072","10"
"snapshot_candidate","True","18892","Massive Mills","Perform Milling operations on herbs 2000 times with the Inscription profession.","15493","Inscription","149132","0","131072","5"
"snapshot_candidate","True","18893","Plentiful Prospects","Perform Prospecting or Crushing operations on ore or gems 2000 times with the Jewelcrafting profession.","15494","Jewelcrafting","149134","0","131072","5"
"snapshot_candidate","True","18894","Free Stylin'","Start a fashion trend by crafting each of the following stylin' hats listed below.","15495","Leatherworking","149143","0","131072","5"
"snapshot_candidate","True","18895","You Had it Coming","Get what you deserve.","15492","Engineering","149148","0","131072","5"
"snapshot_candidate","True","18896","United as Three","Simultaneously benefit from the effects of the Battle Flags for Phalanx Defense, Rallying Swiftness, and Spirit of Freedom.","15496","Tailoring","149150","0","131072","5"
"snapshot_candidate","True","18897","Can't Crush These","Complete each of the following Jewelcrafting daily quests listed below.","15494","Jewelcrafting","149154","0","131072","5"
"snapshot_candidate","True","18898","That's Just Cruel","Defeat Nefarian within Blackwing Lair while the Onyxia Scale Cloak is equipped. Do the same within Blackwing Descent, just to get the point across.","15495","Leatherworking","149176","0","131072","5"
"snapshot_candidate","True","18899","You Saw Nothing","While engaged in combat with Captain Kromcrush in Dire Maul, craft a Gordok Ogre Suit with the Leatherworking profession and use it.","15495","Leatherworking","149179","0","131072","5"
"snapshot_candidate","True","18900","Budget Bard","Craft each of the following drums with the Leatherworking profession.","15495","Leatherworking","149182","0","131072","5"
"snapshot_candidate","True","18901","Chromatic Calibration: Holo-Gogs","Craft each of the following goggles listed below.","15492","Engineering","149202","209062","131072","5"
"snapshot_candidate","True","18902","Uncertified Nurse","Create 500 Wildercloth Bandages.","15496","Tailoring","149273","0","131072","5"
"snapshot_candidate","True","18903","Ton of Tops","Craft each of the following shirts, and a pair of Tuxedo Pants, with the Tailoring profession.","15496","Tailoring","149241","0","131072","5"
"snapshot_candidate","True","18904","Iron to Vendor Gold","Craft each of the following Philosopher's Stones.","15489","Alchemy","149275","0","131072","5"
"snapshot_candidate","True","18905","Chromatic Calibration: Retinal Armor","Craft each of the following goggles listed below.","15492","Engineering","149315","209064","131072","5"
"snapshot_candidate","True","18906","Chromatic Calibration: Cranial Cannons","Craft each of the following goggles listed below.","15492","Engineering","149323","209066","131072","5"
"snapshot_candidate","True","18907","Chromatic Calibration: Ectoplasmic Specs","Craft each of the following goggles listed below.","15492","Engineering","149360","209067","131072","5"
"snapshot_candidate","True","18908","Chromatic Calibration: Bio-Optic Killshades","Craft each of the following goggles listed below.","15492","Engineering","149365","209063","131072","5"
"snapshot_candidate","True","18909","Fantastic Figurines","Craft or repair each of the figurines listed below.","15494","Jewelcrafting","149373","0","131072","5"
"snapshot_candidate","True","18910","Ruby Lifeshrine Loop Storm Gryphon: Bronze","Complete Ruby Lifeshrine Loop Storm Gryphon.","15268","Promotions","0","0","1048576","0"
"snapshot_candidate","True","18911","Ruby Lifeshrine Loop Storm Gryphon: Silver","Get Silver ranked time for Ruby Lifeshrine Loop Storm Gryphon.","15268","Promotions","0","0","1048576","0"
"snapshot_candidate","True","18912","Ruby Lifeshrine Loop Storm Gryphon: Gold","Get Gold ranked time for Ruby Lifeshrine Loop Storm Gryphon.","15268","Promotions","0","0","1048576","0"
"snapshot_candidate","True","18913","Fen Flythrough Storm Gryphon: Bronze","Complete Fen Flythrough Storm Gryphon.","15268","Promotions","0","0","1048576","0"
"snapshot_candidate","True","18914","Fen Flythrough Storm Gryphon: Silver","Get Silver ranked time for Fen Flythrough Storm Gryphon.","15268","Promotions","0","0","1048576","0"
"snapshot_candidate","True","18915","Fen Flythrough Storm Gryphon: Gold","Get Gold ranked time for Fen Flythrough Storm Gryphon.","15268","Promotions","0","0","1048576","0"
"snapshot_candidate","True","18916","Vakthros Ascent Storm Gryphon: Bronze","Complete Vakthros Ascent Storm Gryphon.","15268","Promotions","0","0","1048576","0"
"snapshot_candidate","True","18917","Vakthros Ascent Storm Gryphon: Silver","Get Silver ranked time for Vakthros Ascent Storm Gryphon.","15268","Promotions","0","0","1048576","0"
"snapshot_candidate","True","18918","Vakthros Ascent Storm Gryphon: Gold","Get Gold ranked time for Vakthros Ascent Storm Gryphon.","15268","Promotions","0","0","1048576","0"
"snapshot_candidate","True","18919","Tyrhold Trial Storm Gryphon: Bronze","Complete Tyrhold Trial Storm Gryphon.","15268","Promotions","0","0","1048576","0"
"snapshot_candidate","True","18920","Tyrhold Trial Storm Gryphon: Silver","Get Silver ranked time for Tyrhold Trial Storm Gryphon.","15268","Promotions","0","0","1048576","0"
"snapshot_candidate","True","18921","Tyrhold Trial Storm Gryphon: Gold","Get Gold ranked time for Tyrhold Trial Storm Gryphon.","15268","Promotions","0","0","1048576","0"
"snapshot_candidate","True","18922","Stormsunder Crater Circuit Storm Gryphon: Bronze","Complete Stormsunder Crater Circuit Storm Gryphon.","15268","Promotions","0","0","1048576","0"
"snapshot_candidate","True","18923","Stormsunder Crater Circuit Storm Gryphon: Silver","Get Silver ranked time for Stormsunder Crater Circuit Storm Gryphon.","15268","Promotions","0","0","1048576","0"
"snapshot_candidate","True","18924","Stormsunder Crater Circuit Storm Gryphon: Gold","Get Gold ranked time for Stormsunder Crater Circuit Storm Gryphon.","15268","Promotions","0","0","1048576","0"
"snapshot_candidate","True","18925","Crystal Circuit Storm Gryphon: Bronze","Complete Crystal Circuit Storm Gryphon.","15268","Promotions","0","0","1048576","0"
"snapshot_candidate","True","18926","Crystal Circuit Storm Gryphon: Silver","Get Silver ranked time for Crystal Circuit Storm Gryphon.","15268","Promotions","0","0","1048576","0"
"snapshot_candidate","True","18927","Crystal Circuit Storm Gryphon: Gold","Get Gold ranked time for Crystal Circuit Storm Gryphon.","15268","Promotions","0","0","1048576","0"
"snapshot_candidate","True","18928","Storm Rider: Bronze","Complete all Storm Gryphon races.","15268","Promotions","149404","0","2048","0"
"snapshot_candidate","True","18929","Storm Rider: Silver","Obtain silver in all the Storm Gryphon races.","15268","Promotions","149411","0","2048","0"
"snapshot_candidate","True","18931","Storm Rider: Gold","Obtain gold in all the Storm Gryphon races.","15268","Promotions","149418","0","2048","0"
"dragonflight_category_hidden","True","18933","<Hidden> 10.2 Tyr Campaign - Ch 04 - Mail Quest Push - Valunei's Letter (AAO)","","15455","Dragonflight","149425","208826","9437188","0"
"snapshot_candidate","True","18934","Excessive Experimentation","Perform alchemical research or experimentation 100 times.","15489","Alchemy","149433","0","131072","10"
"dragonflight_category_hidden","True","18938","Seeing Red (account)","Witness Velen's prophecy of unexpected penitence unfold.","15455","Dragonflight","149435","0","1179648","0"
"dragonflight_category_confirmed","True","18939","Eastern Kingdoms Racing Completionist","Complete all races in Eastern Kingdoms.","15462","Dragonriding","149485","0","0","20"
"dragonflight_category_confirmed","True","18940","Eastern Kingdoms Racing Completionist: Silver","Obtain silver in all races in Eastern Kingdoms.","15462","Dragonriding","149489","0","0","20"
"snapshot_candidate","True","18941","Dazzling Dragons","Craft each of the following Jeweled Whelplings.","15494","Jewelcrafting","149493","0","131072","5"
"dragonflight_category_confirmed","True","18942","Eastern Kingdoms Racing Completionist: Gold","Obtain gold in all races in Eastern Kingdoms.","15462","Dragonriding","149499","0","0","20"
"dragonflight_category_hidden","True","18943","Ysera Invitational: Bronze","Complete the Emerald Dream Ysera Invitational.","15462","Dragonriding","0","0","1048576","0"
"dragonflight_category_hidden","True","18944","Ysera Invitational: Silver","Get Silver ranked time for the Emerald Dream Ysera Invitational.","15462","Dragonriding","0","0","1048576","0"
"dragonflight_category_hidden","True","18945","Ysera Invitational: Gold","Get Gold ranked time for the Emerald Dream Ysera Invitational.","15462","Dragonriding","0","0","1048576","0"
"dragonflight_category_hidden","True","18946","Ysera Invitational Advanced: Bronze","Complete the Emerald Dream Ysera Invitational Advanced.","15462","Dragonriding","0","0","1048576","0"
"dragonflight_category_hidden","True","18947","Ysera Invitational Advanced: Silver","Get Silver ranked time for the Emerald Dream Ysera Invitational Advanced.","15462","Dragonriding","0","0","1048576","0"
"dragonflight_category_hidden","True","18948","Ysera Invitational Advanced: Gold","Get Gold ranked time for the Emerald Dream Ysera Invitational Advanced.","15462","Dragonriding","0","0","1048576","0"
"dragonflight_category_hidden","True","18949","Ysera Invitational Reverse: Bronze","Complete the Emerald Dream Ysera Invitational Reverse.","15462","Dragonriding","0","0","1048576","0"
"dragonflight_category_hidden","True","18950","Ysera Invitational Reverse: Silver","Get Silver ranked time for the Emerald Dream Ysera Invitational Reverse.","15462","Dragonriding","0","0","1048576","0"
"dragonflight_category_hidden","True","18951","Ysera Invitational Reverse: Gold","Get Gold ranked time for the Emerald Dream Ysera Invitational Reverse.","15462","Dragonriding","0","0","1048576","0"
"dragonflight_category_hidden","True","18952","Ysera Invitational Challenge: Bronze","Complete the Emerald Dream Ysera Invitational Challenge.","15462","Dragonriding","0","0","1048576","0"
"dragonflight_category_hidden","True","18953","Ysera Invitational Challenge: Silver","Get Silver ranked time for the Emerald Dream Ysera Invitational Challenge.","15462","Dragonriding","0","0","1048576","0"
"dragonflight_category_hidden","True","18954","Ysera Invitational Challenge: Gold","Get Gold ranked time for the Emerald Dream Ysera Invitational Challenge.","15462","Dragonriding","0","0","1048576","0"
"dragonflight_category_hidden","True","18955","Ysera Invitational Reverse Challenge: Bronze","Complete the Emerald Dream Ysera Invitational Reverse Challenge.","15462","Dragonriding","0","0","1048576","0"
"dragonflight_category_hidden","True","18956","Ysera Invitational Reverse Challenge: Silver","Get Silver ranked time for the Emerald Dream Ysera Invitational Reverse Challenge.","15462","Dragonriding","0","0","1048576","0"
"dragonflight_category_hidden","True","18957","Ysera Invitational Reverse Challenge: Gold","Get Gold ranked time for the Emerald Dream Ysera Invitational Reverse Challenge.","15462","Dragonriding","0","0","1048576","0"
"dragonflight_category_confirmed","True","18958","Of the Tyr's Guard","Complete Tyr's storyline in the Dragon Isles.","15455","Dragonflight","149507","0","0","10"
"snapshot_candidate","True","18959","Don't Lose Your Head, Man","Defeat any version of the Headless Horseman.","158","Hallow's End","149547","0","2097152","10"
"snapshot_candidate","True","18960","Kickin' With the Wick","Defeat the Headless Horseman while cursed by all four wicker men.","158","Hallow's End","149549","0","0","10"
"snapshot_candidate","True","18962","A Cleansing Fire","Defeat the Headless Horseman.","158","Hallow's End","149554","0","0","0"
"snapshot_candidate","True","18963","Burst Damage","Consume a Potion of Bursting Blood while under the simultaneous effects of Blossom Burst, Glory Burst, Marrow Burst, Torch Burst, and Widow Burst.","15489","Alchemy","149605","0","131072","5"
"snapshot_candidate","True","18976","Draconically Superior","Equip a Superior or better item, with a minimum item level of 346, in every slot.","92","Character","146316","0","0","10"
"snapshot_candidate","True","18977","Draconically Epic","Equip an Epic or better item, with a minimum item level of 372, in every slot.","92","Character","146332","0","0","10"
"dragonflight_category_hidden","True","18978","Smoldering Sprint: Bronze","Complete the Emerald Dream Smoldering Sprint.","15462","Dragonriding","0","0","1048576","0"
"dragonflight_category_hidden","True","18979","Smoldering Sprint: Silver","Get Silver ranked time for the Emerald Dream Smoldering Sprint.","15462","Dragonriding","0","0","1048576","0"
"dragonflight_category_hidden","True","18980","Smoldering Sprint: Gold","Get Gold ranked time for the Emerald Dream Smoldering Sprint.","15462","Dragonriding","0","0","1048576","0"
"dragonflight_category_hidden","True","18981","Smoldering Sprint Advanced: Bronze","Complete the Emerald Dream Smoldering Sprint Advanced.","15462","Dragonriding","0","0","1048576","0"
"dragonflight_category_hidden","True","18982","Smoldering Sprint Advanced: Silver","Get Silver ranked time for the Emerald Dream Smoldering Sprint Advanced.","15462","Dragonriding","0","0","1048576","0"
"dragonflight_category_hidden","True","18983","Smoldering Sprint Advanced: Gold","Get Gold ranked time for the Emerald Dream Smoldering Sprint Advanced.","15462","Dragonriding","0","0","1048576","0"
"dragonflight_category_hidden","True","18984","Smoldering Sprint Reverse: Bronze","Complete the Emerald Dream Smoldering Sprint Reverse.","15462","Dragonriding","0","0","1048576","0"
"dragonflight_category_hidden","True","18985","Smoldering Sprint Reverse: Silver","Get Silver ranked time for the Emerald Dream Smoldering Sprint Reverse.","15462","Dragonriding","0","0","1048576","0"
"dragonflight_category_hidden","True","18986","Smoldering Sprint Reverse: Gold","Get Gold ranked time for the Emerald Dream Smoldering Sprint Reverse.","15462","Dragonriding","0","0","1048576","0"
"dragonflight_category_hidden","True","18987","Smoldering Sprint Challenge: Bronze","Complete the Emerald Dream Smoldering Sprint Challenge.","15462","Dragonriding","0","0","1048576","0"
"dragonflight_category_hidden","True","18988","Smoldering Sprint Challenge: Silver","Get Silver ranked time for the Emerald Dream Smoldering Sprint Challenge.","15462","Dragonriding","0","0","1048576","0"
"dragonflight_category_hidden","True","18989","Smoldering Sprint Challenge: Gold","Get Gold ranked time for the Emerald Dream Smoldering Sprint Challenge.","15462","Dragonriding","0","0","1048576","0"
"dragonflight_category_hidden","True","18990","Smoldering Sprint Reverse Challenge: Bronze","Complete the Emerald Dream Smoldering Sprint Reverse Challenge.","15462","Dragonriding","0","0","1048576","0"
"dragonflight_category_hidden","True","18991","Smoldering Sprint Reverse Challenge: Silver","Get Silver ranked time for the Emerald Dream Smoldering Sprint Reverse Challenge.","15462","Dragonriding","0","0","1048576","0"
"dragonflight_category_hidden","True","18992","Smoldering Sprint Reverse Challenge: Gold","Get Gold ranked time for the Emerald Dream Smoldering Sprint Reverse Challenge.","15462","Dragonriding","0","0","1048576","0"
"dragonflight_category_hidden","True","18993","Viridescent Venture: Bronze","Complete the Emerald Dream Viridescent Venture.","15462","Dragonriding","0","0","1048576","0"
"dragonflight_category_hidden","True","18994","Viridescent Venture: Silver","Get Silver ranked time for the Emerald Dream Viridescent Venture.","15462","Dragonriding","0","0","1048576","0"
"dragonflight_category_hidden","True","18995","Viridescent Venture: Gold","Get Gold ranked time for the Emerald Dream Viridescent Venture.","15462","Dragonriding","0","0","1048576","0"
"dragonflight_category_hidden","True","18996","Viridescent Venture Advanced: Bronze","Complete the Emerald Dream Viridescent Venture Advanced.","15462","Dragonriding","0","0","1048576","0"
"dragonflight_category_hidden","True","18997","Viridescent Venture Advanced: Silver","Get Silver ranked time for the Emerald Dream Viridescent Venture Advanced.","15462","Dragonriding","0","0","1048576","0"
"dragonflight_category_hidden","True","18998","Viridescent Venture Advanced: Gold","Get Gold ranked time for the Emerald Dream Viridescent Venture Advanced.","15462","Dragonriding","0","0","1048576","0"
"dragonflight_category_hidden","True","18999","Viridescent Venture Reverse: Bronze","Complete the Emerald Dream Viridescent Venture Reverse.","15462","Dragonriding","0","0","1048576","0"
"dragonflight_category_hidden","True","19000","Viridescent Venture Reverse: Silver","Get Silver ranked time for the Emerald Dream Viridescent Venture Reverse.","15462","Dragonriding","0","0","1048576","0"
"dragonflight_category_hidden","True","19001","Viridescent Venture Reverse: Gold","Get Gold ranked time for the Emerald Dream Viridescent Venture Reverse.","15462","Dragonriding","0","0","1048576","0"
"dragonflight_category_hidden","True","19002","Viridescent Venture Challenge: Bronze","Complete the Emerald Dream Viridescent Venture Challenge.","15462","Dragonriding","0","0","1048576","0"
"dragonflight_category_hidden","True","19003","Viridescent Venture Challenge: Silver","Get Silver ranked time for the Emerald Dream Viridescent Venture Challenge.","15462","Dragonriding","0","0","1048576","0"
"dragonflight_category_hidden","True","19004","Viridescent Venture Challenge: Gold","Get Gold ranked time for the Emerald Dream Viridescent Venture Challenge.","15462","Dragonriding","0","0","1048576","0"
"dragonflight_category_hidden","True","19005","Viridescent Venture Reverse Challenge: Bronze","Complete the Emerald Dream Viridescent Venture Reverse Challenge.","15462","Dragonriding","0","0","1048576","0"
"dragonflight_category_hidden","True","19006","Viridescent Venture Reverse Challenge: Silver","Get Silver ranked time for the Emerald Dream Viridescent Venture Reverse Challenge.","15462","Dragonriding","0","0","1048576","0"
"dragonflight_category_hidden","True","19007","Viridescent Venture Reverse Challenge: Gold","Get Gold ranked time for the Emerald Dream Viridescent Venture Reverse Challenge.","15462","Dragonriding","0","0","1048576","0"
"dragonflight_category_confirmed","True","19008","Dream Shaper","Complete the quest ""Shaping the Dreamsurge"".","15455","Dragonflight","149675","0","0","5"
"snapshot_candidate","True","19009","Dragonflight Keystone Explorer: Season Three","Attain a Mythic+ Rating of at least 750 during Dragonflight Season Three.","15272","Dungeons","149684","0","133120","0"
"snapshot_candidate","True","19010","Dragonflight Keystone Conqueror: Season Three","Attain a Mythic+ Rating of at least 1500 during Dragonflight Season Three.","15272","Dungeons","149686","0","133120","0"
"snapshot_candidate","True","19011","Dragonflight Keystone Master: Season Three","Attain a Mythic+ Rating of at least 2000 during Dragonflight Season Three.","15272","Dungeons","149688","209060","133120","0"
"snapshot_candidate","True","19012","Dragonflight Keystone Hero: Season Three","Attain a Mythic+ Rating of at least 2500 during Dragonflight Season Three.","15272","Dungeons","149690","0","133120","0"
"dragonflight_category_confirmed","True","19013","I Dream of Seeds","Contribute a seed at each Emerald Bounty locations to help grow the following plants.","15465","Dragon Isles","149692","0","0","15"
"dragonflight_category_confirmed","True","19026","Defenders of the Dream","Complete the following storylines in the Emerald Dream.","15455","Dragonflight","149726","0","0","10"
"snapshot_candidate","True","19027","Heroic Edition: Algarian Stormrider","Owner of The War Within Heroic Edition Algarian Stormrider mount.","15268","Promotions","149859","0","133120","0"
"snapshot_candidate","True","19029","Lil' Maggz","Owner of the Lil' Maggz pet.","15268","Promotions","149929","0","133120","0"
"snapshot_candidate","True","19030","Squally","Owner of the Squally pet.","15268","Promotions","149931","0","133120","0"
"snapshot_candidate","True","19031","Fyrn","Owner of the Fyrn pet.","15268","Promotions","149933","0","133120","0"
"dragonflight_category_hidden","True","19032","Shoreline Switchback: Bronze","Complete the Emerald Dream Shoreline Switchback.","15462","Dragonriding","0","0","1048576","0"
"dragonflight_category_hidden","True","19033","Shoreline Switchback: Silver","Get Silver ranked time for the Emerald Dream Shoreline Switchback.","15462","Dragonriding","0","0","1048576","0"
"dragonflight_category_hidden","True","19034","Shoreline Switchback: Gold","Get Gold ranked time for the Emerald Dream Shoreline Switchback.","15462","Dragonriding","0","0","1048576","0"
"dragonflight_category_hidden","True","19035","Shoreline Switchback Advanced: Bronze","Complete the Emerald Dream Shoreline Switchback Advanced.","15462","Dragonriding","0","0","1048576","0"
"dragonflight_category_hidden","True","19036","Shoreline Switchback Advanced: Silver","Get Silver ranked time for the Emerald Dream Shoreline Switchback Advanced.","15462","Dragonriding","0","0","1048576","0"
"dragonflight_category_hidden","True","19037","Shoreline Switchback Advanced: Gold","Get Gold ranked time for the Emerald Dream Shoreline Switchback Advanced.","15462","Dragonriding","0","0","1048576","0"
"dragonflight_category_hidden","True","19038","Shoreline Switchback Reverse: Bronze","Complete the Emerald Dream Shoreline Switchback Reverse.","15462","Dragonriding","0","0","1048576","0"
"dragonflight_category_hidden","True","19039","Shoreline Switchback Reverse: Silver","Get Silver ranked time for the Emerald Dream Shoreline Switchback Reverse.","15462","Dragonriding","0","0","1048576","0"
"dragonflight_category_hidden","True","19040","Shoreline Switchback Reverse: Gold","Get Gold ranked time for the Emerald Dream Shoreline Switchback Reverse.","15462","Dragonriding","0","0","1048576","0"
"dragonflight_category_hidden","True","19041","Shoreline Switchback Challenge: Bronze","Complete the Emerald Dream Shoreline Switchback Challenge.","15462","Dragonriding","0","0","1048576","0"
"dragonflight_category_hidden","True","19042","Shoreline Switchback Challenge: Silver","Get Silver ranked time for the Emerald Dream Shoreline Switchback Challenge.","15462","Dragonriding","0","0","1048576","0"
"dragonflight_category_hidden","True","19043","Shoreline Switchback Challenge: Gold","Get Gold ranked time for the Emerald Dream Shoreline Switchback Challenge.","15462","Dragonriding","0","0","1048576","0"
"dragonflight_category_hidden","True","19044","Shoreline Switchback Reverse Challenge: Bronze","Complete the Emerald Dream Shoreline Switchback Reverse Challenge.","15462","Dragonriding","0","0","1048576","0"
"dragonflight_category_hidden","True","19045","Shoreline Switchback Reverse Challenge: Silver","Get Silver ranked time for the Emerald Dream Shoreline Switchback Reverse Challenge.","15462","Dragonriding","0","0","1048576","0"
"dragonflight_category_hidden","True","19046","Shoreline Switchback Reverse Challenge: Gold","Get Gold ranked time for the Emerald Dream Shoreline Switchback Reverse Challenge.","15462","Dragonriding","0","0","1048576","0"
"dragonflight_category_hidden","True","19047","Canopy Concours: Bronze","Complete the Emerald Dream Canopy Concours.","15462","Dragonriding","0","0","1048576","0"
"dragonflight_category_hidden","True","19048","Canopy Concours: Silver","Get Silver ranked time for the Emerald Dream Canopy Concours.","15462","Dragonriding","0","0","1048576","0"
"dragonflight_category_hidden","True","19049","Canopy Concours: Gold","Get Gold ranked time for the Emerald Dream Canopy Concours.","15462","Dragonriding","0","0","1048576","0"
"dragonflight_category_hidden","True","19050","Canopy Concours Advanced: Bronze","Complete the Emerald Dream Canopy Concours Advanced.","15462","Dragonriding","0","0","1048576","0"
"dragonflight_category_hidden","True","19051","Canopy Concours Advanced: Silver","Get Silver ranked time for the Emerald Dream Canopy Concours Advanced.","15462","Dragonriding","0","0","1048576","0"
"dragonflight_category_hidden","True","19052","Canopy Concours Advanced: Gold","Get Gold ranked time for the Emerald Dream Canopy Concours Advanced.","15462","Dragonriding","0","0","1048576","0"
"dragonflight_category_hidden","True","19053","Canopy Concours Reverse: Bronze","Complete the Emerald Dream Canopy Concours Reverse.","15462","Dragonriding","0","0","1048576","0"
"dragonflight_category_hidden","True","19054","Canopy Concours Reverse: Silver","Get Silver ranked time for the Emerald Dream Canopy Concours Reverse.","15462","Dragonriding","0","0","1048576","0"
"dragonflight_category_hidden","True","19055","Canopy Concours Reverse: Gold","Get Gold ranked time for the Emerald Dream Canopy Concours Reverse.","15462","Dragonriding","0","0","1048576","0"
"dragonflight_category_hidden","True","19056","Canopy Concours Challenge: Bronze","Complete the Emerald Dream Canopy Concours Challenge.","15462","Dragonriding","0","0","1048576","0"
"dragonflight_category_hidden","True","19057","Canopy Concours Challenge: Silver","Get Silver ranked time for the Emerald Dream Canopy Concours Challenge.","15462","Dragonriding","0","0","1048576","0"
"dragonflight_category_hidden","True","19058","Canopy Concours Challenge: Gold","Get Gold ranked time for the Emerald Dream Canopy Concours Challenge.","15462","Dragonriding","0","0","1048576","0"
"dragonflight_category_hidden","True","19059","Canopy Concours Reverse Challenge: Bronze","Complete the Emerald Dream Canopy Concours Reverse Challenge.","15462","Dragonriding","0","0","1048576","0"
"dragonflight_category_hidden","True","19060","Canopy Concours Reverse Challenge: Silver","Get Silver ranked time for the Emerald Dream Canopy Concours Reverse Challenge.","15462","Dragonriding","0","0","1048576","0"
"dragonflight_category_hidden","True","19061","Canopy Concours Reverse Challenge: Gold","Get Gold ranked time for the Emerald Dream Canopy Concours Reverse Challenge.","15462","Dragonriding","0","0","1048576","0"
"dragonflight_category_hidden","True","19062","Emerald Amble: Bronze","Complete the Emerald Dream Emerald Amble.","15462","Dragonriding","0","0","1048576","0"
"dragonflight_category_hidden","True","19063","Emerald Amble: Silver","Get Silver ranked time for the Emerald Dream Emerald Amble.","15462","Dragonriding","0","0","1048576","0"
"dragonflight_category_hidden","True","19064","Emerald Amble: Gold","Get Gold ranked time for the Emerald Dream Emerald Amble.","15462","Dragonriding","0","0","1048576","0"
"dragonflight_category_hidden","True","19065","Emerald Amble Advanced: Bronze","Complete the Emerald Dream Emerald Amble Advanced.","15462","Dragonriding","0","0","1048576","0"
"dragonflight_category_hidden","True","19066","Emerald Amble Advanced: Silver","Get Silver ranked time for the Emerald Dream Emerald Amble Advanced.","15462","Dragonriding","0","0","1048576","0"
"dragonflight_category_hidden","True","19067","Emerald Amble Advanced: Gold","Get Gold ranked time for the Emerald Dream Emerald Amble Advanced.","15462","Dragonriding","0","0","1048576","0"
"dragonflight_category_hidden","True","19068","Emerald Amble Reverse: Bronze","Complete the Emerald Dream Emerald Amble Reverse.","15462","Dragonriding","0","0","1048576","0"
"dragonflight_category_hidden","True","19069","Emerald Amble Reverse: Silver","Get Silver ranked time for the Emerald Dream Emerald Amble Reverse.","15462","Dragonriding","0","0","1048576","0"
"dragonflight_category_hidden","True","19070","Emerald Amble Reverse: Gold","Get Gold ranked time for the Emerald Dream Emerald Amble Reverse.","15462","Dragonriding","0","0","1048576","0"
"dragonflight_category_hidden","True","19071","Emerald Amble Challenge: Bronze","Complete the Emerald Dream Emerald Amble Challenge.","15462","Dragonriding","0","0","1048576","0"
"dragonflight_category_hidden","True","19072","Emerald Amble Challenge: Silver","Get Silver ranked time for the Emerald Dream Emerald Amble Challenge.","15462","Dragonriding","0","0","1048576","0"
"dragonflight_category_hidden","True","19073","Emerald Amble Challenge: Gold","Get Gold ranked time for the Emerald Dream Emerald Amble Challenge.","15462","Dragonriding","0","0","1048576","0"
"dragonflight_category_hidden","True","19074","Emerald Amble Reverse Challenge: Bronze","Complete the Emerald Dream Emerald Amble Reverse Challenge.","15462","Dragonriding","0","0","1048576","0"
"dragonflight_category_hidden","True","19075","Emerald Amble Reverse Challenge: Silver","Get Silver ranked time for the Emerald Dream Emerald Amble Reverse Challenge.","15462","Dragonriding","0","0","1048576","0"
"dragonflight_category_hidden","True","19076","Emerald Amble Reverse Challenge: Gold","Get Gold ranked time for the Emerald Dream Emerald Amble Reverse Challenge.","15462","Dragonriding","0","0","1048576","0"
"snapshot_candidate","True","19077","Catch Me If You Can!","Proud owner of the 2023 Vintage Winter Veil gift, Junior Timekeeper's Racing Belt.","15274","Events","150037","0","2048","0"
"snapshot_candidate","True","19079","Master of the Turbulent Timeways","Gain Mastery of Timeways for 5 weeks during the Turbulent Timeways event.","15454","Timewalking","150048","205208","131072","20"
"snapshot_candidate","True","19080","Arcane Influence","Participated in empowering the Arcane Forge in Valdrakken during the Secrets of Azeroth event.","15274","Events","150210","0","133120","0"
"snapshot_candidate","True","19082","Keystone Hero: Throne of the Tides","Complete Throne of the Tides at Mythic Level 20 or higher, within the time limit.","15272","Dungeons","150227","0","2048","0"
"snapshot_candidate","True","19083","Keystone Hero: The Everbloom","Complete The Everbloom at Mythic Level 20 or higher, within the time limit.","15272","Dungeons","150229","0","2048","0"
"snapshot_candidate","True","19084","Keystone Hero: Black Rook Hold","Complete Black Rook Hold at Mythic Level 20 or higher, within the time limit.","15272","Dungeons","150231","0","2048","0"
"snapshot_candidate","True","19085","Keystone Hero: Darkheart Thicket","Complete Darkheart Thicket at Mythic Level 20 or higher, within the time limit.","15272","Dungeons","150233","0","2048","0"
"snapshot_candidate","True","19086","Keystone Hero: Waycrest Manor","Complete Waycrest Manor at Mythic Level 20 or higher, within the time limit.","15272","Dungeons","150235","0","2048","0"
"snapshot_candidate","True","19087","Keystone Hero: Atal'Dazar","Complete Atal'Dazar at Mythic Level 20 or higher, within the time limit.","15272","Dungeons","150237","0","2048","0"
"snapshot_candidate","True","19088","Keystone Hero: Dawn of the Infinite","Complete Dawn of the Infinite: Galakrond's Fall and Dawn of the Infinite: Murozond's Rise at Mythic Level 20 or higher, within the time limit.","15272","Dungeons","150239","0","2048","0"
"dragonflight_category_confirmed","True","19089","Don't Let the Doe Hit You On The Way Out","Defeat Larodar, Keeper of the Flame with Ivy extinguished and alive in Amirdrassil, the Dream's Hope on Normal difficulty or higher.","15468","Dragonflight Raid","150259","210556","0","10"
"snapshot_candidate","True","19090","Elite: Dragonflight Season 3","Earn the rank of Elite during Dragonflight Season 3.","15270","Player vs. Player","150261","0","17053696","0"
"snapshot_candidate","True","19091","Gladiator: Dragonflight Season 3","Win 50 3v3 games while at Elite rank during Dragonflight Season 3.","15270","Player vs. Player","150280","210345","14336","0"
"dragonflight_category_confirmed","True","19092","Outland: Bronze","Complete all normal races in Outland.","15462","Dragonriding","150288","0","0","10"
"dragonflight_category_confirmed","True","19097","Outland: Silver","Obtain silver in all normal races in Outland.","15462","Dragonriding","150303","0","0","10"
"dragonflight_category_confirmed","True","19098","Outland: Gold","Obtain gold in all normal races in Outland.","15462","Dragonriding","150317","0","0","10"
"dragonflight_category_confirmed","True","19099","Outland Advanced: Bronze","Complete all advanced races in Outland.","15462","Dragonriding","150331","0","0","10"
"dragonflight_category_confirmed","True","19100","Outland Advanced: Silver","Obtain silver in all advanced races in Outland.","15462","Dragonriding","150345","0","0","10"
"dragonflight_category_confirmed","True","19101","Outland Advanced: Gold","Obtain gold in all advanced races in Outland.","15462","Dragonriding","150359","0","0","10"
"dragonflight_category_confirmed","True","19102","Outland Reverse: Bronze","Complete all reverse races in Outland.","15462","Dragonriding","150373","0","0","10"
"dragonflight_category_confirmed","True","19103","Outland Reverse: Silver","Obtain silver in all reverse races in Outland.","15462","Dragonriding","150387","0","0","10"
"dragonflight_category_confirmed","True","19104","Outland Reverse: Gold","Obtain gold in all reverse races in Outland.","15462","Dragonriding","150401","0","0","10"
"dragonflight_category_confirmed","True","19105","Outland Racing Completionist","Complete all races in Outland.","15462","Dragonriding","150415","0","0","20"
"dragonflight_category_confirmed","True","19106","Outland Racing Completionist: Silver","Obtain silver in all races in Outland.","15462","Dragonriding","150419","0","0","20"
"dragonflight_category_confirmed","True","19107","Outland Racing Completionist: Gold","Obtain gold in all races in Outland.","15462","Dragonriding","150423","0","0","20"
"dragonflight_category_confirmed","True","19109","Emerald Dream: Bronze","Complete all races in the Emerald Dream.","15462","Dragonriding","150479","0","0","10"
"dragonflight_category_confirmed","True","19110","Emerald Dream: Silver","Obtain silver in all normal races in the Emerald Dream.","15462","Dragonriding","150486","0","0","10"
"dragonflight_category_confirmed","True","19111","Emerald Dream: Gold","Obtain gold in all normal races in the Emerald Dream.","15462","Dragonriding","150493","0","0","10"
"dragonflight_category_confirmed","True","19112","Emerald Dream Advanced: Bronze","Complete all advanced races in the Emerald Dream.","15462","Dragonriding","150500","0","0","10"
"dragonflight_category_confirmed","True","19113","Emerald Dream Advanced: Silver","Obtain silver in all advanced races in the Emerald Dream.","15462","Dragonriding","150507","0","0","10"
"dragonflight_category_confirmed","True","19114","Emerald Dream Advanced: Gold","Obtain gold in all advanced races in the Emerald Dream.","15462","Dragonriding","150514","0","0","10"
"dragonflight_category_confirmed","True","19115","Emerald Dream Reverse: Bronze","Complete all reverse races in the Emerald Dream.","15462","Dragonriding","150521","0","0","10"
"dragonflight_category_confirmed","True","19116","Emerald Dream Reverse: Silver","Obtain silver in all reverse races in the Emerald Dream.","15462","Dragonriding","150528","0","0","10"
"dragonflight_category_confirmed","True","19117","Emerald Dream Reverse: Gold","Obtain gold in all reverse races in the Emerald Dream.","15462","Dragonriding","150535","0","0","10"
"dragonflight_category_confirmed","True","19118","Emerald Dream Racing Completionist","Complete all races in the Emerald Dream.","15462","Dragonriding","150544","0","0","20"
"dragonflight_category_confirmed","True","19119","Emerald Dream Racing Completionist: Silver","Obtain silver in all races in the Emerald Dream.","15462","Dragonriding","150548","0","0","20"
"dragonflight_category_confirmed","True","19120","Emerald Dream Racing Completionist: Gold","Obtain gold in all races in the Emerald Dream.","15462","Dragonriding","150552","0","0","20"
"dragonflight_category_confirmed","True","19121","Emerald Dream Challenge: Bronze","Complete all challenge races in the Emerald Dream.","15462","Dragonriding","150556","0","0","10"
"dragonflight_category_confirmed","True","19122","Emerald Dream Challenge: Silver","Obtain silver in all challenge races in the Emerald Dream.","15462","Dragonriding","150563","0","0","10"
"dragonflight_category_confirmed","True","19123","Emerald Dream Challenge: Gold","Obtain gold in all challenge races in the Emerald Dream.","15462","Dragonriding","150570","0","0","10"
"dragonflight_category_confirmed","True","19124","Emerald Dream Reverse Challenge: Bronze","Complete all reverse challenge races in the Emerald Dream.","15462","Dragonriding","150577","0","0","10"
"dragonflight_category_confirmed","True","19125","Emerald Dream Reverse Challenge: Silver","Obtain silver in all reverse challenge races in the Emerald Dream.","15462","Dragonriding","150584","0","0","10"
"dragonflight_category_confirmed","True","19126","Emerald Dream Reverse Challenge: Gold","Obtain gold in all reverse challenge races in the Emerald Dream.","15462","Dragonriding","150591","0","0","10"
"dragonflight_category_confirmed","True","19127","Emerald Dream Challenge Racing Completionist","Complete all challenge races in the Emerald Dream.","15462","Dragonriding","150598","0","0","20"
"dragonflight_category_confirmed","True","19128","Emerald Dream Challenge Racing Completionist: Silver","Obtain silver in all challenge races in the Emerald Dream.","15462","Dragonriding","150601","0","0","20"
"dragonflight_category_confirmed","True","19129","Emerald Dream Challenge Racing Completionist: Gold","Obtain gold in all challenge races in the Emerald Dream.","15462","Dragonriding","150604","0","0","20"
"snapshot_candidate","True","19130","Junior Racing Champion","Became a legendary racer and course maker using the Junior Timekeeper's Racing Belt.","15274","Events","150609","0","2048","0"
"snapshot_candidate","True","19131","Verdant Legend: Dragonflight Season 3","End Dragonflight PvP Season 3 in the top 0.1% of the Solo Shuffle ladder (requires 50 games won in Dragonflight Season 3).","15270","Player vs. Player","0","0","14336","0"
"snapshot_candidate","True","19132","Verdant Gladiator: Dragonflight Season 3","End Dragonflight PvP Season 3 in the top 0.1% of the 3v3 arena ladder (requires 150 games won in Dragonflight Season 3).","15270","Player vs. Player","0","0","14336","0"
"snapshot_candidate","True","19133","Rival I: Dragonflight Season 3","Earn the rank of Rival I during Dragonflight Season 3.","15270","Player vs. Player","150612","0","14336","0"
"internal_dnt","True","19137","<Hidden> Base 11.0 Tender [DNT]","","81","Feats of Strength","150649","0","3276804","0"
"internal_dnt","True","19138","<Hidden> Heroic 11.0 Tender [DNT]","","81","Feats of Strength","150658","0","3276804","0"
"internal_dnt","True","19139","<Hidden> Epic 11.0 Tender [DNT]","","81","Feats of Strength","150660","0","3276804","0"
"snapshot_candidate","True","19140","Verdant Combatant","","15270","Player vs. Player","150667","210070","1179648","0"
"snapshot_candidate","True","19141","Verdant Combatant","","15270","Player vs. Player","150674","210069","1179648","0"
"snapshot_candidate","True","19155","Rival II: Dragonflight Season 3","Earn the rank of Rival II during Dragonflight Season 3.","15270","Player vs. Player","150617","0","14336","0"
"snapshot_candidate","True","19156","Duelist: Dragonflight Season 3","Earn the rank of Duelist during Dragonflight Season 3.","15270","Player vs. Player","150642","0","17053696","0"
"snapshot_candidate","True","19157","Combatant I: Dragonflight Season 3","Earn the rank of Combatant I during Dragonflight Season 3.","15270","Player vs. Player","150632","0","2048","0"
"snapshot_candidate","True","19158","Combatant II: Dragonflight Season 3","Earn the rank of Combatant II during Dragonflight Season 3.","15270","Player vs. Player","150637","0","2048","0"
"snapshot_candidate","True","19159","Challenger I: Dragonflight Season 3","Earn the rank of Challenger I during Dragonflight Season 3.","15270","Player vs. Player","150622","0","14336","0"
"snapshot_candidate","True","19160","Challenger II: Dragonflight Season 3","Earn the rank of Challenger II during Dragonflight Season 3.","15270","Player vs. Player","150627","0","14336","0"
"snapshot_candidate","True","19161","Hero of the Horde: Verdant","End Dragonflight Season 3 in the top 0.5% of the rated battleground ladder (requires 50 games won in Dragonflight Season 3).","15270","Player vs. Player","0","0","14336","0"
"snapshot_candidate","True","19162","Hero of the Alliance: Verdant","End Dragonflight Season 3 in the top 0.5% of the rated battleground ladder (requires 50 games won in Dragonflight Season 3).","15270","Player vs. Player","0","0","14336","0"
"snapshot_candidate","True","19192","Lil' Frostwing","Owner of the Lil' Frostwing pet.","15268","Promotions","149927","0","133120","0"
"dragonflight_category_confirmed","True","19193","Ducks In A Row","Defeat the Council of Dreams after recruiting Sergeant Quackers to join the cause in Amirdrassil, the Dream's Hope on Normal difficulty or higher.","15468","Dragonflight Raid","150734","210347","0","10"
"dragonflight_category_confirmed","True","19194","The Emerald Bounty","Contribute 10 seeds to the Emerald Bounty.","15465","Dragon Isles","150736","0","131072","5"
"dragonflight_category_confirmed","True","19196","Sowing the Seeds","Contribute 50 seeds to the Emerald Bounty.","15465","Dragon Isles","150738","0","131072","10"
"dragonflight_category_confirmed","True","19198","The Seeds I Sow","Contribute 100 seeds to the Emerald Bounty.","15465","Dragon Isles","150740","0","143360","10"
"dragonflight_category_hidden","True","19199","Scalawag Slither: Bronze","Complete Northrend Scalawag Slither.","15462","Dragonriding","0","0","1048576","0"
"dragonflight_category_hidden","True","19200","Scalawag Slither: Silver","Get Silver ranked time for Northrend Scalawag Slither.","15462","Dragonriding","0","0","1048576","0"
"dragonflight_category_hidden","True","19201","Scalawag Slither: Gold","Get Gold ranked time for Northrend Scalawag Slither.","15462","Dragonriding","0","0","1048576","0"
"dragonflight_category_hidden","True","19202","Scalawag Slither Advanced: Bronze","Complete Northrend Scalawag Slither Advanced.","15462","Dragonriding","0","0","1048576","0"
"dragonflight_category_hidden","True","19203","Scalawag Slither Advanced: Silver","Get Silver ranked time for Northrend Scalawag Slither Advanced.","15462","Dragonriding","0","0","1048576","0"
"dragonflight_category_hidden","True","19204","Scalawag Slither Advanced: Gold","Get Gold ranked time for Northrend Scalawag Slither Advanced.","15462","Dragonriding","0","0","1048576","0"
"dragonflight_category_hidden","True","19205","Scalawag Slither Reverse: Bronze","Complete Northrend Scalawag Slither Reverse.","15462","Dragonriding","0","0","1048576","0"
"dragonflight_category_hidden","True","19206","Scalawag Slither Reverse: Silver","Get Silver ranked time for Northrend Scalawag Slither Reverse.","15462","Dragonriding","0","0","1048576","0"
"dragonflight_category_hidden","True","19207","Scalawag Slither Reverse: Gold","Get Gold ranked time for Northrend Scalawag Slither Reverse.","15462","Dragonriding","0","0","1048576","0"
"internal_dnt","False","19216","<DNT> Dream Wardens Rank 1 (Account)","","15466","Dragonflight","150844","0","3276800","0"
"internal_dnt","False","19217","<DNT> Dream Wardens Rank 2 (Account)","","15466","Dragonflight","150845","0","3276800","0"
"internal_dnt","False","19218","<DNT> Dream Wardens Rank 3 (Account)","","15466","Dragonflight","150846","0","3276800","0"
"internal_dnt","False","19219","<DNT> Dream Wardens Rank 4 (Account)","","15466","Dragonflight","150847","0","3276800","0"
"internal_dnt","False","19220","<DNT> Dream Wardens Rank 5 (Account)","","15466","Dragonflight","150848","0","3276800","0"
"internal_dnt","False","19221","<DNT> Dream Wardens Rank 6 (Account)","","15466","Dragonflight","150849","0","3276800","0"
"internal_dnt","False","19222","<DNT> Dream Wardens Rank 7 (Account)","","15466","Dragonflight","150850","0","3276800","0"
"internal_dnt","False","19223","<DNT> Dream Wardens Rank 8 (Account)","","15466","Dragonflight","150851","0","3276800","0"
"internal_dnt","False","19224","<DNT> Dream Wardens Rank 9 (Account)","","15466","Dragonflight","150852","0","3276800","0"
"internal_dnt","False","19225","<DNT> Dream Wardens Rank 10 (Account)","","15466","Dragonflight","150853","0","3276800","0"
"internal_dnt","False","19226","<DNT> Dream Wardens Rank 11 (Account)","","15466","Dragonflight","150854","0","3276800","0"
"internal_dnt","False","19227","<DNT> Dream Wardens Rank 12 (Account)","","15466","Dragonflight","150855","0","3276800","0"
"internal_dnt","False","19228","<DNT> Dream Wardens Rank 13 (Account)","","15466","Dragonflight","150856","0","3276800","0"
"internal_dnt","False","19229","<DNT> Dream Wardens Rank 14 (Account)","","15466","Dragonflight","150857","0","3276800","0"
"removed_after_dragonflight","False","19230","Friends in the Dream","Reach rank 15 renown with the Dream Wardens.","15466","Dragonflight","150858","0","2228224","5"
"internal_dnt","False","19231","<DNT> Dream Wardens Rank 16 (Account)","","15466","Dragonflight","150859","0","3276800","0"
"internal_dnt","False","19232","<DNT> Dream Wardens Rank 17 (Account)","","15466","Dragonflight","150860","0","3276800","0"
"internal_dnt","False","19233","<DNT> Dream Wardens Rank 18 (Account)","","15466","Dragonflight","150861","0","3276800","0"
"internal_dnt","False","19234","<DNT> Dream Wardens Rank 19 (Account)","","15466","Dragonflight","150862","0","3276800","0"
"removed_after_dragonflight","False","19235","Warden of the Dream","Reach rank 20 renown with the Dream Wardens.","15466","Dragonflight","150863","0","2228224","5"
"internal_dnt","False","19256","<DNT> Dream Wardens Rank 1 (Character)","","15466","Dragonflight","150864","0","3145728","0"
"internal_dnt","False","19257","<DNT> Dream Wardens Rank 2 (Character)","","15466","Dragonflight","150865","0","3145728","0"
"internal_dnt","False","19258","<DNT> Dream Wardens Rank 3 (Character)","","15466","Dragonflight","150866","0","3145728","0"
"internal_dnt","False","19259","<DNT> Dream Wardens Rank 4 (Character)","","15466","Dragonflight","150867","0","3145728","0"
"internal_dnt","False","19260","<DNT> Dream Wardens Rank 5 (Character)","","15466","Dragonflight","150868","0","3145728","0"
"internal_dnt","False","19261","<DNT> Dream Wardens Rank 6 (Character)","","15466","Dragonflight","150869","0","3145728","0"
"internal_dnt","False","19262","<DNT> Dream Wardens Rank 7 (Character)","","15466","Dragonflight","150870","0","3145728","0"
"internal_dnt","False","19263","<DNT> Dream Wardens Rank 8 (Character)","","15466","Dragonflight","150871","0","3145728","0"
"internal_dnt","False","19264","<DNT> Dream Wardens Rank 9 (Character)","","15466","Dragonflight","150872","0","3145728","0"
"internal_dnt","False","19265","<DNT> Dream Wardens Rank 10 (Character)","","15466","Dragonflight","150873","0","3145728","0"
"internal_dnt","False","19266","<DNT> Dream Wardens Rank 11 (Character)","","15466","Dragonflight","150874","0","3145728","0"
"internal_dnt","False","19267","<DNT> Dream Wardens Rank 12 (Character)","","15466","Dragonflight","150875","0","3145728","0"
"internal_dnt","False","19268","<DNT> Dream Wardens Rank 13 (Character)","","15466","Dragonflight","150876","0","3145728","0"
"internal_dnt","False","19269","<DNT> Dream Wardens Rank 14 (Character)","","15466","Dragonflight","150877","0","3145728","0"
"internal_dnt","False","19270","<DNT> Dream Wardens Rank 15 (Character)","","15466","Dragonflight","150878","0","3145728","0"
"internal_dnt","False","19271","<DNT> Dream Wardens Rank 16 (Character)","","15466","Dragonflight","150879","0","3145728","0"
"internal_dnt","False","19272","<DNT> Dream Wardens Rank 17 (Character)","","15466","Dragonflight","150880","0","3145728","0"
"internal_dnt","False","19273","<DNT> Dream Wardens Rank 18 (Character)","","15466","Dragonflight","150881","0","3145728","0"
"internal_dnt","False","19274","<DNT> Dream Wardens Rank 19 (Character)","","15466","Dragonflight","150882","0","3145728","0"
"internal_dnt","False","19275","<DNT> Dream Wardens Rank 20 (Character)","","15466","Dragonflight","150883","0","3145728","0"
"snapshot_candidate","True","19276","Verdant Vogue","Collect any armor set from Dragonflight PvP Season 3 or Season 4.","15259","Appearances","150761","0","131072","10"
"dragonflight_category_hidden","True","19277","Daggercap Dart: Bronze","Complete Northrend Daggercap Dart.","15462","Dragonriding","0","0","1048576","0"
"dragonflight_category_hidden","True","19278","Daggercap Dart: Silver","Get Silver ranked time for Northrend Daggercap Dart.","15462","Dragonriding","0","0","1048576","0"
"dragonflight_category_hidden","True","19279","Daggercap Dart: Gold","Get Gold ranked time for Northrend Daggercap Dart.","15462","Dragonriding","0","0","1048576","0"
"dragonflight_category_hidden","True","19280","Daggercap Dart Advanced: Bronze","Complete Northrend Daggercap Dart Advanced.","15462","Dragonriding","0","0","1048576","0"
"dragonflight_category_hidden","True","19281","Daggercap Dart Advanced: Silver","Get Silver ranked time for Northrend Daggercap Dart Advanced.","15462","Dragonriding","0","0","1048576","0"
"dragonflight_category_hidden","True","19282","Daggercap Dart Advanced: Gold","Get Gold ranked time for Northrend Daggercap Dart Advanced.","15462","Dragonriding","0","0","1048576","0"
"dragonflight_category_hidden","True","19283","Daggercap Dart Reverse: Bronze","Complete Northrend Daggercap Dart Reverse.","15462","Dragonriding","0","0","1048576","0"
"dragonflight_category_hidden","True","19284","Daggercap Dart Reverse: Silver","Get Silver ranked time for Northrend Daggercap Dart Reverse.","15462","Dragonriding","0","0","1048576","0"
"dragonflight_category_hidden","True","19285","Daggercap Dart Reverse: Gold","Get Gold ranked time for Northrend Daggercap Dart Reverse.","15462","Dragonriding","0","0","1048576","0"
"snapshot_candidate","True","19287","Vicious Saddle (38)","","15270","Player vs. Player","150981","103533","1179648","0"
"snapshot_candidate","True","19289","Vicious Saddle (38)","","15270","Player vs. Player","150983","103533","1179648","0"
"dragonflight_category_confirmed","True","19293","Friends In Feathers","Rescue the following moonkin hatchlings during the ""Claws For Concern"" quest in the Whorlwing Basin.","15455","Dragonflight","150995","210522","131072","10"
"snapshot_candidate","True","19294","Tour of Duty: Emerald Dream","Earn 1000 honor in Emerald Dream while in War Mode.","15283","World","151016","0","0","10"
"snapshot_candidate","True","19295","Verdant Gladiator's Slitherdrake","Obtain the Verdant Gladiator's Slitherdrake from Dragonflight Season 3.","15269","Mounts","151043","0","145408","0"
"dragonflight_category_hidden","True","19296","Dragon Glyphs: Eye of Ysera","Collect the dragon glyph near Eye of Ysera","15462","Dragonriding","0","0","1179648","0"
"dragonflight_category_hidden","True","19297","Dragon Glyphs: Furnace Coil","Collect the dragon glyph high above Furnace Coil.","15462","Dragonriding","0","0","1179648","0"
"dragonflight_category_hidden","True","19298","Dragon Glyphs: Smoldering Copse","Collect the dragon glyph near Smoldering Copse.","15462","Dragonriding","0","0","1179648","0"
"dragonflight_category_hidden","True","19299","Dragon Glyphs: Cinder Summit","Collect the dragon glyph near Cinder Summit.","15462","Dragonriding","0","0","1179648","0"
"dragonflight_category_hidden","True","19300","Dragon Glyphs: Dreamsurge Basin","Collect the dragon glyph near Dreamsurge Basin.","15462","Dragonriding","0","0","1179648","0"
"dragonflight_category_hidden","True","19301","Dragon Glyphs: Amirdrassil","Collect the dragon glyph near Amirdrassil.","15462","Dragonriding","0","0","1179648","0"
"dragonflight_category_hidden","True","19302","Dragon Glyphs: Whorlwing Basin","Collect the dragon glyph south of Whorlwing Basin.","15462","Dragonriding","0","0","1179648","0"
"dragonflight_category_hidden","True","19303","Dragon Glyphs: Wakeful Vista","Collect the dragon glyph near Wakeful Vista.","15462","Dragonriding","0","0","1179648","0"
"snapshot_candidate","True","19304","Legend: Dragonflight Season 3","Win 100 Rated Solo Shuffle rounds while at Elite rank during Dragonflight Season 3.","165","Arena","151047","0","12288","0"
"dragonflight_category_confirmed","True","19306","Emerald Dream Glyph Hunter","Find the following dragon glyphs in the Emerald Dream.","15462","Dragonriding","151067","0","131072","20"
"dragonflight_category_confirmed","True","19307","Dragon Isles Pathfinder","Complete the Dragon Isles achievements listed below.","15465","Dragon Isles","151206","0","2228224","25"
"removed_after_dragonflight","False","19308","Freshscales Fifteen","Achieve renown fifteen with all major factions on the Dragon Isles.","15466","Dragonflight","151212","0","0","25"
"dragonflight_category_confirmed","True","19309","Explore the Emerald Dream","Explore the Emerald Dream, revealing the covered areas of the world map.","15465","Dragon Isles","151358","0","2097152","10"
"dragonflight_category_confirmed","True","19310","Fruit of the Bloom","Acquire every Superbloom Dreamfruit power at least once.","15465","Dragon Isles","151237","0","0","10"
"dragonflight_category_confirmed","True","19312","Super Duper Bloom","Complete a Superbloom at epic bloom quality.","15465","Dragon Isles","151255","0","0","5"
"dragonflight_category_confirmed","True","19313","Bloom Man Group","During the Superbloom, use the Feral Overflow power to summon a powerful Feral Umbraclaw 10 times.","15465","Dragon Isles","151257","0","0","5"
"dragonflight_category_confirmed","True","19315","Dream Chaser","Gather 100 errant Dreams during the Superbloom.","15465","Dragon Isles","151259","0","0","5"
"dragonflight_category_confirmed","True","19316","Adventurer of the Emerald Dream","Complete 10 of the following special encounters in the Emerald Dream.","15465","Dragon Isles","151261","0","0","5"
"dragonflight_category_confirmed","True","19317","Treasures of the Emerald Dream","Discover the hidden treasures within the Emerald Dream.","15465","Dragon Isles","151285","0","0","5"
"dragonflight_category_confirmed","True","19318","Dream On","Complete the following achievements:","15455","Dragonflight","151296","0","2228224","25"
"dragonflight_category_confirmed","True","19319","Haven't We Done This Before?","Defeat Smolderon after dousing all 6 Runes of the Firelord in Amirdrassil, the Dream's Hope on Normal difficulty or higher.","15468","Dragonflight Raid","151302","0","0","10"
"dragonflight_category_confirmed","True","19320","Cruelty Free","Defeat Igira after freeing the scorched critters in Amirdrassil, The Dream's Hope on Normal difficulty or higher.","15468","Dragonflight Raid","151327","0","0","10"
"dragonflight_category_confirmed","True","19321","Swog Champion","Defeat Volcoross after he has consumed at least 30 Sizzling Swoggers in Amirdrassil, the Dream's Hope on Normal difficulty or higher.","15468","Dragonflight Raid","151350","0","0","10"
"dragonflight_category_confirmed","True","19322","Meaner Pastures","Defeat Gnarlroot after igniting 8 Harmless Blossoms in Amirdrassil, the Dream's Hope on Normal difficulty or higher.","15468","Dragonflight Raid","151354","0","0","10"
"snapshot_candidate","True","19326","Dreaming of Drakes","Outgrow the use of Whelpling's Dreaming Crests during Dragonflight Season 3.","81","Feats of Strength","151376","210180","2048","0"
"dragonflight_category_confirmed","True","19331","Amirdrassil, the Dream's Hope","Defeat the following bosses on any difficulty.","15468","Dragonflight Raid","151428","0","0","10"
"dragonflight_category_confirmed","True","19333","Heroic: Amirdrassil, the Dream's Hope","Defeat the following bosses on Heroic difficulty.","15468","Dragonflight Raid","151438","0","0","10"
"dragonflight_category_confirmed","True","19334","Mythic: Amirdrassil, the Dream's Hope","Defeat the following bosses on Mythic difficulty.","15468","Dragonflight Raid","151448","0","0","10"
"dragonflight_category_confirmed","True","19335","Mythic: Gnarlroot","Defeat Gnarlroot in Amirdrassil, the Dream's Hope on Mythic difficulty.","15468","Dragonflight Raid","151458","0","0","10"
"dragonflight_category_confirmed","True","19336","Mythic: Igira the Cruel","Defeat Igira the Cruel in Amirdrassil, the Dream's Hope on Mythic difficulty.","15468","Dragonflight Raid","151468","0","0","10"
"dragonflight_category_confirmed","True","19337","Mythic: Volcoross","Defeat Volcoross in Amirdrassil, the Dream's Hope on Mythic difficulty.","15468","Dragonflight Raid","151470","0","0","10"
"dragonflight_category_confirmed","True","19338","Mythic: Council of Dreams","Defeat Council of Dreams in Amirdrassil, the Dream's Hope on Mythic difficulty.","15468","Dragonflight Raid","151472","0","0","10"
"dragonflight_category_confirmed","True","19339","Mythic: Larodar, Keeper of the Flame","Defeat Larodar, Keeper of the Flame in Amirdrassil, the Dream's Hope on Mythic difficulty.","15468","Dragonflight Raid","151474","0","0","10"
"dragonflight_category_confirmed","True","19340","Mythic: Nymue, Weaver of the Cycle","Defeat Nymue, Weaver of the Cycle in Amirdrassil, the Dream's Hope on Mythic difficulty.","15468","Dragonflight Raid","151476","0","0","10"
"dragonflight_category_confirmed","True","19341","Mythic: Smolderon","Defeat Smolderon in Amirdrassil, the Dream's Hope on Mythic difficulty.","15468","Dragonflight Raid","151478","0","0","10"
"dragonflight_category_confirmed","True","19342","Mythic: Tindral Sageswift, Seer of the Flame","Defeat Tindral Sageswift, Seer of the Flame in Amirdrassil, the Dream's Hope on Mythic difficulty.","15468","Dragonflight Raid","151480","0","0","10"
"dragonflight_category_confirmed","True","19343","Mythic: Fyrakk the Blazing","Defeat Fyrakk the Blazing in Amirdrassil, the Dream's Hope on Mythic difficulty.","15468","Dragonflight Raid","151482","0","0","10"
"dragonflight_category_confirmed","True","19344","Incarnate's Wake","Defeat the following bosses that assault the Wellspring Temple within Amirdrassil, the Dream's Hope.","15468","Dragonflight Raid","151492","0","0","10"
"dragonflight_category_confirmed","True","19345","Molten Incursion","Defeat the following bosses that burn the Wellspring Temple within Amirdrassil, the Dream's Hope.","15468","Dragonflight Raid","151496","0","0","10"
"dragonflight_category_confirmed","True","19346","The Viridian Weave","Defeat the following bosses that attack all interlopers within Amirdrassil, the Dream's Hope.","15468","Dragonflight Raid","151499","0","0","10"
"dragonflight_category_confirmed","True","19347","Fate of Amirdrassil","Defeat the following bosses that threaten Amirdrassil's existence within Amirdrassil, the Dream's Hope.","15468","Dragonflight Raid","151502","0","0","10"
"snapshot_candidate","True","19348","Gnarlroot kills (Raid Finder Amirdrassil, the Dream's Hope)","","15469","Dragonflight","151505","0","1","0"
"snapshot_candidate","True","19349","Glory of the Dream Raider","Complete the Amirdrassil, the Dream's Hope raid achievements listed below.","168","Dungeons & Raids","151522","210060","143360","25"
"snapshot_candidate","True","19350","Ahead of the Curve: Fyrakk the Blazing","Defeat Fyrakk the Blazing in Amirdrassil, the Dream's Hope on Heroic difficulty or higher, before the release of the next raid tier.","15271","Raids","151532","0","6144","0"
"snapshot_candidate","True","19351","Cutting Edge: Fyrakk the Blazing","Defeat Fyrakk the Blazing in Amirdrassil, the Dream's Hope on Mythic difficulty, before the release of the next raid tier.","15271","Raids","151534","0","6144","0"
"snapshot_candidate","True","19352","Igira the Cruel kills (Raid Finder Amirdrassil, the Dream's Hope)","","15469","Dragonflight","151536","0","1","0"
"snapshot_candidate","True","19353","Volcoross kills (Raid Finder Amirdrassil, the Dream's Hope)","","15469","Dragonflight","151538","0","1","0"
"snapshot_candidate","True","19354","Council of Dreams kills (Raid Finder Amirdrassil, the Dream's Hope)","","15469","Dragonflight","151540","0","1","0"
"snapshot_candidate","True","19355","Larodar, Keeper of the Flame kills (Raid Finder Amirdrassil, the Dream's Hope)","","15469","Dragonflight","151542","0","1","0"
"snapshot_candidate","True","19356","Nymue, Warden of the Cycle kills (Raid Finder Amirdrassil, the Dream's Hope)","","15469","Dragonflight","151544","0","1","0"
"snapshot_candidate","True","19357","Smolderon kills (Raid Finder Amirdrassil, the Dream's Hope)","","15469","Dragonflight","151546","0","1","0"
"snapshot_candidate","True","19358","Tindral Sageswift, Seer of the Flame kills (Raid Finder Amirdrassil, the Dream's Hope)","","15469","Dragonflight","151548","0","1","0"
"snapshot_candidate","True","19359","Fyrakk the Blazing kills (Raid Finder Amirdrassil, the Dream's Hope)","","15469","Dragonflight","151550","0","1","0"
"snapshot_candidate","True","19360","Gnarlroot kills (Normal Amirdrassil, the Dream's Hope)","","15469","Dragonflight","151552","0","1","0"
"snapshot_candidate","True","19361","Igira the Cruel kills (Normal Amirdrassil, the Dream's Hope)","","15469","Dragonflight","151554","0","1","0"
"snapshot_candidate","True","19362","Volcoross kills (Normal Amirdrassil, the Dream's Hope)","","15469","Dragonflight","151556","0","1","0"
"snapshot_candidate","True","19363","Council of Dreams kills (Normal Amirdrassil, the Dream's Hope)","","15469","Dragonflight","151558","0","1","0"
"snapshot_candidate","True","19364","Larodar, Keeper of the Flame kills (Normal Amirdrassil, the Dream's Hope)","","15469","Dragonflight","151560","0","1","0"
"snapshot_candidate","True","19365","Nymue, Weaver of the Cycle kills (Normal Amirdrassil, the Dream's Hope)","","15469","Dragonflight","151562","0","1","0"
"snapshot_candidate","True","19366","Smolderon kills (Normal Amirdrassil, the Dream's Hope)","","15469","Dragonflight","151564","0","1","0"
"snapshot_candidate","True","19367","Tindral Sageswift, Seer of the Flame kills (Normal Amirdrassil, the Dream's Hope)","","15469","Dragonflight","151566","0","1","0"
"snapshot_candidate","True","19368","Fyrakk the Blazing kills (Normal Amirdrassil, the Dream's Hope)","","15469","Dragonflight","151568","0","1","0"
"snapshot_candidate","True","19369","Gnarlroot kills (Heroic Amirdrassil, the Dream's Hope)","","15469","Dragonflight","151570","0","1","0"
"snapshot_candidate","True","19370","Igira the Cruel kills (Heroic Amirdrassil, the Dream's Hope)","","15469","Dragonflight","151572","0","1","0"
"snapshot_candidate","True","19371","Volcoross kills (Heroic Amirdrassil, the Dream's Hope)","","15469","Dragonflight","151574","0","1","0"
"snapshot_candidate","True","19372","Council of Dreams kills (Heroic Amirdrassil, the Dream's Hope)","","15469","Dragonflight","151576","0","1","0"
"snapshot_candidate","True","19373","Larodar, Keeper of the Flame kills (Heroic Amirdrassil, the Dream's Hope)","","15469","Dragonflight","151578","0","1","0"
"snapshot_candidate","True","19374","Nymue, Weaver of the Cycle kills (Heroic Amirdrassil, the Dream's Hope)","","15469","Dragonflight","151580","0","1","0"
"snapshot_candidate","True","19375","Smolderon kills (Heroic Amirdrassil, the Dream's Hope)","","15469","Dragonflight","151582","0","1","0"
"snapshot_candidate","True","19376","Tindral Sageswift, Seer of the Flame kills (Heroic Amirdrassil, the Dream's Hope)","","15469","Dragonflight","151584","0","1","0"
"snapshot_candidate","True","19377","Fyrakk the Blazing kills (Heroic Amirdrassil, the Dream's Hope)","","15469","Dragonflight","151586","0","1","0"
"snapshot_candidate","True","19378","Gnarlroot kills (Mythic Amirdrassil, the Dream's Hope)","","15469","Dragonflight","151588","0","1","0"
"snapshot_candidate","True","19379","Igira the Cruel kills (Mythic Amirdrassil, the Dream's Hope)","","15469","Dragonflight","151590","0","1","0"
"snapshot_candidate","True","19380","Volcoross kills (Mythic Amirdrassil, the Dream's Hope)","","15469","Dragonflight","151592","0","1","0"
"snapshot_candidate","True","19381","Council of Dreams kills (Mythic Amirdrassil, the Dream's Hope)","","15469","Dragonflight","151594","0","1","0"
"snapshot_candidate","True","19382","Larodar, Keeper of the Flame kills (Mythic Amirdrassil, the Dream's Hope)","","15469","Dragonflight","151596","0","1","0"
"snapshot_candidate","True","19383","Nymue, Weaver of the Cycle kills (Mythic Amirdrassil, the Dream's Hope)","","15469","Dragonflight","151598","0","1","0"
"snapshot_candidate","True","19384","Smolderon kills (Mythic Amirdrassil, the Dream's Hope)","","15469","Dragonflight","151600","0","1","0"
"snapshot_candidate","True","19385","Tindral Sageswift, Seer of the Flame kills (Mythic Amirdrassil, the Dream's Hope)","","15469","Dragonflight","151602","0","1","0"
"snapshot_candidate","True","19386","Fyrakk the Blazing kills (Mythic Amirdrassil, the Dream's Hope)","","15469","Dragonflight","151604","0","1","0"
"snapshot_candidate","True","19387","Amirdrassil, the Dream's Hope Guild Run","Defeat the following bosses in Amirdrassil, the Dream's Hope on Normal difficulty or higher while in a guild group.","15471","Dragonflight Raid","151606","0","61440","10"
"snapshot_candidate","True","19388","Heroic: Amirdrassil, the Dream's Hope Guild Run","Defeat the following bosses in Amirdrassil, the Dream's Hope on Heroic difficulty or higher while in a guild group.","15471","Dragonflight Raid","151616","0","61440","10"
"snapshot_candidate","True","19389","Mythic: Fyrakk the Blazing Guild Run","Defeat Fyrakk the Blazing in Amirdrassil, the Dream's Hope on Mythic difficulty while in a guild group.","15471","Dragonflight Raid","151626","0","61440","10"
"dragonflight_category_confirmed","True","19390","Memories of Teldrassil","Defeat Fyrakk the Blazing after collecting six Memories of Teldrassil and returning their spirits to the Heart of Amirdrassil in Amirdrassil, the Dream's Hope on Normal difficulty or higher.","15468","Dragonflight Raid","153084","0","0","10"
"internal_dnt","True","19391","[DNT] Hidden - Fyr'alath - Heroic/Mythic Marker","","15468","Dragonflight Raid","151630","0","1048580","0"
"snapshot_candidate","True","19392","Hall of Fame: Fyrakk the Blazing","Among the first two hundred guilds worldwide to defeat Fyrakk the Blazing on Mythic difficulty.","15093","Guild Feats of Strength","151636","0","4258304","0"
"dragonflight_category_confirmed","True","19393","Whelp, I'm Lost","Defeat Tindral Sageswift after rescuing 6 Lost Whelps in Amirdrassil, the Dream's Hope on Normal Difficulty or higher.","15468","Dragonflight Raid","152985","0","0","10"
"dragonflight_category_confirmed","True","19394","A Dream Within a Dream","Defeat Nymue, Weaver of the Cycle after successfully collecting 5 Dream Projections while asleep and defeating the Manifested Monarch in Amirdrassil, the Dream's Hope on Normal Difficulty or Higher.","15468","Dragonflight Raid","151638","0","0","10"
"dragonflight_category_hidden","True","19395","<Hidden> Account has completed 10.2 Upgrade System tutorial quests","","15455","Dragonflight","151648","0","3276804","0"
"snapshot_candidate","True","19396","Dragonflight Season 3 Master","Complete one of the achievements listed below.","81","Feats of Strength","151654","0","0","0"
"snapshot_candidate","True","19397","Dreaming of Wyrms","Outgrow the use of Drake's Dreaming Crests during Dragonflight Season 3.","81","Feats of Strength","151682","210180","2048","0"
"snapshot_candidate","True","19398","Dreaming of the Aspects","Outgrow the use of Wyrm's Dreaming Crests during Dragonflight Season 3.","81","Feats of Strength","151684","210180","2048","0"
"snapshot_candidate","True","19400","Support Your Local Artisans","Donate a total of 50,000 gold to the Artisan's Consortium in support of the Gala of Gifts.","187","Love is in the Air","151725","0","0","10"
"snapshot_candidate","True","19401","Emerald Dream Safari","In the Emerald Dream, catch all of the battle pets listed below.","15118","Collect","151729","0","131072","5"
"snapshot_candidate","True","19411","Battleground Blitz Novice","Complete 10 victories in Battleground Blitz.","95","Player vs. Player","151788","0","0","5"
"snapshot_candidate","True","19412","Battleground Blitz Apprentice","Complete 25 victories in Battleground Blitz.","95","Player vs. Player","151792","0","0","10"
"snapshot_candidate","True","19413","Battleground Blitz Veteran","Complete 50 victories in Battleground Blitz.","95","Player vs. Player","151794","0","0","15"
"snapshot_candidate","True","19416","Learning the Ropes","Participate in 25 matches in Battleground Blitz.","95","Player vs. Player","151798","0","0","15"
"snapshot_candidate","True","19417","Brawlroom Blitzer","Participate in 50 matches in Battleground Blitz.","95","Player vs. Player","151800","0","0","10"
"snapshot_candidate","True","19418","Battle-scarred Battler","Participate in 100 matches in Battleground Blitz.","95","Player vs. Player","151802","0","0","15"
"snapshot_candidate","True","19420","Dragonflight Season 3 Hero","Complete one of the achievements listed below.","81","Feats of Strength","151840","0","131072","0"
"snapshot_candidate","True","19421","Whelpling's Dreaming Crests earned","","130","Character","151844","0","5","0"
"snapshot_candidate","True","19422","Drake's Dreaming Crests earned","","130","Character","151846","0","5","0"
"snapshot_candidate","True","19423","Wyrm's Dreaming Crests earned","","130","Character","151848","0","5","0"
"snapshot_candidate","True","19424","Aspect's Dreaming Crests earned","","130","Character","151850","0","5","0"
"snapshot_candidate","True","19442","Fire Catwalk With Me","Collect an armor set from Amirdrassil, the Dream's Hope.","15259","Appearances","152031","0","131072","10"
"snapshot_candidate","True","19443","Battle Mender: Dragonflight Season 3","Win 50 Solo Shuffle rounds as a Healer at or above Rival I during Dragonflight Season 3.","15270","Player vs. Player","152098","0","2048","0"
"internal_dnt","True","19447","<DNT> Eggs in Abundance Completed","","15466","Dragonflight","153013","0","3276800","0"
"snapshot_candidate","True","19449","Dreaming Hero: Dragonflight Season 3","End Dragonflight Mythic+ Season 3 with a Mythic+ Rating in the top 0.1% of all players in your region.","15272","Dungeons","153081","0","14336","0"
"snapshot_candidate","True","19450","Fyr'alath the Dreamrender","Wielder of Fyr'alath the Dreamrender.","15271","Raids","153146","0","2048","0"
"internal_dnt","True","19451","<DNT> Fandral's Flamescythe Acquisition","","92","Character","153169","0","3276800","0"
"snapshot_candidate","True","19453","Draconic Legend: Dragonflight Season 4","End Dragonflight PvP Season 4 in the top 0.1% of the Solo Shuffle ladder (requires 50 games won in Dragonflight Season 4).","15270","Player vs. Player","0","0","14336","0"
"snapshot_candidate","True","19454","Draconic Gladiator: Dragonflight Season 4","End Dragonflight PvP Season 4 in the top 0.1% of the 3v3 arena ladder (requires 150 games won in Dragonflight Season 4).","15270","Player vs. Player","0","0","14336","0"
"snapshot_candidate","True","19455","Hero of the Alliance: Draconic","End Dragonflight Season 4 in the top 0.5% of the rated battleground ladder (requires 50 games won in Dragonflight Season 4).","15270","Player vs. Player","0","0","14336","0"
"snapshot_candidate","True","19456","Hero of the Horde: Draconic","End Dragonflight Season 4 in the top 0.5% of the rated battleground ladder (requires 50 games won in Dragonflight Season 4).","15270","Player vs. Player","0","0","14336","0"
"snapshot_candidate","True","19458","A World Awoken","Usher in the second Age of Dragons by completing the following achievements.","15301","Expansion Features","153272","210142","229376","100"
"dragonflight_category_confirmed","True","19461","Kissed by the Wind","Obtained a transformative blessing from Ohn'ahra herself.","15465","Dragon Isles","153294","0","131072","5"
"dragonflight_category_confirmed","True","19463","Dragon Quests","Complete each of the Dragonflight Quest Achievements listed below.","15455","Dragonflight","153299","0","131072","20"
"dragonflight_category_confirmed","True","19466","Oh My God, They Were Clutchmates","Complete each of the Dragonflight Reputation achievements listed below.","15466","Dragonflight","153317","0","131072","40"
"dragonflight_category_confirmed","True","19478","Now THIS is Dragon Racing!","Complete each of the Dragonriding achievements listed below.","15462","Dragonriding","153389","0","131072","30"
"dragonflight_category_confirmed","True","19479","Wake Me Up","Aid the Dragonscale Expedition and the Waking Shores by completing the achievements below.","15465","Dragon Isles","153401","198822","131072","20"
"dragonflight_category_confirmed","True","19481","Centaur of Attention","Aid the Maruuk Centaur by completing the achievements below.","15465","Dragon Isles","153410","192792","131072","20"
"dragonflight_category_confirmed","True","19482","Army of the Fed","Aid the Iskaara Tuskarr by completing the achievements below.","15465","Dragon Isles","153419","192788","131072","20"
"dragonflight_category_confirmed","True","19483","Flight Club","Aid the Valdrakken Accord by completing the achievements below.","15465","Dragon Isles","153428","211862","131072","20"
"dragonflight_category_confirmed","True","19485","Closing Time","Aid the Timewalkers by completing the achievements below.","15465","Dragon Isles","153440","192765","131072","20"
"dragonflight_category_confirmed","True","19486","Across the Isles","Aid the Dragon Isles by completing the achievements below.","15465","Dragon Isles","153451","192751","131072","40"
"snapshot_candidate","True","19490","Gladiator: Dragonflight Season 4","Win 50 3v3 games while at Elite rank during Dragonflight Season 4.","15270","Player vs. Player","153499","210077","14336","0"
"snapshot_candidate","True","19492","Duelist: Dragonflight Season 4","Earn the rank of Duelist during Dragonflight Season 4.","15270","Player vs. Player","153503","0","17053696","0"
"snapshot_candidate","True","19493","Rival I: Dragonflight Season 4","Earn the rank of Rival I during Dragonflight Season 4.","15270","Player vs. Player","153510","0","14336","0"
"snapshot_candidate","True","19494","Combatant I: Dragonflight Season 4","Earn the rank of Combatant I during Dragonflight Season 4.","15270","Player vs. Player","153535","0","2048","0"
"snapshot_candidate","True","19495","Combatant II: Dragonflight Season 4","Earn the rank of Combatant II during Dragonflight Season 4.","15270","Player vs. Player","153530","0","2048","0"
"snapshot_candidate","True","19497","Challenger I: Dragonflight Season 4","Earn the rank of Challenger I during Dragonflight Season 4.","15270","Player vs. Player","153515","0","14336","0"
"snapshot_candidate","True","19498","Rival II: Dragonflight Season 4","Earn the rank of Rival II during Dragonflight Season 4.","15270","Player vs. Player","153520","0","14336","0"
"snapshot_candidate","True","19499","Challenger II: Dragonflight Season 4","Earn the rank of Challenger II during Dragonflight Season 4.","15270","Player vs. Player","153525","0","14336","0"
"snapshot_candidate","True","19500","Legend: Dragonflight Season 4","Win 100 Rated Solo Shuffle rounds while at Elite rank during Dragonflight Season 4.","165","Arena","153501","0","12288","0"
"snapshot_candidate","True","19501","Draconic Combatant","","15270","Player vs. Player","153540","213439","1179648","0"
"snapshot_candidate","True","19502","Draconic Combatant","","15270","Player vs. Player","153542","213440","1179648","0"
"snapshot_candidate","True","19503","Draconic Gladiator's Drake","Obtain the Draconic Gladiator's Drake from Dragonflight Season 4.","15269","Mounts","153544","0","145408","0"
"dragonflight_category_confirmed","True","19507","Fringe Benefits","Complete 8 of the following daily quests in Eon's Fringe.","15455","Dragonflight","153552","0","0","5"
"snapshot_candidate","True","19508","Love Language Expert","Deliver all of the following gifts to Lovely Guests at the Steam Pools Resort.","187","Love is in the Air","153617","0","0","10"
"snapshot_candidate","True","19509","Elite: Dragonflight Season 4","Earn the rank of Elite during Dragonflight Season 4.","15270","Player vs. Player","153546","0","17053696","0"
"snapshot_candidate","True","19513","Battle Mender: Dragonflight Season 4","Win 50 Solo Shuffle rounds as a Healer at or above Rival I during Dragonflight Season 4.","15270","Player vs. Player","153765","0","2048","0"
"snapshot_candidate","True","19538","Whelpling's Awakened Crests earned","","130","Character","153783","0","1048581","0"
"snapshot_candidate","True","19539","Drake's Awakened Crests earned","","130","Character","153785","0","1048581","0"
"snapshot_candidate","True","19540","Wyrm's Awakened Crests earned","","130","Character","153787","0","1048581","0"
"snapshot_candidate","True","19541","Aspect's's Awakened Crests earned","","130","Character","153789","0","1048581","0"
"snapshot_candidate","True","19551","Vicious Saddle (39)","","15270","Player vs. Player","153799","103533","1179648","0"
"snapshot_candidate","True","19564","Awakened Storms","Defeat the following bosses on Normal difficulty while Vault of the Incarnates is an Awakened raid.","81","Feats of Strength","153874","0","0","0"
"snapshot_candidate","True","19565","Heroic: Awakened Storms","Defeat the following bosses on Heroic difficulty while Vault of the Incarnates is an Awakened raid.","81","Feats of Strength","153885","0","0","0"
"snapshot_candidate","True","19566","Mythic: Awakened Storms","Defeat the following bosses on Mythic difficulty while Vault of the Incarnates is an Awakened raid.","81","Feats of Strength","153896","0","0","0"
"snapshot_candidate","True","19567","Awakened Shadows","Defeat the following bosses on Normal difficulty while Aberrus is an Awakened raid.","81","Feats of Strength","153907","0","0","0"
"snapshot_candidate","True","19568","Heroic: Awakened Shadows","Defeat the following bosses on Heroic difficulty while Aberrus is an Awakened raid.","81","Feats of Strength","153918","0","0","0"
"snapshot_candidate","True","19569","Mythic: Awakened Shadows","Defeat the following bosses on Mythic difficulty while Aberrus is an Awakened raid.","81","Feats of Strength","153929","0","0","0"
"snapshot_candidate","True","19570","Awakened Flames","Defeat the following bosses on Normal difficulty while Amirdrassil is an Awakened raid.","81","Feats of Strength","153940","0","0","0"
"snapshot_candidate","True","19571","Heroic: Awakened Flames","Defeat the following bosses on Heroic difficulty while Amirdrassil is an Awakened raid.","81","Feats of Strength","153951","0","0","0"
"snapshot_candidate","True","19572","Mythic: Awakened Flames","Defeat the following bosses on Mythic difficulty while Amirdrassil is an Awakened raid.","81","Feats of Strength","153962","0","0","0"
"snapshot_candidate","True","19574","Awakening the Dragonflight Raids","Complete all three Awakened raids on Normal difficulty or higher in Dragonflight Season 4.","81","Feats of Strength","153973","217340","229376","0"
"snapshot_candidate","True","19575","Heroic: Awakening the Dragonflight Raids","Complete all three Awakened raids on Heroic difficulty or higher in Dragonflight Season 4.","81","Feats of Strength","153977","0","229376","0"
"snapshot_candidate","True","19576","Mythic: Awakening the Dragonflight Raids","Complete all three Awakened raids on Mythic difficulty or higher in Dragonflight Season 4.","81","Feats of Strength","153981","0","229376","0"
"snapshot_candidate","True","19577","The Awakened Drake","Outgrow the use of Whelpling's Awakened Crests during Dragonflight Season 4.","81","Feats of Strength","153998","212458","1050624","0"
"snapshot_candidate","True","19578","The Awakened Wyrm","Outgrow the use of Drake's Awakened Crests during Dragonflight Season 4.","81","Feats of Strength","154002","212458","1050624","0"
"snapshot_candidate","True","19579","The Awakened Aspects","Outgrow the use of Wyrm's Awakened Crests during Dragonflight Season 4.","81","Feats of Strength","154006","212458","1050624","0"
"dragonflight_category_hidden","True","19582","Blackriver Burble: Bronze","Complete Northrend Blackriver Burble.","15462","Dragonriding","0","0","1048576","0"
"dragonflight_category_hidden","True","19583","Blackriver Burble: Silver","Get Silver ranked time for Northrend Blackriver Burble.","15462","Dragonriding","0","0","1048576","0"
"dragonflight_category_hidden","True","19584","Blackriver Burble: Gold","Get Gold ranked time for Northrend Blackriver Burble.","15462","Dragonriding","0","0","1048576","0"
"dragonflight_category_hidden","True","19585","Blackriver Burble Advanced: Bronze","Complete Northrend Blackriver Burble Advanced.","15462","Dragonriding","0","0","1048576","0"
"dragonflight_category_hidden","True","19586","Blackriver Burble Advanced: Silver","Get Silver ranked time for Northrend Blackriver Burble Advanced.","15462","Dragonriding","0","0","1048576","0"
"dragonflight_category_hidden","True","19587","Blackriver Burble Advanced: Gold","Get Gold ranked time for Northrend Blackriver Burble Advanced.","15462","Dragonriding","0","0","1048576","0"
"dragonflight_category_hidden","True","19588","Blackriver Burble Reverse: Bronze","Complete Northrend Blackriver Burble Reverse.","15462","Dragonriding","0","0","1048576","0"
"dragonflight_category_hidden","True","19589","Blackriver Burble Reverse: Silver","Get Silver ranked time for Northrend Blackriver Burble Reverse.","15462","Dragonriding","0","0","1048576","0"
"dragonflight_category_hidden","True","19590","Blackriver Burble Reverse: Gold","Get Gold ranked time for Northrend Blackriver Burble Reverse.","15462","Dragonriding","0","0","1048576","0"
"dragonflight_category_hidden","True","19591","Zul'Drak Zephyr: Bronze","Complete Northrend Zul'Drak Zephyr.","15462","Dragonriding","0","0","1048576","0"
"dragonflight_category_hidden","True","19592","Zul'Drak Zephyr: Silver","Get Silver ranked time for Northrend Zul'Drak Zephyr.","15462","Dragonriding","0","0","1048576","0"
"dragonflight_category_hidden","True","19593","Zul'Drak Zephyr: Gold","Get Gold ranked time for Northrend Zul'Drak Zephyr.","15462","Dragonriding","0","0","1048576","0"
"dragonflight_category_hidden","True","19594","Zul'Drak Zephyr Advanced: Bronze","Complete Northrend Zul'Drak Zephyr Advanced.","15462","Dragonriding","0","0","1048576","0"
"dragonflight_category_hidden","True","19595","Zul'Drak Zephyr Advanced: Silver","Get Silver ranked time for Northrend Zul'Drak Zephyr Advanced.","15462","Dragonriding","0","0","1048576","0"
"dragonflight_category_hidden","True","19596","Zul'Drak Zephyr Advanced: Gold","Get Gold ranked time for Northrend Zul'Drak Zephyr Advanced.","15462","Dragonriding","0","0","1048576","0"
"dragonflight_category_hidden","True","19597","Zul'Drak Zephyr Reverse: Bronze","Complete Northrend Zul'Drak Zephyr Reverse.","15462","Dragonriding","0","0","1048576","0"
"dragonflight_category_hidden","True","19598","Zul'Drak Zephyr Reverse: Silver","Get Silver ranked time for Northrend Zul'Drak Zephyr Reverse.","15462","Dragonriding","0","0","1048576","0"
"dragonflight_category_hidden","True","19599","Zul'Drak Zephyr Reverse: Gold","Get Gold ranked time for Northrend Zul'Drak Zephyr Reverse.","15462","Dragonriding","0","0","1048576","0"
"dragonflight_category_hidden","True","19600","Makers' Marathon: Bronze","Complete Northrend Makers' Marathon.","15462","Dragonriding","0","0","1048576","0"
"dragonflight_category_hidden","True","19601","Makers' Marathon: Silver","Get Silver ranked time for Northrend Makers' Marathon.","15462","Dragonriding","0","0","1048576","0"
"dragonflight_category_hidden","True","19602","Makers' Marathon: Gold","Get Gold ranked time for Northrend Makers' Marathon.","15462","Dragonriding","0","0","1048576","0"
"dragonflight_category_hidden","True","19603","Makers' Marathon Advanced: Bronze","Complete Northrend Makers' Marathon Advanced.","15462","Dragonriding","0","0","1048576","0"
"dragonflight_category_hidden","True","19604","Makers' Marathon Advanced: Silver","Get Silver ranked time for Northrend Makers' Marathon Advanced.","15462","Dragonriding","0","0","1048576","0"
"dragonflight_category_hidden","True","19605","Makers' Marathon Advanced: Gold","Get Gold ranked time for Northrend Makers' Marathon Advanced.","15462","Dragonriding","0","0","1048576","0"
"dragonflight_category_hidden","True","19606","Makers' Marathon Reverse: Bronze","Complete Northrend Makers' Marathon Reverse.","15462","Dragonriding","0","0","1048576","0"
"dragonflight_category_hidden","True","19607","Makers' Marathon Reverse: Silver","Get Silver ranked time for Northrend Makers' Marathon Reverse.","15462","Dragonriding","0","0","1048576","0"
"dragonflight_category_hidden","True","19608","Makers' Marathon Reverse: Gold","Get Gold ranked time for Northrend Makers' Marathon Reverse.","15462","Dragonriding","0","0","1048576","0"
"dragonflight_category_hidden","True","19609","Crystalsong Crisis: Bronze","Complete Northrend Crystalsong Crisis.","15462","Dragonriding","0","0","1048576","0"
"dragonflight_category_hidden","True","19610","Crystalsong Crisis: Silver","Get Silver ranked time for Northrend Crystalsong Crisis.","15462","Dragonriding","0","0","1048576","0"
"dragonflight_category_hidden","True","19611","Crystalsong Crisis: Gold","Get Gold ranked time for Northrend Crystalsong Crisis.","15462","Dragonriding","0","0","1048576","0"
"dragonflight_category_hidden","True","19612","Crystalsong Crisis Advanced: Bronze","Complete Northrend Crystalsong Crisis Advanced.","15462","Dragonriding","0","0","1048576","0"
"dragonflight_category_hidden","True","19613","Crystalsong Crisis Advanced: Silver","Get Silver ranked time for Northrend Crystalsong Crisis Advanced.","15462","Dragonriding","0","0","1048576","0"
"dragonflight_category_hidden","True","19614","Crystalsong Crisis Advanced: Gold","Get Gold ranked time for Northrend Crystalsong Crisis Advanced.","15462","Dragonriding","0","0","1048576","0"
"dragonflight_category_hidden","True","19615","Crystalsong Crisis Reverse: Bronze","Complete Northrend Crystalsong Crisis Reverse.","15462","Dragonriding","0","0","1048576","0"
"dragonflight_category_hidden","True","19616","Crystalsong Crisis Reverse: Silver","Get Silver ranked time for Northrend Crystalsong Crisis Reverse.","15462","Dragonriding","0","0","1048576","0"
"dragonflight_category_hidden","True","19617","Crystalsong Crisis Reverse: Gold","Get Gold ranked time for Northrend Crystalsong Crisis Reverse.","15462","Dragonriding","0","0","1048576","0"
"dragonflight_category_hidden","True","19618","Dragonblight Dragon Flight: Bronze","Complete Northrend Dragonblight Dragon Flight.","15462","Dragonriding","0","0","1048576","0"
"dragonflight_category_hidden","True","19619","Dragonblight Dragon Flight: Silver","Get Silver ranked time for Northrend Dragonblight Dragon Flight.","15462","Dragonriding","0","0","1048576","0"
"dragonflight_category_hidden","True","19620","Dragonblight Dragon Flight: Gold","Get Gold ranked time for Northrend Dragonblight Dragon Flight.","15462","Dragonriding","0","0","1048576","0"
"dragonflight_category_hidden","True","19621","Dragonblight Dragon Flight Advanced: Bronze","Complete Northrend Dragonblight Dragon Flight Advanced.","15462","Dragonriding","0","0","1048576","0"
"dragonflight_category_hidden","True","19622","Dragonblight Dragon Flight Advanced: Silver","Get Silver ranked time for Northrend Dragonblight Dragon Flight Advanced.","15462","Dragonriding","0","0","1048576","0"
"dragonflight_category_hidden","True","19623","Dragonblight Dragon Flight Advanced: Gold","Get Gold ranked time for Northrend Dragonblight Dragon Flight Advanced.","15462","Dragonriding","0","0","1048576","0"
"dragonflight_category_hidden","True","19624","Dragonblight Dragon Flight Reverse: Bronze","Complete Northrend Dragonblight Dragon Flight Reverse.","15462","Dragonriding","0","0","1048576","0"
"dragonflight_category_hidden","True","19625","Dragonblight Dragon Flight Reverse: Silver","Get Silver ranked time for Northrend Dragonblight Dragon Flight Reverse.","15462","Dragonriding","0","0","1048576","0"
"dragonflight_category_hidden","True","19626","Dragonblight Dragon Flight Reverse: Gold","Get Gold ranked time for Northrend Dragonblight Dragon Flight Reverse.","15462","Dragonriding","0","0","1048576","0"
"dragonflight_category_hidden","True","19627","Citadel Sortie: Bronze","Complete Northrend Citadel Sortie.","15462","Dragonriding","0","0","1048576","0"
"dragonflight_category_hidden","True","19628","Citadel Sortie: Silver","Get Silver ranked time for Northrend Citadel Sortie.","15462","Dragonriding","0","0","1048576","0"
"dragonflight_category_hidden","True","19629","Citadel Sortie: Gold","Get Gold ranked time for Northrend Citadel Sortie.","15462","Dragonriding","0","0","1048576","0"
"dragonflight_category_hidden","True","19630","Citadel Sortie Advanced: Bronze","Complete Northrend Citadel Sortie Advanced.","15462","Dragonriding","0","0","1048576","0"
"dragonflight_category_hidden","True","19631","Citadel Sortie Advanced: Silver","Get Silver ranked time for Northrend Citadel Sortie Advanced.","15462","Dragonriding","0","0","1048576","0"
"dragonflight_category_hidden","True","19632","Citadel Sortie Advanced: Gold","Get Gold ranked time for Northrend Citadel Sortie Advanced.","15462","Dragonriding","0","0","1048576","0"
"dragonflight_category_hidden","True","19633","Citadel Sortie Reverse: Bronze","Complete Northrend Citadel Sortie Reverse.","15462","Dragonriding","0","0","1048576","0"
"dragonflight_category_hidden","True","19634","Citadel Sortie Reverse: Silver","Get Silver ranked time for Northrend Citadel Sortie Reverse.","15462","Dragonriding","0","0","1048576","0"
"dragonflight_category_hidden","True","19635","Citadel Sortie Reverse: Gold","Get Gold ranked time for Northrend Citadel Sortie Reverse.","15462","Dragonriding","0","0","1048576","0"
"dragonflight_category_hidden","True","19636","Sholazar Spree: Bronze","Complete Northrend Sholazar Spree.","15462","Dragonriding","0","0","1048576","0"
"dragonflight_category_hidden","True","19637","Sholazar Spree: Silver","Get Silver ranked time for Northrend Sholazar Spree.","15462","Dragonriding","0","0","1048576","0"
"dragonflight_category_hidden","True","19638","Sholazar Spree: Gold","Get Gold ranked time for Northrend Sholazar Spree.","15462","Dragonriding","0","0","1048576","0"
"dragonflight_category_hidden","True","19639","Sholazar Spree Advanced: Bronze","Complete Northrend Sholazar Spree Advanced.","15462","Dragonriding","0","0","1048576","0"
"dragonflight_category_hidden","True","19640","Sholazar Spree Advanced: Silver","Get Silver ranked time for Northrend Sholazar Spree Advanced.","15462","Dragonriding","0","0","1048576","0"
"dragonflight_category_hidden","True","19641","Sholazar Spree Advanced: Gold","Get Gold ranked time for Northrend Sholazar Spree Advanced.","15462","Dragonriding","0","0","1048576","0"
"dragonflight_category_hidden","True","19642","Sholazar Spree Reverse: Bronze","Complete Northrend Sholazar Spree Reverse.","15462","Dragonriding","0","0","1048576","0"
"dragonflight_category_hidden","True","19643","Sholazar Spree Reverse: Silver","Get Silver ranked time for Northrend Sholazar Spree Reverse.","15462","Dragonriding","0","0","1048576","0"
"dragonflight_category_hidden","True","19644","Sholazar Spree Reverse: Gold","Get Gold ranked time for Northrend Sholazar Spree Reverse.","15462","Dragonriding","0","0","1048576","0"
"dragonflight_category_hidden","True","19647","Geothermal Jaunt: Bronze","Complete Northrend Geothermal Jaunt.","15462","Dragonriding","0","0","1048576","0"
"dragonflight_category_hidden","True","19648","Geothermal Jaunt: Silver","Get Silver ranked time for Northrend Geothermal Jaunt.","15462","Dragonriding","0","0","1048576","0"
"dragonflight_category_hidden","True","19649","Geothermal Jaunt: Gold","Get Gold ranked time for Northrend Geothermal Jaunt.","15462","Dragonriding","0","0","1048576","0"
"dragonflight_category_hidden","True","19650","Geothermal Jaunt Advanced: Bronze","Complete Northrend Geothermal Jaunt Advanced.","15462","Dragonriding","0","0","1048576","0"
"dragonflight_category_hidden","True","19651","Geothermal Jaunt Advanced: Silver","Get Silver ranked time for Northrend Geothermal Jaunt Advanced.","15462","Dragonriding","0","0","1048576","0"
"dragonflight_category_hidden","True","19652","Geothermal Jaunt Advanced: Gold","Get Gold ranked time for Northrend Geothermal Jaunt Advanced.","15462","Dragonriding","0","0","1048576","0"
"dragonflight_category_hidden","True","19653","Geothermal Jaunt Reverse: Bronze","Complete Northrend Geothermal Jaunt Reverse.","15462","Dragonriding","0","0","1048576","0"
"dragonflight_category_hidden","True","19654","Geothermal Jaunt Reverse: Silver","Get Silver ranked time for Northrend Geothermal Jaunt Reverse.","15462","Dragonriding","0","0","1048576","0"
"dragonflight_category_hidden","True","19655","Geothermal Jaunt Reverse: Gold","Get Gold ranked time for Northrend Geothermal Jaunt Reverse.","15462","Dragonriding","0","0","1048576","0"
"dragonflight_category_hidden","True","19656","Gundrak Fast Track: Bronze","Complete Northrend Gundrak Fast Track.","15462","Dragonriding","0","0","1048576","0"
"dragonflight_category_hidden","True","19657","Gundrak Fast Track: Silver","Get Silver ranked time for Northrend Gundrak Fast Track.","15462","Dragonriding","0","0","1048576","0"
"dragonflight_category_hidden","True","19658","Gundrak Fast Track: Gold","Get Gold ranked time for Northrend Gundrak Fast Track.","15462","Dragonriding","0","0","1048576","0"
"dragonflight_category_hidden","True","19659","Gundrak Fast Track Advanced: Bronze","Complete Northrend Gundrak Fast Track Advanced.","15462","Dragonriding","0","0","1048576","0"
"dragonflight_category_hidden","True","19660","Gundrak Fast Track Advanced: Silver","Get Silver ranked time for Northrend Gundrak Fast Track Advanced.","15462","Dragonriding","0","0","1048576","0"
"dragonflight_category_hidden","True","19661","Gundrak Fast Track Advanced: Gold","Get Gold ranked time for Northrend Gundrak Fast Track Advanced.","15462","Dragonriding","0","0","1048576","0"
"dragonflight_category_hidden","True","19662","Gundrak Fast Track Reverse: Bronze","Complete Northrend Gundrak Fast Track Reverse.","15462","Dragonriding","0","0","1048576","0"
"dragonflight_category_hidden","True","19663","Gundrak Fast Track Reverse: Silver","Get Silver ranked time for Northrend Gundrak Fast Track Reverse.","15462","Dragonriding","0","0","1048576","0"
"dragonflight_category_hidden","True","19664","Gundrak Fast Track Reverse: Gold","Get Gold ranked time for Northrend Gundrak Fast Track Reverse.","15462","Dragonriding","0","0","1048576","0"
"dragonflight_category_hidden","True","19665","Coldarra Climb: Bronze","Complete Northrend Coldarra Climb.","15462","Dragonriding","0","0","1048576","0"
"dragonflight_category_hidden","True","19666","Coldarra Climb: Silver","Get Silver ranked time for Northrend Coldarra Climb.","15462","Dragonriding","0","0","1048576","0"
"dragonflight_category_hidden","True","19667","Coldarra Climb: Gold","Get Gold ranked time for Northrend Coldarra Climb.","15462","Dragonriding","0","0","1048576","0"
"dragonflight_category_hidden","True","19668","Coldarra Climb Advanced: Bronze","Complete Northrend Coldarra Climb Advanced.","15462","Dragonriding","0","0","1048576","0"
"dragonflight_category_hidden","True","19669","Coldarra Climb Advanced: Silver","Get Silver ranked time for Northrend Coldarra Climb Advanced.","15462","Dragonriding","0","0","1048576","0"
"dragonflight_category_hidden","True","19670","Coldarra Climb Advanced: Gold","Get Gold ranked time for Northrend Coldarra Climb Advanced.","15462","Dragonriding","0","0","1048576","0"
"dragonflight_category_hidden","True","19671","Coldarra Climb Reverse: Bronze","Complete Northrend Coldarra Climb Reverse.","15462","Dragonriding","0","0","1048576","0"
"dragonflight_category_hidden","True","19672","Coldarra Climb Reverse: Silver","Get Silver ranked time for Northrend Coldarra Climb Reverse.","15462","Dragonriding","0","0","1048576","0"
"dragonflight_category_hidden","True","19673","Coldarra Climb Reverse: Gold","Get Gold ranked time for Northrend Coldarra Climb Reverse.","15462","Dragonriding","0","0","1048576","0"
"dragonflight_category_confirmed","True","19674","Northrend: Bronze","Complete all races in Northrend.","15462","Dragonriding","154290","0","0","10"
"dragonflight_category_confirmed","True","19675","Northrend: Silver","Obtain silver in all normal races in Northrend.","15462","Dragonriding","154303","0","0","10"
"dragonflight_category_confirmed","True","19676","Northrend: Gold","Obtain gold in all normal races in Northrend.","15462","Dragonriding","154316","0","0","10"
"dragonflight_category_confirmed","True","19677","Northrend Advanced: Bronze","Complete all advanced races in Northrend.","15462","Dragonriding","154329","0","0","10"
"dragonflight_category_confirmed","True","19679","Northrend Advanced: Silver","Obtain silver in all advanced races in Northrend.","15462","Dragonriding","154344","0","0","10"
"dragonflight_category_confirmed","True","19681","Northrend Advanced: Gold","Obtain gold in all advanced races in Northrend.","15462","Dragonriding","154357","0","0","10"
"dragonflight_category_confirmed","True","19682","Northrend Reverse: Bronze","Complete all reverse races in Northrend.","15462","Dragonriding","154370","0","0","10"
"dragonflight_category_confirmed","True","19683","Northrend Reverse: Silver","Obtain silver in all reverse races in Northrend.","15462","Dragonriding","154383","0","0","10"
"dragonflight_category_confirmed","True","19684","Northrend Reverse: Gold","Obtain gold in all reverse races in Northrend.","15462","Dragonriding","154396","0","0","10"
"dragonflight_category_confirmed","True","19685","Tenured Archivist","Become a Tenured Archivist with the Azerothian Archives in the Dragon Isles.","15466","Dragonflight","154409","0","131072","10"
"dragonflight_category_confirmed","True","19719","Reclamation of Gilneas","Complete the Reclamation of Gilneas storyline.","15455","Dragonflight","154590","0","131072","10"
"dragonflight_category_hidden","True","19720","Reclamation of Gilneas (Hidden Character Achievement)","Complete the Reclamation of Gilneas storyline.","15455","Dragonflight","154595","0","1048580","0"
"dragonflight_category_confirmed","True","19721","Northrend Racing Completionist","Complete all races in Northrend.","15462","Dragonriding","154602","0","0","20"
"dragonflight_category_confirmed","True","19722","Northrend Racing Completionist: Silver","Obtain silver in all races in Northrend.","15462","Dragonriding","154606","0","0","20"
"dragonflight_category_confirmed","True","19723","Northrend Racing Completionist: Gold","Obtain gold in all races in Northrend.","15462","Dragonriding","154610","0","0","20"
"snapshot_candidate","True","19724","Hearthstone Card Collection","Collect all these Hearthstone cards.","15246","Collections","154661","0","0","20"
"snapshot_candidate","True","19780","Dragonflight Keystone Explorer: Season Four","Complete a Mythic+ dungeon within the time limit during Dragonflight Season Four.","15272","Dungeons","156980","0","133120","0"
"snapshot_candidate","True","19781","Dragonflight Keystone Conqueror: Season Four","Attain a Mythic+ Rating of at least 1500 during Dragonflight Season Four.","15272","Dungeons","154805","0","133120","0"
"snapshot_candidate","True","19782","Dragonflight Keystone Master: Season Four","Attain a Mythic+ Rating of at least 2000 during Dragonflight Season Four.","15272","Dungeons","154807","213438","133120","0"
"snapshot_candidate","True","19783","Dragonflight Keystone Hero: Season Four","Attain a Mythic+ Rating of at least 2500 during Dragonflight Season Four.","15272","Dungeons","154809","0","133120","0"
"snapshot_candidate","True","19784","Hearthstone Game Wins","","15176","Legacy","154811","0","5","0"
"snapshot_candidate","True","19785","Draconic Hero: Dragonflight Season 4","End Dragonflight Mythic+ Season 4 with a Mythic+ Rating in the top 0.1% of all players in your region.","15272","Dungeons","154813","0","14336","0"
"dragonflight_category_confirmed","True","19786","When a Rock is Just a Rock","Collect rocks with Roska while Excavating with the Azerothian Archives around the Dragon Isles.","15455","Dragonflight","154825","0","131072","5"
"dragonflight_category_confirmed","True","19787","Clued In","Work with Nirobin to discover Information-Stuffed Clues while Researching with the Azerothian Archives around the Dragon Isles.","15455","Dragonflight","154827","0","131200","5"
"dragonflight_category_confirmed","True","19788","Tome Comber","Complete tomes for Eadweard Dalyngrigge and the Azerothian Archives while participating in The Big Dig.","15455","Dragonflight","154846","0","131072","10"
"dragonflight_category_confirmed","True","19789","Relic Rescuer","Recover relics for Eadweard Dalyngrigge and the Azerothian Archives while participating in The Big Dig.","15455","Dragonflight","154836","0","131072","10"
"dragonflight_category_confirmed","True","19790","The Archives Called, You Answered","Complete the Azerothian Archives achievements listed below.","15455","Dragonflight","154856","0","131072","25"
"dragonflight_category_confirmed","True","19791","Goggle Wobble","Irritate Zenata by using /dance while wearing the Technoscryers when Technoscrying with the Azerothian Archives around the Dragon Isles.","15455","Dragonflight","154863","0","131072","5"
"dragonflight_category_confirmed","True","19792","Just One More Thing","Complete any site's entry in the Tome of Archived Isles Research for Nirobin of the Azerothian Archives.","15455","Dragonflight","154869","0","131072","10"
"dragonflight_category_confirmed","True","19793","Finally At Rest","Acquire The Story of Traitor's Rest entries for Eadweard Dalyngrigge and the Azerothian Archives while participating in The Big Dig.","15455","Dragonflight","154876","0","131200","10"
"snapshot_candidate","True","19866","Hearthstoned: Fiery Edition","Owner of the Fiery Hearthsteed mount from the Hearthstone Anniversary promotion.","15268","Promotions","155078","0","133120","0"
"snapshot_candidate","True","19871","Infinite Power","Equip the Cloak of Infinite Potential.","15509","Remix: Pandaria","154941","0","131072","0"
"snapshot_candidate","True","19872","The Jade Forest","Complete two of the following achievements with a Timerunner.","15509","Remix: Pandaria","154909","0","131072","0"
"snapshot_candidate","True","19873","Valley of the Four Winds","Complete two of the following achievements with a Timerunner.","15509","Remix: Pandaria","154930","0","131072","0"
"snapshot_candidate","True","19874","Krasarang Wilds","Complete one of the following achievements with a Timerunner.","15509","Remix: Pandaria","154931","0","131072","0"
"snapshot_candidate","True","19875","Kun-Lai Summit","Complete two of the following achievements with a Timerunner.","15509","Remix: Pandaria","154932","0","131072","0"
"snapshot_candidate","True","19876","Vale of Eternal Blossoms","Complete two of the following achievements with a Timerunner.","15509","Remix: Pandaria","154933","0","131072","0"
"snapshot_candidate","True","19877","Townlong Steppes","Complete two of the following achievements with a Timerunner.","15509","Remix: Pandaria","154934","0","131072","0"
"snapshot_candidate","True","19878","Dread Wastes","Complete two of the following achievements with a Timerunner.","15509","Remix: Pandaria","154935","0","131072","0"
"snapshot_candidate","True","19879","Landfall","Complete two of the following achievements with a Timerunner.","15509","Remix: Pandaria","154936","0","0","0"
"snapshot_candidate","True","19880","Isle of Thunder","Complete one of the following achievements with a Timerunner.","15509","Remix: Pandaria","154937","0","0","0"
"snapshot_candidate","True","19881","Escalation","Complete three of the following achievements with a Timerunner.","15509","Remix: Pandaria","154938","0","0","0"
"snapshot_candidate","True","19882","Campaign: The Jade Forest","Complete The Jade Forest storylines listed below with a Timerunner.","15510","Quests","155532","0","0","0"
"snapshot_candidate","True","19883","Campaign: The Jade Forest","Complete The Jade Forest storylines listed below with a Timerunner.","15510","Quests","155540","0","0","0"
"snapshot_candidate","True","19884","Campaign: Valley of the Four Winds","Complete the Valley of the Four Winds storylines listed below with a Timerunner.","15510","Quests","155533","0","0","0"
"snapshot_candidate","True","19885","Campaign: Krasarang Wilds","Complete the Krasarang Wilds storylines listed below with a Timerunner.","15510","Quests","155534","0","0","0"
"snapshot_candidate","True","19886","Campaign: Krasarang Wilds","Complete the Krasarang Wilds storylines listed below with a Timerunner.","15510","Quests","155541","0","0","0"
"snapshot_candidate","True","19887","Campaign: Kun-Lai Summit","Complete the Kun-Lai Summit storylines listed below with a Timerunner.","15510","Quests","155535","0","0","0"
"snapshot_candidate","True","19888","Campaign: Kun-Lai Summit","Complete the Kun-Lai Summit storylines listed below with a Timerunner.","15510","Quests","155542","0","0","0"
"snapshot_candidate","True","19889","Campaign: Townlong Steppes","Complete the Townlong Steppes storylines listed below with a Timerunner.","15510","Quests","155536","0","0","0"
"snapshot_candidate","True","19890","Campaign: Dread Wastes","Complete the Dread Wastes storylines listed below with a Timerunner.","15510","Quests","161845","0","0","0"
"snapshot_candidate","True","19891","Campaign: Landfall","Complete the Landfall storyline with a Timerunner.","15510","Quests","155538","0","0","0"
"snapshot_candidate","True","19892","Campaign: Isle of Thunder","Complete the Isle of Thunder storylines listed below with a Timerunner.","15510","Quests","155539","0","0","0"
"snapshot_candidate","True","19893","A Brewing Storm","Complete A Brewing Storm scenario with a Timerunner.","15512","Scenarios","155211","0","0","0"
"snapshot_candidate","True","19894","Temple of the Jade Serpent","Complete the Temple of the Jade Serpent with a Timerunner.","15514","Dungeons","154992","0","0","0"
"snapshot_candidate","True","19895","Heroic: Temple of the Jade Serpent","Complete the Temple of the Jade Serpent on Heroic difficulty with a Timerunner.","15514","Dungeons","155205","0","0","0"
"snapshot_candidate","True","19896","Stormstout Brewery","Complete Stormstout Brewery with a Timerunner.","15514","Dungeons","155141","0","0","0"
"snapshot_candidate","True","19897","Heroic: Stormstout Brewery","Complete Stormstout Brewery on Heroic difficulty with a Timerunner.","15514","Dungeons","155203","0","0","0"
"snapshot_candidate","True","19898","Shado-Pan Monastery","Complete Shado-Pan monastery with a Timerunner.","15514","Dungeons","155143","0","0","0"
"snapshot_candidate","True","19899","Heroic: Shado-Pan Monastery","Complete Shado-Pan monastery on Heroic difficulty with a Timerunner.","15514","Dungeons","155201","0","0","0"
"snapshot_candidate","True","19900","Siege of Niuzao Temple","Complete Siege of Niuzao Temple with a Timerunner.","15514","Dungeons","155149","0","0","0"
"snapshot_candidate","True","19901","Heroic: Siege of Niuzao Temple","Complete Siege of Niuzao Temple on Heroic difficulty with a Timerunner.","15514","Dungeons","155195","0","0","0"
"snapshot_candidate","True","19902","Gate of the Setting Sun","Complete Gate of the Setting Sun with a Timerunner.","15514","Dungeons","155147","0","0","0"
"snapshot_candidate","True","19903","Heroic: Gate of the Setting Sun","Complete Gate of the Setting Sun on Heroic difficulty with a Timerunner.","15514","Dungeons","155197","0","0","0"
"snapshot_candidate","True","19904","Mogu'shan Palace","Complete Mogu'shan Palace with a Timerunner.","15514","Dungeons","155145","0","0","0"
"snapshot_candidate","True","19905","Heroic: Mogu'shan Palace","Complete Mogu'shan Palace on Heroic difficulty with a Timerunner.","15514","Dungeons","155199","0","0","0"
"snapshot_candidate","True","19906","Scarlet Halls","Complete Scarlet Halls with a Timerunner.","15514","Dungeons","155185","0","0","0"
"snapshot_candidate","True","19907","Heroic: Scarlet Halls","Complete Scarlet Halls on Heroic difficulty with a Timerunner.","15514","Dungeons","155193","0","0","0"
"snapshot_candidate","True","19908","Scarlet Monastery","Complete Scarlet Monastery with a Timerunner.","15514","Dungeons","155187","0","0","0"
"snapshot_candidate","True","19909","Heroic: Scarlet Monastery","Complete Scarlet Monastery on Heroic difficulty with a Timerunner.","15514","Dungeons","155191","0","0","0"
"snapshot_candidate","True","19910","Scholomance","Complete Scholomance with a Timerunner.","15514","Dungeons","155183","0","0","0"
"snapshot_candidate","True","19911","Heroic: Scholomance","Complete Scholomance on Heroic difficulty with a Timerunner.","15514","Dungeons","155189","0","0","0"
"snapshot_candidate","True","19912","Order of the Cloud Serpent","Earn Exalted status with Order of the Cloud Serpent with a Timerunner.","15513","Reputation","155253","0","0","0"
"snapshot_candidate","True","19913","The August Celestials","Earn Exalted status with the August Celestials with a Timerunner.","15513","Reputation","155255","0","0","0"
"snapshot_candidate","True","19914","Shado-Pan","Earn Exalted status with the Shado-Pan with a Timerunner.","15513","Reputation","155259","0","0","0"
"snapshot_candidate","True","19915","The Klaxxi","Earn Exalted status with the Klaxxi with a Timerunner.","15513","Reputation","155261","0","0","0"
"snapshot_candidate","True","19916","Golden Lotus","Earn Exalted status with the Golden Lotus with a Timerunner.","15513","Reputation","155257","0","0","0"
"snapshot_candidate","True","19917","Operation: Shieldwall","Earn Exalted status with Operation: Shieldwall with a Timerunner.","15513","Reputation","155265","0","0","0"
"snapshot_candidate","True","19918","Dominance Offensive","Earn Exalted status with the Dominance Offensive with a Timerunner.","15513","Reputation","155263","0","0","0"
"snapshot_candidate","True","19919","Kirin Tor Offensive","Earn Exalted status with the Kirin Tor Offensive with a Timerunner.","15513","Reputation","155269","0","0","0"
"snapshot_candidate","True","19920","Sunreaver Onslaught","Earn Exalted status with the Sunreaver Onslaught with a Timerunner.","15513","Reputation","155267","0","0","0"
"snapshot_candidate","True","19921","Shado-Pan Assault","Earn Exalted status with the Shado-Pan Assault with a Timerunner.","15513","Reputation","155271","0","0","0"
"snapshot_candidate","True","19922","Emperor Shaohao","Earn Exalted status with Emperor Shaohao with a Timerunner.","15513","Reputation","155273","0","0","0"
"snapshot_candidate","True","19923","Greenstone Village","Complete the Greenstone Village scenario with a Timerunner.","15512","Scenarios","155207","0","0","0"
"snapshot_candidate","True","19924","Heroic: A Brewing Storm","Complete A Brewing Storm scenario on Heroic difficulty with a Timerunner.","15512","Scenarios","155247","0","0","0"
"snapshot_candidate","True","19925","Unga Ingoo","Complete the Unga Ingoo scenario with a Timerunner.","15512","Scenarios","155209","0","0","0"
"snapshot_candidate","True","19926","Brewmoon Festival","Complete the Brewmoon Festival scenario with a Timerunner.","15512","Scenarios","155213","0","0","0"
"snapshot_candidate","True","19927","Arena of Annihilation","Complete the Arena of Annihilation scenario with a Timerunner.","15512","Scenarios","155215","0","0","0"
"snapshot_candidate","True","19928","Crypt of Forgotten Kings","Complete the Crypt of Forgotten Kings scenario with a Timerunner.","15512","Scenarios","155217","0","0","0"
"snapshot_candidate","True","19929","Heroic: Crypt of Forgotten Kings","Complete the Crypt of Forgotten Kings scenario on Heroic difficulty with a Timerunner.","15512","Scenarios","155245","0","0","0"
"snapshot_candidate","True","19930","Assault on Zan'vess","Complete the Assault on Zan'vess scenario with a Timerunner.","15512","Scenarios","155219","0","0","0"
"snapshot_candidate","True","19931","A Little Patience","Complete A Little Patience scenario with a Timerunner.","15512","Scenarios","155223","0","0","0"
"snapshot_candidate","True","19932","Domination Point","Complete the Domination Point scenario with a Timerunner.","15512","Scenarios","155225","0","0","0"
"snapshot_candidate","True","19933","Dagger in the Dark","Complete the Dagger in the Dark scenario with a Timerunner.","15512","Scenarios","155221","0","0","0"
"snapshot_candidate","True","19934","Battle on the High Seas","Complete the Battle on the High Seas scenario with a Timerunner.","15512","Scenarios","155227","0","0","0"
"snapshot_candidate","True","19935","Heroic: Battle on the High Seas","Complete the Battle on the High Seas scenario on Heroic difficulty with a Timerunner.","15512","Scenarios","155243","0","0","0"
"snapshot_candidate","True","19936","Battle on the High Seas","Complete the Battle on the High Seas scenario with a Timerunner.","15512","Scenarios","155278","0","0","0"
"snapshot_candidate","True","19937","Heroic: Battle on the High Seas","Complete the Battle on the High Seas scenario on Heroic difficulty with a Timerunner.","15512","Scenarios","155276","0","0","0"
"snapshot_candidate","True","19938","Theramore's Fall","Complete the Theramore's Fall scenario with a Timerunner.","15512","Scenarios","155229","0","0","0"
"snapshot_candidate","True","19939","Theramore's Fall","Complete the Theramore's Fall scenario with a Timerunner.","15512","Scenarios","155281","0","0","0"
"snapshot_candidate","True","19940","Blood in the Snow","Complete the Blood in the Snow scenario with a Timerunner.","15512","Scenarios","155231","0","0","0"
"snapshot_candidate","True","19941","Heroic: Blood in the Snow","Complete the Blood in the Snow scenario on Heroic difficulty with a Timerunner.","15512","Scenarios","155239","0","0","0"
"snapshot_candidate","True","19942","Dark Heart of Pandaria","Complete the Dark Heart of Pandaria scenario with a Timerunner.","15512","Scenarios","155233","0","0","0"
"snapshot_candidate","True","19943","Heroic: Dark Heart of Pandaria","Complete the Dark Heart of Pandaria scenario on Heroic difficulty with a Timerunner.","15512","Scenarios","155237","0","0","0"
"snapshot_candidate","True","19944","Secrets of Ragefire","Complete the Secrets of Ragefire scenario with a Timerunner.","15512","Scenarios","155235","0","0","0"
"snapshot_candidate","True","19945","Heroic: Secrets of Ragefire","Complete the Secrets of Ragefire scenario on Heroic difficulty with a Timerunner.","15512","Scenarios","155241","0","0","0"
"snapshot_candidate","True","19946","Raid Finder: Mogu'shan Vaults","Defeat the following enemies in the Mogu'shan Vaults on any difficulty.","15515","Raids","155151","0","0","0"
"snapshot_candidate","True","19947","Mogu'shan Vaults","Defeat the following enemies in the Mogu'shan Vaults on Normal difficulty or higher.","15515","Raids","155169","0","0","0"
"snapshot_candidate","True","19948","Heroic: Mogu'shan Vaults","Defeat the following enemies in the Mogu'shan Vaults on Heroic difficulty.","15515","Raids","155177","0","0","0"
"snapshot_candidate","True","19949","Raid Finder: Heart of Fear","Defeat the following enemies in the Heart of Fear on any difficulty.","15515","Raids","155153","0","0","0"
"snapshot_candidate","True","19950","Heart of Fear","Defeat the following enemies in the Heart of Fear on Normal difficulty or higher.","15515","Raids","155167","0","0","0"
"snapshot_candidate","True","19951","Heroic: Heart of Fear","Defeat the following enemies in the Heart of Fear on Heroic difficulty.","15515","Raids","155175","0","0","0"
"snapshot_candidate","True","19952","Raid Finder: Terrace of Endless Spring","Defeat the following enemies in the Terrace of Endless Spring on any difficulty.","15515","Raids","155155","0","0","0"
"snapshot_candidate","True","19953","Terrace of Endless Spring","Defeat the following enemies in the Terrace of Endless Spring on Normal difficulty or higher.","15515","Raids","155165","0","0","0"
"snapshot_candidate","True","19954","Heroic: Terrace of Endless Spring","Defeat the following enemies in the Terrace of Endless Spring on Heroic difficulty.","15515","Raids","155173","0","0","0"
"snapshot_candidate","True","19955","Raid Finder: Throne of Thunder","Defeat the following enemies in the Throne of Thunder on any difficulty.","15515","Raids","155157","0","0","0"
"snapshot_candidate","True","19956","Throne of Thunder","Defeat the following enemies in the Throne of Thunder on Normal difficulty or higher.","15515","Raids","155163","0","0","0"
"snapshot_candidate","True","19957","Heroic: Throne of Thunder","Defeat the following enemies in the Throne of Thunder on Heroic difficulty.","15515","Raids","155171","0","0","0"
"snapshot_candidate","True","19958","Raid Finder: Siege of Orgrimmar","Defeat the following enemies in the Siege of Orgrimmar on any difficulty.","15515","Raids","155159","0","0","0"
"snapshot_candidate","True","19959","Siege of Orgrimmar","Defeat the following enemies in the Siege of Orgrimmar on Normal difficulty or higher.","15515","Raids","155161","0","0","0"
"snapshot_candidate","True","19960","Heroic: Siege of Orgrimmar","Defeat the following enemies in the Siege of Orgrimmar on Heroic difficulty.","15515","Raids","155179","0","0","0"
"snapshot_candidate","True","19961","Mythic Remix: Siege of Orgrimmar","Defeat the following enemies in the Siege of Orgrimmar on Mythic difficulty with a Timerunner during Mists of Pandaria: Remix.","15271","Raids","155181","0","0","0"
"snapshot_candidate","True","19962","Tour The Jade Forest","Recover treasures, defeat rare enemies, and reveal the covered areas of the Jade Forest with a Timerunner.","15511","Exploration","155038","0","0","0"
"snapshot_candidate","True","19963","Tour Valley of the Four Winds","Recover treasures, defeat rare enemies, and reveal the covered areas of the Valley of the Four Winds with a Timerunner.","15511","Exploration","155042","0","0","0"
"snapshot_candidate","True","19964","Tour Krasarang Wilds","Recover treasures, defeat rare enemies, and reveal the covered areas of Krasarang Wilds with a Timerunner.","15511","Exploration","155046","0","0","0"
"snapshot_candidate","True","19965","Tour Kun-Lai Summit","Recover treasures, defeat rare enemies, and reveal the covered areas of Kun-Lai Summit with a Timerunner.","15511","Exploration","155050","0","0","0"
"snapshot_candidate","True","19966","Tour Townlong Steppes","Recover treasures, defeat rare enemies, and reveal the covered areas of Townlong Steppes with a Timerunner.","15511","Exploration","155054","0","0","0"
"snapshot_candidate","True","19967","Tour Dread Wastes","Defeat rare enemies and reveal the covered areas of the Dread Wastes with a Timerunner.","15511","Exploration","155058","0","0","0"
"snapshot_candidate","True","19970","Tour Timeless Isle","Recover treasures and defeat rare enemies on the Timeless Isle with a Timerunner.","15511","Exploration","155070","0","0","0"
"snapshot_candidate","True","19977","Hidden Treasures: The Jade Forest","Find two of the lost treasures hidden throughout the Jade Forest.","15511","Exploration","155011","0","0","0"
"snapshot_candidate","True","19978","Hidden Treasures: Valley of the Four Winds","Find one of the lost treasures hidden throughout Valley of the Four Winds or The Veiled Stair.","15511","Exploration","155016","0","0","0"
"snapshot_candidate","True","19979","Hidden Treasures: Krasarang Wilds","Find the Saurok Stone Tablet in the Krasarang Wilds.","15511","Exploration","155032","0","0","0"
"snapshot_candidate","True","19980","Hidden Treasures: Kun-Lai Summit","Find three of the lost treasures hidden throughout Kun-Lai Summit.","15511","Exploration","155019","0","0","0"
"snapshot_candidate","True","19981","Hidden Treasures: Townlong Steppes","Find two of the lost treasures hidden throughout Townlong Steppes.","15511","Exploration","155027","0","0","0"
"snapshot_candidate","True","19982","Hidden Treasures: Timeless Isle","Find four of the lost treasures hidden throughout the Timeless Isle.","15511","Exploration","155139","0","0","0"
"snapshot_candidate","True","19993","Elusive Foes: The Jade Forest","Defeat three of the rare enemies in The Jade Forest.","15511","Exploration","155001","0","0","0"
"snapshot_candidate","True","19994","Elusive Foes: Valley of the Four Winds","Defeat three of the rare enemies in Valley of the Four Winds.","15511","Exploration","155116","0","0","0"
"snapshot_candidate","True","19995","Elusive Foes: Krasarang Wilds","Defeat three of the rare enemies in Krasarang Wilds.","15511","Exploration","155125","0","0","0"
"snapshot_candidate","True","19996","Elusive Foes: Kun-Lai Summit","Defeat three of the rare enemies in Kun-Lai Summit.","15511","Exploration","155127","0","0","0"
"snapshot_candidate","True","19997","Elusive Foes: Townlong Steppes","Defeat three of the rare enemies in Townlong Steppes.","15511","Exploration","155131","0","0","0"
"snapshot_candidate","True","19998","Elusive Foes: Dread Wastes","Defeat three of the rare enemies in the Dread Wastes.","15511","Exploration","155133","0","0","0"
"snapshot_candidate","True","19999","Elusive Foes: Landfall","Defeat the three champions of the opposing faction in Krasarang Wilds.","15511","Exploration","155316","0","0","0"
"snapshot_candidate","True","20000","Elusive Foes: Isle of Thunder","Defeat three of the rare enemies on the Isle of Thunder.","15511","Exploration","155135","0","0","0"
"snapshot_candidate","True","20001","Elusive Foes: Timeless Isle","Defeat three of the rare enemies on the Timeless Isle.","15511","Exploration","155374","0","0","0"
"snapshot_candidate","True","20002","Powerful Enemies: Timeless Isle","Defeat three of the rare elite enemies on the Timeless Isle.","15511","Exploration","154942","0","0","0"
"snapshot_candidate","True","20003","Timeless Isle","Complete one of the following achievements with a Timerunner.","15509","Remix: Pandaria","154940","0","131072","0"
"snapshot_candidate","True","20004","Heroic: Pandaria Scenarios","Complete all of the Pandaria Scenarios on Heroic difficulty.","15509","Remix: Pandaria","155249","0","0","0"
"snapshot_candidate","True","20005","Heroic: Pandaria Dungeons","Complete all of the Pandaria Dungeons on Heroic difficulty.","15509","Remix: Pandaria","155250","0","0","0"
"snapshot_candidate","True","20006","Pandaria Raids","Complete all of the Pandaria Raids on Normal difficulty.","15509","Remix: Pandaria","155251","0","0","0"
"snapshot_candidate","True","20007","Heroic: Pandaria Raids","Complete all of the Pandaria Raids on Heroic difficulty.","15509","Remix: Pandaria","155252","0","131072","0"
"snapshot_candidate","True","20008","Looking For Group: The Jade Forest","Complete the following group activities in The Jade Forest.","15509","Remix: Pandaria","154989","0","0","0"
"snapshot_candidate","True","20009","Looking For Group: Valley of the Four Winds","Complete the following group activities in Valley of the Four Winds.","15509","Remix: Pandaria","155080","0","0","0"
"snapshot_candidate","True","20011","Looking For Group: Kun-Lai Summit","Complete the following group activities in Kun-Lai Summit.","15509","Remix: Pandaria","155088","0","0","0"
"snapshot_candidate","True","20012","Looking For Group: Townlong Steppes","Complete the following group activities in Townlong Steppes.","15509","Remix: Pandaria","155092","0","0","0"
"snapshot_candidate","True","20014","Looking For Group: Vale of Eternal Blossoms","Complete the following group activities in Vale of Eternal Blossoms.","15509","Remix: Pandaria","155100","0","0","0"
"snapshot_candidate","True","20015","Looking For Group: Isle of Thunder","Complete the following group activities on the Isle of Thunder & Isle of Giants.","15509","Remix: Pandaria","155108","0","0","0"
"snapshot_candidate","True","20016","Looking For Group: Timeless Isle","Complete the following group activities in the Timeless Isle.","15509","Remix: Pandaria","155678","0","0","0"
"snapshot_candidate","True","20017","Salyis's Warband","Defeat Salyis's Warband in the Valley of the Four Winds.","15515","Raids","155670","0","0","0"
"snapshot_candidate","True","20018","Sha of Anger","Defeat the Sha of Anger in Kun-Lai Summit.","15515","Raids","155669","0","0","0"
"snapshot_candidate","True","20019","Nalak, the Storm Lord","Defeat Nalak, the Storm Lord on the Isle of Thunder.","15515","Raids","155671","0","0","0"
"snapshot_candidate","True","20020","Oondasta","Defeat Oondasta on the Isle of Giants.","15515","Raids","155672","0","0","0"
"snapshot_candidate","True","20021","Chi-ji, the Red Crane","Defeat Chi-ji, the Red Crane on the Timeless Isle.","15515","Raids","155673","0","0","0"
"snapshot_candidate","True","20022","Yu'lon, the Jade Serpent","Defeat Yu'lon, the Jade Serpent on the Timeless Isle.","15515","Raids","155674","0","0","0"
"snapshot_candidate","True","20023","Niuzao, the Black Ox","Defeat Niuzao, the Black Ox on the Timeless Isle.","15515","Raids","155675","0","0","0"
"snapshot_candidate","True","20024","Xuen, the White Tiger","Defeat Xuen, the White Tiger on the Timeless Isle.","15515","Raids","155676","0","0","0"
"snapshot_candidate","True","20025","Ordos","Defeat Ordos on the Timeless Isle.","15515","Raids","155677","0","0","0"
"snapshot_candidate","True","20026","Explore Jade Forest","Explore Jade Forest, revealing the covered areas of the world map with a Timerunner.","15511","Exploration","155756","0","0","0"
"snapshot_candidate","True","20027","Explore Valley of the Four Winds","Explore Valley of the Four Winds, revealing the covered areas of the world map with a Timerunner.","15511","Exploration","155831","0","0","0"
"snapshot_candidate","True","20028","Explore Krasarang Wilds","Explore Krasarang Wilds, revealing the covered areas of the world map with a Timerunner.","15511","Exploration","155814","0","0","0"
"snapshot_candidate","True","20029","Explore Kun-Lai Summit","Explore Kun-Lai Summit, revealing the covered areas of the world map with a Timerunner.","15511","Exploration","155799","0","0","0"
"snapshot_candidate","True","20030","Explore Townlong Steppes","Explore Townlong Steppes, revealing the covered areas of the world map with a Timerunner.","15511","Exploration","155787","0","0","0"
"snapshot_candidate","True","20031","Explore Dread Wastes","Explore Dread Wastes, revealing the covered areas of the world map with a Timerunner.","15511","Exploration","155774","0","0","0"
"snapshot_candidate","True","20033","Hearthstone Beginner","Collect 10 Hearthstone cards.","15246","Collections","155850","0","131072","10"
"internal_dnt","False","20039","[DNT] Damage - Humanoid","","15509","Remix: Pandaria","156037","0","1048576","0"
"internal_dnt","False","20046","[DNT] Damage - Beast","","15509","Remix: Pandaria","156057","0","1048576","0"
"internal_dnt","False","20047","[DNT] Damage - Aberration","","15509","Remix: Pandaria","156055","0","1048576","0"
"internal_dnt","False","20048","[DNT] Damage - Demon","","15509","Remix: Pandaria","156059","0","1048576","0"
"internal_dnt","False","20049","[DNT] Damage - Dragonkin","","15509","Remix: Pandaria","156061","0","1048576","0"
"internal_dnt","False","20050","[DNT] Damage - Elemental","","15509","Remix: Pandaria","156063","0","1048576","0"
"internal_dnt","False","20051","[DNT] Damage - Giant","","15509","Remix: Pandaria","156065","0","1048576","0"
"internal_dnt","False","20052","[DNT] Damage - Mechanical","","15509","Remix: Pandaria","156067","0","1048576","0"
"internal_dnt","False","20053","[DNT] Damage - Undead","","15509","Remix: Pandaria","156069","0","1048576","0"
"internal_dnt","False","20054","[DNT] Resistance - Arcane","","15509","Remix: Pandaria","156071","0","1048576","0"
"internal_dnt","False","20055","[DNT] Resistance - Fire","","15509","Remix: Pandaria","156073","0","1048576","0"
"internal_dnt","False","20056","[DNT] Resistance - Frost","","15509","Remix: Pandaria","156075","0","1048576","0"
"internal_dnt","False","20057","[DNT] Resistance - Holy","","15509","Remix: Pandaria","156077","0","1048576","0"
"internal_dnt","False","20058","[DNT] Resistance - Nature","","15509","Remix: Pandaria","156079","0","1048576","0"
"internal_dnt","False","20059","[DNT] Resistance - Physical","","15509","Remix: Pandaria","156081","0","1048576","0"
"internal_dnt","False","20060","[DNT] Resistance - Shadow","","15509","Remix: Pandaria","156083","0","1048576","0"
"internal_dnt","False","20061","[DNT] Stat - Critical Strike","","15509","Remix: Pandaria","156039","0","1048576","0"
"internal_dnt","False","20062","[DNT] Stat - Haste","","15509","Remix: Pandaria","156041","0","1048576","0"
"internal_dnt","False","20063","[DNT] Stat - Leech","","15509","Remix: Pandaria","156043","0","1048576","0"
"internal_dnt","False","20064","[DNT] Stat - Mastery","","15509","Remix: Pandaria","156045","0","1048576","0"
"internal_dnt","False","20065","[DNT] Stat - Primary","","15509","Remix: Pandaria","156047","0","1048576","0"
"internal_dnt","False","20066","[DNT] Stat - Speed","","15509","Remix: Pandaria","156049","0","1048576","0"
"internal_dnt","False","20067","[DNT] Stat - Stamina","","15509","Remix: Pandaria","156051","0","1048576","0"
"internal_dnt","False","20068","[DNT] Stat - Versatility","","15509","Remix: Pandaria","156053","0","1048576","0"
"snapshot_candidate","True","20069","Elusive Foes: Vale of Eternal Blossoms","Defeat three of the rare enemies in the Vale of Eternal Blossoms.","15511","Exploration","156085","0","0","0"
"internal_dnt","True","20087","<DNT> Plunderstorm Tutorial Tracker - Objective 001 - Complete","","15455","Dragonflight","156142","0","3276804","0"
"internal_dnt","True","20088","<DNT> Plunderstorm Tutorial Tracker - Objective 002 - Complete","","15455","Dragonflight","156144","0","3276804","0"
"internal_dnt","True","20089","<DNT> Plunderstorm Tutorial Tracker - Objective 003 - Complete","","15455","Dragonflight","156146","0","3276804","0"
"internal_dnt","True","20090","<DNT> Plunderstorm Tutorial Tracker - Objective 004 - Complete","","15455","Dragonflight","156148","0","3276804","0"
"internal_dnt","True","20091","<DNT> Plunderstorm Tutorial Tracker - Objective 005 - Complete","","15455","Dragonflight","156150","0","3276804","0"
"internal_dnt","True","20092","<DNT> Plunderstorm Tutorial Tracker - Objective 006 - Complete","","15455","Dragonflight","156152","0","3276804","0"
"internal_dnt","True","20093","<DNT> Plunderstorm Tutorial Tracker - Objective 007 - Complete","","15455","Dragonflight","156154","0","3276804","0"
"internal_dnt","True","20094","<DNT> Plunderstorm Tutorial Tracker - Objective 008 - Complete","","15455","Dragonflight","156156","0","3276804","0"
"internal_dnt","True","20095","<DNT> Plunderstorm Tutorial Tracker - Objective 009 - Complete","","15455","Dragonflight","156158","0","3276804","0"
"internal_dnt","True","20096","<DNT> Plunderstorm Tutorial Tracker - Objective 010 - Complete","","15455","Dragonflight","156160","0","3276804","0"
"internal_dnt","True","20097","<DNT> Plunderstorm Tutorial Tracker - Objective 011 - Complete","","15455","Dragonflight","156162","0","3276804","0"
"snapshot_candidate","True","20201","<Hidden> 10.2.6 Void Zone - Tender - Level 1","","81","Feats of Strength","156527","0","3276804","0"
"snapshot_candidate","True","20202","<Hidden> 10.2.6 Void Zone - Tender - Level 2","","81","Feats of Strength","156529","0","3276804","0"
"dragonflight_category_confirmed","True","20206","Champion of the Dragonflights","Complete the quest ""Fair Skies and Strong Winds"".","15455","Dragonflight","156588","0","131072","5"
"snapshot_candidate","True","20209","Quacked Killer","Defeat Daetan Swiftplume.","159","Noblegarden","156702","0","131072","10"
"snapshot_candidate","True","20475","<Hidden> 10.2.6 Void Zone - WOTLK Pet","","81","Feats of Strength","161841","0","3276804","0"
"snapshot_candidate","True","20476","<Hidden> 10.2.6 Void Zone - WOTLK Mount","","81","Feats of Strength","161843","0","3276804","0"
"internal_dnt","False","20477","[DNT] Stat - Experience","","15509","Remix: Pandaria","157050","0","1048576","0"
"dragonflight_category_hidden","True","20480","[HIDDEN] Awakening the Dragonflight Raid Portals","","15468","Dragonflight Raid","157052","0","1310720","0"
"snapshot_candidate","True","20481","Dragonflight Season 4 Master","Complete one of the achievements listed below.","81","Feats of Strength","157056","0","0","0"
"snapshot_candidate","True","20500","Lion's Landing","Complete the Lion's Landing scenario with a Timerunner.","15512","Scenarios","157221","0","0","0"
"snapshot_candidate","True","20501","Back from the Beyond","Leave the Shadowlands better than they were when you entered by completing the following achievements.","15301","Expansion Features","157225","217612","131072","100"
"snapshot_candidate","True","20507","<Hidden> Achievement Title - Plunderlord - 10.2.6 Void Zone","","81","Feats of Strength","157442","0","3276804","0"
"snapshot_candidate","True","20508","Plunder Wonder","Win a game of Plunderstorm.","15274","Events","157401","0","133120","0"
"snapshot_candidate","True","20509","Plunderkind","Collect 1,000,000 Plunder.","15274","Events","157403","0","133120","0"
"internal_dnt","True","20513","<Hidden> 10.2.6 Void Zone - Glamrok <DNT>","","81","Feats of Strength","157434","0","3276804","0"
"internal_dnt","True","20514","<Hidden> 10.2.6 Void Zone - Pepe <DNT>","","81","Feats of Strength","157436","0","3276804","0"
"internal_dnt","True","20515","<Hidden> 10.2.6 Void Zone - Toy <DNT>","","81","Feats of Strength","157438","0","3276804","0"
"internal_dnt","True","20516","<Hidden> 10.2.6 Void Zone - Quest <DNT>","","81","Feats of Strength","157440","0","3276804","0"
"snapshot_candidate","True","20527","Infinite Power I","Gather 40 Threads for the Cloak of Infinite Potential.","15509","Remix: Pandaria","0","0","131072","0"
"snapshot_candidate","True","20528","Infinite Power II","Gather 100 Threads for the Cloak of Infinite Potential.","15509","Remix: Pandaria","0","0","131072","0"
"snapshot_candidate","True","20529","Infinite Power III","Gather 150 Threads for the Cloak of Infinite Potential.","15509","Remix: Pandaria","0","0","131072","0"
"snapshot_candidate","True","20530","Infinite Power IV","Gather 200 Threads for the Cloak of Infinite Potential.","15509","Remix: Pandaria","0","0","131072","0"
"snapshot_candidate","True","20531","Infinite Power V","Gather 250 Threads for the Cloak of Infinite Potential.","15509","Remix: Pandaria","0","0","131072","0"
"snapshot_candidate","True","20532","Infinite Power VI","Gather 300 Threads for the Cloak of Infinite Potential.","15509","Remix: Pandaria","0","0","131072","0"
"snapshot_candidate","True","20533","Infinite Power VII","Gather 400 Threads for the Cloak of Infinite Potential.","15509","Remix: Pandaria","0","0","131072","0"
"snapshot_candidate","True","20534","Infinite Power VIII","Gather 500 Threads for the Cloak of Infinite Potential.","15509","Remix: Pandaria","0","0","131072","0"
"snapshot_candidate","True","20535","Infinite Power IX","Gather 600 Threads for the Cloak of Infinite Potential.","15509","Remix: Pandaria","0","0","131072","0"
"snapshot_candidate","True","20536","Infinite Power X","Gather 700 Threads for the Cloak of Infinite Potential.","15509","Remix: Pandaria","0","0","131072","0"
"snapshot_candidate","True","20537","Infinite Power XI","Gather 2200 Threads for the Cloak of Infinite Potential.","15509","Remix: Pandaria","0","0","131072","0"
"snapshot_candidate","True","20538","Infinite Power XII","Gather 4200 Threads for the Cloak of Infinite Potential.","15509","Remix: Pandaria","0","0","131072","0"
"snapshot_candidate","True","20593","Time Trial","Reach level 20 with a Timerunner.","15509","Remix: Pandaria","157782","0","131072","0"
"internal_dnt","True","40065","<Hidden> 10.2.6 Void Zone - Keg Leg Renown 6 [DNT]","","81","Feats of Strength","161371","0","3276804","0"
"internal_dnt","True","40066","<Hidden> 10.2.6 Void Zone - Keg Leg  Renown 2 [DNT]","","81","Feats of Strength","161373","0","3276804","0"
"internal_dnt","True","40067","<Hidden> 10.2.6 Void Zone - Keg Leg Renown 5 [DNT]","","81","Feats of Strength","161375","0","3276804","0"
"internal_dnt","True","40068","<Hidden> 10.2.6 Void Zone - Keg Leg Renown 8 [DNT]","","81","Feats of Strength","161377","0","3276804","0"
"internal_dnt","True","40069","<Hidden> 10.2.6 Void Zone - Keg Leg Renown 10 [DNT]","","81","Feats of Strength","161379","0","3276804","0"
"internal_dnt","True","40070","<Hidden> 10.2.6 Void Zone - Keg Leg Renown 11 [DNT]","","81","Feats of Strength","161381","0","3276804","0"
"internal_dnt","True","40071","<Hidden> 10.2.6 Void Zone - Keg Leg Renown 13 [DNT]","","81","Feats of Strength","161383","0","3276804","0"
"internal_dnt","True","40072","<Hidden> 10.2.6 Void Zone - Keg Leg Renown 16 [DNT]","","81","Feats of Strength","161385","0","3276804","0"
"internal_dnt","True","40073","<Hidden> 10.2.6 Void Zone - Keg Leg Renown 18 [DNT]","","81","Feats of Strength","161387","0","3276804","0"
"internal_dnt","True","40074","<Hidden> 10.2.6 Void Zone - Keg Leg Renown 20 [DNT]","","81","Feats of Strength","161389","0","3276804","0"
"internal_dnt","True","40075","<Hidden> 10.2.6 Void Zone - Keg Leg Renown 22 [DNT]","","81","Feats of Strength","161391","0","3276804","0"
"internal_dnt","True","40076","<Hidden> 10.2.6 Void Zone - Keg Leg Renown 27 [DNT]","","81","Feats of Strength","161393","0","3276804","0"
"internal_dnt","True","40077","<Hidden> 10.2.6 Void Zone - Keg Leg Renown 30 [DNT]","","81","Feats of Strength","161395","0","3276804","0"
"internal_dnt","True","40078","<Hidden> 10.2.6 Void Zone - Keg Leg Renown 31 [DNT]","","81","Feats of Strength","161397","0","3276804","0"
"internal_dnt","True","40079","<Hidden> 10.2.6 Void Zone - Keg Leg Renown 32 [DNT]","","81","Feats of Strength","161399","0","3276804","0"
"internal_dnt","True","40080","<Hidden> 10.2.6 Void Zone - Keg Leg Renown 36 [DNT]","","81","Feats of Strength","161401","0","3276804","0"
"internal_dnt","True","40081","<Hidden> 10.2.6 Void Zone - Keg Leg Renown 40 [DNT]","","81","Feats of Strength","161403","0","3276804","0"
"internal_dnt","True","40171","<Hidden> 10.2.6 Void Zone - Keg Leg Renown 24 [DNT]","","81","Feats of Strength","161781","0","3276804","0"
"internal_dnt","True","40192","<Hidden> 10.2.6 Void Zone - Keg Leg Renown 39 [DNT]","","81","Feats of Strength","161839","0","3276804","0"
"dragonflight_category_hidden","True","40193","Into the Storm (copy)","Complete the storm achievements below.","15465","Dragon Isles","161852","192774","1048576","0"
"snapshot_candidate","True","40223","Timerunner","Reach level 70 with a Timerunner.","15509","Remix: Pandaria","162211","0","0","0"
"dragonflight_category_hidden","True","40315","[HIDDEN] Now THIS is Dragon Racing!","Complete each of the Dragonriding achievements listed below.","15462","Dragonriding","162568","207776","1179648","30"
"dragonflight_category_confirmed","True","40382","Hunt the Harbinger","Complete the Hunt the Harbinger storyline.","15455","Dragonflight","162977","0","0","10"
