"achievement_id","title","category_id","order_path","tree_id","description","criteria_id","criteria_type","asset_id","amount","operator"
"73","Disgracin' The Basin","14802","1","7710","Assault 3 bases in a single Arathi Basin battle","123","30","122","3","0"
"154","Arathi Basin Victory","14802","1","2066","Win Arathi Basin","5896","1","529","1","0"
"155","Arathi Basin Veteran","14802","1","4716","Complete 100 victories in Arathi Basin.","5896","1","529","100","0"
"156","Territorial Dominance","14802","1","118","Win 10 Arathi Basin matches while controlling all 5 flags","1234","1","529","10","0"
"157","To The Rescue!","14802","1","5244","Defend 50 bases","414","30","123","50","0"
"158","Me and the Cappin' Makin' it Happen","14802","1","1077","Take 50 flags in Arathi Basin","308","30","122","50","0"
"159","Let's Get This Done","14802","0","1080","Win in 6 minutes","1237","1","529","1","0"
"161","Resilient Victory","14802","1","4406","Overcome a 500 resource disadvantage","3804","1","529","1","0"
"161","Resilient Victory","14802","2","4407","Overcome a 500 resource disadvantage","14966","1","529","1","0"
"162","We Had It All Along *cough*","14802","0","130","Win Arathi Basin by 50 points or less.","1235","1","529","1","0"
"165","Arathi Basin Perfection","14802","1","882","Arathi Basin Shutout","611","1","529","1","0"
"166","Warsong Gulch Victory","14804","1","420","Win Warsong Gulch","5899","1","489","1","0"
"167","Warsong Gulch Veteran","14804","1","423","Complete 100 victories in Warsong Gulch","5899","1","489","100","0"
"168","Warsong Gulch Perfection","14804","1","9103","Victory in Warsong Gulch with a shutout","1236","1","489","1","0"
"199","Capture the Flag","14804","1","3501","Capture the flag","439","30","42","1","0"
"200","Persistent Defender","14804","1","2384","Return the flag 50 times","440","30","44","50","0"
"201","Warsong Expedience","14804","0","8438","Win Warsong Gulch in under 7 minutes","758","1","489","1","0"
"202","Quick Cap","14804","0","2344","Cap in 75 seconds","5602","30","42","1","0"
"203","Not In My House","14804","0","2078","Kill 2 flag carriers before they leave the Silverwing Flag Room","7020","70","0","2","0"
"204","Ironman","14804","1","3656","3 captures and no death","1802","30","42","3","0"
"204","Ironman","14804","2","3657","win warsong","1824","1","489","1","0"
"206","Supreme Defender","14804","0","3410","Horde Flag Carriers","3698","70","0","100","0"
"207","Save the Day","14804","0","13706","Carrying Horde Flag","5605","70","0","1","0"
"207","Save the Day","14804","1","13705","Carrying Alliance Flag","5606","70","0","1","0"
"218","Alterac Valley Victory","14801","1","6279","Win Alterac Valley.","17411","1","30","1","0"
"219","Alterac Valley Veteran","14801","1","3875","Complete 100 victories in Alterac Valley","17411","1","30","100","0"
"220","Stormpike Perfection","14801","1","3827","Balinda and Vandaar survive","1242","1","30","1","0"
"220","Stormpike Perfection","14801","2","3824","win av","1825","1","30","1","0"
"220","Stormpike Perfection","14801","3","3832","Tower A1 owned by the Alliance","1803","1","30","1","0"
"220","Stormpike Perfection","14801","4","3826","Tower A1 owned by the Alliance","1804","1","30","1","0"
"220","Stormpike Perfection","14801","5","3833","Tower A3 owned by the Alliance","1805","1","30","1","0"
"220","Stormpike Perfection","14801","6","3825","Tower A4 owned by the Alliance","1806","1","30","1","0"
"220","Stormpike Perfection","14801","7","3828","Tower H1 owned by the Alliance","1807","1","30","1","0"
"220","Stormpike Perfection","14801","8","3830","Tower H2 owned by the Alliance","1808","1","30","1","0"
"220","Stormpike Perfection","14801","9","3829","Tower H3 owned by the Alliance","1809","1","30","1","0"
"220","Stormpike Perfection","14801","10","3831","Tower H4 owned by the Alliance","1810","1","30","1","0"
"221","Alterac Grave Robber","14801","1","187","Take 50 graveyards","419","30","63","50","0"
"222","Tower Defense","14801","1","3359","50 towers defended","436","30","64","50","0"
"223","The Sickly Gazelle","14801","1","3413","Kill someone in the Field of Strife before they dismount","6800","70","0","1","0"
"224","Loyal Defender","14801","1","4480","50 honorable kills in the Hall of the Frostwolf","3362","31","4407","50","0"
"225","Everything Counts","14801","1","3837","Kobold Cave Owned","3386","1","30","1","0"
"225","Everything Counts","14801","2","3836","Trogg Cave Owned","3387","1","30","1","0"
"226","The Alterac Blitz","14801","1","7772","Win in 6 minutes","1241","1","30","1","0"
"582","Alterac Valley All-Star","14801","1","5565","Assault a graveyard","421","30","63","1","0"
"582","Alterac Valley All-Star","14801","2","5562","Defend a graveyard","422","30","65","1","0"
"582","Alterac Valley All-Star","14801","3","5561","Assault a tower","423","30","61","1","0"
"582","Alterac Valley All-Star","14801","4","5564","Defend a tower","424","30","64","1","0"
"582","Alterac Valley All-Star","14801","5","5563","Kill someone in the Field of Strife","425","31","3057","1","0"
"583","Arathi Basin All-Star","14802","1","7605","Assault 2 bases","426","30","122","2","0"
"583","Arathi Basin All-Star","14802","2","7606","Defend 2 bases","427","30","123","2","0"
"584","Arathi Basin Assassin","14802","1","4851","Kill 5 people at the blacksmith","431","31","3421","5","0"
"584","Arathi Basin Assassin","14802","2","4848","Kill 5 people at the farm","432","31","3420","5","0"
"584","Arathi Basin Assassin","14802","3","4849","Kill 5 people at the gold mine","433","31","3423","5","0"
"584","Arathi Basin Assassin","14802","4","4850","Kill 5 people at the lumber mill","434","31","3422","5","0"
"584","Arathi Basin Assassin","14802","5","4852","Kill 5 people at the stables","435","31","3424","5","0"
"627","Explore Dun Morogh","14777","1","5692","Coldridge Pass","502","43","117","1","0"
"627","Explore Dun Morogh","14777","2","5693","Coldridge Valley","14148","43","2465","1","0"
"627","Explore Dun Morogh","14777","3","5694","Frostmane Front","14149","43","2466","1","0"
"627","Explore Dun Morogh","14777","4","5696","New Tinkertown","14150","43","2467","1","0"
"627","Explore Dun Morogh","14777","5","5695","Ironforge Airfield","14151","43","2468","1","0"
"627","Explore Dun Morogh","14777","6","5685","Shimmer Ridge","504","43","2627","1","0"
"627","Explore Dun Morogh","14777","7","5690","Kharanos","505","43","113","1","0"
"627","Explore Dun Morogh","14777","8","5691","The Tundrid Hills","507","43","2629","1","0"
"627","Explore Dun Morogh","14777","9","5682","Amberstill Ranch","508","43","109","1","0"
"627","Explore Dun Morogh","14777","10","5683","Helm's Bed Lake","509","43","108","1","0"
"627","Explore Dun Morogh","14777","11","5686","Gol'Bolar Quarry","510","43","107","1","0"
"627","Explore Dun Morogh","14777","12","5687","North Gate Outpost","511","43","2630","1","0"
"627","Explore Dun Morogh","14777","13","5688","Frostmane Hold","512","43","104","1","0"
"627","Explore Dun Morogh","14777","14","5689","Iceflow Lake","517","43","2628","1","0"
"627","Explore Dun Morogh","14777","15","5684","Gates of Ironforge","519","43","1041","1","0"
"628","Deadmines","14808","1","3810","""Captain"" Cookie","18522","0","47739","1","0"
"629","Ragefire Chasm","14808","2","4329","Defeat Lava Guard Gordoth in Ragefire Chasm.","19213","0","61528","1","0"
"630","Wailing Caverns","14808","1","7358","Mutanus the Devourer","18524","0","3654","1","0"
"630","Wailing Caverns","14808","2","7359","The Glowing Shard","4246","27","6981","1","0"
"631","Shadowfang Keep","14808","1","3383","Lord Godfrey","18525","0","46964","1","0"
"632","Blackfathom Deeps","14808","0","4231","Aku'mai","24413","0","75155","1","0"
"633","Stormwind Stockade","14808","1","3386","Hogger","18527","0","46254","1","0"
"634","Gnomeregan","14808","1","3813","Mekgineer Thermaplugg","18529","0","7800","1","0"
"634","Gnomeregan","14808","2","3814","The Grand Betrayal","4252","27","2929","1","0"
"634","Gnomeregan","14808","3","3815","Rig Wars","4253","27","2841","1","0"
"635","Razorfen Kraul","14808","1","812","Charlga Razorflank","18528","0","4421","1","0"
"635","Razorfen Kraul","14808","2","814","A Vengeful Fate","4250","27","1102","1","0"
"635","Razorfen Kraul","14808","3","815","The Crone of the Kraul","4251","27","1101","1","0"
"635","Razorfen Kraul","14808","4","813","An Unholy Alliance","4409","27","6522","1","0"
"636","Razorfen Downs","14808","0","820","Amnennar the Coldbringer","24977","0","74434","1","0"
"637","Scarlet Monastery","14808","0","3995","High Inquisitor Whitemane","533","28","132022","1","0"
"638","Uldaman","14808","1","823","Archaedas","18531","0","2748","1","0"
"638","Uldaman","14808","2","824","The Platinum Discs ","4256","27","2278","1","0"
"638","Uldaman","14808","3","825","Find the Gems and Power Source","4257","27","2339","1","0"
"638","Uldaman","14808","4","826","Restoring the Necklace","4258","27","2204","1","0"
"639","Zul'Farrak","14808","1","829","Chief Ukorz Sandscalp","3265","0","7267","1","0"
"640","Maraudon","14808","1","832","Princess Theradras","18532","0","12201","1","0"
"640","Maraudon","14808","2","833","Corruption of Earth and Seed","4259","27","7065","1","0"
"640","Maraudon","14808","3","834","Corruption of Earth and Seed","4260","27","7064","1","0"
"641","Sunken Temple","14808","1","8189","Shade of Eranikus","18533","0","5709","1","0"
"641","Sunken Temple","14808","2","8190","The Essence of Eranikus","4261","27","3373","1","0"
"642","Blackrock Depths","14808","1","251","Emperor Dagran Thaurissan","3266","0","9019","1","0"
"642","Blackrock Depths","14808","2","249","The Fate of the Kingdom","4262","27","4362","1","0"
"642","Blackrock Depths","14808","3","250","The Royal Rescue","4263","27","4003","1","0"
"643","Lower Blackrock Spire","14808","1","7686","Overlord Wyrmthalak","18534","0","9568","1","0"
"643","Lower Blackrock Spire","14808","2","7687","Maxwell's Mission","4440","27","5081","1","0"
"643","Lower Blackrock Spire","14808","3","7689","Warlord's Command","4441","27","4903","1","0"
"643","Lower Blackrock Spire","14808","4","7685"," General Drakkisath's Command ","4442","27","5089","1","0"
"643","Lower Blackrock Spire","14808","5","7688","Seal of Ascension","4446","27","4742","1","0"
"644","King of Dire Maul","14808","1","4979","Alzzin the Wildshaper","545","0","11492","1","0"
"644","King of Dire Maul","14808","2","4981","Immol'thar","546","0","11496","1","0"
"644","King of Dire Maul","14808","3","4980","King Gordok","18535","0","11501","1","0"
"645","Scholomance","14808","0","255","Darkmaster Gandling","19263","0","59080","1","0"
"646","Stratholme","14808","1","259","Balnazzar","550","0","10813","1","0"
"646","Stratholme","14808","2","258","Lord Aurius Rivendare","18471","0","45412","1","0"
"685","Blackwing Lair","14808","1","553","Nefarian","3273","0","11583","1","0"
"685","Blackwing Lair","14808","2","563","The Lord of Blackrock","4447","27","7781","1","0"
"685","Blackwing Lair","14808","3","564","The Lord of Blackrock","4448","27","7783","1","0"
"685","Blackwing Lair","14808","4","571","Nefarius's Corruption","4449","27","8730","1","0"
"685","Blackwing Lair","14808","5","554","Therazane's Link","4564","36","19380","1","0"
"685","Blackwing Lair","14808","6","557","Archimtiros' Ring of Reckoning","4565","36","19376","1","0"
"685","Blackwing Lair","14808","7","561","Ashkandi, Greatsword of the Brotherhood","4566","36","19364","1","0"
"685","Blackwing Lair","14808","8","555","Boots of the Shadow Flame","4567","36","19381","1","0"
"685","Blackwing Lair","14808","9","565","Cloak of the Brood Lord","4568","36","19378","1","0"
"685","Blackwing Lair","14808","10","562","Crul'shorukh, Edge of Chaos","4569","36","19363","1","0"
"685","Blackwing Lair","14808","11","566","Lok'amir il Romathis","4570","36","19360","1","0"
"685","Blackwing Lair","14808","12","576","Mish'undare, Circlet of the Mind Flayer","4571","36","19375","1","0"
"685","Blackwing Lair","14808","13","567","Neltharion's Tear","4572","36","19379","1","0"
"685","Blackwing Lair","14808","14","573","Prestor's Talisman of Connivery","4573","36","19377","1","0"
"685","Blackwing Lair","14808","15","574","Pure Elementium Band","4574","36","19382","1","0"
"685","Blackwing Lair","14808","16","568","Staff of the Shadow Flame","4575","36","19356","1","0"
"685","Blackwing Lair","14808","17","572","Bloodfang Chestpiece","4576","36","16905","1","0"
"685","Blackwing Lair","14808","18","569","Breastplate of Ten Storms","4577","36","16950","1","0"
"685","Blackwing Lair","14808","19","556","Breastplate of Wrath","4578","36","16966","1","0"
"685","Blackwing Lair","14808","20","570","Dragonstalker's Breastplate","4579","36","16942","1","0"
"685","Blackwing Lair","14808","21","558","Judgement Breastplate","4580","36","16958","1","0"
"685","Blackwing Lair","14808","22","559","Stormrage Chestguard","4581","36","16897","1","0"
"685","Blackwing Lair","14808","23","577","Nemesis Robes","4582","36","16931","1","0"
"685","Blackwing Lair","14808","24","575","Netherwind Robes","4583","36","16916","1","0"
"685","Blackwing Lair","14808","25","560","Robes of Transcendence","4584","36","16923","1","0"
"686","Molten Core","14808","1","580","Ragnaros","3272","0","11502","1","0"
"686","Molten Core","14808","2","601","Thunderfury, Blessed Blade of the Windseeker","8146","27","7787","1","0"
"686","Molten Core","14808","3","592","The Only Prescription","4437","27","8620","1","0"
"686","Molten Core","14808","4","581","Onslaught Girdle","4544","36","19137","1","0"
"686","Molten Core","14808","5","607","Sulfuras, Hand of Ragnaros","318","36","17182","1","0"
"686","Molten Core","14808","6","582","Band of Sulfuras","4545","36","19138","1","0"
"686","Molten Core","14808","7","583","Choker of the Fire Lord","4546","36","18814","1","0"
"686","Molten Core","14808","8","598","Essence of the Pure Flame","4547","36","18815","1","0"
"686","Molten Core","14808","9","599","Perdition's Blade","4548","36","18816","1","0"
"686","Molten Core","14808","10","584","Crown of Destruction","4549","36","18817","1","0"
"686","Molten Core","14808","11","585","Leggings of Transcendence","4550","36","16922","1","0"
"686","Molten Core","14808","12","590","Dragonstalker's Legguards","4551","36","16938","1","0"
"686","Molten Core","14808","13","591","Judgement Legplates","4552","36","16954","1","0"
"686","Molten Core","14808","14","586","Legplates of Wrath","4553","36","16962","1","0"
"686","Molten Core","14808","15","603","Legplates of Ten Storms","4554","36","16946","1","0"
"686","Molten Core","14808","16","589","Bloodfang Pants","4555","36","16909","1","0"
"686","Molten Core","14808","17","587","Nemesis Leggings","4556","36","16930","1","0"
"686","Molten Core","14808","18","605","Netherwind Pants","4557","36","16915","1","0"
"686","Molten Core","14808","19","588","Stormrage Legguards","4558","36","16901","1","0"
"686","Molten Core","14808","20","593","Malistar's Defender","4559","36","17106","1","0"
"686","Molten Core","14808","21","596","Band of Accuria","4560","36","17063","1","0"
"686","Molten Core","14808","22","594","Cloak of the Shrouded Mists","4561","36","17102","1","0"
"686","Molten Core","14808","23","606","Bonereaver's Edge","4562","36","17076","1","0"
"686","Molten Core","14808","24","595","Spinal Reaper","4563","36","17104","1","0"
"686","Molten Core","14808","25","597","Dragon's Blood Cape","5055","36","17107","1","0"
"686","Molten Core","14808","26","602","Shard of the Flame","5056","36","17082","1","0"
"686","Molten Core","14808","27","604","Essence of the Firelord","8893","36","19017","1","0"
"686","Molten Core","14808","28","600","Draconic for Dummies","7364","36","21110","1","0"
"687","Temple of Ahn'Qiraj","14808","1","1522","C'Thun","3274","0","15727","1","0"
"687","Temple of Ahn'Qiraj","14808","2","1539","Striker's Hauberk","4450","27","8656","1","0"
"687","Temple of Ahn'Qiraj","14808","3","1534","Deathdealer's Vest","4451","27","8638","1","0"
"687","Temple of Ahn'Qiraj","14808","4","1541","Conqueror's Breastplate","4452","27","8562","1","0"
"687","Temple of Ahn'Qiraj","14808","5","1524","Genesis Vest","4454","27","8666","1","0"
"687","Temple of Ahn'Qiraj","14808","6","1535","Stormcaller's Hauberk","4455","27","8622","1","0"
"687","Temple of Ahn'Qiraj","14808","7","1540","Avenger's Breastplate","4453","27","8627","1","0"
"687","Temple of Ahn'Qiraj","14808","8","1546","Doomcaller's Robes","4456","27","8661","1","0"
"687","Temple of Ahn'Qiraj","14808","9","1536","Enigma Robes","4457","27","8633","1","0"
"687","Temple of Ahn'Qiraj","14808","10","1537","Vestments of the Oracle","4458","27","8603","1","0"
"687","Temple of Ahn'Qiraj","14808","11","1525","C'Thun's Legacy","4459","27","8801","1","0"
"687","Temple of Ahn'Qiraj","14808","12","1538","Atiesh, the Befouled Greatstaff","4460","27","9251","1","0"
"687","Temple of Ahn'Qiraj","14808","13","1531","Belt of Never-ending Agony","4585","36","21586","1","0"
"687","Temple of Ahn'Qiraj","14808","14","1526","Cloak of Clarity","4586","36","21583","1","0"
"687","Temple of Ahn'Qiraj","14808","15","1529","Dark Edge of Insanity","4587","36","21134","1","0"
"687","Temple of Ahn'Qiraj","14808","16","1542","Dark Storm Gauntlets","4588","36","21585","1","0"
"687","Temple of Ahn'Qiraj","14808","17","1528","Death's Sting","4589","36","21126","1","0"
"687","Temple of Ahn'Qiraj","14808","18","1530","Gauntlets of Annihilation","4590","36","21581","1","0"
"687","Temple of Ahn'Qiraj","14808","19","1532","Grasp of the Old God","4591","36","21582","1","0"
"687","Temple of Ahn'Qiraj","14808","20","1543","Ring of the Godslayer","4592","36","21596","1","0"
"687","Temple of Ahn'Qiraj","14808","21","1527","Scepter of the False Prophet","4593","36","21839","1","0"
"687","Temple of Ahn'Qiraj","14808","22","1545","Vanquished Tentacle of C'Thun","4594","36","21579","1","0"
"687","Temple of Ahn'Qiraj","14808","23","1553","Cloak of the Devoured","4595","36","22731","1","0"
"687","Temple of Ahn'Qiraj","14808","24","1533","Eyestalk Waist Cord","4596","36","22730","1","0"
"687","Temple of Ahn'Qiraj","14808","25","1523","Mark of C'Thun","4941","36","22732","1","0"
"687","Temple of Ahn'Qiraj","14808","26","1547","Conqueror's Breastplate","8894","36","21331","1","0"
"687","Temple of Ahn'Qiraj","14808","27","1548","Avenger's Breastplate","8895","36","21389","1","0"
"687","Temple of Ahn'Qiraj","14808","28","1549","Deathdealer's Vest","8896","36","21364","1","0"
"687","Temple of Ahn'Qiraj","14808","29","1550","Doomcaller's Robes","8897","36","21334","1","0"
"687","Temple of Ahn'Qiraj","14808","30","1551","Enigma Robes","8898","36","21343","1","0"
"687","Temple of Ahn'Qiraj","14808","31","1552","Genesis Vest","8899","36","21357","1","0"
"687","Temple of Ahn'Qiraj","14808","32","1554","Stormcaller's Hauberk","8900","36","21374","1","0"
"687","Temple of Ahn'Qiraj","14808","33","1555","Striker's Hauberk","8901","36","21370","1","0"
"687","Temple of Ahn'Qiraj","14808","34","1556","Vestments of the Oracle","8902","36","21351","1","0"
"687","Temple of Ahn'Qiraj","14808","35","1557","Husk of the Old God","8903","36","20933","1","0"
"687","Temple of Ahn'Qiraj","14808","36","1544","Husk of the Old God","9078","36","20929","1","0"
"689","Ruins of Ahn'Qiraj","14808","1","1726","Ossirian the Unscarred","18891","0","15339","1","0"
"689","Ruins of Ahn'Qiraj","14808","2","1727","The Fall of Ossirian","4265","27","8791","1","0"
"706","Frostwolf Howler","14801","1","1487","Frostwolf Howler","6211","34","23509","0","0"
"707","Stormpike Battle Charger","14801","1","6193","Stormpike Battle Charger","6212","34","23510","0","0"
"708","Hero of the Frostwolf Clan","14801","1","4973","Exalted with the Frostwolf Clan","5320","46","729","42000","0"
"709","Hero of the Stormpike Guard","14801","1","5699","Exalted with the Stormpike Guard","5335","46","730","42000","0"
"710","The Defiler","14802","1","1714","Exalted with The Defilers","5318","46","510","42000","0"
"711","Knight of Arathor","14802","1","1585","Exalted with The League of Arathor","5333","46","509","42000","0"
"712","Warsong Outrider","14804","1","527","Exalted with Warsong Outriders","5319","46","889","42000","0"
"713","Silverwing Sentinel","14804","1","7438","Exalted with Silverwing Sentinels","5334","46","890","42000","0"
"728","Explore Durotar","14778","1","8160","Valley of Trials","822","43","242","1","0"
"728","Explore Durotar","14778","2","8170","Northwatch Foothold","14086","43","2472","1","0"
"728","Explore Durotar","14778","3","8169","Southfury Watershed","14087","43","2473","1","0"
"728","Explore Durotar","14778","4","8161","Sen'jin Village","823","43","244","1","0"
"728","Explore Durotar","14778","5","8165","Echo Isles","825","43","248","1","0"
"728","Explore Durotar","14778","6","8167","Tiragarde Keep","826","43","250","1","0"
"728","Explore Durotar","14778","7","8162","Razor Hill","827","43","252","1","0"
"728","Explore Durotar","14778","8","8168","Razormane Grounds","828","43","254","1","0"
"728","Explore Durotar","14778","9","8166","Thunder Ridge","829","43","256","1","0"
"728","Explore Durotar","14778","10","8163","Drygulch Ravine","830","43","258","1","0"
"728","Explore Durotar","14778","11","8159","Skull Rock","831","43","260","1","0"
"728","Explore Durotar","14778","12","8164","Orgrimmar","832","43","262","1","0"
"736","Explore Mulgore","14778","1","2011","Red Cloud Mesa","903","43","2709","1","0"
"736","Explore Mulgore","14778","2","2016","Palemane Rock","904","43","2707","1","0"
"736","Explore Mulgore","14778","3","2010","Bloodhoof Village","914","43","2706","1","0"
"736","Explore Mulgore","14778","4","2017","Winterhoof Water Well","905","43","2719","1","0"
"736","Explore Mulgore","14778","5","2014","The Rolling Plains","906","43","2713","1","0"
"736","Explore Mulgore","14778","6","2009","The Venture Co. Mine","907","43","2714","1","0"
"736","Explore Mulgore","14778","7","2012","Ravaged Caravan","908","43","2708","1","0"
"736","Explore Mulgore","14778","8","2019","The Golden Plains","916","43","2712","1","0"
"736","Explore Mulgore","14778","9","2018","Thunderhorn Water Well","909","43","2716","1","0"
"736","Explore Mulgore","14778","10","2015","Bael'dun Digsite","910","43","2705","1","0"
"736","Explore Mulgore","14778","11","2020","Red Rocks","912","43","2710","1","0"
"736","Explore Mulgore","14778","12","2013","Windfury Ridge","913","43","2718","1","0"
"736","Explore Mulgore","14778","13","2021","Wildmane Water Well","915","43","2717","1","0"
"750","Explore Northern Barrens","14778","1","2387","Boulder Lode Mine","917","43","461","1","0"
"750","Explore Northern Barrens","14778","2","2399","Lushwater Oasis","14078","43","2443","1","0"
"750","Explore Northern Barrens","14778","3","2400","The Mor'shan Rampart","14079","43","2442","1","0"
"750","Explore Northern Barrens","14778","4","2395","The Sludge Fen","918","43","462","1","0"
"750","Explore Northern Barrens","14778","5","2396","Dreadmist Peak","920","43","464","1","0"
"750","Explore Northern Barrens","14778","6","2391","The Dry Hills","921","43","465","1","0"
"750","Explore Northern Barrens","14778","7","2392","The Forgotten Pools","922","43","466","1","0"
"750","Explore Northern Barrens","14778","8","2393","Grol'dom Farm","924","43","468","1","0"
"750","Explore Northern Barrens","14778","9","2390","Far Watch Post","925","43","469","1","0"
"750","Explore Northern Barrens","14778","10","2397","Thorn Hill","926","43","470","1","0"
"750","Explore Northern Barrens","14778","11","2398","The Crossroads","927","43","471","1","0"
"750","Explore Northern Barrens","14778","12","2389","The Stagnant Oasis","928","43","472","1","0"
"750","Explore Northern Barrens","14778","13","2388","Ratchet","929","43","473","1","0"
"750","Explore Northern Barrens","14778","14","2394","The Merchant Coast","930","43","474","1","0"
"761","Explore Arathi Highlands","14777","1","3511","Circle of West Binding","962","43","561","1","0"
"761","Explore Arathi Highlands","14777","2","3512","Northfold Manor","963","43","562","1","0"
"761","Explore Arathi Highlands","14777","3","3519","Boulder'gor","2044","43","563","1","0"
"761","Explore Arathi Highlands","14777","4","3504","Galen's Fall","964","43","2427","1","0"
"761","Explore Arathi Highlands","14777","5","3508","Stromgarde Keep","965","43","565","1","0"
"761","Explore Arathi Highlands","14777","6","3506","Faldir's Cove","966","43","566","1","0"
"761","Explore Arathi Highlands","14777","7","3514","Circle of Inner Binding","967","43","567","1","0"
"761","Explore Arathi Highlands","14777","8","3515","Thandol Span","968","43","568","1","0"
"761","Explore Arathi Highlands","14777","9","3505","Boulderfist Hall","969","43","569","1","0"
"761","Explore Arathi Highlands","14777","10","3507","Refuge Pointe","970","43","570","1","0"
"761","Explore Arathi Highlands","14777","11","3510","Circle of Outer Binding","971","43","2426","1","0"
"761","Explore Arathi Highlands","14777","12","3516","Witherbark Village","972","43","572","1","0"
"761","Explore Arathi Highlands","14777","13","3517","Go'Shek Farm","973","43","573","1","0"
"761","Explore Arathi Highlands","14777","14","3518","Dabyrie's Farmstead","974","43","574","1","0"
"761","Explore Arathi Highlands","14777","15","3509","Circle of East Binding","975","43","575","1","0"
"761","Explore Arathi Highlands","14777","16","3513","Hammerfall","976","43","576","1","0"
"765","Explore Badlands","14777","1","6640","Lethlor Ravine","1014","43","2650","1","0"
"765","Explore Badlands","14777","2","6632","Agmond's End","1016","43","2643","1","0"
"765","Explore Badlands","14777","3","6636","Uldaman","1017","43","2652","1","0"
"765","Explore Badlands","14777","4","6635","Camp Cagg","1018","43","2647","1","0"
"765","Explore Badlands","14777","5","6637","Scar of the Worldbreaker","1020","43","2690","1","0"
"765","Explore Badlands","14777","6","6633","The Dustbowl","1021","43","2651","1","0"
"765","Explore Badlands","14777","7","6641","Angor Fortress","1023","43","2644","1","0"
"765","Explore Badlands","14777","8","6634","Camp Kosh","1027","43","2648","1","0"
"765","Explore Badlands","14777","9","6638","Bloodwatcher Point","16092","43","2994","1","0"
"765","Explore Badlands","14777","10","6639","New Kargath","16093","43","2995","1","0"
"766","Explore Blasted Lands","14777","1","6343","Dreadmaul Hold","1028","43","821","1","0"
"766","Explore Blasted Lands","14777","2","6333","Nethergarde Supply Camps","1029","43","2444","1","0"
"766","Explore Blasted Lands","14777","3","6338","Nethergarde Keep","1030","43","823","1","0"
"766","Explore Blasted Lands","14777","4","6332","Serpent's Coil","1031","43","824","1","0"
"766","Explore Blasted Lands","14777","5","6335","The Dark Portal","1032","43","2448","1","0"
"766","Explore Blasted Lands","14777","6","6334","Altar of Storms","1033","43","826","1","0"
"766","Explore Blasted Lands","14777","7","6336","Dreadmaul Post","1034","43","827","1","0"
"766","Explore Blasted Lands","14777","8","6337","The Tainted Scar","1035","43","828","1","0"
"766","Explore Blasted Lands","14777","9","6339","Rise of the Defiler","1036","43","829","1","0"
"766","Explore Blasted Lands","14777","10","6340","Shattershore","14165","43","2445","1","0"
"766","Explore Blasted Lands","14777","11","6341","Sunveil Excursion","14166","43","2446","1","0"
"766","Explore Blasted Lands","14777","12","6342","Surwich","14167","43","2447","1","0"
"766","Explore Blasted Lands","14777","13","6345","The Red Reaches","14168","43","2449","1","0"
"766","Explore Blasted Lands","14777","14","6344","The Tainted Forest","14169","43","2450","1","0"
"768","Explore Tirisfal Glades","14777","1","8362","Deathknell","1037","43","236","1","0"
"768","Explore Tirisfal Glades","14777","2","8355","Solliden Farmstead","1038","43","235","1","0"
"768","Explore Tirisfal Glades","14777","3","8363","Agamand Mills","1039","43","234","1","0"
"768","Explore Tirisfal Glades","14777","4","8361","Nightmare Vale","1041","43","232","1","0"
"768","Explore Tirisfal Glades","14777","5","8357","Cold Hearth Manor","1042","43","231","1","0"
"768","Explore Tirisfal Glades","14777","6","8364","Brill","1043","43","230","1","0"
"768","Explore Tirisfal Glades","14777","7","8358","Garren's Haunt","1044","43","229","1","0"
"768","Explore Tirisfal Glades","14777","8","8356","Brightwater Lake","1046","43","227","1","0"
"768","Explore Tirisfal Glades","14777","9","8359","Balnir Farmstead","1047","43","226","1","0"
"768","Explore Tirisfal Glades","14777","10","8360","Crusader Outpost","1048","43","225","1","0"
"768","Explore Tirisfal Glades","14777","11","8354","Scarlet Watch Post","1049","43","224","1","0"
"768","Explore Tirisfal Glades","14777","12","8353","Venomweb Vale","1051","43","222","1","0"
"768","Explore Tirisfal Glades","14777","13","8365","Ruins of Lordaeron","1045","43","2587","1","0"
"768","Explore Tirisfal Glades","14777","14","8366","Scarlet Monastery Entrance","14153","43","2588","1","0"
"768","Explore Tirisfal Glades","14777","15","8367","The Bulwark","14154","43","2589","1","0"
"768","Explore Tirisfal Glades","14777","16","8368","Calston Estate","14155","43","2586","1","0"
"769","Explore Silverpine Forest","14777","1","4187","The Battlefront","1053","43","2541","1","0"
"769","Explore Silverpine Forest","14777","2","4177","The Decrepit Fields","1054","43","2542","1","0"
"769","Explore Silverpine Forest","14777","3","4178","The Forsaken Front","1055","43","2543","1","0"
"769","Explore Silverpine Forest","14777","4","4179","The Skittering Dark","1056","43","304","1","0"
"769","Explore Silverpine Forest","14777","5","4182","North Tide's Beachhead","1057","43","2539","1","0"
"769","Explore Silverpine Forest","14777","6","4176","Fenris Isle","1058","43","306","1","0"
"769","Explore Silverpine Forest","14777","7","4183","Valgan's Field","1059","43","2544","1","0"
"769","Explore Silverpine Forest","14777","8","4184","The Sepulcher","1060","43","308","1","0"
"769","Explore Silverpine Forest","14777","9","4180","Deep Elem Mine","1061","43","309","1","0"
"769","Explore Silverpine Forest","14777","10","4185","Olsen's Farthing","1062","43","310","1","0"
"769","Explore Silverpine Forest","14777","11","4186","Ambermill","1063","43","311","1","0"
"769","Explore Silverpine Forest","14777","12","4181","Shadowfang Keep","1064","43","312","1","0"
"769","Explore Silverpine Forest","14777","13","4175","Forsaken High Command","1065","43","2537","1","0"
"769","Explore Silverpine Forest","14777","14","4188","North Tide's Run","14160","43","2540","1","0"
"769","Explore Silverpine Forest","14777","15","4189","Forsaken Rear Guard","14159","43","2538","1","0"
"770","Explore Western Plaguelands","14777","1","4026","Darrowmere Lake","1068","43","961","1","0"
"770","Explore Western Plaguelands","14777","2","4027","Caer Darrow","1069","43","962","1","0"
"770","Explore Western Plaguelands","14777","3","4025","Sorrow Hill","1070","43","963","1","0"
"770","Explore Western Plaguelands","14777","4","4020","Andorhal","1071","43","2617","1","0"
"770","Explore Western Plaguelands","14777","5","4030","The Bulwark","1072","43","965","1","0"
"770","Explore Western Plaguelands","14777","6","4018","Felstone Field","1073","43","966","1","0"
"770","Explore Western Plaguelands","14777","7","4022","Dalson's Farm","1074","43","2618","1","0"
"770","Explore Western Plaguelands","14777","8","4028","The Writhing Haunt","1075","43","968","1","0"
"770","Explore Western Plaguelands","14777","9","4029","Northridge Lumber Camp","1076","43","969","1","0"
"770","Explore Western Plaguelands","14777","10","4024","Hearthglen","1077","43","970","1","0"
"770","Explore Western Plaguelands","14777","11","4031","Redpine Dell","14170","43","2619","1","0"
"770","Explore Western Plaguelands","14777","12","4023","Gahrron's Withering","1078","43","971","1","0"
"770","Explore Western Plaguelands","14777","13","4019","The Weeping Cave","1079","43","972","1","0"
"770","Explore Western Plaguelands","14777","14","4021","Thondroril River","1080","43","973","1","0"
"771","Explore Eastern Plaguelands","14777","1","3304","Thondroril River","1081","43","2675","1","0"
"771","Explore Eastern Plaguelands","14777","2","3315","The Marris Stead","1082","43","2671","1","0"
"771","Explore Eastern Plaguelands","14777","3","3305","The Undercroft","1083","43","2674","1","0"
"771","Explore Eastern Plaguelands","14777","4","3300","Crown Guard Tower","1084","43","2656","1","0"
"771","Explore Eastern Plaguelands","14777","5","3301","The Fungal Vale","1085","43","2669","1","0"
"771","Explore Eastern Plaguelands","14777","6","3293","Darrowshire","1086","43","2657","1","0"
"771","Explore Eastern Plaguelands","14777","7","3296","Pestilent Scar","1087","43","2673","1","0"
"771","Explore Eastern Plaguelands","14777","8","3297","Corin's Crossing","1088","43","2655","1","0"
"771","Explore Eastern Plaguelands","14777","9","3302","Lake Mereldar","1089","43","2659","1","0"
"771","Explore Eastern Plaguelands","14777","10","3309","Tyr's Hand","1090","43","2676","1","0"
"771","Explore Eastern Plaguelands","14777","11","3310","Light's Hope Chapel","1091","43","2660","1","0"
"771","Explore Eastern Plaguelands","14777","12","3294","The Infectis Scar","1092","43","2670","1","0"
"771","Explore Eastern Plaguelands","14777","13","3303","The Noxious Glade","1093","43","2672","1","0"
"771","Explore Eastern Plaguelands","14777","14","3306","Eastwall Tower","1094","43","2658","1","0"
"771","Explore Eastern Plaguelands","14777","15","3313","Blackwood Lake","1095","43","2654","1","0"
"771","Explore Eastern Plaguelands","14777","16","3307","Northdale","1096","43","2662","1","0"
"771","Explore Eastern Plaguelands","14777","17","3295","Zul'Mashar","1097","43","2677","1","0"
"771","Explore Eastern Plaguelands","14777","18","3308","Northpass Tower","1098","43","2663","1","0"
"771","Explore Eastern Plaguelands","14777","19","3311","Quel'Lithien Lodge","1099","43","2665","1","0"
"771","Explore Eastern Plaguelands","14777","20","3299","Terrordale","1100","43","2668","1","0"
"771","Explore Eastern Plaguelands","14777","21","3298","Plaguewood","1101","43","2664","1","0"
"771","Explore Eastern Plaguelands","14777","22","3312","Stratholme","1102","43","2667","1","0"
"771","Explore Eastern Plaguelands","14777","23","3314","Ruins of the Scarlet Enclave","8749","43","2666","1","0"
"772","Explore Hillsbrad Foothills","14777","1","3266","Azurelode Mine","1103","43","2730","1","0"
"772","Explore Hillsbrad Foothills","14777","2","3282","Brazie Farmstead","15106","43","2743","1","0"
"772","Explore Hillsbrad Foothills","14777","3","3276","Corrahn's Dagger","1104","43","2732","1","0"
"772","Explore Hillsbrad Foothills","14777","4","3265","Crushridge Hold","1105","43","2733","1","0"
"772","Explore Hillsbrad Foothills","14777","5","3288","Chillwind Point","15119","43","2731","1","0"
"772","Explore Hillsbrad Foothills","14777","6","3273","Dalaran Crater","1106","43","2734","1","0"
"772","Explore Hillsbrad Foothills","14777","7","3267","Dandred's Fold","1107","43","2735","1","0"
"772","Explore Hillsbrad Foothills","14777","8","3268","Darrow Hill","1108","43","2736","1","0"
"772","Explore Hillsbrad Foothills","14777","9","3272","Dun Garok","1109","43","2737","1","0"
"772","Explore Hillsbrad Foothills","14777","10","3274","Durnholde Keep","1110","43","2738","1","0"
"772","Explore Hillsbrad Foothills","14777","11","3269","Gallows' Corner","1111","43","2739","1","0"
"772","Explore Hillsbrad Foothills","14777","12","3271","Gavin's Naze","1112","43","2740","1","0"
"772","Explore Hillsbrad Foothills","14777","13","3270","Growless Cave","1113","43","2741","1","0"
"772","Explore Hillsbrad Foothills","14777","14","3289","Misty Shore","15107","43","2744","1","0"
"772","Explore Hillsbrad Foothills","14777","15","3290","Nethander Stead","15108","43","2745","1","0"
"772","Explore Hillsbrad Foothills","14777","16","3277","Purgation Isle","15109","43","2746","1","0"
"772","Explore Hillsbrad Foothills","14777","17","3278","Ruins of Alterac","15110","43","2747","1","0"
"772","Explore Hillsbrad Foothills","14777","18","3284","Ruins of Southshore","15114","43","2751","1","0"
"772","Explore Hillsbrad Foothills","14777","19","3281","Slaughter Hollow","15111","43","2748","1","0"
"772","Explore Hillsbrad Foothills","14777","20","3280","Sofera's Naze","15112","43","2749","1","0"
"772","Explore Hillsbrad Foothills","14777","21","3283","Southpoint Gate","15113","43","2750","1","0"
"772","Explore Hillsbrad Foothills","14777","22","3279","Strahnbrad","15115","43","2752","1","0"
"772","Explore Hillsbrad Foothills","14777","23","3285","Tarren Mill","15116","43","2753","1","0"
"772","Explore Hillsbrad Foothills","14777","24","3286","The Headland","15117","43","2754","1","0"
"772","Explore Hillsbrad Foothills","14777","25","3275","The Sludge Fields","1114","43","2990","1","0"
"772","Explore Hillsbrad Foothills","14777","26","3287","The Uplands","15118","43","2755","1","0"
"773","Explore The Hinterlands","14777","1","8174","Aerie Peak","1115","43","601","1","0"
"773","Explore The Hinterlands","14777","2","8185","Plaguemist Ravine","1116","43","602","1","0"
"773","Explore The Hinterlands","14777","3","8175","Zun'watha","1117","43","2490","1","0"
"773","Explore The Hinterlands","14777","4","8180","Quel'Danil Lodge","1118","43","604","1","0"
"773","Explore The Hinterlands","14777","5","8184","Shadra'Alor","1119","43","605","1","0"
"773","Explore The Hinterlands","14777","6","8186","Valorwind Lake","1120","43","606","1","0"
"773","Explore The Hinterlands","14777","7","8179","Agol'watha","1121","43","607","1","0"
"773","Explore The Hinterlands","14777","8","8176","The Creeping Ruin","1122","43","608","1","0"
"773","Explore The Hinterlands","14777","9","8177","The Altar of Zul","1123","43","609","1","0"
"773","Explore The Hinterlands","14777","10","8181","Seradane","1124","43","610","1","0"
"773","Explore The Hinterlands","14777","11","8183","Skulk Rock","1125","43","611","1","0"
"773","Explore The Hinterlands","14777","12","8173","Shaol'watha","1126","43","612","1","0"
"773","Explore The Hinterlands","14777","13","8178","Jintha'Alor","1127","43","613","1","0"
"773","Explore The Hinterlands","14777","14","8182","The Overlook Cliffs","1128","43","614","1","0"
"774","Explore Searing Gorge","14777","1","4859","Firewatch Ridge","1129","43","2759","1","0"
"774","Explore Searing Gorge","14777","2","4856","The Cauldron","1130","43","2762","1","0"
"774","Explore Searing Gorge","14777","3","4857","Blackchar Cave","1131","43","2756","1","0"
"774","Explore Searing Gorge","14777","4","4858","The Sea of Cinders","1132","43","2883","1","0"
"774","Explore Searing Gorge","14777","5","4855","Grimesilt Dig Site","1134","43","2760","1","0"
"774","Explore Searing Gorge","14777","6","4860","Dustfire Valley","1135","43","2758","1","0"
"774","Explore Searing Gorge","14777","7","4862","Thorium Point","15120","43","2763","1","0"
"774","Explore Searing Gorge","14777","8","4861","Blackrock Mountain","15121","43","2757","1","0"
"775","Explore Burning Steppes","14777","1","4989","Dreadmaul Rock","1136","43","2725","1","0"
"775","Explore Burning Steppes","14777","2","4990","Morgan's Vigil","1137","43","2726","1","0"
"775","Explore Burning Steppes","14777","3","4984","Terror Wing Path","1138","43","2729","1","0"
"775","Explore Burning Steppes","14777","4","4985","Blackrock Pass","1139","43","2722","1","0"
"775","Explore Burning Steppes","14777","5","4992","Ruins of Thaurissan","1140","43","2728","1","0"
"775","Explore Burning Steppes","14777","6","4986","Black Tooth Hovel","1141","43","2997","1","0"
"775","Explore Burning Steppes","14777","7","4993","Blackrock Stronghold","1142","43","2723","1","0"
"775","Explore Burning Steppes","14777","8","4991","The Whelping Downs","1143","43","2724","1","0"
"775","Explore Burning Steppes","14777","9","4987","Altar of Storms","1144","43","2720","1","0"
"775","Explore Burning Steppes","14777","10","4988","Blackrock Mountain","1145","43","2721","1","0"
"776","Explore Elwynn Forest","14777","1","1685","Northshire Valley","1146","43","125","1","0"
"776","Explore Elwynn Forest","14777","2","1687","Westbrook Garrison","14147","43","2483","1","0"
"776","Explore Elwynn Forest","14777","3","1681","Goldshire","1147","43","122","1","0"
"776","Explore Elwynn Forest","14777","4","1682","Fargodeep Mine","1148","43","124","1","0"
"776","Explore Elwynn Forest","14777","5","1686","Jerod's Landing","1151","43","126","1","0"
"776","Explore Elwynn Forest","14777","6","1680","Tower of Azora","1152","43","127","1","0"
"776","Explore Elwynn Forest","14777","7","1679","Brackwell Pumpkin Patch","1153","43","128","1","0"
"776","Explore Elwynn Forest","14777","8","1683","Eastvale Logging Camp","1154","43","129","1","0"
"776","Explore Elwynn Forest","14777","9","1684","Ridgepoint Tower","1155","43","130","1","0"
"776","Explore Elwynn Forest","14777","10","1677","Crystal Lake","1156","43","131","1","0"
"776","Explore Elwynn Forest","14777","11","1678","Stone Cairn Lake","1157","43","132","1","0"
"777","Explore Deadwind Pass","14777","1","4483","Deadman's Crossing","1158","43","941","1","0"
"777","Explore Deadwind Pass","14777","2","4484","The Vice","1159","43","1061","1","0"
"777","Explore Deadwind Pass","14777","3","4485","Karazhan","1160","43","1062","1","0"
"778","Explore Duskwood","14777","1","1697","The Hushed Bank","1161","43","421","1","0"
"778","Explore Duskwood","14777","2","1696","Addle's Stead","1162","43","422","1","0"
"778","Explore Duskwood","14777","3","1700","Raven Hill","1163","43","2474","1","0"
"778","Explore Duskwood","14777","4","1701","Raven Hill Cemetery","1164","43","424","1","0"
"778","Explore Duskwood","14777","5","1691","Vul'Gol Ogre Mound","1165","43","425","1","0"
"778","Explore Duskwood","14777","6","1699","Twilight Grove","1166","43","2476","1","0"
"778","Explore Duskwood","14777","7","1692","The Yorgen Farmstead","1167","43","427","1","0"
"778","Explore Duskwood","14777","8","1693","Brightwood Grove","1168","43","428","1","0"
"778","Explore Duskwood","14777","9","1702","The Rotting Orchard","1169","43","429","1","0"
"778","Explore Duskwood","14777","10","1694","Tranquil Gardens Cemetery","1170","43","2475","1","0"
"778","Explore Duskwood","14777","11","1690","Darkshire","1171","43","431","1","0"
"778","Explore Duskwood","14777","12","1698","Manor Mistmantle","1172","43","432","1","0"
"778","Explore Duskwood","14777","13","1695","The Darkened Bank","1173","43","433","1","0"
"779","Explore Loch Modan","14777","1","1103","The Loch","1176","43","318","1","0"
"779","Explore Loch Modan","14777","2","1110","Stonewrought Dam","1174","43","2513","1","0"
"779","Explore Loch Modan","14777","3","1102","Mo'grosh Stronghold","1175","43","317","1","0"
"779","Explore Loch Modan","14777","4","1111","Silver Stream Mine","1177","43","319","1","0"
"779","Explore Loch Modan","14777","5","1107","North Gate Pass","1178","43","320","1","0"
"779","Explore Loch Modan","14777","6","1108","The Farstrider Lodge","1179","43","321","1","0"
"779","Explore Loch Modan","14777","7","1109","Ironband's Excavation Site","1180","43","322","1","0"
"779","Explore Loch Modan","14777","8","1101","Grizzlepaw Ridge","1181","43","323","1","0"
"779","Explore Loch Modan","14777","9","1104","Thelsamar","1182","43","324","1","0"
"779","Explore Loch Modan","14777","10","1105","Stonesplinter Valley","1183","43","325","1","0"
"779","Explore Loch Modan","14777","11","1106","Valley of Kings","1184","43","326","1","0"
"780","Explore Redridge Mountains","14777","1","6913","Lakeshire","1185","43","364","1","0"
"780","Explore Redridge Mountains","14777","2","6917","Lake Everstill","1188","43","363","1","0"
"780","Explore Redridge Mountains","14777","3","6914","Three Corners","1186","43","361","1","0"
"780","Explore Redridge Mountains","14777","4","6920","Lakeridge Highway","1187","43","362","1","0"
"780","Explore Redridge Mountains","14777","5","6921","Redridge Canyons","1189","43","365","1","0"
"780","Explore Redridge Mountains","14777","6","6916","Alther's Mill","1191","43","367","1","0"
"780","Explore Redridge Mountains","14777","7","6918","Stonewatch Falls","1192","43","370","1","0"
"780","Explore Redridge Mountains","14777","8","6919","Render's Valley","1193","43","369","1","0"
"780","Explore Redridge Mountains","14777","9","6915","Render's Camp","1190","43","366","1","0"
"780","Explore Redridge Mountains","14777","10","6911","Stonewatch Keep","1194","43","2519","1","0"
"780","Explore Redridge Mountains","14777","11","6912","Galardell Valley","1195","43","371","1","0"
"780","Explore Redridge Mountains","14777","12","6923","Shalewind Canyon","14161","43","2518","1","0"
"780","Explore Redridge Mountains","14777","13","6922","Camp Everstill","14162","43","2517","1","0"
"781","Explore Northern Stranglethorn","14777","1","1782","Grom'gol Base Camp","1198","43","515","1","0"
"781","Explore Northern Stranglethorn","14777","2","1791","Balia'mah Ruins","14062","43","513","1","0"
"781","Explore Northern Stranglethorn","14777","3","1792","Bambala","14063","43","2565","1","0"
"781","Explore Northern Stranglethorn","14777","4","1794","Fort Livingston","14064","43","2566","1","0"
"781","Explore Northern Stranglethorn","14777","5","1793","Zuuldaia Ruins","14066","43","2568","1","0"
"781","Explore Northern Stranglethorn","14777","6","1783","Nesingwary's Expedition","1197","43","524","1","0"
"781","Explore Northern Stranglethorn","14777","7","1779","Rebel Camp","1199","43","525","1","0"
"781","Explore Northern Stranglethorn","14777","8","1789","Kurzen's Compound","1200","43","526","1","0"
"781","Explore Northern Stranglethorn","14777","9","1788","Kal'ai Ruins","1216","43","519","1","0"
"781","Explore Northern Stranglethorn","14777","10","1781","Mizjah Ruins","1212","43","514","1","0"
"781","Explore Northern Stranglethorn","14777","11","1790","Mosh'Ogg Ogre Mound","1213","43","516","1","0"
"781","Explore Northern Stranglethorn","14777","12","1787","Lake Nazferiti","1215","43","518","1","0"
"781","Explore Northern Stranglethorn","14777","13","1784","Bal'lal Ruins","1217","43","520","1","0"
"781","Explore Northern Stranglethorn","14777","14","1785","The Vile Reef","1218","43","521","1","0"
"781","Explore Northern Stranglethorn","14777","15","1780","Ruins of Zul'Kunda","1220","43","523","1","0"
"781","Explore Northern Stranglethorn","14777","16","1786","Zul'Gurub","1222","43","527","1","0"
"782","Explore Swamp of Sorrows","14777","1","1802","Misty Valley","1224","43","2682","1","0"
"782","Explore Swamp of Sorrows","14777","2","1803","The Harborage","1225","43","2688","1","0"
"782","Explore Swamp of Sorrows","14777","3","1804","Splinterspear Junction","1226","43","2685","1","0"
"782","Explore Swamp of Sorrows","14777","4","1806","The Shifting Mire","1227","43","2689","1","0"
"782","Explore Swamp of Sorrows","14777","5","1797","Stonard","1228","43","2687","1","0"
"782","Explore Swamp of Sorrows","14777","6","1805","Pool of Tears","1229","43","2683","1","0"
"782","Explore Swamp of Sorrows","14777","7","1798","Stagalbog","1230","43","2686","1","0"
"782","Explore Swamp of Sorrows","14777","8","1799","Sorrowmurk","1231","43","2684","1","0"
"782","Explore Swamp of Sorrows","14777","9","1801","Bogpaddle","1232","43","2678","1","0"
"782","Explore Swamp of Sorrows","14777","10","1800","Misty Reed Strand","1233","43","2681","1","0"
"782","Explore Swamp of Sorrows","14777","11","1808","Purespring Cavern","14163","43","2679","1","0"
"782","Explore Swamp of Sorrows","14777","12","1807","Marshtide Watch","14164","43","2680","1","0"
"802","Explore Westfall","14777","1","7445","Sentinel Hill","1248","43","288","1","0"
"802","Explore Westfall","14777","2","7441","Saldean's Farm","1249","43","284","1","0"
"802","Explore Westfall","14777","3","7452","Furlbrow's Pumpkin Farm","1250","43","282","1","0"
"802","Explore Westfall","14777","4","7446","The Jansen Stead","1251","43","281","1","0"
"802","Explore Westfall","14777","5","7447","Jangolode Mine","1252","43","2620","1","0"
"802","Explore Westfall","14777","6","7450","The Molsen Farm","1253","43","285","1","0"
"802","Explore Westfall","14777","7","7444","The Dead Acre","1255","43","287","1","0"
"802","Explore Westfall","14777","8","7443","Moonbrook","1256","43","289","1","0"
"802","Explore Westfall","14777","9","7448","Alexston Farmstead","1257","43","290","1","0"
"802","Explore Westfall","14777","10","7451","Demont's Place","1258","43","291","1","0"
"802","Explore Westfall","14777","11","7442","The Dagger Hills","1260","43","293","1","0"
"802","Explore Westfall","14777","12","7453","The Raging Chasm","14156","43","2989","1","0"
"802","Explore Westfall","14777","13","7449","The Dust Plains","1261","43","294","1","0"
"841","Explore Wetlands","14777","1","6367","Menethil Harbor","1262","43","381","1","0"
"841","Explore Wetlands","14777","2","6359","Black Channel Marsh","1263","43","382","1","0"
"841","Explore Wetlands","14777","3","6357","Bluegill Marsh","1264","43","383","1","0"
"841","Explore Wetlands","14777","4","6360","Whelgar's Excavation Site","1265","43","384","1","0"
"841","Explore Wetlands","14777","5","6363","Sundown Marsh","1266","43","385","1","0"
"841","Explore Wetlands","14777","6","6361","Saltspray Glen","1267","43","2625","1","0"
"841","Explore Wetlands","14777","7","6362","Ironbeard's Tomb","1268","43","387","1","0"
"841","Explore Wetlands","14777","8","6364","Dun Modr","1269","43","388","1","0"
"841","Explore Wetlands","14777","9","6358","Angerfang Encampment","1270","43","389","1","0"
"841","Explore Wetlands","14777","10","6371","Thelgen Rock","1271","43","390","1","0"
"841","Explore Wetlands","14777","11","6370","Greenwarden's Grove","1272","43","2624","1","0"
"841","Explore Wetlands","14777","12","6365","Mosshide Fen","1273","43","392","1","0"
"841","Explore Wetlands","14777","13","6368","Direforge Hill","1274","43","2622","1","0"
"841","Explore Wetlands","14777","14","6369","Dun Algaz","14157","43","2623","1","0"
"841","Explore Wetlands","14777","15","6372","Slabchisel's Survey","14158","43","2626","1","0"
"841","Explore Wetlands","14777","16","6366","Raptor Ridge","1275","43","394","1","0"
"842","Explore Teldrassil","14778","1","411","Shadowglen","1299","43","91","1","0"
"842","Explore Teldrassil","14778","2","416","The Cleft","14088","43","2574","1","0"
"842","Explore Teldrassil","14778","3","417","Dolanaar","14089","43","3006","1","0"
"842","Explore Teldrassil","14778","4","412","Ban'ethil Hollow","1300","43","84","1","0"
"842","Explore Teldrassil","14778","5","413","Gnarlpine Hold","1302","43","87","1","0"
"842","Explore Teldrassil","14778","6","410","Lake Al'Ameth","1303","43","88","1","0"
"842","Explore Teldrassil","14778","7","415","Pools of Arlithrien","1304","43","89","1","0"
"842","Explore Teldrassil","14778","8","406","Starbreeze Village","1305","43","92","1","0"
"842","Explore Teldrassil","14778","9","407","The Oracle Glade","1306","43","93","1","0"
"842","Explore Teldrassil","14778","10","408","Wellspring Lake","1307","43","94","1","0"
"842","Explore Teldrassil","14778","11","409","Darnassus","1308","43","85","1","0"
"842","Explore Teldrassil","14778","12","414","Rut'theran Village","1309","43","2573","1","0"
"844","Explore Darkshore","14778","1","6575","Ruins of Auberdine","1314","43","2454","1","0"
"844","Explore Darkshore","14778","2","6580","Shatterspear Vale","14090","43","2455","1","0"
"844","Explore Darkshore","14778","3","6581","Shatterspear War Camp","14091","43","2456","1","0"
"844","Explore Darkshore","14778","4","6583","Wildbend River","14092","43","2457","1","0"
"844","Explore Darkshore","14778","5","6582","Withering Thicket","14093","43","2458","1","0"
"844","Explore Darkshore","14778","6","6573","Ruins of Mathystra","1315","43","341","1","0"
"844","Explore Darkshore","14778","7","6578","The Eye of the Vortex","1318","43","2451","1","0"
"844","Explore Darkshore","14778","8","6576","Ameth'Aran","1319","43","346","1","0"
"844","Explore Darkshore","14778","9","6579","Lor'danel","1320","43","2452","1","0"
"844","Explore Darkshore","14778","10","6574","Nazj'vel","1321","43","2453","1","0"
"844","Explore Darkshore","14778","11","6577","The Master's Glaive","1322","43","349","1","0"
"845","Explore Ashenvale","14778","1","7464","The Zoram Strand","1323","43","741","1","0"
"845","Explore Ashenvale","14778","2","7470","Orendil's Retreat","14094","43","2429","1","0"
"845","Explore Ashenvale","14778","3","7471","Silverwind Refuge","14095","43","2430","1","0"
"845","Explore Ashenvale","14778","4","7472","Thunder Peak","14096","43","2432","1","0"
"845","Explore Ashenvale","14778","5","7465","Lake Falathim","1324","43","742","1","0"
"845","Explore Ashenvale","14778","6","7467","Maestra's Post","1325","43","2428","1","0"
"845","Explore Ashenvale","14778","7","7463","Thistlefur Village","1326","43","744","1","0"
"845","Explore Ashenvale","14778","8","7459","The Shrine of Aessina","1327","43","2431","1","0"
"845","Explore Ashenvale","14778","9","7457","Astranaar","1329","43","747","1","0"
"845","Explore Ashenvale","14778","10","7460","The Ruins of Stardust","1331","43","749","1","0"
"845","Explore Ashenvale","14778","11","7456","The Howling Vale","1333","43","751","1","0"
"845","Explore Ashenvale","14778","12","7468","Raynewood Retreat","1334","43","752","1","0"
"845","Explore Ashenvale","14778","13","7466","Fallen Sky Lake","1335","43","753","1","0"
"845","Explore Ashenvale","14778","14","7458","Splintertree Post","1336","43","754","1","0"
"845","Explore Ashenvale","14778","15","7461","Satyrnaar","1337","43","755","1","0"
"845","Explore Ashenvale","14778","16","7462","Bough Shadow","1338","43","756","1","0"
"845","Explore Ashenvale","14778","17","7473","Warsong Lumber Camp","1339","43","757","1","0"
"845","Explore Ashenvale","14778","18","7469","Felfire Hill","1340","43","758","1","0"
"846","Explore Thousand Needles","14778","1","6375","The Great Lift","1341","43","2638","1","0"
"846","Explore Thousand Needles","14778","2","6384","Razorfen Downs","14099","43","2634","1","0"
"846","Explore Thousand Needles","14778","3","6383","Sunken Dig Site","14100","43","3248","1","0"
"846","Explore Thousand Needles","14778","4","6380","Southsea Holdfast","14101","43","2636","1","0"
"846","Explore Thousand Needles","14778","5","6386","The Twilight Withering","14102","43","2640","1","0"
"846","Explore Thousand Needles","14778","6","6381","Twilight Bulwark","14103","43","2641","1","0"
"846","Explore Thousand Needles","14778","7","6382","Westreach Summit","14104","43","2642","1","0"
"846","Explore Thousand Needles","14778","8","6379","Darkcloud Pinnacle","1342","43","2631","1","0"
"846","Explore Thousand Needles","14778","9","6378","Freewind Post","1344","43","2632","1","0"
"846","Explore Thousand Needles","14778","10","6385","Splithoof Heights","1345","43","2637","1","0"
"846","Explore Thousand Needles","14778","11","6377","The Shimmering Deep","1347","43","2639","1","0"
"846","Explore Thousand Needles","14778","12","6376","Highperch","1349","43","2633","1","0"
"847","Explore Stonetalon Mountains","14778","1","5172","Battlescar Valley","1350","43","2556","1","0"
"847","Explore Stonetalon Mountains","14778","2","5184","Krom'gar Fortress","14105","43","2559","1","0"
"847","Explore Stonetalon Mountains","14778","3","5181","Ruins of Eldre'thar","14106","43","2560","1","0"
"847","Explore Stonetalon Mountains","14778","4","5180","Thal'darah Overlook","14107","43","2561","1","0"
"847","Explore Stonetalon Mountains","14778","5","5182","Unearthed Grounds","14108","43","2562","1","0"
"847","Explore Stonetalon Mountains","14778","6","5183","Webwinder Hollow","14109","43","2563","1","0"
"847","Explore Stonetalon Mountains","14778","7","5179","Windshear Hold","14110","43","2564","1","0"
"847","Explore Stonetalon Mountains","14778","8","5168","Cliffwalker Post","1351","43","2557","1","0"
"847","Explore Stonetalon Mountains","14778","9","5176","Malaka'jin","1352","43","929","1","0"
"847","Explore Stonetalon Mountains","14778","10","5178","Webwinder Path","1353","43","928","1","0"
"847","Explore Stonetalon Mountains","14778","11","5170","Boulderslide Ravine","1354","43","927","1","0"
"847","Explore Stonetalon Mountains","14778","12","5173","Greatwood Vale","1355","43","2558","1","0"
"847","Explore Stonetalon Mountains","14778","13","5174","Windshear Crag","1356","43","925","1","0"
"847","Explore Stonetalon Mountains","14778","14","5175","Sun Rock Retreat","1357","43","924","1","0"
"847","Explore Stonetalon Mountains","14778","15","5169","The Charred Vale","1358","43","923","1","0"
"847","Explore Stonetalon Mountains","14778","16","5171","Mirkfallon Lake","1359","43","922","1","0"
"847","Explore Stonetalon Mountains","14778","17","5177","Stonetalon Peak","1360","43","921","1","0"
"848","Explore Desolace","14778","1","3541","Tethris Aran","1365","43","775","1","0"
"848","Explore Desolace","14778","2","3556","Thargad's Camp","14111","43","2464","1","0"
"848","Explore Desolace","14778","3","3550","Nijel's Point","1366","43","774","1","0"
"848","Explore Desolace","14778","4","3551","Sargeron","1367","43","773","1","0"
"848","Explore Desolace","14778","5","3552","Thunder Axe Fortress","1368","43","772","1","0"
"848","Explore Desolace","14778","6","3553","Cenarion Wildlands","1373","43","2459","1","0"
"848","Explore Desolace","14778","7","3554","Magram Territory","1374","43","2460","1","0"
"848","Explore Desolace","14778","8","3555","Ranazjar Isle","1375","43","2461","1","0"
"848","Explore Desolace","14778","9","3546","Valley of Spears","1376","43","768","1","0"
"848","Explore Desolace","14778","10","3542","Kodo Graveyard","1377","43","767","1","0"
"848","Explore Desolace","14778","11","3549","Shadowprey Village","1378","43","766","1","0"
"848","Explore Desolace","14778","12","3548","Gelkis Village","1379","43","765","1","0"
"848","Explore Desolace","14778","13","3544","Mannoroc Coven","1380","43","764","1","0"
"848","Explore Desolace","14778","14","3547","Shok'Thokar","1381","43","2462","1","0"
"848","Explore Desolace","14778","15","3543","Shadowbreak Ravine","1382","43","762","1","0"
"848","Explore Desolace","14778","16","3545","Slitherblade Shore","1383","43","2463","1","0"
"849","Explore Feralas","14778","1","5791","Lower Wilds","1395","43","997","1","0"
"849","Explore Feralas","14778","2","5796","Ruins of Feathermoon","1371","43","2488","1","0"
"849","Explore Feralas","14778","3","5797","The Twin Colossals","1372","43","984","1","0"
"849","Explore Feralas","14778","4","5788","The Forgotten Coast","1384","43","985","1","0"
"849","Explore Feralas","14778","5","5793","Dire Maul","1385","43","986","1","0"
"849","Explore Feralas","14778","6","5789","Feral Scar Vale","1386","43","2486","1","0"
"849","Explore Feralas","14778","7","5786","Ruins of Isildien","1388","43","989","1","0"
"849","Explore Feralas","14778","8","5785","The Writhing Deep","1389","43","2489","1","0"
"849","Explore Feralas","14778","9","5792","Camp Mojache","1390","43","991","1","0"
"849","Explore Feralas","14778","10","5790","Grimtotem Compound","1391","43","2487","1","0"
"849","Explore Feralas","14778","11","5794","Gordunni Outpost","1392","43","993","1","0"
"849","Explore Feralas","14778","12","5795","Darkmist Ruins","1393","43","2484","1","0"
"849","Explore Feralas","14778","13","5787","Feathermoon Stronghold","1394","43","2485","1","0"
"850","Explore Dustwallow Marsh","14778","1","6954","Theramore Isle","1361","43","661","1","0"
"850","Explore Dustwallow Marsh","14778","2","6958","Blackhoof Village","14112","43","2477","1","0"
"850","Explore Dustwallow Marsh","14778","3","6959","Direhorn Post","14113","43","2479","1","0"
"850","Explore Dustwallow Marsh","14778","4","6960","Mudsprocket","14114","43","2480","1","0"
"850","Explore Dustwallow Marsh","14778","5","6961","Shady Rest Inn","14115","43","2481","1","0"
"850","Explore Dustwallow Marsh","14778","6","6956","Dreadmurk Shore","1362","43","662","1","0"
"850","Explore Dustwallow Marsh","14778","7","6955","Brackenwall Village","1363","43","2478","1","0"
"850","Explore Dustwallow Marsh","14778","8","6957","Wyrmbog","1397","43","666","1","0"
"850","Explore Dustwallow Marsh","14778","9","6953","Alcaz Island","1398","43","667","1","0"
"851","Explore Tanaris","14778","1","3183","Gadgetzan","1405","43","658","1","0"
"851","Explore Tanaris","14778","2","3186","Sandsorrow Watch","1406","43","659","1","0"
"851","Explore Tanaris","14778","3","3173","Valley of the Watchers","1407","43","2571","1","0"
"851","Explore Tanaris","14778","4","3174","Lost Rigger Cove","1414","43","2570","1","0"
"851","Explore Tanaris","14778","5","3187","Abyssal Sands","1416","43","651","1","0"
"851","Explore Tanaris","14778","6","3181","Broken Pillar","1417","43","650","1","0"
"851","Explore Tanaris","14778","7","3175","The Noxious Lair","1418","43","649","1","0"
"851","Explore Tanaris","14778","8","3176","Dunemaul Compound","1419","43","648","1","0"
"851","Explore Tanaris","14778","9","3188","Southbreak Shore","1420","43","647","1","0"
"851","Explore Tanaris","14778","10","3177","The Gaping Chasm","1421","43","646","1","0"
"851","Explore Tanaris","14778","11","3182","Eastmoon Ruins","1422","43","645","1","0"
"851","Explore Tanaris","14778","12","3178","Land's End Beach","1423","43","644","1","0"
"851","Explore Tanaris","14778","13","3185","Southmoon Ruins","1424","43","643","1","0"
"851","Explore Tanaris","14778","14","3179","Thistleshrub Valley","1426","43","641","1","0"
"851","Explore Tanaris","14778","15","3180","Zul'Farrak","1427","43","660","1","0"
"851","Explore Tanaris","14778","16","3184","Caverns of Time","1428","43","657","1","0"
"852","Explore Azshara","14778","1","4795","Gallywix Pleasure Palace","1409","43","2437","1","0"
"852","Explore Azshara","14778","2","4799","The Shattered Strand","1410","43","842","1","0"
"852","Explore Azshara","14778","3","4797","Bilgewater Harbor","1411","43","2434","1","0"
"852","Explore Azshara","14778","4","4796","Bitter Reaches","1412","43","844","1","0"
"852","Explore Azshara","14778","5","4800","Tower of Eldara","1429","43","845","1","0"
"852","Explore Azshara","14778","6","4801","Ruins of Arkkoran","1430","43","2439","1","0"
"852","Explore Azshara","14778","7","4798","Darnassian Base Camp","1432","43","2436","1","0"
"852","Explore Azshara","14778","8","4790","The Secret Lab","1433","43","2441","1","0"
"852","Explore Azshara","14778","9","4791","Bear's Head","1434","43","2433","1","0"
"852","Explore Azshara","14778","10","4792","Blackmaw Hold","1435","43","2435","1","0"
"852","Explore Azshara","14778","11","4802","Orgrimmar Rear Gate","1436","43","2438","1","0"
"852","Explore Azshara","14778","12","4803","Ruins of Eldarath","1438","43","854","1","0"
"852","Explore Azshara","14778","13","4805","Southridge Beach","1439","43","3016","1","0"
"852","Explore Azshara","14778","14","4793","Ravencrest Monument","1440","43","856","1","0"
"852","Explore Azshara","14778","15","4804","Lake Mennar","1441","43","857","1","0"
"852","Explore Azshara","14778","16","4806","The Ruined Reaches","1442","43","858","1","0"
"852","Explore Azshara","14778","17","4794","Storm Cliffs","1443","43","2440","1","0"
"853","Explore Felwood","14778","1","6628","Felpaw Village","1401","43","861","1","0"
"853","Explore Felwood","14778","2","6629","Talonbranch Glade","1402","43","862","1","0"
"853","Explore Felwood","14778","3","6624","Irontree Woods","1403","43","863","1","0"
"853","Explore Felwood","14778","4","6619","Jadefire Run","1404","43","864","1","0"
"853","Explore Felwood","14778","5","6626","Shatter Scar Vale","1444","43","865","1","0"
"853","Explore Felwood","14778","6","6618","Bloodvenom Falls","1445","43","866","1","0"
"853","Explore Felwood","14778","7","6620","Jaedenar","1446","43","867","1","0"
"853","Explore Felwood","14778","8","6625","Ruins of Constellas","1447","43","868","1","0"
"853","Explore Felwood","14778","9","6627","Jadefire Glen","1448","43","869","1","0"
"853","Explore Felwood","14778","10","6621","Emerald Sanctuary","1449","43","870","1","0"
"853","Explore Felwood","14778","11","6622","Deadwood Village","1450","43","871","1","0"
"853","Explore Felwood","14778","12","6623","Morlos'Aran","1451","43","872","1","0"
"854","Explore Un'Goro Crater","14778","1","3196","Fire Plume Ridge","1453","43","621","1","0"
"854","Explore Un'Goro Crater","14778","2","3198","Fungal Rock","14119","43","2590","1","0"
"854","Explore Un'Goro Crater","14778","3","3199","Marshal's Stand","14120","43","2591","1","0"
"854","Explore Un'Goro Crater","14778","4","3200","Mossy Pile","14121","43","2592","1","0"
"854","Explore Un'Goro Crater","14778","5","3201","The Roiling Gardens","14122","43","2593","1","0"
"854","Explore Un'Goro Crater","14778","6","3202","The Screaming Reaches","14123","43","2594","1","0"
"854","Explore Un'Goro Crater","14778","7","3193","Golakka Hot Springs","1454","43","622","1","0"
"854","Explore Un'Goro Crater","14778","8","3194","Terror Run","1455","43","623","1","0"
"854","Explore Un'Goro Crater","14778","9","3192","The Slithering Scar","1456","43","624","1","0"
"854","Explore Un'Goro Crater","14778","10","3191","The Marshlands","1457","43","625","1","0"
"854","Explore Un'Goro Crater","14778","11","3195","Ironstone Plateau","1458","43","626","1","0"
"854","Explore Un'Goro Crater","14778","12","3197","Lakkari Tar Pits","1459","43","627","1","0"
"855","Explore Moonglade","14778","1","3881","Lake Elune'ara","1464","43","701","1","0"
"855","Explore Moonglade","14778","2","3883","Nighthaven","14116","43","2514","1","0"
"855","Explore Moonglade","14778","3","3882","Shrine of Remulos","14117","43","2515","1","0"
"855","Explore Moonglade","14778","4","3884","Stormrage Barrow Dens","14118","43","2516","1","0"
"856","Explore Silithus","14778","1","6257","The Crystal Vale","1460","43","1021","1","0"
"856","Explore Silithus","14778","2","6261","Southwind Village","1462","43","1023","1","0"
"856","Explore Silithus","14778","3","6259","Cenarion Hold","1463","43","2535","1","0"
"856","Explore Silithus","14778","4","6260","Hive'Zora","1468","43","1025","1","0"
"856","Explore Silithus","14778","5","6255","Hive'Regal","1469","43","1026","1","0"
"856","Explore Silithus","14778","6","6256","The Scarab Wall","1470","43","1027","1","0"
"856","Explore Silithus","14778","7","6258","Hive'Ashi","1472","43","1022","1","0"
"856","Explore Silithus","14778","8","6262","Valor's Rest","15122","43","2536","1","0"
"857","Explore Winterspring","14778","1","2537","Frostfire Hot Springs","1473","43","2765","1","0"
"857","Explore Winterspring","14778","2","2538","Timbermaw Post","1474","43","2774","1","0"
"857","Explore Winterspring","14778","3","2535","Lake Kel'Theril","1475","43","2769","1","0"
"857","Explore Winterspring","14778","4","2534","Starfall Village","1476","43","2772","1","0"
"857","Explore Winterspring","14778","5","2543","Mazthoril","1477","43","2770","1","0"
"857","Explore Winterspring","14778","6","2542","Everlook","1478","43","2764","1","0"
"857","Explore Winterspring","14778","7","2541","Owl Wing Thicket","1481","43","2771","1","0"
"857","Explore Winterspring","14778","8","2536","Ice Thistle Hills","1482","43","2768","1","0"
"857","Explore Winterspring","14778","9","2540","Winterfall Village","1483","43","2775","1","0"
"857","Explore Winterspring","14778","10","2544","The Hidden Grove","1484","43","2773","1","0"
"857","Explore Winterspring","14778","11","2545","Frostsaber Rock","1485","43","2766","1","0"
"857","Explore Winterspring","14778","12","2539","Frostwhisper Gorge","1479","43","2767","1","0"
"872","Frenzied Defender","14804","1","8269","Return 5 flags in a single battle","1801","30","44","5","0"
"873","Frostwolf Perfection","14801","1","5532","Galvagar and Drek'Thar survive","1811","1","30","1","0"
"873","Frostwolf Perfection","14801","2","5540","Tower A1 owned by the Horde","1812","1","30","1","0"
"873","Frostwolf Perfection","14801","3","5539","win av","1825","1","30","1","0"
"873","Frostwolf Perfection","14801","4","5534","Tower A1 owned by the Horde","1813","1","30","1","0"
"873","Frostwolf Perfection","14801","5","5535","Tower A3 owned by the Horde","1814","1","30","1","0"
"873","Frostwolf Perfection","14801","6","5536","Tower A4 owned by the Horde","1815","1","30","1","0"
"873","Frostwolf Perfection","14801","7","5533","Tower H1 owned by the Horde","1816","1","30","1","0"
"873","Frostwolf Perfection","14801","8","5538","Tower H2 owned by the Horde","1817","1","30","1","0"
"873","Frostwolf Perfection","14801","9","5537","Tower H3 owned by the Horde","1818","1","30","1","0"
"873","Frostwolf Perfection","14801","10","5531","Tower H4 owned by the Horde","1819","1","30","1","0"
"940","The Green Hills of Stranglethorn","14861","1","5705","Big Game Hunter","2007","27","208","1","0"
"944","They Love Me In That Tunnel","14864","1","4663","Timbermaw Exalted","2011","46","576","42000","0"
"946","The Argent Dawn","14864","1","9125","Argent Dawn exalted","2020","46","529","42000","0"
"955","Hydraxian Waterlords","14864","1","2678","Exalted with the Hydraxian Waterlords","2048","46","749","42000","0"
"956","Brood of Nozdormu","14864","1","3748","Exalted with the Brood of Nozdormu","2049","46","910","42000","0"
"1091","Captain Cookie kills (Deadmines)","14821","1","8903","""Captain"" Cookie","18522","0","47739","1","0"
"1091","Captain Cookie kills (Deadmines)","14821","2","8902","Edwin VanCleef","3262","0","639","1","0"
"1092","Lord Godfrey kills (Shadowfang Keep)","14821","1","6549","Lord Godfrey","18525","0","46964","1","0"
"1092","Lord Godfrey kills (Shadowfang Keep)","14821","2","6548","Archmage Arugal","3263","0","4275","1","0"
"1093","High Inquisitor Whitemane kills (Scarlet Monastery)","14821","0","2949","Scarlet Commander Mograine","3264","0","3976","1","0"
"1093","High Inquisitor Whitemane kills (Scarlet Monastery)","14821","1","22422","High Inquisitor Whitemane","19698","0","3977","1","0"
"1094","Chief Ukorz Sandscalp kills (Zul'Farrak)","14821","1","277","Chief Ukorz Sandscalp","3265","0","7267","1","0"
"1095","Emperor Dagran Thaurissan kills (Blackrock Depths)","14821","1","14325","Emperor Dagran Thaurissan","3266","0","9019","1","0"
"1096","General Drakkisath kills (Upper Blackrock Spire)","14821","1","9943","General Drakkisath","3268","0","10363","1","0"
"1097","Rivendare kills (Stratholme)","14821","1","3416","Baron Rivendare","3270","0","10440","1","0"
"1097","Rivendare kills (Stratholme)","14821","2","3417","Aurius Rivendare","18471","0","45412","1","0"
"1098","Onyxia kills (Onyxia's Lair)","14821","1","3821","Onyxia","3271","0","10184","1","0"
"1099","Ragnaros kills (Molten Core)","14821","1","1717","Ragnaros","3272","0","11502","1","0"
"1100","Nefarian kills (Blackwing Lair)","14821","1","3404","Nefarian","3273","0","11583","1","0"
"1101","C'Thun kills (Temple of Ahn'Qiraj)","14821","1","6184","C'Thun","3274","0","15727","1","0"
"1151","Loyal Defender","14801","1","4240","50 honorable kills in the Hall of the Stormpike","3363","31","4408","50","0"
"1153","Overly Defensive","14802","1","1154","Defend 3 Bases","3372","30","123","3","0"
"1164","Everything Counts","14801","0","512","Kobold Cave Owned","3388","1","30","1","0"
"1164","Everything Counts","14801","1","513","Trogg Cave Owned","3389","1","30","1","0"
"1166","To the Looter Go the Spoils","14801","1","8527","Autographed Picture of Foror & Tigule","3391","42","18228","1","0"
"1167","Master of Alterac Valley","14801","0","6664","Alterac Valley Veteran","3392","8","219","0","0"
"1167","Master of Alterac Valley","14801","1","6665","Alterac Grave Robber","3393","8","221","0","0"
"1167","Master of Alterac Valley","14801","2","6667","Tower Defense","3394","8","222","0","0"
"1167","Master of Alterac Valley","14801","3/0","6668","Loyal Defender","3395","8","1151","0","0"
"1167","Master of Alterac Valley","14801","3/1","29079","Loyal Defender","3407","8","224","0","0"
"1167","Master of Alterac Valley","14801","4/0","6669","Everything Counts","3396","8","225","0","0"
"1167","Master of Alterac Valley","14801","4/1","29081","Everything Counts","3408","8","1164","0","0"
"1167","Master of Alterac Valley","14801","5","6671","The Sickly Gazelle","3398","8","223","0","0"
"1167","Master of Alterac Valley","14801","6/0","6672","Stormpike Perfection","3399","8","220","0","0"
"1167","Master of Alterac Valley","14801","6/1","29083","Stormpike Perfection","3411","8","873","0","0"
"1167","Master of Alterac Valley","14801","7","6666","Alterac Valley All-Star","3400","8","582","0","0"
"1167","Master of Alterac Valley","14801","8/0","6670","Stormpike Battle Charger","3401","8","707","0","0"
"1167","Master of Alterac Valley","14801","8/1","29085","Stormpike Battle Charger","3413","8","706","0","0"
"1167","Master of Alterac Valley","14801","9","6663","To the Looter Go The Spoils","3403","8","1166","0","0"
"1169","Master of Arathi Basin","14802","1","4413","Arathi Basin Veteran","3431","8","155","0","0"
"1169","Master of Arathi Basin","14802","2","4410","Arathi Basin Perfection","3432","8","165","0","0"
"1169","Master of Arathi Basin","14802","3","4411","Me and the Cappin' Makin' it Happen","3433","8","158","0","0"
"1169","Master of Arathi Basin","14802","4","4415","Disgracin' The Basin","3434","8","73","0","0"
"1169","Master of Arathi Basin","14802","5","4414","Overly Defensive","3435","8","1153","0","0"
"1169","Master of Arathi Basin","14802","6","4412","To The Rescue!","3436","8","157","0","0"
"1169","Master of Arathi Basin","14802","7","4417","Resilient Victory","3437","8","161","0","0"
"1169","Master of Arathi Basin","14802","8","4419","Territorial Dominance","3438","8","156","0","0"
"1169","Master of Arathi Basin","14802","9","4420","Let's Get This Done","3439","8","159","0","0"
"1169","Master of Arathi Basin","14802","10","4421","We Had It All Along *cough*","3442","8","162","0","0"
"1169","Master of Arathi Basin","14802","11","4418","Arathi Basin All-Star","3444","8","583","0","0"
"1169","Master of Arathi Basin","14802","12","4416","Arathi Basin Assassin","3445","8","584","0","0"
"1172","Master of Warsong Gulch","14804","0","1420","Warsong Gulch Veteran","3461","8","167","0","0"
"1172","Master of Warsong Gulch","14804","1","1418","Capture the Flag","3462","8","199","0","0"
"1172","Master of Warsong Gulch","14804","2","1412","Persistent Defender","3463","8","200","0","0"
"1172","Master of Warsong Gulch","14804","3","1413","Frenzied Defender","3464","8","872","0","0"
"1172","Master of Warsong Gulch","14804","4","1419","Warsong Gulch Perfection","3465","8","168","0","0"
"1172","Master of Warsong Gulch","14804","5","1417","Warsong Expedience","3466","8","201","0","0"
"1172","Master of Warsong Gulch","14804","6","1421","Ironman","3467","8","204","0","0"
"1172","Master of Warsong Gulch","14804","7/0","1422","Not In My House","3469","8","203","0","0"
"1172","Master of Warsong Gulch","14804","7/1","29073","Not In My House","3484","8","1251","0","0"
"1172","Master of Warsong Gulch","14804","8/0","1414","Quick Cap","3470","8","202","0","0"
"1172","Master of Warsong Gulch","14804","8/1","29075","Quick Cap","3485","8","1502","0","0"
"1172","Master of Warsong Gulch","14804","9/0","1415","Supreme Defender","3471","8","206","0","0"
"1172","Master of Warsong Gulch","14804","9/1","29077","Supreme Defender","3486","8","1252","0","0"
"1172","Master of Warsong Gulch","14804","10","1416","Save The Day","3472","8","207","0","0"
"1251","Not In My House","14804","1","5247","Kill 2 flag carriers before they leave the Warsong Flag Room","7021","70","0","2","0"
"1252","Supreme Defender","14804","0","6989","Alliance Flag Carriers","3699","70","0","100","0"
"1259","Not So Fast","14804","1","6348","Killed a Sprinting Player","3880","70","0","1","0"
"1502","Quick Cap","14804","0","4753","Cap in 75 seconds","5602","30","42","1","0"
"1676","Loremaster of Eastern Kingdoms","14861","0/0","65060","Arathi Highlands Quests","15204","8","4896","0","0"
"1676","Loremaster of Eastern Kingdoms","14861","0/1","65061","Badlands Quests","15205","8","4900","0","0"
"1676","Loremaster of Eastern Kingdoms","14861","0/2","65062","Blasted Lands Quests","15206","8","4909","0","0"
"1676","Loremaster of Eastern Kingdoms","14861","0/3","65063","Burning Steppes Quests","15207","8","4901","0","0"
"1676","Loremaster of Eastern Kingdoms","14861","0/4","65064","Cape of Stranglethorn Quests","15208","8","4905","0","0"
"1676","Loremaster of Eastern Kingdoms","14861","0/5","65066","Eastern Plaguelands Quests","15209","8","4892","0","0"
"1676","Loremaster of Eastern Kingdoms","14861","0/6","65067","Hinterlands Quests","15212","8","4897","0","0"
"1676","Loremaster of Eastern Kingdoms","14861","0/7","65069","Northern Stranglethorn Quests","15213","8","4906","0","0"
"1676","Loremaster of Eastern Kingdoms","14861","0/8","65071","Searing Gorge Quests","15214","8","4910","0","0"
"1676","Loremaster of Eastern Kingdoms","14861","0/9","65072","Swamp of Sorrows Quests","15216","8","4904","0","0"
"1676","Loremaster of Eastern Kingdoms","14861","0/10","65073","Western Plaguelands Quests","15217","8","4893","0","0"
"1676","Loremaster of Eastern Kingdoms","14861","0/11/0","65074","Westfall Quests & Duskwood Quests","39734","8","12455","0","0"
"1676","Loremaster of Eastern Kingdoms","14861","0/11/1","65081","Silverpine Forest Quests","15215","8","4894","0","0"
"1676","Loremaster of Eastern Kingdoms","14861","0/12/0","65083","Hillsbrad Foothills Quests","15211","8","4895","0","0"
"1676","Loremaster of Eastern Kingdoms","14861","0/12/1","65070","Redridge Mountains Quests","15198","8","4902","0","0"
"1676","Loremaster of Eastern Kingdoms","14861","0/13/0","65087","Ghostlands Quests","15210","8","4908","0","0"
"1676","Loremaster of Eastern Kingdoms","14861","0/13/1","65292","Ghostlands Quests","39733","8","12456","0","0"
"1676","Loremaster of Eastern Kingdoms","14861","1","65077","","22229","8","1677","0","0"
"1678","Loremaster of Kalimdor","15081","0/0/0","10262","Ashenvale Quests","15218","8","4925","0","0"
"1678","Loremaster of Kalimdor","15081","0/0/1","29131","Ashenvale Quests","15231","8","4976","0","0"
"1678","Loremaster of Kalimdor","15081","0/1/0","10261","Bloodmyst Isle Quests","15219","8","4926","0","0"
"1678","Loremaster of Kalimdor","15081","0/1/1","29135","Bloodmyst Isle Quests","15236","8","4933","0","0"
"1678","Loremaster of Kalimdor","15081","0/2/0","10263","Darkshore Quests","15220","8","4928","0","0"
"1678","Loremaster of Kalimdor","15081","0/2/1","29133","Darkshore Quests","15232","8","4927","0","0"
"1678","Loremaster of Kalimdor","15081","0/3","10259","Desolace Quests","16678","8","4930","0","0"
"1678","Loremaster of Kalimdor","15081","0/4/0","10260","Dustwallow Marsh Quests","15221","8","4929","0","0"
"1678","Loremaster of Kalimdor","15081","0/4/1","29137","Dustwallow Marsh Quests","15233","8","4978","0","0"
"1678","Loremaster of Kalimdor","15081","0/5","10271","Felwood Quests","15234","8","4931","0","0"
"1678","Loremaster of Kalimdor","15081","0/6/0","10264","Feralas Quests","15223","8","4932","0","0"
"1678","Loremaster of Kalimdor","15081","0/6/1","29139","Feralas Quests","15235","8","4979","0","0"
"1678","Loremaster of Kalimdor","15081","0/7","10265","Silithus Quests","15237","8","4934","0","0"
"1678","Loremaster of Kalimdor","15081","0/8/0","10267","Southern Barrens Quests","15226","8","4937","0","0"
"1678","Loremaster of Kalimdor","15081","0/8/1","29143","Southern Barrens Quests","15239","8","4981","0","0"
"1678","Loremaster of Kalimdor","15081","0/9/0","10266","Stonetalon Mountains Quests","15225","8","4936","0","0"
"1678","Loremaster of Kalimdor","15081","0/9/1","29141","Stonetalon Mountains Quests","15238","8","4980","0","0"
"1678","Loremaster of Kalimdor","15081","0/10","10272","Tanaris Quests","15240","8","4935","0","0"
"1678","Loremaster of Kalimdor","15081","0/11","10268","Thousand Needles Quests","15241","8","4938","0","0"
"1678","Loremaster of Kalimdor","15081","0/12","10269","Un'Goro Crater Quests","15242","8","4939","0","0"
"1678","Loremaster of Kalimdor","15081","0/13","10270","Winterspring Quests","15243","8","4940","0","0"
"1678","Loremaster of Kalimdor","15081","1","30560","","22230","8","1680","1","0"
"4892","Eastern Plaguelands Quests","14861","0","12636","The Paladin Pals","38309","27","27373","1","0"
"4892","Eastern Plaguelands Quests","14861","1","62622","The Redpaths of Darrowshire","38310","27","27391","1","0"
"4892","Eastern Plaguelands Quests","14861","2","62623","Tyr's Hand","38311","27","27620","1","0"
"4892","Eastern Plaguelands Quests","14861","3","62624","Serving the Argent Crusade","38312","27","27489","1","0"
"4892","Eastern Plaguelands Quests","14861","4","62625","Journey's End","38313","27","27527","1","0"
"4893","Western Plaguelands Quests","14861","0/0","62648","","38335","27","27165","1","0"
"4893","Western Plaguelands Quests","14861","0/1","62649","","38336","27","26926","1","0"
"4893","Western Plaguelands Quests","14861","1/0","62651","","38337","27","27174","1","0"
"4893","Western Plaguelands Quests","14861","1/1","62652","","38338","27","26938","1","0"
"4893","Western Plaguelands Quests","14861","2/0","62654","","38333","27","27206","1","0"
"4893","Western Plaguelands Quests","14861","2/1","62655","","38334","27","27144","1","0"
"4893","Western Plaguelands Quests","14861","3/0","62657","","38339","27","27155","1","0"
"4893","Western Plaguelands Quests","14861","3/1","62658","","38340","27","27055","1","0"
"4893","Western Plaguelands Quests","14861","3/2","62659","","38341","27","26955","1","0"
"4894","Silverpine Forest Quests","14861","0","15530","Forsaken High Command","38361","27","27056","1","0"
"4894","Silverpine Forest Quests","14861","1","15531","Forsaken Rear Guard","38362","27","27096","1","0"
"4894","Silverpine Forest Quests","14861","2","62683","The Sepulcher","38363","27","27290","1","0"
"4894","Silverpine Forest Quests","14861","3","62684","The Ruins of Gilneas","38364","27","27438","1","0"
"4894","Silverpine Forest Quests","14861","4","62685","Ambermill","38365","27","27518","1","0"
"4894","Silverpine Forest Quests","14861","5","62686","On the Battlefront","38366","27","27601","1","0"
"4895","Hillsbrad Foothills Quests","14861","0","12642","The Sludge Fields","38314","27","28237","1","0"
"4895","Hillsbrad Foothills Quests","14861","1","62626","Stormpike","38315","27","28616","1","0"
"4895","Hillsbrad Foothills Quests","14861","2/0","62628","","38317","27","28647","1","0"
"4895","Hillsbrad Foothills Quests","14861","2/1","62629","","38318","27","28636","1","0"
"4895","Hillsbrad Foothills Quests","14861","2/2","62630","","38319","27","28634","1","0"
"4895","Hillsbrad Foothills Quests","14861","3/0","62632","","38320","27","28156","1","0"
"4895","Hillsbrad Foothills Quests","14861","3/1","62633","","38321","27","28138","1","0"
"4895","Hillsbrad Foothills Quests","14861","3/2","62634","","38322","27","28144","1","0"
"4895","Hillsbrad Foothills Quests","14861","3/3","62635","","38323","27","28146","1","0"
"4896","Arathi Highlands Quests","14861","0/0","65138","","38274","27","26628","0","0"
"4896","Arathi Highlands Quests","14861","1/0/0/0","65126","","38275","27","26117","0","0"
"4896","Arathi Highlands Quests","14861","1/0/0/1","65127","","38276","27","26038","0","0"
"4896","Arathi Highlands Quests","14861","1/0/1/0","65129","","38277","27","26049","0","0"
"4896","Arathi Highlands Quests","14861","1/1/0/0","65133","","38270","27","26081","0","0"
"4896","Arathi Highlands Quests","14861","1/1/0/1","65132","","38271","27","26029","0","0"
"4896","Arathi Highlands Quests","14861","1/1/1/0","65135","","38272","27","26912","0","0"
"4896","Arathi Highlands Quests","14861","1/1/1/1","65136","","38273","27","26108","0","0"
"4897","Hinterlands Quests","14861","0/0","62691","","38377","27","26492","1","0"
"4897","Hinterlands Quests","14861","0/1","62692","","38378","27","26491","1","0"
"4897","Hinterlands Quests","14861","0/2","62693","","38379","27","26490","1","0"
"4897","Hinterlands Quests","14861","0/3","62694","","38380","27","26486","1","0"
"4897","Hinterlands Quests","14861","0/4","62695","","38381","27","26485","1","0"
"4897","Hinterlands Quests","14861","0/5","62696","","38382","27","26462","1","0"
"4897","Hinterlands Quests","14861","1/0","62698","","38373","27","26524","1","0"
"4897","Hinterlands Quests","14861","1/1","62699","","38370","27","26526","1","0"
"4897","Hinterlands Quests","14861","1/2","62700","","38371","27","26525","1","0"
"4897","Hinterlands Quests","14861","1/3","62701","","38372","27","26516","1","0"
"4897","Hinterlands Quests","14861","1/4","62702","","38374","27","26521","1","0"
"4897","Hinterlands Quests","14861","2/0","62704","","38375","27","26532","1","0"
"4897","Hinterlands Quests","14861","2/1","62705","","38376","27","26643","1","0"
"4897","Hinterlands Quests","14861","3/0","62707","","38385","27","26308","1","0"
"4897","Hinterlands Quests","14861","3/1","62708","","38386","27","26369","1","0"
"4897","Hinterlands Quests","14861","3/2","62709","","38387","27","26357","1","0"
"4897","Hinterlands Quests","14861","3/3","62710","","38388","27","26368","1","0"
"4897","Hinterlands Quests","14861","4/0","62713","","38383","27","26419","1","0"
"4897","Hinterlands Quests","14861","4/1","62714","","38384","27","26387","1","0"
"4897","Hinterlands Quests","14861","5/0","62716","","38390","27","26238","1","0"
"4897","Hinterlands Quests","14861","5/1","62717","","38391","27","26240","1","0"
"4897","Hinterlands Quests","14861","5/2","62718","","38392","27","26212","1","0"
"4897","Hinterlands Quests","14861","5/3","62719","","38393","27","26225","1","0"
"4897","Hinterlands Quests","14861","5/4","62711","","38389","27","26224","1","0"
"4897","Hinterlands Quests","14861","5/5","62720","","38394","27","26211","1","0"
"4897","Hinterlands Quests","14861","5/6","62721","","38395","27","26210","1","0"
"4897","Hinterlands Quests","14861","5/7","62722","","38396","27","26267","1","0"
"4897","Hinterlands Quests","14861","5/8","62723","","38397","27","26283","1","0"
"4897","Hinterlands Quests","14861","5/9","62724","","38398","27","26268","1","0"
"4899","Loch Modan Quests","14861","0/0","28094","","38399","27","26855","1","0"
"4899","Loch Modan Quests","14861","0/1","62725","","38400","27","26145","1","0"
"4899","Loch Modan Quests","14861","0/2","62726","","38401","27","26147","1","0"
"4899","Loch Modan Quests","14861","0/3","62727","","38402","27","26148","1","0"
"4899","Loch Modan Quests","14861","0/4","62728","","38403","27","13648","1","0"
"4899","Loch Modan Quests","14861","0/5","62729","","38404","27","26842","1","0"
"4899","Loch Modan Quests","14861","0/6","62730","","38405","27","26860","1","0"
"4899","Loch Modan Quests","14861","0/7","62731","","38406","27","25118","1","0"
"4899","Loch Modan Quests","14861","1","62732","The Axis of Awful","38407","27","26868","1","0"
"4899","Loch Modan Quests","14861","2","62739","Twilight Threats","38413","27","27116","1","0"
"4899","Loch Modan Quests","14861","3/0","62734","","38408","27","27037","1","0"
"4899","Loch Modan Quests","14861","3/1","62735","","38409","27","27030","1","0"
"4899","Loch Modan Quests","14861","3/2","62736","","38410","27","27028","1","0"
"4899","Loch Modan Quests","14861","3/3","62737","","38411","27","27026","1","0"
"4899","Loch Modan Quests","14861","3/4","62738","","38412","27","27033","1","0"
"4900","Badlands Quests","14861","0","16771","Rhea","38278","27","27769","1","0"
"4900","Badlands Quests","14861","1","62562","The Fate of a Dragonflight","38281","27","27859","1","0"
"4900","Badlands Quests","14861","2/0","62559","","38279","27","27794","1","0"
"4900","Badlands Quests","14861","2/1","62560","","38280","27","27888","1","0"
"4900","Badlands Quests","14861","3","62564","The Day that Deathwing Came","38283","27","27715","1","0"
"4901","Burning Steppes Quests","14861","0/0","62576","","38292","27","28183","1","0"
"4901","Burning Steppes Quests","14861","0/1","62577","","38293","27","28425","1","0"
"4901","Burning Steppes Quests","14861","1/0","13150","","38290","27","28322","1","0"
"4901","Burning Steppes Quests","14861","1/1","62573","","38291","27","28456","1","0"
"4901","Burning Steppes Quests","14861","2/0","62580","","38294","27","28286","1","0"
"4901","Burning Steppes Quests","14861","2/1","62581","","38295","27","28441","1","0"
"4901","Burning Steppes Quests","14861","3/0","62583","","38296","27","28326","1","0"
"4901","Burning Steppes Quests","14861","3/1","62584","","38297","27","28449","1","0"
"4902","Redridge Mountains Quests","14861","0","12600","The Gnoll Offensive","38367","27","26545","1","0"
"4902","Redridge Mountains Quests","14861","1","62687","Keeshan's Raiders","38368","27","26607","1","0"
"4902","Redridge Mountains Quests","14861","2","62688","First Blood","38369","27","26726","1","0"
"4903","Westfall Quests","14861","0","17418","Crime Scene Investigation","38343","27","26270","1","0"
"4903","Westfall Quests","14861","1","62660","Investigating the Shadows","39659","27","26297","1","0"
"4903","Westfall Quests","14861","2","65058","The Defias Brotherhood Reborn","38342","27","26370","1","0"
"4904","Swamp of Sorrows Quests","14861","0","16774","Bogpaddle","38357","27","27600","1","0"
"4904","Swamp of Sorrows Quests","14861","1/0/0","62672","","38352","27","27849","1","0"
"4904","Swamp of Sorrows Quests","14861","1/0/1","62673","","38353","27","27851","1","0"
"4904","Swamp of Sorrows Quests","14861","1/1/0","62675","","38354","27","27857","1","0"
"4904","Swamp of Sorrows Quests","14861","2/0","62677","","38355","27","24913","1","0"
"4904","Swamp of Sorrows Quests","14861","2/1","62678","","38356","27","27911","1","0"
"4904","Swamp of Sorrows Quests","14861","3","62679","The Sunken Temple","38358","27","27914","1","0"
"4905","Cape of Stranglethorn Quests","14861","0/0","62585","","38298","27","26814","1","0"
"4905","Cape of Stranglethorn Quests","14861","0/1","62586","","38299","27","26555","1","0"
"4905","Cape of Stranglethorn Quests","14861","1","62587","Bustling Booty Bay","38300","27","26613","1","0"
"4905","Cape of Stranglethorn Quests","14861","2","62588","A Pirate's Life For You","38301","27","26665","1","0"
"4905","Cape of Stranglethorn Quests","14861","3","62589","Bloodsail and Brashtide","38302","27","26703","1","0"
"4906","Northern Stranglethorn Quests","14861","0/0","62637","","38324","27","26775","1","0"
"4906","Northern Stranglethorn Quests","14861","0/1","62638","","38325","27","26362","1","0"
"4906","Northern Stranglethorn Quests","14861","1","62639","Yenniku","38326","27","26305","1","0"
"4906","Northern Stranglethorn Quests","14861","2/0","62641","","38328","27","26731","1","0"
"4906","Northern Stranglethorn Quests","14861","2/1","62642","","38329","27","26737","1","0"
"4906","Northern Stranglethorn Quests","14861","2/2","62643","","38330","27","26743","1","0"
"4906","Northern Stranglethorn Quests","14861","3/0","62644","","2007","27","208","1","0"
"4906","Northern Stranglethorn Quests","14861","3/1","62646","","38331","27","26269","1","0"
"4906","Northern Stranglethorn Quests","14861","3/2","62647","","38332","27","26345","1","0"
"4909","Blasted Lands Quests","14861","0/0","62565","","38284","27","26171","1","0"
"4909","Blasted Lands Quests","14861","0/1","62566","","38285","27","25701","1","0"
"4909","Blasted Lands Quests","14861","1/0","62568","","38286","27","26187","1","0"
"4909","Blasted Lands Quests","14861","1/1","62569","","38287","27","25720","1","0"
"4909","Blasted Lands Quests","14861","2/0","62571","","38288","27","25705","1","0"
"4909","Blasted Lands Quests","14861","2/1","62572","","38289","27","25706","1","0"
"4910","Searing Gorge Quests","14861","0","62542","Thorium Advance","38257","27","27964","1","0"
"4910","Searing Gorge Quests","14861","1/0","62535","","38264","27","27979","1","0"
"4910","Searing Gorge Quests","14861","1/1","62538","","38261","27","28099","1","0"
"4910","Searing Gorge Quests","14861","2","62536","In the Hall of the Mountain-Lord","38266","27","28035","1","0"
"4910","Searing Gorge Quests","14861","3","62534","Into the Gorge","38267","27","28064","1","0"
"4925","Ashenvale Quests","15081","0/0","63433","","38813","27","13626","1","0"
"4925","Ashenvale Quests","15081","1/0","63435","","38814","27","13853","1","0"
"4925","Ashenvale Quests","15081","2/0","63437","","38815","27","13979","1","0"
"4925","Ashenvale Quests","15081","2/1","63438","","38816","27","13987","1","0"
"4925","Ashenvale Quests","15081","3/0","63440","","38817","27","26482","1","0"
"4925","Ashenvale Quests","15081","4/0","63442","","38818","27","13886","1","0"
"4925","Ashenvale Quests","15081","5/0","63444","","38821","27","13869","1","0"
"4925","Ashenvale Quests","15081","5/1","63445","","38822","27","26455","1","0"
"4925","Ashenvale Quests","15081","5/2","63446","","38823","27","26469","1","0"
"4925","Ashenvale Quests","15081","5/3","63447","","38824","27","13683","1","0"
"4925","Ashenvale Quests","15081","6/0","63449","","38819","27","26472","1","0"
"4925","Ashenvale Quests","15081","6/1","63450","","38820","27","13796","1","0"
"4927","Azshara Quests","15081","0/0","63291","","38717","27","14155","1","0"
"4927","Azshara Quests","15081","1/0","63293","","38718","27","14216","1","0"
"4927","Azshara Quests","15081","2/0","63295","","38719","27","14295","1","0"
"4927","Azshara Quests","15081","3/0","63297","","38720","27","14422","1","0"
"4927","Azshara Quests","15081","4/0","63299","","38721","27","14383","1","0"
"4927","Azshara Quests","15081","4/1","63300","","38722","27","14388","1","0"
"4927","Azshara Quests","15081","5/0","63302","","38723","27","24449","1","0"
"4927","Azshara Quests","15081","6/0","63304","","38724","27","14392","1","0"
"4927","Azshara Quests","15081","7/0","63306","","38725","27","24439","1","0"
"4928","Darkshore Quests","15081","0","63399","The Great Animal Spirit","38792","27","13569","1","0"
"4928","Darkshore Quests","15081","1","63400","The Shatterspear","38791","27","13515","1","0"
"4928","Darkshore Quests","15081","2","63401","The Eye of All Storms","38793","27","13588","1","0"
"4928","Darkshore Quests","15081","3","63402","The Devourer","38794","27","13891","1","0"
"4928","Darkshore Quests","15081","4","63403","Consumed by Madness","38795","27","13546","1","0"
"4928","Darkshore Quests","15081","5","63404","The Battle for Darkshore","38796","27","13897","1","0"
"4929","Dustwallow Marsh Quests","15081","0/0","63676","","38946","27","27213","1","0"
"4929","Dustwallow Marsh Quests","15081","1/0","63678","","38952","27","27186","1","0"
"4929","Dustwallow Marsh Quests","15081","1/1","63679","","38953","27","27191","1","0"
"4929","Dustwallow Marsh Quests","15081","1/2","63680","","38954","27","27190","1","0"
"4929","Dustwallow Marsh Quests","15081","1/3","63681","","38955","27","27247","1","0"
"4929","Dustwallow Marsh Quests","15081","2/0","63683","","38957","27","27222","1","0"
"4929","Dustwallow Marsh Quests","15081","3/0","63685","","38958","27","27241","1","0"
"4929","Dustwallow Marsh Quests","15081","4/0","63687","","38959","27","27243","1","0"
"4929","Dustwallow Marsh Quests","15081","4/1","63688","","38960","27","27245","1","0"
"4929","Dustwallow Marsh Quests","15081","5/0","63690","","38961","27","27291","1","0"
"4929","Dustwallow Marsh Quests","15081","6/0","63692","","38962","27","27411","1","0"
"4930","Desolace Quests","15081","0/0","65141","","38894","27","14302","0","0"
"4930","Desolace Quests","15081","1/0","65143","","38897","27","14327","0","0"
"4930","Desolace Quests","15081","1/1","65144","","38896","27","14309","0","0"
"4930","Desolace Quests","15081","1/2","65145","","38895","27","14307","0","0"
"4930","Desolace Quests","15081","2/0/0","65148","","38901","27","14381","0","0"
"4930","Desolace Quests","15081","2/0/1","65149","","38902","27","14379","0","0"
"4930","Desolace Quests","15081","2/1/0","65151","","38900","27","14346","0","0"
"4930","Desolace Quests","15081","3/0","65153","","38904","27","14394","0","0"
"4930","Desolace Quests","15081","4/0/0/0","65157","","38890","27","14364","0","0"
"4930","Desolace Quests","15081","4/0/0/1","65158","","38891","27","1456","0","0"
"4930","Desolace Quests","15081","4/1/0/0","65161","","38892","27","14198","0","0"
"4930","Desolace Quests","15081","4/1/0/1","65164","","38898","27","14342","0","0"
"4930","Desolace Quests","15081","4/1/0/2","65162","","38893","27","14227","0","0"
"4930","Desolace Quests","15081","4/1/0/3","65165","","38903","27","14335","0","0"
"4930","Desolace Quests","15081","4/1/0/4","65166","","38899","27","5581","0","0"
"4931","Felwood Quests","15081","0/0","63335","","38743","27","28148","1","0"
"4931","Felwood Quests","15081","0/1","63336","","38744","27","27997","1","0"
"4931","Felwood Quests","15081","0/2","63337","","38745","27","27995","1","0"
"4931","Felwood Quests","15081","1/0","63339","","38746","27","28113","1","0"
"4931","Felwood Quests","15081","1/1","63340","","38747","27","28288","1","0"
"4931","Felwood Quests","15081","2/0","63342","","38748","27","28128","1","0"
"4931","Felwood Quests","15081","2/1","63343","","38749","27","28126","1","0"
"4931","Felwood Quests","15081","2/2","63344","","38750","27","28155","1","0"
"4931","Felwood Quests","15081","3/0","63346","","38751","27","28213","1","0"
"4931","Felwood Quests","15081","3/1","63347","","38752","27","28214","1","0"
"4931","Felwood Quests","15081","4/0","63349","","38755","27","28374","1","0"
"4931","Felwood Quests","15081","4/1","63350","","38756","27","28341","1","0"
"4931","Felwood Quests","15081","4/2","63351","","38757","27","28342","1","0"
"4931","Felwood Quests","15081","4/3","63352","","38758","27","28358","1","0"
"4931","Felwood Quests","15081","4/4","63353","","38759","27","28359","1","0"
"4931","Felwood Quests","15081","5","63356","Rejoining the Forest","38753","27","28228","1","0"
"4931","Felwood Quests","15081","6","63357","A Destiny of Flame and Sorrow","38754","27","28264","1","0"
"4931","Felwood Quests","15081","7/0","63359","","38760","27","28389","1","0"
"4931","Felwood Quests","15081","7/1/0","63361","","38761","27","28340","1","0"
"4931","Felwood Quests","15081","7/1/1","63362","","38762","27","28368","1","0"
"4931","Felwood Quests","15081","8/0","63364","","38763","27","28364","1","0"
"4931","Felwood Quests","15081","8/1","63365","","38764","27","28366","1","0"
"4931","Felwood Quests","15081","8/2","63366","","38765","27","28338","1","0"
"4932","Feralas Quests","15081","0/0","63606","","38913","27","25398","1","0"
"4932","Feralas Quests","15081","1/0","63608","","38914","27","25333","1","0"
"4932","Feralas Quests","15081","2/0","63610","","38915","27","26401","1","0"
"4932","Feralas Quests","15081","3/0","63612","","38916","27","25468","1","0"
"4932","Feralas Quests","15081","3/1","63613","","38917","27","25469","1","0"
"4932","Feralas Quests","15081","4/0","63615","","38918","27","25438","1","0"
"4933","Northern Barrens Quests","15081","0","63384","Far Watch","38779","27","5041","1","0"
"4933","Northern Barrens Quests","15081","1","63386","Grol'dom Farm","38781","27","13971","1","0"
"4933","Northern Barrens Quests","15081","2","63387","Defeating the Kolkar","38782","27","4021","1","0"
"4933","Northern Barrens Quests","15081","3/0","63389","","38783","27","880","1","0"
"4933","Northern Barrens Quests","15081","3/1","63390","","38784","27","877","1","0"
"4933","Northern Barrens Quests","15081","4/0","63392","","38785","27","14042","1","0"
"4933","Northern Barrens Quests","15081","4/1","63393","","38786","27","14067","1","0"
"4933","Northern Barrens Quests","15081","4/2","63394","","38787","27","14063","1","0"
"4933","Northern Barrens Quests","15081","4/3","63395","","38788","27","14050","1","0"
"4933","Northern Barrens Quests","15081","5","63396","Nozzlepot's Outpost","38789","27","29094","1","0"
"4933","Northern Barrens Quests","15081","6","63397","Inspiration and Hope","38790","27","29111","1","0"
"4934","Silithus Quests","15081","0","63328","Twilight's Run","38738","27","8321","1","0"
"4934","Silithus Quests","15081","1","63329","Mistress Natalia Mar'alith","38739","27","8306","1","0"
"4934","Silithus Quests","15081","2","63330","Unraveling the Mystery","38740","27","8314","1","0"
"4934","Silithus Quests","15081","3","63331","A Terrible Purpose","38741","27","8287","1","0"
"4934","Silithus Quests","15081","4","63332","Twilight Lexicon","38742","27","8323","1","0"
"4935","Tanaris Quests","15081","0/0","63407","","38797","27","25166","1","0"
"4935","Tanaris Quests","15081","0/1","63408","","38798","27","24950","1","0"
"4935","Tanaris Quests","15081","1","63409","Bug Free","38799","27","24953","1","0"
"4935","Tanaris Quests","15081","2/0","63411","","38800","27","25065","1","0"
"4935","Tanaris Quests","15081","2/1","63412","","38801","27","25001","1","0"
"4935","Tanaris Quests","15081","3/0","63414","","38802","27","25513","1","0"
"4935","Tanaris Quests","15081","3/1","63415","","38803","27","25591","1","0"
"4935","Tanaris Quests","15081","4/0","63417","","38804","27","25421","1","0"
"4935","Tanaris Quests","15081","4/1","63418","","38805","27","25107","1","0"
"4936","Stonetalon Mountains Quests","15081","0/0","63472","","38836","27","25642","1","0"
"4936","Stonetalon Mountains Quests","15081","0/1","63473","","38837","27","25646","1","0"
"4936","Stonetalon Mountains Quests","15081","1/0","63475","","38838","27","25669","1","0"
"4936","Stonetalon Mountains Quests","15081","2/0","63477","","38839","27","25931","1","0"
"4936","Stonetalon Mountains Quests","15081","3/0","63479","","38840","27","25851","1","0"
"4937","Southern Barrens Quests","15081","0","63495","Honor's Stand","38847","27","25186","1","0"
"4937","Southern Barrens Quests","15081","1/0","63497","","38848","27","24939","1","0"
"4937","Southern Barrens Quests","15081","1/1","63498","","38849","27","24948","1","0"
"4937","Southern Barrens Quests","15081","1/2","63499","","38850","27","24956","1","0"
"4937","Southern Barrens Quests","15081","2/0","63501","","38851","27","25008","1","0"
"4937","Southern Barrens Quests","15081","2/1","63502","","38852","27","25027","1","0"
"4937","Southern Barrens Quests","15081","2/2","63503","","38853","27","25002","1","0"
"4937","Southern Barrens Quests","15081","2/3","63504","","38854","27","25000","1","0"
"4937","Southern Barrens Quests","15081","3/0","63506","","38855","27","24601","1","0"
"4937","Southern Barrens Quests","15081","3/1","63507","","38856","27","24566","1","0"
"4937","Southern Barrens Quests","15081","4/0","63509","","38857","27","25044","1","0"
"4937","Southern Barrens Quests","15081","4/1","63510","","38858","27","25057","1","0"
"4937","Southern Barrens Quests","15081","4/2","63511","","38859","27","25059","1","0"
"4937","Southern Barrens Quests","15081","4/3","63512","","38860","27","25042","1","0"
"4937","Southern Barrens Quests","15081","5/0","63514","","38861","27","25085","1","0"
"4937","Southern Barrens Quests","15081","5/1","63515","","38862","27","24824","1","0"
"4937","Southern Barrens Quests","15081","5/2","63516","","38863","27","24653","1","0"
"4937","Southern Barrens Quests","15081","6/0","63522","","38866","27","25081","1","0"
"4937","Southern Barrens Quests","15081","6/1","63523","","38867","27","25080","1","0"
"4937","Southern Barrens Quests","15081","6/2","63524","","38868","27","25082","1","0"
"4937","Southern Barrens Quests","15081","6/3","63525","","38869","27","25175","1","0"
"4937","Southern Barrens Quests","15081","6/4","63526","","38870","27","25185","1","0"
"4938","Thousand Needles Quests","15081","0/0","63591","","38905","27","25627","1","0"
"4938","Thousand Needles Quests","15081","0/1","63592","","38906","27","25628","1","0"
"4938","Thousand Needles Quests","15081","1/0","63594","","38907","27","28048","1","0"
"4938","Thousand Needles Quests","15081","2/0","63596","","38908","27","27327","1","0"
"4938","Thousand Needles Quests","15081","2/1","63597","","38909","27","27328","1","0"
"4938","Thousand Needles Quests","15081","3/0","63599","","38910","27","28098","1","0"
"4938","Thousand Needles Quests","15081","4/0","63601","","38911","27","28160","1","0"
"4938","Thousand Needles Quests","15081","4/1","63602","","38912","27","28161","1","0"
"4939","Un'Goro Crater Quests","15081","0/0","63421","","38807","27","24722","1","0"
"4939","Un'Goro Crater Quests","15081","0/1","63422","","38808","27","24721","1","0"
"4939","Un'Goro Crater Quests","15081","0/2","63423","","38809","27","24723","1","0"
"4939","Un'Goro Crater Quests","15081","0/3","63425","","38810","27","24720","1","0"
"4939","Un'Goro Crater Quests","15081","1","63426","Observe the World","38811","27","24695","1","0"
"4939","Un'Goro Crater Quests","15081","2","63427","The Ballad of Maximillian","38812","27","24707","1","0"
"4940","Winterspring Quests","15081","0","63369","The Winterfall Furbolg","38767","27","28472","1","0"
"4940","Winterspring Quests","15081","1","63370","Ruins of Kel'Theril","38768","27","28848","1","0"
"4940","Winterspring Quests","15081","2","63371","Superior Weapons","38769","27","28628","1","0"
"4940","Winterspring Quests","15081","3","63372","Spray It and Slay It","38770","27","28710","1","0"
"4940","Winterspring Quests","15081","4/0","63374","","38771","27","28639","1","0"
"4940","Winterspring Quests","15081","4/1","63375","","38772","27","28782","1","0"
"4940","Winterspring Quests","15081","4/2","63376","","38773","27","28742","1","0"
"4940","Winterspring Quests","15081","4/3","63377","","38774","27","28828","1","0"
"4940","Winterspring Quests","15081","5","63378","Yeti Surprise!","38775","27","28722","1","0"
"4940","Winterspring Quests","15081","6/0","63380","","38776","27","28831","1","0"
"4940","Winterspring Quests","15081","6/1","63381","","38777","27","28830","1","0"
"4940","Winterspring Quests","15081","7","63382","Umbranse's Deliverance","38778","27","28842","1","0"
"4976","Ashenvale Quests","15081","0/0","63452","","38825","27","13805","1","0"
"4976","Ashenvale Quests","15081","1/0","63454","","38826","27","13873","1","0"
"4976","Ashenvale Quests","15081","2/0","63456","","38827","27","13842","1","0"
"4976","Ashenvale Quests","15081","3/0","63458","","38828","27","13920","1","0"
"4976","Ashenvale Quests","15081","3/1","63459","","38829","27","13901","1","0"
"4976","Ashenvale Quests","15081","3/2","63460","","38830","27","26890","1","0"
"4976","Ashenvale Quests","15081","3/3","63461","","38831","27","6641","1","0"
"4976","Ashenvale Quests","15081","4/0","63463","","38832","27","13947","1","0"
"4976","Ashenvale Quests","15081","5/0","63465","","38833","27","13983","1","0"
"4976","Ashenvale Quests","15081","5/1","63466","","38834","27","13980","1","0"
"4976","Ashenvale Quests","15081","6/0","63468","","38835","27","13888","1","0"
"4978","Dustwallow Marsh Quests","15081","0/0","63664","","38947","27","26682","1","0"
"4978","Dustwallow Marsh Quests","15081","0/1","63665","","38948","27","25051","1","0"
"4978","Dustwallow Marsh Quests","15081","0/2","63666","","38949","27","27229","1","0"
"4978","Dustwallow Marsh Quests","15081","1/0","63668","","38950","27","9437","1","0"
"4978","Dustwallow Marsh Quests","15081","1/1","63669","","38951","27","1202","1","0"
"4978","Dustwallow Marsh Quests","15081","2/0","63671","","38952","27","27186","1","0"
"4978","Dustwallow Marsh Quests","15081","2/1","63672","","38953","27","27191","1","0"
"4978","Dustwallow Marsh Quests","15081","2/2","63673","","38954","27","27190","1","0"
"4978","Dustwallow Marsh Quests","15081","2/3","63674","","38956","27","27244","1","0"
"4978","Dustwallow Marsh Quests","15081","3/0","63693","","38963","27","27297","1","0"
"4978","Dustwallow Marsh Quests","15081","4/0","63696","","38965","27","1168","1","0"
"4978","Dustwallow Marsh Quests","15081","4/1","63697","","38966","27","27415","1","0"
"4978","Dustwallow Marsh Quests","15081","5/0","63699","","38967","27","27418","1","0"
"4978","Dustwallow Marsh Quests","15081","6/0","63702","","38962","27","27411","1","0"
"4979","Feralas Quests","15081","0/0","63617","","38919","27","25250","1","0"
"4979","Feralas Quests","15081","1/0","63619","","38920","27","25329","1","0"
"4979","Feralas Quests","15081","2/0","63621","","38921","27","25391","1","0"
"4979","Feralas Quests","15081","3/0","63623","","38922","27","25645","1","0"
"4979","Feralas Quests","15081","4/0","63625","","38923","27","25383","1","0"
"4980","Stonetalon Mountains Quests","15081","0/0","63483","","38841","27","26010","1","0"
"4980","Stonetalon Mountains Quests","15081","1/0","63485","","38842","27","26058","1","0"
"4980","Stonetalon Mountains Quests","15081","2/0","63487","","38843","27","26067","1","0"
"4980","Stonetalon Mountains Quests","15081","2/1","63488","","38844","27","26068","1","0"
"4980","Stonetalon Mountains Quests","15081","3/0","63490","","38845","27","26115","1","0"
"4981","Southern Barrens Quests","15081","0/0","63528","","38871","27","24505","1","0"
"4981","Southern Barrens Quests","15081","0/1","63529","","38872","27","25284","1","0"
"4981","Southern Barrens Quests","15081","0/2","63530","","38873","27","24517","1","0"
"4981","Southern Barrens Quests","15081","0/3","63531","","38874","27","24512","1","0"
"4981","Southern Barrens Quests","15081","0/4","63532","","38875","27","24513","1","0"
"4981","Southern Barrens Quests","15081","0/5","63533","","38876","27","24514","1","0"
"4981","Southern Barrens Quests","15081","0/6","63534","","38877","27","24519","1","0"
"4981","Southern Barrens Quests","15081","1/0","63536","","38878","27","24542","1","0"
"4981","Southern Barrens Quests","15081","1/1","63537","","38879","27","24534","1","0"
"4981","Southern Barrens Quests","15081","1/2","63538","","38880","27","24525","1","0"
"4981","Southern Barrens Quests","15081","2/0","63540","","38855","27","24601","1","0"
"4981","Southern Barrens Quests","15081","2/1","63541","","38856","27","24566","1","0"
"4981","Southern Barrens Quests","15081","3/0","63543","","38881","27","24573","1","0"
"4981","Southern Barrens Quests","15081","3/1","63544","","38882","27","24552","1","0"
"4981","Southern Barrens Quests","15081","4/0","63546","","38883","27","24621","1","0"
"4981","Southern Barrens Quests","15081","4/1","63547","","38884","27","24618","1","0"
"4981","Southern Barrens Quests","15081","4/2","63548","","38885","27","24637","1","0"
"4981","Southern Barrens Quests","15081","4/3","63549","","38886","27","24631","1","0"
"4981","Southern Barrens Quests","15081","4/4","63550","","38887","27","24591","1","0"
"4981","Southern Barrens Quests","15081","4/5","63551","","38888","27","24654","1","0"
"4981","Southern Barrens Quests","15081","5/0","63558","","38864","27","24633","1","0"
"4981","Southern Barrens Quests","15081","5/1","63553","","38862","27","24824","1","0"
"4981","Southern Barrens Quests","15081","5/2","63559","","38865","27","24608","1","0"
"4981","Southern Barrens Quests","15081","5/3","63554","","38863","27","24653","1","0"
"4981","Southern Barrens Quests","15081","6/0","63561","","38889","27","24747","1","0"
"4995","Explore the Cape of Stranglethorn","14777","1","15258","Booty Bay","14050","43","2575","1","0"
"4995","Explore the Cape of Stranglethorn","14777","2","15259","Crystalvein Mine","14051","43","2576","1","0"
"4995","Explore the Cape of Stranglethorn","14777","3","15260","Gurubashi Arena","14052","43","2577","1","0"
"4995","Explore the Cape of Stranglethorn","14777","4","15261","Hardwrench Hideaway","14053","43","2998","1","0"
"4995","Explore the Cape of Stranglethorn","14777","5","15262","Jaquero Isle","14054","43","2579","1","0"
"4995","Explore the Cape of Stranglethorn","14777","6","15265","Mistvale Valley","14055","43","2580","1","0"
"4995","Explore the Cape of Stranglethorn","14777","7","15266","Nek'mani Wellspring","14056","43","2581","1","0"
"4995","Explore the Cape of Stranglethorn","14777","8","15267","Ruins of Aboraz","14057","43","2582","1","0"
"4995","Explore the Cape of Stranglethorn","14777","9","15263","Ruins of Jubuwal","14058","43","2583","1","0"
"4995","Explore the Cape of Stranglethorn","14777","10","15264","The Wild Shore","14061","43","2585","1","0"
"4996","Explore Southern Barrens","14778","1","14587","Bael Modan","14067","43","2545","1","0"
"4996","Explore Southern Barrens","14778","2","14588","Battlescar","14068","43","2546","1","0"
"4996","Explore Southern Barrens","14778","3","14595","Forward Command","14069","43","2547","1","0"
"4996","Explore Southern Barrens","14778","4","14594","Frazzlecraz Motherlode","14070","43","2548","1","0"
"4996","Explore Southern Barrens","14778","5","14593","Honor's Stand","14071","43","3008","1","0"
"4996","Explore Southern Barrens","14778","6","14589","Hunter's Hill","14072","43","2550","1","0"
"4996","Explore Southern Barrens","14778","7","14596","Northwatch Hold","14073","43","2551","1","0"
"4996","Explore Southern Barrens","14778","8","14592","Razorfen Kraul","14074","43","3009","1","0"
"4996","Explore Southern Barrens","14778","9","14590","Ruins of Taurajo","14075","43","2553","1","0"
"4996","Explore Southern Barrens","14778","10","14597","The Overgrowth","14076","43","2554","1","0"
"4996","Explore Southern Barrens","14778","11","14591","Vendetta Point","14077","43","2555","1","0"
"5442","Full Caravan","14861","1","16832","Fiona","15624","28","94998","1","0"
"5442","Full Caravan","14861","2","16830","Gidwin Goldbraids","15625","27","27368","1","0"
"5442","Full Caravan","14861","3","16833","Tarenar Sunstrike","15626","27","27371","1","0"
"5442","Full Caravan","14861","4","16831","Argus Highbeacon","15627","27","27448","1","0"
"5442","Full Caravan","14861","5","16834","Pamela Redpath","15628","27","27390","1","0"
"5442","Full Caravan","14861","6","16836","Vex'tul","15629","27","27449","1","0"
"5442","Full Caravan","14861","7","16835","Rimblat Earthshatter","15630","27","27457","1","0"
"5442","Full Caravan","14861","8","16829","Beezil Linkspanner","17428","28","85811","1","0"
"5443","E'ko Madness","15081","1","20556","Winterspring Furbolg","15632","28","91082","1","0"
"5443","E'ko Madness","15081","2","20550","Wildkin","16177","28","91991","1","0"
"5443","E'ko Madness","15081","3","20551","Shardtooth Bears","16178","28","91992","1","0"
"5443","E'ko Madness","15081","4","20555","Frostmaul Giants","16179","28","93150","1","0"
"5443","E'ko Madness","15081","5","20552","Frostsabers","16180","28","93157","1","0"
"5443","E'ko Madness","15081","6","20553","Chillwind Chimaera","16181","28","93164","1","0"
"5443","E'ko Madness","15081","7","20554","Ice Thistle Yeti","16182","28","93165","1","0"
"5444","Ready, Set, Goat!","14861","1","19247","","16170","29","86425","12","0"
"5448","Glutton for Fiery Punishment","15081","1","15063","","15641","28","66212","10","0"
"5453","Ghosts in the Dark","15081","1","16978","","15648","27","28529","1","0"
"5454","Joy Ride","15081","1","19310","","15649","28","92686","0","0"
"5546","Glutton for Icy Punishment","15081","1","18395","","16206","28","68189","20","0"
"5547","Glutton for Shadowy Punishment","15081","1","18642","","16207","28","69862","20","0"
"6135","Lava Guard Gordoth kills (Ragefire Chasm)","14821","0","19393","Lava Guard Gordoth","19213","0","61528","1","0"
"6136","Mutanus the Devourer kills (Wailing Caverns)","14821","1","20210","Mutanus the Devourer","18524","0","3654","1","0"
"6137","Aku'mai kills (Blackfathom Deeps)","14821","1","19396","Aku'mai","18526","0","4829","1","0"
"6138","Hogger kills (Stormwind Stockade)","14821","1","19668","Hogger","18527","0","46254","1","0"
"6139","Charlga Razorflank kills (Razorfen Kraul)","14821","1","19399","Charlga Razorflank","18528","0","4421","1","0"
"6140","Mekgineer Thermaplugg kills (Gnomeregan)","14821","1","19402","Mekgineer Thermaplugg","18529","0","7800","1","0"
"6141","Amnennar the Coldbringer kills (Razorfen Downs)","14821","1","19671","Amnennar the Coldbringer","18530","0","7358","1","0"
"6142","Archaedas kills (Uldaman)","14821","1","19753","Archaedas","18531","0","2748","1","0"
"6143","Princess Theradras kills (Maraudon)","14821","1","19674","Princess Theradras","18532","0","12201","1","0"
"6144","Shade of Eranikus kills (Sunken Temple)","14821","1","19412","Shade of Eranikus","18533","0","5709","1","0"
"6145","Overlord Wyrmthalak kills (Lower Blackrock Spire)","14821","1","19409","Overlord Wyrmthalak","18534","0","9568","1","0"
"6146","King Gordok kills (Dire Maul)","14821","1","19493","King Gordok","18535","0","11501","1","0"
"6337","Ossirian kills (Ruins of Ahn'Qiraj)","14821","0","6648","Ossirian the Unscarred","18891","0","15339","1","0"
"6786","Flameweaver Koegler kills (Scarlet Halls)","14821","0","22424","Flameweaver Koegler","19699","0","59150","1","0"
"7413","Scarlet Halls","14808","0","26938","Flameweaver Koegler","19269","0","59150","1","0"
"12429","Wetlands Quests","14861","0/0","65029","","38414","27","25733","1","0"
"12429","Wetlands Quests","14861","0/1","65030","","38415","27","25734","1","0"
"12429","Wetlands Quests","14861","0/2","65031","","38416","27","25735","1","0"
"12429","Wetlands Quests","14861","1/0","65033","","38417","27","25805","1","0"
"12429","Wetlands Quests","14861","1/1","65034","","38418","27","25819","1","0"
"12429","Wetlands Quests","14861","1/2","65035","","38419","27","25780","1","0"
"12429","Wetlands Quests","14861","2/0","65037","","38420","27","25855","1","0"
"12429","Wetlands Quests","14861","2/1","65038","","38421","27","25857","1","0"
"12429","Wetlands Quests","14861","2/2","65039","","38422","27","25868","1","0"
"12429","Wetlands Quests","14861","2/3","65040","","38423","27","25850","1","0"
"12429","Wetlands Quests","14861","2/4","65041","","38424","27","25853","1","0"
"12429","Wetlands Quests","14861","2/5","65042","","38425","27","26189","1","0"
"12429","Wetlands Quests","14861","3/0","65044","","38426","27","26120","1","0"
"12429","Wetlands Quests","14861","3/1","65045","","38427","27","25927","1","0"
"12429","Wetlands Quests","14861","3/2","65046","","38428","27","26196","1","0"
"12429","Wetlands Quests","14861","3/3","65047","","38429","27","26128","1","0"
"12430","Duskwood Quests","14861","0","65049","The Legend of Stalvan","38344","27","26674","1","0"
"12430","Duskwood Quests","14861","1","65050","Morbent Fel","38345","27","26754","1","0"
"12430","Duskwood Quests","14861","2","65051","A Hermit's Errand","38347","27","26727","1","0"
"12430","Duskwood Quests","14861","3","65052","Mor'ladim","38346","27","26797","1","0"
"12430","Duskwood Quests","14861","4/0","65054","","38348","27","26686","1","0"
"12430","Duskwood Quests","14861","4/1","65055","","38349","27","26691","1","0"
"12430","Duskwood Quests","14861","4/2","65056","","38350","27","26620","1","0"
"12430","Duskwood Quests","14861","4/3","65057","","38351","27","26623","1","0"
"12455","Westfall & Duskwood Quests","14861","0","65288","Westfall Quests","15202","8","4903","0","0"
"12455","Westfall & Duskwood Quests","14861","1","65287","Duskwood Quests","39661","8","12430","0","0"
"12456","Loch Modan & Wetlands Quests","14861","0","65290","","15196","8","4899","0","0"
"12456","Loch Modan & Wetlands Quests","14861","1","65291","","39660","8","12429","0","0"
