"status","current_ability_exists","current_spell_name_exists","profession","profession_id","recipe_spell_id","name","skill_line_ability_id","trade_category_id","trade_category_name","house_decor_recipe","acquire_method","supercedes_spell_id"
"named_recipe","True","True","Alchemy","171","2329","Elixir of Lion's Strength","1378","639","Elixirs","False","1","0"
"named_recipe","True","True","Alchemy","171","2330","Minor Healing Potion","1377","638","Potions","False","1","0"
"named_recipe","True","True","Alchemy","171","2331","Minor Mana Potion","1379","638","Potions","False","0","0"
"named_recipe","True","True","Alchemy","171","2332","Minor Rejuvenation Potion","1380","638","Potions","False","0","0"
"named_recipe","True","True","Alchemy","171","2333","Elixir of Lesser Agility","1821","639","Elixirs","False","0","0"
"named_recipe","True","True","Alchemy","171","2334","Elixir of Minor Fortitude","1382","639","Elixirs","False","0","0"
"named_recipe","True","True","Alchemy","171","2335","Swiftness Potion","1383","638","Potions","False","0","0"
"named_recipe","True","True","Alchemy","171","2337","Lesser Healing Potion","1385","638","Potions","False","0","0"
"named_recipe","True","True","Alchemy","171","3170","Weak Troll's Blood Elixir","1832","639","Elixirs","False","0","0"
"named_recipe","True","True","Alchemy","171","3171","Elixir of Wisdom","1814","639","Elixirs","False","0","0"
"named_recipe","True","True","Alchemy","171","3173","Lesser Mana Potion","1816","638","Potions","False","0","0"
"named_recipe","True","True","Alchemy","171","3174","Potion of Curing","1817","638","Potions","False","0","0"
"named_recipe","True","True","Alchemy","171","3175","Limited Invulnerability Potion","11316","638","Potions","False","0","0"
"named_recipe","True","True","Alchemy","171","3176","Strong Troll's Blood Elixir","1819","639","Elixirs","False","0","0"
"named_recipe","True","True","Alchemy","171","3177","Elixir of Defense","1820","639","Elixirs","False","0","0"
"named_recipe","True","True","Alchemy","171","3188","Elixir of Ogre's Strength","1822","639","Elixirs","False","0","0"
"named_recipe","True","True","Alchemy","171","3230","Elixir of Minor Agility","1833","639","Elixirs","False","0","0"
"named_recipe","True","True","Alchemy","171","3447","Healing Potion","1930","638","Potions","False","0","0"
"named_recipe","True","True","Alchemy","171","3448","Lesser Invisibility Potion","1931","638","Potions","False","0","0"
"named_recipe","True","True","Alchemy","171","3449","Shadow Oil","1932","643","Oils","False","0","0"
"named_recipe","True","True","Alchemy","171","3450","Elixir of Fortitude","1933","639","Elixirs","False","0","0"
"named_recipe","True","True","Alchemy","171","3451","Major Troll's Blood Elixir","1934","639","Elixirs","False","0","0"
"named_recipe","True","True","Alchemy","171","3452","Mana Potion","1935","638","Potions","False","0","0"
"named_recipe","True","True","Alchemy","171","3453","Elixir of Detect Lesser Invisibility","1936","639","Elixirs","False","0","0"
"named_recipe","True","True","Alchemy","171","3454","Frost Oil","1937","643","Oils","False","0","0"
"named_recipe","True","True","Alchemy","171","4508","Discolored Healing Potion","2907","638","Potions","False","0","0"
"named_recipe","True","True","Alchemy","171","4942","Lesser Stoneshield Potion","2909","638","Potions","False","0","0"
"named_recipe","True","True","Alchemy","171","6617","Rage Potion","4007","638","Potions","False","0","0"
"named_recipe","True","True","Alchemy","171","6618","Great Rage Potion","4006","638","Potions","False","0","0"
"named_recipe","True","True","Alchemy","171","6624","Free Action Potion","4004","638","Potions","False","0","0"
"named_recipe","True","True","Alchemy","171","7179","Elixir of Water Breathing","4176","639","Elixirs","False","0","0"
"named_recipe","True","True","Alchemy","171","7181","Greater Healing Potion","4177","638","Potions","False","0","0"
"named_recipe","True","True","Alchemy","171","7183","Elixir of Minor Defense","4178","639","Elixirs","False","1","0"
"named_recipe","True","True","Alchemy","171","7255","Holy Protection Potion","4211","638","Potions","False","0","0"
"named_recipe","True","True","Alchemy","171","7256","Shadow Protection Potion","4213","638","Potions","False","0","0"
"named_recipe","True","True","Alchemy","171","7257","Fire Protection Potion","4209","638","Potions","False","0","0"
"named_recipe","True","True","Alchemy","171","7258","Frost Protection Potion","4210","638","Potions","False","0","0"
"named_recipe","True","True","Alchemy","171","7259","Nature Protection Potion","4212","638","Potions","False","0","0"
"named_recipe","True","True","Alchemy","171","7836","Blackmouth Oil","4393","643","Oils","False","0","0"
"named_recipe","True","True","Alchemy","171","7837","Fire Oil","4394","643","Oils","False","0","0"
"named_recipe","True","True","Alchemy","171","7841","Swim Speed Potion","4395","638","Potions","False","0","0"
"named_recipe","True","True","Alchemy","171","7845","Elixir of Firepower","4396","639","Elixirs","False","0","0"
"named_recipe","True","True","Alchemy","171","7934","Anti-Venom","39671","1124","Anti-Venoms","False","0","0"
"named_recipe","True","True","Alchemy","171","7935","Strong Anti-Venom","39672","1124","Anti-Venoms","False","0","0"
"named_recipe","True","True","Alchemy","171","8240","Elixir of Giant Growth","4570","639","Elixirs","False","0","0"
"named_recipe","True","True","Alchemy","171","11448","Greater Mana Potion","6000","638","Potions","False","0","0"
"named_recipe","True","True","Alchemy","171","11449","Elixir of Agility","5997","639","Elixirs","False","0","0"
"named_recipe","True","True","Alchemy","171","11450","Elixir of Greater Defense","5998","639","Elixirs","False","0","0"
"named_recipe","True","True","Alchemy","171","11451","Oil of Immolation","5999","643","Oils","False","0","0"
"named_recipe","True","True","Alchemy","171","11452","Restorative Potion","6001","638","Potions","False","0","0"
"named_recipe","True","True","Alchemy","171","11456","Goblin Rocket Fuel","6004","644","Materials","False","0","0"
"named_recipe","True","True","Alchemy","171","11457","Superior Healing Potion","6005","638","Potions","False","0","0"
"named_recipe","True","True","Alchemy","171","11458","Wildvine Potion","6006","638","Potions","False","0","0"
"named_recipe","True","True","Alchemy","171","11459","Philosopher's Stone","6007","642","Trinkets","False","0","0"
"named_recipe","True","True","Alchemy","171","11460","Elixir of Detect Undead","6008","639","Elixirs","False","0","0"
"named_recipe","True","True","Alchemy","171","11461","Arcane Elixir","6009","639","Elixirs","False","0","0"
"named_recipe","True","True","Alchemy","171","11464","Invisibility Potion","6010","638","Potions","False","0","0"
"named_recipe","True","True","Alchemy","171","11465","Elixir of Greater Intellect","6011","639","Elixirs","False","0","0"
"named_recipe","True","True","Alchemy","171","11466","Gift of Arthas","6012","639","Elixirs","False","0","0"
"named_recipe","True","True","Alchemy","171","11467","Elixir of Greater Agility","6013","639","Elixirs","False","0","0"
"named_recipe","True","True","Alchemy","171","11468","Elixir of Dream Vision","6014","639","Elixirs","False","0","0"
"named_recipe","True","True","Alchemy","171","11472","Elixir of Giants","6015","639","Elixirs","False","0","0"
"named_recipe","True","True","Alchemy","171","11473","Ghost Dye","6016","644","Materials","False","0","0"
"named_recipe","True","True","Alchemy","171","11476","Elixir of Shadow Power","6017","639","Elixirs","False","0","0"
"named_recipe","True","True","Alchemy","171","11477","Elixir of Demonslaying","6018","639","Elixirs","False","0","0"
"named_recipe","True","True","Alchemy","171","11478","Elixir of Detect Demon","6019","639","Elixirs","False","0","0"
"named_recipe","True","True","Alchemy","171","11479","Transmute: Iron to Gold","6020","641","Transmutation","False","0","0"
"named_recipe","True","True","Alchemy","171","11480","Transmute: Mithril to Truesilver","6021","641","Transmutation","False","0","0"
"named_recipe","True","True","Alchemy","171","12609","Catseye Elixir","6848","639","Elixirs","False","0","0"
"named_recipe","True","True","Alchemy","171","15833","Dreamless Sleep Potion","8596","638","Potions","False","0","0"
"named_recipe","True","True","Alchemy","171","17187","Transmute: Arcanite","9840","641","Transmutation","False","0","0"
"named_recipe","True","True","Alchemy","171","17551","Stonescale Oil","9936","643","Oils","False","0","0"
"named_recipe","True","True","Alchemy","171","17552","Mighty Rage Potion","9937","638","Potions","False","0","0"
"named_recipe","True","True","Alchemy","171","17553","Superior Mana Potion","9938","638","Potions","False","0","0"
"named_recipe","True","True","Alchemy","171","17554","Elixir of Superior Defense","9939","639","Elixirs","False","0","0"
"named_recipe","True","True","Alchemy","171","17555","Elixir of the Sages","9940","639","Elixirs","False","0","0"
"named_recipe","True","True","Alchemy","171","17556","Major Healing Potion","9941","638","Potions","False","0","0"
"named_recipe","True","True","Alchemy","171","17557","Elixir of Brute Force","9942","639","Elixirs","False","0","0"
"named_recipe","True","True","Alchemy","171","17559","Transmute: Air to Fire","9943","641","Transmutation","False","0","0"
"named_recipe","True","True","Alchemy","171","17560","Transmute: Fire to Earth","9946","641","Transmutation","False","0","0"
"named_recipe","True","True","Alchemy","171","17561","Transmute: Earth to Water","9944","641","Transmutation","False","0","0"
"named_recipe","True","True","Alchemy","171","17562","Transmute: Water to Air","9948","641","Transmutation","False","0","0"
"named_recipe","True","True","Alchemy","171","17563","Transmute: Undeath to Water","9947","641","Transmutation","False","0","0"
"named_recipe","True","True","Alchemy","171","17564","Transmute: Water to Undeath","9949","641","Transmutation","False","0","0"
"named_recipe","True","True","Alchemy","171","17565","Transmute: Life to Earth","9950","641","Transmutation","False","0","0"
"named_recipe","True","True","Alchemy","171","17566","Transmute: Earth to Life","9945","641","Transmutation","False","0","0"
"named_recipe","True","True","Alchemy","171","17570","Greater Stoneshield Potion","9951","638","Potions","False","0","0"
"named_recipe","True","True","Alchemy","171","17571","Elixir of the Mongoose","9952","639","Elixirs","False","0","0"
"named_recipe","True","True","Alchemy","171","17572","Purification Potion","9953","638","Potions","False","0","0"
"named_recipe","True","True","Alchemy","171","17573","Greater Arcane Elixir","9954","639","Elixirs","False","0","0"
"named_recipe","True","True","Alchemy","171","17574","Greater Fire Protection Potion","9955","638","Potions","False","0","0"
"named_recipe","True","True","Alchemy","171","17575","Greater Frost Protection Potion","9956","638","Potions","False","0","0"
"named_recipe","True","True","Alchemy","171","17576","Greater Nature Protection Potion","9957","638","Potions","False","0","0"
"named_recipe","True","True","Alchemy","171","17577","Greater Arcane Protection Potion","9958","638","Potions","False","0","0"
"named_recipe","True","True","Alchemy","171","17578","Greater Shadow Protection Potion","9959","638","Potions","False","0","0"
"named_recipe","True","True","Alchemy","171","17579","Greater Holy Protection Potion","9960","638","Potions","False","0","0"
"named_recipe","True","True","Alchemy","171","17580","Major Mana Potion","9961","638","Potions","False","0","0"
"named_recipe","True","True","Alchemy","171","17634","Potion of Petrification","9977","638","Potions","False","0","0"
"named_recipe","True","True","Alchemy","171","17635","Flask of the Titans","9978","640","Flasks","False","0","0"
"named_recipe","True","True","Alchemy","171","17636","Flask of Distilled Wisdom","9979","640","Flasks","False","0","0"
"named_recipe","True","True","Alchemy","171","17637","Flask of Supreme Power","9980","640","Flasks","False","0","0"
"named_recipe","True","True","Alchemy","171","21923","Elixir of Frost Power","12137","639","Elixirs","False","0","0"
"named_recipe","True","True","Alchemy","171","22732","Major Rejuvenation Potion","12299","638","Potions","False","0","0"
"named_recipe","True","True","Alchemy","171","22808","Elixir of Greater Water Breathing","12322","639","Elixirs","False","0","0"
"named_recipe","True","True","Alchemy","171","23787","Powerful Anti-Venom","39673","1124","Anti-Venoms","False","0","0"
"named_recipe","True","True","Alchemy","171","24266","Gurubashi Mojo Madness","12876","645","Special","False","0","0"
"named_recipe","True","True","Alchemy","171","24365","Mageblood Elixir","12892","639","Elixirs","False","0","0"
"named_recipe","True","True","Alchemy","171","24366","Greater Dreamless Sleep Potion","12893","638","Potions","False","0","0"
"named_recipe","True","True","Alchemy","171","24367","Living Action Potion","12894","638","Potions","False","0","0"
"named_recipe","True","True","Alchemy","171","24368","Mighty Troll's Blood Elixir","12895","639","Elixirs","False","0","0"
"named_recipe","True","True","Alchemy","171","25146","Transmute: Elemental Fire","13146","641","Transmutation","False","0","0"
"named_recipe","True","True","Alchemy","171","26277","Elixir of Greater Firepower","13417","639","Elixirs","False","0","0"
"named_recipe","True","True","Alchemy","171","1261495","Stoppered Black Potion","56118","2301","House Decor","True","0","0"
"named_recipe","True","True","Alchemy","171","1262829","Apothecary's Worktable","56269","2301","House Decor","True","0","0"
"named_recipe","True","True","Blacksmithing","164","2660","Rough Sharpening Stone","1631","216","Weapon Mods","False","1","0"
"named_recipe","True","True","Blacksmithing","164","2661","Copper Chain Belt","1632","223","Belts","False","0","0"
"named_recipe","True","True","Blacksmithing","164","2662","Copper Chain Pants","1633","224","Legs","False","0","0"
"named_recipe","True","True","Blacksmithing","164","2663","Copper Bracers","1634","222","Bracers","False","1","0"
"named_recipe","True","True","Blacksmithing","164","2664","Runed Copper Bracers","1635","222","Bracers","False","0","0"
"named_recipe","True","True","Blacksmithing","164","2665","Coarse Sharpening Stone","1636","216","Weapon Mods","False","0","0"
"named_recipe","True","True","Blacksmithing","164","2666","Runed Copper Belt","1637","223","Belts","False","0","0"
"named_recipe","True","True","Blacksmithing","164","2667","Runed Copper Breastplate","1638","220","Chest","False","0","0"
"named_recipe","True","True","Blacksmithing","164","2668","Rough Bronze Leggings","1639","224","Legs","False","0","0"
"named_recipe","True","True","Blacksmithing","164","2670","Rough Bronze Cuirass","1640","220","Chest","False","0","0"
"named_recipe","True","True","Blacksmithing","164","2671","Rough Bronze Bracers","3974","222","Bracers","False","0","0"
"named_recipe","True","True","Blacksmithing","164","2672","Patterned Bronze Bracers","1642","222","Bracers","False","0","0"
"named_recipe","True","True","Blacksmithing","164","2673","Silvered Bronze Breastplate","3975","220","Chest","False","0","0"
"named_recipe","True","True","Blacksmithing","164","2674","Heavy Sharpening Stone","1644","216","Weapon Mods","False","0","0"
"named_recipe","True","True","Blacksmithing","164","2675","Shining Silver Breastplate","1645","220","Chest","False","0","0"
"named_recipe","True","True","Blacksmithing","164","2737","Copper Mace","1646","227","Weapons","False","0","0"
"named_recipe","True","True","Blacksmithing","164","2738","Copper Axe","1651","227","Weapons","False","0","0"
"named_recipe","True","True","Blacksmithing","164","2739","Copper Shortsword","1652","227","Weapons","False","0","0"
"named_recipe","True","True","Blacksmithing","164","2740","Bronze Mace","1649","227","Weapons","False","0","0"
"named_recipe","True","True","Blacksmithing","164","2741","Bronze Axe","1650","227","Weapons","False","0","0"
"named_recipe","True","True","Blacksmithing","164","2742","Bronze Shortsword","1653","227","Weapons","False","0","0"
"named_recipe","True","True","Blacksmithing","164","3115","Rough Weightstone","1798","216","Weapon Mods","False","1","0"
"named_recipe","True","True","Blacksmithing","164","3116","Coarse Weightstone","1800","216","Weapon Mods","False","0","0"
"named_recipe","True","True","Blacksmithing","164","3117","Heavy Weightstone","1799","216","Weapon Mods","False","0","0"
"named_recipe","True","True","Blacksmithing","164","3292","Heavy Copper Broadsword","1849","227","Weapons","False","0","0"
"named_recipe","True","True","Blacksmithing","164","3293","Copper Battle Axe","1850","227","Weapons","False","0","0"
"named_recipe","True","True","Blacksmithing","164","3294","Thick War Axe","1851","227","Weapons","False","0","0"
"named_recipe","True","True","Blacksmithing","164","3295","Deadly Bronze Poniard","1852","227","Weapons","False","0","0"
"named_recipe","True","True","Blacksmithing","164","3296","Heavy Bronze Mace","1853","227","Weapons","False","0","0"
"named_recipe","True","True","Blacksmithing","164","3297","Mighty Iron Hammer","1854","227","Weapons","False","0","0"
"named_recipe","True","True","Blacksmithing","164","3319","Copper Chain Boots","1855","225","Boots","False","0","0"
"named_recipe","True","True","Blacksmithing","164","3320","Rough Grinding Stone","1856","215","Materials","False","0","0"
"named_recipe","True","True","Blacksmithing","164","3321","Copper Chain Vest","1857","220","Chest","False","0","0"
"named_recipe","True","True","Blacksmithing","164","3323","Runed Copper Gauntlets","1858","221","Gauntlets","False","0","0"
"named_recipe","True","True","Blacksmithing","164","3324","Runed Copper Pants","1859","224","Legs","False","0","0"
"named_recipe","True","True","Blacksmithing","164","3325","Gemmed Copper Gauntlets","1860","221","Gauntlets","False","0","0"
"named_recipe","True","True","Blacksmithing","164","3326","Coarse Grinding Stone","1861","215","Materials","False","0","0"
"named_recipe","True","True","Blacksmithing","164","3328","Rough Bronze Shoulders","1862","219","Shoulders","False","0","0"
"named_recipe","True","True","Blacksmithing","164","3330","Silvered Bronze Shoulders","1863","219","Shoulders","False","0","0"
"named_recipe","True","True","Blacksmithing","164","3331","Silvered Bronze Boots","1864","225","Boots","False","0","0"
"named_recipe","True","True","Blacksmithing","164","3333","Silvered Bronze Gauntlets","1865","221","Gauntlets","False","0","0"
"named_recipe","True","True","Blacksmithing","164","3334","Green Iron Boots","1866","225","Boots","False","0","0"
"named_recipe","True","True","Blacksmithing","164","3336","Green Iron Gauntlets","1867","221","Gauntlets","False","0","0"
"named_recipe","True","True","Blacksmithing","164","3337","Heavy Grinding Stone","1868","215","Materials","False","0","0"
"named_recipe","True","True","Blacksmithing","164","3491","Big Bronze Knife","1984","227","Weapons","False","0","0"
"named_recipe","True","True","Blacksmithing","164","3492","Hardened Iron Shortsword","1985","227","Weapons","False","0","0"
"named_recipe","True","True","Blacksmithing","164","3493","Jade Serpentblade","1986","227","Weapons","False","0","0"
"named_recipe","True","True","Blacksmithing","164","3494","Solid Iron Maul","1987","227","Weapons","False","0","0"
"named_recipe","True","True","Blacksmithing","164","3495","Golden Iron Destroyer","1988","227","Weapons","False","0","0"
"named_recipe","True","True","Blacksmithing","164","3496","Moonsteel Broadsword","1989","227","Weapons","False","0","0"
"named_recipe","True","True","Blacksmithing","164","3497","Frost Tiger Blade","1990","227","Weapons","False","0","0"
"named_recipe","True","True","Blacksmithing","164","3498","Massive Iron Axe","1991","227","Weapons","False","0","0"
"named_recipe","True","True","Blacksmithing","164","3500","Shadow Crescent Axe","1992","227","Weapons","False","0","0"
"named_recipe","True","True","Blacksmithing","164","3501","Green Iron Bracers","1993","222","Bracers","False","0","0"
"named_recipe","True","True","Blacksmithing","164","3502","Green Iron Helm","1994","218","Helms","False","0","0"
"named_recipe","True","True","Blacksmithing","164","3503","Golden Scale Coif","1995","218","Helms","False","0","0"
"named_recipe","True","True","Blacksmithing","164","3504","Green Iron Shoulders","1996","219","Shoulders","False","0","0"
"named_recipe","True","True","Blacksmithing","164","3505","Golden Scale Shoulders","1997","219","Shoulders","False","0","0"
"named_recipe","True","True","Blacksmithing","164","3506","Green Iron Leggings","1998","224","Legs","False","0","0"
"named_recipe","True","True","Blacksmithing","164","3507","Golden Scale Leggings","1999","224","Legs","False","0","0"
"named_recipe","True","True","Blacksmithing","164","3508","Green Iron Hauberk","2000","220","Chest","False","0","0"
"named_recipe","True","True","Blacksmithing","164","3511","Golden Scale Cuirass","2001","220","Chest","False","0","0"
"named_recipe","True","True","Blacksmithing","164","3513","Polished Steel Boots","2002","225","Boots","False","0","0"
"named_recipe","True","True","Blacksmithing","164","3515","Golden Scale Boots","2003","225","Boots","False","0","0"
"named_recipe","True","True","Blacksmithing","164","6517","Pearl-handled Dagger","3972","227","Weapons","False","0","0"
"named_recipe","True","True","Blacksmithing","164","6518","Iridescent Hammer","3971","227","Weapons","False","0","0"
"named_recipe","True","True","Blacksmithing","164","7221","Iron Shield Spike","4207","217","Armor Mods","False","0","0"
"named_recipe","True","True","Blacksmithing","164","7222","Iron Counterweight","4208","216","Weapon Mods","False","0","0"
"named_recipe","True","True","Blacksmithing","164","7223","Golden Scale Bracers","4206","222","Bracers","False","0","0"
"named_recipe","True","True","Blacksmithing","164","7224","Steel Weapon Chain","4205","216","Weapon Mods","False","0","0"
"named_recipe","True","True","Blacksmithing","164","7408","Heavy Copper Maul","4285","227","Weapons","False","0","0"
"named_recipe","True","True","Blacksmithing","164","7817","Rough Bronze Boots","4389","225","Boots","False","0","0"
"named_recipe","True","True","Blacksmithing","164","8366","Ironforge Chain","4628","220","Chest","False","0","0"
"named_recipe","True","True","Blacksmithing","164","8367","Ironforge Breastplate","4629","220","Chest","False","0","0"
"named_recipe","True","True","Blacksmithing","164","8368","Ironforge Gauntlets","4630","221","Gauntlets","False","0","0"
"named_recipe","True","True","Blacksmithing","164","8768","Iron Buckle","4847","215","Materials","False","0","0"
"named_recipe","True","True","Blacksmithing","164","8880","Copper Dagger","4910","227","Weapons","False","0","0"
"named_recipe","True","True","Blacksmithing","164","9811","Barbaric Iron Shoulders","5306","219","Shoulders","False","0","0"
"named_recipe","True","True","Blacksmithing","164","9813","Barbaric Iron Breastplate","5307","220","Chest","False","0","0"
"named_recipe","True","True","Blacksmithing","164","9814","Barbaric Iron Helm","5308","218","Helms","False","0","0"
"named_recipe","True","True","Blacksmithing","164","9818","Barbaric Iron Boots","5309","225","Boots","False","0","0"
"named_recipe","True","True","Blacksmithing","164","9820","Barbaric Iron Gloves","5310","221","Gauntlets","False","0","0"
"named_recipe","True","True","Blacksmithing","164","9916","Steel Breastplate","5311","220","Chest","False","0","0"
"named_recipe","True","True","Blacksmithing","164","9918","Solid Sharpening Stone","5312","216","Weapon Mods","False","0","0"
"named_recipe","True","True","Blacksmithing","164","9920","Solid Grinding Stone","5314","215","Materials","False","0","0"
"named_recipe","True","True","Blacksmithing","164","9921","Solid Weightstone","5313","216","Weapon Mods","False","0","0"
"named_recipe","True","True","Blacksmithing","164","9926","Heavy Mithril Shoulder","5315","219","Shoulders","False","0","0"
"named_recipe","True","True","Blacksmithing","164","9928","Heavy Mithril Gauntlet","5316","221","Gauntlets","False","0","0"
"named_recipe","True","True","Blacksmithing","164","9931","Mithril Scale Pants","5317","224","Legs","False","0","0"
"named_recipe","True","True","Blacksmithing","164","9933","Heavy Mithril Pants","5318","224","Legs","False","0","0"
"named_recipe","True","True","Blacksmithing","164","9935","Steel Plate Helm","5319","218","Helms","False","0","0"
"named_recipe","True","True","Blacksmithing","164","9937","Mithril Scale Bracers","5320","222","Bracers","False","0","0"
"named_recipe","True","True","Blacksmithing","164","9939","Mithril Shield Spike","5321","217","Armor Mods","False","0","0"
"named_recipe","True","True","Blacksmithing","164","9942","Mithril Scale Gloves","5322","221","Gauntlets","False","0","0"
"named_recipe","True","True","Blacksmithing","164","9945","Ornate Mithril Pants","5323","224","Legs","False","0","0"
"named_recipe","True","True","Blacksmithing","164","9950","Ornate Mithril Gloves","5324","221","Gauntlets","False","0","0"
"named_recipe","True","True","Blacksmithing","164","9952","Ornate Mithril Shoulder","5325","219","Shoulders","False","0","0"
"named_recipe","True","True","Blacksmithing","164","9954","Truesilver Gauntlets","5326","221","Gauntlets","False","0","0"
"named_recipe","True","True","Blacksmithing","164","9957","Orcish War Leggings","5327","224","Legs","False","0","0"
"named_recipe","True","True","Blacksmithing","164","9959","Heavy Mithril Breastplate","5328","220","Chest","False","0","0"
"named_recipe","True","True","Blacksmithing","164","9961","Mithril Coif","5329","218","Helms","False","0","0"
"named_recipe","True","True","Blacksmithing","164","9964","Mithril Spurs","5330","217","Armor Mods","False","0","0"
"named_recipe","True","True","Blacksmithing","164","9966","Mithril Scale Shoulders","5331","219","Shoulders","False","0","0"
"named_recipe","True","True","Blacksmithing","164","9968","Heavy Mithril Boots","5332","225","Boots","False","0","0"
"named_recipe","True","True","Blacksmithing","164","9970","Heavy Mithril Helm","5333","218","Helms","False","0","0"
"named_recipe","True","True","Blacksmithing","164","9972","Ornate Mithril Breastplate","5334","220","Chest","False","0","0"
"named_recipe","True","True","Blacksmithing","164","9974","Truesilver Breastplate","5335","220","Chest","False","0","0"
"named_recipe","True","True","Blacksmithing","164","9979","Ornate Mithril Boots","5336","225","Boots","False","0","0"
"named_recipe","True","True","Blacksmithing","164","9980","Ornate Mithril Helm","5337","218","Helms","False","0","0"
"named_recipe","True","True","Blacksmithing","164","9983","Copper Claymore","5338","227","Weapons","False","0","0"
"named_recipe","True","True","Blacksmithing","164","9985","Bronze Warhammer","5339","227","Weapons","False","0","0"
"named_recipe","True","True","Blacksmithing","164","9986","Bronze Greatsword","5340","227","Weapons","False","0","0"
"named_recipe","True","True","Blacksmithing","164","9987","Bronze Battle Axe","5341","227","Weapons","False","0","0"
"named_recipe","True","True","Blacksmithing","164","9993","Heavy Mithril Axe","5342","227","Weapons","False","0","0"
"named_recipe","True","True","Blacksmithing","164","9995","Blue Glittering Axe","5343","227","Weapons","False","0","0"
"named_recipe","True","True","Blacksmithing","164","9997","Wicked Mithril Blade","5344","227","Weapons","False","0","0"
"named_recipe","True","True","Blacksmithing","164","10001","Big Black Mace","5345","227","Weapons","False","0","0"
"named_recipe","True","True","Blacksmithing","164","10003","The Shatterer","5346","227","Weapons","False","0","0"
"named_recipe","True","True","Blacksmithing","164","10005","Dazzling Mithril Rapier","5347","227","Weapons","False","0","0"
"named_recipe","True","True","Blacksmithing","164","10007","Phantom Blade","5348","227","Weapons","False","0","0"
"named_recipe","True","True","Blacksmithing","164","10009","Runed Mithril Hammer","5349","227","Weapons","False","0","0"
"named_recipe","True","True","Blacksmithing","164","10011","Blight","5350","227","Weapons","False","0","0"
"named_recipe","True","True","Blacksmithing","164","10013","Ebon Shiv","5351","227","Weapons","False","0","0"
"named_recipe","True","True","Blacksmithing","164","10015","Truesilver Champion","5352","227","Weapons","False","0","0"
"named_recipe","True","True","Blacksmithing","164","11454","Inlaid Mithril Cylinder","7417","215","Materials","False","0","0"
"named_recipe","True","True","Blacksmithing","164","11643","Golden Scale Gauntlets","6136","221","Gauntlets","False","0","0"
"named_recipe","True","True","Blacksmithing","164","12259","Silvered Bronze Leggings","6637","224","Legs","False","0","0"
"named_recipe","True","True","Blacksmithing","164","12260","Rough Copper Vest","6636","220","Chest","False","1","0"
"named_recipe","True","True","Blacksmithing","164","15292","Dark Iron Pulverizer","8218","227","Weapons","False","0","0"
"named_recipe","True","True","Blacksmithing","164","15293","Dark Iron Mail","8217","220","Chest","False","0","0"
"named_recipe","True","True","Blacksmithing","164","15294","Dark Iron Sunderer","8219","227","Weapons","False","0","0"
"named_recipe","True","True","Blacksmithing","164","15295","Dark Iron Shoulders","8220","219","Shoulders","False","0","0"
"named_recipe","True","True","Blacksmithing","164","15296","Dark Iron Plate","8216","220","Chest","False","0","0"
"named_recipe","True","True","Blacksmithing","164","15972","Glinting Steel Dagger","8636","227","Weapons","False","0","0"
"named_recipe","True","True","Blacksmithing","164","15973","Searing Golden Blade","8637","227","Weapons","False","0","0"
"named_recipe","True","True","Blacksmithing","164","16639","Dense Grinding Stone","9158","215","Materials","False","0","0"
"named_recipe","True","True","Blacksmithing","164","16640","Dense Weightstone","9157","216","Weapon Mods","False","0","0"
"named_recipe","True","True","Blacksmithing","164","16641","Dense Sharpening Stone","9156","216","Weapon Mods","False","0","0"
"named_recipe","True","True","Blacksmithing","164","16642","Thorium Armor","9159","220","Chest","False","0","0"
"named_recipe","True","True","Blacksmithing","164","16643","Thorium Belt","9160","223","Belts","False","0","0"
"named_recipe","True","True","Blacksmithing","164","16644","Thorium Bracers","9161","222","Bracers","False","0","0"
"named_recipe","True","True","Blacksmithing","164","16645","Radiant Belt","9162","223","Belts","False","0","0"
"named_recipe","True","True","Blacksmithing","164","16646","Imperial Plate Shoulders","9163","219","Shoulders","False","0","0"
"named_recipe","True","True","Blacksmithing","164","16647","Imperial Plate Belt","9164","223","Belts","False","0","0"
"named_recipe","True","True","Blacksmithing","164","16648","Radiant Breastplate","9165","220","Chest","False","0","0"
"named_recipe","True","True","Blacksmithing","164","16649","Imperial Plate Bracers","9166","222","Bracers","False","0","0"
"named_recipe","True","True","Blacksmithing","164","16650","Wildthorn Mail","9167","220","Chest","False","0","0"
"named_recipe","True","True","Blacksmithing","164","16651","Thorium Shield Spike","9168","217","Armor Mods","False","0","0"
"named_recipe","True","True","Blacksmithing","164","16652","Thorium Boots","9169","225","Boots","False","0","0"
"named_recipe","True","True","Blacksmithing","164","16653","Thorium Helm","9170","218","Helms","False","0","0"
"named_recipe","True","True","Blacksmithing","164","16654","Radiant Gloves","9171","221","Gauntlets","False","0","0"
"named_recipe","True","True","Blacksmithing","164","16655","Fiery Plate Gauntlets","9175","221","Gauntlets","False","0","0"
"named_recipe","True","True","Blacksmithing","164","16656","Radiant Boots","9173","225","Boots","False","0","0"
"named_recipe","True","True","Blacksmithing","164","16657","Imperial Plate Boots","9176","225","Boots","False","0","0"
"named_recipe","True","True","Blacksmithing","164","16658","Imperial Plate Helm","9177","218","Helms","False","0","0"
"named_recipe","True","True","Blacksmithing","164","16659","Radiant Circlet","9179","218","Helms","False","0","0"
"named_recipe","True","True","Blacksmithing","164","16660","Dawnbringer Shoulders","9174","219","Shoulders","False","0","0"
"named_recipe","True","True","Blacksmithing","164","16661","Storm Gauntlets","9579","221","Gauntlets","False","0","0"
"named_recipe","True","True","Blacksmithing","164","16662","Thorium Leggings","9180","224","Legs","False","0","0"
"named_recipe","True","True","Blacksmithing","164","16663","Imperial Plate Chest","9181","220","Chest","False","0","0"
"named_recipe","True","True","Blacksmithing","164","16664","Runic Plate Shoulders","9182","219","Shoulders","False","0","0"
"named_recipe","True","True","Blacksmithing","164","16665","Runic Plate Boots","9183","225","Boots","False","0","0"
"named_recipe","True","True","Blacksmithing","164","16667","Demon Forged Breastplate","9172","220","Chest","False","0","0"
"named_recipe","True","True","Blacksmithing","164","16724","Whitesoul Helm","9321","218","Helms","False","0","0"
"named_recipe","True","True","Blacksmithing","164","16725","Radiant Leggings","9322","224","Legs","False","0","0"
"named_recipe","True","True","Blacksmithing","164","16726","Runic Plate Helm","9323","218","Helms","False","0","0"
"named_recipe","True","True","Blacksmithing","164","16728","Helm of the Great Chief","9325","218","Helms","False","0","0"
"named_recipe","True","True","Blacksmithing","164","16729","Lionheart Helm","9331","218","Helms","False","0","0"
"named_recipe","True","True","Blacksmithing","164","16730","Imperial Plate Leggings","9324","224","Legs","False","0","0"
"named_recipe","True","True","Blacksmithing","164","16731","Runic Breastplate","9332","220","Chest","False","0","0"
"named_recipe","True","True","Blacksmithing","164","16732","Runic Plate Leggings","9333","224","Legs","False","0","0"
"named_recipe","True","True","Blacksmithing","164","16741","Stronghold Gauntlets","9334","221","Gauntlets","False","0","0"
"named_recipe","True","True","Blacksmithing","164","16742","Enchanted Thorium Helm","9335","218","Helms","False","0","0"
"named_recipe","True","True","Blacksmithing","164","16744","Enchanted Thorium Leggings","9336","224","Legs","False","0","0"
"named_recipe","True","True","Blacksmithing","164","16745","Enchanted Thorium Breastplate","9337","220","Chest","False","0","0"
"named_recipe","True","True","Blacksmithing","164","16746","Invulnerable Mail","9338","220","Chest","False","0","0"
"named_recipe","True","True","Blacksmithing","164","16960","Thorium Greatsword","9436","227","Weapons","False","0","0"
"named_recipe","True","True","Blacksmithing","164","16965","Bleakwood Hew","9437","227","Weapons","False","0","0"
"named_recipe","True","True","Blacksmithing","164","16967","Inlaid Thorium Hammer","9438","227","Weapons","False","0","0"
"named_recipe","True","True","Blacksmithing","164","16969","Ornate Thorium Handaxe","9439","227","Weapons","False","0","0"
"named_recipe","True","True","Blacksmithing","164","16970","Dawn's Edge","9440","227","Weapons","False","0","0"
"named_recipe","True","True","Blacksmithing","164","16971","Huge Thorium Battleaxe","9441","227","Weapons","False","0","0"
"named_recipe","True","True","Blacksmithing","164","16973","Enchanted Battlehammer","9442","227","Weapons","False","0","0"
"named_recipe","True","True","Blacksmithing","164","16978","Blazing Rapier","9443","227","Weapons","False","0","0"
"named_recipe","True","True","Blacksmithing","164","16980","Rune Edge","9444","227","Weapons","False","0","0"
"named_recipe","True","True","Blacksmithing","164","16983","Serenity","9445","227","Weapons","False","0","0"
"named_recipe","True","True","Blacksmithing","164","16984","Volcanic Hammer","9446","227","Weapons","False","0","0"
"named_recipe","True","True","Blacksmithing","164","16985","Corruption","9447","227","Weapons","False","0","0"
"named_recipe","True","True","Blacksmithing","164","16986","Blood Talon","9448","227","Weapons","False","0","0"
"named_recipe","True","True","Blacksmithing","164","16987","Darkspear","9449","227","Weapons","False","0","0"
"named_recipe","True","True","Blacksmithing","164","16988","Hammer of the Titans","9450","227","Weapons","False","0","0"
"named_recipe","True","True","Blacksmithing","164","16990","Arcanite Champion","9451","227","Weapons","False","0","0"
"named_recipe","True","True","Blacksmithing","164","16991","Annihilator","9452","227","Weapons","False","0","0"
"named_recipe","True","True","Blacksmithing","164","16992","Frostguard","9453","227","Weapons","False","0","0"
"named_recipe","True","True","Blacksmithing","164","16993","Masterwork Stormhammer","9454","227","Weapons","False","0","0"
"named_recipe","True","True","Blacksmithing","164","16994","Arcanite Reaper","9455","227","Weapons","False","0","0"
"named_recipe","True","True","Blacksmithing","164","16995","Heartseeker","9456","227","Weapons","False","0","0"
"named_recipe","True","True","Blacksmithing","164","19666","Silver Skeleton Key","11183","228","Skeleton Keys","False","0","0"
"named_recipe","True","True","Blacksmithing","164","19667","Golden Skeleton Key","11184","228","Skeleton Keys","False","0","0"
"named_recipe","True","True","Blacksmithing","164","19668","Truesilver Skeleton Key","11185","228","Skeleton Keys","False","0","0"
"named_recipe","True","True","Blacksmithing","164","19669","Arcanite Skeleton Key","11186","228","Skeleton Keys","False","0","0"
"named_recipe","True","True","Blacksmithing","164","20872","Fiery Chain Girdle","11863","223","Belts","False","0","0"
"named_recipe","True","True","Blacksmithing","164","20873","Fiery Chain Shoulders","11865","219","Shoulders","False","0","0"
"named_recipe","True","True","Blacksmithing","164","20874","Dark Iron Bracers","11862","222","Bracers","False","0","0"
"named_recipe","True","True","Blacksmithing","164","20876","Dark Iron Leggings","11864","224","Legs","False","0","0"
"named_recipe","True","True","Blacksmithing","164","20890","Dark Iron Reaver","11867","227","Weapons","False","0","0"
"named_recipe","True","True","Blacksmithing","164","20897","Dark Iron Destroyer","11866","227","Weapons","False","0","0"
"named_recipe","True","True","Blacksmithing","164","21161","Sulfuron Hammer","11979","227","Weapons","False","0","0"
"named_recipe","True","True","Blacksmithing","164","21913","Edge of Winter","12136","227","Weapons","False","0","0"
"named_recipe","True","True","Blacksmithing","164","22757","Elemental Sharpening Stone","12302","216","Weapon Mods","False","0","0"
"named_recipe","True","True","Blacksmithing","164","23628","Heavy Timbermaw Belt","12677","223","Belts","False","0","0"
"named_recipe","True","True","Blacksmithing","164","23629","Heavy Timbermaw Boots","12678","225","Boots","False","0","0"
"named_recipe","True","True","Blacksmithing","164","23632","Girdle of the Dawn","12679","223","Belts","False","0","0"
"named_recipe","True","True","Blacksmithing","164","23633","Gloves of the Dawn","12680","221","Gauntlets","False","0","0"
"named_recipe","True","True","Blacksmithing","164","23636","Dark Iron Helm","12681","218","Helms","False","0","0"
"named_recipe","True","True","Blacksmithing","164","23637","Dark Iron Gauntlets","12682","221","Gauntlets","False","0","0"
"named_recipe","True","True","Blacksmithing","164","23638","Black Amnesty","12683","227","Weapons","False","0","0"
"named_recipe","True","True","Blacksmithing","164","23639","Blackfury","12684","227","Weapons","False","0","0"
"named_recipe","True","True","Blacksmithing","164","23650","Ebon Hand","12685","227","Weapons","False","0","0"
"named_recipe","True","True","Blacksmithing","164","23652","Blackguard","12686","227","Weapons","False","0","0"
"named_recipe","True","True","Blacksmithing","164","23653","Nightfall","12687","227","Weapons","False","0","0"
"named_recipe","True","True","Blacksmithing","164","24136","Bloodsoul Breastplate","12829","220","Chest","False","0","0"
"named_recipe","True","True","Blacksmithing","164","24137","Bloodsoul Shoulders","12831","219","Shoulders","False","0","0"
"named_recipe","True","True","Blacksmithing","164","24138","Bloodsoul Gauntlets","12830","221","Gauntlets","False","0","0"
"named_recipe","True","True","Blacksmithing","164","24139","Darksoul Breastplate","12832","220","Chest","False","0","0"
"named_recipe","True","True","Blacksmithing","164","24140","Darksoul Leggings","12833","224","Legs","False","0","0"
"named_recipe","True","True","Blacksmithing","164","24141","Darksoul Shoulders","12834","219","Shoulders","False","0","0"
"named_recipe","True","True","Blacksmithing","164","24399","Dark Iron Boots","12901","225","Boots","False","0","0"
"named_recipe","True","True","Blacksmithing","164","24912","Darkrune Gauntlets","13080","221","Gauntlets","False","0","0"
"named_recipe","True","True","Blacksmithing","164","24913","Darkrune Helm","13081","218","Helms","False","0","0"
"named_recipe","True","True","Blacksmithing","164","24914","Darkrune Breastplate","13079","220","Chest","False","0","0"
"named_recipe","True","True","Blacksmithing","164","27585","Heavy Obsidian Belt","13803","223","Belts","False","0","0"
"named_recipe","True","True","Blacksmithing","164","27586","Jagged Obsidian Shield","13805","226","Shields","False","0","0"
"named_recipe","True","True","Blacksmithing","164","27587","Thick Obsidian Breastplate","13808","220","Chest","False","0","0"
"named_recipe","True","True","Blacksmithing","164","27588","Light Obsidian Belt","13804","223","Belts","False","0","0"
"named_recipe","True","True","Blacksmithing","164","27589","Black Grasp of the Destroyer","13806","221","Gauntlets","False","0","0"
"named_recipe","True","True","Blacksmithing","164","27590","Obsidian Mail Tunic","13807","220","Chest","False","0","0"
"named_recipe","True","True","Blacksmithing","164","27829","Titanic Leggings","13843","224","Legs","False","0","0"
"named_recipe","True","True","Blacksmithing","164","27830","Persuader","13842","227","Weapons","False","0","0"
"named_recipe","True","True","Blacksmithing","164","27832","Sageblade","13844","227","Weapons","False","0","0"
"named_recipe","True","True","Blacksmithing","164","28242","Icebane Breastplate","13922","220","Chest","False","0","0"
"named_recipe","True","True","Blacksmithing","164","28243","Icebane Gauntlets","13923","221","Gauntlets","False","0","0"
"named_recipe","True","True","Blacksmithing","164","28244","Icebane Bracers","13920","222","Bracers","False","0","0"
"named_recipe","True","True","Blacksmithing","164","28461","Ironvine Breastplate","13944","220","Chest","False","0","0"
"named_recipe","True","True","Blacksmithing","164","28462","Ironvine Gloves","13945","221","Gauntlets","False","0","0"
"named_recipe","True","True","Blacksmithing","164","28463","Ironvine Belt","13946","223","Belts","False","0","0"
"named_recipe","True","True","Blacksmithing","164","1261497","Shadowforge Sconce","56119","2302","House Decor","True","0","0"
"named_recipe","True","True","Blacksmithing","164","1261499","Steel Ironforge Emblem","56120","2302","House Decor","True","0","0"
"named_recipe","True","True","Cooking","185","2538","Charred Wolf Meat","1535","1023","Everyday Cooking","False","1","0"
"named_recipe","True","True","Cooking","185","2539","Spiced Wolf Meat","1536","1023","Everyday Cooking","False","0","0"
"named_recipe","True","True","Cooking","185","2540","Roasted Boar Meat","1537","1023","Everyday Cooking","False","1","0"
"named_recipe","True","True","Cooking","185","2541","Coyote Steak","1538","1023","Everyday Cooking","False","0","0"
"named_recipe","True","True","Cooking","185","2542","Goretusk Liver Pie","1539","1023","Everyday Cooking","False","0","0"
"named_recipe","True","True","Cooking","185","2543","Westfall Stew","1540","1023","Everyday Cooking","False","0","0"
"named_recipe","True","True","Cooking","185","2544","Crab Cake","1543","1023","Everyday Cooking","False","0","0"
"named_recipe","True","True","Cooking","185","2545","Cooked Crab Claw","1544","1023","Everyday Cooking","False","0","0"
"named_recipe","True","True","Cooking","185","2546","Dry Pork Ribs","1545","1023","Everyday Cooking","False","0","0"
"named_recipe","True","True","Cooking","185","2547","Redridge Goulash","1546","1023","Everyday Cooking","False","0","0"
"named_recipe","True","True","Cooking","185","2548","Succulent Pork Ribs","1547","1023","Everyday Cooking","False","0","0"
"named_recipe","True","True","Cooking","185","2549","Seasoned Wolf Kabob","1548","1023","Everyday Cooking","False","0","0"
"named_recipe","True","True","Cooking","185","2795","Beer Basted Boar Ribs","1674","1023","Everyday Cooking","False","0","0"
"named_recipe","True","True","Cooking","185","3370","Crocolisk Steak","1871","1023","Everyday Cooking","False","0","0"
"named_recipe","True","True","Cooking","185","3371","Blood Sausage","1872","1023","Everyday Cooking","False","0","0"
"named_recipe","True","True","Cooking","185","3372","Murloc Fin Soup","1873","1023","Everyday Cooking","False","0","0"
"named_recipe","True","True","Cooking","185","3373","Crocolisk Gumbo","1874","1023","Everyday Cooking","False","0","0"
"named_recipe","True","True","Cooking","185","3376","Curiously Tasty Omelet","1875","1023","Everyday Cooking","False","0","0"
"named_recipe","True","True","Cooking","185","3377","Gooey Spider Cake","1876","1023","Everyday Cooking","False","0","0"
"named_recipe","True","True","Cooking","185","3397","Big Bear Steak","1901","1023","Everyday Cooking","False","0","0"
"named_recipe","True","True","Cooking","185","3398","Hot Lion Chops","1902","1023","Everyday Cooking","False","0","0"
"named_recipe","True","True","Cooking","185","3399","Tasty Lion Steak","1903","1023","Everyday Cooking","False","0","0"
"named_recipe","True","True","Cooking","185","3400","Soothing Turtle Bisque","1904","1023","Everyday Cooking","False","0","0"
"named_recipe","True","True","Cooking","185","4094","Barbecued Buzzard Wing","2499","1023","Everyday Cooking","False","0","0"
"named_recipe","True","True","Cooking","185","6412","Kaldorei Spider Kabob","3926","1023","Everyday Cooking","False","0","0"
"named_recipe","True","True","Cooking","185","6413","Scorpid Surprise","3927","1023","Everyday Cooking","False","0","0"
"named_recipe","True","True","Cooking","185","6414","Roasted Kodo Meat","3928","1023","Everyday Cooking","False","0","0"
"named_recipe","True","True","Cooking","185","6415","Fillet of Frenzy","3929","1023","Everyday Cooking","False","0","0"
"named_recipe","True","True","Cooking","185","6416","Strider Stew","3930","1023","Everyday Cooking","False","0","0"
"named_recipe","True","True","Cooking","185","6417","Dig Rat Stew","3931","1023","Everyday Cooking","False","0","0"
"named_recipe","True","True","Cooking","185","6418","Crispy Lizard Tail","3932","1023","Everyday Cooking","False","0","0"
"named_recipe","True","True","Cooking","185","6419","Lean Venison","3933","1023","Everyday Cooking","False","0","0"
"named_recipe","True","True","Cooking","185","6499","Boiled Clams","3964","1023","Everyday Cooking","False","0","0"
"named_recipe","True","True","Cooking","185","6500","Goblin Deviled Clams","3963","1023","Everyday Cooking","False","0","0"
"named_recipe","True","True","Cooking","185","6501","Clam Chowder","3962","1023","Everyday Cooking","False","0","0"
"named_recipe","True","True","Cooking","185","7213","Giant Clam Scorcho","4204","1023","Everyday Cooking","False","0","0"
"named_recipe","True","True","Cooking","185","7751","Brilliant Smallfish","4353","1023","Everyday Cooking","False","0","0"
"named_recipe","True","True","Cooking","185","7752","Slitherskin Mackerel","4354","1023","Everyday Cooking","False","0","0"
"named_recipe","True","True","Cooking","185","7753","Longjaw Mud Snapper","4355","1023","Everyday Cooking","False","0","0"
"named_recipe","True","True","Cooking","185","7754","Loch Frenzy Delight","4356","1023","Everyday Cooking","False","0","0"
"named_recipe","True","True","Cooking","185","7755","Bristle Whisker Catfish","4359","1023","Everyday Cooking","False","0","0"
"named_recipe","True","True","Cooking","185","7827","Rainbow Fin Albacore","4391","1023","Everyday Cooking","False","0","0"
"named_recipe","True","True","Cooking","185","7828","Rockscale Cod","4392","1023","Everyday Cooking","False","0","0"
"named_recipe","True","True","Cooking","185","8238","Savory Deviate Delight","4569","70","Unusual Delights","False","0","0"
"named_recipe","True","True","Cooking","185","8604","Herb Baked Egg","4786","1023","Everyday Cooking","False","1","0"
"named_recipe","True","True","Cooking","185","8607","Smoked Bear Meat","4787","1023","Everyday Cooking","False","0","0"
"named_recipe","True","True","Cooking","185","9513","Thistle Tea","5149","70","Unusual Delights","False","0","0"
"named_recipe","True","True","Cooking","185","13028","Goldthorn Tea","16198","1023","Everyday Cooking","False","0","0"
"named_recipe","True","True","Cooking","185","15853","Lean Wolf Steak","8617","1023","Everyday Cooking","False","0","0"
"named_recipe","True","True","Cooking","185","15855","Roast Raptor","8618","1023","Everyday Cooking","False","0","0"
"named_recipe","True","True","Cooking","185","15856","Hot Wolf Ribs","8619","1023","Everyday Cooking","False","0","0"
"named_recipe","True","True","Cooking","185","15861","Jungle Stew","8620","1023","Everyday Cooking","False","0","0"
"named_recipe","True","True","Cooking","185","15863","Carrion Surprise","8621","1023","Everyday Cooking","False","0","0"
"named_recipe","True","True","Cooking","185","15865","Mystery Stew","8622","1023","Everyday Cooking","False","0","0"
"named_recipe","True","True","Cooking","185","15906","Dragonbreath Chili","8623","70","Unusual Delights","False","0","0"
"named_recipe","True","True","Cooking","185","15910","Heavy Kodo Stew","8624","1023","Everyday Cooking","False","0","0"
"named_recipe","True","True","Cooking","185","15915","Spiced Chili Crab","8625","1023","Everyday Cooking","False","0","0"
"named_recipe","True","True","Cooking","185","15933","Monster Omelet","8626","1023","Everyday Cooking","False","0","0"
"named_recipe","True","True","Cooking","185","15935","Crispy Bat Wing","8616","1023","Everyday Cooking","False","0","0"
"named_recipe","True","True","Cooking","185","18238","Spotted Yellowtail","10244","1023","Everyday Cooking","False","0","0"
"named_recipe","True","True","Cooking","185","18239","Cooked Glossy Mightfish","10243","1023","Everyday Cooking","False","0","0"
"named_recipe","True","True","Cooking","185","18240","Grilled Squid","10246","1023","Everyday Cooking","False","0","0"
"named_recipe","True","True","Cooking","185","18241","Filet of Redgill","10245","1023","Everyday Cooking","False","0","0"
"named_recipe","True","True","Cooking","185","18242","Hot Smoked Bass","10247","1023","Everyday Cooking","False","0","0"
"named_recipe","True","True","Cooking","185","18243","Nightfin Soup","10248","1023","Everyday Cooking","False","0","0"
"named_recipe","True","True","Cooking","185","18244","Poached Sunscale Salmon","10249","1023","Everyday Cooking","False","0","0"
"named_recipe","True","True","Cooking","185","18245","Lobster Stew","10250","1023","Everyday Cooking","False","0","0"
"named_recipe","True","True","Cooking","185","18246","Mightfish Steak","10251","1023","Everyday Cooking","False","0","0"
"named_recipe","True","True","Cooking","185","18247","Baked Salmon","10252","1023","Everyday Cooking","False","0","0"
"named_recipe","True","True","Cooking","185","20626","Undermine Clam Chowder","11740","1023","Everyday Cooking","False","0","0"
"named_recipe","True","True","Cooking","185","20916","Mithril Head Trout","11873","1023","Everyday Cooking","False","0","0"
"named_recipe","True","True","Cooking","185","21143","Gingerbread Cookie","11977","58","Holiday Cooking","False","0","0"
"named_recipe","True","True","Cooking","185","21144","Winter Veil Eggnog","11976","58","Holiday Cooking","False","0","0"
"named_recipe","True","True","Cooking","185","21175","Spider Sausage","11997","1023","Everyday Cooking","False","0","0"
"named_recipe","True","True","Cooking","185","22480","Tender Wolf Steak","12236","1023","Everyday Cooking","False","0","0"
"named_recipe","True","True","Cooking","185","22761","Runn Tum Tuber Surprise","12304","1023","Everyday Cooking","False","0","0"
"named_recipe","True","True","Cooking","185","24418","Heavy Crocolisk Stew","12905","1023","Everyday Cooking","False","0","0"
"named_recipe","True","True","Cooking","185","24801","Smoked Desert Dumplings","13056","1023","Everyday Cooking","False","0","0"
"named_recipe","True","True","Cooking","185","25659","Dirge's Kickin' Chimaerok Chops","13343","1023","Everyday Cooking","False","0","0"
"named_recipe","True","True","Cooking","185","25704","Smoked Sagefish","13344","1023","Everyday Cooking","False","0","0"
"named_recipe","True","True","Cooking","185","25954","Sagefish Delight","13375","1023","Everyday Cooking","False","0","0"
"named_recipe","True","True","Enchanting","333","7418","Minor Health","4289","691","Bracer Enchantments","False","1","0"
"named_recipe","True","True","Enchanting","333","7420","Minor Health","4290","692","Chest Enchantments","False","0","0"
"named_recipe","True","True","Enchanting","333","7421","Runed Copper Rod","4291","697","Rods","False","1","0"
"named_recipe","True","True","Enchanting","333","7426","Minor Absorption","4292","692","Chest Enchantments","False","0","0"
"named_recipe","True","True","Enchanting","333","7428","Minor Dodge","4293","691","Bracer Enchantments","False","1","0"
"named_recipe","True","True","Enchanting","333","7443","Minor Mana","4297","692","Chest Enchantments","False","0","0"
"named_recipe","True","True","Enchanting","333","7457","Minor Stamina","4301","691","Bracer Enchantments","False","0","0"
"named_recipe","True","True","Enchanting","333","7745","Minor Impact","4368","695","Weapon Enchantments","False","0","0"
"named_recipe","True","True","Enchanting","333","7748","Lesser Health","4352","692","Chest Enchantments","False","0","0"
"named_recipe","True","True","Enchanting","333","7766","Minor Versatility","4360","691","Bracer Enchantments","False","0","0"
"named_recipe","True","True","Enchanting","333","7771","Minor Protection","4362","693","Cloak Enchantments","False","0","0"
"named_recipe","True","True","Enchanting","333","7776","Lesser Mana","4363","692","Chest Enchantments","False","0","0"
"named_recipe","True","True","Enchanting","333","7779","Minor Agility","4364","691","Bracer Enchantments","False","0","0"
"named_recipe","True","True","Enchanting","333","7782","Minor Strength","4365","691","Bracer Enchantments","False","0","0"
"named_recipe","True","True","Enchanting","333","7786","Minor Beastslayer","4366","695","Weapon Enchantments","False","0","0"
"named_recipe","True","True","Enchanting","333","7788","Minor Striking","4367","695","Weapon Enchantments","False","0","0"
"named_recipe","True","True","Enchanting","333","7793","Lesser Intellect","4369","695","Weapon Enchantments","False","0","0"
"named_recipe","True","True","Enchanting","333","7857","Health","4399","692","Chest Enchantments","False","0","0"
"named_recipe","True","True","Enchanting","333","7859","Lesser Versatility","4400","691","Bracer Enchantments","False","0","0"
"named_recipe","True","True","Enchanting","333","7863","Minor Stamina","4402","690","Boot Enchantments","False","0","0"
"named_recipe","True","True","Enchanting","333","7867","Minor Agility","4404","690","Boot Enchantments","False","0","0"
"named_recipe","True","True","Enchanting","333","13378","Minor Stamina","7356","696","Shield Enchantments","False","0","0"
"named_recipe","True","True","Enchanting","333","13380","Lesser Versatility","7357","695","Weapon Enchantments","False","0","0"
"named_recipe","True","True","Enchanting","333","13419","Minor Agility","7376","693","Cloak Enchantments","False","0","0"
"named_recipe","True","True","Enchanting","333","13421","Lesser Protection","7377","693","Cloak Enchantments","False","0","0"
"named_recipe","True","True","Enchanting","333","13464","Lesser Protection","7416","696","Shield Enchantments","False","0","0"
"named_recipe","True","True","Enchanting","333","13485","Lesser Versatility","7422","696","Shield Enchantments","False","0","0"
"named_recipe","True","True","Enchanting","333","13501","Lesser Stamina","7425","691","Bracer Enchantments","False","0","0"
"named_recipe","True","True","Enchanting","333","13503","Lesser Striking","7426","695","Weapon Enchantments","False","0","0"
"named_recipe","True","True","Enchanting","333","13529","Lesser Impact","7437","695","Weapon Enchantments","False","0","0"
"named_recipe","True","True","Enchanting","333","13536","Lesser Strength","7456","691","Bracer Enchantments","False","0","0"
"named_recipe","True","True","Enchanting","333","13538","Lesser Absorption","7457","692","Chest Enchantments","False","0","0"
"named_recipe","True","True","Enchanting","333","13607","Mana","7496","692","Chest Enchantments","False","0","0"
"named_recipe","True","True","Enchanting","333","13612","Mining","7497","694","Glove Enchantments","False","0","0"
"named_recipe","True","True","Enchanting","333","13617","Herbalism","7498","694","Glove Enchantments","False","0","0"
"named_recipe","True","True","Enchanting","333","13620","Fishing","7499","694","Glove Enchantments","False","0","0"
"named_recipe","True","True","Enchanting","333","13622","Lesser Intellect","7500","691","Bracer Enchantments","False","0","0"
"named_recipe","True","True","Enchanting","333","13626","Minor Stats","7501","692","Chest Enchantments","False","0","0"
"named_recipe","True","True","Enchanting","333","13631","Lesser Stamina","7503","696","Shield Enchantments","False","0","0"
"named_recipe","True","True","Enchanting","333","13635","Defense","7504","693","Cloak Enchantments","False","0","0"
"named_recipe","True","True","Enchanting","333","13637","Lesser Agility","7505","690","Boot Enchantments","False","0","0"
"named_recipe","True","True","Enchanting","333","13640","Greater Health","7506","692","Chest Enchantments","False","0","0"
"named_recipe","True","True","Enchanting","333","13642","Versatility","7507","691","Bracer Enchantments","False","0","0"
"named_recipe","True","True","Enchanting","333","13644","Lesser Stamina","7508","690","Boot Enchantments","False","0","0"
"named_recipe","True","True","Enchanting","333","13646","Lesser Dodge","7509","691","Bracer Enchantments","False","0","0"
"named_recipe","True","True","Enchanting","333","13648","Stamina","7510","691","Bracer Enchantments","False","0","0"
"named_recipe","True","True","Enchanting","333","13653","Lesser Beastslayer","7511","695","Weapon Enchantments","False","0","0"
"named_recipe","True","True","Enchanting","333","13655","Lesser Elemental Slayer","7512","695","Weapon Enchantments","False","0","0"
"named_recipe","True","True","Enchanting","333","13659","Versatility","7521","696","Shield Enchantments","False","0","0"
"named_recipe","True","True","Enchanting","333","13661","Strength","7522","691","Bracer Enchantments","False","0","0"
"named_recipe","True","True","Enchanting","333","13663","Greater Mana","7523","692","Chest Enchantments","False","0","0"
"named_recipe","True","True","Enchanting","333","13687","Lesser Versatility","7524","690","Boot Enchantments","False","0","0"
"named_recipe","True","True","Enchanting","333","13689","Lesser Parry","7528","696","Shield Enchantments","False","0","0"
"named_recipe","True","True","Enchanting","333","13693","Striking","7529","695","Weapon Enchantments","False","0","0"
"named_recipe","True","True","Enchanting","333","13695","Impact","7530","695","Weapon Enchantments","False","0","0"
"named_recipe","True","True","Enchanting","333","13698","Skinning","7531","694","Glove Enchantments","False","0","0"
"named_recipe","True","True","Enchanting","333","13700","Lesser Stats","7532","692","Chest Enchantments","False","0","0"
"named_recipe","True","True","Enchanting","333","13746","Greater Defense","7657","693","Cloak Enchantments","False","0","0"
"named_recipe","True","True","Enchanting","333","13815","Agility","7659","694","Glove Enchantments","False","0","0"
"named_recipe","True","True","Enchanting","333","13817","Stamina","7660","696","Shield Enchantments","False","0","0"
"named_recipe","True","True","Enchanting","333","13822","Intellect","7661","691","Bracer Enchantments","False","0","0"
"named_recipe","True","True","Enchanting","333","13836","Stamina","7662","690","Boot Enchantments","False","0","0"
"named_recipe","True","True","Enchanting","333","13841","Advanced Mining","7663","694","Glove Enchantments","False","0","0"
"named_recipe","True","True","Enchanting","333","13846","Greater Versatility","7664","691","Bracer Enchantments","False","0","0"
"named_recipe","True","True","Enchanting","333","13858","Superior Health","7665","692","Chest Enchantments","False","0","0"
"named_recipe","True","True","Enchanting","333","13868","Advanced Herbalism","7666","694","Glove Enchantments","False","0","0"
"named_recipe","True","True","Enchanting","333","13882","Lesser Agility","7667","693","Cloak Enchantments","False","0","0"
"named_recipe","True","True","Enchanting","333","13887","Strength","7668","694","Glove Enchantments","False","0","0"
"named_recipe","True","True","Enchanting","333","13890","Minor Speed","7669","690","Boot Enchantments","False","0","0"
"named_recipe","True","True","Enchanting","333","13898","Fiery Weapon","7670","695","Weapon Enchantments","False","0","0"
"named_recipe","True","True","Enchanting","333","13905","Greater Versatility","7671","696","Shield Enchantments","False","0","0"
"named_recipe","True","True","Enchanting","333","13915","Demonslaying","7672","695","Weapon Enchantments","False","0","0"
"named_recipe","True","True","Enchanting","333","13917","Superior Mana","7673","692","Chest Enchantments","False","0","0"
"named_recipe","True","True","Enchanting","333","13931","Dodge","7676","691","Bracer Enchantments","False","0","0"
"named_recipe","True","True","Enchanting","333","13935","Agility","7678","690","Boot Enchantments","False","0","0"
"named_recipe","True","True","Enchanting","333","13937","Greater Impact","7679","695","Weapon Enchantments","False","0","0"
"named_recipe","True","True","Enchanting","333","13939","Greater Strength","7680","691","Bracer Enchantments","False","0","0"
"named_recipe","True","True","Enchanting","333","13941","Stats","7681","692","Chest Enchantments","False","0","0"
"named_recipe","True","True","Enchanting","333","13943","Greater Striking","7682","695","Weapon Enchantments","False","0","0"
"named_recipe","True","True","Enchanting","333","13945","Greater Stamina","7683","691","Bracer Enchantments","False","0","0"
"named_recipe","True","True","Enchanting","333","13947","Riding Skill","7684","694","Glove Enchantments","False","0","0"
"named_recipe","True","True","Enchanting","333","13948","Minor Haste","7685","694","Glove Enchantments","False","0","0"
"named_recipe","True","True","Enchanting","333","14293","Lesser Magic Wand","7999","698","Wands","False","0","0"
"named_recipe","True","True","Enchanting","333","14807","Greater Magic Wand","8000","698","Wands","False","0","0"
"named_recipe","True","True","Enchanting","333","14809","Lesser Mystic Wand","8001","698","Wands","False","0","0"
"named_recipe","True","True","Enchanting","333","14810","Greater Mystic Wand","8002","698","Wands","False","0","0"
"named_recipe","True","True","Enchanting","333","15596","Smoking Heart of the Mountain","8440","700","Trinket","False","0","0"
"named_recipe","True","True","Enchanting","333","17180","Enchanted Thorium Bar","9598","701","Reagents","False","0","0"
"named_recipe","True","True","Enchanting","333","17181","Enchanted Leather","9597","701","Reagents","False","0","0"
"named_recipe","True","True","Enchanting","333","20008","Greater Intellect","11373","691","Bracer Enchantments","False","0","0"
"named_recipe","True","True","Enchanting","333","20009","Superior Versatility","11377","691","Bracer Enchantments","False","0","0"
"named_recipe","True","True","Enchanting","333","20010","Superior Strength","11388","691","Bracer Enchantments","False","0","0"
"named_recipe","True","True","Enchanting","333","20011","Superior Stamina","11393","691","Bracer Enchantments","False","0","0"
"named_recipe","True","True","Enchanting","333","20012","Greater Agility","11378","694","Glove Enchantments","False","0","0"
"named_recipe","True","True","Enchanting","333","20013","Greater Strength","11386","694","Glove Enchantments","False","0","0"
"named_recipe","True","True","Enchanting","333","20015","Superior Defense","11383","693","Cloak Enchantments","False","0","0"
"named_recipe","True","True","Enchanting","333","20016","Vitality","11381","696","Shield Enchantments","False","0","0"
"named_recipe","True","True","Enchanting","333","20017","Greater Stamina","11376","696","Shield Enchantments","False","0","0"
"named_recipe","True","True","Enchanting","333","20020","Greater Stamina","11374","690","Boot Enchantments","False","0","0"
"named_recipe","True","True","Enchanting","333","20023","Greater Agility","11387","690","Boot Enchantments","False","0","0"
"named_recipe","True","True","Enchanting","333","20024","Versatility","11379","690","Boot Enchantments","False","0","0"
"named_recipe","True","True","Enchanting","333","20025","Greater Stats","11395","692","Chest Enchantments","False","0","0"
"named_recipe","True","True","Enchanting","333","20026","Major Health","11380","692","Chest Enchantments","False","0","0"
"named_recipe","True","True","Enchanting","333","20028","Major Mana","11384","692","Chest Enchantments","False","0","0"
"named_recipe","True","True","Enchanting","333","20029","Icy Chill","11382","695","Weapon Enchantments","False","0","0"
"named_recipe","True","True","Enchanting","333","20030","Superior Impact","11389","695","Weapon Enchantments","False","0","0"
"named_recipe","True","True","Enchanting","333","20031","Superior Striking","11392","695","Weapon Enchantments","False","0","0"
"named_recipe","True","True","Enchanting","333","20032","Lifestealing","11396","695","Weapon Enchantments","False","0","0"
"named_recipe","True","True","Enchanting","333","20033","Unholy Weapon","11390","695","Weapon Enchantments","False","0","0"
"named_recipe","True","True","Enchanting","333","20034","Crusader","11394","695","Weapon Enchantments","False","0","0"
"named_recipe","True","True","Enchanting","333","20035","Major Versatility","11397","695","Weapon Enchantments","False","0","0"
"named_recipe","True","True","Enchanting","333","20036","Major Intellect","11391","695","Weapon Enchantments","False","0","0"
"named_recipe","True","True","Enchanting","333","21931","Winter's Might","12138","695","Weapon Enchantments","False","0","0"
"named_recipe","True","True","Enchanting","333","22749","Spellpower","12300","695","Weapon Enchantments","False","0","0"
"named_recipe","True","True","Enchanting","333","22750","Healing Power","12301","695","Weapon Enchantments","False","0","0"
"named_recipe","True","True","Enchanting","333","23799","Strength","12717","695","Weapon Enchantments","False","0","0"
"named_recipe","True","True","Enchanting","333","23800","Agility","12718","695","Weapon Enchantments","False","0","0"
"named_recipe","True","True","Enchanting","333","23801","Argent Versatility","12719","691","Bracer Enchantments","False","0","0"
"named_recipe","True","True","Enchanting","333","23802","Healing Power","12720","691","Bracer Enchantments","False","0","0"
"named_recipe","True","True","Enchanting","333","23803","Mighty Versatility","12721","695","Weapon Enchantments","False","0","0"
"named_recipe","True","True","Enchanting","333","23804","Mighty Intellect","12722","695","Weapon Enchantments","False","0","0"
"named_recipe","True","True","Enchanting","333","25073","Shadow Power","13122","694","Glove Enchantments","False","0","0"
"named_recipe","True","True","Enchanting","333","25074","Frost Power","13123","694","Glove Enchantments","False","0","0"
"named_recipe","True","True","Enchanting","333","25078","Fire Power","13124","694","Glove Enchantments","False","0","0"
"named_recipe","True","True","Enchanting","333","25079","Healing Power","13125","694","Glove Enchantments","False","0","0"
"named_recipe","True","True","Enchanting","333","25124","Minor Wizard Oil","13137","699","Oils","False","0","0"
"named_recipe","True","True","Enchanting","333","25125","Minor Mana Oil","13138","699","Oils","False","0","0"
"named_recipe","True","True","Enchanting","333","25126","Lesser Wizard Oil","13139","699","Oils","False","0","0"
"named_recipe","True","True","Enchanting","333","25127","Lesser Mana Oil","13140","699","Oils","False","0","0"
"named_recipe","True","True","Enchanting","333","25128","Wizard Oil","13141","699","Oils","False","0","0"
"named_recipe","True","True","Enchanting","333","25129","Brilliant Wizard Oil","13142","699","Oils","False","0","0"
"named_recipe","True","True","Enchanting","333","25130","Brilliant Mana Oil","13143","699","Oils","False","0","0"
"named_recipe","True","True","Enchanting","333","27837","Agility","13845","695","Weapon Enchantments","False","0","0"
"named_recipe","True","True","Enchanting","333","1261501","Tirisfal Hollow Campfire","56121","2304","House Decor","True","0","0"
"named_recipe","True","True","Enchanting","333","1270459","Darkmaster's Mystical Brazier","56874","2304","House Decor","True","0","0"
"named_recipe","True","True","Engineering","202","3918","Rough Blasting Powder","2413","183","Parts","False","1","0"
"named_recipe","True","True","Engineering","202","3919","Rough Dynamite","2414","184","Explosives","False","1","0"
"named_recipe","True","True","Engineering","202","3922","Handful of Copper Bolts","2417","183","Parts","False","0","0"
"named_recipe","True","True","Engineering","202","3923","Rough Copper Bomb","2418","184","Explosives","False","0","0"
"named_recipe","True","True","Engineering","202","3925","Rough Boomstick","2420","189","Guns & Bows","False","0","0"
"named_recipe","True","True","Engineering","202","3928","Mechanical Squirrel Box","2424","188","Devices","False","0","0"
"named_recipe","True","True","Engineering","202","3929","Coarse Blasting Powder","2425","183","Parts","False","0","0"
"named_recipe","True","True","Engineering","202","3931","Coarse Dynamite","2427","184","Explosives","False","0","0"
"named_recipe","True","True","Engineering","202","3932","Target Dummy","2428","188","Devices","False","0","0"
"named_recipe","True","True","Engineering","202","3933","Small Seaforium Charge","2429","184","Explosives","False","0","0"
"named_recipe","True","True","Engineering","202","3934","Flying Tiger Goggles","2430","185","Goggles","False","0","0"
"named_recipe","True","True","Engineering","202","3936","Deadly Blunderbuss","2431","189","Guns & Bows","False","0","0"
"named_recipe","True","True","Engineering","202","3937","Large Copper Bomb","2432","184","Explosives","False","0","0"
"named_recipe","True","True","Engineering","202","3938","Bronze Tube","2433","183","Parts","False","0","0"
"named_recipe","True","True","Engineering","202","3939","Lovingly Crafted Boomstick","2436","189","Guns & Bows","False","0","0"
"named_recipe","True","True","Engineering","202","3940","Shadow Goggles","2437","185","Goggles","False","0","0"
"named_recipe","True","True","Engineering","202","3941","Small Bronze Bomb","2438","184","Explosives","False","0","0"
"named_recipe","True","True","Engineering","202","3942","Whirring Bronze Gizmo","2439","183","Parts","False","0","0"
"named_recipe","True","True","Engineering","202","3944","Flame Deflector","2440","188","Devices","False","0","0"
"named_recipe","True","True","Engineering","202","3945","Heavy Blasting Powder","2441","183","Parts","False","0","0"
"named_recipe","True","True","Engineering","202","3946","Heavy Dynamite","2442","184","Explosives","False","0","0"
"named_recipe","True","True","Engineering","202","3949","Silver-plated Shotgun","2444","189","Guns & Bows","False","0","0"
"named_recipe","True","True","Engineering","202","3950","Big Bronze Bomb","2445","184","Explosives","False","0","0"
"named_recipe","True","True","Engineering","202","3952","Minor Recombobulator","2446","183","Parts","False","0","0"
"named_recipe","True","True","Engineering","202","3953","Bronze Framework","2447","183","Parts","False","0","0"
"named_recipe","True","True","Engineering","202","3954","Moonsight Rifle","2448","189","Guns & Bows","False","0","0"
"named_recipe","True","True","Engineering","202","3955","Explosive Sheep","2449","184","Explosives","False","0","0"
"named_recipe","True","True","Engineering","202","3956","Green Tinted Goggles","2450","185","Goggles","False","0","0"
"named_recipe","True","True","Engineering","202","3957","Ice Deflector","2451","188","Devices","False","0","0"
"named_recipe","True","True","Engineering","202","3958","Iron Strut","2452","183","Parts","False","0","0"
"named_recipe","True","True","Engineering","202","3959","Discombobulator Ray","2453","188","Devices","False","0","0"
"named_recipe","True","True","Engineering","202","3960","Portable Bronze Mortar","2454","184","Explosives","False","0","0"
"named_recipe","True","True","Engineering","202","3961","Gyrochronatom","2455","183","Parts","False","0","0"
"named_recipe","True","True","Engineering","202","3962","Iron Grenade","2456","184","Explosives","False","0","0"
"named_recipe","True","True","Engineering","202","3963","Compact Harvest Reaper Kit","2457","188","Devices","False","0","0"
"named_recipe","True","True","Engineering","202","3965","Advanced Target Dummy","2460","188","Devices","False","0","0"
"named_recipe","True","True","Engineering","202","3966","Craftsman's Monocle","2461","185","Goggles","False","0","0"
"named_recipe","True","True","Engineering","202","3967","Big Iron Bomb","2462","184","Explosives","False","0","0"
"named_recipe","True","True","Engineering","202","3968","Goblin Land Mine","2463","184","Explosives","False","0","0"
"named_recipe","True","True","Engineering","202","3969","Mechanical Dragonling","2464","188","Devices","False","0","0"
"named_recipe","True","True","Engineering","202","3971","Gnomish Cloaking Device","2465","188","Devices","False","0","0"
"named_recipe","True","True","Engineering","202","3972","Large Seaforium Charge","2466","184","Explosives","False","0","0"
"named_recipe","True","True","Engineering","202","3973","Silver Contact","2422","183","Parts","False","0","0"
"named_recipe","True","True","Engineering","202","3977","Crude Scope","2421","190","Scopes","False","0","0"
"named_recipe","True","True","Engineering","202","3978","Standard Scope","2435","190","Scopes","False","0","0"
"named_recipe","True","True","Engineering","202","3979","Accurate Scope","2459","190","Scopes","False","0","0"
"named_recipe","True","True","Engineering","202","6458","Ornate Spyglass","3945","188","Devices","False","0","0"
"named_recipe","True","True","Engineering","202","7430","Arclight Spanner","4294","191","Tools","False","0","0"
"named_recipe","True","True","Engineering","202","8243","Flash Bomb","4571","184","Explosives","False","0","0"
"named_recipe","True","True","Engineering","202","8334","Clockwork Box","4606","188","Devices","False","0","0"
"named_recipe","True","True","Engineering","202","8339","EZ-Thro Dynamite","4607","184","Explosives","False","0","0"
"named_recipe","True","True","Engineering","202","8895","Goblin Rocket Boots","4927","188","Devices","False","0","0"
"named_recipe","True","True","Engineering","202","9269","Gnomish Universal Remote","5066","188","Devices","False","0","0"
"named_recipe","True","True","Engineering","202","9271","Aquadynamic Fish Attractor","5067","188","Devices","False","0","0"
"named_recipe","True","True","Engineering","202","9273","Goblin Jumper Cables","5068","188","Devices","False","0","0"
"named_recipe","True","True","Engineering","202","12584","Gold Power Core","6857","183","Parts","False","0","0"
"named_recipe","True","True","Engineering","202","12585","Solid Blasting Powder","6858","183","Parts","False","0","0"
"named_recipe","True","True","Engineering","202","12586","Solid Dynamite","6859","184","Explosives","False","0","0"
"named_recipe","True","True","Engineering","202","12587","Bright-Eye Goggles","6860","185","Goggles","False","0","0"
"named_recipe","True","True","Engineering","202","12589","Mithril Tube","6862","183","Parts","False","0","0"
"named_recipe","True","True","Engineering","202","12590","Gyromatic Micro-Adjustor","6861","191","Tools","False","0","0"
"named_recipe","True","True","Engineering","202","12591","Unstable Trigger","6863","183","Parts","False","0","0"
"named_recipe","True","True","Engineering","202","12594","Fire Goggles","6864","185","Goggles","False","0","0"
"named_recipe","True","True","Engineering","202","12595","Mithril Blunderbuss","6865","189","Guns & Bows","False","0","0"
"named_recipe","True","True","Engineering","202","12597","Deadly Scope","6867","190","Scopes","False","0","0"
"named_recipe","True","True","Engineering","202","12599","Mithril Casing","6868","183","Parts","False","0","0"
"named_recipe","True","True","Engineering","202","12603","Mithril Frag Bomb","6869","184","Explosives","False","0","0"
"named_recipe","True","True","Engineering","202","12607","Catseye Ultra Goggles","6870","185","Goggles","False","0","0"
"named_recipe","True","True","Engineering","202","12614","Mithril Heavy-bore Rifle","6871","189","Guns & Bows","False","0","0"
"named_recipe","True","True","Engineering","202","12615","Spellpower Goggles Xtreme","6872","185","Goggles","False","0","0"
"named_recipe","True","True","Engineering","202","12616","Parachute Cloak","6873","188","Devices","False","0","0"
"named_recipe","True","True","Engineering","202","12617","Deepdive Helmet","6874","188","Devices","False","0","0"
"named_recipe","True","True","Engineering","202","12618","Rose Colored Goggles","6875","185","Goggles","False","0","0"
"named_recipe","True","True","Engineering","202","12619","Hi-Explosive Bomb","6876","184","Explosives","False","0","0"
"named_recipe","True","True","Engineering","202","12620","Sniper Scope","6877","190","Scopes","False","0","0"
"named_recipe","True","True","Engineering","202","12622","Green Lens","6879","185","Goggles","False","0","0"
"named_recipe","True","True","Engineering","202","12624","Mithril Mechanical Dragonling","6880","188","Devices","False","0","0"
"named_recipe","True","True","Engineering","202","12715","Goblin Rocket Fuel Recipe","6938","183","Parts","False","0","0"
"named_recipe","True","True","Engineering","202","12716","Goblin Mortar","6939","184","Explosives","False","0","0"
"named_recipe","True","True","Engineering","202","12717","Goblin Mining Helmet","6940","188","Devices","False","0","0"
"named_recipe","True","True","Engineering","202","12718","Goblin Construction Helmet","6943","188","Devices","False","0","0"
"named_recipe","True","True","Engineering","202","12754","The Big One","6949","184","Explosives","False","0","0"
"named_recipe","True","True","Engineering","202","12755","Goblin Bomb Dispenser","6948","184","Explosives","False","0","0"
"named_recipe","True","True","Engineering","202","12758","Goblin Rocket Helmet","6951","188","Devices","False","0","0"
"named_recipe","True","True","Engineering","202","12759","Gnomish Death Ray","6950","188","Devices","False","0","0"
"named_recipe","True","True","Engineering","202","12760","Goblin Sapper Charge","6944","184","Explosives","False","0","0"
"named_recipe","True","True","Engineering","202","12895","Inlaid Mithril Cylinder Plans","7063","183","Parts","False","0","0"
"named_recipe","True","True","Engineering","202","12897","Gnomish Goggles","7064","185","Goggles","False","0","0"
"named_recipe","True","True","Engineering","202","12899","Gnomish Shrink Ray","7065","188","Devices","False","0","0"
"named_recipe","True","True","Engineering","202","12900","Mobile Alarm","7066","188","Devices","False","0","0"
"named_recipe","True","True","Engineering","202","12902","Gnomish Net-o-Matic Projector","7067","188","Devices","False","0","0"
"named_recipe","True","True","Engineering","202","12903","Gnomish Harm Prevention Belt","7068","188","Devices","False","0","0"
"named_recipe","True","True","Engineering","202","12905","Gnomish Rocket Boots","7070","188","Devices","False","0","0"
"named_recipe","True","True","Engineering","202","12906","Gnomish Battle Chicken","7071","188","Devices","False","0","0"
"named_recipe","True","True","Engineering","202","12907","Gnomish Mind Control Cap","7072","188","Devices","False","0","0"
"named_recipe","True","True","Engineering","202","12908","Goblin Dragon Gun","7073","184","Explosives","False","0","0"
"named_recipe","True","True","Engineering","202","13240","The Mortar: Reloaded","7296","184","Explosives","False","0","0"
"named_recipe","True","True","Engineering","202","15255","Mechanical Repair Kit","8196","188","Devices","False","0","0"
"named_recipe","True","True","Engineering","202","15628","Pet Bombling","8465","188","Devices","False","0","0"
"named_recipe","True","True","Engineering","202","15633","Lil' Smoky","8464","188","Devices","False","0","0"
"named_recipe","True","True","Engineering","202","19788","Dense Blasting Powder","11228","183","Parts","False","0","0"
"named_recipe","True","True","Engineering","202","19790","Thorium Grenade","11229","184","Explosives","False","0","0"
"named_recipe","True","True","Engineering","202","19791","Thorium Widget","11231","183","Parts","False","0","0"
"named_recipe","True","True","Engineering","202","19792","Thorium Rifle","11230","189","Guns & Bows","False","0","0"
"named_recipe","True","True","Engineering","202","19793","Lifelike Mechanical Toad","11232","188","Devices","False","0","0"
"named_recipe","True","True","Engineering","202","19794","Spellpower Goggles Xtreme Plus","11233","185","Goggles","False","0","0"
"named_recipe","True","True","Engineering","202","19795","Thorium Tube","11236","183","Parts","False","0","0"
"named_recipe","True","True","Engineering","202","19796","Dark Iron Rifle","11234","189","Guns & Bows","False","0","0"
"named_recipe","True","True","Engineering","202","19799","Dark Iron Bomb","11238","184","Explosives","False","0","0"
"named_recipe","True","True","Engineering","202","19814","Masterwork Target Dummy","11235","188","Devices","False","0","0"
"named_recipe","True","True","Engineering","202","19815","Delicate Arcanite Converter","11237","183","Parts","False","0","0"
"named_recipe","True","True","Engineering","202","19819","Voice Amplification Modulator","11240","188","Devices","False","0","0"
"named_recipe","True","True","Engineering","202","19825","Master Engineer's Goggles","11243","185","Goggles","False","0","0"
"named_recipe","True","True","Engineering","202","19830","Arcanite Dragonling","11242","188","Devices","False","0","0"
"named_recipe","True","True","Engineering","202","19831","Arcane Bomb","11241","184","Explosives","False","0","0"
"named_recipe","True","True","Engineering","202","19833","Flawless Arcanite Rifle","11244","189","Guns & Bows","False","0","0"
"named_recipe","True","True","Engineering","202","21940","Snowmaster 9000","12139","188","Devices","False","0","0"
"named_recipe","True","True","Engineering","202","22704","Field Repair Bot 74A","12296","188","Devices","False","0","0"
"named_recipe","True","True","Engineering","202","22793","Biznicks 247x128 Accurascope","12319","190","Scopes","False","0","0"
"named_recipe","True","True","Engineering","202","22795","Core Marksman Rifle","12320","189","Guns & Bows","False","0","0"
"named_recipe","True","True","Engineering","202","22797","Force Reactive Disk","12321","188","Devices","False","0","0"
"named_recipe","True","True","Engineering","202","23066","Red Firework","12420","194","Fireworks","False","0","0"
"named_recipe","True","True","Engineering","202","23067","Blue Firework","12422","194","Fireworks","False","0","0"
"named_recipe","True","True","Engineering","202","23068","Green Firework","12421","194","Fireworks","False","0","0"
"named_recipe","True","True","Engineering","202","23069","EZ-Thro Dynamite II","12423","184","Explosives","False","0","0"
"named_recipe","True","True","Engineering","202","23070","Dense Dynamite","12424","184","Explosives","False","0","0"
"named_recipe","True","True","Engineering","202","23071","Truesilver Transformer","12425","183","Parts","False","0","0"
"named_recipe","True","True","Engineering","202","23077","Gyrofreeze Ice Reflector","12426","188","Devices","False","0","0"
"named_recipe","True","True","Engineering","202","23078","Goblin Jumper Cables XL","12427","188","Devices","False","0","0"
"named_recipe","True","True","Engineering","202","23079","Major Recombobulator","12428","188","Devices","False","0","0"
"named_recipe","True","True","Engineering","202","23080","Powerful Seaforium Charge","12429","184","Explosives","False","0","0"
"named_recipe","True","True","Engineering","202","23081","Hyper-Radiant Flame Reflector","12430","188","Devices","False","0","0"
"named_recipe","True","True","Engineering","202","23082","Ultra-Flash Shadow Reflector","12431","188","Devices","False","0","0"
"named_recipe","True","True","Engineering","202","23096","Gnomish Alarm-o-Bot","12432","188","Devices","False","0","0"
"named_recipe","True","True","Engineering","202","23129","World Enlarger","12451","188","Devices","False","0","0"
"named_recipe","True","True","Engineering","202","23486","Dimensional Ripper - Everlook","12618","188","Devices","False","0","0"
"named_recipe","True","True","Engineering","202","23489","Ultrasafe Transporter - Gadgetzan","12617","188","Devices","False","0","0"
"named_recipe","True","True","Engineering","202","23507","Snake Burst Firework","12636","194","Fireworks","False","0","0"
"named_recipe","True","True","Engineering","202","24356","Bloodvine Goggles","12890","185","Goggles","False","0","0"
"named_recipe","True","True","Engineering","202","24357","Bloodvine Lens","12891","185","Goggles","False","0","0"
"named_recipe","True","True","Engineering","202","26011","Tranquil Mechanical Yeti","13381","188","Devices","False","0","0"
"named_recipe","True","True","Engineering","202","26416","Small Blue Rocket","13424","194","Fireworks","False","0","0"
"named_recipe","True","True","Engineering","202","26417","Small Green Rocket","13425","194","Fireworks","False","0","0"
"named_recipe","True","True","Engineering","202","26418","Small Red Rocket","13426","194","Fireworks","False","0","0"
"named_recipe","True","True","Engineering","202","26420","Large Blue Rocket","13427","194","Fireworks","False","0","0"
"named_recipe","True","True","Engineering","202","26421","Large Green Rocket","13428","194","Fireworks","False","0","0"
"named_recipe","True","True","Engineering","202","26422","Large Red Rocket","13429","194","Fireworks","False","0","0"
"named_recipe","True","True","Engineering","202","26423","Blue Rocket Cluster","13430","194","Fireworks","False","0","0"
"named_recipe","True","True","Engineering","202","26424","Green Rocket Cluster","13431","194","Fireworks","False","0","0"
"named_recipe","True","True","Engineering","202","26425","Red Rocket Cluster","13432","194","Fireworks","False","0","0"
"named_recipe","True","True","Engineering","202","26426","Large Blue Rocket Cluster","13433","194","Fireworks","False","0","0"
"named_recipe","True","True","Engineering","202","26427","Large Green Rocket Cluster","13434","194","Fireworks","False","0","0"
"named_recipe","True","True","Engineering","202","26428","Large Red Rocket Cluster","13435","194","Fireworks","False","0","0"
"named_recipe","True","True","Engineering","202","26442","Firework Launcher","13436","194","Fireworks","False","0","0"
"named_recipe","True","True","Engineering","202","26443","Cluster Launcher","13437","194","Fireworks","False","0","0"
"named_recipe","True","True","Engineering","202","28327","Steam Tonk Controller","13930","188","Devices","False","0","0"
"named_recipe","True","True","Engineering","202","1261504","Gnomish Steam-Powered Bed","56122","2305","House Decor","True","0","0"
"named_recipe","True","True","Engineering","202","1261509","Dark Iron Table Saw","56123","2305","House Decor","True","0","0"
"named_recipe","True","True","Inscription","773","1261549","Brill Coffin Lid","56124","2300","House Decor","True","0","0"
"named_recipe","True","True","Inscription","773","1261572","Brill Coffin","56126","2300","House Decor","True","0","0"
"named_recipe","True","True","Inscription","773","1261587","Kharanos Bookcase","56132","2300","House Decor","True","0","0"
"named_recipe","True","True","Inscription","773","1261644","Wooden Ironforge Table","56133","2300","House Decor","True","0","0"
"named_recipe","True","True","Inscription","773","1269495","Thunder Bluff Totem","56856","2300","House Decor","True","0","0"
"named_recipe","True","True","Jewelcrafting","755","1261659","Ironforge Chandelier","56136","2306","House Decor","True","0","0"
"named_recipe","True","True","Jewelcrafting","755","1261667","Blackrock Lamppost","56137","2306","House Decor","True","0","0"
"named_recipe","True","True","Leatherworking","165","2149","Handstitched Leather Boots","1353","258","Boots","False","1","0"
"named_recipe","True","True","Leatherworking","165","2152","Light Armor Kit","1356","249","Armor Kits","False","1","0"
"named_recipe","True","True","Leatherworking","165","2153","Handstitched Leather Pants","1355","257","Pants","False","0","0"
"named_recipe","True","True","Leatherworking","165","2158","Fine Leather Boots","1359","258","Boots","False","0","0"
"named_recipe","True","True","Leatherworking","165","2159","Fine Leather Cloak","1360","259","Cloaks","False","0","0"
"named_recipe","True","True","Leatherworking","165","2160","Embossed Leather Vest","1362","253","Chest","False","0","0"
"named_recipe","True","True","Leatherworking","165","2161","Embossed Leather Boots","1363","258","Boots","False","0","0"
"named_recipe","True","True","Leatherworking","165","2162","Embossed Leather Cloak","1364","259","Cloaks","False","0","0"
"named_recipe","True","True","Leatherworking","165","2163","White Leather Jerkin","1365","253","Chest","False","0","0"
"named_recipe","True","True","Leatherworking","165","2164","Fine Leather Gloves","1366","255","Gloves","False","0","0"
"named_recipe","True","True","Leatherworking","165","2165","Medium Armor Kit","1367","249","Armor Kits","False","0","0"
"named_recipe","True","True","Leatherworking","165","2166","Toughened Leather Armor","1368","253","Chest","False","0","0"
"named_recipe","True","True","Leatherworking","165","2167","Dark Leather Boots","1369","258","Boots","False","0","0"
"named_recipe","True","True","Leatherworking","165","2168","Dark Leather Cloak","1370","259","Cloaks","False","0","0"
"named_recipe","True","True","Leatherworking","165","2169","Dark Leather Tunic","1371","253","Chest","False","0","0"
"named_recipe","True","True","Leatherworking","165","2881","Light Leather","1708","247","Materials","False","1","0"
"named_recipe","True","True","Leatherworking","165","3753","Handstitched Leather Belt","2162","256","Belts","False","0","0"
"named_recipe","True","True","Leatherworking","165","3756","Embossed Leather Gloves","2164","255","Gloves","False","0","0"
"named_recipe","True","True","Leatherworking","165","3759","Embossed Leather Pants","2167","257","Pants","False","0","0"
"named_recipe","True","True","Leatherworking","165","3760","Hillman's Cloak","2168","259","Cloaks","False","0","0"
"named_recipe","True","True","Leatherworking","165","3761","Fine Leather Tunic","2170","253","Chest","False","0","0"
"named_recipe","True","True","Leatherworking","165","3762","Hillman's Leather Vest","2171","253","Chest","False","0","0"
"named_recipe","True","True","Leatherworking","165","3763","Fine Leather Belt","2172","256","Belts","False","0","0"
"named_recipe","True","True","Leatherworking","165","3764","Hillman's Leather Gloves","2173","255","Gloves","False","0","0"
"named_recipe","True","True","Leatherworking","165","3765","Dark Leather Gloves","2174","255","Gloves","False","0","0"
"named_recipe","True","True","Leatherworking","165","3766","Dark Leather Belt","2175","256","Belts","False","0","0"
"named_recipe","True","True","Leatherworking","165","3767","Hillman's Belt","2176","256","Belts","False","0","0"
"named_recipe","True","True","Leatherworking","165","3768","Hillman's Shoulders","2177","252","Shoulders","False","0","0"
"named_recipe","True","True","Leatherworking","165","3769","Dark Leather Shoulders","2178","252","Shoulders","False","0","0"
"named_recipe","True","True","Leatherworking","165","3770","Toughened Leather Gloves","2179","255","Gloves","False","0","0"
"named_recipe","True","True","Leatherworking","165","3771","Barbaric Gloves","2180","255","Gloves","False","0","0"
"named_recipe","True","True","Leatherworking","165","3772","Green Leather Armor","2181","253","Chest","False","0","0"
"named_recipe","True","True","Leatherworking","165","3773","Guardian Armor","2182","253","Chest","False","0","0"
"named_recipe","True","True","Leatherworking","165","3774","Green Leather Belt","2183","256","Belts","False","0","0"
"named_recipe","True","True","Leatherworking","165","3775","Guardian Belt","2184","256","Belts","False","0","0"
"named_recipe","True","True","Leatherworking","165","3776","Green Leather Bracers","2185","254","Bracers","False","0","0"
"named_recipe","True","True","Leatherworking","165","3777","Guardian Leather Bracers","2186","254","Bracers","False","0","0"
"named_recipe","True","True","Leatherworking","165","3778","Gem-studded Leather Belt","2187","256","Belts","False","0","0"
"named_recipe","True","True","Leatherworking","165","3779","Barbaric Belt","2188","256","Belts","False","0","0"
"named_recipe","True","True","Leatherworking","165","3780","Heavy Armor Kit","2199","249","Armor Kits","False","0","0"
"named_recipe","True","True","Leatherworking","165","3816","Cured Light Hide","2195","247","Materials","False","0","0"
"named_recipe","True","True","Leatherworking","165","3817","Cured Medium Hide","2196","247","Materials","False","0","0"
"named_recipe","True","True","Leatherworking","165","3818","Cured Heavy Hide","2197","247","Materials","False","0","0"
"named_recipe","True","True","Leatherworking","165","4096","Raptor Hide Harness","2502","253","Chest","False","0","0"
"named_recipe","True","True","Leatherworking","165","4097","Raptor Hide Belt","2500","256","Belts","False","0","0"
"named_recipe","True","True","Leatherworking","165","5244","Kodo Hide Bag","3343","250","Bags","False","0","0"
"named_recipe","True","True","Leatherworking","165","6661","Barbaric Harness","4010","253","Chest","False","0","0"
"named_recipe","True","True","Leatherworking","165","6702","Murloc Scale Belt","4026","256","Belts","False","0","0"
"named_recipe","True","True","Leatherworking","165","6703","Murloc Scale Breastplate","4028","253","Chest","False","0","0"
"named_recipe","True","True","Leatherworking","165","6704","Thick Murloc Armor","4029","253","Chest","False","0","0"
"named_recipe","True","True","Leatherworking","165","6705","Murloc Scale Bracers","4027","254","Bracers","False","0","0"
"named_recipe","True","True","Leatherworking","165","7126","Handstitched Leather Vest","4156","253","Chest","False","1","0"
"named_recipe","True","True","Leatherworking","165","7133","Fine Leather Pants","4158","257","Pants","False","0","0"
"named_recipe","True","True","Leatherworking","165","7135","Dark Leather Pants","4159","257","Pants","False","0","0"
"named_recipe","True","True","Leatherworking","165","7147","Guardian Pants","4160","257","Pants","False","0","0"
"named_recipe","True","True","Leatherworking","165","7149","Barbaric Leggings","4161","257","Pants","False","0","0"
"named_recipe","True","True","Leatherworking","165","7151","Barbaric Shoulders","4163","252","Shoulders","False","0","0"
"named_recipe","True","True","Leatherworking","165","7153","Guardian Cloak","4164","259","Cloaks","False","0","0"
"named_recipe","True","True","Leatherworking","165","7156","Guardian Gloves","4165","255","Gloves","False","0","0"
"named_recipe","True","True","Leatherworking","165","7953","Deviate Scale Cloak","4420","259","Cloaks","False","0","0"
"named_recipe","True","True","Leatherworking","165","7954","Deviate Scale Gloves","4421","255","Gloves","False","0","0"
"named_recipe","True","True","Leatherworking","165","7955","Deviate Scale Belt","4419","256","Belts","False","0","0"
"named_recipe","True","True","Leatherworking","165","8322","Moonglow Vest","4589","253","Chest","False","0","0"
"named_recipe","True","True","Leatherworking","165","9058","Handstitched Leather Cloak","4987","259","Cloaks","False","1","0"
"named_recipe","True","True","Leatherworking","165","9059","Handstitched Leather Bracers","4988","254","Bracers","False","1","0"
"named_recipe","True","True","Leatherworking","165","9064","Rugged Leather Pants","4991","257","Pants","False","0","0"
"named_recipe","True","True","Leatherworking","165","9065","Light Leather Bracers","4992","254","Bracers","False","0","0"
"named_recipe","True","True","Leatherworking","165","9068","Light Leather Pants","4993","257","Pants","False","0","0"
"named_recipe","True","True","Leatherworking","165","9070","Black Whelp Cloak","4994","259","Cloaks","False","0","0"
"named_recipe","True","True","Leatherworking","165","9072","Red Whelp Gloves","4995","255","Gloves","False","0","0"
"named_recipe","True","True","Leatherworking","165","9074","Nimble Leather Gloves","4996","255","Gloves","False","0","0"
"named_recipe","True","True","Leatherworking","165","9145","Fletcher's Gloves","5026","255","Gloves","False","0","0"
"named_recipe","True","True","Leatherworking","165","9146","Herbalist's Gloves","5027","255","Gloves","False","0","0"
"named_recipe","True","True","Leatherworking","165","9147","Earthen Leather Shoulders","5028","252","Shoulders","False","0","0"
"named_recipe","True","True","Leatherworking","165","9148","Pilferer's Gloves","5029","255","Gloves","False","0","0"
"named_recipe","True","True","Leatherworking","165","9149","Heavy Earthen Gloves","5030","255","Gloves","False","0","0"
"named_recipe","True","True","Leatherworking","165","9195","Dusky Leather Leggings","5049","257","Pants","False","0","0"
"named_recipe","True","True","Leatherworking","165","9196","Dusky Leather Armor","5050","253","Chest","False","0","0"
"named_recipe","True","True","Leatherworking","165","9197","Green Whelp Armor","5051","253","Chest","False","0","0"
"named_recipe","True","True","Leatherworking","165","9198","Frost Leather Cloak","5052","259","Cloaks","False","0","0"
"named_recipe","True","True","Leatherworking","165","9201","Dusky Bracers","5053","254","Bracers","False","0","0"
"named_recipe","True","True","Leatherworking","165","9202","Green Whelp Bracers","5054","254","Bracers","False","0","0"
"named_recipe","True","True","Leatherworking","165","9206","Dusky Belt","5055","256","Belts","False","0","0"
"named_recipe","True","True","Leatherworking","165","9207","Dusky Boots","5056","258","Boots","False","0","0"
"named_recipe","True","True","Leatherworking","165","9208","Swift Boots","5057","258","Boots","False","0","0"
"named_recipe","True","True","Leatherworking","165","10482","Cured Thick Hide","5666","247","Materials","False","0","0"
"named_recipe","True","True","Leatherworking","165","10487","Thick Armor Kit","5667","249","Armor Kits","False","0","0"
"named_recipe","True","True","Leatherworking","165","10490","Comfortable Leather Hat","5668","251","Helms","False","0","0"
"named_recipe","True","True","Leatherworking","165","10499","Nightscape Tunic","5669","253","Chest","False","0","0"
"named_recipe","True","True","Leatherworking","165","10507","Nightscape Headband","5670","251","Helms","False","0","0"
"named_recipe","True","True","Leatherworking","165","10509","Turtle Scale Gloves","5671","255","Gloves","False","0","0"
"named_recipe","True","True","Leatherworking","165","10511","Turtle Scale Breastplate","5672","253","Chest","False","0","0"
"named_recipe","True","True","Leatherworking","165","10516","Nightscape Shoulders","5673","252","Shoulders","False","0","0"
"named_recipe","True","True","Leatherworking","165","10518","Turtle Scale Bracers","5674","254","Bracers","False","0","0"
"named_recipe","True","True","Leatherworking","165","10520","Big Voodoo Robe","5675","253","Chest","False","0","0"
"named_recipe","True","True","Leatherworking","165","10525","Tough Scorpid Breastplate","5676","253","Chest","False","0","0"
"named_recipe","True","True","Leatherworking","165","10529","Wild Leather Shoulders","5677","252","Shoulders","False","0","0"
"named_recipe","True","True","Leatherworking","165","10531","Big Voodoo Mask","5678","251","Helms","False","0","0"
"named_recipe","True","True","Leatherworking","165","10533","Tough Scorpid Bracers","5679","254","Bracers","False","0","0"
"named_recipe","True","True","Leatherworking","165","10542","Tough Scorpid Gloves","5680","255","Gloves","False","0","0"
"named_recipe","True","True","Leatherworking","165","10544","Wild Leather Vest","5681","253","Chest","False","0","0"
"named_recipe","True","True","Leatherworking","165","10546","Wild Leather Helmet","5682","251","Helms","False","0","0"
"named_recipe","True","True","Leatherworking","165","10548","Nightscape Pants","5685","257","Pants","False","0","0"
"named_recipe","True","True","Leatherworking","165","10550","Nightscape Cloak","5686","259","Cloaks","False","0","0"
"named_recipe","True","True","Leatherworking","165","10552","Turtle Scale Helm","5687","251","Helms","False","0","0"
"named_recipe","True","True","Leatherworking","165","10554","Tough Scorpid Boots","5689","258","Boots","False","0","0"
"named_recipe","True","True","Leatherworking","165","10556","Turtle Scale Leggings","5690","257","Pants","False","0","0"
"named_recipe","True","True","Leatherworking","165","10558","Nightscape Boots","5691","258","Boots","False","0","0"
"named_recipe","True","True","Leatherworking","165","10560","Big Voodoo Pants","5692","257","Pants","False","0","0"
"named_recipe","True","True","Leatherworking","165","10562","Big Voodoo Cloak","5693","259","Cloaks","False","0","0"
"named_recipe","True","True","Leatherworking","165","10564","Tough Scorpid Shoulders","5694","252","Shoulders","False","0","0"
"named_recipe","True","True","Leatherworking","165","10566","Wild Leather Boots","5695","258","Boots","False","0","0"
"named_recipe","True","True","Leatherworking","165","10568","Tough Scorpid Leggings","5696","257","Pants","False","0","0"
"named_recipe","True","True","Leatherworking","165","10570","Tough Scorpid Helm","5697","251","Helms","False","0","0"
"named_recipe","True","True","Leatherworking","165","10572","Wild Leather Leggings","5698","257","Pants","False","0","0"
"named_recipe","True","True","Leatherworking","165","10574","Wild Leather Cloak","5699","259","Cloaks","False","0","0"
"named_recipe","True","True","Leatherworking","165","10619","Dragonscale Gauntlets","5683","255","Gloves","False","0","0"
"named_recipe","True","True","Leatherworking","165","10621","Wolfshead Helm","5684","251","Helms","False","0","0"
"named_recipe","True","True","Leatherworking","165","10630","Gauntlets of the Sea","5688","255","Gloves","False","0","0"
"named_recipe","True","True","Leatherworking","165","10632","Helm of Fire","5700","251","Helms","False","0","0"
"named_recipe","True","True","Leatherworking","165","10647","Feathered Breastplate","5701","253","Chest","False","0","0"
"named_recipe","True","True","Leatherworking","165","10650","Dragonscale Breastplate","5702","253","Chest","False","0","0"
"named_recipe","True","True","Leatherworking","165","19047","Cured Rugged Hide","10756","247","Materials","False","0","0"
"named_recipe","True","True","Leatherworking","165","19048","Heavy Scorpid Bracers","10758","254","Bracers","False","0","0"
"named_recipe","True","True","Leatherworking","165","19049","Wicked Leather Gauntlets","10759","255","Gloves","False","0","0"
"named_recipe","True","True","Leatherworking","165","19050","Green Dragonscale Breastplate","10760","253","Chest","False","0","0"
"named_recipe","True","True","Leatherworking","165","19051","Heavy Scorpid Vest","10761","253","Chest","False","0","0"
"named_recipe","True","True","Leatherworking","165","19052","Wicked Leather Bracers","10762","254","Bracers","False","0","0"
"named_recipe","True","True","Leatherworking","165","19053","Chimeric Gloves","10763","255","Gloves","False","0","0"
"named_recipe","True","True","Leatherworking","165","19054","Red Dragonscale Breastplate","10764","253","Chest","False","0","0"
"named_recipe","True","True","Leatherworking","165","19055","Runic Leather Gauntlets","10765","255","Gloves","False","0","0"
"named_recipe","True","True","Leatherworking","165","19058","Rugged Armor Kit","10757","249","Armor Kits","False","0","0"
"named_recipe","True","True","Leatherworking","165","19059","Volcanic Leggings","10766","257","Pants","False","0","0"
"named_recipe","True","True","Leatherworking","165","19060","Green Dragonscale Leggings","10767","257","Pants","False","0","0"
"named_recipe","True","True","Leatherworking","165","19061","Living Shoulders","10768","252","Shoulders","False","0","0"
"named_recipe","True","True","Leatherworking","165","19062","Ironfeather Shoulders","10769","252","Shoulders","False","0","0"
"named_recipe","True","True","Leatherworking","165","19063","Chimeric Boots","10770","258","Boots","False","0","0"
"named_recipe","True","True","Leatherworking","165","19064","Heavy Scorpid Gauntlets","10771","255","Gloves","False","0","0"
"named_recipe","True","True","Leatherworking","165","19065","Runic Leather Bracers","10772","254","Bracers","False","0","0"
"named_recipe","True","True","Leatherworking","165","19066","Frostsaber Boots","10773","258","Boots","False","0","0"
"named_recipe","True","True","Leatherworking","165","19067","Stormshroud Pants","10774","257","Pants","False","0","0"
"named_recipe","True","True","Leatherworking","165","19068","Warbear Harness","10775","253","Chest","False","0","0"
"named_recipe","True","True","Leatherworking","165","19070","Heavy Scorpid Belt","10776","256","Belts","False","0","0"
"named_recipe","True","True","Leatherworking","165","19071","Wicked Leather Headband","10777","251","Helms","False","0","0"
"named_recipe","True","True","Leatherworking","165","19072","Runic Leather Belt","10778","256","Belts","False","0","0"
"named_recipe","True","True","Leatherworking","165","19073","Chimeric Leggings","10779","257","Pants","False","0","0"
"named_recipe","True","True","Leatherworking","165","19074","Frostsaber Leggings","10780","257","Pants","False","0","0"
"named_recipe","True","True","Leatherworking","165","19075","Heavy Scorpid Leggings","10781","257","Pants","False","0","0"
"named_recipe","True","True","Leatherworking","165","19076","Volcanic Breastplate","10782","253","Chest","False","0","0"
"named_recipe","True","True","Leatherworking","165","19077","Blue Dragonscale Breastplate","10783","253","Chest","False","0","0"
"named_recipe","True","True","Leatherworking","165","19078","Living Leggings","10784","257","Pants","False","0","0"
"named_recipe","True","True","Leatherworking","165","19079","Stormshroud Armor","10785","253","Chest","False","0","0"
"named_recipe","True","True","Leatherworking","165","19080","Warbear Woolies","10786","257","Pants","False","0","0"
"named_recipe","True","True","Leatherworking","165","19081","Chimeric Vest","10787","253","Chest","False","0","0"
"named_recipe","True","True","Leatherworking","165","19082","Runic Leather Headband","10791","251","Helms","False","0","0"
"named_recipe","True","True","Leatherworking","165","19083","Wicked Leather Pants","10792","257","Pants","False","0","0"
"named_recipe","True","True","Leatherworking","165","19084","Devilsaur Gauntlets","10789","255","Gloves","False","0","0"
"named_recipe","True","True","Leatherworking","165","19085","Black Dragonscale Breastplate","10788","253","Chest","False","0","0"
"named_recipe","True","True","Leatherworking","165","19086","Ironfeather Breastplate","10790","253","Chest","False","0","0"
"named_recipe","True","True","Leatherworking","165","19087","Frostsaber Gloves","10794","255","Gloves","False","0","0"
"named_recipe","True","True","Leatherworking","165","19088","Heavy Scorpid Helm","10795","251","Helms","False","0","0"
"named_recipe","True","True","Leatherworking","165","19089","Blue Dragonscale Shoulders","10793","252","Shoulders","False","0","0"
"named_recipe","True","True","Leatherworking","165","19090","Stormshroud Shoulders","10796","252","Shoulders","False","0","0"
"named_recipe","True","True","Leatherworking","165","19091","Runic Leather Pants","10801","257","Pants","False","0","0"
"named_recipe","True","True","Leatherworking","165","19092","Wicked Leather Belt","10802","256","Belts","False","0","0"
"named_recipe","True","True","Leatherworking","165","19093","Onyxia Scale Cloak","10800","259","Cloaks","False","0","0"
"named_recipe","True","True","Leatherworking","165","19094","Black Dragonscale Shoulders","10797","252","Shoulders","False","0","0"
"named_recipe","True","True","Leatherworking","165","19095","Living Breastplate","10799","253","Chest","False","0","0"
"named_recipe","True","True","Leatherworking","165","19097","Devilsaur Leggings","10798","257","Pants","False","0","0"
"named_recipe","True","True","Leatherworking","165","19098","Wicked Leather Armor","10807","253","Chest","False","0","0"
"named_recipe","True","True","Leatherworking","165","19100","Heavy Scorpid Shoulders","10804","252","Shoulders","False","0","0"
"named_recipe","True","True","Leatherworking","165","19101","Volcanic Shoulders","10806","252","Shoulders","False","0","0"
"named_recipe","True","True","Leatherworking","165","19102","Runic Leather Armor","10805","253","Chest","False","0","0"
"named_recipe","True","True","Leatherworking","165","19103","Runic Leather Shoulders","10812","252","Shoulders","False","0","0"
"named_recipe","True","True","Leatherworking","165","19104","Frostsaber Tunic","10809","253","Chest","False","0","0"
"named_recipe","True","True","Leatherworking","165","19106","Onyxia Scale Breastplate","10811","253","Chest","False","0","0"
"named_recipe","True","True","Leatherworking","165","19107","Black Dragonscale Leggings","10808","257","Pants","False","0","0"
"named_recipe","True","True","Leatherworking","165","20648","Medium Leather","11756","247","Materials","False","0","0"
"named_recipe","True","True","Leatherworking","165","20649","Heavy Leather","11757","247","Materials","False","0","0"
"named_recipe","True","True","Leatherworking","165","20650","Thick Leather","11758","247","Materials","False","0","0"
"named_recipe","True","True","Leatherworking","165","20853","Corehound Boots","11858","258","Boots","False","0","0"
"named_recipe","True","True","Leatherworking","165","20854","Molten Helm","11859","251","Helms","False","0","0"
"named_recipe","True","True","Leatherworking","165","20855","Black Dragonscale Boots","11860","258","Boots","False","0","0"
"named_recipe","True","True","Leatherworking","165","21943","Gloves of the Greatfather","12140","255","Gloves","False","0","0"
"named_recipe","True","True","Leatherworking","165","22331","Rugged Leather","12196","247","Materials","False","0","0"
"named_recipe","True","True","Leatherworking","165","22711","Shadowskin Gloves","12297","255","Gloves","False","0","0"
"named_recipe","True","True","Leatherworking","165","22727","Core Armor Kit","12298","249","Armor Kits","False","0","0"
"named_recipe","True","True","Leatherworking","165","22815","Gordok Ogre Suit","12326","260","Special","False","0","0"
"named_recipe","True","True","Leatherworking","165","22921","Girdle of Insight","12351","256","Belts","False","0","0"
"named_recipe","True","True","Leatherworking","165","22922","Mongoose Boots","12352","258","Boots","False","0","0"
"named_recipe","True","True","Leatherworking","165","22923","Swift Flight Bracers","12353","254","Bracers","False","0","0"
"named_recipe","True","True","Leatherworking","165","22926","Chromatic Cloak","12354","259","Cloaks","False","0","0"
"named_recipe","True","True","Leatherworking","165","22927","Hide of the Wild","12355","259","Cloaks","False","0","0"
"named_recipe","True","True","Leatherworking","165","22928","Shifting Cloak","12356","259","Cloaks","False","0","0"
"named_recipe","True","True","Leatherworking","165","23190","Heavy Leather Ball","12516","249","Armor Kits","False","0","0"
"named_recipe","True","True","Leatherworking","165","23399","Barbaric Bracers","12559","254","Bracers","False","0","0"
"named_recipe","True","True","Leatherworking","165","23703","Might of the Timbermaw","12696","256","Belts","False","0","0"
"named_recipe","True","True","Leatherworking","165","23704","Timbermaw Brawlers","12698","255","Gloves","False","0","0"
"named_recipe","True","True","Leatherworking","165","23705","Dawn Treaders","12697","258","Boots","False","0","0"
"named_recipe","True","True","Leatherworking","165","23706","Golden Mantle of the Dawn","12699","252","Shoulders","False","0","0"
"named_recipe","True","True","Leatherworking","165","23707","Lava Belt","12700","256","Belts","False","0","0"
"named_recipe","True","True","Leatherworking","165","23708","Chromatic Gauntlets","12701","255","Gloves","False","0","0"
"named_recipe","True","True","Leatherworking","165","23709","Corehound Belt","12702","256","Belts","False","0","0"
"named_recipe","True","True","Leatherworking","165","23710","Molten Belt","12703","256","Belts","False","0","0"
"named_recipe","True","True","Leatherworking","165","24121","Primal Batskin Jerkin","12823","253","Chest","False","0","0"
"named_recipe","True","True","Leatherworking","165","24122","Primal Batskin Gloves","12822","255","Gloves","False","0","0"
"named_recipe","True","True","Leatherworking","165","24123","Primal Batskin Bracers","12821","254","Bracers","False","0","0"
"named_recipe","True","True","Leatherworking","165","24124","Blood Tiger Breastplate","12819","253","Chest","False","0","0"
"named_recipe","True","True","Leatherworking","165","24125","Blood Tiger Shoulders","12820","252","Shoulders","False","0","0"
"named_recipe","True","True","Leatherworking","165","24654","Blue Dragonscale Leggings","13043","257","Pants","False","0","0"
"named_recipe","True","True","Leatherworking","165","24655","Green Dragonscale Gauntlets","13042","255","Gloves","False","0","0"
"named_recipe","True","True","Leatherworking","165","24703","Dreamscale Breastplate","13103","253","Chest","False","0","0"
"named_recipe","True","True","Leatherworking","165","24846","Spitfire Bracers","13062","254","Bracers","False","0","0"
"named_recipe","True","True","Leatherworking","165","24847","Spitfire Gauntlets","13063","255","Gloves","False","0","0"
"named_recipe","True","True","Leatherworking","165","24848","Spitfire Breastplate","13064","253","Chest","False","0","0"
"named_recipe","True","True","Leatherworking","165","24849","Sandstalker Bracers","13065","254","Bracers","False","0","0"
"named_recipe","True","True","Leatherworking","165","24850","Sandstalker Gauntlets","13066","255","Gloves","False","0","0"
"named_recipe","True","True","Leatherworking","165","24851","Sandstalker Breastplate","13067","253","Chest","False","0","0"
"named_recipe","True","True","Leatherworking","165","24940","Black Whelp Tunic","13087","253","Chest","False","0","0"
"named_recipe","True","True","Leatherworking","165","26279","Stormshroud Gloves","13416","255","Gloves","False","0","0"
"named_recipe","True","True","Leatherworking","165","28219","Polar Tunic","13919","253","Chest","False","0","0"
"named_recipe","True","True","Leatherworking","165","28220","Polar Gloves","13918","255","Gloves","False","0","0"
"named_recipe","True","True","Leatherworking","165","28221","Polar Bracers","13917","254","Bracers","False","0","0"
"named_recipe","True","True","Leatherworking","165","28222","Icy Scale Breastplate","13915","253","Chest","False","0","0"
"named_recipe","True","True","Leatherworking","165","28223","Icy Scale Gauntlets","13916","255","Gloves","False","0","0"
"named_recipe","True","True","Leatherworking","165","28224","Icy Scale Bracers","13914","254","Bracers","False","0","0"
"named_recipe","True","True","Leatherworking","165","28472","Bramblewood Helm","13949","251","Helms","False","0","0"
"named_recipe","True","True","Leatherworking","165","28473","Bramblewood Boots","13948","258","Boots","False","0","0"
"named_recipe","True","True","Leatherworking","165","28474","Bramblewood Belt","13947","256","Belts","False","0","0"
"named_recipe","True","True","Leatherworking","165","1261672","Loch Modan Bearskin Rug","56138","2307","House Decor","True","0","0"
"named_recipe","True","True","Leatherworking","165","1263633","Camp Narache Rug","56379","2307","House Decor","True","0","0"
"named_recipe","True","True","Tailoring","197","2385","Brown Linen Vest","2361","236","Robes & Tunics","False","0","0"
"named_recipe","True","True","Tailoring","197","2386","Linen Boots","2363","241","Boots","False","0","0"
"named_recipe","True","True","Tailoring","197","2387","Linen Cloak","2360","242","Cloaks","False","1","0"
"named_recipe","True","True","Tailoring","197","2389","Red Linen Robe","2362","236","Robes & Tunics","False","0","0"
"named_recipe","True","True","Tailoring","197","2392","Red Linen Shirt","2364","243","Shirts","False","0","0"
"named_recipe","True","True","Tailoring","197","2393","White Linen Shirt","2365","243","Shirts","False","0","0"
"named_recipe","True","True","Tailoring","197","2394","Blue Linen Shirt","2366","243","Shirts","False","0","0"
"named_recipe","True","True","Tailoring","197","2395","Barbaric Linen Vest","2368","236","Robes & Tunics","False","0","0"
"named_recipe","True","True","Tailoring","197","2396","Green Linen Shirt","2369","243","Shirts","False","0","0"
"named_recipe","True","True","Tailoring","197","2397","Reinforced Linen Cape","2367","242","Cloaks","False","0","0"
"named_recipe","True","True","Tailoring","197","2399","Green Woolen Vest","2372","236","Robes & Tunics","False","0","0"
"named_recipe","True","True","Tailoring","197","2401","Woolen Boots","2373","241","Boots","False","0","0"
"named_recipe","True","True","Tailoring","197","2402","Woolen Cape","2371","242","Cloaks","False","0","0"
"named_recipe","True","True","Tailoring","197","2403","Gray Woolen Robe","2374","236","Robes & Tunics","False","0","0"
"named_recipe","True","True","Tailoring","197","2406","Gray Woolen Shirt","2375","243","Shirts","False","0","0"
"named_recipe","True","True","Tailoring","197","2963","Bolt of Linen Cloth","2359","230","Materials","False","1","0"
"named_recipe","True","True","Tailoring","197","2964","Bolt of Woolen Cloth","2370","230","Materials","False","0","0"
"named_recipe","True","True","Tailoring","197","3275","Linen Bandage","39388","1089","Bandages","False","1","0"
"named_recipe","True","True","Tailoring","197","3276","Heavy Linen Bandage","39381","1089","Bandages","False","0","0"
"named_recipe","True","True","Tailoring","197","3277","Wool Bandage","39400","1089","Bandages","False","0","0"
"named_recipe","True","True","Tailoring","197","3278","Heavy Wool Bandage","39387","1089","Bandages","False","0","0"
"named_recipe","True","True","Tailoring","197","3755","Linen Bag","4001","233","Bags","False","0","0"
"named_recipe","True","True","Tailoring","197","3757","Woolen Bag","4002","233","Bags","False","0","0"
"named_recipe","True","True","Tailoring","197","3758","Green Woolen Bag","4000","233","Bags","False","0","0"
"named_recipe","True","True","Tailoring","197","3813","Small Silk Pack","4003","233","Bags","False","0","0"
"named_recipe","True","True","Tailoring","197","3839","Bolt of Silk Cloth","2376","230","Materials","False","0","0"
"named_recipe","True","True","Tailoring","197","3840","Heavy Linen Gloves","2378","239","Gloves","False","0","0"
"named_recipe","True","True","Tailoring","197","3841","Green Linen Bracers","2379","237","Bracers","False","0","0"
"named_recipe","True","True","Tailoring","197","3842","Handstitched Linen Britches","2380","240","Pants","False","0","0"
"named_recipe","True","True","Tailoring","197","3843","Heavy Woolen Gloves","2381","239","Gloves","False","0","0"
"named_recipe","True","True","Tailoring","197","3844","Heavy Woolen Cloak","2382","242","Cloaks","False","0","0"
"named_recipe","True","True","Tailoring","197","3845","Soft-soled Linen Boots","2383","241","Boots","False","0","0"
"named_recipe","True","True","Tailoring","197","3847","Red Woolen Boots","2384","241","Boots","False","0","0"
"named_recipe","True","True","Tailoring","197","3848","Double-stitched Woolen Shoulders","2385","235","Shoulders","False","0","0"
"named_recipe","True","True","Tailoring","197","3849","Reinforced Woolen Shoulders","2386","235","Shoulders","False","0","0"
"named_recipe","True","True","Tailoring","197","3850","Heavy Woolen Pants","2387","240","Pants","False","0","0"
"named_recipe","True","True","Tailoring","197","3851","Phoenix Pants","2388","240","Pants","False","0","0"
"named_recipe","True","True","Tailoring","197","3852","Gloves of Meditation","2389","239","Gloves","False","0","0"
"named_recipe","True","True","Tailoring","197","3854","Azure Silk Gloves","2390","239","Gloves","False","0","0"
"named_recipe","True","True","Tailoring","197","3855","Spidersilk Boots","2391","241","Boots","False","0","0"
"named_recipe","True","True","Tailoring","197","3856","Spider Silk Slippers","2392","241","Boots","False","0","0"
"named_recipe","True","True","Tailoring","197","3857","Enchanter's Cowl","2393","234","Hats & Hoods","False","0","0"
"named_recipe","True","True","Tailoring","197","3858","Shadow Hood","2394","234","Hats & Hoods","False","0","0"
"named_recipe","True","True","Tailoring","197","3859","Azure Silk Vest","2395","236","Robes & Tunics","False","0","0"
"named_recipe","True","True","Tailoring","197","3860","Boots of the Enchanter","2396","241","Boots","False","0","0"
"named_recipe","True","True","Tailoring","197","3861","Long Silken Cloak","2397","242","Cloaks","False","0","0"
"named_recipe","True","True","Tailoring","197","3862","Icy Cloak","2398","242","Cloaks","False","0","0"
"named_recipe","True","True","Tailoring","197","3863","Spider Belt","2399","238","Belts","False","0","0"
"named_recipe","True","True","Tailoring","197","3864","Star Belt","2400","238","Belts","False","0","0"
"named_recipe","True","True","Tailoring","197","3865","Bolt of Mageweave","2377","230","Materials","False","0","0"
"named_recipe","True","True","Tailoring","197","3866","Stylish Red Shirt","2401","243","Shirts","False","0","0"
"named_recipe","True","True","Tailoring","197","3868","Phoenix Gloves","2402","239","Gloves","False","0","0"
"named_recipe","True","True","Tailoring","197","3869","Bright Yellow Shirt","2403","243","Shirts","False","0","0"
"named_recipe","True","True","Tailoring","197","3870","Dark Silk Shirt","2404","243","Shirts","False","0","0"
"named_recipe","True","True","Tailoring","197","3871","Formal White Shirt","2405","243","Shirts","False","0","0"
"named_recipe","True","True","Tailoring","197","3872","Rich Purple Silk Shirt","2406","243","Shirts","False","0","0"
"named_recipe","True","True","Tailoring","197","3873","Black Swashbuckler's Shirt","2407","243","Shirts","False","0","0"
"named_recipe","True","True","Tailoring","197","3908","Tailoring","2356","84","Other","False","0","0"
"named_recipe","True","True","Tailoring","197","3909","Tailoring","2357","84","Other","False","0","3908"
"named_recipe","True","True","Tailoring","197","3910","Tailoring","2358","84","Other","False","0","3909"
"named_recipe","True","True","Tailoring","197","3914","Brown Linen Pants","2408","240","Pants","False","0","0"
"named_recipe","True","True","Tailoring","197","3915","Brown Linen Shirt","2409","243","Shirts","False","1","0"
"named_recipe","True","True","Tailoring","197","6521","Pearl-clasped Cloak","3973","242","Cloaks","False","0","0"
"named_recipe","True","True","Tailoring","197","6686","Red Linen Bag","4019","233","Bags","False","0","0"
"named_recipe","True","True","Tailoring","197","6688","Red Woolen Bag","4020","233","Bags","False","0","0"
"named_recipe","True","True","Tailoring","197","6690","Lesser Wizard's Robe","4021","236","Robes & Tunics","False","0","0"
"named_recipe","True","True","Tailoring","197","6692","Robes of Arcana","4022","236","Robes & Tunics","False","0","0"
"named_recipe","True","True","Tailoring","197","6693","Green Silk Pack","4023","233","Bags","False","0","0"
"named_recipe","True","True","Tailoring","197","6695","Black Silk Pack","4024","233","Bags","False","0","0"
"named_recipe","True","True","Tailoring","197","7623","Brown Linen Robe","4302","236","Robes & Tunics","False","0","0"
"named_recipe","True","True","Tailoring","197","7624","White Linen Robe","4303","236","Robes & Tunics","False","0","0"
"named_recipe","True","True","Tailoring","197","7629","Red Linen Vest","4305","236","Robes & Tunics","False","0","0"
"named_recipe","True","True","Tailoring","197","7630","Blue Linen Vest","4304","236","Robes & Tunics","False","0","0"
"named_recipe","True","True","Tailoring","197","7633","Blue Linen Robe","4306","236","Robes & Tunics","False","0","0"
"named_recipe","True","True","Tailoring","197","7636","Green Woolen Robe","4307","236","Robes & Tunics","False","0","0"
"named_recipe","True","True","Tailoring","197","7639","Blue Overalls","4308","236","Robes & Tunics","False","0","0"
"named_recipe","True","True","Tailoring","197","7643","Greater Adept's Robe","4311","236","Robes & Tunics","False","0","0"
"named_recipe","True","True","Tailoring","197","7892","Stylish Blue Shirt","4408","243","Shirts","False","0","0"
"named_recipe","True","True","Tailoring","197","7893","Stylish Green Shirt","4409","243","Shirts","False","0","0"
"named_recipe","True","True","Tailoring","197","7928","Silk Bandage","39393","1089","Bandages","False","0","0"
"named_recipe","True","True","Tailoring","197","7929","Heavy Silk Bandage","39385","1089","Bandages","False","0","0"
"named_recipe","True","True","Tailoring","197","8465","Simple Dress","4708","236","Robes & Tunics","False","0","0"
"named_recipe","True","True","Tailoring","197","8467","White Woolen Dress","4709","236","Robes & Tunics","False","0","0"
"named_recipe","True","True","Tailoring","197","8483","White Swashbuckler's Shirt","4715","243","Shirts","False","0","0"
"named_recipe","True","True","Tailoring","197","8489","Red Swashbuckler's Shirt","4714","243","Shirts","False","0","0"
"named_recipe","True","True","Tailoring","197","8758","Azure Silk Pants","4849","240","Pants","False","0","0"
"named_recipe","True","True","Tailoring","197","8760","Azure Silk Hood","4850","234","Hats & Hoods","False","0","0"
"named_recipe","True","True","Tailoring","197","8762","Silk Headband","4851","234","Hats & Hoods","False","0","0"
"named_recipe","True","True","Tailoring","197","8764","Earthen Vest","4852","236","Robes & Tunics","False","0","0"
"named_recipe","True","True","Tailoring","197","8766","Azure Silk Belt","4853","238","Belts","False","0","0"
"named_recipe","True","True","Tailoring","197","8770","Robe of Power","4854","236","Robes & Tunics","False","0","0"
"named_recipe","True","True","Tailoring","197","8772","Crimson Silk Belt","4855","238","Belts","False","0","0"
"named_recipe","True","True","Tailoring","197","8774","Green Silken Shoulders","4856","235","Shoulders","False","0","0"
"named_recipe","True","True","Tailoring","197","8776","Linen Belt","4848","238","Belts","False","0","0"
"named_recipe","True","True","Tailoring","197","8778","Boots of Darkness","4857","241","Boots","False","0","0"
"named_recipe","True","True","Tailoring","197","8780","Hands of Darkness","4867","239","Gloves","False","0","0"
"named_recipe","True","True","Tailoring","197","8782","Truefaith Gloves","4868","239","Gloves","False","0","0"
"named_recipe","True","True","Tailoring","197","8784","Green Silk Armor","4869","236","Robes & Tunics","False","0","0"
"named_recipe","True","True","Tailoring","197","8786","Azure Silk Cloak","4870","242","Cloaks","False","0","0"
"named_recipe","True","True","Tailoring","197","8789","Crimson Silk Cloak","4871","242","Cloaks","False","0","0"
"named_recipe","True","True","Tailoring","197","8791","Crimson Silk Vest","4872","236","Robes & Tunics","False","0","0"
"named_recipe","True","True","Tailoring","197","8793","Crimson Silk Shoulders","4873","235","Shoulders","False","0","0"
"named_recipe","True","True","Tailoring","197","8795","Azure Shoulders","4874","235","Shoulders","False","0","0"
"named_recipe","True","True","Tailoring","197","8797","Earthen Silk Belt","4875","238","Belts","False","0","0"
"named_recipe","True","True","Tailoring","197","8799","Crimson Silk Pantaloons","4876","240","Pants","False","0","0"
"named_recipe","True","True","Tailoring","197","8802","Crimson Silk Robe","4877","236","Robes & Tunics","False","0","0"
"named_recipe","True","True","Tailoring","197","8804","Crimson Silk Gloves","4878","239","Gloves","False","0","0"
"named_recipe","True","True","Tailoring","197","10840","Mageweave Bandage","39389","1089","Bandages","False","0","0"
"named_recipe","True","True","Tailoring","197","10841","Heavy Mageweave Bandage","39382","1089","Bandages","False","0","0"
"named_recipe","True","True","Tailoring","197","12044","Simple Linen Pants","6576","240","Pants","False","1","0"
"named_recipe","True","True","Tailoring","197","12045","Simple Linen Boots","6577","241","Boots","False","0","0"
"named_recipe","True","True","Tailoring","197","12046","Simple Kilt","6578","240","Pants","False","0","0"
"named_recipe","True","True","Tailoring","197","12047","Colorful Kilt","6579","240","Pants","False","0","0"
"named_recipe","True","True","Tailoring","197","12048","Black Mageweave Vest","6580","236","Robes & Tunics","False","0","0"
"named_recipe","True","True","Tailoring","197","12049","Black Mageweave Leggings","6581","240","Pants","False","0","0"
"named_recipe","True","True","Tailoring","197","12050","Black Mageweave Robe","6582","236","Robes & Tunics","False","0","0"
"named_recipe","True","True","Tailoring","197","12052","Shadoweave Pants","6583","240","Pants","False","0","0"
"named_recipe","True","True","Tailoring","197","12053","Black Mageweave Gloves","6584","239","Gloves","False","0","0"
"named_recipe","True","True","Tailoring","197","12055","Shadoweave Robe","6585","236","Robes & Tunics","False","0","0"
"named_recipe","True","True","Tailoring","197","12056","Red Mageweave Vest","6586","236","Robes & Tunics","False","0","0"
"named_recipe","True","True","Tailoring","197","12059","White Bandit Mask","6587","234","Hats & Hoods","False","0","0"
"named_recipe","True","True","Tailoring","197","12060","Red Mageweave Pants","6588","240","Pants","False","0","0"
"named_recipe","True","True","Tailoring","197","12061","Orange Mageweave Shirt","6589","243","Shirts","False","0","0"
"named_recipe","True","True","Tailoring","197","12062","Stormcloth Pants","6590","240","Pants","False","0","0"
"named_recipe","True","True","Tailoring","197","12063","Stormcloth Gloves","6591","239","Gloves","False","0","0"
"named_recipe","True","True","Tailoring","197","12064","Orange Martial Shirt","6592","243","Shirts","False","0","0"
"named_recipe","True","True","Tailoring","197","12065","Mageweave Bag","6596","233","Bags","False","0","0"
"named_recipe","True","True","Tailoring","197","12066","Red Mageweave Gloves","6597","239","Gloves","False","0","0"
"named_recipe","True","True","Tailoring","197","12067","Dreamweave Gloves","6598","239","Gloves","False","0","0"
"named_recipe","True","True","Tailoring","197","12068","Stormcloth Vest","6599","236","Robes & Tunics","False","0","0"
"named_recipe","True","True","Tailoring","197","12069","Cindercloth Robe","6600","236","Robes & Tunics","False","0","0"
"named_recipe","True","True","Tailoring","197","12070","Dreamweave Vest","6601","236","Robes & Tunics","False","0","0"
"named_recipe","True","True","Tailoring","197","12071","Shadoweave Gloves","6602","239","Gloves","False","0","0"
"named_recipe","True","True","Tailoring","197","12072","Black Mageweave Headband","6603","234","Hats & Hoods","False","0","0"
"named_recipe","True","True","Tailoring","197","12073","Black Mageweave Boots","6604","241","Boots","False","0","0"
"named_recipe","True","True","Tailoring","197","12074","Black Mageweave Shoulders","6605","235","Shoulders","False","0","0"
"named_recipe","True","True","Tailoring","197","12075","Lavender Mageweave Shirt","6606","243","Shirts","False","0","0"
"named_recipe","True","True","Tailoring","197","12076","Shadoweave Shoulders","6607","235","Shoulders","False","0","0"
"named_recipe","True","True","Tailoring","197","12077","Simple Black Dress","6608","236","Robes & Tunics","False","0","0"
"named_recipe","True","True","Tailoring","197","12078","Red Mageweave Shoulders","6609","235","Shoulders","False","0","0"
"named_recipe","True","True","Tailoring","197","12079","Red Mageweave Bag","6610","233","Bags","False","0","0"
"named_recipe","True","True","Tailoring","197","12080","Pink Mageweave Shirt","6611","243","Shirts","False","0","0"
"named_recipe","True","True","Tailoring","197","12081","Admiral's Hat","6612","234","Hats & Hoods","False","0","0"
"named_recipe","True","True","Tailoring","197","12082","Shadoweave Boots","6613","241","Boots","False","0","0"
"named_recipe","True","True","Tailoring","197","12083","Stormcloth Headband","6614","234","Hats & Hoods","False","0","0"
"named_recipe","True","True","Tailoring","197","12084","Red Mageweave Headband","6615","234","Hats & Hoods","False","0","0"
"named_recipe","True","True","Tailoring","197","12085","Tuxedo Shirt","6616","243","Shirts","False","0","0"
"named_recipe","True","True","Tailoring","197","12086","Shadoweave Mask","6617","234","Hats & Hoods","False","0","0"
"named_recipe","True","True","Tailoring","197","12087","Stormcloth Shoulders","6618","235","Shoulders","False","0","0"
"named_recipe","True","True","Tailoring","197","12088","Cindercloth Boots","6619","241","Boots","False","0","0"
"named_recipe","True","True","Tailoring","197","12089","Tuxedo Pants","6620","240","Pants","False","0","0"
"named_recipe","True","True","Tailoring","197","12090","Stormcloth Boots","6621","241","Boots","False","0","0"
"named_recipe","True","True","Tailoring","197","12091","White Wedding Dress","6622","236","Robes & Tunics","False","0","0"
"named_recipe","True","True","Tailoring","197","12092","Dreamweave Circlet","6623","234","Hats & Hoods","False","0","0"
"named_recipe","True","True","Tailoring","197","12093","Tuxedo Jacket","6624","236","Robes & Tunics","False","0","0"
"named_recipe","True","True","Tailoring","197","12180","Tailoring","6625","84","Other","False","0","3910"
"named_recipe","True","True","Tailoring","197","18401","Bolt of Runecloth","10396","230","Materials","False","0","0"
"named_recipe","True","True","Tailoring","197","18402","Runecloth Belt","10397","238","Belts","False","0","0"
"named_recipe","True","True","Tailoring","197","18403","Frostweave Tunic","10398","236","Robes & Tunics","False","0","0"
"named_recipe","True","True","Tailoring","197","18404","Frostweave Robe","10399","236","Robes & Tunics","False","0","0"
"named_recipe","True","True","Tailoring","197","18405","Runecloth Bag","10401","233","Bags","False","0","0"
"named_recipe","True","True","Tailoring","197","18406","Runecloth Robe","10400","236","Robes & Tunics","False","0","0"
"named_recipe","True","True","Tailoring","197","18407","Runecloth Tunic","10402","236","Robes & Tunics","False","0","0"
"named_recipe","True","True","Tailoring","197","18408","Cindercloth Vest","10403","236","Robes & Tunics","False","0","0"
"named_recipe","True","True","Tailoring","197","18409","Runecloth Cloak","10404","242","Cloaks","False","0","0"
"named_recipe","True","True","Tailoring","197","18410","Ghostweave Belt","10405","238","Belts","False","0","0"
"named_recipe","True","True","Tailoring","197","18411","Frostweave Gloves","10406","239","Gloves","False","0","0"
"named_recipe","True","True","Tailoring","197","18412","Cindercloth Gloves","10407","239","Gloves","False","0","0"
"named_recipe","True","True","Tailoring","197","18413","Ghostweave Gloves","10409","239","Gloves","False","0","0"
"named_recipe","True","True","Tailoring","197","18414","Brightcloth Robe","10410","236","Robes & Tunics","False","0","0"
"named_recipe","True","True","Tailoring","197","18415","Brightcloth Gloves","10408","239","Gloves","False","0","0"
"named_recipe","True","True","Tailoring","197","18416","Ghostweave Vest","10411","236","Robes & Tunics","False","0","0"
"named_recipe","True","True","Tailoring","197","18417","Runecloth Gloves","10412","239","Gloves","False","0","0"
"named_recipe","True","True","Tailoring","197","18418","Cindercloth Cloak","10413","242","Cloaks","False","0","0"
"named_recipe","True","True","Tailoring","197","18419","Felcloth Pants","10416","240","Pants","False","0","0"
"named_recipe","True","True","Tailoring","197","18420","Brightcloth Cloak","10417","242","Cloaks","False","0","0"
"named_recipe","True","True","Tailoring","197","18421","Wizardweave Leggings","10418","240","Pants","False","0","0"
"named_recipe","True","True","Tailoring","197","18422","Cloak of Fire","10419","242","Cloaks","False","0","0"
"named_recipe","True","True","Tailoring","197","18423","Runecloth Boots","10420","241","Boots","False","0","0"
"named_recipe","True","True","Tailoring","197","18424","Frostweave Pants","10421","240","Pants","False","0","0"
"named_recipe","True","True","Tailoring","197","18434","Cindercloth Pants","10422","240","Pants","False","0","0"
"named_recipe","True","True","Tailoring","197","18436","Robe of Winter Night","10423","236","Robes & Tunics","False","0","0"
"named_recipe","True","True","Tailoring","197","18437","Felcloth Boots","10424","241","Boots","False","0","0"
"named_recipe","True","True","Tailoring","197","18438","Runecloth Pants","10425","240","Pants","False","0","0"
"named_recipe","True","True","Tailoring","197","18439","Brightcloth Pants","10426","240","Pants","False","0","0"
"named_recipe","True","True","Tailoring","197","18440","Mooncloth Leggings","10427","240","Pants","False","0","0"
"named_recipe","True","True","Tailoring","197","18441","Ghostweave Pants","10428","240","Pants","False","0","0"
"named_recipe","True","True","Tailoring","197","18442","Felcloth Hood","10429","234","Hats & Hoods","False","0","0"
"named_recipe","True","True","Tailoring","197","18444","Runecloth Headband","10430","234","Hats & Hoods","False","0","0"
"named_recipe","True","True","Tailoring","197","18445","Mooncloth Bag","10431","233","Bags","False","0","0"
"named_recipe","True","True","Tailoring","197","18446","Wizardweave Robe","10432","236","Robes & Tunics","False","0","0"
"named_recipe","True","True","Tailoring","197","18447","Mooncloth Vest","10433","236","Robes & Tunics","False","0","0"
"named_recipe","True","True","Tailoring","197","18448","Mooncloth Shoulders","10434","235","Shoulders","False","0","0"
"named_recipe","True","True","Tailoring","197","18449","Runecloth Shoulders","10435","235","Shoulders","False","0","0"
"named_recipe","True","True","Tailoring","197","18450","Wizardweave Turban","10436","234","Hats & Hoods","False","0","0"
"named_recipe","True","True","Tailoring","197","18451","Felcloth Robe","10437","236","Robes & Tunics","False","0","0"
"named_recipe","True","True","Tailoring","197","18452","Mooncloth Circlet","10438","234","Hats & Hoods","False","0","0"
"named_recipe","True","True","Tailoring","197","18453","Felcloth Shoulders","10439","235","Shoulders","False","0","0"
"named_recipe","True","True","Tailoring","197","18454","Gloves of Spell Mastery","10440","239","Gloves","False","0","0"
"named_recipe","True","True","Tailoring","197","18455","Bottomless Bag","10441","233","Bags","False","0","0"
"named_recipe","True","True","Tailoring","197","18456","Truefaith Vestments","10442","236","Robes & Tunics","False","0","0"
"named_recipe","True","True","Tailoring","197","18457","Robe of the Archmage","10443","236","Robes & Tunics","False","0","0"
"named_recipe","True","True","Tailoring","197","18458","Robe of the Void","10444","236","Robes & Tunics","False","0","0"
"named_recipe","True","True","Tailoring","197","18560","Mooncloth","10487","230","Materials","False","0","0"
"named_recipe","True","True","Tailoring","197","18629","Runecloth Bandage","39391","1089","Bandages","False","0","0"
"named_recipe","True","True","Tailoring","197","18630","Heavy Runecloth Bandage","39384","1089","Bandages","False","0","0"
"named_recipe","True","True","Tailoring","197","19435","Mooncloth Boots","10957","241","Boots","False","0","0"
"named_recipe","True","True","Tailoring","197","20848","Flarecore Mantle","11856","235","Shoulders","False","0","0"
"named_recipe","True","True","Tailoring","197","20849","Flarecore Gloves","11857","239","Gloves","False","0","0"
"named_recipe","True","True","Tailoring","197","21945","Green Holiday Shirt","12141","243","Shirts","False","0","0"
"named_recipe","True","True","Tailoring","197","22759","Flarecore Wraps","12303","237","Bracers","False","0","0"
"named_recipe","True","True","Tailoring","197","22813","Gordok Ogre Suit","12325","246","Special","False","0","0"
"named_recipe","True","True","Tailoring","197","22866","Belt of the Archmage","12340","238","Belts","False","0","0"
"named_recipe","True","True","Tailoring","197","22867","Felcloth Gloves","12341","239","Gloves","False","0","0"
"named_recipe","True","True","Tailoring","197","22868","Inferno Gloves","12342","239","Gloves","False","0","0"
"named_recipe","True","True","Tailoring","197","22869","Mooncloth Gloves","12343","239","Gloves","False","0","0"
"named_recipe","True","True","Tailoring","197","22870","Cloak of Warding","12344","242","Cloaks","False","0","0"
"named_recipe","True","True","Tailoring","197","22902","Mooncloth Robe","12349","236","Robes & Tunics","False","0","0"
"named_recipe","True","True","Tailoring","197","23662","Wisdom of the Timbermaw","12688","238","Belts","False","0","0"
"named_recipe","True","True","Tailoring","197","23663","Mantle of the Timbermaw","12690","235","Shoulders","False","0","0"
"named_recipe","True","True","Tailoring","197","23664","Argent Boots","12689","241","Boots","False","0","0"
"named_recipe","True","True","Tailoring","197","23665","Argent Shoulders","12691","235","Shoulders","False","0","0"
"named_recipe","True","True","Tailoring","197","23666","Flarecore Robe","12692","236","Robes & Tunics","False","0","0"
"named_recipe","True","True","Tailoring","197","23667","Flarecore Leggings","12693","240","Pants","False","0","0"
"named_recipe","True","True","Tailoring","197","24091","Bloodvine Vest","12818","236","Robes & Tunics","False","0","0"
"named_recipe","True","True","Tailoring","197","24092","Bloodvine Leggings","12817","240","Pants","False","0","0"
"named_recipe","True","True","Tailoring","197","24093","Bloodvine Boots","12816","241","Boots","False","0","0"
"named_recipe","True","True","Tailoring","197","24901","Runed Stygian Leggings","13075","240","Pants","False","0","0"
"named_recipe","True","True","Tailoring","197","24902","Runed Stygian Belt","13073","238","Belts","False","0","0"
"named_recipe","True","True","Tailoring","197","24903","Runed Stygian Boots","13074","241","Boots","False","0","0"
"named_recipe","True","True","Tailoring","197","26085","Soul Pouch","13397","233","Bags","False","0","0"
"named_recipe","True","True","Tailoring","197","26086","Felcloth Bag","13398","233","Bags","False","0","0"
"named_recipe","True","True","Tailoring","197","26087","Core Felcloth Bag","13399","233","Bags","False","0","0"
"named_recipe","True","True","Tailoring","197","26403","Festival Dress","13422","236","Robes & Tunics","False","0","0"
"named_recipe","True","True","Tailoring","197","26407","Festival Suit","13423","236","Robes & Tunics","False","0","0"
"named_recipe","True","True","Tailoring","197","27658","Enchanted Mageweave Pouch","13811","233","Bags","False","0","0"
"named_recipe","True","True","Tailoring","197","27659","Enchanted Runecloth Bag","13812","233","Bags","False","0","0"
"named_recipe","True","True","Tailoring","197","27660","Big Bag of Enchantment","13813","233","Bags","False","0","0"
"named_recipe","True","True","Tailoring","197","27724","Cenarion Herb Bag","13814","233","Bags","False","0","0"
"named_recipe","True","True","Tailoring","197","28205","Glacial Gloves","13911","239","Gloves","False","0","0"
"named_recipe","True","True","Tailoring","197","28207","Glacial Vest","13912","236","Robes & Tunics","False","0","0"
"named_recipe","True","True","Tailoring","197","28208","Glacial Cloak","13910","242","Cloaks","False","0","0"
"named_recipe","True","True","Tailoring","197","28209","Glacial Wrists","13913","237","Bracers","False","0","0"
"named_recipe","True","True","Tailoring","197","28210","Gaea's Embrace","13909","242","Cloaks","False","0","0"
"named_recipe","True","True","Tailoring","197","28480","Sylvan Vest","13952","236","Robes & Tunics","False","0","0"
"named_recipe","True","True","Tailoring","197","28481","Sylvan Crown","13950","234","Hats & Hoods","False","0","0"
"named_recipe","True","True","Tailoring","197","28482","Sylvan Shoulders","13951","235","Shoulders","False","0","0"
"named_recipe","True","True","Tailoring","197","1261688","Elder Rise Rug","56141","2308","House Decor","True","0","0"
"named_recipe","True","True","Tailoring","197","1261695","Dwarven District Banner","56142","2308","House Decor","True","0","0"
