"achievement_id","title","category_id","order_path","tree_id","description","criteria_id","criteria_type","asset_id","amount","operator"
"15325","Dracthyr, Awaken","15455","0","94276","The War Creche","52875","27","64871","0","0"
"15325","Dracthyr, Awaken","15455","1","94277","Old Weyrn Grounds","52876","27","65036","0","0"
"15325","Dracthyr, Awaken","15455","2","94279","The Healing Wings","52878","27","65075","0","0"
"15325","Dracthyr, Awaken","15455","3","94278","The Ebon Scales","52877","27","65057","0","0"
"15325","Dracthyr, Awaken","15455","4","94280","Froststone Vault","52879","27","65087","0","0"
"15325","Dracthyr, Awaken","15455","5","94281","Wrath of the Storm-Eater","54430","27","65100","0","0"
"15325","Dracthyr, Awaken","15455","6","94282","All Along the Watchtowers","52880","27","65101","0","0"
"15394","Ohn'a'Roll","15455","0/0","137511","","54669","27","65806","0","0"
"15394","Ohn'a'Roll","15455","1/0","137513","","54670","27","66025","0","0"
"15394","Ohn'a'Roll","15455","2/0","137515","","54671","27","66259","0","0"
"15394","Ohn'a'Roll","15455","3/0","137517","","54672","27","66783","0","0"
"15638","Dracthyr, Awaken","15455","0","95597","The War Creche","52875","27","64871","0","0"
"15638","Dracthyr, Awaken","15455","1","95598","Old Weyrn Grounds","52876","27","65036","0","0"
"15638","Dracthyr, Awaken","15455","2","95600","The Healing Wings","52878","27","65075","0","0"
"15638","Dracthyr, Awaken","15455","3","95599","The Ebon Scales","52877","27","65057","0","0"
"15638","Dracthyr, Awaken","15455","4","95601","Froststone Vault","52879","27","65087","0","0"
"15638","Dracthyr, Awaken","15455","5","95602","Wrath of the Storm-Eater","54430","27","65100","0","0"
"15638","Dracthyr, Awaken","15455","6","95603","The Dark Talons","53410","27","65613","0","0"
"15794","A New Friend","15455","0","135718","Learn Renewed Proto-Drake","53762","34","368896","1","0"
"15795","Together in the Skies","15455","0","138127","Learn Windborne Velocidrake","55118","34","368899","1","0"
"15796","Cliffside Companion","15455","0","138131","Learn Cliffside Wylderdrake","55120","34","368901","1","0"
"15797","An Azure Ally","15455","0","138129","Learn Highland Drake","55119","34","360954","1","0"
"15889","River Rapids Wrangler","15455","0","136488","","54051","27","70023","1","0"
"15890","Dragonscale Expedition: The Highest Peaks","15465","0","136486","Flags Placed","54050","27","70024","1","0"
"15890","Dragonscale Expedition: The Highest Peaks","15465","1","137990","Flags Placed","55035","27","70039","1","0"
"15890","Dragonscale Expedition: The Highest Peaks","15465","2","137991","Flags Placed","55036","27","70823","1","0"
"15890","Dragonscale Expedition: The Highest Peaks","15465","3","137992","Flags Placed","55037","27","70824","1","0"
"15890","Dragonscale Expedition: The Highest Peaks","15465","4","137993","Flags Placed","55038","27","70825","1","0"
"15890","Dragonscale Expedition: The Highest Peaks","15465","5","137994","Flags Placed","55039","27","70826","1","0"
"15890","Dragonscale Expedition: The Highest Peaks","15465","6","137995","Flags Placed","55040","27","70827","1","0"
"15890","Dragonscale Expedition: The Highest Peaks","15465","7","138481","Flags Placed","55332","27","71200","1","0"
"15890","Dragonscale Expedition: The Highest Peaks","15465","8","138516","Flags Placed","55355","27","71204","1","0"
"15890","Dragonscale Expedition: The Highest Peaks","15465","9","138517","Flags Placed","55356","27","71207","1","0"
"15890","Dragonscale Expedition: The Highest Peaks","15465","10","138518","Flags Placed","55357","27","71208","1","0"
"15890","Dragonscale Expedition: The Highest Peaks","15465","11","138519","Flags Placed","55358","27","71215","1","0"
"15890","Dragonscale Expedition: The Highest Peaks","15465","12","138520","Flags Placed","55359","27","71216","1","0"
"15890","Dragonscale Expedition: The Highest Peaks","15465","13","138521","Flags Placed","55360","27","71217","1","0"
"15890","Dragonscale Expedition: The Highest Peaks","15465","14","138522","Flags Placed","55361","27","71218","1","0"
"15890","Dragonscale Expedition: The Highest Peaks","15465","15","138523","Flags Placed","55362","27","71220","1","0"
"15890","Dragonscale Expedition: The Highest Peaks","15465","16","138524","Flags Placed","55363","27","71221","1","0"
"15890","Dragonscale Expedition: The Highest Peaks","15465","17","138525","Flags Placed","55364","27","71222","1","0"
"15890","Dragonscale Expedition: The Highest Peaks","15465","18","138526","Flags Placed","55365","27","71223","1","0"
"15890","Dragonscale Expedition: The Highest Peaks","15465","19","138527","Flags Placed","55366","27","71224","1","0"
"15915","Waking Shores: Bronze","15462","0","136655","","54235","8","15696","1","0"
"15915","Waking Shores: Bronze","15462","1","136656","","54236","8","15712","1","0"
"15915","Waking Shores: Bronze","15462","2","136657","","54237","8","15724","1","0"
"15915","Waking Shores: Bronze","15462","3","136658","","54238","8","15730","1","0"
"15915","Waking Shores: Bronze","15462","4","136659","","54239","8","15736","1","0"
"15915","Waking Shores: Bronze","15462","5","136660","","54240","8","15742","1","0"
"15915","Waking Shores: Bronze","15462","6","136661","","54241","8","15705","1","0"
"15915","Waking Shores: Bronze","15462","7","136662","","54242","8","15718","1","0"
"15916","Waking Shores: Silver","15462","0","136664","","54243","8","15697","1","0"
"15916","Waking Shores: Silver","15462","1","136665","","54244","8","15713","1","0"
"15916","Waking Shores: Silver","15462","2","136666","","54245","8","15725","1","0"
"15916","Waking Shores: Silver","15462","3","136667","","54246","8","15731","1","0"
"15916","Waking Shores: Silver","15462","4","136668","","54247","8","15737","1","0"
"15916","Waking Shores: Silver","15462","5","136669","","54248","8","15743","1","0"
"15916","Waking Shores: Silver","15462","6","136670","","54249","8","15706","1","0"
"15916","Waking Shores: Silver","15462","7","136671","","54250","8","15719","1","0"
"15917","Waking Shores: Gold","15462","0","136673","","54251","8","15698","1","0"
"15917","Waking Shores: Gold","15462","1","136674","","54252","8","15714","1","0"
"15917","Waking Shores: Gold","15462","2","136675","","54253","8","15726","1","0"
"15917","Waking Shores: Gold","15462","3","136676","","54254","8","15732","1","0"
"15917","Waking Shores: Gold","15462","4","136677","","54255","8","15738","1","0"
"15917","Waking Shores: Gold","15462","5","136678","","54256","8","15744","1","0"
"15917","Waking Shores: Gold","15462","6","136679","","54257","8","15707","1","0"
"15917","Waking Shores: Gold","15462","7","136680","","54258","8","15720","1","0"
"15918","Ohn'ahran Plains: Bronze","15462","0","136709","","54283","8","15757","1","0"
"15918","Ohn'ahran Plains: Bronze","15462","1","136710","","54284","8","15763","1","0"
"15918","Ohn'ahran Plains: Bronze","15462","2","136711","","54285","8","15769","1","0"
"15918","Ohn'ahran Plains: Bronze","15462","3","136712","","54286","8","15775","1","0"
"15918","Ohn'ahran Plains: Bronze","15462","4","136713","","54287","8","15782","1","0"
"15918","Ohn'ahran Plains: Bronze","15462","5","136714","","54288","8","15785","1","0"
"15918","Ohn'ahran Plains: Bronze","15462","6","137815","","54905","8","16302","1","0"
"15919","Ohn'ahran Plains: Silver","15462","0","136716","","54289","8","15758","1","0"
"15919","Ohn'ahran Plains: Silver","15462","1","136717","","54290","8","15764","1","0"
"15919","Ohn'ahran Plains: Silver","15462","2","136718","","54291","8","15770","1","0"
"15919","Ohn'ahran Plains: Silver","15462","3","136719","","54292","8","15776","1","0"
"15919","Ohn'ahran Plains: Silver","15462","4","136720","","54293","8","15783","1","0"
"15919","Ohn'ahran Plains: Silver","15462","5","136721","","54294","8","15786","1","0"
"15919","Ohn'ahran Plains: Silver","15462","6","137816","","54906","8","16303","1","0"
"15920","Ohn'ahran Plains: Gold","15462","0","136723","","54295","8","15759","1","0"
"15920","Ohn'ahran Plains: Gold","15462","1","136724","","54296","8","15765","1","0"
"15920","Ohn'ahran Plains: Gold","15462","2","136725","","54297","8","15771","1","0"
"15920","Ohn'ahran Plains: Gold","15462","3","136726","","54298","8","15777","1","0"
"15920","Ohn'ahran Plains: Gold","15462","4","136727","","54299","8","15784","1","0"
"15920","Ohn'ahran Plains: Gold","15462","5","136728","","54300","8","15787","1","0"
"15920","Ohn'ahran Plains: Gold","15462","6","137817","","54907","8","16304","1","0"
"15921","Azure Span: Bronze","15462","0","136745","","54313","8","15788","1","0"
"15921","Azure Span: Bronze","15462","1","136746","","54314","8","15799","1","0"
"15921","Azure Span: Bronze","15462","2","136747","","54315","8","15818","1","0"
"15921","Azure Span: Bronze","15462","3","136748","","54316","8","15835","1","0"
"15921","Azure Span: Bronze","15462","4","136749","","54317","8","15841","1","0"
"15921","Azure Span: Bronze","15462","5","136750","","54318","8","15847","1","0"
"15922","Azure Span: Silver","15462","0","136752","","54319","8","15789","1","0"
"15922","Azure Span: Silver","15462","1","136753","","54320","8","15800","1","0"
"15922","Azure Span: Silver","15462","2","136754","","54321","8","15819","1","0"
"15922","Azure Span: Silver","15462","3","136755","","54322","8","15836","1","0"
"15922","Azure Span: Silver","15462","4","136756","","54323","8","15842","1","0"
"15922","Azure Span: Silver","15462","5","136757","","54324","8","15848","1","0"
"15923","Azure Span: Gold","15462","0","136759","","54325","8","15790","1","0"
"15923","Azure Span: Gold","15462","1","136760","","54326","8","15801","1","0"
"15923","Azure Span: Gold","15462","2","136761","","54327","8","15820","1","0"
"15923","Azure Span: Gold","15462","3","136762","","54328","8","15837","1","0"
"15923","Azure Span: Gold","15462","4","136763","","54329","8","15843","1","0"
"15923","Azure Span: Gold","15462","5","136764","","54330","8","15849","1","0"
"15924","Thaldraszus: Bronze","15462","0","136787","","54350","8","15827","1","0"
"15924","Thaldraszus: Bronze","15462","1","136788","","54351","8","15855","1","0"
"15924","Thaldraszus: Bronze","15462","2","136789","","54352","8","15891","1","0"
"15924","Thaldraszus: Bronze","15462","3","136790","","54353","8","15897","1","0"
"15924","Thaldraszus: Bronze","15462","4","136791","","54354","8","15903","1","0"
"15924","Thaldraszus: Bronze","15462","5","136792","","54355","8","15909","1","0"
"15925","Thaldraszus: Silver","15462","0","136794","","54356","8","15828","1","0"
"15925","Thaldraszus: Silver","15462","1","136795","","54357","8","15856","1","0"
"15925","Thaldraszus: Silver","15462","2","136796","","54358","8","15892","1","0"
"15925","Thaldraszus: Silver","15462","3","136797","","54359","8","15898","1","0"
"15925","Thaldraszus: Silver","15462","4","136798","","54360","8","15904","1","0"
"15925","Thaldraszus: Silver","15462","5","136799","","54361","8","15910","1","0"
"15926","Thaldraszus: Gold","15462","0","136801","","54362","8","15829","1","0"
"15926","Thaldraszus: Gold","15462","1","136802","","54363","8","15857","1","0"
"15926","Thaldraszus: Gold","15462","2","136803","","54364","8","15893","1","0"
"15926","Thaldraszus: Gold","15462","3","136804","","54365","8","15899","1","0"
"15926","Thaldraszus: Gold","15462","4","136805","","54366","8","15905","1","0"
"15926","Thaldraszus: Gold","15462","5","136806","","54367","8","15911","1","0"
"15927","Waking Shores Advanced: Bronze","15462","0","136682","","54259","8","15702","1","0"
"15927","Waking Shores Advanced: Bronze","15462","1","136683","","54260","8","15715","1","0"
"15927","Waking Shores Advanced: Bronze","15462","2","136684","","54261","8","15727","1","0"
"15927","Waking Shores Advanced: Bronze","15462","3","136685","","54262","8","15733","1","0"
"15927","Waking Shores Advanced: Bronze","15462","4","136686","","54263","8","15739","1","0"
"15927","Waking Shores Advanced: Bronze","15462","5","136687","","54264","8","15745","1","0"
"15927","Waking Shores Advanced: Bronze","15462","6","136688","","54265","8","15709","1","0"
"15927","Waking Shores Advanced: Bronze","15462","7","136689","","54266","8","15721","1","0"
"15928","Waking Shores Advanced: Silver","15462","0","136691","","54267","8","15703","1","0"
"15928","Waking Shores Advanced: Silver","15462","1","136692","","54268","8","15716","1","0"
"15928","Waking Shores Advanced: Silver","15462","2","136693","","54269","8","15728","1","0"
"15928","Waking Shores Advanced: Silver","15462","3","136694","","54270","8","15734","1","0"
"15928","Waking Shores Advanced: Silver","15462","4","136695","","54271","8","15740","1","0"
"15928","Waking Shores Advanced: Silver","15462","5","136696","","54272","8","15746","1","0"
"15928","Waking Shores Advanced: Silver","15462","6","136697","","54273","8","15710","1","0"
"15928","Waking Shores Advanced: Silver","15462","7","136698","","54274","8","15722","1","0"
"15929","Waking Shores Advanced: Gold","15462","0","136700","","54275","8","15704","1","0"
"15929","Waking Shores Advanced: Gold","15462","1","136701","","54276","8","15717","1","0"
"15929","Waking Shores Advanced: Gold","15462","2","136702","","54277","8","15729","1","0"
"15929","Waking Shores Advanced: Gold","15462","3","136703","","54278","8","15735","1","0"
"15929","Waking Shores Advanced: Gold","15462","4","136704","","54279","8","15741","1","0"
"15929","Waking Shores Advanced: Gold","15462","5","136705","","54280","8","15747","1","0"
"15929","Waking Shores Advanced: Gold","15462","6","136706","","54281","8","15711","1","0"
"15929","Waking Shores Advanced: Gold","15462","7","136707","","54282","8","15723","1","0"
"15930","Ohn'ahran Plains Advanced: Bronze","15462","0","136730","","54301","8","15760","1","0"
"15930","Ohn'ahran Plains Advanced: Bronze","15462","1","136731","","54302","8","15766","1","0"
"15930","Ohn'ahran Plains Advanced: Bronze","15462","2","136732","","54303","8","15772","1","0"
"15930","Ohn'ahran Plains Advanced: Bronze","15462","3","136733","","54304","8","15778","1","0"
"15930","Ohn'ahran Plains Advanced: Bronze","15462","4","137818","","54908","8","16305","1","0"
"15931","Ohn'ahran Plains Advanced: Silver","15462","0","136735","","54305","8","15761","1","0"
"15931","Ohn'ahran Plains Advanced: Silver","15462","1","136736","","54306","8","15767","1","0"
"15931","Ohn'ahran Plains Advanced: Silver","15462","2","136737","","54307","8","15773","1","0"
"15931","Ohn'ahran Plains Advanced: Silver","15462","3","136738","","54308","8","15779","1","0"
"15931","Ohn'ahran Plains Advanced: Silver","15462","4","137819","","54909","8","16306","1","0"
"15932","Ohn'ahran Plains Advanced: Gold","15462","0","136740","","54309","8","15762","1","0"
"15932","Ohn'ahran Plains Advanced: Gold","15462","1","136741","","54310","8","15768","1","0"
"15932","Ohn'ahran Plains Advanced: Gold","15462","2","136742","","54311","8","15774","1","0"
"15932","Ohn'ahran Plains Advanced: Gold","15462","3","136743","","54312","8","15780","1","0"
"15932","Ohn'ahran Plains Advanced: Gold","15462","4","137820","","54910","8","16307","1","0"
"15933","Azure Span Advanced: Bronze","15462","0","136766","","54331","8","15791","1","0"
"15933","Azure Span Advanced: Bronze","15462","1","136767","","54332","8","15802","1","0"
"15933","Azure Span Advanced: Bronze","15462","2","136768","","54333","8","15821","1","0"
"15933","Azure Span Advanced: Bronze","15462","3","136769","","54334","8","15838","1","0"
"15933","Azure Span Advanced: Bronze","15462","4","136770","","54335","8","15844","1","0"
"15933","Azure Span Advanced: Bronze","15462","5","136771","","54336","8","15850","1","0"
"15934","Azure Span Advanced: Silver","15462","0","136773","","54337","8","15792","1","0"
"15934","Azure Span Advanced: Silver","15462","1","136774","","54338","8","15803","1","0"
"15934","Azure Span Advanced: Silver","15462","2","136775","","54339","8","15822","1","0"
"15934","Azure Span Advanced: Silver","15462","3","136776","","54340","8","15839","1","0"
"15934","Azure Span Advanced: Silver","15462","4","136777","","54341","8","15845","1","0"
"15934","Azure Span Advanced: Silver","15462","5","136778","","54342","8","15851","1","0"
"15935","Azure Span Advanced: Gold","15462","0","136780","","54343","8","15793","1","0"
"15935","Azure Span Advanced: Gold","15462","1","136781","","54344","8","15804","1","0"
"15935","Azure Span Advanced: Gold","15462","2","136782","","54345","8","15823","1","0"
"15935","Azure Span Advanced: Gold","15462","3","136783","","54346","8","15840","1","0"
"15935","Azure Span Advanced: Gold","15462","4","136784","","54347","8","15846","1","0"
"15935","Azure Span Advanced: Gold","15462","5","136785","","54348","8","15852","1","0"
"15936","Thaldraszus Advanced: Bronze","15462","0","136808","","54368","8","15830","1","0"
"15936","Thaldraszus Advanced: Bronze","15462","1","136809","","54369","8","15858","1","0"
"15936","Thaldraszus Advanced: Bronze","15462","2","136810","","54370","8","15894","1","0"
"15936","Thaldraszus Advanced: Bronze","15462","3","136811","","54371","8","15900","1","0"
"15936","Thaldraszus Advanced: Bronze","15462","4","136812","","54372","8","15906","1","0"
"15936","Thaldraszus Advanced: Bronze","15462","5","136813","","54373","8","15912","1","0"
"15937","Thaldraszus Advanced: Silver","15462","0","136815","","54374","8","15831","1","0"
"15937","Thaldraszus Advanced: Silver","15462","1","136816","","54375","8","15859","1","0"
"15937","Thaldraszus Advanced: Silver","15462","2","136817","","54376","8","15895","1","0"
"15937","Thaldraszus Advanced: Silver","15462","3","136818","","54377","8","15901","1","0"
"15937","Thaldraszus Advanced: Silver","15462","4","136819","","54378","8","15907","1","0"
"15937","Thaldraszus Advanced: Silver","15462","5","136820","","54379","8","15913","1","0"
"15938","Thaldraszus Advanced: Gold","15462","0","136822","","54380","8","15832","1","0"
"15938","Thaldraszus Advanced: Gold","15462","1","136823","","54381","8","15860","1","0"
"15938","Thaldraszus Advanced: Gold","15462","2","136824","","54382","8","15896","1","0"
"15938","Thaldraszus Advanced: Gold","15462","3","136825","","54383","8","15902","1","0"
"15938","Thaldraszus Advanced: Gold","15462","4","136826","","54384","8","15908","1","0"
"15938","Thaldraszus Advanced: Gold","15462","5","136827","","54385","8","15914","1","0"
"15939","Dragon Racing Completionist: Bronze","15462","0","136829","","54386","8","15915","1","0"
"15939","Dragon Racing Completionist: Bronze","15462","1","136830","","54387","8","15918","1","0"
"15939","Dragon Racing Completionist: Bronze","15462","2","136831","","54388","8","15921","1","0"
"15939","Dragon Racing Completionist: Bronze","15462","3","136832","","54389","8","15924","1","0"
"15939","Dragon Racing Completionist: Bronze","15462","4","136833","","54390","8","15927","1","0"
"15939","Dragon Racing Completionist: Bronze","15462","5","136834","","54391","8","15930","1","0"
"15939","Dragon Racing Completionist: Bronze","15462","6","136835","","54392","8","15933","1","0"
"15939","Dragon Racing Completionist: Bronze","15462","7","136836","","54393","8","15936","1","0"
"15940","Dragon Racing Completionist: Silver","15462","0","136838","","54394","8","15916","1","0"
"15940","Dragon Racing Completionist: Silver","15462","1","136839","","54395","8","15919","1","0"
"15940","Dragon Racing Completionist: Silver","15462","2","136840","","54396","8","15922","1","0"
"15940","Dragon Racing Completionist: Silver","15462","3","136841","","54397","8","15925","1","0"
"15940","Dragon Racing Completionist: Silver","15462","4","136842","","54398","8","15928","1","0"
"15940","Dragon Racing Completionist: Silver","15462","5","136843","","54399","8","15931","1","0"
"15940","Dragon Racing Completionist: Silver","15462","6","136844","","54400","8","15934","1","0"
"15940","Dragon Racing Completionist: Silver","15462","7","136845","","54401","8","15937","1","0"
"15941","Dragon Racing Completionist: Gold","15462","0","136847","","54402","8","15917","1","0"
"15941","Dragon Racing Completionist: Gold","15462","1","136848","","54403","8","15920","1","0"
"15941","Dragon Racing Completionist: Gold","15462","2","136849","","54404","8","15923","1","0"
"15941","Dragon Racing Completionist: Gold","15462","3","136850","","54405","8","15926","1","0"
"15941","Dragon Racing Completionist: Gold","15462","4","136851","","54406","8","15929","1","0"
"15941","Dragon Racing Completionist: Gold","15462","5","136852","","54407","8","15932","1","0"
"15941","Dragon Racing Completionist: Gold","15462","6","136853","","54408","8","15935","1","0"
"15941","Dragon Racing Completionist: Gold","15462","7","136854","","54409","8","15938","1","0"
"16110","Subscribed to Hyena Facts","15467","0","138864","Learn 5 Hyena Facts","55617","28","392363","1","0"
"16255","Brackenhide Hollow","15467","0","137372","","54023","165","2569","1","0"
"16256","Heroic: Brackenhide Hollow","15467","0","137374","","54619","165","2569","1","0"
"16257","Mythic: Brackenhide Hollow","15467","0","137376","","54620","165","2569","1","0"
"16260","Halls of Infusion","15467","0","137378","","54027","165","2618","1","0"
"16261","Heroic: Halls of Infusion","15467","0","137380","","54621","165","2618","1","0"
"16262","Mythic: Halls of Infusion","15467","0","137382","","54622","165","2618","1","0"
"16263","Neltharus","15467","0","137384","","54031","165","2611","1","0"
"16264","Heroic: Neltharus","15467","0","137386","","54623","165","2611","1","0"
"16265","Mythic: Neltharus","15467","0","137388","","54624","165","2611","1","0"
"16266","Ruby Life Pools","15467","0","137390","","54034","165","2623","1","0"
"16267","Heroic: Ruby Life Pools","15467","0","137392","","54625","165","2623","1","0"
"16268","Mythic: Ruby Life Pools","15467","0","137394","","54626","165","2623","1","0"
"16269","Algeth'ar Academy","15467","0","137396","","54039","165","2565","1","0"
"16270","Heroic: Algeth'ar Academy","15467","0","137398","","54627","165","2565","1","0"
"16271","Mythic: Algeth'ar Academy","15467","0","137400","","54628","165","2565","1","0"
"16272","The Azure Vault","15467","0","137402","","54044","165","2584","1","0"
"16273","Heroic: The Azure Vault","15467","0","137404","","54629","165","2584","1","0"
"16274","Mythic: The Azure Vault","15467","0","137406","","54630","165","2584","1","0"
"16275","The Nokhud Offensive","15467","0","137408","","53840","165","2580","1","0"
"16276","Heroic: The Nokhud Offensive","15467","0","137410","","54631","165","2580","1","0"
"16277","Mythic: The Nokhud Offensive","15467","0","137412","","54632","165","2580","1","0"
"16278","Uldaman: Legacy of Tyr","15467","0","137414","","54049","165","2559","1","0"
"16279","Heroic: Uldaman: Legacy of Tyr","15467","0","137416","","54633","165","2559","1","0"
"16280","Mythic: Uldaman: Legacy of Tyr","15467","0","137418","","54634","165","2559","1","0"
"16281","Like Sands Through the Hourglass","15467","0","137474","Catch 20 Eternity Orbs as they fall to the ground","54657","165","2559","1","0"
"16282","No, You're Stunning!","15467","0","137468","Stun Sentinel Talondras and the entire party at the same time","54654","165","2557","1","0"
"16291","An Ancient Awakening","15455","0","137441","","54646","27","70156","1","0"
"16292","Mastering the Waygates","15455","0","137443","Algeth'era","54642","27","71162","1","0"
"16292","Mastering the Waygates","15455","1","137444","Cobalt Assembly","54646","27","70156","1","0"
"16292","Mastering the Waygates","15455","2","137445","Rubyscale Outpost","54646","27","70156","1","0"
"16292","Mastering the Waygates","15455","3","137446","Shady Sanctuary","54640","27","71178","1","0"
"16292","Mastering the Waygates","15455","4","137447","Eon's Fringe","54643","27","71165","1","0"
"16292","Mastering the Waygates","15455","5","137448","Vakthros","54639","27","71161","1","0"
"16292","Mastering the Waygates","15455","6","137449","Rusza'thar Reach","54641","27","71138","1","0"
"16292","Mastering the Waygates","15455","7","137450","Skytop Observatory","54645","27","71157","1","0"
"16296","Growlbossify","15467","0","138444","Free Chief Softpaw, equip her with a spear and shield, keep her alive","55298","165","2570","0","0"
"16297","Treasures of The Waking Shores","15465","0","137551","Golden Dragon Goblet","54698","27","70600","1","0"
"16297","Treasures of The Waking Shores","15465","1","137552","Bubble Drifter","54699","27","70599","1","0"
"16297","Treasures of The Waking Shores","15465","2","137553","Ruby Gem Cluster","54713","27","70598","1","0"
"16297","Treasures of The Waking Shores","15465","3","137554","Yennu's Kite","54701","27","70345","1","0"
"16297","Treasures of The Waking Shores","15465","4","137555","Dead Man's Chestplate","54702","27","70346","1","0"
"16297","Treasures of The Waking Shores","15465","5","137556","Torn Riding Pack","54703","27","70378","1","0"
"16297","Treasures of The Waking Shores","15465","6","138567","Misty Treasure Chest","55403","27","65646","1","0"
"16297","Treasures of The Waking Shores","15465","7","138619","Onyx Gem Cluster","55448","27","72020","1","0"
"16298","Treasure Hunter of the Dragon Isles","15465","0","137558","","54704","8","16297","0","0"
"16298","Treasure Hunter of the Dragon Isles","15465","1","137712","","54816","8","16299","0","0"
"16298","Treasure Hunter of the Dragon Isles","15465","2","137713","","54817","8","16300","0","0"
"16298","Treasure Hunter of the Dragon Isles","15465","3","137714","","54818","8","16301","0","0"
"16299","Treasures of the Ohn'ahran Plains","15465","0","137560","Nokhud Warspear","54707","27","67049","1","0"
"16299","Treasures of the Ohn'ahran Plains","15465","1","137561","Slightly Chewed Duck Egg","54708","27","67950","1","0"
"16299","Treasures of the Ohn'ahran Plains","15465","2","137562","Emerald Gem Cluster","54700","27","70391","1","0"
"16299","Treasures of the Ohn'ahran Plains","15465","3","137563","Cracked Centaur Horn","54709","27","70402","1","0"
"16299","Treasures of the Ohn'ahran Plains","15465","4","137564","Gold Swog Coin","54710","27","70379","1","0"
"16299","Treasures of the Ohn'ahran Plains","15465","5","137565","Yennu's Boat","54711","27","70400","1","0"
"16300","Treasures of The Azure Span","15465","0","137699","Forgotten Jewel Box","54804","27","70603","1","0"
"16300","Treasures of The Azure Span","15465","1","137700","Gnoll Fiend Flail","54805","27","70604","1","0"
"16300","Treasures of The Azure Span","15465","2","137701","Sapphire Gem Cluster","54806","27","70605","1","0"
"16300","Treasures of The Azure Span","15465","3","137702","Lost Compass","54807","27","70606","1","0"
"16300","Treasures of The Azure Span","15465","4","137703","Rubber Fish","54808","27","70380","1","0"
"16300","Treasures of The Azure Span","15465","5","137704","Pepper Hammer","54809","27","70441","1","0"
"16301","Treasures of Thaldraszus","15465","0","137706","Cracked Hourglass","54810","27","70607","1","0"
"16301","Treasures of Thaldraszus","15465","1","137707","Sandy Wooden Duck","54811","27","70608","1","0"
"16301","Treasures of Thaldraszus","15465","2","137708","Amber Gem Cluster","54812","27","70408","1","0"
"16301","Treasures of Thaldraszus","15465","3","137709","Elegant Canvas Brush","54813","27","70609","1","0"
"16301","Treasures of Thaldraszus","15465","4","137710","Surveyor's Magnifying Glass","54814","27","70610","1","0"
"16301","Treasures of Thaldraszus","15465","5","137711","Acorn Harvester","54815","27","70611","1","0"
"16317","Secret Fishing Spots","15466","0","137869","Highlands fishing spots","54944","27","75642","1","0"
"16317","Secret Fishing Spots","15466","1","137966","Ice fishing spots","55017","27","67141","1","0"
"16317","Secret Fishing Spots","15466","2","137967","Lava fishing spots","55016","27","67140","1","0"
"16320","Does Steam Do Fire Damage?","15467","0","137969","Heat up 4 life pools","55018","165","2606","1","0"
"16321","Cutting Tusk Equipment","15466","0","137977","Iskaaran Harpoon","55023","27","70792","0","0"
"16321","Cutting Tusk Equipment","15466","1","137978","Iskaaran Fishing Net","55020","27","70793","0","0"
"16322","Best in Slot","15466","0","137971","Harpoon handle","55019","27","70795","0","0"
"16322","Best in Slot","15466","1","137972","Harpoon head","55076","27","70797","0","0"
"16322","Best in Slot","15466","2","137973","Harpoon rope","55024","27","70799","0","0"
"16322","Best in Slot","15466","3","137974","Fishing net weights","55021","27","70801","0","0"
"16322","Best in Slot","15466","4","137975","Fishing net knots","55022","27","70803","0","0"
"16323","Fragments of History","15465","0","137980","Dislodged Dragoneye","55025","27","70236","1","0"
"16323","Fragments of History","15465","1","137981","Tail Fragment","55026","27","70207","1","0"
"16323","Fragments of History","15465","2","137982","Broken Banding","55027","27","70175","1","0"
"16323","Fragments of History","15465","3","137983","Chunk of Sculpture","55028","27","70806","1","0"
"16323","Fragments of History","15465","4","137984","Coldwashed Dragonclaw","55029","27","70791","1","0"
"16323","Fragments of History","15465","5","137985","Finely Carved Wing","55030","27","70789","1","0"
"16323","Fragments of History","15465","6","137986","Golden Claw","55031","27","70204","1","0"
"16323","Fragments of History","15465","7","137987","Precious Stone Fragment","55032","27","70805","1","0"
"16323","Fragments of History","15465","8","137988","Stone Dragontooth","55033","27","70790","1","0"
"16323","Fragments of History","15465","9","137989","Wrapped Gold Band","55034","27","70788","1","0"
"16329","Duck, Duck, Spruce!","15467","0","138879","Duckling on all party members during combat","55619","165","2563","1","0"
"16330","You Must Be Made of Hide","15467","0","138060","Avoid being hit by polymorph traps and ensure Shriek is never cast","55084","165","2584","1","0"
"16331","The Cracked Crystal","15467","0","138063","Defeat 9 Geode Chunks","55086","165","2584","1","0"
"16334","Waking Hope","15455","0/0","94555","","53007","27","69914","0","0"
"16334","Waking Hope","15455","1/0","135723","","53766","27","66001","0","0"
"16334","Waking Hope","15455","2/0","135725","","53767","27","66124","0","0"
"16334","Waking Hope","15455","3/0","135727","","53768","27","66057","0","0"
"16334","Waking Hope","15455","4/0","135729","","53769","27","65794","0","0"
"16335","What Frozen Things Do","15468","0","138068","Defeat a Burning Behemoth","55089","165","2587","1","0"
"16336","Azure Spanner","15455","0/0","138071","","55090","27","65855","0","0"
"16336","Azure Spanner","15455","1/0","138073","","55091","27","66026","0","0"
"16336","Azure Spanner","15455","2/0","138075","","55092","27","65911","0","0"
"16336","Azure Spanner","15455","3/0","138077","","55093","27","66015","0","0"
"16337","It's a Trogg Eat Trogg World","15467","0","138090","Defeat Bromach with 10 or more living Stonevault Troggs","55103","165","2556","1","0"
"16338","Fang Flap Fire Fighter","15465","0","138079","","55094","28","389265","1","0"
"16339","Myths of the Dragonflight Dungeons","15467","0","138081","","55095","8","16271","1","0"
"16339","Myths of the Dragonflight Dungeons","15467","1","138082","","55096","8","16257","1","0"
"16339","Myths of the Dragonflight Dungeons","15467","2","138083","","55097","8","16262","1","0"
"16339","Myths of the Dragonflight Dungeons","15467","3","138084","","55098","8","16265","1","0"
"16339","Myths of the Dragonflight Dungeons","15467","4","138085","","55099","8","16268","1","0"
"16339","Myths of the Dragonflight Dungeons","15467","5","138086","","55100","8","16274","1","0"
"16339","Myths of the Dragonflight Dungeons","15467","6","138087","","55101","8","16277","1","0"
"16339","Myths of the Dragonflight Dungeons","15467","7","138088","","55102","8","16280","1","0"
"16343","Vault of the Incarnates","15468","0","138133","Eranog","55109","165","2587","1","0"
"16343","Vault of the Incarnates","15468","1","138134","The Primal Council","55110","165","2590","1","0"
"16343","Vault of the Incarnates","15468","2","138135","Dathea, Ascended","55111","165","2635","1","0"
"16343","Vault of the Incarnates","15468","3","138136","Terros","55113","165","2639","1","0"
"16343","Vault of the Incarnates","15468","4","138137","Sennarth, The Cold Breath","55114","165","2592","1","0"
"16343","Vault of the Incarnates","15468","5","138138","Kurog Grimtotem","55115","165","2605","1","0"
"16343","Vault of the Incarnates","15468","6","138139","Broodkeeper Diurna","55116","165","2614","1","0"
"16343","Vault of the Incarnates","15468","7","138140","Raszageth the Storm-Eater","55117","165","2607","1","0"
"16345","Heroic: Vault of the Incarnates","15468","0","138142","Eranog","55121","165","2587","1","0"
"16345","Heroic: Vault of the Incarnates","15468","1","138143","The Primal Council","55122","165","2590","1","0"
"16345","Heroic: Vault of the Incarnates","15468","2","138144","Dathea, Ascended","55123","165","2635","1","0"
"16345","Heroic: Vault of the Incarnates","15468","3","138145","Terros","55124","165","2639","1","0"
"16345","Heroic: Vault of the Incarnates","15468","4","138146","Sennarth, The Cold Breath","55125","165","2592","1","0"
"16345","Heroic: Vault of the Incarnates","15468","5","138147","Kurog Grimtotem","55127","165","2605","1","0"
"16345","Heroic: Vault of the Incarnates","15468","6","138148","Broodkeeper Diurna","55126","165","2614","1","0"
"16345","Heroic: Vault of the Incarnates","15468","7","138149","Raszageth","55128","165","2607","1","0"
"16346","Mythic: Eranog","15468","0","138151","","55129","165","2587","1","0"
"16347","Mythic: Terros","15468","0","138153","","55130","165","2639","1","0"
"16348","Mythic: The Primal Council","15468","0","138155","","55131","165","2590","1","0"
"16349","Mythic: Sennarth, The Cold Breath","15468","0","138157","","55132","165","2592","1","0"
"16350","Mythic: Dathea, Ascended","15468","0","138159","","55133","165","2635","1","0"
"16351","Mythic: Kurog Grimtotem","15468","0","138161","","55134","165","2605","1","0"
"16352","Mythic: Broodkeeper Diurna","15468","0","138163","","55135","165","2614","1","0"
"16353","Mythic: Raszageth the Storm-Eater","15468","0","138165","","55136","165","2607","1","0"
"16354","Mythic: Vault of the Incarnates","15468","0","138167","","55137","8","16346","0","0"
"16354","Mythic: Vault of the Incarnates","15468","1","138168","","55138","8","16347","0","0"
"16354","Mythic: Vault of the Incarnates","15468","2","138169","","55139","8","16348","0","0"
"16354","Mythic: Vault of the Incarnates","15468","3","138170","","55140","8","16349","0","0"
"16354","Mythic: Vault of the Incarnates","15468","4","138171","","55141","8","16350","0","0"
"16354","Mythic: Vault of the Incarnates","15468","5","138172","","55142","8","16351","0","0"
"16354","Mythic: Vault of the Incarnates","15468","6","138173","","55143","8","16352","0","0"
"16354","Mythic: Vault of the Incarnates","15468","7","138174","","55144","8","16353","0","0"
"16363","Just Don't Ask Me to Spell It","15455","0/0","138207","","55167","27","66252","0","0"
"16363","Just Don't Ask Me to Spell It","15455","1/0","138209","","55168","27","65962","0","0"
"16363","Just Don't Ask Me to Spell It","15455","2/0","138211","","113758","27","66221","0","0"
"16364","The Lunker Below","15468","0","138231","Lure out the Lurking Lunker who lives in lava","55181","165","2590","0","0"
"16365","Little Friends","15468","0","138306","Defeat 3 Energized Earth creatures.","55206","165","2639","1","0"
"16398","Sojourner of Thaldraszus","15455","0","138320","Gelikyr Overlook","55213","27","66472","0","0"
"16398","Sojourner of Thaldraszus","15455","1","138321","Drawing Conclusions","55214","27","66467","0","0"
"16398","Sojourner of Thaldraszus","15455","2","138322","The Screetchflight Scramble","55215","27","66299","0","0"
"16398","Sojourner of Thaldraszus","15455","3","138323","Gardens of Unity","55216","27","66412","0","0"
"16398","Sojourner of Thaldraszus","15455","4","138324","Tyrhold Reservoir","55217","27","65920","0","0"
"16398","Sojourner of Thaldraszus","15455","5","138325","Bleeding Hearts","55218","27","69934","0","0"
"16398","Sojourner of Thaldraszus","15455","6","138326","Serene Dreams Spa","55219","27","70745","0","0"
"16398","Sojourner of Thaldraszus","15455","7","138327","Misty Vale","55220","27","70879","0","0"
"16400","Explore the Waking Shores","15465","0","138340","Apex Canopy","55875","43","4796","1","0"
"16400","Explore the Waking Shores","15465","1","138334","Dragonheart Outpost","55876","43","4798","1","0"
"16400","Explore the Waking Shores","15465","2","139405","Frostflash Assault","55878","43","4799","1","0"
"16400","Explore the Waking Shores","15465","3","138333","Life-Binder Conservatory","55879","43","4800","1","0"
"16400","Explore the Waking Shores","15465","4","138341","Obsidian Bulwark","55880","43","4801","1","0"
"16400","Explore the Waking Shores","15465","5","138342","Obsidian Citadel","55881","43","4802","1","0"
"16400","Explore the Waking Shores","15465","6","138337","Overflowing Rapids","55882","43","4803","1","0"
"16400","Explore the Waking Shores","15465","7","138336","Ruby Life Pools","55883","43","4804","1","0"
"16400","Explore the Waking Shores","15465","8","138332","Scalecracker Keep","55884","43","4805","1","0"
"16400","Explore the Waking Shores","15465","9","138335","Skytop Observatory","55885","43","4806","1","0"
"16400","Explore the Waking Shores","15465","10","138331","Wild Coast","55886","43","4807","1","0"
"16400","Explore the Waking Shores","15465","11","138339","Wild Preserve","55877","43","4797","1","0"
"16401","Sojourner of the Waking Shores","15455","0","138351","Beyond the Barrier","55229","27","66447","0","0"
"16401","Sojourner of the Waking Shores","15455","1","138357","Brave Researchers","55243","27","69902","0","0"
"16401","Sojourner of the Waking Shores","15455","2","138356","Professional Protographer","55227","27","66529","0","0"
"16401","Sojourner of the Waking Shores","15455","3/0","138355","Garden","55228","27","66737","0","0"
"16401","Sojourner of the Waking Shores","15455","3/1","138354","Skeleton","55239","27","66831","0","0"
"16401","Sojourner of the Waking Shores","15455","3/2","138352","Overflowing Rapids-1","55234","27","66893","0","0"
"16401","Sojourner of the Waking Shores","15455","3/3","138359","Overflowing Rapids-2","55237","27","66892","0","0"
"16401","Sojourner of the Waking Shores","15455","4","138353","Save the Hippos!","55241","27","66108","0","0"
"16401","Sojourner of the Waking Shores","15455","5","138350","The Shadow of His Wings","55242","27","65691","0","0"
"16402","Dragon Kill Points","15467","0","138348","Defeat 40 Infused Whelps from Melidrussa's chamber","55226","165","2609","1","0"
"16404","So You Can Kill This in a Way That Matters...","15467","0","138866","Resilient Mushrooms destroyed","55618","165","2569","0","0"
"16405","Sojourner of Ohn'ahran Plains","15455","0","138361","Taivan's Purpose","55230","27","69096","0","0"
"16405","Sojourner of Ohn'ahran Plains","15455","1","138362","Initiate's Day Out","55231","27","66676","0","0"
"16405","Sojourner of Ohn'ahran Plains","15455","2","138363","Lilac Ramble","55232","27","66011","0","0"
"16405","Sojourner of Ohn'ahran Plains","15455","3","138364","Pinewood Post","55233","27","66684","0","0"
"16405","Sojourner of Ohn'ahran Plains","15455","4","138365","Elder Nazuun","55235","27","66690","0","0"
"16405","Sojourner of Ohn'ahran Plains","15455","5","138366","The Eternal Kurgans","55236","27","66658","0","0"
"16405","Sojourner of Ohn'ahran Plains","15455","6","138367","Mudfin Village","55238","27","66006","0","0"
"16405","Sojourner of Ohn'ahran Plains","15455","7","138368","Nelthazan Ruins","55240","27","66700","0","0"
"16406","All Sides of the Story","15465","0/0","138381","","55253","27","70135","1","0"
"16406","All Sides of the Story","15465","0/1","138382","","55254","27","66111","1","0"
"16406","All Sides of the Story","15465","1","138372","Duroz & Kolgar","55246","27","70708","0","0"
"16406","All Sides of the Story","15465","2","138370","Tarjin the Blind","55244","27","70777","0","0"
"16406","All Sides of the Story","15465","3","138371","Veritistrasz","55245","27","70268","0","0"
"16409","Let's Get Quacking","15465","0","138375","","55248","27","66196","0","0"
"16409","Let's Get Quacking","15465","1","138376","","55249","27","70877","0","0"
"16409","Let's Get Quacking","15465","2","138377","","55250","27","70917","0","0"
"16409","Let's Get Quacking","15465","3","138378","","55251","27","70918","0","0"
"16409","Let's Get Quacking","15465","4","138379","","55252","27","70919","0","0"
"16410","Siege on Dragonbane Keep: Snack Attack","15465","0","138392","","55262","29","386728","20","0"
"16411","Siege on Dragonbane Keep: Home Sweet Home","15465","0","138394","","55263","152","2037","1","0"
"16412","Siege on Dragonbane Keep: Chiseled Record","15465","0","138396","Complaint to Scalepiercer","55264","68","381357","1","0"
"16412","Siege on Dragonbane Keep: Chiseled Record","15465","1","138397","Wyrmeater's Recipe","55266","68","381358","1","0"
"16412","Siege on Dragonbane Keep: Chiseled Record","15465","2","138398","The Grand Flame's Journal","55265","68","381359","1","0"
"16419","I Was Saving That For Later","15468","0","138446","Free 5 mysterious captives and witness their demise","55299","165","2592","1","0"
"16423","Honor Our Ancestors","15465","0","138450","Maruukai Ancestor","55302","27","71167","0","0"
"16423","Honor Our Ancestors","15465","1","138451","Timberstep Outpost Ancestor","55303","27","71168","0","0"
"16423","Honor Our Ancestors","15465","2","138452","Horn of Drusahl Ancestor","55304","27","71169","0","0"
"16423","Honor Our Ancestors","15465","3","138453","Toghusuq Village Ancestor","55305","27","71170","0","0"
"16423","Honor Our Ancestors","15465","4","138454","Shikaar Highlands Ancestor","55306","27","71171","0","0"
"16423","Honor Our Ancestors","15465","5","138455","The Carving Winds Ancestor","55307","27","71172","0","0"
"16423","Honor Our Ancestors","15465","6","138456","Sylvan Glade Ancestor","55308","27","71173","0","0"
"16423","Honor Our Ancestors","15465","7","138457","Ohn'iri Springs Ancestor","55309","27","71174","0","0"
"16423","Honor Our Ancestors","15465","8","138458","Teerakai Ancestor","55310","27","71175","0","0"
"16423","Honor Our Ancestors","15465","9","138459","The Eternal Kurgans Ancestor","55311","27","71176","0","0"
"16424","Who's a Good Bakar?","15465","0","138509","Alli","55348","0","197569","0","0"
"16424","Who's a Good Bakar?","15465","1","138465","Baba","55316","0","189274","0","0"
"16424","Who's a Good Bakar?","15465","2","138478","Baga","55329","0","196871","0","0"
"16424","Who's a Good Bakar?","15465","3","138475","Berrel","55326","0","195669","0","0"
"16424","Who's a Good Bakar?","15465","4","138466","Elaichi","55317","0","187840","0","0"
"16424","Who's a Good Bakar?","15465","5","138470","Ellam","55321","0","187667","0","0"
"16424","Who's a Good Bakar?","15465","6","138464","Fogl","55315","0","189387","0","0"
"16424","Who's a Good Bakar?","15465","7","138469","Gentara","55320","0","186189","0","0"
"16424","Who's a Good Bakar?","15465","8","138476","Hugo","55327","0","189377","0","0"
"16424","Who's a Good Bakar?","15465","9","138472","Katei","55323","0","196650","0","0"
"16424","Who's a Good Bakar?","15465","10","138480","Laila","55331","0","190043","0","0"
"16424","Who's a Good Bakar?","15465","11","138477","Nahma","55328","0","192687","0","0"
"16424","Who's a Good Bakar?","15465","12","138468","Pesca","55319","0","189278","0","0"
"16424","Who's a Good Bakar?","15465","13","138479","Rotti","55330","0","191405","0","0"
"16424","Who's a Good Bakar?","15465","14","138508","Soyoo","55347","0","197514","0","0"
"16424","Who's a Good Bakar?","15465","15","138474","Taivan","55325","0","197518","0","0"
"16424","Who's a Good Bakar?","15465","16","138467","Tseg","55318","0","189276","0","0"
"16424","Who's a Good Bakar?","15465","17","138471","Vinyu","55322","0","196651","0","0"
"16424","Who's a Good Bakar?","15465","18","138473","Wish","55324","0","191408","0","0"
"16424","Who's a Good Bakar?","15465","19","138463","Zephyr","55314","0","189388","0","0"
"16426","Hungry Hungry Hornswog","15467","0","138939","Curious Swoglets devoured by the Gulping Goliath while Hangry","55676","165","2616","1","0"
"16427","Go With the Flow","15467","0","138967","Flow Control Units slain","55690","165","2618","1","0"
"16428","Sojourner of Azure Span","15455","0","138495","Grimtusk Hideaway","55335","27","71135","0","0"
"16428","Sojourner of Azure Span","15455","1","138496","Gorloc Shore","55336","27","66559","0","0"
"16428","Sojourner of Azure Span","15455","2","138497","Snowhide Camp","55337","27","66730","0","0"
"16428","Sojourner of Azure Span","15455","3","138498","Slyvern Plunge","55338","27","70338","0","0"
"16428","Sojourner of Azure Span","15455","4","138499","Brackenhide Water Hole","55339","27","66270","0","0"
"16428","Sojourner of Azure Span","15455","5","138500","Creektooth Den","55340","27","65595","0","0"
"16428","Sojourner of Azure Span","15455","6","138501","Shiverweb Vale","55341","27","65834","0","0"
"16428","Sojourner of Azure Span","15455","7","138502","Kauriq Gleamlet","55342","27","66155","0","0"
"16428","Sojourner of Azure Span","15455","8","138503","Lost Ruins","55343","27","70970","0","0"
"16428","Sojourner of Azure Span","15455","9","138504","Ruins of Karnthar","55344","27","66429","0","0"
"16428","Sojourner of Azure Span","15455","10","138505","Rustpine Den","55345","27","66152","0","0"
"16428","Sojourner of Azure Span","15455","11","138506","Winterpelt Hollow","55346","27","66556","0","0"
"16430","All Bark, All Bite","15467","0","138862","All players Consumed","55601","165","2568","1","0"
"16432","Ready for Raiding VIII","15467","0","139358","Avoid being struck by Forgestorm, Forgefire, Blazing Eruptions, another player's Blazing Aegis, or the final slam of Heated Swings.","55839","28","392729","1","0"
"16434","See Me After Class","15467","0","138621","No players absorbed Arcane Orbs","55449","165","2562","1","0"
"16438","Knowledge is... Preserved?","15467","0","138536","Allow no more than 15 books to catch fire","55373","165","2613","1","0"
"16440","Are You My Broodmother?","15467","0","138601","Chill, Sear, Temper, and Keep Alive the Nascent Ruby Egg","55424","28","391363","0","0"
"16441","Squad Goals","15467","0","138569","Activate both Goals at the same time","55406","165","2564","1","0"
"16442","Incubation Extermination","15468","0","138539","Hatch and defeat lieutenants from each Primal element's eggs within 10 seconds","55379","28","391315","0","0"
"16443","Soupervisor","15466","0","138541","Complete a Cooking Task","55380","0","196607","100","0"
"16444","Leftovers' Revenge","15466","0","138543","Bisquius slain","55381","0","197557","1","0"
"16445","Icy What You Did There","15467","0","138545","Create a Very Icy Crystal","55382","165","2583","1","0"
"16446","That's Pretty Neat!","15465","0","138550","Apex Blazewing","55392","0","197621","0","0"
"16446","That's Pretty Neat!","15465","1","138548","Avis Gryphonheart","55384","0","193356","0","0"
"16446","That's Pretty Neat!","15465","2","138551","Blue Terror","55397","0","197646","0","0"
"16446","That's Pretty Neat!","15465","3","138552","Chef Fry-Aerie","55388","0","197614","0","0"
"16446","That's Pretty Neat!","15465","4","138553","Drakewing","55387","0","197613","0","0"
"16446","That's Pretty Neat!","15465","5","138554","Eldoren the Reborn","55398","0","197648","0","0"
"16446","That's Pretty Neat!","15465","6","138555","Feasting Buzzard","55401","0","197655","0","0"
"16446","That's Pretty Neat!","15465","7","138556","Forgotten Gryphon","55394","0","197634","0","0"
"16446","That's Pretty Neat!","15465","8","138557","Glade Ohuna","55402","0","197658","0","0"
"16446","That's Pretty Neat!","15465","9","138547","Halia Cloudfeather","55383","0","193354","0","0"
"16446","That's Pretty Neat!","15465","10","138558","Horned Filcher","55393","0","197622","0","0"
"16446","That's Pretty Neat!","15465","11","138559","Iridescent Peafowl","55389","0","197616","0","0"
"16446","That's Pretty Neat!","15465","12","138560","Liskron the Dazzling","55399","0","197649","0","0"
"16446","That's Pretty Neat!","15465","13","138561","Nergazurai","55400","0","197653","0","0"
"16446","That's Pretty Neat!","15465","14","138562","Ohn'ahra","55386","0","197612","0","0"
"16446","That's Pretty Neat!","15465","15","138549","Palla of the Wing","55385","0","193357","0","0"
"16446","That's Pretty Neat!","15465","16","138563","Pine Flicker","55390","0","197618","0","0"
"16446","That's Pretty Neat!","15465","17","138564","Quackers the Terrible","55396","0","197639","0","0"
"16446","That's Pretty Neat!","15465","18","138565","Territorial Axebeak","55391","0","197619","0","0"
"16446","That's Pretty Neat!","15465","19","138566","Zenet Avis","55395","0","197638","0","0"
"16447","What Are The Chances...","15467","0","138571","Defeat the Storm Elemental","55407","165","2636","1","0"
"16450","The Power is MINE!","15468","0","138577","Defeat the Primal Avatar","55410","165","2605","1","0"
"16451","The Ol Raszle Daszle","15468","0","139676","Concentrated Storm Defeated","56024","165","2607","0","0"
"16453","Liquid Hot Magma","15467","0","140745","Mutate Magmatusk before combat","56803","165","2610","1","0"
"16456","Weapons of the Maruukai","15467","0","138926","Obtain 3 tainted weapons","55670","165","2581","1","0"
"16457","Explore the Ohn'ahran Plains","15465","0","138603","Ancient Bough","55434","43","4784","1","0"
"16457","Explore the Ohn'ahran Plains","15465","1","138604","Broadhoof Outpost","55435","43","4785","1","0"
"16457","Explore the Ohn'ahran Plains","15465","2","138605","Emberwatch","55436","43","4786","1","0"
"16457","Explore the Ohn'ahran Plains","15465","3","138606","Emerald Gardens","55437","43","4787","1","0"
"16457","Explore the Ohn'ahran Plains","15465","4","138607","Forkriver Crossing","55438","43","4788","1","0"
"16457","Explore the Ohn'ahran Plains","15465","5","138608","Maruukai","55439","43","4789","1","0"
"16457","Explore the Ohn'ahran Plains","15465","6","138609","Nokhudon Hold","55440","43","4790","1","0"
"16457","Explore the Ohn'ahran Plains","15465","7","138610","Horn of Drusahl","55441","43","4791","1","0"
"16457","Explore the Ohn'ahran Plains","15465","8","138611","Rusza'thar Reach","55442","43","4792","1","0"
"16457","Explore the Ohn'ahran Plains","15465","9","138612","Teerakai","55443","43","4793","1","0"
"16457","Explore the Ohn'ahran Plains","15465","10","138613","Mirewood Fen","55444","43","4794","1","0"
"16457","Explore the Ohn'ahran Plains","15465","11","138614","Windsong Rise","55445","43","4795","1","0"
"16458","Nothing But Air","15468","0","138654","Collect 8 Condensed Gales","55479","165","2635","1","0"
"16460","Explore the Azure Span","15465","0","138623","Camp Antonidas","55450","43","4765","1","0"
"16460","Explore the Azure Span","15465","1","138624","Azure Archives","55451","43","4766","1","0"
"16460","Explore the Azure Span","15465","2","138625","Big Tree Hills","55452","43","4767","1","0"
"16460","Explore the Azure Span","15465","3","138626","Brackenhide Hollow","55453","43","4768","1","0"
"16460","Explore the Azure Span","15465","4","138627","Camp Nowhere","55454","43","4769","1","0"
"16460","Explore the Azure Span","15465","5","138628","Cobalt Assembly","55455","43","4770","1","0"
"16460","Explore the Azure Span","15465","6","138629","Iskaara","55456","43","4771","1","0"
"16460","Explore the Azure Span","15465","7","138630","Snowhide Den","55457","43","4772","1","0"
"16460","Explore the Azure Span","15465","8","138631","Theron's Watch","55458","43","4773","1","0"
"16460","Explore the Azure Span","15465","9","138632","Three-Falls Lookout","55459","43","4774","1","0"
"16460","Explore the Azure Span","15465","10","138633","Vakthros","55460","43","4775","1","0"
"16461","Stormed Off","15465","0","138635","","55461","0","193648","1","0"
"16461","Stormed Off","15465","1","138636","","55462","0","193645","1","0"
"16461","Stormed Off","15465","2","138637","","55463","0","193644","1","0"
"16461","Stormed Off","15465","3","138638","","55464","0","193647","1","0"
"16461","Stormed Off","15465","4","138639","","55465","0","193686","1","0"
"16461","Stormed Off","15465","5","138640","","55466","0","193682","1","0"
"16461","Stormed Off","15465","6","138641","","55467","0","193680","1","0"
"16461","Stormed Off","15465","7","138642","","55468","0","193684","1","0"
"16461","Stormed Off","15465","8","138643","","55469","0","193652","1","0"
"16461","Stormed Off","15465","9","138644","","55470","0","193674","1","0"
"16461","Stormed Off","15465","10","138645","","55471","0","193675","1","0"
"16461","Stormed Off","15465","11","138646","","55472","0","193677","1","0"
"16461","Stormed Off","15465","12","138647","","55473","0","193678","1","0"
"16461","Stormed Off","15465","13","138648","","55474","0","193679","1","0"
"16461","Stormed Off","15465","14","138649","","55475","0","193653","1","0"
"16461","Stormed Off","15465","15","138650","","55476","0","193654","1","0"
"16461","Stormed Off","15465","16","138651","","55477","0","193650","1","0"
"16461","Stormed Off","15465","17","138652","","55478","0","193655","1","0"
"16462","The Ohn'ahran Trail","15465","0","138656","Aylaag Outpost to river camp","55480","152","2040","1","0"
"16462","The Ohn'ahran Trail","15465","1","138657","River camp to Eaglewatch Outpost","55481","152","2056","1","0"
"16462","The Ohn'ahran Trail","15465","2","138658","Eaglewatch Outpost to Aylaag Outpost","55482","152","2123","1","0"
"16463","Thunderstorms in The Waking Shores","15465","0","138660","Defeat air imbued creatures within the Waking Shores.","55483","28","392140","200","0"
"16465","Sandstorms in The Waking Shores","15465","0","138668","Defeat earth imbued creatures within the Waking Shores.","55484","28","392121","200","0"
"16466","Firestorms in The Waking Shores","15465","0","138674","Defeat fire imbued creatures within the Waking Shores.","55494","28","392142","200","0"
"16467","Snowstorms in The Waking Shores","15465","0","138676","Defeat water imbued creatures within the Waking Shores.","55495","28","392143","200","0"
"16468","Chasing Storms in The Waking Shores","15465","0","138678","","55496","8","16463","1","0"
"16468","Chasing Storms in The Waking Shores","15465","1","138679","","55497","8","16465","1","0"
"16468","Chasing Storms in The Waking Shores","15465","2","138680","","55498","8","16466","1","0"
"16468","Chasing Storms in The Waking Shores","15465","3","138681","","55499","8","16467","1","0"
"16474","Do You Wanna Build a Snowman?","15465","0","138683","","55500","27","72031","1","0"
"16475","Thunderstorms in the Ohn'ahran Plains","15465","0","138685","","55501","28","392140","200","0"
"16476","Chasing Storms in the Ohn'ahran Plains","15465","0","138693","","55505","8","16475","1","0"
"16476","Chasing Storms in the Ohn'ahran Plains","15465","1","138694","","55506","8","16477","1","0"
"16476","Chasing Storms in the Ohn'ahran Plains","15465","2","138695","","55507","8","16478","1","0"
"16476","Chasing Storms in the Ohn'ahran Plains","15465","3","138696","","55508","8","16479","1","0"
"16477","Sandstorms in the Ohn'ahran Plains","15465","0","138687","","55502","28","392121","200","0"
"16478","Firestorms in the Ohn'ahran Plains","15465","0","138689","","55503","28","392142","200","0"
"16479","Snowstorms in the Ohn'ahran Plains","15465","0","138691","","55504","28","392143","200","0"
"16480","Thunderstorms in The Azure Span","15465","0","138698","","55509","28","392140","200","0"
"16481","Sandstorms in The Azure Span","15465","0","138700","","55510","28","392121","200","0"
"16482","Firestorms in The Azure Span","15465","0","138702","","55511","28","392142","200","0"
"16483","Snowstorms in The Azure Span","15465","0","138704","","55512","28","392143","200","0"
"16484","Chasing Storms in The Azure Span","15465","0","138706","","55513","8","16480","1","0"
"16484","Chasing Storms in The Azure Span","15465","1","138707","","55514","8","16481","1","0"
"16484","Chasing Storms in The Azure Span","15465","2","138708","","55515","8","16482","1","0"
"16484","Chasing Storms in The Azure Span","15465","3","138709","","55516","8","16483","1","0"
"16485","Thunderstorms in Thaldraszus","15465","0","138711","","55517","28","392140","200","0"
"16486","Sandstorms in Thaldraszus","15465","0","138713","","55518","28","392121","200","0"
"16487","Firestorms in Thaldraszus","15465","0","138715","","55519","28","392142","200","0"
"16488","Snowstorms in Thaldraszus","15465","0","138717","","55520","28","392143","200","0"
"16489","Chasing Storms in Thaldraszus","15465","0","138719","","55521","8","16485","1","0"
"16489","Chasing Storms in Thaldraszus","15465","1","138720","","55522","8","16486","1","0"
"16489","Chasing Storms in Thaldraszus","15465","2","138721","","55523","8","16487","1","0"
"16489","Chasing Storms in Thaldraszus","15465","3","138722","","55524","8","16488","1","0"
"16490","Storm Chaser","15465","0","138724","","55525","8","16468","1","0"
"16490","Storm Chaser","15465","1","138725","","55526","8","16476","1","0"
"16490","Storm Chaser","15465","2","138726","","55527","8","16484","1","0"
"16490","Storm Chaser","15465","3","138727","","55528","8","16489","1","0"
"16492","Into the Storm","15465","0","138729","","55529","8","16490","1","0"
"16492","Into the Storm","15465","1","138730","","55530","8","16461","1","0"
"16492","Into the Storm","15465","2","138764","","55532","8","16500","1","0"
"16492","Into the Storm","15465","3","138918","","55665","8","16502","1","0"
"16493","Petty Theft Mammoth","15465","0","139401","Smoldering Perch","55870","0","194625","1","0"
"16493","Petty Theft Mammoth","15465","1","139402","Burning Ascent","55871","0","198150","1","0"
"16493","Petty Theft Mammoth","15465","2","139403","Scalecracker Keep","55872","0","198155","1","0"
"16493","Petty Theft Mammoth","15465","3","139404","Dragonbane Keep","55873","0","198153","1","0"
"16494","Loyalty to the Prince","15466","0","139398","Wrathion","55675","46","2517","42000","0"
"16495","Obsidian Keymaster","15465","0","139391","Turn In Obsidian Keys","55865","0","198140","30","0"
"16496","Obsidian Champion","15465","0","139393","Forging the Answer","57868","0","134773","1","0"
"16496","Obsidian Champion","15465","1","139394","Death's Shadow","56053","0","190985","1","0"
"16496","Obsidian Champion","15465","2","139395","Breaking the World","56988","0","187306","1","0"
"16496","Obsidian Champion","15465","3","139396","Clearing the Vault","56054","0","189822","1","0"
"16497","I'm Playing All Sides","15465","0/0","139383","","55860","27","66805","1","0"
"16497","I'm Playing All Sides","15465","0/1","139384","","55861","27","66131","1","0"
"16497","I'm Playing All Sides","15465","1/0","139386","","55862","27","66133","1","0"
"16497","I'm Playing All Sides","15465","1/1","139387","","55863","27","66130","1","0"
"16497","I'm Playing All Sides","15465","2/0","139389","Igys the Believer","55864","27","66129","1","0"
"16497","I'm Playing All Sides","15465","3/0","139388","Forgemaster Bazentus","57972","27","66126","1","0"
"16498","Elemental Overflow","15465","0","138759","","55531","12","2118","1000","0"
"16499","Elemental Overflowing","15465","0","138761","","55531","12","2118","2500","0"
"16500","Elemental Overload","15465","0","138763","","55531","12","2118","5000","0"
"16517","Toxicity Strike Team","15467","0","138929","Defeat the Toxic Swogmother","55671","0","197774","1","0"
"16518","Explore Thaldraszus","15465","0","138896","Valdrakken","55635","43","4781","1","0"
"16518","Explore Thaldraszus","15465","1","138895","Tyrhold","55636","43","4780","1","0"
"16518","Explore Thaldraszus","15465","2","138893","Gelikyr Post","55637","43","4777","1","0"
"16518","Explore Thaldraszus","15465","3","138888","South Hold Gate","55638","43","4778","1","0"
"16518","Explore Thaldraszus","15465","4","138887","Temporal Conflux","55639","43","4779","1","0"
"16518","Explore Thaldraszus","15465","5","138889","Algeth'ar Academy","55640","43","4776","1","0"
"16518","Explore Thaldraszus","15465","6","138890","Vault of the Incarnates","55641","43","4782","1","0"
"16518","Explore Thaldraszus","15465","7","138892","Veiled Ossuary","55643","43","4783","1","0"
"16531","A Whole Heap of Lunkers","15466","0","138947","Find a Lunker while fishing with your Iskaari Harpoon.","55673","28","392276","25","0"
"16532","True Friends with Sabellian","15466","0","138945","Sabellian reputation is Friendly.","55674","46","2518","42000","0"
"16533","Lots of Lunkers","15466","0","138942","Find a Lunker while fishing with your Iskaari Harpoon.","55673","28","392276","10","0"
"16536","True Friends with Wrathion","15466","0","138949","Wrathion reputation is True Friend.","55675","46","2517","42000","0"
"16537","Maximum Power!","15466","0","138951","Combalt Assembly reputation is at Maximum Power.","55295","46","2550","10000","0"
"16539","In High Esteem","15466","0","138953","Artisan's Consortium reputation is at Esteemed.","55655","46","2544","12500","0"
"16540","Hunt Master","15466","0","138955","Northern Ohn'ahran Plains Hunt","55677","152","2057","1","0"
"16540","Hunt Master","15466","1","138956","Western Ohn'ahran Plains Hunt","55678","152","2062","1","0"
"16540","Hunt Master","15466","2","138957","Eastern Ohn'ahran Plains Hunt","55679","152","2063","1","0"
"16540","Hunt Master","15466","3","138958","Southern Waking Shores Hunt","55680","152","2064","1","0"
"16540","Hunt Master","15466","4","138959","Eastern Waking Shores Hunt","55681","152","2065","1","0"
"16540","Hunt Master","15466","5","138960","Northern Waking Shores Hunt","55682","152","2066","1","0"
"16540","Hunt Master","15466","6","138961","Western Azure Span Hunt","55683","152","2067","1","0"
"16540","Hunt Master","15466","7","138962","Eastern Azure Span Hunt","55684","152","2068","1","0"
"16540","Hunt Master","15466","8","138963","Southern Azure Span Hunt","55685","152","2069","1","0"
"16540","Hunt Master","15466","9","138964","Southern Thaldraszus Hunt","55686","152","2070","1","0"
"16540","Hunt Master","15466","10","138965","Northern Thaldraszus Hunt","55687","152","2072","1","0"
"16541","Longhunter","15466","0","139212","","55738","28","392581","100","0"
"16542","The Disgruntled Hunter","15466","0","139009","Northern Ohn'ahran Plains Hunt","55692","0","196502","1","0"
"16542","The Disgruntled Hunter","15466","1","139036","Western Ohn'ahran Plains Hunt","55693","0","196505","1","0"
"16542","The Disgruntled Hunter","15466","2","139037","Eastern Ohn'ahran Plains Hunt","55694","0","196506","1","0"
"16542","The Disgruntled Hunter","15466","3","139038","Southern Waking Shores Hunt","55695","0","196507","1","0"
"16542","The Disgruntled Hunter","15466","4","139039","Eastern Waking Shores Hunt","55696","0","196508","1","0"
"16542","The Disgruntled Hunter","15466","5","139040","Northern Waking Shores Hunt","55697","0","196221","1","0"
"16542","The Disgruntled Hunter","15466","6","139041","Western Azure Span Hunt","55698","0","196509","1","0"
"16542","The Disgruntled Hunter","15466","7","139042","Eastern Azure Span Hunt","55699","0","196510","1","0"
"16542","The Disgruntled Hunter","15466","8","139043","Southern Azure Span Hunt","55700","0","196511","1","0"
"16542","The Disgruntled Hunter","15466","9","139044","Southern Thaldraszus Hunt","55701","0","196512","1","0"
"16542","The Disgruntled Hunter","15466","10","139045","Northern Thaldraszus Hunt","55702","0","196513","1","0"
"16543","Tetrachromancer","15466","0","139232","Bakar Companion Color: Brown","55746","27","71045","1","0"
"16543","Tetrachromancer","15466","1","139233","Bakar Companion Color: White","55747","27","71047","1","0"
"16543","Tetrachromancer","15466","2","139234","Bakar Companion Color: Orange","55748","27","71046","1","0"
"16543","Tetrachromancer","15466","3","139235","Bakar Companion Color: Golden Brown","55749","27","71048","1","0"
"16543","Tetrachromancer","15466","4","139236","Bakar Companion Color: Black","55750","27","71044","1","0"
"16543","Tetrachromancer","15466","5","139237","Ohuna Companion Color: Red","55751","27","71051","1","0"
"16543","Tetrachromancer","15466","6","139238","Ohuna Companion Color: Dark","55752","27","71049","1","0"
"16543","Tetrachromancer","15466","7","139239","Ohuna Companion Color: Sepia","55753","27","71052","1","0"
"16543","Tetrachromancer","15466","8","139240","Ohuna Companion Color: Brown","55754","27","71050","1","0"
"16544","Grand Hunter","15466","0","139242","","55755","28","392593","1","0"
"16545","The Best at What I Do","15466","0","138971","","57890","28","400426","30","0"
"16546","What's Down There?","15466","0","138969","Use Ominous Conchs at a Large Fish Sighting","55689","29","380168","1","0"
"16547","Pulled!","15466","0","139007","Get knocked down while harpoon fishing.","55691","29","377104","50","0"
"16550","Giving Back to Nature","15466","0","139169","Restock 100 fish in Tuskarr Fishing holes.","55709","0","198046","100","0"
"16551","Giving More Back to Nature","15466","0","139171","Restock 1000 fish in Tuskarr Fishing holes.","55709","0","198046","1000","0"
"16552","Giving Even More Back to Nature","15466","0","139173","Restock 5000 fish in Tuskarr Fishing holes.","55709","0","198046","5000","0"
"16553","Taking From Nature","15466","0","139175","River Mouth Fishing Hole Net","55710","27","70450","0","0"
"16553","Taking From Nature","15466","1","139176","Grimtusk's Fishing Hole Net","55711","27","71191","0","0"
"16553","Taking From Nature","15466","2","139177","Roaring Dragonspring Fishing Hole Net","55712","27","71192","0","0"
"16553","Taking From Nature","15466","3","139178","Tyrhold Fishing Hole Net","55713","27","71193","0","0"
"16553","Taking From Nature","15466","4","139179","Burning Ascent Fishing Hole Net","55023","27","70792","0","0"
"16556","Great Gourmand of The Ruby Feast","15465","0","139184","Lemon Silverleaf Tea","55714","29","391594","0","0"
"16556","Great Gourmand of The Ruby Feast","15465","1","139185","Cinna-Cinderbloom Tea","55715","29","391596","0","0"
"16556","Great Gourmand of The Ruby Feast","15465","2","139186","Aruunem Berrytart","55716","29","391603","0","0"
"16556","Great Gourmand of The Ruby Feast","15465","3","139187","Charred Porter","55717","29","391590","0","0"
"16556","Great Gourmand of The Ruby Feast","15465","4","139188","Coal-Fired Rib Rack","55718","29","391589","0","0"
"16556","Great Gourmand of The Ruby Feast","15465","5","139189","Highly-Spiced Haunch","55719","29","392123","0","0"
"16556","Great Gourmand of The Ruby Feast","15465","6","139190","Stonetalon Bloom Skewer","55720","29","391615","0","0"
"16556","Great Gourmand of The Ruby Feast","15465","7","139191","Druidic Dreamsalad","55721","29","391618","0","0"
"16556","Great Gourmand of The Ruby Feast","15465","8","139192","Dragonfruit Punch","55722","29","391619","0","0"
"16556","Great Gourmand of The Ruby Feast","15465","9","139193","Azsunian-Poached Lobster","55723","29","391620","0","0"
"16556","Great Gourmand of The Ruby Feast","15465","10","139194","Rare Vintage Arcwine","55724","29","391624","0","0"
"16556","Great Gourmand of The Ruby Feast","15465","11","139195","Captain's Carmelized Catfish","55725","29","391626","0","0"
"16556","Great Gourmand of The Ruby Feast","15465","12","139196","Venrick's Goat Milk","55726","29","391635","0","0"
"16556","Great Gourmand of The Ruby Feast","15465","13","139197","Mantis Shrimp Cocktail","55728","29","391628","0","0"
"16556","Great Gourmand of The Ruby Feast","15465","14","139198","Seared Sea Mist Noodles","55729","29","391641","0","0"
"16556","Great Gourmand of The Ruby Feast","15465","15","139199","Fried Emperor Wraps","55730","29","391643","0","0"
"16556","Great Gourmand of The Ruby Feast","15465","16","139200","Roquefort-Stuffed Peppers","55731","29","391645","0","0"
"16556","Great Gourmand of The Ruby Feast","15465","17","139201","Ravenberry Panacotta Delight","55732","29","391657","0","0"
"16556","Great Gourmand of The Ruby Feast","15465","18","139202","Picante Pomfruit Cake","55733","29","391653","0","0"
"16556","Great Gourmand of The Ruby Feast","15465","19","139203","Moira's Choice Espresso","55734","29","391664","0","0"
"16560","Wildlife Photographer","15466","0/0","139215","The Waking Shores","55739","27","70075","1","0"
"16560","Wildlife Photographer","15466","0/1","139216","The Waking Shores","55740","27","70632","1","0"
"16560","Wildlife Photographer","15466","1/0","139218","Ohn'ahran Plains","55741","27","70079","1","0"
"16560","Wildlife Photographer","15466","1/1","139219","Ohn'ahran Plains","55742","27","70659","1","0"
"16560","Wildlife Photographer","15466","2/0","139221","The Azure Span","55743","27","70100","1","0"
"16560","Wildlife Photographer","15466","3/0","139223","Thaldraszus","55744","27","70110","1","0"
"16560","Wildlife Photographer","15466","3/1","139224","Thaldraszus","55745","27","70699","1","0"
"16561","Lunkers, Lunkers Everywhere","15466","0","139226","Find a Lunker while fishing with your Iskaari Harpoon.","55673","28","392276","100","0"
"16562","That's not a Fish...","15466","0","139228","Use Ominous Conchs at a Large Fish Sighting","55689","29","380168","5","0"
"16563","We're Going to Need a Bigger Harpoon","15466","0","139230","Use Ominous Conchs at a Large Fish Sighting","55689","29","380168","10","0"
"16566","Great Shot!","15466","0","139244","","55756","29","392591","1","0"
"16567","A Lot of Great Shots!","15466","0","139246","Take 25 Great Shots while cataloging wildlife.","55756","29","392591","25","0"
"16568","Great Shots Galore!","15466","0","139248","Take 100 ""Great Shots"" while cataloging wildlife.","55756","29","392591","100","0"
"16569","Cobalt Enthusiast","15465","0","139250","","55757","27","72091","1","0"
"16570","A Legendary Album","15466","0","139252","Abu'Gar","55758","28","392600","1","0"
"16570","A Legendary Album","15466","1","139253","Chen Stormstout","55759","28","392602","1","0"
"16570","A Legendary Album","15466","2","139266","Chief Telemancer Oculeth","55771","28","392605","1","0"
"16570","A Legendary Album","15466","3","139267","Elder Clearwater","55772","28","392606","1","0"
"16570","A Legendary Album","15466","4","139268","Time-Warped Mysterious Fisher","55773","28","392607","1","0"
"16570","A Legendary Album","15466","5","139269","Nat Pagle","55774","28","392608","1","0"
"16570","A Legendary Album","15466","6","139270","Wrathion","55775","28","392609","1","0"
"16571","Well Supplied","15466","0","139255","Unlock all talents in the Expedition Supplies tree.","55760","198","2164","1","0"
"16571","Well Supplied","15466","1","139256","Unlock all talents in the Expedition Supplies tree.","55761","198","2165","1","0"
"16571","Well Supplied","15466","2","139257","Unlock all talents in the Expedition Supplies tree.","55762","198","2166","1","0"
"16571","Well Supplied","15466","3","139258","Unlock all talents in the Expedition Supplies tree.","55763","198","2167","1","0"
"16571","Well Supplied","15466","4","139259","Unlock all talents in the Expedition Supplies tree.","55764","198","2168","1","0"
"16571","Well Supplied","15466","5","139260","Unlock all talents in the Expedition Supplies tree.","55765","198","2169","1","0"
"16571","Well Supplied","15466","6","139261","Unlock all talents in the Expedition Supplies tree.","55766","198","2170","1","0"
"16571","Well Supplied","15466","7","139262","Unlock all talents in the Expedition Supplies tree.","55767","198","2171","1","0"
"16571","Well Supplied","15466","8","139263","Unlock all talents in the Expedition Supplies tree.","55768","198","2172","1","0"
"16571","Well Supplied","15466","9","139264","Unlock all talents in the Expedition Supplies tree.","55769","198","2173","1","0"
"16571","Well Supplied","15466","10","139265","Unlock all talents in the Expedition Supplies tree.","55770","198","2174","1","0"
"16572","Legendary Photograph","15466","0","139272","Abu'Gar","55758","28","392600","1","0"
"16572","Legendary Photograph","15466","1","139273","Chen Stormstout","55759","28","392602","1","0"
"16572","Legendary Photograph","15466","2","139274","Chief Telemancer Oculeth","55771","28","392605","1","0"
"16572","Legendary Photograph","15466","3","139275","Elder Clearwater","55772","28","392606","1","0"
"16572","Legendary Photograph","15466","4","139276","Time-Warped Mysterious Fisher","55773","28","392607","1","0"
"16572","Legendary Photograph","15466","5","139277","Nat Pagle","55774","28","392608","1","0"
"16572","Legendary Photograph","15466","6","139278","Wrathion","55775","28","392609","1","0"
"16573","Legendary Photographs","15466","0","139280","Abu'Gar","55758","28","392600","1","0"
"16573","Legendary Photographs","15466","1","139281","Chen Stormstout","55759","28","392602","1","0"
"16573","Legendary Photographs","15466","2","139282","Chief Telemancer Oculeth","55771","28","392605","1","0"
"16573","Legendary Photographs","15466","3","139283","Elder Clearwater","55772","28","392606","1","0"
"16573","Legendary Photographs","15466","4","139284","Time-Warped Mysterious Fisher","55773","28","392607","1","0"
"16573","Legendary Photographs","15466","5","139285","Nat Pagle","55774","28","392608","1","0"
"16573","Legendary Photographs","15466","6","139286","Wrathion","55775","28","392609","1","0"
"16574","Sleeping on the Job","15455","0","139288","Dreamguard Felyasra","55776","0","198064","1","0"
"16574","Sleeping on the Job","15455","1","139289","Dreamguard Erezsra","55777","0","198068","1","0"
"16574","Sleeping on the Job","15455","2","139290","Dreamguard Sayliasra","55778","0","198069","1","0"
"16574","Sleeping on the Job","15455","3","139291","Dreamguard Aiyelasra","55779","0","198074","1","0"
"16574","Sleeping on the Job","15455","4","139292","Dreamguard Lucidra","55780","0","198073","1","0"
"16574","Sleeping on the Job","15455","5","139293","Dreamguard Taelyasra","55781","0","198075","1","0"
"16575","Waking Shores Glyph Hunter","15462","0","139295","","55782","8","15985","1","0"
"16575","Waking Shores Glyph Hunter","15462","1","139812","","56131","8","16668","1","0"
"16575","Waking Shores Glyph Hunter","15462","2","139813","","56132","8","16669","1","0"
"16575","Waking Shores Glyph Hunter","15462","3","139298","","55785","8","15988","1","0"
"16575","Waking Shores Glyph Hunter","15462","4","139296","","55783","8","15986","1","0"
"16575","Waking Shores Glyph Hunter","15462","5","139297","","55784","8","15987","1","0"
"16575","Waking Shores Glyph Hunter","15462","6","139299","","55786","8","15989","1","0"
"16575","Waking Shores Glyph Hunter","15462","7","139300","","55787","8","15990","1","0"
"16575","Waking Shores Glyph Hunter","15462","8","139301","","55788","8","15991","1","0"
"16575","Waking Shores Glyph Hunter","15462","9","139302","","55789","8","16051","1","0"
"16575","Waking Shores Glyph Hunter","15462","10","139303","","55790","8","16052","1","0"
"16575","Waking Shores Glyph Hunter","15462","11","139304","","55791","8","16053","1","0"
"16576","Ohn'ahran Plains Glyph Hunter","15462","0","139306","","55792","8","16054","1","0"
"16576","Ohn'ahran Plains Glyph Hunter","15462","1","139307","","55793","8","16055","1","0"
"16576","Ohn'ahran Plains Glyph Hunter","15462","2","139308","","55794","8","16056","1","0"
"16576","Ohn'ahran Plains Glyph Hunter","15462","3","139309","","55795","8","16057","1","0"
"16576","Ohn'ahran Plains Glyph Hunter","15462","4","139310","","55796","8","16058","1","0"
"16576","Ohn'ahran Plains Glyph Hunter","15462","5","139311","","55797","8","16059","1","0"
"16576","Ohn'ahran Plains Glyph Hunter","15462","6","139312","","55798","8","16060","1","0"
"16576","Ohn'ahran Plains Glyph Hunter","15462","7","139313","","55799","8","16061","1","0"
"16576","Ohn'ahran Plains Glyph Hunter","15462","8","139314","","55800","8","16062","1","0"
"16576","Ohn'ahran Plains Glyph Hunter","15462","9","139315","","55801","8","16063","1","0"
"16576","Ohn'ahran Plains Glyph Hunter","15462","10","139815","","56134","8","16670","1","0"
"16576","Ohn'ahran Plains Glyph Hunter","15462","11","139816","","56139","8","16671","1","0"
"16577","Azure Span Glyph Hunter","15462","0","139317","","55802","8","16064","1","0"
"16577","Azure Span Glyph Hunter","15462","1","139318","","55803","8","16065","1","0"
"16577","Azure Span Glyph Hunter","15462","2","139319","","55804","8","16066","1","0"
"16577","Azure Span Glyph Hunter","15462","3","139320","","55805","8","16067","1","0"
"16577","Azure Span Glyph Hunter","15462","4","139321","","55806","8","16068","1","0"
"16577","Azure Span Glyph Hunter","15462","5","139322","","55807","8","16069","1","0"
"16577","Azure Span Glyph Hunter","15462","6","139323","","55808","8","16070","1","0"
"16577","Azure Span Glyph Hunter","15462","7","139324","","55809","8","16071","1","0"
"16577","Azure Span Glyph Hunter","15462","8","139325","","55810","8","16072","1","0"
"16577","Azure Span Glyph Hunter","15462","9","139326","","55811","8","16073","1","0"
"16577","Azure Span Glyph Hunter","15462","10","139817","","56143","8","16672","1","0"
"16577","Azure Span Glyph Hunter","15462","11","139818","","56145","8","16673","1","0"
"16578","Thaldraszus Glyph Hunter","15462","0","139328","","55812","8","16098","1","0"
"16578","Thaldraszus Glyph Hunter","15462","1","139329","","55813","8","16099","1","0"
"16578","Thaldraszus Glyph Hunter","15462","2","139330","","55814","8","16100","1","0"
"16578","Thaldraszus Glyph Hunter","15462","3","139331","","55815","8","16101","1","0"
"16578","Thaldraszus Glyph Hunter","15462","4","139332","","55816","8","16102","1","0"
"16578","Thaldraszus Glyph Hunter","15462","5","139333","","55817","8","16103","1","0"
"16578","Thaldraszus Glyph Hunter","15462","6","139334","","55818","8","16104","1","0"
"16578","Thaldraszus Glyph Hunter","15462","7","139335","","55819","8","16105","1","0"
"16578","Thaldraszus Glyph Hunter","15462","8","139336","","55820","8","16106","1","0"
"16578","Thaldraszus Glyph Hunter","15462","9","139337","","55821","8","16107","1","0"
"16578","Thaldraszus Glyph Hunter","15462","10","139842","","56159","8","16666","1","0"
"16578","Thaldraszus Glyph Hunter","15462","11","139843","","56160","8","16667","1","0"
"16580","Lend a Helping Span","15455","0","139339","WANTED: Frigellus","55822","27","66488","0","0"
"16580","Lend a Helping Span","15455","1","139340","Tending the Forge","55823","27","66523","0","0"
"16580","Lend a Helping Span","15455","2","139341","Setting the Defense","55824","27","66489","0","0"
"16580","Lend a Helping Span","15455","3","139342","Send It!","55825","27","66493","0","0"
"16580","Lend a Helping Span","15455","4","139343","For The Love of Others","55826","27","66503","0","0"
"16580","Lend a Helping Span","15455","5","139344","Fishing: Aileron Seamoth","55827","27","66212","0","0"
"16580","Lend a Helping Span","15455","6","139345","The Weave of a Tale","55828","27","66213","0","0"
"16580","Lend a Helping Span","15455","7","139346","WANTED: Krojek the Shoreprowler","55829","27","66217","0","0"
"16580","Lend a Helping Span","15455","8","139347","Can We Keep It?","55830","27","66223","0","0"
"16580","Lend a Helping Span","15455","9","139348","Toejam the Terrible","55831","27","70129","0","0"
"16580","Lend a Helping Span","15455","10","139349","Nothing for Breakfast","55832","27","66837","0","0"
"16580","Lend a Helping Span","15455","11","139350","It's Cold Up Here","55833","27","66838","0","0"
"16580","Lend a Helping Span","15455","12","139351","It's Brew Time!","55834","27","66839","0","0"
"16580","Lend a Helping Span","15455","13","139352","Out of Lukh","55835","27","66843","0","0"
"16580","Lend a Helping Span","15455","14","139353","The Great Shokhari","55836","27","66844","0","0"
"16580","Lend a Helping Span","15455","15","139354","The Heart of the Deck","55837","27","66846","0","0"
"16581","Seeing Blue","15465","0","139356","","55838","27","72095","0","0"
"16583","Knew You Nokhud Do It!","15465","0","139360","","55840","0","198131","1","0"
"16584","Symbols of Hope","15465","0","139362","Wingrest Embassy","55841","27","72096","0","0"
"16584","Symbols of Hope","15465","1","139363","Skytop Observatory","55842","27","72097","0","0"
"16584","Symbols of Hope","15465","2","139364","Crumbling Life Archway","55843","27","72098","0","0"
"16584","Symbols of Hope","15465","3","139365","Hatchery Observatory","55844","27","72099","0","0"
"16584","Symbols of Hope","15465","4","139366","Obsidian Observatory","55845","27","72100","0","0"
"16584","Symbols of Hope","15465","5","139367","Apex Canopy","55846","27","72101","0","0"
"16584","Symbols of Hope","15465","6","139368","Concord Observatory","55848","27","72103","0","0"
"16584","Symbols of Hope","15465","7","139369","The Overflowing Spring","55847","27","72102","0","0"
"16584","Symbols of Hope","15465","8","139370","Uktulut Backwater","55849","27","72104","0","0"
"16584","Symbols of Hope","15465","9","139371","Life-Binder Conservatory","55850","27","72105","0","0"
"16585","Loremaster of the Dragon Isles","15455","0","139373","","55855","8","16334","0","0"
"16585","Loremaster of the Dragon Isles","15455","1","139374","","55853","8","16401","0","0"
"16585","Loremaster of the Dragon Isles","15455","2","139375","","55856","8","15394","0","0"
"16585","Loremaster of the Dragon Isles","15455","3","139376","","55852","8","16405","0","0"
"16585","Loremaster of the Dragon Isles","15455","4","139377","","55858","8","16336","0","0"
"16585","Loremaster of the Dragon Isles","15455","5","139378","","55851","8","16428","0","0"
"16585","Loremaster of the Dragon Isles","15455","6","139379","","55857","8","16363","0","0"
"16585","Loremaster of the Dragon Isles","15455","7","139380","","55854","8","16398","0","0"
"16587","Lead Climber","15466","0","139434","","55907","27","70651","1","0"
"16587","Lead Climber","15466","1","139435","","55908","27","66070","1","0"
"16587","Lead Climber","15466","2","139436","","55909","27","64768","1","0"
"16587","Lead Climber","15466","3","139437","","55910","27","70652","1","0"
"16587","Lead Climber","15466","4","139438","","55911","27","70660","1","0"
"16587","Lead Climber","15466","5","139439","","55912","27","70655","1","0"
"16587","Lead Climber","15466","6","139440","","55913","27","70653","1","0"
"16587","Lead Climber","15466","7","139441","","55914","27","70658","1","0"
"16587","Lead Climber","15466","8","139442","","55915","27","70662","1","0"
"16587","Lead Climber","15466","9","139443","","55916","27","70654","1","0"
"16587","Lead Climber","15466","10","139444","","55917","27","70661","1","0"
"16587","Lead Climber","15466","11","139445","","55918","27","70656","1","0"
"16588","How Did These Get Here?","15466","0","139447","","55919","27","71996","1","0"
"16588","How Did These Get Here?","15466","1","139448","","55920","27","71997","1","0"
"16588","How Did These Get Here?","15466","2","139449","","55921","27","71998","1","0"
"16588","How Did These Get Here?","15466","3","139450","","55922","27","71999","1","0"
"16588","How Did These Get Here?","15466","4","139451","","55923","27","72000","1","0"
"16588","How Did These Get Here?","15466","5","139452","","55924","27","72001","1","0"
"16588","How Did These Get Here?","15466","6","139453","","55925","27","72002","1","0"
"16588","How Did These Get Here?","15466","7","139454","","55926","27","72003","1","0"
"16588","How Did These Get Here?","15466","8","139455","","55927","27","72004","1","0"
"16588","How Did These Get Here?","15466","9","139456","","55928","27","72005","1","0"
"16588","How Did These Get Here?","15466","10","139457","","55929","27","72006","1","0"
"16588","How Did These Get Here?","15466","11","139458","","55930","27","72007","1","0"
"16591","The Gentleman Elemental","15466","0","139460","","55932","29","362148","1","0"
"16600","Isles Ascender","15466","0/0","139479","The Waking Shores","55907","27","70651","1","0"
"16600","Isles Ascender","15466","0/1","139487","The Waking Shores","55908","27","66070","1","0"
"16600","Isles Ascender","15466","0/2","139488","The Waking Shores","55909","27","64768","1","0"
"16600","Isles Ascender","15466","1/0","139490","Ohn'ahran Plains","55910","27","70652","1","0"
"16600","Isles Ascender","15466","1/1","139491","Ohn'ahran Plains","55911","27","70660","1","0"
"16600","Isles Ascender","15466","1/2","139492","Ohn'ahran Plains","55912","27","70655","1","0"
"16600","Isles Ascender","15466","2/0","139494","The Azure Span","55913","27","70653","1","0"
"16600","Isles Ascender","15466","2/1","139495","The Azure Span","55914","27","70658","1","0"
"16600","Isles Ascender","15466","2/2","139496","The Azure Span","55915","27","70662","1","0"
"16600","Isles Ascender","15466","3/0","139498","Thaldrazus","55916","27","70654","1","0"
"16600","Isles Ascender","15466","3/1","139499","Thaldrazus","55917","27","70661","1","0"
"16600","Isles Ascender","15466","3/2","139500","Thaldrazus","55918","27","70656","1","0"
"16602","Nokhud Deed Goes Unnoticed","15467","0","139462","Ohn'ahra Healed","55935","165","2580","1","0"
"16620","Ohuna Incubation","15467","0","139484","8 Eggs Delivered","55942","29","393322","1","0"
"16621","One of Everything, Please","15465","0","139464","Try a Picante Pomfruit Cake from The Ruby Feast","55733","29","391653","0","0"
"16621","One of Everything, Please","15465","1","139465","Try an Icecrown Bleu from Gorgonzormu's Cheese Shop","55931","41","201045","0","0"
"16621","One of Everything, Please","15465","2","139466","Try a Dreamwarding Dripbrew from the Late Night Lab","55933","41","201046","0","0"
"16621","One of Everything, Please","15465","3","139467","Try Arcanostabilized Provisions from Primalist Future","55934","41","201047","0","0"
"16621","One of Everything, Please","15465","4","139468","Try a Steamed Scarab Steak from the Serene Dreams Spa","55936","41","200871","0","0"
"16621","One of Everything, Please","15465","5","139481","Try the Traveling Dragonbrew Vendor's Craft Creche Crowler","55940","41","201089","0","0"
"16621","One of Everything, Please","15465","6","139482","Try Bivigosa's Blood Sausage from Gelikyr Post","55941","41","201090","0","0"
"16622","Three Minutes or It's Free","15465","0","139486","","55943","29","392976","0","0"
"16623","Toe Tension","15466","0","139504","","55948","0","198221","1","0"
"16624","Which Knot Was It Again?","15466","0","139509","","56786","8","16327","1","0"
"16625","Belay On!","15466","0","139516","Buddy System Used","55950","29","362167","1","0"
"16634","Framing a New Perspective","15465","0","139620","The Seat of the Aspects","55994","27","72142","1","0"
"16634","Framing a New Perspective","15465","1","139621","The Cascades","55995","27","72143","1","0"
"16634","Framing a New Perspective","15465","2","139622","Passage of Time","55996","27","72144","1","0"
"16634","Framing a New Perspective","15465","3","139623","Vault of the Incarnates","55997","27","72145","1","0"
"16634","Framing a New Perspective","15465","4","139624","Tyrhold","55998","27","72146","1","0"
"16634","Framing a New Perspective","15465","5","139625","Algeth'era Court","55999","27","72147","1","0"
"16634","Framing a New Perspective","15465","6","139626","Veiled Ossuary","56000","27","72148","1","0"
"16634","Framing a New Perspective","15465","7","139627","Serene Dreams Spa","56001","27","72149","1","0"
"16634","Framing a New Perspective","15465","8","139628","Shadow Ledge","56002","27","72150","1","0"
"16634","Framing a New Perspective","15465","9","139629","Valdrakken's Portal Room","56003","27","72151","1","0"
"16634","Framing a New Perspective","15465","10","139630","Tyrhold Reservoir","56004","27","72152","1","0"
"16638","Ley Line in the Span","15465","0","139596","Azure Archives","55972","27","72138","1","0"
"16638","Ley Line in the Span","15465","1","139597","Ancient Outlook","55973","27","72139","1","0"
"16638","Ley Line in the Span","15465","2","139598","Rustpine Den","55974","27","72136","1","0"
"16638","Ley Line in the Span","15465","3","139599","Ruins of Karnthar","55975","27","72141","1","0"
"16638","Ley Line in the Span","15465","4","139600","Slyvern Plunge","55976","27","72140","1","0"
"16676","Adventurer of The Waking Shores","15465","0","139711","Gushgut the Beaksinker","56033","0","196056","1","0"
"16676","Adventurer of The Waking Shores","15465","1","139712","Nulltheria the Void Gazer","56034","0","193256","1","0"
"16676","Adventurer of The Waking Shores","15465","2","139713","Anhydros the Tidetaker","56035","0","187945","1","0"
"16676","Adventurer of The Waking Shores","15465","3","139714","Skewersnout","56036","0","193181","1","0"
"16676","Adventurer of The Waking Shores","15465","4","139715","Helmet Missingway","56037","0","199645","1","0"
"16676","Adventurer of The Waking Shores","15465","5","139716","Brundin the Dragonbane","56038","0","192738","1","0"
"16676","Adventurer of The Waking Shores","15465","6","139717","Drakewing","56039","0","193217","1","0"
"16676","Adventurer of The Waking Shores","15465","7","139718","Thunderous Matriarch","56040","0","193148","1","0"
"16676","Adventurer of The Waking Shores","15465","8","139719","Azra's Prized Peony","56041","0","193135","1","0"
"16676","Adventurer of The Waking Shores","15465","9","139720","Snappy","56042","0","193228","1","0"
"16676","Adventurer of The Waking Shores","15465","10","139721","O'nank Shorescour","56043","0","193118","1","0"
"16676","Adventurer of The Waking Shores","15465","11","139722","Smogswog the Firebreather","56044","0","193120","1","0"
"16676","Adventurer of The Waking Shores","15465","12","139723","Amethyzar the Glittering","56045","0","193132","1","0"
"16676","Adventurer of The Waking Shores","15465","13","139724","Magmaton","56046","0","186827","1","0"
"16676","Adventurer of The Waking Shores","15465","14","139725","Massive Magmashell","56047","0","193152","1","0"
"16676","Adventurer of The Waking Shores","15465","15","139726","Forgotten Gryphon","56048","0","193154","1","0"
"16676","Adventurer of The Waking Shores","15465","16/0","139729","Possessive Hornswog","57852","27","67048","1","0"
"16676","Adventurer of The Waking Shores","15465","16/1","146454","Possessive Hornswog","60151","27","70864","1","0"
"16676","Adventurer of The Waking Shores","15465","17","139727","Enkine the Voracious","56049","0","193134","1","0"
"16676","Adventurer of The Waking Shores","15465","18","139728","Captain Lancer","56050","0","193198","1","0"
"16676","Adventurer of The Waking Shores","15465","19","139730","Worldcarver A'tir","56052","0","186859","1","0"
"16676","Adventurer of The Waking Shores","15465","20","139731","Death's Shadow","56053","0","190985","1","0"
"16676","Adventurer of The Waking Shores","15465","21","139732","Shas'ith","56054","0","189822","1","0"
"16676","Adventurer of The Waking Shores","15465","22","139733","Lepidoralia the Resplendent","56055","0","193266","1","0"
"16676","Adventurer of The Waking Shores","15465","23","139734","Cauldronbearer Blakor","56056","0","186783","1","0"
"16676","Adventurer of The Waking Shores","15465","24","139735","Rohzor Forgesmash","56057","0","187598","1","0"
"16676","Adventurer of The Waking Shores","15465","25","139736","Turboris","56058","0","187886","1","0"
"16676","Adventurer of The Waking Shores","15465","26","139737","Battlehorn Pyrhus","56059","0","190986","1","0"
"16676","Adventurer of The Waking Shores","15465","27","139738","Char","56060","0","190991","1","0"
"16676","Adventurer of The Waking Shores","15465","28","139739","Rasnar the War Ender","56061","0","193232","1","0"
"16676","Adventurer of The Waking Shores","15465","29","141026","Morchok","56988","0","187306","1","0"
"16676","Adventurer of The Waking Shores","15465","30","141027","Shadeslash Trakken","56989","0","193271","1","0"
"16676","Adventurer of The Waking Shores","15465","31","141043","Slurpo, the Incredible Snail","57003","0","193175","1","0"
"16677","Adventurer of the Ohn'ahran Plains","15465","0","139741","Sparkspitter Vrak","56062","0","193165","1","0"
"16677","Adventurer of the Ohn'ahran Plains","15465","1","139742","Scav Notail","56063","0","193136","1","0"
"16677","Adventurer of the Ohn'ahran Plains","15465","2","139743","Enraged Sapphire","56064","0","193142","1","0"
"16677","Adventurer of the Ohn'ahran Plains","15465","3","139744","Seeker Teryx","56065","0","193188","1","0"
"16677","Adventurer of the Ohn'ahran Plains","15465","4","139745","Zenet Avis","56066","0","193209","1","0"
"16677","Adventurer of the Ohn'ahran Plains","15465","5","139746","Liskheszaera","56067","0","197009","1","0"
"16677","Adventurer of the Ohn'ahran Plains","15465","6","139747","Deadwaker Ghendish","56068","0","189652","1","0"
"16677","Adventurer of the Ohn'ahran Plains","15465","7","139748","Researcher Sneakwing","56069","0","196010","1","0"
"16677","Adventurer of the Ohn'ahran Plains","15465","8","139749","Mikrin of the Raging Winds","56070","0","193173","1","0"
"16677","Adventurer of the Ohn'ahran Plains","15465","9","139750","Ronsak the Decimator","56071","0","193227","1","0"
"16677","Adventurer of the Ohn'ahran Plains","15465","10","139751","Steamgill","56072","0","193123","1","0"
"16677","Adventurer of the Ohn'ahran Plains","15465","11","139752","Malsegan","56073","0","193212","1","0"
"16677","Adventurer of the Ohn'ahran Plains","15465","12","139753","Oshigol","56074","0","193235","1","0"
"16677","Adventurer of the Ohn'ahran Plains","15465","13","139754","Fulgurb","56075","0","193170","1","0"
"16677","Adventurer of the Ohn'ahran Plains","15465","14","139755","Windseeker Avash","56076","0","192045","1","0"
"16677","Adventurer of the Ohn'ahran Plains","15465","15","139756","Eaglemaster Niraak","56077","0","192020","1","0"
"16677","Adventurer of the Ohn'ahran Plains","15465","16","139757","Zarizz","56078","0","193140","1","0"
"16677","Adventurer of the Ohn'ahran Plains","15465","17","139758","Scaleseeker Mezeri","56079","0","193215","1","0"
"16677","Adventurer of the Ohn'ahran Plains","15465","18","139759","Shade of Grief","56080","0","187559","1","0"
"16677","Adventurer of the Ohn'ahran Plains","15465","19","139760","Nokhud Warmaster","56081","0","187219","1","0"
"16677","Adventurer of the Ohn'ahran Plains","15465","20","139761","Hamett","56082","0","187781","1","0"
"16677","Adventurer of the Ohn'ahran Plains","15465","21","139762","Hunter of the Deep","56083","0","188095","1","0"
"16677","Adventurer of the Ohn'ahran Plains","15465","22","139763","Irontree","56084","0","188124","1","0"
"16677","Adventurer of the Ohn'ahran Plains","15465","23","139764","Zerimek","56085","0","188451","1","0"
"16677","Adventurer of the Ohn'ahran Plains","15465","24","139765","Sulfurion","56086","0","191842","1","0"
"16677","Adventurer of the Ohn'ahran Plains","15465","25","139766","Porta the Overgrown","56087","0","191950","1","0"
"16677","Adventurer of the Ohn'ahran Plains","15465","26","139767","The Jolly Giant","56088","0","195204","1","0"
"16677","Adventurer of the Ohn'ahran Plains","15465","27","139768","Windscale the Stormborn","56089","0","192364","1","0"
"16677","Adventurer of the Ohn'ahran Plains","15465","28","139769","Vaniik the Stormtouched","56090","0","192453","1","0"
"16677","Adventurer of the Ohn'ahran Plains","15465","29","139770","Quackers the Terrible","56091","0","192557","1","0"
"16677","Adventurer of the Ohn'ahran Plains","15465","30","139771","Cinta the Forgotten","56092","0","195186","1","0"
"16677","Adventurer of the Ohn'ahran Plains","15465","31","139772","Rustlily","56093","0","195223","1","0"
"16677","Adventurer of the Ohn'ahran Plains","15465","32","139773","Makhra the Ashtouched","56094","0","195409","1","0"
"16677","Adventurer of the Ohn'ahran Plains","15465","33","139774","The Great Enla","56095","0","196334","1","0"
"16677","Adventurer of the Ohn'ahran Plains","15465","34","139775","Old Stormhide","56096","0","196350","1","0"
"16678","Adventurer of The Azure Span","15465","0","139777","Wilrive","56097","0","193632","1","0"
"16678","Adventurer of The Azure Span","15465","1","139778","Dragonhunter Gorund","56098","0","193157","1","0"
"16678","Adventurer of The Azure Span","15465","2","139779","Arcane Devourer","56099","0","194270","1","0"
"16678","Adventurer of The Azure Span","15465","3","139780","Mange the Outcast","56100","0","198004","1","0"
"16678","Adventurer of The Azure Span","15465","4","139781","Frostpaw","56101","0","191356","1","0"
"16678","Adventurer of The Azure Span","15465","5","139782","Mucka the Raker","56102","0","193201","1","0"
"16678","Adventurer of The Azure Span","15465","6","139783","Brackle","56103","0","194392","1","0"
"16678","Adventurer of The Azure Span","15465","7","139784","Frigidpelt Den Mother","56104","0","193698","1","0"
"16678","Adventurer of The Azure Span","15465","8","139785","Azure Pathfinder","56105","0","194210","1","0"
"16678","Adventurer of The Azure Span","15465","9","139786","Beogoka","56106","0","193116","1","0"
"16678","Adventurer of The Azure Span","15465","10","139787","Notfar the Unbearable","56107","0","193225","1","0"
"16678","Adventurer of The Azure Span","15465","11","139788","Blue Terror","56108","0","193259","1","0"
"16678","Adventurer of The Azure Span","15465","12","139789","Mahg the Trampler","56109","0","190244","1","0"
"16678","Adventurer of The Azure Span","15465","13","139790","Skag the Thrower","56110","0","193149","1","0"
"16678","Adventurer of The Azure Span","15465","14","139791","Gruffy","56111","0","193251","1","0"
"16678","Adventurer of The Azure Span","15465","15","139792","Grumbletrunk","56112","0","193269","1","0"
"16678","Adventurer of The Azure Span","15465","16","139794","Trilvarus Loreweaver","56114","0","193196","1","0"
"16678","Adventurer of The Azure Span","15465","17","139795","Fisherman Tinnak","56115","0","193691","1","0"
"16678","Adventurer of The Azure Span","15465","18","139796","Snufflegust","56116","0","193706","1","0"
"16678","Adventurer of The Azure Span","15465","19","139797","Skald the Impaler","56117","0","193708","1","0"
"16678","Adventurer of The Azure Span","15465","20","139798","Seereel, the Spring","56118","0","193710","1","0"
"16678","Adventurer of The Azure Span","15465","21","139799","Moth'go Deeploom","56119","0","193735","1","0"
"16678","Adventurer of The Azure Span","15465","22","139800","Swog'ranka","56120","0","193634","1","0"
"16678","Adventurer of The Azure Span","15465","23","139802","Bisquius","55381","0","197557","1","0"
"16678","Adventurer of The Azure Span","15465","24","139803","Blightfur","56122","0","193178","1","0"
"16678","Adventurer of The Azure Span","15465","25","139805","Spellwrought Snowman","56124","0","193238","1","0"
"16678","Adventurer of The Azure Span","15465","26","139806","Snarglebone","56125","0","197344","1","0"
"16678","Adventurer of The Azure Span","15465","27","139807","Blisterhide","56126","0","197353","1","0"
"16678","Adventurer of The Azure Span","15465","28","139808","Gnarls","56127","0","197354","1","0"
"16678","Adventurer of The Azure Span","15465","29","139809","High Shaman Rotknuckle","56128","0","197356","1","0"
"16678","Adventurer of The Azure Span","15465","30","139810","Ravenous Tundra Bear","56129","0","197371","1","0"
"16678","Adventurer of The Azure Span","15465","31","139811","Astray Splasher","56130","0","197411","1","0"
"16679","Adventurer of Thaldraszus","15465","0","139820","Razk'vex the Untamed","56133","0","193143","1","0"
"16679","Adventurer of Thaldraszus","15465","1","139821","Innumerable Ruination","56135","0","193126","1","0"
"16679","Adventurer of Thaldraszus","15465","2","139822","Blightpaw the Depraved","56136","0","193128","1","0"
"16679","Adventurer of Thaldraszus","15465","3","139823","Pleasant Alpha","56137","0","193130","1","0"
"16679","Adventurer of Thaldraszus","15465","4","139824","Goremaul the Gluttonous","56138","0","193125","1","0"
"16679","Adventurer of Thaldraszus","15465","5","139825","Phenran","56140","0","193688","1","0"
"16679","Adventurer of Thaldraszus","15465","6","139826","Matriarch Remalla","56141","0","193246","1","0"
"16679","Adventurer of Thaldraszus","15465","7","139827","Phleep","56142","0","193210","1","0"
"16679","Adventurer of Thaldraszus","15465","8","139828","Tempestrian","56144","0","193258","1","0"
"16679","Adventurer of Thaldraszus","15465","9","139829","Treasure-Mad Trambladd","56146","0","193146","1","0"
"16679","Adventurer of Thaldraszus","15465","10","139830","Eldoren the Reborn","56147","0","193234","1","0"
"16679","Adventurer of Thaldraszus","15465","11","139831","Riverwalker Tamopo","56148","0","193240","1","0"
"16679","Adventurer of Thaldraszus","15465","12","139832","Broodweaver Araznae","56149","0","193220","1","0"
"16679","Adventurer of Thaldraszus","15465","13","139833","Sandana the Tempest","56150","0","193176","1","0"
"16679","Adventurer of Thaldraszus","15465","14","139834","Rokmur","56151","0","193666","1","0"
"16679","Adventurer of Thaldraszus","15465","15","139835","Woolfang","56152","0","193161","1","0"
"16679","Adventurer of Thaldraszus","15465","16","139836","The Weeping Vilomah","56153","0","183984","1","0"
"16679","Adventurer of Thaldraszus","15465","17","139837","Craggravated Elemental","56154","0","193663","1","0"
"16679","Adventurer of Thaldraszus","15465","18","139838","The Great Shellkhan","56155","0","191305","1","0"
"16679","Adventurer of Thaldraszus","15465","19","139839","Corrupted Proto-Dragon","56156","0","193658","1","0"
"16679","Adventurer of Thaldraszus","15465","20","139840","Lord Epochbrgl","56157","0","193241","1","0"
"16679","Adventurer of Thaldraszus","15465","21","139841","Ancient Protector","56158","0","193664","1","0"
"16696","Renewed Proto-Drake Armor","15478","0","140029","Gold and Black Armor","56248","27","69547","1","0"
"16696","Renewed Proto-Drake Armor","15478","1","140030","Silver and Blue Armor","56249","27","69548","1","0"
"16696","Renewed Proto-Drake Armor","15478","2","140033","Silver and Purple Armor","56252","27","69551","1","0"
"16696","Renewed Proto-Drake Armor","15478","3","140034","Gold and Red Armor","56253","27","69552","1","0"
"16696","Renewed Proto-Drake Armor","15478","4","140035","Steel and Yellow Armor","56254","27","69553","1","0"
"16696","Renewed Proto-Drake Armor","15478","5","140037","Armor","56259","27","69558","1","0"
"16697","Renewed Proto-Drake Head Features","15478","0","140039","Curved Spiked Brow","56274","27","69559","1","0"
"16697","Renewed Proto-Drake Head Features","15478","1","140041","Spined Brow","56276","27","69561","1","0"
"16697","Renewed Proto-Drake Head Features","15478","2","140042","Spiked Crest","56277","27","69562","1","0"
"16697","Renewed Proto-Drake Head Features","15478","3","140043","Spined Crest","56278","27","69563","1","0"
"16697","Renewed Proto-Drake Head Features","15478","4","140044","Maned Crest","56279","27","69564","1","0"
"16697","Renewed Proto-Drake Head Features","15478","5","140046","Finned Crest","56281","27","69566","1","0"
"16697","Renewed Proto-Drake Head Features","15478","6","140047","Dual Horned Crest","56282","27","69567","1","0"
"16697","Renewed Proto-Drake Head Features","15478","7","140066","Horned Jaw","56284","27","69586","1","0"
"16697","Renewed Proto-Drake Head Features","15478","8","140067","Spiked Jaw","56285","27","69587","1","0"
"16697","Renewed Proto-Drake Head Features","15478","9","140068","Thin Spined Jaw","56286","27","69588","1","0"
"16697","Renewed Proto-Drake Head Features","15478","10","140069","Finned Jaw","56287","27","69589","1","0"
"16697","Renewed Proto-Drake Head Features","15478","11","140070","Snub Snout","56288","27","69599","1","0"
"16697","Renewed Proto-Drake Head Features","15478","12","140071","Razor Snout","56289","27","69600","1","0"
"16697","Renewed Proto-Drake Head Features","15478","13","140072","Shark Snout","56290","27","69601","1","0"
"16697","Renewed Proto-Drake Head Features","15478","14","140073","Beaked Snout","56291","27","69602","1","0"
"16697","Renewed Proto-Drake Head Features","15478","15","140074","Spiked Throat","56292","27","69608","1","0"
"16697","Renewed Proto-Drake Head Features","15478","16","140075","Finned Throat","56293","27","69609","1","0"
"16698","Renewed Proto-Drake Tail Features","15478","0","140080","Spiked Club Tail","56269","27","69603","1","0"
"16698","Renewed Proto-Drake Tail Features","15478","1","140081","Club Tail","56270","27","69604","1","0"
"16698","Renewed Proto-Drake Tail Features","15478","2","140082","Finned Tail","56271","27","69605","1","0"
"16698","Renewed Proto-Drake Tail Features","15478","3","140083","Maned Tail","56272","27","69606","1","0"
"16698","Renewed Proto-Drake Tail Features","15478","4","140084","Spined Tail","56273","27","69607","1","0"
"16699","Renewed Proto-Drake Scales and Patterns","15478","0","140086","Green Scales","56246","27","66720","1","0"
"16699","Renewed Proto-Drake Scales and Patterns","15478","1","140088","Blue Scales","56261","27","69591","1","0"
"16699","Renewed Proto-Drake Scales and Patterns","15478","2","140089","Bronze Scales","56262","27","69592","1","0"
"16699","Renewed Proto-Drake Scales and Patterns","15478","3","140090","Black Scales","56263","27","69593","1","0"
"16699","Renewed Proto-Drake Scales and Patterns","15478","4","140092","Predator Pattern","56265","27","69595","1","0"
"16699","Renewed Proto-Drake Scales and Patterns","15478","5","140093","Harrier Pattern","56266","27","69596","1","0"
"16699","Renewed Proto-Drake Scales and Patterns","15478","6","140094","Skyterror Pattern","56267","27","69597","1","0"
"16699","Renewed Proto-Drake Scales and Patterns","15478","7","140095","Heavy Scales","56268","27","69598","1","0"
"16700","Renewed Proto-Drake Horns and Hair","15478","0","140099","Gray Hair","56731","27","69568","1","0"
"16700","Renewed Proto-Drake Horns and Hair","15478","1","140100","Blue Hair","56732","27","69569","1","0"
"16700","Renewed Proto-Drake Horns and Hair","15478","2","140101","Brown Hair","56733","27","69570","1","0"
"16700","Renewed Proto-Drake Horns and Hair","15478","3","140102","Red Hair","56734","27","69571","1","0"
"16700","Renewed Proto-Drake Horns and Hair","15478","4","140104","Purple Hair","56735","27","69573","1","0"
"16700","Renewed Proto-Drake Horns and Hair","15478","5","140106","Swept Horns","56736","27","69575","1","0"
"16700","Renewed Proto-Drake Horns and Hair","15478","6","140107","Curled Horns","56737","27","69576","1","0"
"16700","Renewed Proto-Drake Horns and Hair","15478","7","140108","Ears","56738","27","69577","1","0"
"16700","Renewed Proto-Drake Horns and Hair","15478","8","140109","Bovine Horns","56739","27","69578","1","0"
"16700","Renewed Proto-Drake Horns and Hair","15478","9","140111","Impaler Horns","56740","27","69580","1","0"
"16700","Renewed Proto-Drake Horns and Hair","15478","10","140112","Curved Horns","56741","27","69581","1","0"
"16700","Renewed Proto-Drake Horns and Hair","15478","11","140113","Gradient Horns","56742","27","69582","1","0"
"16700","Renewed Proto-Drake Horns and Hair","15478","12","140114","White Horns","56743","27","69583","1","0"
"16700","Renewed Proto-Drake Horns and Hair","15478","13","140115","Heavy Horns","56744","27","69584","1","0"
"16701","Windborne Velocidrake Scales and Patterns","15478","0","140117","Black Scales","56294","27","69815","1","0"
"16701","Windborne Velocidrake Scales and Patterns","15478","1","140118","Blue Scales","56295","27","69816","1","0"
"16701","Windborne Velocidrake Scales and Patterns","15478","2","140119","Bronze Scales","56296","27","69817","1","0"
"16701","Windborne Velocidrake Scales and Patterns","15478","3","140120","Red Scales","56297","27","69818","1","0"
"16701","Windborne Velocidrake Scales and Patterns","15478","4","140123","Heavy Scales","56300","27","69821","1","0"
"16701","Windborne Velocidrake Scales and Patterns","15478","5","140124","Windswept Pattern","56301","27","69845","1","0"
"16701","Windborne Velocidrake Scales and Patterns","15478","6","140125","Reaver Pattern","56302","27","69846","1","0"
"16701","Windborne Velocidrake Scales and Patterns","15478","7","140126","Shrieker Pattern","56303","27","69847","1","0"
"16702","Windborne Velocidrake Armor","15478","0","140129","Silver and Blue Armor","56305","27","69782","1","0"
"16702","Windborne Velocidrake Armor","15478","1","140130","Steel and Orange Armor","56306","27","69783","1","0"
"16702","Windborne Velocidrake Armor","15478","2","140131","Gold and Red Armor","56307","27","69784","1","0"
"16702","Windborne Velocidrake Armor","15478","3","140132","Silver and Purple Armor","56308","27","69785","1","0"
"16702","Windborne Velocidrake Armor","15478","4","140134","Armor","56310","27","69792","1","0"
"16704","Windborne Velocidrake Horns and Fur","15478","0","140138","Wavy Horns","56311","27","69805","1","0"
"16704","Windborne Velocidrake Horns and Fur","15478","1","140139","Cluster Horns","56312","27","69806","1","0"
"16704","Windborne Velocidrake Horns and Fur","15478","2","140140","Curved Horns","56313","27","69807","1","0"
"16704","Windborne Velocidrake Horns and Fur","15478","3","140141","Ox Horns","56314","27","69808","1","0"
"16704","Windborne Velocidrake Horns and Fur","15478","4","140142","Curled Horns","56315","27","69809","1","0"
"16704","Windborne Velocidrake Horns and Fur","15478","5","140143","Swept Horns","56316","27","69810","1","0"
"16704","Windborne Velocidrake Horns and Fur","15478","6","140144","Split Horns","56317","27","69811","1","0"
"16704","Windborne Velocidrake Horns and Fur","15478","7","140145","Gray Horns","56319","27","69812","1","0"
"16704","Windborne Velocidrake Horns and Fur","15478","8","140146","White Horns","56320","27","69813","1","0"
"16704","Windborne Velocidrake Horns and Fur","15478","9","140147","Yellow Horns","56321","27","69814","1","0"
"16704","Windborne Velocidrake Horns and Fur","15478","10","140157","Black Fur","56322","27","69801","1","0"
"16704","Windborne Velocidrake Horns and Fur","15478","11","140158","Gray Fur","56323","27","69802","1","0"
"16704","Windborne Velocidrake Horns and Fur","15478","12","140159","Red Fur","56324","27","69803","1","0"
"16705","Windborne Velocidrake Head Features","15478","0","140149","Large Head Fin","56326","27","69793","1","0"
"16705","Windborne Velocidrake Head Features","15478","1","140150","Small Head Fin","56327","27","69794","1","0"
"16705","Windborne Velocidrake Head Features","15478","2","140151","Hairy Head","56328","27","69795","1","0"
"16705","Windborne Velocidrake Head Features","15478","3","140152","Spined Head","56329","27","69796","1","0"
"16705","Windborne Velocidrake Head Features","15478","4","140153","Feathery Head","56330","27","69797","1","0"
"16705","Windborne Velocidrake Head Features","15478","5","140155","Finned Ears","56332","27","69799","1","0"
"16705","Windborne Velocidrake Head Features","15478","6","140156","Horned Jaw","56333","27","69800","1","0"
"16705","Windborne Velocidrake Head Features","15478","7","140161","Long Snout","56334","27","69822","1","0"
"16705","Windborne Velocidrake Head Features","15478","8","140162","Hooked Snout","56335","27","69823","1","0"
"16705","Windborne Velocidrake Head Features","15478","9","140163","Beaked Snout","56336","27","69824","1","0"
"16705","Windborne Velocidrake Head Features","15478","10","140165","Finned Neck","56338","27","69832","1","0"
"16705","Windborne Velocidrake Head Features","15478","11","140166","Plated Neck","56339","27","69834","1","0"
"16705","Windborne Velocidrake Head Features","15478","12","140168","Feathered Neck","56341","27","69836","1","0"
"16706","Windborne Velocidrake Back and Tail","15478","0","140170","Finned Back","56342","27","69788","1","0"
"16706","Windborne Velocidrake Back and Tail","15478","1","140171","Maned Back","56343","27","69789","1","0"
"16706","Windborne Velocidrake Back and Tail","15478","2","140172","Spiked Back","56344","27","69790","1","0"
"16706","Windborne Velocidrake Back and Tail","15478","3","140173","Feathered Back","56345","27","69791","1","0"
"16706","Windborne Velocidrake Back and Tail","15478","4","140175","Finned Tail","56347","27","69826","1","0"
"16706","Windborne Velocidrake Back and Tail","15478","5","140176","Spiked Tail","56348","27","69827","1","0"
"16706","Windborne Velocidrake Back and Tail","15478","6","140177","Club Tail","56349","27","69828","1","0"
"16706","Windborne Velocidrake Back and Tail","15478","7","140178","Feathery Tail","56350","27","69829","1","0"
"16707","Highland Drake Scales and Patterns","15478","0","140181","Black Scales","56352","27","69343","1","0"
"16707","Highland Drake Scales and Patterns","15478","1","140182","Green Scales","56353","27","69344","1","0"
"16707","Highland Drake Scales and Patterns","15478","2","140183","Red Scales","56354","27","69345","1","0"
"16707","Highland Drake Scales and Patterns","15478","3","140184","Bronze Scales","56355","27","69346","1","0"
"16707","Highland Drake Scales and Patterns","15478","4","140186","Heavy Scales","56357","27","69348","1","0"
"16707","Highland Drake Scales and Patterns","15478","5","140187","Striped Pattern","56358","27","69339","1","0"
"16707","Highland Drake Scales and Patterns","15478","6","140188","Large Spotted Pattern","56359","27","69340","1","0"
"16707","Highland Drake Scales and Patterns","15478","7","140189","Small Spotted Pattern","56360","27","69341","1","0"
"16707","Highland Drake Scales and Patterns","15478","8","140190","Scaled Pattern","56361","27","69342","1","0"
"16708","Highland Drake Armor","15478","0","140192","Gold and Black Armor","56362","27","69290","1","0"
"16708","Highland Drake Armor","15478","1","140193","Silver and Blue Armor","56363","27","69291","1","0"
"16708","Highland Drake Armor","15478","2","140194","Silver and Purple Armor","56364","27","69294","1","0"
"16708","Highland Drake Armor","15478","3","140195","Gold and Red Armor","56365","27","69295","1","0"
"16708","Highland Drake Armor","15478","4","140197","Steel and Yellow Armor","56367","27","69297","1","0"
"16708","Highland Drake Armor","15478","5","140198","Armor","56368","27","69300","1","0"
"16710","Highland Drake Horns and Hair","15478","0","140200","Black Hair","56369","27","69318","1","0"
"16710","Highland Drake Horns and Hair","15478","1","140201","Brown Hair","56370","27","69319","1","0"
"16710","Highland Drake Horns and Hair","15478","2","140202","Tan Horns","56371","27","69322","1","0"
"16710","Highland Drake Horns and Hair","15478","3","140203","Heavy Horns","56372","27","69323","1","0"
"16710","Highland Drake Horns and Hair","15478","4","140204","Thorn Horns","56373","27","69324","1","0"
"16710","Highland Drake Horns and Hair","15478","5","140206","Coiled Horns","56375","27","69326","1","0"
"16710","Highland Drake Horns and Hair","15478","6","140207","Hooked Horns","56376","27","69327","1","0"
"16710","Highland Drake Horns and Hair","15478","7","140208","Grand Thorn Horns","56377","27","69328","1","0"
"16710","Highland Drake Horns and Hair","15478","8","140209","Curled Back Horns","56378","27","69329","1","0"
"16710","Highland Drake Horns and Hair","15478","9","140211","Stag Horns","56380","27","69331","1","0"
"16711","Highland Drake Back and Tail","15478","0","140213","Spined Back","56381","27","69298","1","0"
"16711","Highland Drake Back and Tail","15478","1","140214","Finned Back","56382","27","69299","1","0"
"16711","Highland Drake Back and Tail","15478","2","140215","Vertical Finned Tail","56383","27","69349","1","0"
"16711","Highland Drake Back and Tail","15478","3","140216","Club Tail","56384","27","69350","1","0"
"16711","Highland Drake Back and Tail","15478","4","140217","Spiked Club Tail","56385","27","69351","1","0"
"16711","Highland Drake Back and Tail","15478","5","140218","Spiked Tail","56386","27","69352","1","0"
"16711","Highland Drake Back and Tail","15478","6","140219","Hooked Tail","56387","27","69353","1","0"
"16711","Highland Drake Back and Tail","15478","7","140220","Bladed Tail","56388","27","69354","1","0"
"16712","Highland Drake Head Features","15478","0","140223","Crested Brow","56391","27","69301","1","0"
"16712","Highland Drake Head Features","15478","1","140224","Bushy Brow","56392","27","69302","1","0"
"16712","Highland Drake Head Features","15478","2","140226","Maned Chin","56394","27","69304","1","0"
"16712","Highland Drake Head Features","15478","3","140228","Spined Chin","56396","27","69306","1","0"
"16712","Highland Drake Head Features","15478","4","140229","Finned Head","56397","27","69307","1","0"
"16712","Highland Drake Head Features","15478","5","140230","Triple Finned Head","56398","27","69308","1","0"
"16712","Highland Drake Head Features","15478","6","140231","Spined Head","56399","27","69309","1","0"
"16712","Highland Drake Head Features","15478","7","140233","Plated Head","56401","27","69311","1","0"
"16712","Highland Drake Head Features","15478","8","140234","Maned Head","56402","27","69312","1","0"
"16712","Highland Drake Head Features","15478","9","140235","Single Horned Head","56403","27","69313","1","0"
"16712","Highland Drake Head Features","15478","10","140236","Swept Spiked Head","56404","27","69314","1","0"
"16712","Highland Drake Head Features","15478","11","140237","Multi-Horned Head","56405","27","69315","1","0"
"16712","Highland Drake Head Features","15478","12","140238","Thorned Jaw","56406","27","69316","1","0"
"16712","Highland Drake Head Features","15478","13","140239","Ears","56407","27","69317","1","0"
"16712","Highland Drake Head Features","15478","14","140242","Hairy Cheek","56410","27","69332","1","0"
"16712","Highland Drake Head Features","15478","15","140243","Spiked Cheek","56411","27","69333","1","0"
"16712","Highland Drake Head Features","15478","16","140244","Spined Cheek","56412","27","69334","1","0"
"16712","Highland Drake Head Features","15478","17","140245","Toothy Mouth","56413","27","69336","1","0"
"16712","Highland Drake Head Features","15478","18","140252","Spined Nose","56415","27","69338","1","0"
"16712","Highland Drake Head Features","15478","19","140247","Spined Neck","56416","27","69355","1","0"
"16712","Highland Drake Head Features","15478","20","140248","Finned Neck","56417","27","69356","1","0"
"16723","Cliffside Wylderdrake Scales and Patterns","15478","0","140291","Red Scales","56437","27","69210","1","0"
"16723","Cliffside Wylderdrake Scales and Patterns","15478","1","140292","Green Scales","56438","27","69211","1","0"
"16723","Cliffside Wylderdrake Scales and Patterns","15478","2","140293","Blue Scales","56439","27","69212","1","0"
"16723","Cliffside Wylderdrake Scales and Patterns","15478","3","140294","Black Scales","56440","27","69213","1","0"
"16723","Cliffside Wylderdrake Scales and Patterns","15478","4","140296","Eclipse Scale Type","56442","27","69215","1","0"
"16723","Cliffside Wylderdrake Scales and Patterns","15478","5","140297","Wide Stripes Pattern","56443","27","69207","1","0"
"16723","Cliffside Wylderdrake Scales and Patterns","15478","6","140298","Narrow Stripes Pattern","56444","27","69208","1","0"
"16723","Cliffside Wylderdrake Scales and Patterns","15478","7","140299","Scaled Pattern","56445","27","69209","1","0"
"16724","Cliffside Wylderdrake Armor","15478","0","140301","Armor","56446","27","69161","1","0"
"16724","Cliffside Wylderdrake Armor","15478","1","140302","Silver and Purple Armor","56447","27","69162","1","0"
"16724","Cliffside Wylderdrake Armor","15478","2","140303","Silver and Blue Armor","56448","27","69163","1","0"
"16724","Cliffside Wylderdrake Armor","15478","3","140304","Gold and Black Armor","56449","27","69164","1","0"
"16724","Cliffside Wylderdrake Armor","15478","4","140306","Gold and Orange Armor","56451","27","69166","1","0"
"16724","Cliffside Wylderdrake Armor","15478","5","140308","Steel and Yellow Armor","56453","27","69168","1","0"
"16725","Cliffside Wylderdrake Horns and Manes","15478","0","140310","Black Horns","56454","27","69191","1","0"
"16725","Cliffside Wylderdrake Horns and Manes","15478","1","140311","Heavy Horns","56455","27","69192","1","0"
"16725","Cliffside Wylderdrake Horns and Manes","15478","2","140313","Short Horns","56457","27","69194","1","0"
"16725","Cliffside Wylderdrake Horns and Manes","15478","3","140315","Branched Horns","56459","27","69196","1","0"
"16725","Cliffside Wylderdrake Horns and Manes","15478","4","140317","Hook Horns","56461","27","69198","1","0"
"16725","Cliffside Wylderdrake Horns and Manes","15478","5","140318","Swept Horns","56462","27","69199","1","0"
"16725","Cliffside Wylderdrake Horns and Manes","15478","6","140320","Black Mane","56464","27","69186","1","0"
"16725","Cliffside Wylderdrake Horns and Manes","15478","7","140321","Blonde Mane","56465","27","69187","1","0"
"16725","Cliffside Wylderdrake Horns and Manes","15478","8","140322","Red Mane","56466","27","69188","1","0"
"16725","Cliffside Wylderdrake Horns and Manes","15478","9","140323","White Mane","56467","27","69189","1","0"
"16726","Cliffside Wylderdrake Back and Tail","15478","0","140325","Finned Back","56468","27","69169","1","0"
"16726","Cliffside Wylderdrake Back and Tail","15478","1","140326","Spiked Back","56469","27","69170","1","0"
"16726","Cliffside Wylderdrake Back and Tail","15478","2","140327","Maned Tail","56470","27","69216","1","0"
"16726","Cliffside Wylderdrake Back and Tail","15478","3","140328","Large Tail Spikes","56471","27","69217","1","0"
"16726","Cliffside Wylderdrake Back and Tail","15478","4","140329","Finned Tail","56472","27","69218","1","0"
"16726","Cliffside Wylderdrake Back and Tail","15478","5","140330","Blunt Spiked Tail","56473","27","69219","1","0"
"16726","Cliffside Wylderdrake Back and Tail","15478","6","140331","Spear Tail","56474","27","69220","1","0"
"16726","Cliffside Wylderdrake Back and Tail","15478","7","140357","Spiked Legs","56476","27","69204","1","0"
"16727","Cliffside Wylderdrake Head Features","15478","0","140334","Spiked Brow","56530","27","69171","1","0"
"16727","Cliffside Wylderdrake Head Features","15478","1","140335","Plated Brow","56531","27","69172","1","0"
"16727","Cliffside Wylderdrake Head Features","15478","2","140336","Dual Horned Chin","56532","27","69173","1","0"
"16727","Cliffside Wylderdrake Head Features","15478","3","140337","Four Horned Chin","56533","27","69174","1","0"
"16727","Cliffside Wylderdrake Head Features","15478","4","140338","Head Fin","56534","27","69175","1","0"
"16727","Cliffside Wylderdrake Head Features","15478","5","140339","Head Mane","56535","27","69176","1","0"
"16727","Cliffside Wylderdrake Head Features","15478","6","140340","Split Head Horns","56536","27","69177","1","0"
"16727","Cliffside Wylderdrake Head Features","15478","7","140342","Curled Head Horns","56538","27","69179","1","0"
"16727","Cliffside Wylderdrake Head Features","15478","8","140343","Triple Head Horns","56539","27","69180","1","0"
"16727","Cliffside Wylderdrake Head Features","15478","9","140344","Conical Head","56540","27","69181","1","0"
"16727","Cliffside Wylderdrake Head Features","15478","10","140345","Ears","56541","27","69182","1","0"
"16727","Cliffside Wylderdrake Head Features","15478","11","140346","Maned Jaw","56542","27","69183","1","0"
"16727","Cliffside Wylderdrake Head Features","15478","12","140348","Horned Jaw","56544","27","69185","1","0"
"16727","Cliffside Wylderdrake Head Features","15478","13","140350","Finned Cheek","56546","27","69201","1","0"
"16727","Cliffside Wylderdrake Head Features","15478","14","140352","Spiked Cheek","56548","27","69203","1","0"
"16727","Cliffside Wylderdrake Head Features","15478","15","140353","Horned Nose","56549","27","69205","1","0"
"16727","Cliffside Wylderdrake Head Features","15478","16","140355","Finned Neck","56551","27","69222","1","0"
"16727","Cliffside Wylderdrake Head Features","15478","17","140356","Maned Neck","56552","27","69223","1","0"
"16729","To All the Squirrels Hidden Til Now","15465","0","140361","Kelp Nibbler","56477","54","225","0","0"
"16729","To All the Squirrels Hidden Til Now","15465","1","140362","Phoenix Hatchling","56478","54","225","0","0"
"16729","To All the Squirrels Hidden Til Now","15465","2","140363","Docile Kit","56479","54","225","0","0"
"16729","To All the Squirrels Hidden Til Now","15465","3","140364","Frilled Hatchling","56480","54","225","0","0"
"16729","To All the Squirrels Hidden Til Now","15465","4","140365","Thicket Glider","56481","54","225","0","0"
"16729","To All the Squirrels Hidden Til Now","15465","5","140366","Thunderspine Calf","56482","54","225","0","0"
"16729","To All the Squirrels Hidden Til Now","15465","6","140367","Timbertooth Kit","56483","54","225","0","0"
"16729","To All the Squirrels Hidden Til Now","15465","7","140368","Frosty Spiderling","56484","54","225","0","0"
"16729","To All the Squirrels Hidden Til Now","15465","8","140369","Crimson Knocker","56485","54","225","0","0"
"16729","To All the Squirrels Hidden Til Now","15465","9","140370","Diminuitive Boghopper","56486","54","225","0","0"
"16729","To All the Squirrels Hidden Til Now","15465","10","140371","Reservoir Filly","56488","54","225","0","0"
"16729","To All the Squirrels Hidden Til Now","15465","11","140372","Rocdrop Scarab","56489","54","225","0","0"
"16758","Ready, Aim, Catalog!","15466","0","140720","","56788","8","16328","1","0"
"16760","The Obsidian Bloodline","15466","0","140726","Sabellian","55674","46","2518","42000","0"
"16762","The Vegetarian Diet","15467","0","140933","All Captive Tuskarr freed","56928","28","397054","1","0"
"16808","Friend of the Dragon Isles","15455","0","141087","A Mystery, Sealed","57032","27","66128","0","0"
"16808","Friend of the Dragon Isles","15455","1","141088","In the Halls of Titans","57033","27","66547","0","0"
"16808","Friend of the Dragon Isles","15455","2","141090","Garden of Secrets","57035","27","66191","0","0"
"16808","Friend of the Dragon Isles","15455","3","141091","The Dreamer","57036","27","66402","0","0"
"16808","Friend of the Dragon Isles","15455","4","141089","The Chieftain's Duty","57034","27","66444","0","0"
"16808","Friend of the Dragon Isles","15455","5","141092","The Silver Purpose","57037","27","67084","0","0"
"17110","The Primal Bulwark","15468","0","141925","Eranog","55109","165","2587","1","0"
"17110","The Primal Bulwark","15468","1","141926","The Primal Council","55110","165","2590","1","0"
"17110","The Primal Bulwark","15468","2","141927","Dathea, Ascended","55111","165","2635","1","0"
"17111","Caverns of Infusion","15468","0","141929","Terros","55113","165","2639","1","0"
"17111","Caverns of Infusion","15468","1","141930","Sennarth, the Cold Breath","55114","165","2592","1","0"
"17111","Caverns of Infusion","15468","2","141931","Kurog Grimtotem","55115","165","2605","1","0"
"17112","Fury of the Storm","15468","0","141933","Broodkeeper Diurna","55116","165","2614","1","0"
"17112","Fury of the Storm","15468","1","141934","Raszageth the Storm-Eater","55117","165","2607","1","0"
"17195","Waking Shores Reverse: Bronze","15462","0","142138","","57481","8","17120","1","0"
"17195","Waking Shores Reverse: Bronze","15462","1","142139","","57482","8","17123","1","0"
"17195","Waking Shores Reverse: Bronze","15462","2","142140","","57483","8","17126","1","0"
"17195","Waking Shores Reverse: Bronze","15462","3","142141","","57484","8","17129","1","0"
"17195","Waking Shores Reverse: Bronze","15462","4","142142","","57485","8","17132","1","0"
"17195","Waking Shores Reverse: Bronze","15462","5","142143","","57486","8","17135","1","0"
"17195","Waking Shores Reverse: Bronze","15462","6","142144","","57487","8","17138","1","0"
"17195","Waking Shores Reverse: Bronze","15462","7","142145","","57488","8","17141","1","0"
"17196","Waking Shores Reverse: Silver","15462","0","142147","","57489","8","17121","1","0"
"17196","Waking Shores Reverse: Silver","15462","1","142148","","57490","8","17124","1","0"
"17196","Waking Shores Reverse: Silver","15462","2","142149","","57491","8","17127","1","0"
"17196","Waking Shores Reverse: Silver","15462","3","142150","","57492","8","17130","1","0"
"17196","Waking Shores Reverse: Silver","15462","4","142151","","57493","8","17133","1","0"
"17196","Waking Shores Reverse: Silver","15462","5","142152","","57494","8","17136","1","0"
"17196","Waking Shores Reverse: Silver","15462","6","142153","","57495","8","17139","1","0"
"17196","Waking Shores Reverse: Silver","15462","7","142154","","57496","8","17142","1","0"
"17197","Waking Shores Reverse: Gold","15462","0","142156","","57497","8","17122","1","0"
"17197","Waking Shores Reverse: Gold","15462","1","142157","","57498","8","17125","1","0"
"17197","Waking Shores Reverse: Gold","15462","2","142158","","57499","8","17128","1","0"
"17197","Waking Shores Reverse: Gold","15462","3","142159","","57500","8","17131","1","0"
"17197","Waking Shores Reverse: Gold","15462","4","142160","","57501","8","17134","1","0"
"17197","Waking Shores Reverse: Gold","15462","5","142161","","57502","8","17137","1","0"
"17197","Waking Shores Reverse: Gold","15462","6","142162","","57503","8","17140","1","0"
"17197","Waking Shores Reverse: Gold","15462","7","142163","","57504","8","17143","1","0"
"17198","Ohn'ahran Plains Reverse: Bronze","15462","0","142165","","57505","8","17144","1","0"
"17198","Ohn'ahran Plains Reverse: Bronze","15462","1","142166","","57506","8","17147","1","0"
"17198","Ohn'ahran Plains Reverse: Bronze","15462","2","142167","","57507","8","17150","1","0"
"17198","Ohn'ahran Plains Reverse: Bronze","15462","3","142168","","57508","8","17153","1","0"
"17198","Ohn'ahran Plains Reverse: Bronze","15462","4","142169","","57509","8","17156","1","0"
"17199","Ohn'ahran Plains Reverse: Silver","15462","0","142171","","57510","8","17145","1","0"
"17199","Ohn'ahran Plains Reverse: Silver","15462","1","142172","","57511","8","17148","1","0"
"17199","Ohn'ahran Plains Reverse: Silver","15462","2","142173","","57512","8","17151","1","0"
"17199","Ohn'ahran Plains Reverse: Silver","15462","3","142174","","57513","8","17154","1","0"
"17199","Ohn'ahran Plains Reverse: Silver","15462","4","142175","","57514","8","17157","1","0"
"17200","Ohn'ahran Plains Reverse: Gold","15462","0","142177","","57515","8","17146","1","0"
"17200","Ohn'ahran Plains Reverse: Gold","15462","1","142178","","57516","8","17149","1","0"
"17200","Ohn'ahran Plains Reverse: Gold","15462","2","142179","","57517","8","17152","1","0"
"17200","Ohn'ahran Plains Reverse: Gold","15462","3","142180","","57518","8","17155","1","0"
"17200","Ohn'ahran Plains Reverse: Gold","15462","4","142181","","57519","8","17158","1","0"
"17201","Azure Span Reverse: Bronze","15462","0","142183","","57520","8","17159","1","0"
"17201","Azure Span Reverse: Bronze","15462","1","142184","","57521","8","17162","1","0"
"17201","Azure Span Reverse: Bronze","15462","2","142185","","57522","8","17165","1","0"
"17201","Azure Span Reverse: Bronze","15462","3","142186","","57523","8","17168","1","0"
"17201","Azure Span Reverse: Bronze","15462","4","142187","","57524","8","17171","1","0"
"17201","Azure Span Reverse: Bronze","15462","5","142188","","57525","8","17174","1","0"
"17202","Azure Span Reverse: Silver","15462","0","142190","","57526","8","17160","1","0"
"17202","Azure Span Reverse: Silver","15462","1","142191","","57527","8","17163","1","0"
"17202","Azure Span Reverse: Silver","15462","2","142192","","57528","8","17166","1","0"
"17202","Azure Span Reverse: Silver","15462","3","142193","","57529","8","17169","1","0"
"17202","Azure Span Reverse: Silver","15462","4","142194","","57530","8","17172","1","0"
"17202","Azure Span Reverse: Silver","15462","5","142195","","57531","8","17175","1","0"
"17203","Azure Span Reverse: Gold","15462","0","142197","","57532","8","17161","1","0"
"17203","Azure Span Reverse: Gold","15462","1","142198","","57533","8","17164","1","0"
"17203","Azure Span Reverse: Gold","15462","2","142199","","57534","8","17167","1","0"
"17203","Azure Span Reverse: Gold","15462","3","142200","","57535","8","17170","1","0"
"17203","Azure Span Reverse: Gold","15462","4","142201","","57536","8","17173","1","0"
"17203","Azure Span Reverse: Gold","15462","5","142202","","57537","8","17176","1","0"
"17204","Thaldraszus Reverse: Bronze","15462","0","142204","","57538","8","17177","1","0"
"17204","Thaldraszus Reverse: Bronze","15462","1","142205","","57539","8","17180","1","0"
"17204","Thaldraszus Reverse: Bronze","15462","2","142206","","57540","8","17183","1","0"
"17204","Thaldraszus Reverse: Bronze","15462","3","142207","","57541","8","17186","1","0"
"17204","Thaldraszus Reverse: Bronze","15462","4","142208","","57542","8","17189","1","0"
"17204","Thaldraszus Reverse: Bronze","15462","5","142209","","57543","8","17192","1","0"
"17205","Thaldraszus Reverse: Silver","15462","0","142211","","57544","8","17178","1","0"
"17205","Thaldraszus Reverse: Silver","15462","1","142212","","57545","8","17181","1","0"
"17205","Thaldraszus Reverse: Silver","15462","2","142213","","57546","8","17184","1","0"
"17205","Thaldraszus Reverse: Silver","15462","3","142214","","57547","8","17187","1","0"
"17205","Thaldraszus Reverse: Silver","15462","4","142215","","57548","8","17190","1","0"
"17205","Thaldraszus Reverse: Silver","15462","5","142216","","57549","8","17193","1","0"
"17206","Thaldraszus Reverse: Gold","15462","0","142218","","57550","8","17179","1","0"
"17206","Thaldraszus Reverse: Gold","15462","1","142219","","57551","8","17182","1","0"
"17206","Thaldraszus Reverse: Gold","15462","2","142220","","57552","8","17185","1","0"
"17206","Thaldraszus Reverse: Gold","15462","3","142221","","57553","8","17188","1","0"
"17206","Thaldraszus Reverse: Gold","15462","4","142222","","57554","8","17191","1","0"
"17206","Thaldraszus Reverse: Gold","15462","5","142223","","57555","8","17194","1","0"
"17279","Forbidden Reach: Bronze","15462","0","142371","","57669","8","17214","1","0"
"17279","Forbidden Reach: Bronze","15462","1","142372","","57670","8","17223","1","0"
"17279","Forbidden Reach: Bronze","15462","2","142373","","57671","8","17243","1","0"
"17279","Forbidden Reach: Bronze","15462","3","142374","","57672","8","17252","1","0"
"17279","Forbidden Reach: Bronze","15462","4","142375","","57673","8","17261","1","0"
"17279","Forbidden Reach: Bronze","15462","5","142376","","57674","8","17270","1","0"
"17280","Forbidden Reach: Silver","15462","0","142378","","57675","8","17215","1","0"
"17280","Forbidden Reach: Silver","15462","1","142379","","57676","8","17224","1","0"
"17280","Forbidden Reach: Silver","15462","2","142380","","57677","8","17244","1","0"
"17280","Forbidden Reach: Silver","15462","3","142381","","57678","8","17253","1","0"
"17280","Forbidden Reach: Silver","15462","4","142382","","57679","8","17262","1","0"
"17280","Forbidden Reach: Silver","15462","5","142383","","57680","8","17271","1","0"
"17281","Forbidden Reach: Gold","15462","0","142385","","57681","8","17216","1","0"
"17281","Forbidden Reach: Gold","15462","1","142386","","57682","8","17225","1","0"
"17281","Forbidden Reach: Gold","15462","2","142387","","57683","8","17245","1","0"
"17281","Forbidden Reach: Gold","15462","3","142388","","57684","8","17254","1","0"
"17281","Forbidden Reach: Gold","15462","4","142389","","57685","8","17263","1","0"
"17281","Forbidden Reach: Gold","15462","5","142390","","57686","8","17272","1","0"
"17284","Forbidden Reach Advanced: Bronze","15462","0","142397","","57691","8","17217","1","0"
"17284","Forbidden Reach Advanced: Bronze","15462","1","142398","","57692","8","17237","1","0"
"17284","Forbidden Reach Advanced: Bronze","15462","2","142399","","57693","8","17246","1","0"
"17284","Forbidden Reach Advanced: Bronze","15462","3","142400","","57694","8","17255","1","0"
"17284","Forbidden Reach Advanced: Bronze","15462","4","142401","","57695","8","17264","1","0"
"17284","Forbidden Reach Advanced: Bronze","15462","5","142402","","57696","8","17273","1","0"
"17286","Forbidden Reach Advanced: Silver","15462","0","142408","","57700","8","17218","1","0"
"17286","Forbidden Reach Advanced: Silver","15462","1","142409","","57701","8","17238","1","0"
"17286","Forbidden Reach Advanced: Silver","15462","2","142410","","57702","8","17247","1","0"
"17286","Forbidden Reach Advanced: Silver","15462","3","142411","","57703","8","17256","1","0"
"17286","Forbidden Reach Advanced: Silver","15462","4","142412","","57704","8","17265","1","0"
"17286","Forbidden Reach Advanced: Silver","15462","5","142413","","57705","8","17274","1","0"
"17287","Forbidden Reach Advanced: Gold","15462","0","142415","","57706","8","17219","1","0"
"17287","Forbidden Reach Advanced: Gold","15462","1","142416","","57707","8","17239","1","0"
"17287","Forbidden Reach Advanced: Gold","15462","2","142417","","57708","8","17248","1","0"
"17287","Forbidden Reach Advanced: Gold","15462","3","142418","","57709","8","17257","1","0"
"17287","Forbidden Reach Advanced: Gold","15462","4","142419","","57710","8","17266","1","0"
"17287","Forbidden Reach Advanced: Gold","15462","5","142420","","57711","8","17275","1","0"
"17288","Forbidden Reach Reverse: Bronze","15462","0","142422","","57712","8","17220","1","0"
"17288","Forbidden Reach Reverse: Bronze","15462","1","142423","","57713","8","17240","1","0"
"17288","Forbidden Reach Reverse: Bronze","15462","2","142424","","57714","8","17249","1","0"
"17288","Forbidden Reach Reverse: Bronze","15462","3","142425","","57715","8","17258","1","0"
"17288","Forbidden Reach Reverse: Bronze","15462","4","142426","","57716","8","17267","1","0"
"17288","Forbidden Reach Reverse: Bronze","15462","5","142427","","57717","8","17276","1","0"
"17289","Forbidden Reach Reverse: Silver","15462","0","142429","","57718","8","17221","1","0"
"17289","Forbidden Reach Reverse: Silver","15462","1","142430","","57719","8","17241","1","0"
"17289","Forbidden Reach Reverse: Silver","15462","2","142431","","57720","8","17250","1","0"
"17289","Forbidden Reach Reverse: Silver","15462","3","142432","","57721","8","17259","1","0"
"17289","Forbidden Reach Reverse: Silver","15462","4","142433","","57722","8","17268","1","0"
"17289","Forbidden Reach Reverse: Silver","15462","5","142434","","57723","8","17277","1","0"
"17290","Forbidden Reach Reverse: Gold","15462","0","142436","","57724","8","17222","1","0"
"17290","Forbidden Reach Reverse: Gold","15462","1","142437","","57725","8","17242","1","0"
"17290","Forbidden Reach Reverse: Gold","15462","2","142438","","57726","8","17251","1","0"
"17290","Forbidden Reach Reverse: Gold","15462","3","142439","","57727","8","17260","1","0"
"17290","Forbidden Reach Reverse: Gold","15462","4","142440","","57728","8","17269","1","0"
"17290","Forbidden Reach Reverse: Gold","15462","5","142441","","57729","8","17278","1","0"
"17294","Forbidden Reach Racing Completionist","15462","0","142456","","57740","8","17279","1","0"
"17294","Forbidden Reach Racing Completionist","15462","1","142457","","57741","8","17284","1","0"
"17294","Forbidden Reach Racing Completionist","15462","2","142458","","57742","8","17288","1","0"
"17296","Forbidden Reach Racing Completionist: Silver","15462","0","142466","","57750","8","17280","1","0"
"17296","Forbidden Reach Racing Completionist: Silver","15462","1","142467","","57753","8","17286","1","0"
"17296","Forbidden Reach Racing Completionist: Silver","15462","2","142468","","57754","8","17289","1","0"
"17298","Forbidden Reach Racing Completionist: Gold","15462","0","142479","","57755","8","17281","1","0"
"17298","Forbidden Reach Racing Completionist: Gold","15462","1","142480","","57757","8","17287","1","0"
"17298","Forbidden Reach Racing Completionist: Gold","15462","2","142481","","57758","8","17290","1","0"
"17315","While We Were Sleeping","15465","0/0","143325","","57813","27","73114","1","0"
"17315","While We Were Sleeping","15465","0/1","143334","","58296","27","74883","1","0"
"17315","While We Were Sleeping","15465","1/0","143323","","57811","27","73110","1","0"
"17315","While We Were Sleeping","15465","1/1","143336","","58292","27","74866","1","0"
"17315","While We Were Sleeping","15465","2/0","143324","","57812","27","73113","1","0"
"17315","While We Were Sleeping","15465","2/1","143338","","58295","27","74880","1","0"
"17315","While We Were Sleeping","15465","3/0","143326","","57814","27","73115","1","0"
"17315","While We Were Sleeping","15465","3/1","143340","","58297","27","74896","1","0"
"17315","While We Were Sleeping","15465","4/0","143327","","57815","27","73109","1","0"
"17315","While We Were Sleeping","15465","4/1","143342","","58298","27","74900","1","0"
"17315","While We Were Sleeping","15465","5/0","143328","","57816","27","72944","1","0"
"17315","While We Were Sleeping","15465","5/1","143344","","58299","27","74901","1","0"
"17315","While We Were Sleeping","15465","6/0","143329","","57817","27","73107","1","0"
"17315","While We Were Sleeping","15465","6/1","143346","","58300","27","74902","1","0"
"17315","While We Were Sleeping","15465","7/0","143330","","57818","27","73108","1","0"
"17315","While We Were Sleeping","15465","7/1","143348","","58301","27","74903","1","0"
"17330","Reverse Racer: Bronze","15462","0","142659","","57877","8","17195","1","0"
"17330","Reverse Racer: Bronze","15462","1","142660","","57878","8","17198","1","0"
"17330","Reverse Racer: Bronze","15462","2","142661","","57879","8","17201","1","0"
"17330","Reverse Racer: Bronze","15462","3","142662","","57880","8","17204","1","0"
"17331","Reverse Racer: Silver","15462","0","142664","","57881","8","17196","1","0"
"17331","Reverse Racer: Silver","15462","1","142665","","57882","8","17199","1","0"
"17331","Reverse Racer: Silver","15462","2","142666","","57883","8","17202","1","0"
"17331","Reverse Racer: Silver","15462","3","142667","","57884","8","17205","1","0"
"17332","Reverse Racer: Gold","15462","0","142669","","57885","8","17197","1","0"
"17332","Reverse Racer: Gold","15462","1","142670","","57886","8","17200","1","0"
"17332","Reverse Racer: Gold","15462","2","142671","","57887","8","17203","1","0"
"17332","Reverse Racer: Gold","15462","3","142672","","57888","8","17206","1","0"
"17342","The Future We Make","15455","0","142769","Glakis, Winter's Wrath","57965","0","199502","1","0"
"17342","The Future We Make","15455","1","142770","Nimbulatus, Storm's Wrath","57966","0","199667","1","0"
"17342","The Future We Make","15455","2/0","142771","Seismodor, Earth's Wrath","57967","0","200439","1","0"
"17343","Drop It Like It's Hot","15455","0","142773","","57968","0","200439","1","0"
"17343","Drop It Like It's Hot","15455","1","142774","","57969","0","199667","1","0"
"17343","Drop It Like It's Hot","15455","2","142775","","57970","0","199502","1","0"
"17397","Door To Door","15465","0","143164","","58209","0","200043","50","0"
"17411","Forbidden Reach Glyph Hunter","15462","0","143220","","58238","8","17398","1","0"
"17411","Forbidden Reach Glyph Hunter","15462","1","143221","","58239","8","17399","1","0"
"17411","Forbidden Reach Glyph Hunter","15462","2","143222","","58240","8","17400","1","0"
"17411","Forbidden Reach Glyph Hunter","15462","3","143223","","58241","8","17401","1","0"
"17411","Forbidden Reach Glyph Hunter","15462","4","143224","","58242","8","17402","1","0"
"17411","Forbidden Reach Glyph Hunter","15462","5","143225","","58243","8","17403","1","0"
"17411","Forbidden Reach Glyph Hunter","15462","6","143226","","58244","8","17404","1","0"
"17411","Forbidden Reach Glyph Hunter","15462","7","143227","","58245","8","17405","1","0"
"17413","Door Buster","15465","0","143231","","58209","0","200043","150","0"
"17427","Winterpelt Conversationalist","15466","0","143509","Achieve rank 100 in the Winterpelt language.","58373","7","2855","100","0"
"17483","Zaralek Cavern: Bronze","15462","0","143514","","58374","8","17429","1","0"
"17483","Zaralek Cavern: Bronze","15462","1","143515","","58375","8","17438","1","0"
"17483","Zaralek Cavern: Bronze","15462","2","143516","","58376","8","17447","1","0"
"17483","Zaralek Cavern: Bronze","15462","3","143517","","58377","8","17456","1","0"
"17483","Zaralek Cavern: Bronze","15462","4","143518","","58378","8","17465","1","0"
"17483","Zaralek Cavern: Bronze","15462","5","143519","","58379","8","17474","1","0"
"17484","Zaralek Cavern: Silver","15462","0","143521","","58380","8","17430","1","0"
"17484","Zaralek Cavern: Silver","15462","1","143522","","58381","8","17439","1","0"
"17484","Zaralek Cavern: Silver","15462","2","143523","","58382","8","17448","1","0"
"17484","Zaralek Cavern: Silver","15462","3","143524","","58383","8","17457","1","0"
"17484","Zaralek Cavern: Silver","15462","4","143525","","58384","8","17466","1","0"
"17484","Zaralek Cavern: Silver","15462","5","143526","","58385","8","17475","1","0"
"17485","Zaralek Cavern: Gold","15462","0","143528","","58386","8","17431","1","0"
"17485","Zaralek Cavern: Gold","15462","1","143529","","58387","8","17440","1","0"
"17485","Zaralek Cavern: Gold","15462","2","143530","","58388","8","17449","1","0"
"17485","Zaralek Cavern: Gold","15462","3","143531","","58389","8","17458","1","0"
"17485","Zaralek Cavern: Gold","15462","4","143532","","58390","8","17467","1","0"
"17485","Zaralek Cavern: Gold","15462","5","143533","","58391","8","17476","1","0"
"17486","Zaralek Cavern Advanced: Bronze","15462","0","143535","","58392","8","17432","1","0"
"17486","Zaralek Cavern Advanced: Bronze","15462","1","143536","","58393","8","17441","1","0"
"17486","Zaralek Cavern Advanced: Bronze","15462","2","143537","","58394","8","17450","1","0"
"17486","Zaralek Cavern Advanced: Bronze","15462","3","143538","","58395","8","17459","1","0"
"17486","Zaralek Cavern Advanced: Bronze","15462","4","143539","","58396","8","17468","1","0"
"17486","Zaralek Cavern Advanced: Bronze","15462","5","143540","","58397","8","17477","1","0"
"17487","Zaralek Cavern Advanced: Silver","15462","0","143542","","58398","8","17433","1","0"
"17487","Zaralek Cavern Advanced: Silver","15462","1","143543","","58399","8","17442","1","0"
"17487","Zaralek Cavern Advanced: Silver","15462","2","143544","","58400","8","17451","1","0"
"17487","Zaralek Cavern Advanced: Silver","15462","3","143545","","58401","8","17460","1","0"
"17487","Zaralek Cavern Advanced: Silver","15462","4","143546","","58402","8","17469","1","0"
"17487","Zaralek Cavern Advanced: Silver","15462","5","143547","","58403","8","17478","1","0"
"17488","Zaralek Cavern Advanced: Gold","15462","0","143549","","58404","8","17434","1","0"
"17488","Zaralek Cavern Advanced: Gold","15462","1","143550","","58405","8","17443","1","0"
"17488","Zaralek Cavern Advanced: Gold","15462","2","143551","","58406","8","17452","1","0"
"17488","Zaralek Cavern Advanced: Gold","15462","3","143552","","58407","8","17461","1","0"
"17488","Zaralek Cavern Advanced: Gold","15462","4","143553","","58408","8","17470","1","0"
"17488","Zaralek Cavern Advanced: Gold","15462","5","143554","","58409","8","17479","1","0"
"17489","Zaralek Cavern Reverse: Bronze","15462","0","143556","","58410","8","17435","1","0"
"17489","Zaralek Cavern Reverse: Bronze","15462","1","143557","","58411","8","17444","1","0"
"17489","Zaralek Cavern Reverse: Bronze","15462","2","143558","","58412","8","17453","1","0"
"17489","Zaralek Cavern Reverse: Bronze","15462","3","143559","","58413","8","17462","1","0"
"17489","Zaralek Cavern Reverse: Bronze","15462","4","143560","","58414","8","17471","1","0"
"17489","Zaralek Cavern Reverse: Bronze","15462","5","143561","","58415","8","17480","1","0"
"17490","Zaralek Cavern Reverse: Silver","15462","0","143563","","58416","8","17436","1","0"
"17490","Zaralek Cavern Reverse: Silver","15462","1","143564","","58417","8","17445","1","0"
"17490","Zaralek Cavern Reverse: Silver","15462","2","143565","","58418","8","17454","1","0"
"17490","Zaralek Cavern Reverse: Silver","15462","3","143566","","58419","8","17463","1","0"
"17490","Zaralek Cavern Reverse: Silver","15462","4","143567","","58420","8","17472","1","0"
"17490","Zaralek Cavern Reverse: Silver","15462","5","143568","","58421","8","17481","1","0"
"17491","Zaralek Cavern Reverse: Gold","15462","0","143570","","58422","8","17437","1","0"
"17491","Zaralek Cavern Reverse: Gold","15462","1","143571","","58423","8","17446","1","0"
"17491","Zaralek Cavern Reverse: Gold","15462","2","143572","","58424","8","17455","1","0"
"17491","Zaralek Cavern Reverse: Gold","15462","3","143573","","58425","8","17464","1","0"
"17491","Zaralek Cavern Reverse: Gold","15462","4","143574","","58426","8","17473","1","0"
"17491","Zaralek Cavern Reverse: Gold","15462","5","143575","","58427","8","17482","1","0"
"17492","Zaralek Cavern Racing Completionist","15462","0","143577","","58428","8","17483","1","0"
"17492","Zaralek Cavern Racing Completionist","15462","1","143578","","58429","8","17486","1","0"
"17492","Zaralek Cavern Racing Completionist","15462","2","143579","","58430","8","17489","1","0"
"17493","Zaralek Cavern Racing Completionist: Silver","15462","0","143581","","58431","8","17484","1","0"
"17493","Zaralek Cavern Racing Completionist: Silver","15462","1","143582","","58432","8","17487","1","0"
"17493","Zaralek Cavern Racing Completionist: Silver","15462","2","143583","","58433","8","17490","1","0"
"17494","Zaralek Cavern Racing Completionist: Gold","15462","0","143585","","58434","8","17485","1","0"
"17494","Zaralek Cavern Racing Completionist: Gold","15462","1","143586","","58435","8","17488","1","0"
"17494","Zaralek Cavern Racing Completionist: Gold","15462","2","143587","","58436","8","17491","1","0"
"17506","Still Standing in the Fire","15465","0","143603","","58448","17","0","1","0"
"17509","Every Door, Everywhere, All At Once","15465","0","143605","","58449","27","75127","1","0"
"17524","Adventurer of the Forbidden Reach","15465","0","143673","Vraken the Hunter","58458","0","200584","1","0"
"17524","Adventurer of the Forbidden Reach","15465","1","143674","Gahz'raxes","58459","0","200537","1","0"
"17524","Adventurer of the Forbidden Reach","15465","2","143675","Ishyra","58460","0","200579","1","0"
"17524","Adventurer of the Forbidden Reach","15465","3","143676","Reisa the Drowned","58461","0","200600","1","0"
"17524","Adventurer of the Forbidden Reach","15465","4","143677","Duzalgor","58462","0","200610","1","0"
"17524","Adventurer of the Forbidden Reach","15465","5","143678","Bonesifter Marwak","58463","0","200681","1","0"
"17524","Adventurer of the Forbidden Reach","15465","6","143679","Galakhad","58464","0","200717","1","0"
"17524","Adventurer of the Forbidden Reach","15465","7","143680","Grugoth the Hullcrusher","58465","0","200721","1","0"
"17524","Adventurer of the Forbidden Reach","15465","8","143681","Lady Shaz'ra","58466","0","200885","1","0"
"17524","Adventurer of the Forbidden Reach","15465","9","143682","Veltrax","58467","0","200904","1","0"
"17524","Adventurer of the Forbidden Reach","15465","10","143683","Mad-Eye Carrey","58468","0","201181","1","0"
"17524","Adventurer of the Forbidden Reach","15465","11","143684","Wyrmslayer Angvardi","58469","0","201013","1","0"
"17524","Adventurer of the Forbidden Reach","15465","12","143685","Warden Entrix","58470","0","200960","1","0"
"17524","Adventurer of the Forbidden Reach","15465","13","143686","Ookbeard","58471","0","200956","1","0"
"17524","Adventurer of the Forbidden Reach","15465","14","143687","Pyrachniss","58472","0","200978","1","0"
"17524","Adventurer of the Forbidden Reach","15465","15","143688","Volcanakk","58473","0","200911","1","0"
"17524","Adventurer of the Forbidden Reach","15465","16","143689","Tectonus","58474","0","200619","1","0"
"17524","Adventurer of the Forbidden Reach","15465","17","143690","Sir Pinchalot","58475","0","200620","1","0"
"17524","Adventurer of the Forbidden Reach","15465","18","143691","Manathema","58476","0","200621","1","0"
"17524","Adventurer of the Forbidden Reach","15465","19","143692","Snarfang","58477","0","200622","1","0"
"17524","Adventurer of the Forbidden Reach","15465","20","143693","Gareed","58478","0","200722","1","0"
"17524","Adventurer of the Forbidden Reach","15465","21","143694","Faunos","58479","0","200725","1","0"
"17524","Adventurer of the Forbidden Reach","15465","22","143695","Tidesmith Zarviss","58480","0","200730","1","0"
"17524","Adventurer of the Forbidden Reach","15465","23","143696","Arcantrix","58481","0","200737","1","0"
"17524","Adventurer of the Forbidden Reach","15465","24","143697","Kangalo","58482","0","200738","1","0"
"17524","Adventurer of the Forbidden Reach","15465","25","143698","Fimbol","58483","0","200739","1","0"
"17524","Adventurer of the Forbidden Reach","15465","26","143699","Agni Blazehoof","58484","0","200740","1","0"
"17524","Adventurer of the Forbidden Reach","15465","27","143700","Luttrok","58485","0","200742","1","0"
"17524","Adventurer of the Forbidden Reach","15465","28","143701","Amephyst","58486","0","200743","1","0"
"17524","Adventurer of the Forbidden Reach","15465","29","144278","Loot Specialist","58830","0","203353","1","0"
"17525","Champion of the Forbidden Reach","15465","0","143703","Vraken the Hunter","58458","0","200584","1","0"
"17525","Champion of the Forbidden Reach","15465","1","143704","Gahz'raxes","58459","0","200537","1","0"
"17525","Champion of the Forbidden Reach","15465","2","143705","Ishyra","58460","0","200579","1","0"
"17525","Champion of the Forbidden Reach","15465","3","143706","Reisa the Drowned","58461","0","200600","1","0"
"17525","Champion of the Forbidden Reach","15465","4","143707","Duzalgor","58462","0","200610","1","0"
"17525","Champion of the Forbidden Reach","15465","5","143708","Bonesifter Marwak","58463","0","200681","1","0"
"17525","Champion of the Forbidden Reach","15465","6","143709","Galakhad","58464","0","200717","1","0"
"17525","Champion of the Forbidden Reach","15465","7","143710","Grugoth the Hullcrusher","58465","0","200721","1","0"
"17525","Champion of the Forbidden Reach","15465","8","143711","Lady Shaz'ra","58466","0","200885","1","0"
"17525","Champion of the Forbidden Reach","15465","9","143712","Veltrax","58467","0","200904","1","0"
"17525","Champion of the Forbidden Reach","15465","10","143713","Mad-Eye Carrey","58468","0","201181","1","0"
"17525","Champion of the Forbidden Reach","15465","11","143714","Wyrmslayer Angvardi","58469","0","201013","1","0"
"17525","Champion of the Forbidden Reach","15465","12","143715","Warden Entrix","58470","0","200960","1","0"
"17525","Champion of the Forbidden Reach","15465","13","143716","Ookbeard","58471","0","200956","1","0"
"17525","Champion of the Forbidden Reach","15465","14","143717","Pyrachniss","58472","0","200978","1","0"
"17525","Champion of the Forbidden Reach","15465","15","143718","Volcanakk","58473","0","200911","1","0"
"17525","Champion of the Forbidden Reach","15465","16","143719","Tectonus","58474","0","200619","1","0"
"17525","Champion of the Forbidden Reach","15465","17","143720","Sir Pinchalot","58475","0","200620","1","0"
"17525","Champion of the Forbidden Reach","15465","18","143721","Manathema","58476","0","200621","1","0"
"17525","Champion of the Forbidden Reach","15465","19","143722","Snarfang","58477","0","200622","1","0"
"17525","Champion of the Forbidden Reach","15465","20","143723","Gareed","58478","0","200722","1","0"
"17525","Champion of the Forbidden Reach","15465","21","143724","Faunos","58479","0","200725","1","0"
"17525","Champion of the Forbidden Reach","15465","22","143725","Tidesmith Zarviss","58480","0","200730","1","0"
"17525","Champion of the Forbidden Reach","15465","23","143726","Arcantrix","58481","0","200737","1","0"
"17525","Champion of the Forbidden Reach","15465","24","143727","Kangalo","58482","0","200738","1","0"
"17525","Champion of the Forbidden Reach","15465","25","143728","Fimbol","58483","0","200739","1","0"
"17525","Champion of the Forbidden Reach","15465","26","143729","Agni Blazehoof","58484","0","200740","1","0"
"17525","Champion of the Forbidden Reach","15465","27","143730","Luttrok","58485","0","200742","1","0"
"17525","Champion of the Forbidden Reach","15465","28","143731","Amephyst","58486","0","200743","1","0"
"17525","Champion of the Forbidden Reach","15465","29","144279","Loot Specialist","58830","0","203353","1","0"
"17526","Treasures of the Forbidden Reach","15465","0","143733","Forbidden Hoard","58487","29","405240","1","0"
"17526","Treasures of the Forbidden Reach","15465","1","143734","Avian Trove","58488","29","405238","1","0"
"17526","Treasures of the Forbidden Reach","15465","2","143735","Obsidian Coffer","58489","29","405241","1","0"
"17526","Treasures of the Forbidden Reach","15465","3","143736","Spellsworn Reserves","58490","29","405242","1","0"
"17526","Treasures of the Forbidden Reach","15465","4","143737","Bone Pile","58491","29","405244","1","0"
"17526","Treasures of the Forbidden Reach","15465","5","143738","Farscale Cache","58492","29","405245","1","0"
"17526","Treasures of the Forbidden Reach","15465","6","143739","Irontide Stash","58493","29","405246","1","0"
"17526","Treasures of the Forbidden Reach","15465","7","143740","Storm-Eater Cairn","58494","29","405247","1","0"
"17526","Treasures of the Forbidden Reach","15465","8","143741","Stonescaled Cairn","58495","29","405248","1","0"
"17526","Treasures of the Forbidden Reach","15465","9","143742","Blazing Cairn","58496","29","405249","1","0"
"17526","Treasures of the Forbidden Reach","15465","10","143743","Frozenheart Cairn","58497","29","405250","1","0"
"17526","Treasures of the Forbidden Reach","15465","11","143744","Morqut Provisions","58498","29","405251","1","0"
"17527","Scavenger of the Forbidden Reach","15465","0","143746","","58499","0","203173","20","0"
"17528","Hoarder of the Forbidden Reach","15465","0","143758","","58499","0","203173","100","0"
"17529","Forbidden Spoils","15465","0","143760","","58500","0","203174","10","0"
"17530","Librarian of the Reach","15465","0","143762","The Burden of Lapisagos","58501","42","204338","1","0"
"17530","Librarian of the Reach","15465","1","143763","A Soldier's Journal","58502","42","204316","1","0"
"17530","Librarian of the Reach","15465","2","143764","A Song of the Depths","58503","42","204335","1","0"
"17530","Librarian of the Reach","15465","3","143765","Return of the Nightsquall","58504","42","204328","1","0"
"17530","Librarian of the Reach","15465","4","143766","Lost Expedition Notes","58505","42","204321","1","0"
"17530","Librarian of the Reach","15465","5","143767","Words of the Wyrmslayer","58506","42","204317","1","0"
"17530","Librarian of the Reach","15465","6","143768","Living Book","58660","42","204691","1","0"
"17530","Librarian of the Reach","15465","7","143964","Opera of the Aspects","58661","42","204181","1","0"
"17530","Librarian of the Reach","15465","8","143965","The Old Gods and the Ordering of Azeroth (Annotated)","58507","42","204185","1","0"
"17531","X Marks the Spot","15465","0","143770","","58508","0","203175","10","0"
"17532","Scroll Hunter","15465","0","143772","","58508","0","203175","50","0"
"17534","Explore the Forbidden Reach","15465","0","143800","The War Creche","58510","43","4809","1","0"
"17534","Explore the Forbidden Reach","15465","1","143801","Stormsunder Crater","58511","43","4810","1","0"
"17534","Explore the Forbidden Reach","15465","2","143802","Morqut Village","58512","43","4811","1","0"
"17534","Explore the Forbidden Reach","15465","3","143803","Froststone Vault","58513","43","4812","1","0"
"17534","Explore the Forbidden Reach","15465","4","143804","Dragonskull Island","58514","43","4813","1","0"
"17534","Explore the Forbidden Reach","15465","5","143805","Caldera of the Menders","58515","43","4814","1","0"
"17540","Under the Weather","15465","0","143864","Air","58567","152","2140","1","0"
"17540","Under the Weather","15465","1","143865","Earth","58568","152","2141","1","0"
"17540","Under the Weather","15465","2","143866","Fire","58569","152","2142","1","0"
"17540","Under the Weather","15465","3","143867","Water","58570","152","2143","1","0"
"17543","You Know How to Reach Me","15465","0","143909","","58614","8","17534","0","0"
"17543","You Know How to Reach Me","15465","1","143910","","58615","8","17526","0","0"
"17543","You Know How to Reach Me","15465","2","143911","","58616","8","17528","0","0"
"17543","You Know How to Reach Me","15465","3","143912","","58617","8","17525","0","0"
"17543","You Know How to Reach Me","15465","4","143913","","58618","8","17529","0","0"
"17543","You Know How to Reach Me","15465","5","143914","","58619","8","17530","0","0"
"17543","You Know How to Reach Me","15465","6","143915","","58620","8","17532","0","0"
"17543","You Know How to Reach Me","15465","7","143916","","58621","8","17540","0","0"
"17543","You Know How to Reach Me","15465","8","143917","","58622","8","17413","0","0"
"17543","You Know How to Reach Me","15465","9","143918","","58623","8","17509","0","0"
"17543","You Know How to Reach Me","15465","10","143921","","58624","8","17315","0","0"
"17546","A New Beginning","15455","0","143993","","58681","27","75258","0","0"
"17560","Ancient Stones of the Dragon Isles","15465","0","144203","Ancient Stones of the Waking Shores","58800","8","17561","0","0"
"17560","Ancient Stones of the Dragon Isles","15465","1","144204","Ancient Stones of the Ohn'ahran Plains","58801","8","17562","0","0"
"17560","Ancient Stones of the Dragon Isles","15465","2","144205","Ancient Stones of the Azure Span","58802","8","17563","0","0"
"17560","Ancient Stones of the Dragon Isles","15465","3","144206","Ancient Stones of Thaldraszus","58803","8","17564","0","0"
"17561","Ancient Stones of the Waking Shores","15465","0","144208","So Close, So Far","58804","68","376325","0","0"
"17561","Ancient Stones of the Waking Shores","15465","1","144209","One Small Part","58805","68","381336","0","0"
"17561","Ancient Stones of the Waking Shores","15465","2","144210","Neltharus Stands","58806","68","381340","0","0"
"17561","Ancient Stones of the Waking Shores","15465","3","144211","Welcoming the First","58807","68","381341","0","0"
"17561","Ancient Stones of the Waking Shores","15465","4","144212","Learn and Grow","58808","68","381343","0","0"
"17562","Ancient Stones of the Ohn'ahran Plains","15465","0","144214","The Gnoll Wars","58809","68","381705","0","0"
"17562","Ancient Stones of the Ohn'ahran Plains","15465","1","144215","Your Dreamer","58810","68","381706","0","0"
"17562","Ancient Stones of the Ohn'ahran Plains","15465","2","144216","Dreams in Emerald","58811","68","381707","0","0"
"17562","Ancient Stones of the Ohn'ahran Plains","15465","3","144217","The First Kurnal","58812","68","381708","0","0"
"17562","Ancient Stones of the Ohn'ahran Plains","15465","4","144218","Wind, Wood, Water","58813","68","381709","0","0"
"17563","Ancient Stones of the Azure Span","15465","0","144220","Im'bunata's Blessing","58814","68","381711","0","0"
"17563","Ancient Stones of the Azure Span","15465","1","144221","A Solid Foundation","58815","68","381713","0","0"
"17563","Ancient Stones of the Azure Span","15465","2","144222","Attention: Immediate Evacuation","58816","68","381715","0","0"
"17563","Ancient Stones of the Azure Span","15465","3","144223","The Vow","58817","68","381718","0","0"
"17563","Ancient Stones of the Azure Span","15465","4","144224","Vakthros Maintenance","58818","68","381722","0","0"
"17564","Ancient Stones of Thaldraszus","15465","0","144226","Mighty Ducks","58819","68","381730","0","0"
"17564","Ancient Stones of Thaldraszus","15465","1","144227","A Timely Message","58820","68","381731","0","0"
"17564","Ancient Stones of Thaldraszus","15465","2","144228","Keeper's Blessing","58821","68","381732","0","0"
"17564","Ancient Stones of Thaldraszus","15465","3","144229","Guardian Wings","58822","68","381733","0","0"
"17564","Ancient Stones of Thaldraszus","15465","4","144230","Together Bound","58823","68","381734","0","0"
"17564","Ancient Stones of Thaldraszus","15465","5","144231","Caretaker's Notes","58824","68","381735","0","0"
"17564","Ancient Stones of Thaldraszus","15465","6","144232","Valdrakken","58825","68","381736","0","0"
"17567","Ancient Stones of Zaralek","15465","0","144234","Demanding Perfection","58826","68","385584","0","0"
"17567","Ancient Stones of Zaralek","15465","1","144235","Binding Oaths","58827","68","385585","0","0"
"17567","Ancient Stones of Zaralek","15465","2","144236","Primal Power","58828","68","385586","0","0"
"17712","Kalimdor: Bronze","15462","0","144355","","58889","8","17568","1","0"
"17712","Kalimdor: Bronze","15462","1","144356","","58890","8","17577","1","0"
"17712","Kalimdor: Bronze","15462","2","144357","","58891","8","17586","1","0"
"17712","Kalimdor: Bronze","15462","3","144358","","58892","8","17595","1","0"
"17712","Kalimdor: Bronze","15462","4","144359","","58893","8","17604","1","0"
"17712","Kalimdor: Bronze","15462","5","144360","","58894","8","17613","1","0"
"17712","Kalimdor: Bronze","15462","6","144361","","58895","8","17622","1","0"
"17712","Kalimdor: Bronze","15462","7","144362","","58896","8","17631","1","0"
"17712","Kalimdor: Bronze","15462","8","144363","","58897","8","17640","1","0"
"17712","Kalimdor: Bronze","15462","9","144364","","58898","8","17649","1","0"
"17712","Kalimdor: Bronze","15462","10","144365","","58899","8","17658","1","0"
"17712","Kalimdor: Bronze","15462","11","144366","","58900","8","17667","1","0"
"17712","Kalimdor: Bronze","15462","12","144367","","58901","8","17676","1","0"
"17712","Kalimdor: Bronze","15462","13","144368","","58902","8","17685","1","0"
"17712","Kalimdor: Bronze","15462","14","144369","","58903","8","17694","1","0"
"17712","Kalimdor: Bronze","15462","15","144370","","58904","8","17703","1","0"
"17713","Kalimdor: Silver","15462","0","144377","","58914","8","17569","1","0"
"17713","Kalimdor: Silver","15462","1","144378","","58915","8","17578","1","0"
"17713","Kalimdor: Silver","15462","2","144379","","58916","8","17587","1","0"
"17713","Kalimdor: Silver","15462","3","144380","","58917","8","17596","1","0"
"17713","Kalimdor: Silver","15462","4","144381","","58918","8","17605","1","0"
"17713","Kalimdor: Silver","15462","5","144382","","58919","8","17614","1","0"
"17713","Kalimdor: Silver","15462","6","144383","","58920","8","17623","1","0"
"17713","Kalimdor: Silver","15462","7","144384","","58921","8","17632","1","0"
"17713","Kalimdor: Silver","15462","8","144385","","58922","8","17641","1","0"
"17713","Kalimdor: Silver","15462","9","144386","","58923","8","17650","1","0"
"17713","Kalimdor: Silver","15462","10","144387","","58924","8","17659","1","0"
"17713","Kalimdor: Silver","15462","11","144388","","58925","8","17668","1","0"
"17713","Kalimdor: Silver","15462","12","144389","","58926","8","17677","1","0"
"17713","Kalimdor: Silver","15462","13","144390","","58927","8","17686","1","0"
"17713","Kalimdor: Silver","15462","14","144391","","58928","8","17695","1","0"
"17713","Kalimdor: Silver","15462","15","144392","","58929","8","17704","1","0"
"17714","Kalimdor: Gold","15462","0","144394","","58930","8","17570","1","0"
"17714","Kalimdor: Gold","15462","1","144395","","58931","8","17579","1","0"
"17714","Kalimdor: Gold","15462","2","144396","","58932","8","17588","1","0"
"17714","Kalimdor: Gold","15462","3","144397","","58933","8","17597","1","0"
"17714","Kalimdor: Gold","15462","4","144398","","58934","8","17606","1","0"
"17714","Kalimdor: Gold","15462","5","144399","","58935","8","17615","1","0"
"17714","Kalimdor: Gold","15462","6","144400","","58936","8","17624","1","0"
"17714","Kalimdor: Gold","15462","7","144401","","58937","8","17633","1","0"
"17714","Kalimdor: Gold","15462","8","144402","","58938","8","17642","1","0"
"17714","Kalimdor: Gold","15462","9","144403","","58939","8","17651","1","0"
"17714","Kalimdor: Gold","15462","10","144404","","58940","8","17660","1","0"
"17714","Kalimdor: Gold","15462","11","144405","","58941","8","17669","1","0"
"17714","Kalimdor: Gold","15462","12","144406","","58942","8","17678","1","0"
"17714","Kalimdor: Gold","15462","13","144407","","58943","8","17687","1","0"
"17714","Kalimdor: Gold","15462","14","144408","","58944","8","17696","1","0"
"17714","Kalimdor: Gold","15462","15","144409","","58945","8","17705","1","0"
"17715","Kalimdor Advanced: Bronze","15462","0","144411","","58946","8","17571","1","0"
"17715","Kalimdor Advanced: Bronze","15462","1","144412","","58947","8","17580","1","0"
"17715","Kalimdor Advanced: Bronze","15462","2","144413","","58948","8","17589","1","0"
"17715","Kalimdor Advanced: Bronze","15462","3","144414","","58949","8","17598","1","0"
"17715","Kalimdor Advanced: Bronze","15462","4","144415","","58950","8","17607","1","0"
"17715","Kalimdor Advanced: Bronze","15462","5","144416","","58951","8","17616","1","0"
"17715","Kalimdor Advanced: Bronze","15462","6","144417","","58952","8","17625","1","0"
"17715","Kalimdor Advanced: Bronze","15462","7","144418","","58953","8","17634","1","0"
"17715","Kalimdor Advanced: Bronze","15462","8","144419","","58954","8","17643","1","0"
"17715","Kalimdor Advanced: Bronze","15462","9","144420","","58955","8","17652","1","0"
"17715","Kalimdor Advanced: Bronze","15462","10","144421","","58956","8","17661","1","0"
"17715","Kalimdor Advanced: Bronze","15462","11","144422","","58957","8","17670","1","0"
"17715","Kalimdor Advanced: Bronze","15462","12","144423","","58958","8","17679","1","0"
"17715","Kalimdor Advanced: Bronze","15462","13","144424","","58959","8","17688","1","0"
"17715","Kalimdor Advanced: Bronze","15462","14","144425","","58960","8","17697","1","0"
"17715","Kalimdor Advanced: Bronze","15462","15","144426","","58961","8","17706","1","0"
"17716","Kalimdor Advanced: Silver","15462","0","144428","","58962","8","17572","1","0"
"17716","Kalimdor Advanced: Silver","15462","1","144429","","58963","8","17581","1","0"
"17716","Kalimdor Advanced: Silver","15462","2","144430","","58964","8","17590","1","0"
"17716","Kalimdor Advanced: Silver","15462","3","144431","","58965","8","17599","1","0"
"17716","Kalimdor Advanced: Silver","15462","4","144432","","58966","8","17608","1","0"
"17716","Kalimdor Advanced: Silver","15462","5","144433","","58967","8","17617","1","0"
"17716","Kalimdor Advanced: Silver","15462","6","144434","","58968","8","17626","1","0"
"17716","Kalimdor Advanced: Silver","15462","7","144435","","58969","8","17635","1","0"
"17716","Kalimdor Advanced: Silver","15462","8","144436","","58970","8","17644","1","0"
"17716","Kalimdor Advanced: Silver","15462","9","144437","","58971","8","17653","1","0"
"17716","Kalimdor Advanced: Silver","15462","10","144438","","58972","8","17662","1","0"
"17716","Kalimdor Advanced: Silver","15462","11","144439","","58973","8","17671","1","0"
"17716","Kalimdor Advanced: Silver","15462","12","144440","","60708","8","17680","1","0"
"17716","Kalimdor Advanced: Silver","15462","13","144441","","60707","8","17689","1","0"
"17716","Kalimdor Advanced: Silver","15462","14","144442","","60709","8","17698","1","0"
"17716","Kalimdor Advanced: Silver","15462","15","144443","","60710","8","17707","1","0"
"17717","Kalimdor Advanced: Gold","15462","0","144445","","58974","8","17573","1","0"
"17717","Kalimdor Advanced: Gold","15462","1","144446","","58975","8","17582","1","0"
"17717","Kalimdor Advanced: Gold","15462","2","144447","","58976","8","17591","1","0"
"17717","Kalimdor Advanced: Gold","15462","3","144448","","58977","8","17600","1","0"
"17717","Kalimdor Advanced: Gold","15462","4","144449","","58978","8","17609","1","0"
"17717","Kalimdor Advanced: Gold","15462","5","144450","","58979","8","17618","1","0"
"17717","Kalimdor Advanced: Gold","15462","6","144451","","58980","8","17627","1","0"
"17717","Kalimdor Advanced: Gold","15462","7","144452","","58981","8","17636","1","0"
"17717","Kalimdor Advanced: Gold","15462","8","144453","","58982","8","17645","1","0"
"17717","Kalimdor Advanced: Gold","15462","9","144454","","58983","8","17654","1","0"
"17717","Kalimdor Advanced: Gold","15462","10","144455","","58984","8","17663","1","0"
"17717","Kalimdor Advanced: Gold","15462","11","144456","","58985","8","17672","1","0"
"17717","Kalimdor Advanced: Gold","15462","12","144457","","58986","8","17681","1","0"
"17717","Kalimdor Advanced: Gold","15462","13","144458","","58987","8","17690","1","0"
"17717","Kalimdor Advanced: Gold","15462","14","144459","","58988","8","17699","1","0"
"17717","Kalimdor Advanced: Gold","15462","15","144460","","58989","8","17708","1","0"
"17718","Kalimdor Reverse: Bronze","15462","0","144462","","58990","8","17574","1","0"
"17718","Kalimdor Reverse: Bronze","15462","1","144463","","58991","8","17583","1","0"
"17718","Kalimdor Reverse: Bronze","15462","2","144464","","58992","8","17592","1","0"
"17718","Kalimdor Reverse: Bronze","15462","3","144465","","58993","8","17601","1","0"
"17718","Kalimdor Reverse: Bronze","15462","4","144466","","58994","8","17610","1","0"
"17718","Kalimdor Reverse: Bronze","15462","5","144467","","58995","8","17619","1","0"
"17718","Kalimdor Reverse: Bronze","15462","6","144468","","58996","8","17628","1","0"
"17718","Kalimdor Reverse: Bronze","15462","7","144469","","58997","8","17637","1","0"
"17718","Kalimdor Reverse: Bronze","15462","8","144470","","58998","8","17646","1","0"
"17718","Kalimdor Reverse: Bronze","15462","9","144471","","58999","8","17655","1","0"
"17718","Kalimdor Reverse: Bronze","15462","10","144472","","59000","8","17664","1","0"
"17718","Kalimdor Reverse: Bronze","15462","11","144473","","59001","8","17673","1","0"
"17718","Kalimdor Reverse: Bronze","15462","12","144474","","59002","8","17682","1","0"
"17718","Kalimdor Reverse: Bronze","15462","13","144475","","59003","8","17691","1","0"
"17718","Kalimdor Reverse: Bronze","15462","14","144476","","59004","8","17700","1","0"
"17718","Kalimdor Reverse: Bronze","15462","15","144477","","59005","8","17709","1","0"
"17719","Kalimdor Reverse: Silver","15462","0","144479","","59006","8","17575","1","0"
"17719","Kalimdor Reverse: Silver","15462","1","144480","","59007","8","17584","1","0"
"17719","Kalimdor Reverse: Silver","15462","2","144481","","59008","8","17593","1","0"
"17719","Kalimdor Reverse: Silver","15462","3","144482","","59009","8","17602","1","0"
"17719","Kalimdor Reverse: Silver","15462","4","144483","","59010","8","17611","1","0"
"17719","Kalimdor Reverse: Silver","15462","5","144484","","59011","8","17620","1","0"
"17719","Kalimdor Reverse: Silver","15462","6","144485","","59012","8","17629","1","0"
"17719","Kalimdor Reverse: Silver","15462","7","144486","","59013","8","17638","1","0"
"17719","Kalimdor Reverse: Silver","15462","8","144487","","59014","8","17647","1","0"
"17719","Kalimdor Reverse: Silver","15462","9","144488","","59015","8","17656","1","0"
"17719","Kalimdor Reverse: Silver","15462","10","144489","","59016","8","17665","1","0"
"17719","Kalimdor Reverse: Silver","15462","11","144490","","59017","8","17674","1","0"
"17719","Kalimdor Reverse: Silver","15462","12","144491","","59018","8","17683","1","0"
"17719","Kalimdor Reverse: Silver","15462","13","144492","","59019","8","17692","1","0"
"17719","Kalimdor Reverse: Silver","15462","14","144493","","59020","8","17701","1","0"
"17719","Kalimdor Reverse: Silver","15462","15","144494","","59021","8","17710","1","0"
"17720","Kalimdor Reverse: Gold","15462","0","144496","","59022","8","17576","1","0"
"17720","Kalimdor Reverse: Gold","15462","1","144497","","59023","8","17585","1","0"
"17720","Kalimdor Reverse: Gold","15462","2","144498","","59024","8","17594","1","0"
"17720","Kalimdor Reverse: Gold","15462","3","144499","","59025","8","17603","1","0"
"17720","Kalimdor Reverse: Gold","15462","4","144500","","59026","8","17612","1","0"
"17720","Kalimdor Reverse: Gold","15462","5","144501","","59027","8","17621","1","0"
"17720","Kalimdor Reverse: Gold","15462","6","144502","","59028","8","17630","1","0"
"17720","Kalimdor Reverse: Gold","15462","7","144503","","59029","8","17639","1","0"
"17720","Kalimdor Reverse: Gold","15462","8","144504","","59030","8","17648","1","0"
"17720","Kalimdor Reverse: Gold","15462","9","144505","","59031","8","17657","1","0"
"17720","Kalimdor Reverse: Gold","15462","10","144506","","59032","8","17666","1","0"
"17720","Kalimdor Reverse: Gold","15462","11","144507","","59033","8","17675","1","0"
"17720","Kalimdor Reverse: Gold","15462","12","144508","","59034","8","17684","1","0"
"17720","Kalimdor Reverse: Gold","15462","13","144509","","59035","8","17693","1","0"
"17720","Kalimdor Reverse: Gold","15462","14","144510","","59036","8","17702","1","0"
"17720","Kalimdor Reverse: Gold","15462","15","144511","","59037","8","17711","1","0"
"17721","Kalimdor Racing Completionist","15462","0","144513","","59038","8","17712","1","0"
"17721","Kalimdor Racing Completionist","15462","1","144514","","59039","8","17715","1","0"
"17721","Kalimdor Racing Completionist","15462","2","144515","","59040","8","17718","1","0"
"17722","Kalimdor Racing Completionist: Silver","15462","0","144517","","59041","8","17713","1","0"
"17722","Kalimdor Racing Completionist: Silver","15462","1","144518","","59042","8","17716","1","0"
"17722","Kalimdor Racing Completionist: Silver","15462","2","144519","","59043","8","17719","1","0"
"17723","Kalimdor Racing Completionist: Gold","15462","0","144521","","59044","8","17714","1","0"
"17723","Kalimdor Racing Completionist: Gold","15462","1","144522","","59045","8","17717","1","0"
"17723","Kalimdor Racing Completionist: Gold","15462","2","144523","","59046","8","17720","1","0"
"17734","Active Listening Skills","15455","0","144582","Completed Reconciable Dissidents.","59094","27","75230","0","0"
"17735","We Didn't Start the Fire","15455","0","144586","","59096","0","203720","1","0"
"17735","We Didn't Start the Fire","15455","1","144587","","59097","0","203724","1","0"
"17735","We Didn't Start the Fire","15455","2","144588","","59098","0","206928","1","0"
"17735","We Didn't Start the Fire","15455","3","144589","","59099","0","203262","1","0"
"17735","We Didn't Start the Fire","15455","4","144590","","59100","0","201864","1","0"
"17739","Embers of Neltharion","15455","0/0","144776","","58530","27","73156","0","0"
"17739","Embers of Neltharion","15455","1/0","144644","","59133","27","75644","0","0"
"17739","Embers of Neltharion","15455","2/0","144646","","59134","27","72965","0","0"
"17739","Embers of Neltharion","15455","3/0","144648","","59135","27","75145","0","0"
"17739","Embers of Neltharion","15455","4/0","144650","","59136","27","74563","0","0"
"17739","Embers of Neltharion","15455","4/1","144651","","59137","27","74562","0","0"
"17739","Embers of Neltharion","15455","5/0","144653","","59139","27","72930","0","0"
"17739","Embers of Neltharion","15455","6/0","144655","","59426","27","75417","0","0"
"17741","Slow and Steady Wins the Race","15465","0","144670","Bashful wins","59148","0","204614","1","0"
"17741","Slow and Steady Wins the Race","15465","1","144671","Tricky wins","59149","0","204616","1","0"
"17741","Slow and Steady Wins the Race","15465","2","144672","Brulee wins","59150","0","204615","1","0"
"17741","Slow and Steady Wins the Race","15465","3","144673","Roggy wins","59151","0","204618","1","0"
"17766","Explore Zaralek Cavern","15465","0","144732","Aberrus Approach","59159","43","4815","1","0"
"17766","Explore Zaralek Cavern","15465","1","144733","Buried Vault","59160","43","4816","1","0"
"17766","Explore Zaralek Cavern","15465","2","144734","Glimmerogg","59161","43","4817","1","0"
"17766","Explore Zaralek Cavern","15465","3","144735","Loamm","59162","43","4818","1","0"
"17766","Explore Zaralek Cavern","15465","4","144736","Nal ks'kol","59163","43","4819","1","0"
"17766","Explore Zaralek Cavern","15465","5","144737","Sulfur Wastes","59165","43","4820","1","0"
"17766","Explore Zaralek Cavern","15465","6","144738","The Throughway","59166","43","4821","1","0"
"17766","Explore Zaralek Cavern","15465","7","144739","Zaqali Caldera","59167","43","4822","1","0"
"17773","A Blue Dawn","15455","0","144778","","59171","27","72951","1","0"
"17779","A Serpentine Discovery","15455","0","144842","","59177","34","368893","1","0"
"17781","The Smell of Money","15465","0","144846","","59179","36","204715","200","0"
"17782","Daycare Derby","15455","0","144854","Runaway Rusziona","59192","29","400599","1","0"
"17782","Daycare Derby","15455","1","144855","Zaleth on the Go","59194","29","400601","1","0"
"17782","Daycare Derby","15455","2","144856","Zhoomsa","59193","29","400600","1","0"
"17782","Daycare Derby","15455","3","144857","Pole Position Posidriss","59195","29","400602","1","0"
"17782","Daycare Derby","15455","4","144858","Blistering Belastrasza","59196","29","400604","1","0"
"17783","Adventurer of Zaralek Cavern","15465","0","144860","Alcanon","59188","0","203515","1","0"
"17783","Adventurer of Zaralek Cavern","15465","1","144861","Aquifon","59185","0","203468","1","0"
"17783","Adventurer of Zaralek Cavern","15465","2","144862","Brullo the Strong","59202","68","398828","1","0"
"17783","Adventurer of Zaralek Cavern","15465","3","144863","Colossian","59212","0","204093","1","0"
"17783","Adventurer of Zaralek Cavern","15465","4","144864","Emberdusk","59209","0","203664","1","0"
"17783","Adventurer of Zaralek Cavern","15465","5","144865","Flowfy","59207","0","203660","1","0"
"17783","Adventurer of Zaralek Cavern","15465","6","144866","General Zskorro","59190","0","203592","1","0"
"17783","Adventurer of Zaralek Cavern","15465","7","144867","Goopal","59186","0","203477","1","0"
"17783","Adventurer of Zaralek Cavern","15465","8","144869","Invoq","59200","0","203627","1","0"
"17783","Adventurer of Zaralek Cavern","15465","9","144870","Dinn","59206","0","203646","1","0"
"17783","Adventurer of Zaralek Cavern","15465","10","144871","Karokta","59199","0","203625","1","0"
"17783","Adventurer of Zaralek Cavern","15465","11","144872","Kapraku","59184","0","203466","1","0"
"17783","Adventurer of Zaralek Cavern","15465","12","144873","Klakatak","59198","0","203618","1","0"
"17783","Adventurer of Zaralek Cavern","15465","13","144874","Kob'rok","59183","0","203462","1","0"
"17783","Adventurer of Zaralek Cavern","15465","14","144877","Magtembo","59203","0","200111","1","0"
"17783","Adventurer of Zaralek Cavern","15465","15","144878","Professor Gastrinax","59189","0","203521","1","0"
"17783","Adventurer of Zaralek Cavern","15465","16","144880","Skornak","59205","0","203643","1","0"
"17783","Adventurer of Zaralek Cavern","15465","17","144881","Spinmarrow","59187","0","203480","1","0"
"17783","Adventurer of Zaralek Cavern","15465","18","144882","Subterrax","59208","0","203662","1","0"
"17783","Adventurer of Zaralek Cavern","15465","19","144883","Underlight Queen","59191","0","203593","1","0"
"17783","Adventurer of Zaralek Cavern","15465","20","144884","Viridian King","59210","0","201029","1","0"
"17785","Que Zara(lek), Zara(lek)","15455","0","144886","","59213","8","17739","0","0"
"17785","Que Zara(lek), Zara(lek)","15455","1","144888","","59215","8","17783","0","0"
"17785","Que Zara(lek), Zara(lek)","15455","2","144889","","59216","8","17781","0","0"
"17785","Que Zara(lek), Zara(lek)","15455","3","144890","","59217","8","17766","0","0"
"17785","Que Zara(lek), Zara(lek)","15455","4","144891","","59218","8","41183","0","0"
"17785","Que Zara(lek), Zara(lek)","15455","5","144903","","59229","8","17786","0","0"
"17785","Que Zara(lek), Zara(lek)","15455","6","144957","","59248","8","17832","0","0"
"17786","Treasures of Zaralek Cavern","15465","0","144893","Ancient Zaqali Chest","59222","27","73697","1","0"
"17786","Treasures of Zaralek Cavern","15465","1","144894","Blazing Shadowflame Chest","59220","27","72986","1","0"
"17786","Treasures of Zaralek Cavern","15465","2","144895","Bloody Body","59225","27","75232","1","0"
"17786","Treasures of Zaralek Cavern","15465","3","144896","Charred Egg","59226","27","73706","1","0"
"17786","Treasures of Zaralek Cavern","15465","4","144897","Chest of the Flights","59224","27","75187","1","0"
"17786","Treasures of Zaralek Cavern","15465","5","144898","Crystal-Encased Chest","59228","27","74986","1","0"
"17786","Treasures of Zaralek Cavern","15465","6","144899","Long-Lost Cache","59223","27","75019","1","0"
"17786","Treasures of Zaralek Cavern","15465","7","144900","Old Trunk","59227","27","74995","1","0"
"17786","Treasures of Zaralek Cavern","15465","8","144902","Well-Chewed Chest","59219","27","73395","1","0"
"17830","Stones Can't Fly!","15465","0","144915","Earn 2000 Flightstones.","59235","12","2245","2000","0"
"17832","Sniffen Around","15465","0","144928","","59239","27","75765","0","0"
"17832","Sniffen Around","15465","1","144929","","59240","27","75766","0","0"
"17832","Sniffen Around","15465","2","144930","","59241","27","75767","0","0"
"17832","Sniffen Around","15465","3","144931","","59242","27","75768","0","0"
"17832","Sniffen Around","15465","4","144932","","59243","27","75769","0","0"
"17832","Sniffen Around","15465","5","144933","","59244","27","75770","0","0"
"17832","Sniffen Around","15465","6","144934","","59245","27","75771","0","0"
"17832","Sniffen Around","15465","7","144935","","59246","27","75772","0","0"
"17832","Sniffen Around","15465","8","144936","","59247","27","75773","0","0"
"17833","Sniffen Sage","15465","0","144938","","59239","27","75765","1","0"
"17833","Sniffen Sage","15465","1","144939","","59240","27","75766","1","0"
"17833","Sniffen Sage","15465","2","144940","","59241","27","75767","1","0"
"17833","Sniffen Sage","15465","3","144941","","59242","27","75768","1","0"
"17833","Sniffen Sage","15465","4","144942","","59243","27","75769","1","0"
"17833","Sniffen Sage","15465","5","144943","","59244","27","75770","1","0"
"17833","Sniffen Sage","15465","6","144944","","59245","27","75771","1","0"
"17833","Sniffen Sage","15465","7","144945","","59246","27","75772","1","0"
"17833","Sniffen Sage","15465","8","144946","","59247","27","75773","1","0"
"17877","We'll Never See That Again, Surely","15468","0","145086","Hurl a Lump of Flesh into the Emptiness Between Stars.","59333","165","2685","1","0"
"17878","Me Want Bite","15465","0","145084","","59332","0","205046","0","0"
"17977","Stones Can Try To Fly!","15465","0","145184","Earn 5000 Flightstones.","59235","12","2245","5000","0"
"17978","Stones Can Fly!","15465","0","145186","Earn 20000 Flightstones.","59235","12","2245","20000","0"
"18100","Cavern Clawbbering","15465","0","145308","Alcanon","59491","0","203515","1","0"
"18100","Cavern Clawbbering","15465","1","145309","Aquifon","59492","0","203468","1","0"
"18100","Cavern Clawbbering","15465","2","145310","Brullo the Strong","59493","68","398828","1","0"
"18100","Cavern Clawbbering","15465","3","145311","Colossian","59494","0","204093","1","0"
"18100","Cavern Clawbbering","15465","4","145312","Emberdusk","59495","0","203664","1","0"
"18100","Cavern Clawbbering","15465","5","145313","Flowfy","59496","0","203660","1","0"
"18100","Cavern Clawbbering","15465","6","145314","General Zskorro","59497","0","203592","1","0"
"18100","Cavern Clawbbering","15465","7","145315","Goopal","59498","0","203477","1","0"
"18100","Cavern Clawbbering","15465","8","145316","Invoq","59499","0","203627","1","0"
"18100","Cavern Clawbbering","15465","9","145317","Dinn","59500","0","203646","1","0"
"18100","Cavern Clawbbering","15465","10","145318","Karokta","59501","0","203625","1","0"
"18100","Cavern Clawbbering","15465","11","145319","Kapraku","59502","0","203466","1","0"
"18100","Cavern Clawbbering","15465","12","145320","Klakatak","59503","0","203618","1","0"
"18100","Cavern Clawbbering","15465","13","145321","Kob'rok","59504","0","203462","1","0"
"18100","Cavern Clawbbering","15465","14","145322","Magtembo","59505","0","200111","1","0"
"18100","Cavern Clawbbering","15465","15","145323","Professor Gastrinax","59506","0","203521","1","0"
"18100","Cavern Clawbbering","15465","16","145324","Skornak","59507","0","203643","1","0"
"18100","Cavern Clawbbering","15465","17","145325","Spinmarrow","59508","0","203480","1","0"
"18100","Cavern Clawbbering","15465","18","145326","Subterrax","59509","0","203662","1","0"
"18100","Cavern Clawbbering","15465","19","145327","Underlight Queen","59510","0","203593","1","0"
"18100","Cavern Clawbbering","15465","20","145328","Viridian King","59511","0","201029","1","0"
"18149","Objects in Transit May Shatter","15468","0","145413","Shatter the Expired Experiment, Stack of Scrolls, Neverburning Ebon Candle, and ""Portable"" Ebon Anvil.","59543","165","2684","1","0"
"18150","Zaralek Cavern Glyph Hunter","15462","0","145420","","59544","8","17510","1","0"
"18150","Zaralek Cavern Glyph Hunter","15462","1","145421","","59545","8","17511","1","0"
"18150","Zaralek Cavern Glyph Hunter","15462","2","145422","","59546","8","17512","1","0"
"18150","Zaralek Cavern Glyph Hunter","15462","3","145423","","59547","8","17513","1","0"
"18150","Zaralek Cavern Glyph Hunter","15462","4","145424","","59548","8","17514","1","0"
"18150","Zaralek Cavern Glyph Hunter","15462","5","145425","","59549","8","17515","1","0"
"18150","Zaralek Cavern Glyph Hunter","15462","6","145426","","59550","8","17516","1","0"
"18150","Zaralek Cavern Glyph Hunter","15462","7","145427","","59551","8","17517","1","0"
"18151","Mythic: Kazzara, the Hellforged","15468","0","145486","","59564","165","2688","1","0"
"18152","Mythic: The Amalgamation Chamber","15468","0","145488","","59565","165","2687","1","0"
"18153","Mythic: The Forgotten Experiments","15468","0","145491","","59566","165","2693","1","0"
"18154","Mythic: Assault of the Zaqali","15468","0","145493","","59567","165","2682","1","0"
"18155","Mythic: Rashok, the Elder","15468","0","145495","","59568","165","2680","1","0"
"18156","Mythic: The Vigilant Steward, Zskarn","15468","0","145497","","59569","165","2689","1","0"
"18157","Mythic: Magmorax","15468","0","145499","","59570","165","2683","1","0"
"18158","Mythic: Echo of Neltharion","15468","0","145501","","59571","165","2684","1","0"
"18159","Mythic: Scalecommander Sarkareth","15468","0","145502","","59572","165","2685","1","0"
"18160","Aberrus, the Shadowed Crucible","15468","0","145504","Kazzara, the Hellforged","58866","165","2688","1","0"
"18160","Aberrus, the Shadowed Crucible","15468","1","145505","The Amalgamation Chamber","58867","165","2687","1","0"
"18160","Aberrus, the Shadowed Crucible","15468","2","145506","The Forgotten Experiments","58868","165","2693","1","0"
"18160","Aberrus, the Shadowed Crucible","15468","3","145507","Assault of the Zaqali","58869","165","2682","1","0"
"18160","Aberrus, the Shadowed Crucible","15468","4","145508","Rashok, the Elder","58870","165","2680","1","0"
"18160","Aberrus, the Shadowed Crucible","15468","5","145509","The Vigilant Steward, Zskarn","58871","165","2689","1","0"
"18160","Aberrus, the Shadowed Crucible","15468","6","145510","Magmorax","58881","165","2683","1","0"
"18160","Aberrus, the Shadowed Crucible","15468","7","145511","Echo of Neltharion","58882","165","2684","1","0"
"18160","Aberrus, the Shadowed Crucible","15468","8","145512","Scalecommander Sarkareth","58883","165","2685","1","0"
"18161","Heroic: Aberrus, the Shadowed Crucible","15468","0","145514","Kazzara, the Hellforged","59573","165","2688","1","0"
"18161","Heroic: Aberrus, the Shadowed Crucible","15468","1","145515","The Amalgamation Chamber","59574","165","2687","1","0"
"18161","Heroic: Aberrus, the Shadowed Crucible","15468","2","145516","The Forgotten Experiments","59575","165","2693","1","0"
"18161","Heroic: Aberrus, the Shadowed Crucible","15468","3","145517","Assault of the Zaqali","59576","165","2682","1","0"
"18161","Heroic: Aberrus, the Shadowed Crucible","15468","4","145518","Rashok, the Elder","59577","165","2680","1","0"
"18161","Heroic: Aberrus, the Shadowed Crucible","15468","5","145519","The Vigilant Steward, Zskarn","59578","165","2689","1","0"
"18161","Heroic: Aberrus, the Shadowed Crucible","15468","6","145520","Magmorax","59579","165","2683","1","0"
"18161","Heroic: Aberrus, the Shadowed Crucible","15468","7","145521","Echo of Neltharion","59580","165","2684","1","0"
"18161","Heroic: Aberrus, the Shadowed Crucible","15468","8","145522","Scalecommander Sarkareth","59581","165","2685","1","0"
"18162","Mythic: Aberrus, the Shadowed Crucible","15468","0","145524","","59582","8","18151","0","0"
"18162","Mythic: Aberrus, the Shadowed Crucible","15468","1","145525","","59583","8","18152","0","0"
"18162","Mythic: Aberrus, the Shadowed Crucible","15468","2","145526","","59584","8","18153","0","0"
"18162","Mythic: Aberrus, the Shadowed Crucible","15468","3","145527","","59585","8","18154","0","0"
"18162","Mythic: Aberrus, the Shadowed Crucible","15468","4","145528","","59586","8","18155","0","0"
"18162","Mythic: Aberrus, the Shadowed Crucible","15468","5","145529","","59587","8","18156","0","0"
"18162","Mythic: Aberrus, the Shadowed Crucible","15468","6","145530","","59588","8","18157","0","0"
"18162","Mythic: Aberrus, the Shadowed Crucible","15468","7","145531","","59589","8","18158","0","0"
"18162","Mythic: Aberrus, the Shadowed Crucible","15468","8","145532","","59590","8","18159","0","0"
"18163","Discarded Works","15468","0","145534","Kazzara, the Hellforged","58866","165","2688","1","0"
"18163","Discarded Works","15468","1","145535","The Amalgamation Chamber","58867","165","2687","1","0"
"18163","Discarded Works","15468","2","145536","The Forgotten Experiments","58868","165","2693","1","0"
"18164","Fury of Giants","15468","0","145538","Assault of the Zaqali","58869","165","2682","1","0"
"18164","Fury of Giants","15468","1","145539","Rashok, the Elder","58870","165","2680","1","0"
"18164","Fury of Giants","15468","2","145540","The Vigilant Steward, Zskarn","58871","165","2689","1","0"
"18165","Neltharion's Shadow","15468","0","145542","Magmorax","58881","165","2683","1","0"
"18165","Neltharion's Shadow","15468","1","145543","Echo of Neltharion","58882","165","2684","1","0"
"18167","Edge of the Void","15468","0","145545","Scalecommander Sarkareth","58883","165","2685","1","0"
"18168","I'll Make My Own Shadowflame","15468","0","145800","Defeat the Shadowflame Remnant.","59732","165","2687","1","0"
"18172","Escar-Go-Go-Go","15468","0","145592","Feed Magmorax 20 Spicy Lava Snails.","59615","165","2683","1","0"
"18173","Tabula Rasa","15468","0","145594","Rend Nutraal 3 times.","60082","165","2693","1","0"
"18173","Tabula Rasa","15468","1","145595","Slime Nutraal 3 times.","60083","165","2693","1","0"
"18173","Tabula Rasa","15468","2","145596","Singe Nutraal 3 times.","60084","165","2693","1","0"
"18174","Contaminant Cleaner","15465","0","145610","Animated Contaminant defeated","59624","0","202270","1","0"
"18193","Eggscellent Eggsecution","15468","0","146255","Defeat The Vigilant Steward, Zskarn while a member of your raid is carrying the Delicate Experimental Egg","60050","165","2689","1","0"
"18199","Zaqali Ritual Buster","15465","0","145676","Ritualmaster Skarna defeated","59665","0","202274","1","0"
"18199","Zaqali Ritual Buster","15465","1","145677","Elder Magma Serpent defeated","59666","0","203846","1","0"
"18200","Cooling the Research Field","15465","0","145727","","59691","8","18209","0","0"
"18200","Cooling the Research Field","15465","1","145728","","59692","8","18201","0","0"
"18200","Cooling the Research Field","15465","2","145729","","59693","8","18204","0","0"
"18200","Cooling the Research Field","15465","3","145730","","59694","8","18202","0","0"
"18200","Cooling the Research Field","15465","4","145731","","59695","8","18203","0","0"
"18200","Cooling the Research Field","15465","5","145732","","59696","8","18205","0","0"
"18200","Cooling the Research Field","15465","6","145733","","59697","8","18206","0","0"
"18200","Cooling the Research Field","15465","7","145734","","59699","8","18207","0","0"
"18200","Cooling the Research Field","15465","8","145735","","59700","8","18208","0","0"
"18201","Lockdown Mystery","15465","0","145693","Contaminated Titan Watcher defeated","59668","0","203834","1","0"
"18202","Rockin Research","15465","0","146211","","60015","0","204799","1","0"
"18202","Rockin Research","15465","1","146212","","60016","0","203253","1","0"
"18202","Rockin Research","15465","2","146213","","60017","0","204071","1","0"
"18202","Rockin Research","15465","3","146214","","60018","0","204074","1","0"
"18202","Rockin Research","15465","4","146215","","60019","0","204864","1","0"
"18203","A Research Sampler","15465","0/0","146222","Curious Ore Samples delivered","60023","0","205761","50","0"
"18204","Research Mishap","15465","0","145695","Monstrous Magmaclaw Snapper defeated","59669","0","202874","1","0"
"18205","A Pillar of the Research Community","15465","0","146217","Pillar Shards delivered","60020","0","205757","25","0"
"18206","A Djaradin Puzzle","15465","0","146219","Resilient Stones delivered","60021","0","205758","25","0"
"18207","Hot Research Zone","15465","0/0","146251","Enemies defeated","60048","0","202732","1","0"
"18208","The Small Disruptions","15465","0","146226","Magmaclaw Snappers stomped","60024","92","84561","100","0"
"18209","Nothing Stops the Research","15465","0","145697","Captain Reykal defeated","59670","0","203355","1","0"
"18228","Are You Even Trying?","15468","0","145807","Ember Mouse","59738","165","2682","1","0"
"18228","Are You Even Trying?","15468","1","146094","Siege Mammoth","60161","165","2682","1","0"
"18228","Are You Even Trying?","15468","2","146099","Rock Snail","60162","165","2682","1","0"
"18228","Are You Even Trying?","15468","3","146098","Zaqali Boltthrower","60163","165","2682","1","0"
"18228","Are You Even Trying?","15468","4","146097","Magma Slug","60164","165","2682","1","0"
"18228","Are You Even Trying?","15468","5","146095","Cave Beetle","60165","165","2682","1","0"
"18229","Cosplate","15468","0","145809","","59739","165","2688","1","0"
"18230","Whac-A-Swog","15468","0","146177","Hit the Lost Lunker with Searing Slam 5 times.","59999","165","2680","1","0"
"18255","Proof of Myrrit","15465","0","145944","Vertical Anomaly","59744","27","75390","1","0"
"18255","Proof of Myrrit","15465","1","145945","Flapping and Screaming","59745","27","76027","1","0"
"18255","Proof of Myrrit","15465","2","145946","Scratch and Sniff","59746","27","75234","1","0"
"18255","Proof of Myrrit","15465","3","145947","Element Whispers","59755","27","75621","1","0"
"18255","Proof of Myrrit","15465","4","145948","Successful Interventions","59747","27","75516","1","0"
"18255","Proof of Myrrit","15465","5","145949","Those Rascally Worms","59749","27","75397","1","0"
"18255","Proof of Myrrit","15465","6","145950","Your Weight in Gold","59750","27","75996","1","0"
"18255","Proof of Myrrit","15465","7","145951","Sneak and Sniff","59751","27","75517","1","0"
"18255","Proof of Myrrit","15465","8","145952","The Living Drill","59752","27","76016","1","0"
"18255","Proof of Myrrit","15465","9","145953","Thieving Critters","59754","27","75619","1","0"
"18255","Proof of Myrrit","15465","10","145954","Making Scents","59753","27","75393","1","0"
"18255","Proof of Myrrit","15465","11","145955","Living Statue","59756","27","76014","1","0"
"18255","Proof of Myrrit","15465","12","145956","Heart of Iron","59757","27","76015","1","0"
"18255","Proof of Myrrit","15465","13","145957","Liars in Light","59758","27","75620","1","0"
"18255","Proof of Myrrit","15465","14","145958","Frostfire Finesse","59759","27","76084","1","0"
"18255","Proof of Myrrit","15465","15","145959","Liars of Spirit","59760","27","76081","1","0"
"18257","Can You Dig It?","15465","0","145973","digs completed.","59830","0","203421","50","0"
"18271","He'sSss All Mine","15465","0","145979","Complete the Ouroboros Tablet and perform its ritual.","59832","29","411706","0","0"
"18284","A Niffen's Best Buddy","15465","0","145984","","59838","8","17833","0","0"
"18284","A Niffen's Best Buddy","15465","1","145986","","59836","8","18257","0","0"
"18284","A Niffen's Best Buddy","15465","2","145987","","59835","8","18271","0","0"
"18361","To All the Squirrels Burrowed Beneath","15465","0","146198","Hissing Dustmoth","60010","54","225","0","0"
"18361","To All the Squirrels Burrowed Beneath","15465","1","146199","Pygmy Dawdler","60009","54","225","0","0"
"18361","To All the Squirrels Burrowed Beneath","15465","2","146200","Rock Martin","60008","54","225","0","0"
"18361","To All the Squirrels Burrowed Beneath","15465","3","146201","Skittering Pincher","60007","54","225","0","0"
"18361","To All the Squirrels Burrowed Beneath","15465","4","146202","Hatchling Dawdler","60011","54","225","0","0"
"18361","To All the Squirrels Burrowed Beneath","15465","5","146203","Aimless Snail","60006","54","225","0","0"
"18361","To All the Squirrels Burrowed Beneath","15465","6","146204","Incense Cinder","60005","54","225","0","0"
"18361","To All the Squirrels Burrowed Beneath","15465","7","146205","Magma Bubble","60004","54","225","0","0"
"18361","To All the Squirrels Burrowed Beneath","15465","8","146206","Phoenix Hatchling","60003","54","225","0","0"
"18361","To All the Squirrels Burrowed Beneath","15465","9","146207","Scuttering Beetle","60002","54","225","0","0"
"18539","Back En-masse","15467","0","147086","Close 18 Time Rifts.","60329","165","2670","1","0"
"18554","Temporal Acquisitions Specialist","15465","0/0","147131","","60350","27","76351","0","0"
"18554","Temporal Acquisitions Specialist","15465","1/0","147133","","60351","27","76362","0","0"
"18554","Temporal Acquisitions Specialist","15465","2/0","147135","","60352","27","76379","0","0"
"18554","Temporal Acquisitions Specialist","15465","3/0","147137","","60353","27","76404","0","0"
"18554","Temporal Acquisitions Specialist","15465","4/0","147139","","60354","27","76406","0","0"
"18554","Temporal Acquisitions Specialist","15465","5/0","147141","","60355","27","76449","0","0"
"18554","Temporal Acquisitions Specialist","15465","6/0","147143","","60356","27","76453","0","0"
"18554","Temporal Acquisitions Specialist","15465","7/0","147145","","60357","27","76459","0","0"
"18554","Temporal Acquisitions Specialist","15465","8/0","147147","","60358","27","76521","0","0"
"18554","Temporal Acquisitions Specialist","15465","9/0","147149","","60359","27","76533","0","0"
"18554","Temporal Acquisitions Specialist","15465","10/0","147151","","60360","27","76544","0","0"
"18554","Temporal Acquisitions Specialist","15465","11/0","147153","","60361","27","76546","0","0"
"18554","Temporal Acquisitions Specialist","15465","12/0","147155","","60362","27","76547","0","0"
"18554","Temporal Acquisitions Specialist","15465","13/0","147157","","60363","27","76548","0","0"
"18556","Chaotic Time","15467","0","147167","Defeat Manifested Timeways after activating 3 Chaotic Time portals.","60367","28","415430","1","0"
"18559","Many Boxes, Many Rockses","15455","0","147230","Opened Box of Rocks","60415","29","386906","50","0"
"18566","Eastern Kingdoms: Bronze","15462","0","147250","","60426","8","18399","1","0"
"18566","Eastern Kingdoms: Bronze","15462","1","147251","","60427","8","18408","1","0"
"18566","Eastern Kingdoms: Bronze","15462","2","147252","","60428","8","18417","1","0"
"18566","Eastern Kingdoms: Bronze","15462","3","147253","","60429","8","18426","1","0"
"18566","Eastern Kingdoms: Bronze","15462","4","147254","","60432","8","18435","1","0"
"18566","Eastern Kingdoms: Bronze","15462","5","147255","","60433","8","18444","1","0"
"18566","Eastern Kingdoms: Bronze","15462","6","147256","","60434","8","18453","1","0"
"18566","Eastern Kingdoms: Bronze","15462","7","147257","","60435","8","18462","1","0"
"18566","Eastern Kingdoms: Bronze","15462","8","147258","","60436","8","18474","1","0"
"18566","Eastern Kingdoms: Bronze","15462","9","147259","","60437","8","18483","1","0"
"18566","Eastern Kingdoms: Bronze","15462","10","147260","","60438","8","18498","1","0"
"18566","Eastern Kingdoms: Bronze","15462","11","147261","","60439","8","18510","1","0"
"18566","Eastern Kingdoms: Bronze","15462","12","147262","","60440","8","18519","1","0"
"18566","Eastern Kingdoms: Bronze","15462","13","147263","","60441","8","18528","1","0"
"18567","Eastern Kingdoms: Silver","15462","0","147265","","60442","8","18400","1","0"
"18567","Eastern Kingdoms: Silver","15462","1","147266","","60443","8","18409","1","0"
"18567","Eastern Kingdoms: Silver","15462","2","147267","","60444","8","18418","1","0"
"18567","Eastern Kingdoms: Silver","15462","3","147268","","60445","8","18427","1","0"
"18567","Eastern Kingdoms: Silver","15462","4","147269","","60446","8","18436","1","0"
"18567","Eastern Kingdoms: Silver","15462","5","147270","","60447","8","18445","1","0"
"18567","Eastern Kingdoms: Silver","15462","6","147271","","60448","8","18454","1","0"
"18567","Eastern Kingdoms: Silver","15462","7","147272","","60449","8","18463","1","0"
"18567","Eastern Kingdoms: Silver","15462","8","147273","","60450","8","18475","1","0"
"18567","Eastern Kingdoms: Silver","15462","9","147274","","60451","8","18484","1","0"
"18567","Eastern Kingdoms: Silver","15462","10","147275","","60452","8","18499","1","0"
"18567","Eastern Kingdoms: Silver","15462","11","147276","","60454","8","18511","1","0"
"18567","Eastern Kingdoms: Silver","15462","12","147277","","60453","8","18520","1","0"
"18567","Eastern Kingdoms: Silver","15462","13","147278","","60455","8","18529","1","0"
"18568","Eastern Kingdoms: Gold","15462","0","147280","","60456","8","18401","1","0"
"18568","Eastern Kingdoms: Gold","15462","1","147281","","60457","8","18410","1","0"
"18568","Eastern Kingdoms: Gold","15462","2","147282","","60458","8","18419","1","0"
"18568","Eastern Kingdoms: Gold","15462","3","147283","","60459","8","18428","1","0"
"18568","Eastern Kingdoms: Gold","15462","4","147284","","60460","8","18437","1","0"
"18568","Eastern Kingdoms: Gold","15462","5","147285","","60461","8","18446","1","0"
"18568","Eastern Kingdoms: Gold","15462","6","147286","","60462","8","18455","1","0"
"18568","Eastern Kingdoms: Gold","15462","7","147287","","60463","8","18464","1","0"
"18568","Eastern Kingdoms: Gold","15462","8","147288","","60464","8","18476","1","0"
"18568","Eastern Kingdoms: Gold","15462","9","147289","","60465","8","18485","1","0"
"18568","Eastern Kingdoms: Gold","15462","10","147290","","60466","8","18500","1","0"
"18568","Eastern Kingdoms: Gold","15462","11","147291","","60467","8","18512","1","0"
"18568","Eastern Kingdoms: Gold","15462","12","147292","","60468","8","18521","1","0"
"18568","Eastern Kingdoms: Gold","15462","13","147293","","60469","8","18530","1","0"
"18569","Eastern Kingdoms Advanced: Bronze","15462","0","147295","","60470","8","18402","1","0"
"18569","Eastern Kingdoms Advanced: Bronze","15462","1","147296","","60471","8","18411","1","0"
"18569","Eastern Kingdoms Advanced: Bronze","15462","2","147297","","60472","8","18420","1","0"
"18569","Eastern Kingdoms Advanced: Bronze","15462","3","147298","","60473","8","18429","1","0"
"18569","Eastern Kingdoms Advanced: Bronze","15462","4","147299","","60474","8","18438","1","0"
"18569","Eastern Kingdoms Advanced: Bronze","15462","5","147300","","60475","8","18447","1","0"
"18569","Eastern Kingdoms Advanced: Bronze","15462","6","147301","","60476","8","18456","1","0"
"18569","Eastern Kingdoms Advanced: Bronze","15462","7","147302","","60477","8","18465","1","0"
"18569","Eastern Kingdoms Advanced: Bronze","15462","8","147303","","60478","8","18477","1","0"
"18569","Eastern Kingdoms Advanced: Bronze","15462","9","147304","","60479","8","18486","1","0"
"18569","Eastern Kingdoms Advanced: Bronze","15462","10","147305","","60480","8","18501","1","0"
"18569","Eastern Kingdoms Advanced: Bronze","15462","11","147306","","60481","8","18513","1","0"
"18569","Eastern Kingdoms Advanced: Bronze","15462","12","147307","","60482","8","18522","1","0"
"18569","Eastern Kingdoms Advanced: Bronze","15462","13","147308","","60483","8","18531","1","0"
"18570","Eastern Kingdoms Advanced: Silver","15462","0","147310","","60484","8","18403","1","0"
"18570","Eastern Kingdoms Advanced: Silver","15462","1","147311","","60485","8","18412","1","0"
"18570","Eastern Kingdoms Advanced: Silver","15462","2","147312","","60486","8","18421","1","0"
"18570","Eastern Kingdoms Advanced: Silver","15462","3","147313","","60487","8","18430","1","0"
"18570","Eastern Kingdoms Advanced: Silver","15462","4","147314","","60488","8","18439","1","0"
"18570","Eastern Kingdoms Advanced: Silver","15462","5","147315","","60489","8","18448","1","0"
"18570","Eastern Kingdoms Advanced: Silver","15462","6","147316","","60490","8","18457","1","0"
"18570","Eastern Kingdoms Advanced: Silver","15462","7","147317","","60491","8","18466","1","0"
"18570","Eastern Kingdoms Advanced: Silver","15462","8","147318","","60492","8","18478","1","0"
"18570","Eastern Kingdoms Advanced: Silver","15462","9","147319","","60493","8","18487","1","0"
"18570","Eastern Kingdoms Advanced: Silver","15462","10","147320","","60494","8","18502","1","0"
"18570","Eastern Kingdoms Advanced: Silver","15462","11","147321","","60495","8","18514","1","0"
"18570","Eastern Kingdoms Advanced: Silver","15462","12","147322","","60496","8","18523","1","0"
"18570","Eastern Kingdoms Advanced: Silver","15462","13","147323","","60497","8","18532","1","0"
"18571","Eastern Kingdoms Advanced: Gold","15462","0","147325","","60498","8","18404","1","0"
"18571","Eastern Kingdoms Advanced: Gold","15462","1","147326","","60499","8","18413","1","0"
"18571","Eastern Kingdoms Advanced: Gold","15462","2","147327","","60500","8","18422","1","0"
"18571","Eastern Kingdoms Advanced: Gold","15462","3","147328","","60501","8","18431","1","0"
"18571","Eastern Kingdoms Advanced: Gold","15462","4","147329","","60502","8","18440","1","0"
"18571","Eastern Kingdoms Advanced: Gold","15462","5","147330","","60503","8","18449","1","0"
"18571","Eastern Kingdoms Advanced: Gold","15462","6","147331","","60504","8","18458","1","0"
"18571","Eastern Kingdoms Advanced: Gold","15462","7","147332","","60505","8","18467","1","0"
"18571","Eastern Kingdoms Advanced: Gold","15462","8","147333","","60506","8","18479","1","0"
"18571","Eastern Kingdoms Advanced: Gold","15462","9","147334","","60507","8","18488","1","0"
"18571","Eastern Kingdoms Advanced: Gold","15462","10","147335","","60508","8","18503","1","0"
"18571","Eastern Kingdoms Advanced: Gold","15462","11","147336","","60509","8","18515","1","0"
"18571","Eastern Kingdoms Advanced: Gold","15462","12","147337","","60510","8","18524","1","0"
"18571","Eastern Kingdoms Advanced: Gold","15462","13","147338","","60511","8","18533","1","0"
"18572","Eastern Kingdoms Reverse: Bronze","15462","0","147340","","60512","8","18405","1","0"
"18572","Eastern Kingdoms Reverse: Bronze","15462","1","147341","","60513","8","18414","1","0"
"18572","Eastern Kingdoms Reverse: Bronze","15462","2","147342","","60514","8","18423","1","0"
"18572","Eastern Kingdoms Reverse: Bronze","15462","3","147343","","60515","8","18432","1","0"
"18572","Eastern Kingdoms Reverse: Bronze","15462","4","147344","","60516","8","18441","1","0"
"18572","Eastern Kingdoms Reverse: Bronze","15462","5","147345","","60517","8","18450","1","0"
"18572","Eastern Kingdoms Reverse: Bronze","15462","6","147346","","60518","8","18459","1","0"
"18572","Eastern Kingdoms Reverse: Bronze","15462","7","147347","","60519","8","18468","1","0"
"18572","Eastern Kingdoms Reverse: Bronze","15462","8","147348","","60520","8","18480","1","0"
"18572","Eastern Kingdoms Reverse: Bronze","15462","9","147349","","60521","8","18489","1","0"
"18572","Eastern Kingdoms Reverse: Bronze","15462","10","147350","","60522","8","18504","1","0"
"18572","Eastern Kingdoms Reverse: Bronze","15462","11","147351","","60523","8","18516","1","0"
"18572","Eastern Kingdoms Reverse: Bronze","15462","12","147352","","60524","8","18525","1","0"
"18572","Eastern Kingdoms Reverse: Bronze","15462","13","147353","","60525","8","18534","1","0"
"18573","Eastern Kingdoms Reverse: Silver","15462","0","147355","","60526","8","18406","1","0"
"18573","Eastern Kingdoms Reverse: Silver","15462","1","147356","","60527","8","18415","1","0"
"18573","Eastern Kingdoms Reverse: Silver","15462","2","147357","","60528","8","18424","1","0"
"18573","Eastern Kingdoms Reverse: Silver","15462","3","147358","","60529","8","18433","1","0"
"18573","Eastern Kingdoms Reverse: Silver","15462","4","147359","","60530","8","18442","1","0"
"18573","Eastern Kingdoms Reverse: Silver","15462","5","147360","","60531","8","18451","1","0"
"18573","Eastern Kingdoms Reverse: Silver","15462","6","147361","","60532","8","18460","1","0"
"18573","Eastern Kingdoms Reverse: Silver","15462","7","147362","","60533","8","18469","1","0"
"18573","Eastern Kingdoms Reverse: Silver","15462","8","147363","","60534","8","18481","1","0"
"18573","Eastern Kingdoms Reverse: Silver","15462","9","147364","","60535","8","18490","1","0"
"18573","Eastern Kingdoms Reverse: Silver","15462","10","147365","","60536","8","18505","1","0"
"18573","Eastern Kingdoms Reverse: Silver","15462","11","147366","","60537","8","18517","1","0"
"18573","Eastern Kingdoms Reverse: Silver","15462","12","147367","","60538","8","18526","1","0"
"18573","Eastern Kingdoms Reverse: Silver","15462","13","147368","","60539","8","18535","1","0"
"18574","Eastern Kingdoms Reverse: Gold","15462","0","147370","","60540","8","18407","1","0"
"18574","Eastern Kingdoms Reverse: Gold","15462","1","147371","","60541","8","18416","1","0"
"18574","Eastern Kingdoms Reverse: Gold","15462","2","147372","","60542","8","18425","1","0"
"18574","Eastern Kingdoms Reverse: Gold","15462","3","147373","","60543","8","18434","1","0"
"18574","Eastern Kingdoms Reverse: Gold","15462","4","147374","","60544","8","18443","1","0"
"18574","Eastern Kingdoms Reverse: Gold","15462","5","147375","","60545","8","18452","1","0"
"18574","Eastern Kingdoms Reverse: Gold","15462","6","147376","","60546","8","18461","1","0"
"18574","Eastern Kingdoms Reverse: Gold","15462","7","147377","","60547","8","18470","1","0"
"18574","Eastern Kingdoms Reverse: Gold","15462","8","147378","","60548","8","18482","1","0"
"18574","Eastern Kingdoms Reverse: Gold","15462","9","147379","","60549","8","18491","1","0"
"18574","Eastern Kingdoms Reverse: Gold","15462","10","147380","","60550","8","18506","1","0"
"18574","Eastern Kingdoms Reverse: Gold","15462","11","147381","","60551","8","18518","1","0"
"18574","Eastern Kingdoms Reverse: Gold","15462","12","147382","","60552","8","18527","1","0"
"18574","Eastern Kingdoms Reverse: Gold","15462","13","147383","","60553","8","18536","1","0"
"18589","Crunch Time","15467","0","147407","Destroy an Infused Hourglass with Chronikar's Eon Shatter.","60569","165","2666","1","0"
"18612","A Slime in Need","15467","0","147476","Reunite a lost slime with its parent.","60623","165","2668","1","0"
"18615","Legend of the Multiverse","15465","0","147511","","60648","27","77179","1","0"
"18635","Verified Rifter","15465","0","147600","","60716","0","206857","1","0"
"18636","Just Following Chronological Orders","15465","0","147602","Time Rift task completed","60717","0","208554","100","0"
"18637","Chronograde Connoisseur","15465","0","147604","Azmerloth","61885","152","2278","1","0"
"18637","Chronograde Connoisseur","15465","1","147605","Ulderoth","61884","152","2280","1","0"
"18637","Chronograde Connoisseur","15465","2","147606","Azmourne","61886","152","2281","1","0"
"18637","Chronograde Connoisseur","15465","3","147607","Azewrath","61887","152","2282","1","0"
"18637","Chronograde Connoisseur","15465","4","147608","Azq'roth","61888","152","2283","1","0"
"18637","Chronograde Connoisseur","15465","5","147609","The Warlands","61889","152","2284","1","0"
"18637","Chronograde Connoisseur","15465","6","147610","A.Z.E.R.O.T.H.","61890","152","2285","1","0"
"18638","Minute Menagerie","15465","0","147612","Gill'dan","60718","96","208630","1","0"
"18638","Minute Menagerie","15465","1","147613","Briarhorn Hatchling","60719","96","208624","1","0"
"18638","Minute Menagerie","15465","2","147651","N'Ruby","60751","96","208639","1","0"
"18638","Minute Menagerie","15465","3","147614","Doomrubble","60720","96","208634","1","0"
"18638","Minute Menagerie","15465","4","147615","Jeepers","60721","96","208631","1","0"
"18638","Minute Menagerie","15465","5","147616","Obsidian Warwhelp","60722","96","208637","1","0"
"18638","Minute Menagerie","15465","6","147617","Killbot 9000","60723","96","208636","1","0"
"18639","Collapsed Reality","15465","0","147619","","60724","28","417208","0","0"
"18640","Lock and Load","15465","0","147623","Bomb Lobber","60726","29","415893","0","0"
"18640","Lock and Load","15465","1","147624","Shrapnel Spreader","60727","29","415896","0","0"
"18640","Lock and Load","15465","2","147625","Flamethrower","60728","29","415898","0","0"
"18640","Lock and Load","15465","3","147626","Railgun","60729","29","415900","0","0"
"18640","Lock and Load","15465","4","147627","Thunderbolt","60730","29","415901","0","0"
"18640","Lock and Load","15465","5","147628","Crankshot","60731","29","415902","0","0"
"18641","To All The Squirrels I've BEEN Before","15465","0","147621","","60725","0","208555","0","0"
"18642","The Inquisitive","15465","0","147653","Ceremonial Spear Returned","60752","27","76987","1","0"
"18643","Community Rumors","15465","0","147655","Dirt Mound Looted","60753","27","77288","1","0"
"18643","Community Rumors","15465","1","147921","Dirt Mound Looted","60868","27","77294","1","0"
"18643","Community Rumors","15465","2","147922","Dirt Mound Looted","60874","27","77300","1","0"
"18643","Community Rumors","15465","3","147923","Dirt Mound Looted","60863","27","77289","1","0"
"18643","Community Rumors","15465","4","147924","Dirt Mound Looted","60873","27","77299","1","0"
"18643","Community Rumors","15465","5","147925","Dirt Mound Looted","60875","27","77301","1","0"
"18643","Community Rumors","15465","6","147926","Dirt Mound Looted","60876","27","77302","1","0"
"18643","Community Rumors","15465","7","147927","Dirt Mound Looted","60865","27","77291","1","0"
"18643","Community Rumors","15465","8","147928","Dirt Mound Looted","60866","27","77292","1","0"
"18643","Community Rumors","15465","9","147929","Dirt Mound Looted","60872","27","77298","1","0"
"18643","Community Rumors","15465","10","147930","Dirt Mound Looted","60871","27","77297","1","0"
"18643","Community Rumors","15465","11","147931","Dirt Mound Looted","60867","27","77293","1","0"
"18643","Community Rumors","15465","12","147932","Dirt Mound Looted","60869","27","77295","1","0"
"18643","Community Rumors","15465","13","147933","Dirt Mound Looted","60864","27","77290","1","0"
"18643","Community Rumors","15465","14","147934","Dirt Mound Looted","60870","27","77296","1","0"
"18643","Community Rumors","15465","15","151507","Dirt Mound Looted","63132","27","78207","1","0"
"18643","Community Rumors","15465","16","151508","Dirt Mound Looted","63133","27","78208","1","0"
"18644","Community Rumor Mill","15465","0","147657","Dirt Mound Looted","60753","27","77288","1","0"
"18644","Community Rumor Mill","15465","1","147907","Dirt Mound Looted","60863","27","77289","1","0"
"18644","Community Rumor Mill","15465","2","147908","Dirt Mound Looted","60864","27","77290","1","0"
"18644","Community Rumor Mill","15465","3","147909","Dirt Mound Looted","60865","27","77291","1","0"
"18644","Community Rumor Mill","15465","4","147910","Dirt Mound Looted","60866","27","77292","1","0"
"18644","Community Rumor Mill","15465","5","147911","Dirt Mound Looted","60867","27","77293","1","0"
"18644","Community Rumor Mill","15465","6","147912","Dirt Mound Looted","60868","27","77294","1","0"
"18644","Community Rumor Mill","15465","7","147913","Dirt Mound Looted","60869","27","77295","1","0"
"18644","Community Rumor Mill","15465","8","147914","Dirt Mound Looted","60870","27","77296","1","0"
"18644","Community Rumor Mill","15465","9","147915","Dirt Mound Looted","60871","27","77297","1","0"
"18644","Community Rumor Mill","15465","10","147916","Dirt Mound Looted","60872","27","77298","1","0"
"18644","Community Rumor Mill","15465","11","147917","Dirt Mound Looted","60873","27","77299","1","0"
"18644","Community Rumor Mill","15465","12","147918","Dirt Mound Looted","60874","27","77300","1","0"
"18644","Community Rumor Mill","15465","13","147919","Dirt Mound Looted","60875","27","77301","1","0"
"18644","Community Rumor Mill","15465","14","147920","Dirt Mound Looted","60876","27","77302","1","0"
"18644","Community Rumor Mill","15465","15","151509","Dirt Mound Looted","63132","27","78207","1","0"
"18644","Community Rumor Mill","15465","16","151510","Dirt Mound Looted","63133","27","78208","1","0"
"18645","Tools of the Trade","15465","0","147659","Tricked-Out Thinking Cap","60754","36","206696","1","0"
"18645","Tools of the Trade","15465","1","147660","Torch of Pyrreth","60755","36","208092","1","0"
"18645","Tools of the Trade","15465","2","147661","Idol of Ohn'ahra","60756","36","207730","1","0"
"18646","Whodunnit?","15465","0","147663","A Preservationist","60849","27","77203","1","0"
"18646","Whodunnit?","15465","1","147664","Ceremonial Spear","60752","27","76987","1","0"
"18646","Whodunnit?","15465","2","147665","Thinking Cap","60850","27","77513","1","0"
"18646","Whodunnit?","15465","3","147666","An Inside Job?","60851","27","77521","1","0"
"18646","Whodunnit?","15465","4","147667","Torch of Pyrreth","60852","27","77522","1","0"
"18646","Whodunnit?","15465","5","147668","A Chilling Ascent","60853","27","77523","1","0"
"18646","Whodunnit?","15465","6","147669","The Idol of Ohn'ahra","60854","27","77524","1","0"
"18646","Whodunnit?","15465","7","147670","Shifting Sands","60855","27","76508","1","0"
"18646","Whodunnit?","15465","8","147671","What's in a Mold?","60856","27","77576","1","0"
"18646","Whodunnit?","15465","9","147672","Forging is Key","60857","27","77577","1","0"
"18646","Whodunnit?","15465","10","147673","A Proper Burial","60858","27","77578","1","0"
"18646","Whodunnit?","15465","11","147674","Kirin Tor Knowledge","60859","27","77579","1","0"
"18646","Whodunnit?","15465","12","147675","A Curious Orb","60860","27","77520","1","0"
"18646","Whodunnit?","15465","13","147676","Under Suspicion","60861","27","77580","1","0"
"18646","Whodunnit?","15465","14","147677","The Race","60862","27","77308","1","0"
"18703","Dawn of the Infinite: Galakrond's Fall","15467","0","147818","","60679","165","2669","1","0"
"18704","Dawn of the Infinite: Murozond's Rise","15467","0","147820","","60683","165","2673","1","0"
"18706","Put That Thing Back Where It Came From","15467","0","147836","All Time-Lost Artifacts Restored","60820","28","418804","0","0"
"18748","Waking Shores Challenge: Bronze","15462","0","148107","","60924","8","17853","1","0"
"18748","Waking Shores Challenge: Bronze","15462","1","148133","","60948","8","17856","1","0"
"18748","Waking Shores Challenge: Bronze","15462","2","148114","","60931","8","17906","1","0"
"18748","Waking Shores Challenge: Bronze","15462","3","148134","","60955","8","17909","1","0"
"18748","Waking Shores Challenge: Bronze","15462","4","148109","","60926","8","17865","1","0"
"18748","Waking Shores Challenge: Bronze","15462","5","148135","","60950","8","17868","1","0"
"18748","Waking Shores Challenge: Bronze","15462","6","148110","","60927","8","17871","1","0"
"18748","Waking Shores Challenge: Bronze","15462","7","148136","","60951","8","17874","1","0"
"18748","Waking Shores Challenge: Bronze","15462","8","148111","","60928","8","17884","1","0"
"18748","Waking Shores Challenge: Bronze","15462","9","148137","","60952","8","17887","1","0"
"18748","Waking Shores Challenge: Bronze","15462","10","148112","","60929","8","17891","1","0"
"18748","Waking Shores Challenge: Bronze","15462","11","148138","","60953","8","17894","1","0"
"18748","Waking Shores Challenge: Bronze","15462","12","148113","","60930","8","17897","1","0"
"18748","Waking Shores Challenge: Bronze","15462","13","148139","","60954","8","17900","1","0"
"18748","Waking Shores Challenge: Bronze","15462","14","148108","","60925","8","17859","1","0"
"18748","Waking Shores Challenge: Bronze","15462","15","148140","","60949","8","17862","1","0"
"18749","Waking Shores Challenge: Silver","15462","0","148116","","60932","8","17854","1","0"
"18749","Waking Shores Challenge: Silver","15462","1","148145","","60956","8","17857","1","0"
"18749","Waking Shores Challenge: Silver","15462","2","148117","","60933","8","17860","1","0"
"18749","Waking Shores Challenge: Silver","15462","3","148146","","60957","8","17863","1","0"
"18749","Waking Shores Challenge: Silver","15462","4","148118","","60934","8","17866","1","0"
"18749","Waking Shores Challenge: Silver","15462","5","148147","","60958","8","17869","1","0"
"18749","Waking Shores Challenge: Silver","15462","6","148119","","60935","8","17872","1","0"
"18749","Waking Shores Challenge: Silver","15462","7","148148","","60959","8","17875","1","0"
"18749","Waking Shores Challenge: Silver","15462","8","148120","","60936","8","17885","1","0"
"18749","Waking Shores Challenge: Silver","15462","9","148149","","60961","8","17888","1","0"
"18749","Waking Shores Challenge: Silver","15462","10","148121","","60937","8","17892","1","0"
"18749","Waking Shores Challenge: Silver","15462","11","148150","","60962","8","17895","1","0"
"18749","Waking Shores Challenge: Silver","15462","12","148122","","60938","8","17898","1","0"
"18749","Waking Shores Challenge: Silver","15462","13","148151","","60963","8","17901","1","0"
"18749","Waking Shores Challenge: Silver","15462","14","148123","","60939","8","17907","1","0"
"18749","Waking Shores Challenge: Silver","15462","15","148152","","60964","8","17910","1","0"
"18750","Waking Shores Challenge: Gold","15462","0","148125","","60940","8","17855","1","0"
"18750","Waking Shores Challenge: Gold","15462","1","148155","","60965","8","17858","1","0"
"18750","Waking Shores Challenge: Gold","15462","2","148126","","60941","8","17861","1","0"
"18750","Waking Shores Challenge: Gold","15462","3","148156","","60966","8","17864","1","0"
"18750","Waking Shores Challenge: Gold","15462","4","148127","","60942","8","17867","1","0"
"18750","Waking Shores Challenge: Gold","15462","5","148157","","60967","8","17870","1","0"
"18750","Waking Shores Challenge: Gold","15462","6","148128","","60943","8","17873","1","0"
"18750","Waking Shores Challenge: Gold","15462","7","148158","","60968","8","17876","1","0"
"18750","Waking Shores Challenge: Gold","15462","8","148129","","60944","8","17886","1","0"
"18750","Waking Shores Challenge: Gold","15462","9","148159","","60970","8","17889","1","0"
"18750","Waking Shores Challenge: Gold","15462","10","148130","","60945","8","17893","1","0"
"18750","Waking Shores Challenge: Gold","15462","11","148160","","60971","8","17896","1","0"
"18750","Waking Shores Challenge: Gold","15462","12","148131","","60946","8","17899","1","0"
"18750","Waking Shores Challenge: Gold","15462","13","148161","","60972","8","17902","1","0"
"18750","Waking Shores Challenge: Gold","15462","14","148132","","60947","8","17908","1","0"
"18750","Waking Shores Challenge: Gold","15462","15","148162","","60973","8","17911","1","0"
"18754","Ohn'ahran Plains Challenge: Bronze","15462","0","148164","","60974","8","17912","1","0"
"18754","Ohn'ahran Plains Challenge: Bronze","15462","1","148181","","60989","8","17919","1","0"
"18754","Ohn'ahran Plains Challenge: Bronze","15462","2","148165","","60975","8","17922","1","0"
"18754","Ohn'ahran Plains Challenge: Bronze","15462","3","148182","","60990","8","17925","1","0"
"18754","Ohn'ahran Plains Challenge: Bronze","15462","4","148166","","60976","8","17928","1","0"
"18754","Ohn'ahran Plains Challenge: Bronze","15462","5","148183","","60991","8","17931","1","0"
"18754","Ohn'ahran Plains Challenge: Bronze","15462","6","148167","","60977","8","17935","1","0"
"18754","Ohn'ahran Plains Challenge: Bronze","15462","7","148184","","60992","8","17938","1","0"
"18754","Ohn'ahran Plains Challenge: Bronze","15462","8","148168","","60978","8","17941","1","0"
"18754","Ohn'ahran Plains Challenge: Bronze","15462","9","148185","","60993","8","17944","1","0"
"18754","Ohn'ahran Plains Challenge: Bronze","15462","10","148186","","60994","8","17947","1","0"
"18754","Ohn'ahran Plains Challenge: Bronze","15462","11","148187","","60995","8","17950","1","0"
"18755","Ohn'ahran Plains Challenge: Silver","15462","0","148170","","60979","8","17913","1","0"
"18755","Ohn'ahran Plains Challenge: Silver","15462","1","148188","","60996","8","17920","1","0"
"18755","Ohn'ahran Plains Challenge: Silver","15462","2","148171","","60980","8","17923","1","0"
"18755","Ohn'ahran Plains Challenge: Silver","15462","3","148189","","60997","8","17926","1","0"
"18755","Ohn'ahran Plains Challenge: Silver","15462","4","148172","","60981","8","17929","1","0"
"18755","Ohn'ahran Plains Challenge: Silver","15462","5","148190","","60998","8","17932","1","0"
"18755","Ohn'ahran Plains Challenge: Silver","15462","6","148173","","60982","8","17936","1","0"
"18755","Ohn'ahran Plains Challenge: Silver","15462","7","148191","","60999","8","17939","1","0"
"18755","Ohn'ahran Plains Challenge: Silver","15462","8","148174","","60983","8","17942","1","0"
"18755","Ohn'ahran Plains Challenge: Silver","15462","9","148192","","61000","8","17945","1","0"
"18755","Ohn'ahran Plains Challenge: Silver","15462","10","148193","","61001","8","17948","1","0"
"18755","Ohn'ahran Plains Challenge: Silver","15462","11","148194","","61002","8","17951","1","0"
"18756","Ohn'ahran Plains Challenge: Gold","15462","0","148176","","60984","8","17914","1","0"
"18756","Ohn'ahran Plains Challenge: Gold","15462","1","148195","","61003","8","17921","1","0"
"18756","Ohn'ahran Plains Challenge: Gold","15462","2","148177","","60985","8","17924","1","0"
"18756","Ohn'ahran Plains Challenge: Gold","15462","3","148196","","61004","8","17927","1","0"
"18756","Ohn'ahran Plains Challenge: Gold","15462","4","148178","","60986","8","17930","1","0"
"18756","Ohn'ahran Plains Challenge: Gold","15462","5","148197","","61005","8","17933","1","0"
"18756","Ohn'ahran Plains Challenge: Gold","15462","6","148179","","60987","8","17937","1","0"
"18756","Ohn'ahran Plains Challenge: Gold","15462","7","148198","","61006","8","17940","1","0"
"18756","Ohn'ahran Plains Challenge: Gold","15462","8","148180","","60988","8","17943","1","0"
"18756","Ohn'ahran Plains Challenge: Gold","15462","9","148199","","61007","8","17946","1","0"
"18756","Ohn'ahran Plains Challenge: Gold","15462","10","148200","","61008","8","17949","1","0"
"18756","Ohn'ahran Plains Challenge: Gold","15462","11","148201","","61009","8","17952","1","0"
"18757","Azure Span Challenge: Bronze","15462","0","148203","","61010","8","17953","1","0"
"18757","Azure Span Challenge: Bronze","15462","1","148223","","61028","8","17956","1","0"
"18757","Azure Span Challenge: Bronze","15462","2","148204","","61011","8","17959","1","0"
"18757","Azure Span Challenge: Bronze","15462","3","148224","","61029","8","17962","1","0"
"18757","Azure Span Challenge: Bronze","15462","4","148205","","61012","8","17965","1","0"
"18757","Azure Span Challenge: Bronze","15462","5","148225","","61030","8","17968","1","0"
"18757","Azure Span Challenge: Bronze","15462","6","148206","","61013","8","17971","1","0"
"18757","Azure Span Challenge: Bronze","15462","7","148226","","61031","8","17974","1","0"
"18757","Azure Span Challenge: Bronze","15462","8","148207","","61014","8","17979","1","0"
"18757","Azure Span Challenge: Bronze","15462","9","148227","","61032","8","17982","1","0"
"18757","Azure Span Challenge: Bronze","15462","10","148208","","61015","8","17985","1","0"
"18757","Azure Span Challenge: Bronze","15462","11","148228","","61033","8","17988","1","0"
"18758","Azure Span Challenge: Silver","15462","0","148210","","61016","8","17954","1","0"
"18758","Azure Span Challenge: Silver","15462","1","149678","","62020","8","17957","1","0"
"18758","Azure Span Challenge: Silver","15462","2","148211","","61017","8","17960","1","0"
"18758","Azure Span Challenge: Silver","15462","3","149679","","62021","8","17963","1","0"
"18758","Azure Span Challenge: Silver","15462","4","148212","","61018","8","17966","1","0"
"18758","Azure Span Challenge: Silver","15462","5","149680","","62022","8","17969","1","0"
"18758","Azure Span Challenge: Silver","15462","6","148213","","61019","8","17972","1","0"
"18758","Azure Span Challenge: Silver","15462","7","149681","","62023","8","17975","1","0"
"18758","Azure Span Challenge: Silver","15462","8","148214","","61020","8","17980","1","0"
"18758","Azure Span Challenge: Silver","15462","9","149682","","62024","8","17983","1","0"
"18758","Azure Span Challenge: Silver","15462","10","148215","","61021","8","17986","1","0"
"18758","Azure Span Challenge: Silver","15462","11","149683","","62025","8","17989","1","0"
"18759","Azure Span Challenge: Gold","15462","0","148217","","61022","8","17955","1","0"
"18759","Azure Span Challenge: Gold","15462","1","148229","","61034","8","17958","1","0"
"18759","Azure Span Challenge: Gold","15462","2","148218","","61023","8","17961","1","0"
"18759","Azure Span Challenge: Gold","15462","3","148230","","61035","8","17964","1","0"
"18759","Azure Span Challenge: Gold","15462","4","148219","","61024","8","17967","1","0"
"18759","Azure Span Challenge: Gold","15462","5","148231","","61036","8","17970","1","0"
"18759","Azure Span Challenge: Gold","15462","6","148220","","61025","8","17973","1","0"
"18759","Azure Span Challenge: Gold","15462","7","148232","","61037","8","17976","1","0"
"18759","Azure Span Challenge: Gold","15462","8","148221","","61026","8","17981","1","0"
"18759","Azure Span Challenge: Gold","15462","9","148233","","61038","8","17984","1","0"
"18759","Azure Span Challenge: Gold","15462","10","148222","","61027","8","17987","1","0"
"18759","Azure Span Challenge: Gold","15462","11","148234","","61039","8","17990","1","0"
"18760","Thaldraszus Challenge: Bronze","15462","0","148236","","61040","8","17991","1","0"
"18760","Thaldraszus Challenge: Bronze","15462","1","148256","","61058","8","17994","1","0"
"18760","Thaldraszus Challenge: Bronze","15462","2","148237","","61041","8","17997","1","0"
"18760","Thaldraszus Challenge: Bronze","15462","3","148257","","61059","8","18000","1","0"
"18760","Thaldraszus Challenge: Bronze","15462","4","148238","","61042","8","18003","1","0"
"18760","Thaldraszus Challenge: Bronze","15462","5","148258","","61060","8","18006","1","0"
"18760","Thaldraszus Challenge: Bronze","15462","6","148239","","61043","8","18009","1","0"
"18760","Thaldraszus Challenge: Bronze","15462","7","148259","","61061","8","18012","1","0"
"18760","Thaldraszus Challenge: Bronze","15462","8","148240","","61044","8","18015","1","0"
"18760","Thaldraszus Challenge: Bronze","15462","9","148260","","61062","8","18018","1","0"
"18760","Thaldraszus Challenge: Bronze","15462","10","148241","","61045","8","18021","1","0"
"18760","Thaldraszus Challenge: Bronze","15462","11","148261","","61063","8","18024","1","0"
"18761","Thaldraszus Challenge: Silver","15462","0","148243","","61046","8","17992","1","0"
"18761","Thaldraszus Challenge: Silver","15462","1","148262","","61065","8","17995","1","0"
"18761","Thaldraszus Challenge: Silver","15462","2","148244","","61047","8","17998","1","0"
"18761","Thaldraszus Challenge: Silver","15462","3","148263","","61066","8","18001","1","0"
"18761","Thaldraszus Challenge: Silver","15462","4","148245","","61048","8","18004","1","0"
"18761","Thaldraszus Challenge: Silver","15462","5","148264","","61067","8","18007","1","0"
"18761","Thaldraszus Challenge: Silver","15462","6","148246","","61049","8","18010","1","0"
"18761","Thaldraszus Challenge: Silver","15462","7","148265","","61068","8","18013","1","0"
"18761","Thaldraszus Challenge: Silver","15462","8","148247","","61050","8","18016","1","0"
"18761","Thaldraszus Challenge: Silver","15462","9","148266","","61069","8","18019","1","0"
"18761","Thaldraszus Challenge: Silver","15462","10","148248","","61051","8","18022","1","0"
"18761","Thaldraszus Challenge: Silver","15462","11","148267","","61070","8","18025","1","0"
"18762","Thaldraszus Challenge: Gold","15462","0","148250","","61052","8","17993","1","0"
"18762","Thaldraszus Challenge: Gold","15462","1","148268","","61071","8","17996","1","0"
"18762","Thaldraszus Challenge: Gold","15462","2","148251","","61053","8","17999","1","0"
"18762","Thaldraszus Challenge: Gold","15462","3","148269","","61072","8","18002","1","0"
"18762","Thaldraszus Challenge: Gold","15462","4","148252","","61054","8","18005","1","0"
"18762","Thaldraszus Challenge: Gold","15462","5","148270","","61073","8","18008","1","0"
"18762","Thaldraszus Challenge: Gold","15462","6","148253","","61055","8","18011","1","0"
"18762","Thaldraszus Challenge: Gold","15462","7","148271","","61074","8","18014","1","0"
"18762","Thaldraszus Challenge: Gold","15462","8","148254","","61056","8","18017","1","0"
"18762","Thaldraszus Challenge: Gold","15462","9","148272","","61075","8","18020","1","0"
"18762","Thaldraszus Challenge: Gold","15462","10","148255","","61057","8","18023","1","0"
"18762","Thaldraszus Challenge: Gold","15462","11","148273","","61076","8","18026","1","0"
"18779","Forbidden Reach Challenge: Bronze","15462","0","148335","","61086","8","18028","1","0"
"18779","Forbidden Reach Challenge: Bronze","15462","1","148408","","61141","8","18031","1","0"
"18779","Forbidden Reach Challenge: Bronze","15462","2","148336","","61087","8","18034","1","0"
"18779","Forbidden Reach Challenge: Bronze","15462","3","148409","","61142","8","18037","1","0"
"18779","Forbidden Reach Challenge: Bronze","15462","4","148337","","61088","8","18040","1","0"
"18779","Forbidden Reach Challenge: Bronze","15462","5","148410","","61143","8","18043","1","0"
"18779","Forbidden Reach Challenge: Bronze","15462","6","148338","","61089","8","18046","1","0"
"18779","Forbidden Reach Challenge: Bronze","15462","7","148411","","61144","8","18049","1","0"
"18779","Forbidden Reach Challenge: Bronze","15462","8","148339","","61090","8","18052","1","0"
"18779","Forbidden Reach Challenge: Bronze","15462","9","148412","","61145","8","18055","1","0"
"18779","Forbidden Reach Challenge: Bronze","15462","10","148340","","61091","8","18058","1","0"
"18779","Forbidden Reach Challenge: Bronze","15462","11","148413","","61146","8","18061","1","0"
"18780","Forbidden Reach Challenge: Silver","15462","0","148342","","61092","8","18029","1","0"
"18780","Forbidden Reach Challenge: Silver","15462","1","148420","","61153","8","18032","1","0"
"18780","Forbidden Reach Challenge: Silver","15462","2","148343","","61093","8","18035","1","0"
"18780","Forbidden Reach Challenge: Silver","15462","3","148421","","61154","8","18038","1","0"
"18780","Forbidden Reach Challenge: Silver","15462","4","148344","","61094","8","18041","1","0"
"18780","Forbidden Reach Challenge: Silver","15462","5","148422","","61155","8","18044","1","0"
"18780","Forbidden Reach Challenge: Silver","15462","6","148345","","61095","8","18047","1","0"
"18780","Forbidden Reach Challenge: Silver","15462","7","148423","","61156","8","18050","1","0"
"18780","Forbidden Reach Challenge: Silver","15462","8","148346","","61096","8","18053","1","0"
"18780","Forbidden Reach Challenge: Silver","15462","9","148424","","61157","8","18056","1","0"
"18780","Forbidden Reach Challenge: Silver","15462","10","148347","","61097","8","18059","1","0"
"18780","Forbidden Reach Challenge: Silver","15462","11","148425","","61158","8","18062","1","0"
"18781","Forbidden Reach Challenge: Gold","15462","0","148349","","61098","8","18030","1","0"
"18781","Forbidden Reach Challenge: Gold","15462","1","148432","","61165","8","18033","1","0"
"18781","Forbidden Reach Challenge: Gold","15462","2","148350","","61099","8","18036","1","0"
"18781","Forbidden Reach Challenge: Gold","15462","3","148433","","61166","8","18039","1","0"
"18781","Forbidden Reach Challenge: Gold","15462","4","148351","","61100","8","18042","1","0"
"18781","Forbidden Reach Challenge: Gold","15462","5","148434","","61167","8","18045","1","0"
"18781","Forbidden Reach Challenge: Gold","15462","6","148352","","61101","8","18048","1","0"
"18781","Forbidden Reach Challenge: Gold","15462","7","148435","","61168","8","18051","1","0"
"18781","Forbidden Reach Challenge: Gold","15462","8","148353","","61102","8","18054","1","0"
"18781","Forbidden Reach Challenge: Gold","15462","9","148436","","61169","8","18057","1","0"
"18781","Forbidden Reach Challenge: Gold","15462","10","148354","","61103","8","18060","1","0"
"18781","Forbidden Reach Challenge: Gold","15462","11","148437","","61170","8","18063","1","0"
"18786","Zaralek Cavern Challenge: Bronze","15462","0","148382","","61118","8","18064","1","0"
"18786","Zaralek Cavern Challenge: Bronze","15462","1","148414","","61147","8","18067","1","0"
"18786","Zaralek Cavern Challenge: Bronze","15462","2","148383","","61119","8","18070","1","0"
"18786","Zaralek Cavern Challenge: Bronze","15462","3","148415","","61148","8","18073","1","0"
"18786","Zaralek Cavern Challenge: Bronze","15462","4","148384","","61120","8","18076","1","0"
"18786","Zaralek Cavern Challenge: Bronze","15462","5","148416","","61149","8","18079","1","0"
"18786","Zaralek Cavern Challenge: Bronze","15462","6","148385","","61121","8","18082","1","0"
"18786","Zaralek Cavern Challenge: Bronze","15462","7","148417","","61150","8","18085","1","0"
"18786","Zaralek Cavern Challenge: Bronze","15462","8","148386","","61123","8","18088","1","0"
"18786","Zaralek Cavern Challenge: Bronze","15462","9","148418","","61151","8","18091","1","0"
"18786","Zaralek Cavern Challenge: Bronze","15462","10","148387","","61122","8","18094","1","0"
"18786","Zaralek Cavern Challenge: Bronze","15462","11","148419","","61152","8","18097","1","0"
"18787","Zaralek Cavern Challenge: Silver","15462","0","148389","","61124","8","18065","1","0"
"18787","Zaralek Cavern Challenge: Silver","15462","1","148426","","61159","8","18068","1","0"
"18787","Zaralek Cavern Challenge: Silver","15462","2","148390","","61125","8","18071","1","0"
"18787","Zaralek Cavern Challenge: Silver","15462","3","148427","","61160","8","18074","1","0"
"18787","Zaralek Cavern Challenge: Silver","15462","4","148391","","61126","8","18077","1","0"
"18787","Zaralek Cavern Challenge: Silver","15462","5","148428","","61161","8","18080","1","0"
"18787","Zaralek Cavern Challenge: Silver","15462","6","148392","","61127","8","18083","1","0"
"18787","Zaralek Cavern Challenge: Silver","15462","7","148429","","61162","8","18086","1","0"
"18787","Zaralek Cavern Challenge: Silver","15462","8","148393","","61128","8","18089","1","0"
"18787","Zaralek Cavern Challenge: Silver","15462","9","148430","","61163","8","18092","1","0"
"18787","Zaralek Cavern Challenge: Silver","15462","10","148394","","61129","8","18095","1","0"
"18787","Zaralek Cavern Challenge: Silver","15462","11","148431","","61164","8","18098","1","0"
"18788","Zaralek Cavern Challenge: Gold","15462","0","148396","","61130","8","18066","1","0"
"18788","Zaralek Cavern Challenge: Gold","15462","1","148438","","61171","8","18069","1","0"
"18788","Zaralek Cavern Challenge: Gold","15462","2","148397","","61131","8","18072","1","0"
"18788","Zaralek Cavern Challenge: Gold","15462","3","148439","","61172","8","18075","1","0"
"18788","Zaralek Cavern Challenge: Gold","15462","4","148398","","61132","8","18078","1","0"
"18788","Zaralek Cavern Challenge: Gold","15462","5","148440","","61173","8","18081","1","0"
"18788","Zaralek Cavern Challenge: Gold","15462","6","148399","","61133","8","18084","1","0"
"18788","Zaralek Cavern Challenge: Gold","15462","7","148441","","61174","8","18087","1","0"
"18788","Zaralek Cavern Challenge: Gold","15462","8","148400","","61134","8","18090","1","0"
"18788","Zaralek Cavern Challenge: Gold","15462","9","148442","","61175","8","18093","1","0"
"18788","Zaralek Cavern Challenge: Gold","15462","10","148401","","61135","8","18096","1","0"
"18788","Zaralek Cavern Challenge: Gold","15462","11","148443","","61176","8","18099","1","0"
"18790","Dragonriding Challenge: Dragon Isles: Bronze","15462","0","148445","","61177","8","18748","1","0"
"18790","Dragonriding Challenge: Dragon Isles: Bronze","15462","1","148446","","61178","8","18754","1","0"
"18790","Dragonriding Challenge: Dragon Isles: Bronze","15462","2","148447","","61179","8","18757","1","0"
"18790","Dragonriding Challenge: Dragon Isles: Bronze","15462","3","148448","","61180","8","18760","1","0"
"18790","Dragonriding Challenge: Dragon Isles: Bronze","15462","4","148449","","61181","8","18779","1","0"
"18790","Dragonriding Challenge: Dragon Isles: Bronze","15462","5","148450","","61182","8","18786","1","0"
"18791","Dragonriding Challenge: Dragon Isles: Silver","15462","0","148457","","61183","8","18749","1","0"
"18791","Dragonriding Challenge: Dragon Isles: Silver","15462","1","148458","","61184","8","18755","1","0"
"18791","Dragonriding Challenge: Dragon Isles: Silver","15462","2","148459","","61185","8","18758","1","0"
"18791","Dragonriding Challenge: Dragon Isles: Silver","15462","3","148460","","61186","8","18761","1","0"
"18791","Dragonriding Challenge: Dragon Isles: Silver","15462","4","148461","","61187","8","18780","1","0"
"18791","Dragonriding Challenge: Dragon Isles: Silver","15462","5","148462","","61188","8","18787","1","0"
"18792","Dragonriding Challenge: Dragon Isles: Gold","15462","0","148464","","61189","8","18750","1","0"
"18792","Dragonriding Challenge: Dragon Isles: Gold","15462","1","148465","","61190","8","18756","1","0"
"18792","Dragonriding Challenge: Dragon Isles: Gold","15462","2","148466","","61191","8","18759","1","0"
"18792","Dragonriding Challenge: Dragon Isles: Gold","15462","3","148467","","61192","8","18762","1","0"
"18792","Dragonriding Challenge: Dragon Isles: Gold","15462","4","148468","","61193","8","18781","1","0"
"18792","Dragonriding Challenge: Dragon Isles: Gold","15462","5","148469","","61194","8","18788","1","0"
"18804","Neltharion's Legacy","15455","0","148518","","61225","8","17785","0","0"
"18804","Neltharion's Legacy","15455","1","148519","","61226","8","18160","0","0"
"18804","Neltharion's Legacy","15455","2","148520","","59214","8","17773","0","0"
"18804","Neltharion's Legacy","15455","3","148523","","61228","8","18703","0","0"
"18804","Neltharion's Legacy","15455","4","148524","","61229","8","18704","0","0"
"18804","Neltharion's Legacy","15455","5","148525","","61230","8","18615","0","0"
"18804","Neltharion's Legacy","15455","6","148527","","59691","8","18209","0","0"
"18804","Neltharion's Legacy","15455","7","149093","","61624","8","18867","0","0"
"18804","Neltharion's Legacy","15455","8","149677","","62019","8","19008","0","0"
"18854","Seeing Red","15455","0","149007","","61565","27","77412","0","0"
"18867","Through the Ashes and Flames","15455","0","149082","Suffusion Camp","61623","27","75888","0","0"
"18939","Eastern Kingdoms Racing Completionist","15462","0","149486","","61905","8","18566","1","0"
"18939","Eastern Kingdoms Racing Completionist","15462","1","149487","","60554","8","18569","1","0"
"18939","Eastern Kingdoms Racing Completionist","15462","2","149488","","60555","8","18572","1","0"
"18940","Eastern Kingdoms Racing Completionist: Silver","15462","0","149490","","61907","8","18567","1","0"
"18940","Eastern Kingdoms Racing Completionist: Silver","15462","1","149491","","61908","8","18570","1","0"
"18940","Eastern Kingdoms Racing Completionist: Silver","15462","2","149492","","61910","8","18573","1","0"
"18942","Eastern Kingdoms Racing Completionist: Gold","15462","0","149500","","61914","8","18568","1","0"
"18942","Eastern Kingdoms Racing Completionist: Gold","15462","1","149501","","61915","8","18571","1","0"
"18942","Eastern Kingdoms Racing Completionist: Gold","15462","2","149502","","61916","8","18574","1","0"
"18958","Of the Tyr's Guard","15455","0","149508","","61918","27","77344","1","0"
"19008","Dream Shaper","15455","0","149676","Shaping the Dreamsurge","62018","27","77251","0","0"
"19013","I Dream of Seeds","15465","0","149693","Ysera's Clover","62028","0","208443","1","0"
"19013","I Dream of Seeds","15465","1","149694","Chiming Foxglove","62029","0","208511","1","0"
"19013","I Dream of Seeds","15465","2","149695","Fuzzy Licorice","62032","0","208605","1","0"
"19013","I Dream of Seeds","15465","3","149708","Viridescent Sprout","62035","0","208616","1","0"
"19013","I Dream of Seeds","15465","4","149696","Ringing Rose","62038","0","208607","1","0"
"19013","I Dream of Seeds","15465","5","149697","Lofty Lupin","62039","0","208606","1","0"
"19013","I Dream of Seeds","15465","6","149698","Dragon's Daffodil","62030","0","208556","1","0"
"19013","I Dream of Seeds","15465","7","149699","Glade Goldenrod","62036","0","209880","1","0"
"19013","I Dream of Seeds","15465","8","149700","Dreamer's Daisy","62037","0","208615","1","0"
"19013","I Dream of Seeds","15465","9","149701","Belligerent Begonias","62041","0","208617","1","0"
"19013","I Dream of Seeds","15465","10","149702","Lullaby Lavender","62040","0","209599","1","0"
"19013","I Dream of Seeds","15465","11","149704","Lavatouched Lilies","62027","0","209583","1","0"
"19013","I Dream of Seeds","15465","12","149705","Singing Weedling","62031","0","208563","1","0"
"19013","I Dream of Seeds","15465","13","149703","Comfy Chamomile","62185","0","210723","1","0"
"19013","I Dream of Seeds","15465","14","149709","Moon Tulip","62186","0","210724","1","0"
"19013","I Dream of Seeds","15465","15","149710","Flourishing Scurfpea","62189","0","210725","1","0"
"19013","I Dream of Seeds","15465","16","150274","Ageless Blossom","62396","0","211122","1","0"
"19013","I Dream of Seeds","15465","17","150275","Whisperbloom Sapling","62397","0","211059","1","0"
"19026","Defenders of the Dream","15455","0/0","149728","","62054","27","77283","0","0"
"19026","Defenders of the Dream","15455","1/0","149730","","62055","27","76443","0","0"
"19026","Defenders of the Dream","15455","2/0","149732","","62056","27","77178","0","0"
"19026","Defenders of the Dream","15455","3/0","149734","","62057","27","76337","0","0"
"19026","Defenders of the Dream","15455","4/0","149736","","62058","27","76401","0","0"
"19026","Defenders of the Dream","15455","5/0","149738","","62059","27","76283","0","0"
"19089","Don't Let the Doe Hit You On The Way Out","15468","0","150260","Ivy extinguished and alive.","62388","165","2731","1","0"
"19092","Outland: Bronze","15462","0","150289","","62403","8","18580","1","0"
"19092","Outland: Bronze","15462","1","150290","","62404","8","18603","1","0"
"19092","Outland: Bronze","15462","2","150291","","62405","8","18617","1","0"
"19092","Outland: Bronze","15462","3","150292","","62406","8","18626","1","0"
"19092","Outland: Bronze","15462","4","150293","","62407","8","18649","1","0"
"19092","Outland: Bronze","15462","5","150294","","62408","8","18658","1","0"
"19092","Outland: Bronze","15462","6","150295","","62409","8","18667","1","0"
"19092","Outland: Bronze","15462","7","150296","","62410","8","18679","1","0"
"19092","Outland: Bronze","15462","8","150297","","62411","8","18692","1","0"
"19092","Outland: Bronze","15462","9","150298","","62412","8","18707","1","0"
"19092","Outland: Bronze","15462","10","150299","","62413","8","18739","1","0"
"19092","Outland: Bronze","15462","11","150300","","62414","8","18794","1","0"
"19092","Outland: Bronze","15462","12","150301","","62415","8","18842","1","0"
"19097","Outland: Silver","15462","0","150304","","62416","8","18581","1","0"
"19097","Outland: Silver","15462","1","150305","","62417","8","18604","1","0"
"19097","Outland: Silver","15462","2","150306","","62418","8","18618","1","0"
"19097","Outland: Silver","15462","3","150307","","62419","8","18627","1","0"
"19097","Outland: Silver","15462","4","150308","","62420","8","18650","1","0"
"19097","Outland: Silver","15462","5","150309","","62421","8","18659","1","0"
"19097","Outland: Silver","15462","6","150310","","62422","8","18668","1","0"
"19097","Outland: Silver","15462","7","150311","","62423","8","18680","1","0"
"19097","Outland: Silver","15462","8","150312","","62424","8","18693","1","0"
"19097","Outland: Silver","15462","9","150313","","62425","8","18708","1","0"
"19097","Outland: Silver","15462","10","150314","","62426","8","18740","1","0"
"19097","Outland: Silver","15462","11","150315","","62427","8","18795","1","0"
"19097","Outland: Silver","15462","12","150316","","62428","8","18843","1","0"
"19098","Outland: Gold","15462","0","150318","","62429","8","18582","1","0"
"19098","Outland: Gold","15462","1","150319","","62430","8","18605","1","0"
"19098","Outland: Gold","15462","2","150320","","62431","8","18619","1","0"
"19098","Outland: Gold","15462","3","150321","","62432","8","18628","1","0"
"19098","Outland: Gold","15462","4","150322","","62433","8","18651","1","0"
"19098","Outland: Gold","15462","5","150323","","62434","8","18660","1","0"
"19098","Outland: Gold","15462","6","150324","","62435","8","18669","1","0"
"19098","Outland: Gold","15462","7","150325","","62436","8","18681","1","0"
"19098","Outland: Gold","15462","8","150326","","62437","8","18694","1","0"
"19098","Outland: Gold","15462","9","150327","","62438","8","18709","1","0"
"19098","Outland: Gold","15462","10","150328","","62439","8","18741","1","0"
"19098","Outland: Gold","15462","11","150329","","62440","8","18796","1","0"
"19098","Outland: Gold","15462","12","150330","","62441","8","18844","1","0"
"19099","Outland Advanced: Bronze","15462","0","150332","","62442","8","18583","1","0"
"19099","Outland Advanced: Bronze","15462","1","150333","","62443","8","18606","1","0"
"19099","Outland Advanced: Bronze","15462","2","150334","","62444","8","18620","1","0"
"19099","Outland Advanced: Bronze","15462","3","150335","","62445","8","18629","1","0"
"19099","Outland Advanced: Bronze","15462","4","150336","","62446","8","18652","1","0"
"19099","Outland Advanced: Bronze","15462","5","150337","","62447","8","18661","1","0"
"19099","Outland Advanced: Bronze","15462","6","150338","","62448","8","18670","1","0"
"19099","Outland Advanced: Bronze","15462","7","150339","","62449","8","18682","1","0"
"19099","Outland Advanced: Bronze","15462","8","150340","","62450","8","18695","1","0"
"19099","Outland Advanced: Bronze","15462","9","150341","","62451","8","18710","1","0"
"19099","Outland Advanced: Bronze","15462","10","150342","","62452","8","18742","1","0"
"19099","Outland Advanced: Bronze","15462","11","150343","","62453","8","18797","1","0"
"19099","Outland Advanced: Bronze","15462","12","150344","","62454","8","18845","1","0"
"19100","Outland Advanced: Silver","15462","0","150346","","62455","8","18584","1","0"
"19100","Outland Advanced: Silver","15462","1","150347","","62456","8","18607","1","0"
"19100","Outland Advanced: Silver","15462","2","150348","","62457","8","18621","1","0"
"19100","Outland Advanced: Silver","15462","3","150349","","62458","8","18630","1","0"
"19100","Outland Advanced: Silver","15462","4","150350","","62459","8","18653","1","0"
"19100","Outland Advanced: Silver","15462","5","150351","","62460","8","18662","1","0"
"19100","Outland Advanced: Silver","15462","6","150352","","62461","8","18671","1","0"
"19100","Outland Advanced: Silver","15462","7","150353","","62462","8","18683","1","0"
"19100","Outland Advanced: Silver","15462","8","150354","","62463","8","18696","1","0"
"19100","Outland Advanced: Silver","15462","9","150355","","62464","8","18711","1","0"
"19100","Outland Advanced: Silver","15462","10","150356","","62465","8","18743","1","0"
"19100","Outland Advanced: Silver","15462","11","150357","","62466","8","18798","1","0"
"19100","Outland Advanced: Silver","15462","12","150358","","62467","8","18846","1","0"
"19101","Outland Advanced: Gold","15462","0","150360","","62468","8","18585","1","0"
"19101","Outland Advanced: Gold","15462","1","150361","","62469","8","18608","1","0"
"19101","Outland Advanced: Gold","15462","2","150362","","62470","8","18622","1","0"
"19101","Outland Advanced: Gold","15462","3","150363","","62478","8","18631","1","0"
"19101","Outland Advanced: Gold","15462","4","150364","","62471","8","18654","1","0"
"19101","Outland Advanced: Gold","15462","5","150365","","62472","8","18663","1","0"
"19101","Outland Advanced: Gold","15462","6","150366","","62473","8","18672","1","0"
"19101","Outland Advanced: Gold","15462","7","150367","","62474","8","18684","1","0"
"19101","Outland Advanced: Gold","15462","8","150368","","62475","8","18697","1","0"
"19101","Outland Advanced: Gold","15462","9","150369","","62476","8","18712","1","0"
"19101","Outland Advanced: Gold","15462","10","150370","","62477","8","18744","1","0"
"19101","Outland Advanced: Gold","15462","11","150371","","62479","8","18799","1","0"
"19101","Outland Advanced: Gold","15462","12","150372","","62480","8","18847","1","0"
"19102","Outland Reverse: Bronze","15462","0","150374","","62481","8","18586","1","0"
"19102","Outland Reverse: Bronze","15462","1","150375","","62482","8","18609","1","0"
"19102","Outland Reverse: Bronze","15462","2","150376","","62483","8","18623","1","0"
"19102","Outland Reverse: Bronze","15462","3","150377","","62484","8","18632","1","0"
"19102","Outland Reverse: Bronze","15462","4","150378","","62485","8","18655","1","0"
"19102","Outland Reverse: Bronze","15462","5","150379","","62486","8","18664","1","0"
"19102","Outland Reverse: Bronze","15462","6","150380","","62487","8","18673","1","0"
"19102","Outland Reverse: Bronze","15462","7","150381","","62488","8","18685","1","0"
"19102","Outland Reverse: Bronze","15462","8","150382","","62489","8","18698","1","0"
"19102","Outland Reverse: Bronze","15462","9","150383","","62490","8","18713","1","0"
"19102","Outland Reverse: Bronze","15462","10","150384","","62491","8","18745","1","0"
"19102","Outland Reverse: Bronze","15462","11","150385","","62492","8","18800","1","0"
"19102","Outland Reverse: Bronze","15462","12","150386","","62493","8","18848","1","0"
"19103","Outland Reverse: Silver","15462","0","150388","","62494","8","18587","1","0"
"19103","Outland Reverse: Silver","15462","1","150389","","62495","8","18610","1","0"
"19103","Outland Reverse: Silver","15462","2","150390","","62496","8","18624","1","0"
"19103","Outland Reverse: Silver","15462","3","150391","","62497","8","18633","1","0"
"19103","Outland Reverse: Silver","15462","4","150392","","62498","8","18656","1","0"
"19103","Outland Reverse: Silver","15462","5","150393","","62499","8","18665","1","0"
"19103","Outland Reverse: Silver","15462","6","150394","","62500","8","18674","1","0"
"19103","Outland Reverse: Silver","15462","7","150395","","62501","8","18686","1","0"
"19103","Outland Reverse: Silver","15462","8","150396","","62502","8","18699","1","0"
"19103","Outland Reverse: Silver","15462","9","150397","","62503","8","18714","1","0"
"19103","Outland Reverse: Silver","15462","10","150398","","62504","8","18746","1","0"
"19103","Outland Reverse: Silver","15462","11","150399","","62505","8","18801","1","0"
"19103","Outland Reverse: Silver","15462","12","150400","","62506","8","18849","1","0"
"19104","Outland Reverse: Gold","15462","0","150402","","62507","8","18588","1","0"
"19104","Outland Reverse: Gold","15462","1","150403","","62508","8","18611","1","0"
"19104","Outland Reverse: Gold","15462","2","150404","","62509","8","18625","1","0"
"19104","Outland Reverse: Gold","15462","3","150405","","62510","8","18634","1","0"
"19104","Outland Reverse: Gold","15462","4","150406","","62511","8","18657","1","0"
"19104","Outland Reverse: Gold","15462","5","150407","","62512","8","18666","1","0"
"19104","Outland Reverse: Gold","15462","6","150408","","62513","8","18675","1","0"
"19104","Outland Reverse: Gold","15462","7","150409","","62514","8","18687","1","0"
"19104","Outland Reverse: Gold","15462","8","150410","","62515","8","18700","1","0"
"19104","Outland Reverse: Gold","15462","9","150411","","62516","8","18715","1","0"
"19104","Outland Reverse: Gold","15462","10","150412","","62517","8","18747","1","0"
"19104","Outland Reverse: Gold","15462","11","150413","","62518","8","18802","1","0"
"19104","Outland Reverse: Gold","15462","12","150414","","62519","8","18850","1","0"
"19105","Outland Racing Completionist","15462","0","150416","","62520","8","19092","1","0"
"19105","Outland Racing Completionist","15462","1","150417","","62521","8","19099","1","0"
"19105","Outland Racing Completionist","15462","2","150418","","62522","8","19102","1","0"
"19106","Outland Racing Completionist: Silver","15462","0","150420","","62523","8","19097","1","0"
"19106","Outland Racing Completionist: Silver","15462","1","150421","","62524","8","19100","1","0"
"19106","Outland Racing Completionist: Silver","15462","2","150422","","62525","8","19103","1","0"
"19107","Outland Racing Completionist: Gold","15462","0","150424","","62526","8","19098","1","0"
"19107","Outland Racing Completionist: Gold","15462","1","150425","","62527","8","19101","1","0"
"19107","Outland Racing Completionist: Gold","15462","2","150426","","62528","8","19104","1","0"
"19109","Emerald Dream: Bronze","15462","0","150480","","62570","8","18943","1","0"
"19109","Emerald Dream: Bronze","15462","1","150481","","62571","8","18978","1","0"
"19109","Emerald Dream: Bronze","15462","2","150482","","62572","8","18993","1","0"
"19109","Emerald Dream: Bronze","15462","3","150483","","62573","8","19032","1","0"
"19109","Emerald Dream: Bronze","15462","4","150484","","62574","8","19047","1","0"
"19109","Emerald Dream: Bronze","15462","5","150485","","62575","8","19062","1","0"
"19110","Emerald Dream: Silver","15462","0","150487","","62576","8","18944","1","0"
"19110","Emerald Dream: Silver","15462","1","150488","","62577","8","18979","1","0"
"19110","Emerald Dream: Silver","15462","2","150489","","62578","8","18994","1","0"
"19110","Emerald Dream: Silver","15462","3","150490","","62579","8","19033","1","0"
"19110","Emerald Dream: Silver","15462","4","150491","","62580","8","19048","1","0"
"19110","Emerald Dream: Silver","15462","5","150492","","62581","8","19063","1","0"
"19111","Emerald Dream: Gold","15462","0","150494","","62582","8","18945","1","0"
"19111","Emerald Dream: Gold","15462","1","150495","","62583","8","18980","1","0"
"19111","Emerald Dream: Gold","15462","2","150496","","62584","8","18995","1","0"
"19111","Emerald Dream: Gold","15462","3","150497","","62585","8","19034","1","0"
"19111","Emerald Dream: Gold","15462","4","150498","","62586","8","19049","1","0"
"19111","Emerald Dream: Gold","15462","5","150499","","62587","8","19064","1","0"
"19112","Emerald Dream Advanced: Bronze","15462","0","150501","","62588","8","18946","1","0"
"19112","Emerald Dream Advanced: Bronze","15462","1","150502","","62589","8","18981","1","0"
"19112","Emerald Dream Advanced: Bronze","15462","2","150503","","62590","8","18996","1","0"
"19112","Emerald Dream Advanced: Bronze","15462","3","150504","","62591","8","19035","1","0"
"19112","Emerald Dream Advanced: Bronze","15462","4","150505","","62592","8","19050","1","0"
"19112","Emerald Dream Advanced: Bronze","15462","5","150506","","62593","8","19065","1","0"
"19113","Emerald Dream Advanced: Silver","15462","0","150508","","62594","8","18947","1","0"
"19113","Emerald Dream Advanced: Silver","15462","1","150509","","62595","8","18982","1","0"
"19113","Emerald Dream Advanced: Silver","15462","2","150510","","62596","8","18997","1","0"
"19113","Emerald Dream Advanced: Silver","15462","3","150511","","62597","8","19036","1","0"
"19113","Emerald Dream Advanced: Silver","15462","4","150512","","62598","8","19051","1","0"
"19113","Emerald Dream Advanced: Silver","15462","5","150513","","62599","8","19066","1","0"
"19114","Emerald Dream Advanced: Gold","15462","0","150515","","62600","8","18948","1","0"
"19114","Emerald Dream Advanced: Gold","15462","1","150516","","62601","8","18983","1","0"
"19114","Emerald Dream Advanced: Gold","15462","2","150517","","62602","8","18998","1","0"
"19114","Emerald Dream Advanced: Gold","15462","3","150518","","62603","8","19037","1","0"
"19114","Emerald Dream Advanced: Gold","15462","4","150519","","62604","8","19052","1","0"
"19114","Emerald Dream Advanced: Gold","15462","5","150520","","62605","8","19067","1","0"
"19115","Emerald Dream Reverse: Bronze","15462","0","150522","","62606","8","18949","1","0"
"19115","Emerald Dream Reverse: Bronze","15462","1","150523","","62607","8","18984","1","0"
"19115","Emerald Dream Reverse: Bronze","15462","2","150524","","62608","8","18999","1","0"
"19115","Emerald Dream Reverse: Bronze","15462","3","150525","","62609","8","19038","1","0"
"19115","Emerald Dream Reverse: Bronze","15462","4","150526","","62610","8","19053","1","0"
"19115","Emerald Dream Reverse: Bronze","15462","5","150527","","62611","8","19068","1","0"
"19116","Emerald Dream Reverse: Silver","15462","0","150529","","62612","8","18950","1","0"
"19116","Emerald Dream Reverse: Silver","15462","1","150530","","62613","8","18985","1","0"
"19116","Emerald Dream Reverse: Silver","15462","2","150531","","62614","8","19000","1","0"
"19116","Emerald Dream Reverse: Silver","15462","3","150532","","62615","8","19039","1","0"
"19116","Emerald Dream Reverse: Silver","15462","4","150533","","62616","8","19054","1","0"
"19116","Emerald Dream Reverse: Silver","15462","5","150534","","62617","8","19069","1","0"
"19117","Emerald Dream Reverse: Gold","15462","0","150536","","62618","8","18951","1","0"
"19117","Emerald Dream Reverse: Gold","15462","1","150537","","62619","8","18986","1","0"
"19117","Emerald Dream Reverse: Gold","15462","2","150538","","62620","8","19001","1","0"
"19117","Emerald Dream Reverse: Gold","15462","3","150539","","62621","8","19040","1","0"
"19117","Emerald Dream Reverse: Gold","15462","4","150540","","62622","8","19055","1","0"
"19117","Emerald Dream Reverse: Gold","15462","5","150541","","62623","8","19070","1","0"
"19118","Emerald Dream Racing Completionist","15462","0","150545","","62624","8","19109","1","0"
"19118","Emerald Dream Racing Completionist","15462","1","150546","","62626","8","19112","1","0"
"19118","Emerald Dream Racing Completionist","15462","2","150547","","62627","8","19115","1","0"
"19119","Emerald Dream Racing Completionist: Silver","15462","0","150549","","62628","8","19110","1","0"
"19119","Emerald Dream Racing Completionist: Silver","15462","1","150550","","62629","8","19113","1","0"
"19119","Emerald Dream Racing Completionist: Silver","15462","2","150551","","62630","8","19116","1","0"
"19120","Emerald Dream Racing Completionist: Gold","15462","0","150553","","62631","8","19111","1","0"
"19120","Emerald Dream Racing Completionist: Gold","15462","1","150554","","62632","8","19114","1","0"
"19120","Emerald Dream Racing Completionist: Gold","15462","2","150555","","62633","8","19117","1","0"
"19121","Emerald Dream Challenge: Bronze","15462","0","150557","","62634","8","18952","1","0"
"19121","Emerald Dream Challenge: Bronze","15462","1","150558","","62635","8","18987","1","0"
"19121","Emerald Dream Challenge: Bronze","15462","2","150559","","62636","8","19002","1","0"
"19121","Emerald Dream Challenge: Bronze","15462","3","150560","","62637","8","19041","1","0"
"19121","Emerald Dream Challenge: Bronze","15462","4","150561","","62638","8","19056","1","0"
"19121","Emerald Dream Challenge: Bronze","15462","5","150562","","62639","8","19071","1","0"
"19122","Emerald Dream Challenge: Silver","15462","0","150564","","62640","8","18953","1","0"
"19122","Emerald Dream Challenge: Silver","15462","1","150565","","62641","8","18988","1","0"
"19122","Emerald Dream Challenge: Silver","15462","2","150566","","62642","8","19003","1","0"
"19122","Emerald Dream Challenge: Silver","15462","3","150567","","62643","8","19042","1","0"
"19122","Emerald Dream Challenge: Silver","15462","4","150568","","62644","8","19057","1","0"
"19122","Emerald Dream Challenge: Silver","15462","5","150569","","62645","8","19072","1","0"
"19123","Emerald Dream Challenge: Gold","15462","0","150571","","62646","8","18954","1","0"
"19123","Emerald Dream Challenge: Gold","15462","1","150572","","62647","8","18989","1","0"
"19123","Emerald Dream Challenge: Gold","15462","2","150573","","62648","8","19004","1","0"
"19123","Emerald Dream Challenge: Gold","15462","3","150574","","62649","8","19043","1","0"
"19123","Emerald Dream Challenge: Gold","15462","4","150575","","62650","8","19058","1","0"
"19123","Emerald Dream Challenge: Gold","15462","5","150576","","62651","8","19073","1","0"
"19124","Emerald Dream Reverse Challenge: Bronze","15462","0","150578","","62652","8","18955","1","0"
"19124","Emerald Dream Reverse Challenge: Bronze","15462","1","150579","","62653","8","18990","1","0"
"19124","Emerald Dream Reverse Challenge: Bronze","15462","2","150580","","62654","8","19005","1","0"
"19124","Emerald Dream Reverse Challenge: Bronze","15462","3","150581","","62655","8","19044","1","0"
"19124","Emerald Dream Reverse Challenge: Bronze","15462","4","150582","","62656","8","19059","1","0"
"19124","Emerald Dream Reverse Challenge: Bronze","15462","5","150583","","62657","8","19074","1","0"
"19125","Emerald Dream Reverse Challenge: Silver","15462","0","150585","","62658","8","18956","1","0"
"19125","Emerald Dream Reverse Challenge: Silver","15462","1","150586","","62659","8","18991","1","0"
"19125","Emerald Dream Reverse Challenge: Silver","15462","2","150587","","62660","8","19006","1","0"
"19125","Emerald Dream Reverse Challenge: Silver","15462","3","150588","","62661","8","19045","1","0"
"19125","Emerald Dream Reverse Challenge: Silver","15462","4","150589","","62662","8","19060","1","0"
"19125","Emerald Dream Reverse Challenge: Silver","15462","5","150590","","62663","8","19075","1","0"
"19126","Emerald Dream Reverse Challenge: Gold","15462","0","150592","","62664","8","18957","1","0"
"19126","Emerald Dream Reverse Challenge: Gold","15462","1","150593","","62665","8","18992","1","0"
"19126","Emerald Dream Reverse Challenge: Gold","15462","2","150594","","62666","8","19007","1","0"
"19126","Emerald Dream Reverse Challenge: Gold","15462","3","150595","","62667","8","19046","1","0"
"19126","Emerald Dream Reverse Challenge: Gold","15462","4","150596","","62668","8","19061","1","0"
"19126","Emerald Dream Reverse Challenge: Gold","15462","5","150597","","62669","8","19076","1","0"
"19127","Emerald Dream Challenge Racing Completionist","15462","0","150599","","62670","8","19121","1","0"
"19127","Emerald Dream Challenge Racing Completionist","15462","1","150600","","62671","8","19124","1","0"
"19128","Emerald Dream Challenge Racing Completionist: Silver","15462","0","150602","","62672","8","19122","1","0"
"19128","Emerald Dream Challenge Racing Completionist: Silver","15462","1","150603","","62673","8","19125","1","0"
"19129","Emerald Dream Challenge Racing Completionist: Gold","15462","0","150605","","62674","8","19123","1","0"
"19129","Emerald Dream Challenge Racing Completionist: Gold","15462","1","150606","","62675","8","19126","1","0"
"19193","Ducks In A Row","15468","0","150735","Sergeant Quackers recruited.","62696","165","2728","1","0"
"19194","The Emerald Bounty","15465","0","150737","Contribute 10 seeds to the Emerald Bounty.","62697","0","211301","10","0"
"19196","Sowing the Seeds","15465","0","150739","Contribute 50 seeds to the Emerald Bounty.","62697","0","211301","50","0"
"19198","The Seeds I Sow","15465","0","150741","Contribute 100 seeds to the Emerald Bounty.","62697","0","211301","100","0"
"19293","Friends In Feathers","15455","0","151004","Squawkle","62780","0","212047","1","0"
"19293","Friends In Feathers","15455","1","150999","Feets","62775","0","212039","1","0"
"19293","Friends In Feathers","15455","2","150996","Giblet","62773","0","212033","1","0"
"19293","Friends In Feathers","15455","3","151000","Bumbletweet","62776","0","212042","1","0"
"19293","Friends In Feathers","15455","4","151001","Peanut","62777","0","212044","1","0"
"19293","Friends In Feathers","15455","5","151002","Snoozle","62778","0","212045","1","0"
"19293","Friends In Feathers","15455","6","151003","Fruffles","62779","0","212046","1","0"
"19293","Friends In Feathers","15455","7","151005","Wingnut","62781","0","212049","1","0"
"19293","Friends In Feathers","15455","8","151006","Owlington","62782","0","212050","1","0"
"19293","Friends In Feathers","15455","9","151007","Meep","62783","0","212051","1","0"
"19293","Friends In Feathers","15455","10","151008","Hops","62784","0","212052","1","0"
"19293","Friends In Feathers","15455","11","151009","Beaks","62785","0","212053","1","0"
"19293","Friends In Feathers","15455","12","151010","Squeaky","62786","0","212054","1","0"
"19293","Friends In Feathers","15455","13","151014","Eugene","62790","0","212058","1","0"
"19293","Friends In Feathers","15455","14","151011","Moonbeam","62787","0","212055","1","0"
"19293","Friends In Feathers","15455","15","151012","Chickle","62788","0","212056","1","0"
"19293","Friends In Feathers","15455","16","151013","Fuzz","62789","0","212057","1","0"
"19293","Friends In Feathers","15455","17","151015","Tickles","62791","0","212060","1","0"
"19306","Emerald Dream Glyph Hunter","15462","0","151068","","62823","8","19296","1","0"
"19306","Emerald Dream Glyph Hunter","15462","1","151069","","62824","8","19297","1","0"
"19306","Emerald Dream Glyph Hunter","15462","2","151070","","62825","8","19298","1","0"
"19306","Emerald Dream Glyph Hunter","15462","3","151071","","62826","8","19299","1","0"
"19306","Emerald Dream Glyph Hunter","15462","4","151072","","62827","8","19300","1","0"
"19306","Emerald Dream Glyph Hunter","15462","5","151073","","62828","8","19301","1","0"
"19306","Emerald Dream Glyph Hunter","15462","6","151074","","62829","8","19302","1","0"
"19306","Emerald Dream Glyph Hunter","15462","7","151075","","62830","8","19303","1","0"
"19307","Dragon Isles Pathfinder","15465","0","151207","Waking Hope","55855","8","16334","1","0"
"19307","Dragon Isles Pathfinder","15465","1","151208","Ohn'a'Roll","55856","8","15394","1","0"
"19307","Dragon Isles Pathfinder","15465","2","151209","Azure Spanner","55858","8","16336","1","0"
"19307","Dragon Isles Pathfinder","15465","3","151210","Just Don't Ask Me to Spell It","55857","8","16363","1","0"
"19307","Dragon Isles Pathfinder","15465","4","151211","Embers of Neltharion","59213","8","17739","1","0"
"19307","Dragon Isles Pathfinder","15465","5","151226","Dragon Isles Explorer","62909","8","16761","1","0"
"19307","Dragon Isles Pathfinder","15465","6","151236","Explore Zaralek Caverns","59217","8","17766","1","0"
"19307","Dragon Isles Pathfinder","15465","7","151326","Explore the Emerald Dream","63034","8","19309","1","0"
"19309","Explore the Emerald Dream","15465","0","151359","Ancient Bough","63051","43","4824","1","0"
"19309","Explore the Emerald Dream","15465","1","151360","Amirdrassil","63052","43","4823","1","0"
"19309","Explore the Emerald Dream","15465","2","151361","Eye of Ysera","63053","43","4825","1","0"
"19309","Explore the Emerald Dream","15465","3","151362","Lushdream Crags","63054","43","4826","1","0"
"19309","Explore the Emerald Dream","15465","4","151363","Primalist Stronghold","63055","43","4827","1","0"
"19309","Explore the Emerald Dream","15465","5","151364","Root-Bound Sanctuary","63056","43","4830","1","0"
"19309","Explore the Emerald Dream","15465","6","151365","Shoreline Roots","63057","43","4828","1","0"
"19309","Explore the Emerald Dream","15465","7","151366","The Smoldering Copse","63058","43","4829","1","0"
"19309","Explore the Emerald Dream","15465","8","151367","Wellspring of Life","63059","43","4831","1","0"
"19309","Explore the Emerald Dream","15465","9","151368","Whorlwing Basin","63060","43","4832","1","0"
"19310","Fruit of the Bloom","15465","0","151238","Basket of Explosive Acorns","62910","27","78487","1","0"
"19310","Fruit of the Bloom","15465","1","151239","Bubble Blowgun","62911","27","78488","1","0"
"19310","Fruit of the Bloom","15465","2","151240","Dream Gatherer","62912","27","78482","1","0"
"19310","Fruit of the Bloom","15465","3","151241","Feral Overflow","62913","27","78483","1","0"
"19310","Fruit of the Bloom","15465","4","151242","Flower Trail","62914","27","78492","1","0"
"19310","Fruit of the Bloom","15465","5","151243","Lifesurger","62915","27","78484","1","0"
"19310","Fruit of the Bloom","15465","6","151244","Memory of L'ghorek","62916","27","78494","1","0"
"19310","Fruit of the Bloom","15465","7","151245","Memory of Ursoc","62917","27","78495","1","0"
"19310","Fruit of the Bloom","15465","8","151246","Mighty Roar","62918","27","78491","1","0"
"19310","Fruit of the Bloom","15465","9","151247","Moonkin Jump","62919","27","78489","1","0"
"19310","Fruit of the Bloom","15465","10","151248","Moonkin Mayhem","62920","27","78486","1","0"
"19310","Fruit of the Bloom","15465","11","151249","Potent Lullaby","62921","27","78498","1","0"
"19310","Fruit of the Bloom","15465","12","151250","Putrid Propulsion","62922","27","78490","1","0"
"19310","Fruit of the Bloom","15465","13","151251","Sack of Talontreats","62923","27","78485","1","0"
"19310","Fruit of the Bloom","15465","14","151252","Star Shower","62924","27","78496","1","0"
"19310","Fruit of the Bloom","15465","15","151253","The Superb Loom","62925","27","78497","1","0"
"19310","Fruit of the Bloom","15465","16","151254","Wake Up!","62926","27","78493","1","0"
"19310","Fruit of the Bloom","15465","17","152000","Nae'dra Nibbles","63414","27","78723","1","0"
"19310","Fruit of the Bloom","15465","18","152008","Fae Lens","63415","27","78730","1","0"
"19310","Fruit of the Bloom","15465","19","152053","Arachnid Annihilation","63438","27","78751","1","0"
"19312","Super Duper Bloom","15465","0","151256","","64460","27","78502","1","0"
"19313","Bloom Man Group","15465","0","151258","","62927","0","212415","10","0"
"19315","Dream Chaser","15465","0","151260","","62928","0","212416","100","0"
"19316","Adventurer of the Emerald Dream","15465","0","151262","Nuoberon","62929","0","209113","1","0"
"19316","Adventurer of the Emerald Dream","15465","1","151263","Firebrand Fystia","62930","0","209893","1","0"
"19316","Adventurer of the Emerald Dream","15465","2","151264","Reefbreaker Moruud","62931","0","209898","1","0"
"19316","Adventurer of the Emerald Dream","15465","3","151265","Greedy Gessie","62932","0","209936","1","0"
"19316","Adventurer of the Emerald Dream","15465","4","151266","Envoy of Winter","62933","0","209929","1","0"
"19316","Adventurer of the Emerald Dream","15465","5","151267","Talthonei Ashwhisper","62934","0","209902","1","0"
"19316","Adventurer of the Emerald Dream","15465","6","151268","Splinterlimb","62935","0","209365","1","0"
"19316","Adventurer of the Emerald Dream","15465","7","151269","Ignit the Firebranded","62936","0","209620","1","0"
"19316","Adventurer of the Emerald Dream","15465","8","151270","Crabtankerous","62937","0","209909","1","0"
"19316","Adventurer of the Emerald Dream","15465","9","151271","Fruitface","62938","0","209913","1","0"
"19316","Adventurer of the Emerald Dream","15465","10","151272","The Apostle","62939","0","209911","1","0"
"19316","Adventurer of the Emerald Dream","15465","11","151273","Isaqa","62940","0","209919","1","0"
"19316","Adventurer of the Emerald Dream","15465","12","151274","Surging Lasher","62941","0","210111","1","0"
"19316","Adventurer of the Emerald Dream","15465","13","151275","Moragh the Slothful","62942","0","210045","1","0"
"19316","Adventurer of the Emerald Dream","15465","14","151276","Keen-Eyed Cian","62943","0","210046","1","0"
"19316","Adventurer of the Emerald Dream","15465","15","151277","Somnambulant Ori","62944","0","210047","1","0"
"19316","Adventurer of the Emerald Dream","15465","16","151278","Bloodstripe Great Ray","62945","0","210050","1","0"
"19316","Adventurer of the Emerald Dream","15465","17","151279","Matriarch Keevah","62946","0","210051","1","0"
"19316","Adventurer of the Emerald Dream","15465","18","151280","Moltenbinder's Disciple","62947","0","208658","1","0"
"19316","Adventurer of the Emerald Dream","15465","19","151281","Molten Leadspike","62948","0","210064","1","0"
"19316","Adventurer of the Emerald Dream","15465","20","151282","Mosa Umbramane","62949","0","210070","1","0"
"19316","Adventurer of the Emerald Dream","15465","21","151283","Henri Snufftail","62950","0","210075","1","0"
"19316","Adventurer of the Emerald Dream","15465","22","151284","Ristar the Rabid","62951","0","210161","1","0"
"19316","Adventurer of the Emerald Dream","15465","23","153296","Voracious Mikanji","64492","0","210508","1","0"
"19317","Treasures of the Emerald Dream","15465","0","151286","Triflesnatch's Roving Trove","62952","27","77872","1","0"
"19317","Treasures of the Emerald Dream","15465","1","151287","Hidden Moonkin Stash","62953","27","77858","1","0"
"19317","Treasures of the Emerald Dream","15465","2","151288","Crystalline Glowblossom","62954","27","77950","1","0"
"19317","Treasures of the Emerald Dream","15465","3","151290","Pineshrew Cache","62956","27","78120","1","0"
"19317","Treasures of the Emerald Dream","15465","4","151294","Magical Bloom","62960","27","78005","1","0"
"19317","Treasures of the Emerald Dream","15465","5","151295","Odd Burl","62961","27","78006","1","0"
"19317","Treasures of the Emerald Dream","15465","6","151289","Reliquary of Ursol","62955","27","78107","1","0"
"19317","Treasures of the Emerald Dream","15465","7","151291","Reliquary of Aviana","62957","27","78360","1","0"
"19317","Treasures of the Emerald Dream","15465","8","151292","Reliquary of Ashamane","62958","27","78359","1","0"
"19317","Treasures of the Emerald Dream","15465","9","151293","Reliquary of Goldrinn","62959","27","78361","1","0"
"19318","Dream On","15455","0","151297","Defenders of the Dream","63007","8","19026","1","0"
"19318","Dream On","15455","1","151298","Adventurer of the Emerald Dream","63008","8","19316","1","0"
"19318","Dream On","15455","2","151299","Treasures of the Emerald Dream","63009","8","19317","1","0"
"19318","Dream On","15455","3","151301","I Dream of Seeds","63010","8","19013","1","0"
"19318","Dream On","15455","4","151325","Explore the Emerald Dream","63034","8","19309","1","0"
"19318","Dream On","15455","5","151371","Super Duper Bloom","63062","8","19312","1","0"
"19319","Haven't We Done This Before?","15468","0","151324","Douse 6 Runes of the Firelord","63033","165","2824","1","0"
"19320","Cruelty Free","15468","0","151328","Free the caged critters","63038","165","2709","1","0"
"19321","Swog Champion","15468","0","151351","Feed Volcoross 30 Sizzling Swoggers.","63047","165","2737","1","0"
"19322","Meaner Pastures","15468","0","151355","Ignite 8 Harmless Blossoms","63049","165","2820","1","0"
"19331","Amirdrassil, the Dream's Hope","15468","0","151429","Gnarlroot","63095","165","2820","1","0"
"19331","Amirdrassil, the Dream's Hope","15468","1","151430","Igira the Cruel","63096","165","2709","1","0"
"19331","Amirdrassil, the Dream's Hope","15468","2","151431","Volcoross","63097","165","2737","1","0"
"19331","Amirdrassil, the Dream's Hope","15468","3","151432","Larodar, Keeper of the Flame","63098","165","2731","1","0"
"19331","Amirdrassil, the Dream's Hope","15468","4","151433","Council of Dreams","63099","165","2728","1","0"
"19331","Amirdrassil, the Dream's Hope","15468","5","151434","Nymue, Weaver of the Cycle","63100","165","2708","1","0"
"19331","Amirdrassil, the Dream's Hope","15468","6","151435","Smolderon","63101","165","2824","1","0"
"19331","Amirdrassil, the Dream's Hope","15468","7","151436","Tindral Sageswift, Seer of the Flame","63102","165","2786","1","0"
"19331","Amirdrassil, the Dream's Hope","15468","8","151437","Fyrakk the Blazing","63103","165","2677","1","0"
"19333","Heroic: Amirdrassil, the Dream's Hope","15468","0","151439","Gnarlroot","63104","165","2820","1","0"
"19333","Heroic: Amirdrassil, the Dream's Hope","15468","1","151440","Igira the Cruel","63105","165","2709","1","0"
"19333","Heroic: Amirdrassil, the Dream's Hope","15468","2","151441","Volcoross","63106","165","2737","1","0"
"19333","Heroic: Amirdrassil, the Dream's Hope","15468","3","151442","Larodar, Keeper of the Flame","63107","165","2731","1","0"
"19333","Heroic: Amirdrassil, the Dream's Hope","15468","4","151443","Council of Dreams","63108","165","2728","1","0"
"19333","Heroic: Amirdrassil, the Dream's Hope","15468","5","151444","Nymue, Weaver of the Cycle","63109","165","2708","1","0"
"19333","Heroic: Amirdrassil, the Dream's Hope","15468","6","151445","Smolderon","63110","165","2824","1","0"
"19333","Heroic: Amirdrassil, the Dream's Hope","15468","7","151446","Tindral Sageswift, Seer of the Flame","63111","165","2786","1","0"
"19333","Heroic: Amirdrassil, the Dream's Hope","15468","8","151447","Fyrakk the Blazing","63112","165","2677","1","0"
"19334","Mythic: Amirdrassil, the Dream's Hope","15468","0","151457","","63122","8","19335","0","0"
"19334","Mythic: Amirdrassil, the Dream's Hope","15468","1","151484","","63123","8","19336","0","0"
"19334","Mythic: Amirdrassil, the Dream's Hope","15468","2","151485","","63124","8","19337","0","0"
"19334","Mythic: Amirdrassil, the Dream's Hope","15468","3","151486","","63125","8","19338","0","0"
"19334","Mythic: Amirdrassil, the Dream's Hope","15468","4","151487","","63126","8","19339","0","0"
"19334","Mythic: Amirdrassil, the Dream's Hope","15468","5","151488","","63127","8","19340","0","0"
"19334","Mythic: Amirdrassil, the Dream's Hope","15468","6","151489","","63128","8","19341","0","0"
"19334","Mythic: Amirdrassil, the Dream's Hope","15468","7","151490","","63129","8","19342","0","0"
"19334","Mythic: Amirdrassil, the Dream's Hope","15468","8","151491","","63130","8","19343","0","0"
"19335","Mythic: Gnarlroot","15468","0","151459","","63113","165","2820","1","0"
"19336","Mythic: Igira the Cruel","15468","0","151469","","63114","165","2709","1","0"
"19337","Mythic: Volcoross","15468","0","151471","","63115","165","2737","1","0"
"19338","Mythic: Council of Dreams","15468","0","151473","","63116","165","2728","1","0"
"19339","Mythic: Larodar, Keeper of the Flame","15468","0","151475","","63117","165","2731","1","0"
"19340","Mythic: Nymue, Weaver of the Cycle","15468","0","151477","","63118","165","2708","1","0"
"19341","Mythic: Smolderon","15468","0","151479","","63119","165","2824","1","0"
"19342","Mythic: Tindral Sageswift, Seer of the Flame","15468","0","151481","","63120","165","2786","1","0"
"19343","Mythic: Fyrakk the Blazing","15468","0","151483","","63121","165","2677","1","0"
"19344","Incarnate's Wake","15468","0","151493","Gnarlroot","63095","165","2820","1","0"
"19344","Incarnate's Wake","15468","1","151494","Igira the Cruel","63096","165","2709","1","0"
"19344","Incarnate's Wake","15468","2","151495","Smolderon","63101","165","2824","1","0"
"19345","Molten Incursion","15468","0","151497","Volcoross","63097","165","2737","1","0"
"19345","Molten Incursion","15468","1","151498","Larodar, Keeper of the Flame","63098","165","2731","1","0"
"19346","The Viridian Weave","15468","0","151500","Council of Dreams","63099","165","2728","1","0"
"19346","The Viridian Weave","15468","1","151501","Nymue, Weaver of the Cycle","63100","165","2708","1","0"
"19347","Fate of Amirdrassil","15468","0","151503","Tindral Sageswift, Seer of the Flame","63102","165","2786","1","0"
"19347","Fate of Amirdrassil","15468","1","151504","Fyrakk the Blazing","63103","165","2677","1","0"
"19390","Memories of Teldrassil","15468","0","153085","Spirits returned","64419","165","2677","1","0"
"19393","Whelp, I'm Lost","15468","0","152986","","64337","165","2786","0","0"
"19394","A Dream Within a Dream","15468","0","151639","Manifested Monarch Defeated","63201","165","2708","0","0"
"19461","Kissed by the Wind","15465","0","153295","","64491","27","72512","0","0"
"19463","Dragon Quests","15455","0","153300","","59214","8","17773","1","0"
"19463","Dragon Quests","15455","1","153301","","64494","8","17734","1","0"
"19463","Dragon Quests","15455","2","153302","","64495","8","18958","1","0"
"19463","Dragon Quests","15455","3","153303","","64496","8","17546","1","0"
"19463","Dragon Quests","15455","4","153304","","64497","8","16683","1","0"
"19463","Dragon Quests","15455","5","153591","","64662","8","19507","1","0"
"19466","Oh My God, They Were Clutchmates","15466","0","153318","","64499","8","41174","1","0"
"19466","Oh My God, They Were Clutchmates","15466","1","153319","","64500","8","41180","1","0"
"19466","Oh My God, They Were Clutchmates","15466","2","153320","","64607","8","41181","1","0"
"19466","Oh My God, They Were Clutchmates","15466","3","153321","","64608","8","41182","1","0"
"19466","Oh My God, They Were Clutchmates","15466","4","153322","","59218","8","41183","1","0"
"19466","Oh My God, They Were Clutchmates","15466","5","153324","","62759","8","41177","1","0"
"19466","Oh My God, They Were Clutchmates","15466","6","153325","","61230","8","18615","1","0"
"19466","Oh My God, They Were Clutchmates","15466","7","153326","","64503","8","16494","1","0"
"19466","Oh My God, They Were Clutchmates","15466","8","153327","","64504","8","16760","1","0"
"19466","Oh My God, They Were Clutchmates","15466","9","153328","","64505","8","16539","1","0"
"19466","Oh My God, They Were Clutchmates","15466","10","153329","","64506","8","16537","1","0"
"19466","Oh My God, They Were Clutchmates","15466","11","153330","","64507","8","17427","1","0"
"19478","Now THIS is Dragon Racing!","15462","0","153390","","64541","8","15939","1","0"
"19478","Now THIS is Dragon Racing!","15462","1","153391","","64542","8","17294","1","0"
"19478","Now THIS is Dragon Racing!","15462","2","153392","","64543","8","17492","1","0"
"19478","Now THIS is Dragon Racing!","15462","3","153393","","64544","8","19118","1","0"
"19478","Now THIS is Dragon Racing!","15462","4","153394","","64545","8","16575","1","0"
"19478","Now THIS is Dragon Racing!","15462","5","153395","","64546","8","16576","1","0"
"19478","Now THIS is Dragon Racing!","15462","6","153396","","64547","8","16577","1","0"
"19478","Now THIS is Dragon Racing!","15462","7","153397","","64548","8","16578","1","0"
"19478","Now THIS is Dragon Racing!","15462","8","153398","","64549","8","17411","1","0"
"19478","Now THIS is Dragon Racing!","15462","9","153399","","64550","8","18150","1","0"
"19478","Now THIS is Dragon Racing!","15462","10","153400","","64551","8","19306","1","0"
"19479","Wake Me Up","15465","0","153402","","64552","8","16570","1","0"
"19479","Wake Me Up","15465","1","153403","","64553","8","16568","1","0"
"19479","Wake Me Up","15465","2","153404","","64554","8","16587","1","0"
"19479","Wake Me Up","15465","3","153405","","64558","8","16588","1","0"
"19479","Wake Me Up","15465","4","153406","","64555","8","15890","1","0"
"19479","Wake Me Up","15465","5","153407","","64556","8","16571","1","0"
"19479","Wake Me Up","15465","6","153408","","64557","8","16676","1","0"
"19479","Wake Me Up","15465","7","153409","","54704","8","16297","1","0"
"19481","Centaur of Attention","15465","0","153411","","64560","8","16540","1","0"
"19481","Centaur of Attention","15465","1","153412","","64559","8","16541","1","0"
"19481","Centaur of Attention","15465","2","153413","","64561","8","16545","1","0"
"19481","Centaur of Attention","15465","3","153414","","64562","8","16542","1","0"
"19481","Centaur of Attention","15465","4","153415","","64563","8","16543","1","0"
"19481","Centaur of Attention","15465","5","153416","","64564","8","16424","1","0"
"19481","Centaur of Attention","15465","6","153417","","64565","8","16677","1","0"
"19481","Centaur of Attention","15465","7","153418","","54816","8","16299","1","0"
"19482","Army of the Fed","15465","0","153420","","64566","8","16443","1","0"
"19482","Army of the Fed","15465","1","153421","","64567","8","16444","1","0"
"19482","Army of the Fed","15465","2","153422","","64501","8","16317","1","0"
"19482","Army of the Fed","15465","3","153423","","64502","8","16553","1","0"
"19482","Army of the Fed","15465","4","153424","","64568","8","16563","1","0"
"19482","Army of the Fed","15465","5","153425","","64569","8","16580","1","0"
"19482","Army of the Fed","15465","6","153426","","64570","8","16678","1","0"
"19482","Army of the Fed","15465","7","153427","","54817","8","16300","1","0"
"19483","Flight Club","15465","0","153429","","64571","8","16411","1","0"
"19483","Flight Club","15465","1","153430","","64578","8","16410","1","0"
"19483","Flight Club","15465","2","153431","","64579","8","16412","1","0"
"19483","Flight Club","15465","3","153432","","64572","8","16497","1","0"
"19483","Flight Club","15465","4","153433","","64573","8","16495","1","0"
"19483","Flight Club","15465","5","153434","","64574","8","16496","1","0"
"19483","Flight Club","15465","6","153435","","64575","8","18384","1","0"
"19483","Flight Club","15465","7","153436","","64576","8","17782","1","0"
"19483","Flight Club","15465","8","153437","","64577","8","18383","1","0"
"19483","Flight Club","15465","9","153438","","64580","8","16679","1","0"
"19483","Flight Club","15465","10","153439","","54818","8","16301","1","0"
"19485","Closing Time","15465","0","153441","","64581","8","17342","1","0"
"19485","Closing Time","15465","1","153442","","64582","8","18635","1","0"
"19485","Closing Time","15465","2","153443","","64583","8","18637","1","0"
"19485","Closing Time","15465","3","153444","","64584","8","18636","1","0"
"19485","Closing Time","15465","4","153445","","64585","8","18638","1","0"
"19485","Closing Time","15465","5","153446","","64586","8","18639","1","0"
"19485","Closing Time","15465","6","153447","","64587","8","18640","1","0"
"19485","Closing Time","15465","7","153448","","64588","8","18641","1","0"
"19485","Closing Time","15465","8","153449","","61228","8","18703","1","0"
"19485","Closing Time","15465","9","153450","","61229","8","18704","1","0"
"19486","Across the Isles","15465","0","153452","","64589","8","19479","1","0"
"19486","Across the Isles","15465","1","153453","","64590","8","19481","1","0"
"19486","Across the Isles","15465","2","153454","","64591","8","19482","1","0"
"19486","Across the Isles","15465","3","153455","","64592","8","19483","1","0"
"19486","Across the Isles","15465","4","153456","","64593","8","19485","1","0"
"19486","Across the Isles","15465","5","153457","","64594","8","16492","1","0"
"19486","Across the Isles","15465","6","153458","","59691","8","18209","1","0"
"19486","Across the Isles","15465","7","153459","","61624","8","18867","1","0"
"19486","Across the Isles","15465","8","153460","","62019","8","19008","1","0"
"19507","Fringe Benefits","15455","0","153553","Lost Time-Lost Vikings","64642","27","75466","1","0"
"19507","Fringe Benefits","15455","1","153554","Time-Lost Trio","64643","27","75657","1","0"
"19507","Fringe Benefits","15455","2","153555","Small Things","64644","27","76076","1","0"
"19507","Fringe Benefits","15455","3","153556","Missing Mojo","64645","27","76162","1","0"
"19507","Fringe Benefits","15455","4","153557","Prince in Peril","64646","27","76244","1","0"
"19507","Fringe Benefits","15455","5","153558","Tracked Through Time","64647","27","75970","1","0"
"19507","Fringe Benefits","15455","6","153559","Squeaky Toy of Time and Space","64648","27","75971","1","0"
"19507","Fringe Benefits","15455","7","153560","Lucky Hearthstone Card","64649","27","75988","1","0"
"19507","Fringe Benefits","15455","8","153561","What Could Have Been","64650","27","75991","1","0"
"19507","Fringe Benefits","15455","9","153562","Fowl Beasts","64651","27","76251","1","0"
"19507","Fringe Benefits","15455","10","153564","Manastorm Mystique","64654","27","76246","1","0"
"19507","Fringe Benefits","15455","11","153565","A Multitude of Tasks","60757","27","76266","1","0"
"19507","Fringe Benefits","15455","12","153566","A Mislaid Egg","64657","27","76269","1","0"
"19507","Fringe Benefits","15455","13","153567","Woolomancer","64658","27","75987","1","0"
"19507","Fringe Benefits","15455","14","153568","The Black Prince Parade","64659","27","75989","1","0"
"19507","Fringe Benefits","15455","15","153572","Star-Crossed Lovers","64660","27","75990","1","0"
"19674","Northrend: Bronze","15462","0","154291","","65068","8","19199","1","0"
"19674","Northrend: Bronze","15462","1","154292","","65069","8","19277","1","0"
"19674","Northrend: Bronze","15462","2","154293","","65070","8","19582","1","0"
"19674","Northrend: Bronze","15462","3","154294","","65071","8","19591","1","0"
"19674","Northrend: Bronze","15462","4","154295","","65072","8","19600","1","0"
"19674","Northrend: Bronze","15462","5","154296","","65073","8","19609","1","0"
"19674","Northrend: Bronze","15462","6","154297","","65074","8","19618","1","0"
"19674","Northrend: Bronze","15462","7","154298","","65075","8","19627","1","0"
"19674","Northrend: Bronze","15462","8","154299","","65076","8","19636","1","0"
"19674","Northrend: Bronze","15462","9","154300","","65077","8","19647","1","0"
"19674","Northrend: Bronze","15462","10","154301","","65078","8","19656","1","0"
"19674","Northrend: Bronze","15462","11","154302","","65079","8","19665","1","0"
"19675","Northrend: Silver","15462","0","154304","","65080","8","19200","1","0"
"19675","Northrend: Silver","15462","1","154305","","65081","8","19278","1","0"
"19675","Northrend: Silver","15462","2","154306","","65082","8","19583","1","0"
"19675","Northrend: Silver","15462","3","154307","","65083","8","19592","1","0"
"19675","Northrend: Silver","15462","4","154308","","65084","8","19601","1","0"
"19675","Northrend: Silver","15462","5","154309","","65085","8","19610","1","0"
"19675","Northrend: Silver","15462","6","154310","","65086","8","19619","1","0"
"19675","Northrend: Silver","15462","7","154311","","65087","8","19628","1","0"
"19675","Northrend: Silver","15462","8","154312","","65088","8","19637","1","0"
"19675","Northrend: Silver","15462","9","154313","","65089","8","19648","1","0"
"19675","Northrend: Silver","15462","10","154314","","65090","8","19657","1","0"
"19675","Northrend: Silver","15462","11","154315","","65091","8","19666","1","0"
"19676","Northrend: Gold","15462","0","154317","","65092","8","19201","1","0"
"19676","Northrend: Gold","15462","1","154318","","65093","8","19279","1","0"
"19676","Northrend: Gold","15462","2","154319","","65094","8","19584","1","0"
"19676","Northrend: Gold","15462","3","154320","","65095","8","19593","1","0"
"19676","Northrend: Gold","15462","4","154321","","65096","8","19602","1","0"
"19676","Northrend: Gold","15462","5","154322","","65097","8","19611","1","0"
"19676","Northrend: Gold","15462","6","154323","","65098","8","19620","1","0"
"19676","Northrend: Gold","15462","7","154324","","65099","8","19629","1","0"
"19676","Northrend: Gold","15462","8","154325","","65100","8","19638","1","0"
"19676","Northrend: Gold","15462","9","154326","","65101","8","19649","1","0"
"19676","Northrend: Gold","15462","10","154327","","65102","8","19658","1","0"
"19676","Northrend: Gold","15462","11","154328","","65103","8","19667","1","0"
"19677","Northrend Advanced: Bronze","15462","0","154330","","65104","8","19202","1","0"
"19677","Northrend Advanced: Bronze","15462","1","154331","","65105","8","19280","1","0"
"19677","Northrend Advanced: Bronze","15462","2","154332","","65106","8","19585","1","0"
"19677","Northrend Advanced: Bronze","15462","3","154333","","65107","8","19594","1","0"
"19677","Northrend Advanced: Bronze","15462","4","154334","","65108","8","19603","1","0"
"19677","Northrend Advanced: Bronze","15462","5","154335","","65109","8","19612","1","0"
"19677","Northrend Advanced: Bronze","15462","6","154336","","65110","8","19621","1","0"
"19677","Northrend Advanced: Bronze","15462","7","154337","","65111","8","19630","1","0"
"19677","Northrend Advanced: Bronze","15462","8","154338","","65112","8","19639","1","0"
"19677","Northrend Advanced: Bronze","15462","9","154339","","65113","8","19650","1","0"
"19677","Northrend Advanced: Bronze","15462","10","154340","","65114","8","19659","1","0"
"19677","Northrend Advanced: Bronze","15462","11","154341","","65115","8","19668","1","0"
"19679","Northrend Advanced: Silver","15462","0","154345","","65117","8","19203","1","0"
"19679","Northrend Advanced: Silver","15462","1","154346","","65118","8","19281","1","0"
"19679","Northrend Advanced: Silver","15462","2","154347","","65119","8","19586","1","0"
"19679","Northrend Advanced: Silver","15462","3","154348","","65120","8","19595","1","0"
"19679","Northrend Advanced: Silver","15462","4","154349","","65121","8","19604","1","0"
"19679","Northrend Advanced: Silver","15462","5","154350","","65122","8","19613","1","0"
"19679","Northrend Advanced: Silver","15462","6","154351","","65123","8","19622","1","0"
"19679","Northrend Advanced: Silver","15462","7","154352","","65124","8","19631","1","0"
"19679","Northrend Advanced: Silver","15462","8","154353","","65125","8","19640","1","0"
"19679","Northrend Advanced: Silver","15462","9","154354","","65126","8","19651","1","0"
"19679","Northrend Advanced: Silver","15462","10","154355","","65127","8","19660","1","0"
"19679","Northrend Advanced: Silver","15462","11","154356","","65128","8","19669","1","0"
"19681","Northrend Advanced: Gold","15462","0","154358","","65129","8","19204","1","0"
"19681","Northrend Advanced: Gold","15462","1","154359","","65130","8","19282","1","0"
"19681","Northrend Advanced: Gold","15462","2","154360","","65131","8","19587","1","0"
"19681","Northrend Advanced: Gold","15462","3","154361","","65132","8","19596","1","0"
"19681","Northrend Advanced: Gold","15462","4","154362","","65133","8","19605","1","0"
"19681","Northrend Advanced: Gold","15462","5","154363","","65134","8","19614","1","0"
"19681","Northrend Advanced: Gold","15462","6","154364","","65135","8","19623","1","0"
"19681","Northrend Advanced: Gold","15462","7","154365","","65136","8","19632","1","0"
"19681","Northrend Advanced: Gold","15462","8","154366","","65137","8","19641","1","0"
"19681","Northrend Advanced: Gold","15462","9","154367","","65138","8","19652","1","0"
"19681","Northrend Advanced: Gold","15462","10","154368","","65139","8","19661","1","0"
"19681","Northrend Advanced: Gold","15462","11","154369","","65140","8","19670","1","0"
"19682","Northrend Reverse: Bronze","15462","0","154371","","65141","8","19205","1","0"
"19682","Northrend Reverse: Bronze","15462","1","154372","","65142","8","19283","1","0"
"19682","Northrend Reverse: Bronze","15462","2","154373","","65143","8","19588","1","0"
"19682","Northrend Reverse: Bronze","15462","3","154374","","65144","8","19597","1","0"
"19682","Northrend Reverse: Bronze","15462","4","154375","","65145","8","19606","1","0"
"19682","Northrend Reverse: Bronze","15462","5","154376","","65146","8","19615","1","0"
"19682","Northrend Reverse: Bronze","15462","6","154377","","65147","8","19624","1","0"
"19682","Northrend Reverse: Bronze","15462","7","154378","","65148","8","19633","1","0"
"19682","Northrend Reverse: Bronze","15462","8","154379","","65149","8","19642","1","0"
"19682","Northrend Reverse: Bronze","15462","9","154380","","65150","8","19653","1","0"
"19682","Northrend Reverse: Bronze","15462","10","154381","","65151","8","19662","1","0"
"19682","Northrend Reverse: Bronze","15462","11","154382","","65152","8","19671","1","0"
"19683","Northrend Reverse: Silver","15462","0","154384","","65153","8","19206","1","0"
"19683","Northrend Reverse: Silver","15462","1","154385","","65154","8","19284","1","0"
"19683","Northrend Reverse: Silver","15462","2","154386","","65155","8","19589","1","0"
"19683","Northrend Reverse: Silver","15462","3","154387","","65156","8","19598","1","0"
"19683","Northrend Reverse: Silver","15462","4","154388","","65157","8","19607","1","0"
"19683","Northrend Reverse: Silver","15462","5","154389","","65158","8","19616","1","0"
"19683","Northrend Reverse: Silver","15462","6","154390","","65159","8","19625","1","0"
"19683","Northrend Reverse: Silver","15462","7","154391","","65160","8","19634","1","0"
"19683","Northrend Reverse: Silver","15462","8","154392","","65161","8","19643","1","0"
"19683","Northrend Reverse: Silver","15462","9","154393","","65162","8","19654","1","0"
"19683","Northrend Reverse: Silver","15462","10","154394","","65163","8","19663","1","0"
"19683","Northrend Reverse: Silver","15462","11","154395","","65164","8","19672","1","0"
"19684","Northrend Reverse: Gold","15462","0","154397","","65165","8","19207","1","0"
"19684","Northrend Reverse: Gold","15462","1","154398","","65166","8","19285","1","0"
"19684","Northrend Reverse: Gold","15462","2","154399","","65167","8","19590","1","0"
"19684","Northrend Reverse: Gold","15462","3","154400","","65168","8","19599","1","0"
"19684","Northrend Reverse: Gold","15462","4","154401","","65169","8","19608","1","0"
"19684","Northrend Reverse: Gold","15462","5","154402","","65170","8","19617","1","0"
"19684","Northrend Reverse: Gold","15462","6","154403","","65171","8","19626","1","0"
"19684","Northrend Reverse: Gold","15462","7","154404","","65172","8","19635","1","0"
"19684","Northrend Reverse: Gold","15462","8","154405","","65173","8","19644","1","0"
"19684","Northrend Reverse: Gold","15462","9","154406","","65174","8","19655","1","0"
"19684","Northrend Reverse: Gold","15462","10","154407","","65175","8","19664","1","0"
"19684","Northrend Reverse: Gold","15462","11","154408","","65176","8","19673","1","0"
"19685","Tenured Archivist","15466","0","154410","","65177","46","2615","42000","0"
"19719","Reclamation of Gilneas","15455","0","154591","","65287","8","19720","1","0"
"19719","Reclamation of Gilneas","15455","1/0","154593","Complete the Reclamation of Gilneas storyline.","65285","27","78190","1","0"
"19719","Reclamation of Gilneas","15455","1/1","154594","Complete the Reclamation of Gilneas storyline.","65286","27","79137","1","0"
"19721","Northrend Racing Completionist","15462","0","154603","","65294","8","19674","1","0"
"19721","Northrend Racing Completionist","15462","1","154604","","65290","8","19677","1","0"
"19721","Northrend Racing Completionist","15462","2","154605","","65295","8","19682","1","0"
"19722","Northrend Racing Completionist: Silver","15462","0","154607","","65291","8","19675","1","0"
"19722","Northrend Racing Completionist: Silver","15462","1","154608","","65292","8","19679","1","0"
"19722","Northrend Racing Completionist: Silver","15462","2","154609","","65293","8","19683","1","0"
"19723","Northrend Racing Completionist: Gold","15462","0","154611","","65296","8","19676","1","0"
"19723","Northrend Racing Completionist: Gold","15462","1","154612","","65297","8","19681","1","0"
"19723","Northrend Racing Completionist: Gold","15462","2","154613","","65298","8","19684","1","0"
"19786","When a Rock is Just a Rock","15455","0","154826","Rocks gathered","65371","42","205224","10","0"
"19787","Clued In","15455","0","154828","","65372","0","210079","1","0"
"19787","Clued In","15455","1","154829","","65373","0","206816","1","0"
"19787","Clued In","15455","2","154830","","65374","0","208938","1","0"
"19787","Clued In","15455","3","154831","","65375","0","207983","1","0"
"19787","Clued In","15455","4","154832","","65376","0","208082","1","0"
"19787","Clued In","15455","5","154833","","65377","0","208105","1","0"
"19787","Clued In","15455","6","154834","","65378","0","208132","1","0"
"19787","Clued In","15455","7","154835","","65379","0","208766","1","0"
"19788","Tome Comber","15455","0","154847","","65389","36","213185","1","0"
"19788","Tome Comber","15455","1","154848","","65390","36","213175","1","0"
"19788","Tome Comber","15455","2","154849","","65391","36","213188","1","0"
"19788","Tome Comber","15455","3","154850","","65392","36","213187","1","0"
"19788","Tome Comber","15455","4","154851","","65393","36","213186","1","0"
"19788","Tome Comber","15455","5","154852","","65394","36","213190","1","0"
"19788","Tome Comber","15455","6","154853","","65395","36","213189","1","0"
"19788","Tome Comber","15455","7","154854","","65396","36","213176","1","0"
"19788","Tome Comber","15455","8","154855","","65397","36","213177","1","0"
"19789","Relic Rescuer","15455","0","154837","Exposed Jar recovered","65380","0","216380","1","0"
"19789","Relic Rescuer","15455","1","154838","Exposed Tablet recovered","65381","0","216381","1","0"
"19789","Relic Rescuer","15455","2","154839","Exposed Mandible recovered","65382","0","216368","1","0"
"19789","Relic Rescuer","15455","3","154840","Exposed Hammer recovered","65383","0","216378","1","0"
"19789","Relic Rescuer","15455","4","154841","Exposed Statue recovered","65384","0","216376","1","0"
"19789","Relic Rescuer","15455","5","154842","Exposed Box recovered","65385","0","216371","1","0"
"19789","Relic Rescuer","15455","6","154843","Exposed Figure recovered","65386","0","216372","1","0"
"19789","Relic Rescuer","15455","7","154844","Exposed Carving recovered","65387","0","216370","1","0"
"19789","Relic Rescuer","15455","8","154845","Exposed Urn recovered","65388","0","216233","1","0"
"19790","The Archives Called, You Answered","15455","0","154861","","65402","8","19685","0","0"
"19790","The Archives Called, You Answered","15455","1","154857","","65398","8","19786","0","0"
"19790","The Archives Called, You Answered","15455","2","154862","","65403","8","19791","0","0"
"19790","The Archives Called, You Answered","15455","3","154858","","65399","8","19787","0","0"
"19790","The Archives Called, You Answered","15455","4","154859","","65400","8","19789","0","0"
"19790","The Archives Called, You Answered","15455","5","154860","","65401","8","19788","0","0"
"19790","The Archives Called, You Answered","15455","6","154883","","65420","8","19793","0","0"
"19790","The Archives Called, You Answered","15455","7","154884","","65421","8","19792","0","0"
"19791","Goggle Wobble","15455","0","154864","Zenata danced with at Igira's Watch","65404","0","217203","0","0"
"19791","Goggle Wobble","15455","1","154865","Zenata danced with at Dragonskull Island","65405","0","217202","0","0"
"19791","Goggle Wobble","15455","2","154866","Zenata danced with at Concord Observatory","65406","0","217201","0","0"
"19792","Just One More Thing","15455","0","154870","Lost Atheneum","65408","27","79599","1","0"
"19792","Just One More Thing","15455","1","154871","The Riverbed","65409","27","79598","1","0"
"19792","Just One More Thing","15455","2","154872","Igira's Watch","65410","27","79602","1","0"
"19792","Just One More Thing","15455","3","154873","Gaze of Neltharion","65411","27","79605","1","0"
"19792","Just One More Thing","15455","4","154874","Concord Observatory","65412","27","79608","1","0"
"19792","Just One More Thing","15455","5","154875","Winglord's Perch","65413","27","79611","1","0"
"19793","Finally At Rest","15455","0","154882","","65419","27","79226","17","0"
"20206","Champion of the Dragonflights","15455","0","156589","","66427","74","0","1","0"
"20206","Champion of the Dragonflights","15455","1","156590","","66428","27","80190","1","0"
"40382","Hunt the Harbinger","15455","0","162978","","68050","27","79021","0","0"
