status,release_decision,unavailable,availability_note,current_exists,mount_id,name,source_spell_id,item_ids,item_expansion_ids,source_type_enum,flags,source_text
present,,,,1,6,Brown Horse,458,,,2,0,|cFFFFD200Vendor: |rUnger Statforth|n|cFFFFD200Zone: |rWetlands|n|cFFFFD200Cost: |r1|TINTERFACE\MONEYFRAME\UI-GOLDICON.BLP:0|t
present,,,,1,7,Gray Wolf,459,,,2,64,|cFFFFD200Vendor: |rOgunaro Wolfrunner|n|cFFFFD200Zone: |rOrgrimmar|n|cFFFFD200Cost: |r1|TINTERFACE\MONEYFRAME\UI-GOLDICON.BLP:0|t
present,,,,1,8,White Stallion,468,,,2,64,|cFFFFD200Legacy|r
present,,,,1,9,Black Stallion,470,,,2,0,|cFFFFD200Vendor: |rKatie Stokx|n|cFFFFD200Zone: |rStormwind City|n|cFFFFD200Cost: |r1|TINTERFACE\MONEYFRAME\UI-GOLDICON.BLP:0|t
present,,,,1,11,Pinto,472,,,2,0,|cFFFFD200Vendor: |rKatie Stokx|n|cFFFFD200Zone: |rStormwind City|n|cFFFFD200Cost: |r1|TINTERFACE\MONEYFRAME\UI-GOLDICON.BLP:0|t
present,,,,1,12,Black Wolf,578,,,2,64,|cFFFFD200Vendor: |rOgunaro Wolfrunner|n|cFFFFD200Zone: |rOrgrimmar|n|cFFFFD200Cost: |r1|TINTERFACE\MONEYFRAME\UI-GOLDICON.BLP:0|t
present,,,,1,13,Red Wolf,579,,,2,64,|cFFFFD200Legacy|r
present,,,,1,14,Timber Wolf,580,,,2,0,|cFFFFD200Vendor: |rOgunaro Wolfrunner|n|cFFFFD200Zone: |rOrgrimmar|n|cFFFFD200Cost: |r1|TINTERFACE\MONEYFRAME\UI-GOLDICON.BLP:0|t
present,,,,1,15,Winter Wolf,581,,,2,64,|cFFFFD200Legacy|r
present,,,,1,16,Nether-Swept Drake,3363,,,3,0,|cFFFFD200Profession:|r Voidstorm Fishing|n
present,,,,1,17,Felsteed,5784,,,1,0,|cFFFFD200Class: |rWarlock
present,,,,1,18,Chestnut Mare,6648,,,2,0,|cFFFFD200Vendor: |rKatie Stokx|n|cFFFFD200Zone: |rStormwind City|n|cFFFFD200Cost: |r1|TINTERFACE\MONEYFRAME\UI-GOLDICON.BLP:0|t
present,,,,1,19,Dire Wolf,6653,,,2,0,|cFFFFD200Vendor:|r Ogunaro Wolfrunner|n|cFFFFD200Location:|r Orgrimmar|n|cFFFFD200Cost: |r1|TINTERFACE\MONEYFRAME\UI-GOLDICON.BLP:0|t
present,,,,1,20,Brown Wolf,6654,,,2,0,|cFFFFD200Vendor: |rOgunaro Wolfrunner|n|cFFFFD200Zone: |rOrgrimmar|n|cFFFFD200Cost: |r1|TINTERFACE\MONEYFRAME\UI-GOLDICON.BLP:0|t
present,,,,1,21,Gray Ram,6777,,,2,0,|cFFFFD200Vendor: |rVeron Amberstill|n|cFFFFD200Zone: |rDun Morogh|n|cFFFFD200Cost: |r1|TINTERFACE\MONEYFRAME\UI-GOLDICON.BLP:0|t
present,,,,1,22,Black Ram,6896,,,2,64,|cFFFFD200Legacy|r
present,,,,1,24,White Ram,6898,,,2,0,|cFFFFD200Vendor: |rVeron Amberstill|n|cFFFFD200Zone: |rDun Morogh|n|cFFFFD200Cost: |r1|TINTERFACE\MONEYFRAME\UI-GOLDICON.BLP:0|t
present,,,,1,25,Brown Ram,6899,,,2,0,|cFFFFD200Vendor: |rVeron Amberstill|n|cFFFFD200Zone: |rDun Morogh|n|cFFFFD200Cost: |r1|TINTERFACE\MONEYFRAME\UI-GOLDICON.BLP:0|t
present,,,,1,26,Striped Frostsaber,8394,,,2,0,|cFFFFD200Vendor: |rLelanai|n|cFFFFD200Zone: |rDarnassus|n|cFFFFD200Cost: |r1|TINTERFACE\MONEYFRAME\UI-GOLDICON.BLP:0|t
present,,,,1,27,Emerald Raptor,8395,,,2,0,|cFFFFD200Vendor: |rZjolnir|n|cFFFFD200Zone: |rDurotar|n|cFFFFD200Cost: |r1|TINTERFACE\MONEYFRAME\UI-GOLDICON.BLP:0|t
present,,,,1,28,Skeletal Horse,8980,,,2,64,|cFFFFD200Legacy|r
present,,,,1,31,Spotted Frostsaber,10789,,,2,0,|cFFFFD200Vendor: |rLelanai|n|cFFFFD200Zone: |rDarnassus|n|cFFFFD200Cost: |r1|TINTERFACE\MONEYFRAME\UI-GOLDICON.BLP:0|t|n
present,,,,1,32,Tiger,10790,,,5,64,|cFFFFD200Legacy|r
present,,,,1,34,Striped Nightsaber,10793,,,2,0,|cFFFFD200Vendor: |rLelanai|n|cFFFFD200Zone: |rDarnassus|n|cFFFFD200Cost: |r1|TINTERFACE\MONEYFRAME\UI-GOLDICON.BLP:0|t
present,,,,1,35,Ivory Raptor,10795,,,2,64,|cFFFFD200Legacy|r
present,,,,1,36,Turquoise Raptor,10796,,,2,0,|cFFFFD200Vendor: |rZjolnir|n|cFFFFD200Zone: |rDurotar|n|cFFFFD200Cost: |r1|TINTERFACE\MONEYFRAME\UI-GOLDICON.BLP:0|t
present,,,,1,38,Violet Raptor,10799,,,2,0,|cFFFFD200Vendor: |rZjolnir|n|cFFFFD200Zone: |rDurotar|n|cFFFFD200Cost: |r1|TINTERFACE\MONEYFRAME\UI-GOLDICON.BLP:0|t
present,,,,1,39,Red Mechanostrider,10873,,,2,0,|cFFFFD200Vendor: |rMilli Featherwhistle|n|cFFFFD200Zone: |rDun Morogh|n|cFFFFD200Cost: |r1|TINTERFACE\MONEYFRAME\UI-GOLDICON.BLP:0|t
present,,,,1,40,Blue Mechanostrider,10969,,,2,0,|cFFFFD200Vendor: |rMilli Featherwhistle|n|cFFFFD200Zone: |rDun Morogh|n|cFFFFD200Cost: |r1|TINTERFACE\MONEYFRAME\UI-GOLDICON.BLP:0|t
present,,,,1,41,Warhorse,13819,,,1,4,|cFFFFD200Paladin|r|n
present,,,,1,42,White Mechanostrider Mod B,15779,,,2,64,|cFFFFD200Legacy|r
present,,,,1,43,Green Mechanostrider,15780,,,2,64,|cFFFFD200Vendor: |rMilli Featherwhistle|n|cFFFFD200Zone: |rDun Morogh|n|cFFFFD200Cost: |r1|TINTERFACE\MONEYFRAME\UI-GOLDICON.BLP:0|t
present,,,,1,45,Black Nightsaber,16055,,,2,64,|cFFFFD200Legacy|r
present,,,,1,46,Ancient Frostsaber,16056,,,2,64,|cFFFFD200Legacy|r
present,,,,1,50,Red Wolf,16080,,,2,64,|cFFFFD200Legacy|r
present,,,,1,51,Arctic Wolf,16081,,,0,64,|cFFFFD200Legacy|r
present,,,,1,52,Palomino,16082,,,2,64,|cFFFFD200Legacy|r
present,,,,1,53,White Stallion,16083,,,2,64,|cFFFFD200Legacy|r
present,,,,1,54,Mottled Red Raptor,16084,,,2,64,|cFFFFD200Legacy|r
present,,,,1,55,Winterspring Frostsaber,17229,,,1,4,|cFFFFD200Quest: |rThey Grow Up So Fast|n|cFFFFD200Zone: |rWinterspring
present,,,,1,56,Ivory Raptor,17450,,,2,64,|cFFFFD200Legacy|r
present,,,,1,57,Green Mechanostrider,17453,,,2,0,|cFFFFD200Vendor: |rMilli Featherwhistle|n|cFFFFD200Zone: |rDun Morogh|n|cFFFFD200Cost: |r1|TINTERFACE\MONEYFRAME\UI-GOLDICON.BLP:0|t
present,,,,1,58,Unpainted Mechanostrider,17454,,,2,0,|cFFFFD200Vendor: |rMilli Featherwhistle|n|cFFFFD200Zone: |rDun Morogh|n|cFFFFD200Cost: |r1|TINTERFACE\MONEYFRAME\UI-GOLDICON.BLP:0|t
present,,,,1,62,Icy Blue Mechanostrider Mod A,17459,,,2,64,|cFFFFD200Legacy|r
present,,,,1,63,Frost Ram,17460,,,2,64,|cFFFFD200Legacy|r
present,,,,1,64,Black Ram,17461,,,2,64,|cFFFFD200Legacy|r
present,,,,1,65,Red Skeletal Horse,17462,,,2,0,|cFFFFD200Vendor: |rZachariah Post|n|cFFFFD200Zone: |rTirisfal Glades|n|cFFFFD200Cost: |r1|TINTERFACE\MONEYFRAME\UI-GOLDICON.BLP:0|t
present,,,,1,66,Blue Skeletal Horse,17463,,,2,0,|cFFFFD200Vendor: |rZachariah Post|n|cFFFFD200Zone: |rTirisfal Glades|n|cFFFFD200Cost: |r1|TINTERFACE\MONEYFRAME\UI-GOLDICON.BLP:0|t
present,,,,1,67,Brown Skeletal Horse,17464,,,2,0,|cFFFFD200Vendor: |rZachariah Post|n|cFFFFD200Zone: |rTirisfal Glades|n|cFFFFD200Cost: |r1|TINTERFACE\MONEYFRAME\UI-GOLDICON.BLP:0|t
present,,,,1,68,Green Skeletal Warhorse,17465,,,2,0,|cFFFFD200Vendor: |rZachariah Post|n|cFFFFD200Zone: |rTirisfal Glades|n|cFFFFD200Cost: |r10|TINTERFACE\MONEYFRAME\UI-GOLDICON.BLP:0|t
present,,,,1,69,Rivendare's Deathcharger,17481,,,0,0,|cFFFFD200Drop:|r Lord Aurius Rivendare|n|cFFFFD200Location:|r Stratholme
present,,,,1,70,Riding Kodo,18363,,,2,64,|cFFFFD200Legacy|r
present,,,,1,71,Gray Kodo,18989,,,2,0,|cFFFFD200Vendor: |rHarb Clawhoof|n|cFFFFD200Zone: |rMulgore|n|cFFFFD200Cost: |r1|TINTERFACE\MONEYFRAME\UI-GOLDICON.BLP:0|t
present,,,,1,993,Squawks,254811,,,0,0,|cFFFFD200Drop:|r Island Expeditions|n
present,,,,1,72,Brown Kodo,18990,,,2,0,|cFFFFD200Vendor: |rHarb Clawhoof|n|cFFFFD200Zone: |rMulgore|n|cFFFFD200Cost: |r1|TINTERFACE\MONEYFRAME\UI-GOLDICON.BLP:0|t
present,,,,1,73,Green Kodo,18991,,,2,64,|cFFFFD200Legacy|r
present,,,,1,74,Teal Kodo,18992,,,2,64,|cFFFFD200Legacy|r
present,,,,1,75,Black War Steed,22717,,,2,0,|cFFFFD200Vendor: |rLieutenant Karter|n|cFFFFD200Zone: |rStormwind City|n|cFFFFD200Cost: |r15|Hitem:137642|h|TInterface\ICONS\Ability_PVP_GladiatorMedallion.BLP:0|t|h
present,,,,1,76,Black War Kodo,22718,,,2,0,|cFFFFD200Vendor: |rRaider Bork|n|cFFFFD200Zone: |rOrgrimmar|n|cFFFFD200Cost: |r15|Hitem:137642|h|TInterface\ICONS\Ability_PVP_GladiatorMedallion.BLP:0|t|h
present,,,,1,77,Black Battlestrider,22719,,,2,0,|cFFFFD200Vendor: |rLieutenant Karter|n|cFFFFD200Zone: |rStormwind City|n|cFFFFD200Cost: |r15|Hitem:137642|h|TInterface\ICONS\Ability_PVP_GladiatorMedallion.BLP:0|t|h
present,,,,1,78,Black War Ram,22720,,,2,0,|cFFFFD200Vendor: |rLieutenant Karter|n|cFFFFD200Zone: |rStormwind City|n|cFFFFD200Cost: |r15|Hitem:137642|h|TInterface\ICONS\Ability_PVP_GladiatorMedallion.BLP:0|t|h
present,,,,1,79,Black War Raptor,22721,,,2,0,|cFFFFD200Vendor: |rRaider Bork|n|cFFFFD200Zone: |rOrgrimmar|n|cFFFFD200Cost: |r15|Hitem:137642|h|TInterface\ICONS\Ability_PVP_GladiatorMedallion.BLP:0|t|h
present,,,,1,80,Red Skeletal Warhorse,22722,,,2,0,|cFFFFD200Vendor: |rRaider Bork|n|cFFFFD200Zone: |rOrgrimmar|n|cFFFFD200Cost: |r15|Hitem:137642|h|TInterface\ICONS\Ability_PVP_GladiatorMedallion.BLP:0|t|h
present,,,,1,81,Black War Tiger,22723,,,2,0,|cFFFFD200Vendor: |rLieutenant Karter|n|cFFFFD200Zone: |rStormwind City|n|cFFFFD200Cost: |r15|Hitem:137642|h|TInterface\ICONS\Ability_PVP_GladiatorMedallion.BLP:0|t|h
present,,,,1,82,Black War Wolf,22724,,,2,0,|cFFFFD200Vendor: |rRaider Bork|n|cFFFFD200Zone: |rOrgrimmar|n|cFFFFD200Cost: |r15|Hitem:137642|h|TInterface\ICONS\Ability_PVP_GladiatorMedallion.BLP:0|t|h
present,,,,1,83,Dreadsteed,23161,,,1,0,|cFFFFD200Class: |rWarlock
present,,,,1,84,Charger,23214,,,1,4,|cFFFFD200Paladin|r
present,,,,1,85,Swift Mistsaber,23219,,,2,0,|cFFFFD200Vendor: |rLelanai|n|cFFFFD200Zone: |rDarnassus|n|cFFFFD200Cost: |r10|TINTERFACE\MONEYFRAME\UI-GOLDICON.BLP:0|t
present,,,,1,87,Swift Frostsaber,23221,,,2,0,|cFFFFD200Vendor:|r Lelanai|n|cFFFFD200Location:|r Darnassus|n|cFFFFD200Cost: |r10|TINTERFACE\MONEYFRAME\UI-GOLDICON.BLP:0|t
present,,,,1,88,Swift Yellow Mechanostrider,23222,,,2,0,|cFFFFD200Vendor: |rMilli Featherwhistle|n|cFFFFD200Zone: |rDun Morogh|n|cFFFFD200Cost: |r10|TINTERFACE\MONEYFRAME\UI-GOLDICON.BLP:0|t
present,,,,1,89,Swift White Mechanostrider,23223,,,2,0,|cFFFFD200Vendor: |rMilli Featherwhistle|n|cFFFFD200Zone: |rDun Morogh|n|cFFFFD200Cost: |r10|TINTERFACE\MONEYFRAME\UI-GOLDICON.BLP:0|t
present,,,,1,90,Swift Green Mechanostrider,23225,,,2,0,|cFFFFD200Vendor: |rMilli Featherwhistle|n|cFFFFD200Zone: |rDun Morogh|n|cFFFFD200Cost: |r10|TINTERFACE\MONEYFRAME\UI-GOLDICON.BLP:0|t
present,,,,1,91,Swift Palomino,23227,,,2,0,|cFFFFD200Vendor: |rKatie Stokx|n|cFFFFD200Zone: |rStormwind City|n|cFFFFD200Cost: |r10|TINTERFACE\MONEYFRAME\UI-GOLDICON.BLP:0|t
present,,,,1,92,Swift White Steed,23228,,,2,0,|cFFFFD200Vendor: |rKatie Stokx|n|cFFFFD200Zone: |rStormwind City|n|cFFFFD200Cost: |r10|TINTERFACE\MONEYFRAME\UI-GOLDICON.BLP:0|t
present,,,,1,93,Swift Brown Steed,23229,,,2,0,|cFFFFD200Vendor: |rKatie Stokx|n|cFFFFD200Zone: |rStormwind City|n|cFFFFD200Cost: |r1|TINTERFACE\MONEYFRAME\UI-GOLDICON.BLP:0|t
present,,,,1,94,Swift Brown Ram,23238,,,2,0,|cFFFFD200Vendor: |rVeron Amberstill|n|cFFFFD200Zone: |rDun Morogh|n|cFFFFD200Cost: |r10|TINTERFACE\MONEYFRAME\UI-GOLDICON.BLP:0|t
present,,,,1,169,Swift Nether Drake,37015,,,5,192,|cFFFFD200Legacy|r
present,,,,1,95,Swift Gray Ram,23239,,,2,0,|cFFFFD200Vendor: |rVeron Amberstill|n|cFFFFD200Zone: |rDun Morogh|n|cFFFFD200Cost: |r10|TINTERFACE\MONEYFRAME\UI-GOLDICON.BLP:0|t
present,,,,1,96,Swift White Ram,23240,,,2,0,|cFFFFD200Vendor: |rVeron Amberstill|n|cFFFFD200Zone: |rDun Morogh|n|cFFFFD200Cost: |r10|TINTERFACE\MONEYFRAME\UI-GOLDICON.BLP:0|t|n
present,,,,1,97,Swift Blue Raptor,23241,,,2,0,|cFFFFD200Vendor: |rZjolnir|n|cFFFFD200Zone: |rDurotar|n|cFFFFD200Cost: |r10|TINTERFACE\MONEYFRAME\UI-GOLDICON.BLP:0|t
present,,,,1,98,Swift Olive Raptor,23242,,,2,0,|cFFFFD200Vendor: |rZjolnir|n|cFFFFD200Zone: |rDurotar|n|cFFFFD200Cost: |r10|TINTERFACE\MONEYFRAME\UI-GOLDICON.BLP:0|t
present,,,,1,99,Swift Orange Raptor,23243,,,2,0,|cFFFFD200Vendor: |rZjolnir|n|cFFFFD200Zone: |rDurotar|n|cFFFFD200Cost: |r10|TINTERFACE\MONEYFRAME\UI-GOLDICON.BLP:0|t
present,,,,1,100,Purple Skeletal Warhorse,23246,,,2,0,|cFFFFD200Vendor: |rZachariah Post|n|cFFFFD200Zone: |rTirisfal Glades|n|cFFFFD200Cost: |r10|TINTERFACE\MONEYFRAME\UI-GOLDICON.BLP:0|t
present,,,,1,101,Great White Kodo,23247,,,2,0,|cFFFFD200Vendor: |rHarb Clawhoof|n|cFFFFD200Zone: |rMulgore|n|cFFFFD200Cost: |r10|TINTERFACE\MONEYFRAME\UI-GOLDICON.BLP:0|t
present,,,,1,102,Great Gray Kodo,23248,,,2,0,|cFFFFD200Vendor: |rHarb Clawhoof|n|cFFFFD200Zone: |rMulgore|n|cFFFFD200Cost: |r10|TINTERFACE\MONEYFRAME\UI-GOLDICON.BLP:0|t
present,,,,1,103,Great Brown Kodo,23249,,,2,0,|cFFFFD200Vendor:|r Harb Clawhoof|n|cFFFFD200Location:|r Mulgore|n|cFFFFD200Cost: |r10|TINTERFACE\MONEYFRAME\UI-GOLDICON.BLP:0|t
present,,,,1,104,Swift Brown Wolf,23250,,,2,0,|cFFFFD200Vendor: |rOgunaro Wolfrunner|n|cFFFFD200Zone: |rOrgrimmar|n|cFFFFD200Cost: |r1|TINTERFACE\MONEYFRAME\UI-GOLDICON.BLP:0|t
present,,,,1,105,Swift Timber Wolf,23251,,,2,0,|cFFFFD200Vendor: |rOgunaro Wolfrunner|n|cFFFFD200Zone: |rOrgrimmar|n|cFFFFD200Cost: |r10|TINTERFACE\MONEYFRAME\UI-GOLDICON.BLP:0|t
present,,,,1,106,Swift Gray Wolf,23252,,,2,0,|cFFFFD200Vendor: |rOgunaro Wolfrunner|n|cFFFFD200Zone: |rOrgrimmar|n|cFFFFD200Cost: |r10|TINTERFACE\MONEYFRAME\UI-GOLDICON.BLP:0|t
present,,,,1,107,Swift Stormsaber,23338,,,2,0,|cFFFFD200Vendor: |rLelanai|n|cFFFFD200Zone: |rDarnassus|n|cFFFFD200Cost: |r10|TINTERFACE\MONEYFRAME\UI-GOLDICON.BLP:0|t
present,,,,1,108,Frostwolf Howler,23509,,,2,4,|cFFFFD200Vendor: |rJorek Ironside|n|cFFFFD200Zone: |rHillsbrad Foothills|n|cFFFFD200Cost: |r2000|TINTERFACE\PVPFRAME\PVPCurrency-Honor-Horde.blp:0|t|n|n
present,,,,1,109,Stormpike Battle Charger,23510,,,2,4,|cFFFFD200Vendor: |rThanthaldis Snowgleam|n|cFFFFD200Zone: |rHillsbrad Foothills|n|cFFFFD200Cost: |r2000|TINTERFACE\PVPFRAME\PVPCurrency-Honor-Alliance.blp:0|t
present,,,,1,110,Swift Razzashi Raptor,24242,,,0,64,|cFFFFD200Drop: |rBloodlord Mandokir|n|cFFFFD200Location: |rZul'Gurub
present,,,,1,111,Swift Zulian Tiger,24252,,,0,64,|cFFFFD200Legacy|r
present,,,,1,116,Black Qiraji Battle Tank,25863,,,0,64,|cFFFFD200Legacy|r
present,,,,1,117,Blue Qiraji Battle Tank,25953,,,0,0,|cFFFFD200Drop: |rWorld Drop|n|cFFFFD200Location: |rTemple of Ahn'Qiraj
present,,,,1,118,Red Qiraji Battle Tank,26054,,,0,0,|cFFFFD200Drop: |rWorld Drop|n|cFFFFD200Location: |rTemple of Ahn'Qiraj
present,,,,1,119,Yellow Qiraji Battle Tank,26055,,,0,0,|cFFFFD200Drop: |rWorld Drop|n|cFFFFD200Location: |rTemple of Ahn'Qiraj
present,,,,1,120,Green Qiraji Battle Tank,26056,,,0,0,|cFFFFD200Drop: |rWorld Drop|n|cFFFFD200Location: |rTemple of Ahn'Qiraj
present,,,,1,121,Black Qiraji Battle Tank,26655,,,0,64,|cFFFFD200Legacy|r
present,,,,1,122,Black Qiraji Battle Tank,26656,,,0,64,|cFFFFD200Drop: |rWorld Drop|n|cFFFFD200Location: |rTemple of Ahn'Qiraj
present,,,,1,123,Nether Drake,28828,,,2,192,"|cFFFFD200Vendor: |rDrake Dealer Hurlunk|n|cFFFFD200Zone: |rShadowmoon Valley, Outland|n|cFFFFD200Cost: |r200|TINTERFACE\MONEYFRAME\UI-GOLDICON.BLP:0|t"
present,,,,1,125,Riding Turtle,30174,,,8,2192,|cFFFFD200Vendor: |rLandro Longshot|n|cFFFFD200Location:|r Booty Bay
present,,,,1,129,Golden Gryphon,32235,,,2,132,|cFFFFD200Vendor: |rTannec Stonebeak|n|cFFFFD200Zone: |rStormwind City|n|cFFFFD200Cost: |r50|TINTERFACE\MONEYFRAME\UI-GOLDICON.BLP:0|t
present,,,,1,130,Ebon Gryphon,32239,,,2,132,|cFFFFD200Vendor: |rTannec Stonebeak|n|cFFFFD200Zone: |rStormwind City|n|cFFFFD200Cost: |r50|TINTERFACE\MONEYFRAME\UI-GOLDICON.BLP:0|t
present,,,,1,131,Snowy Gryphon,32240,,,2,132,|cFFFFD200Vendor: |rTannec Stonebeak|n|cFFFFD200Zone: |rStormwind City|n|cFFFFD200Cost: |r50|TINTERFACE\MONEYFRAME\UI-GOLDICON.BLP:0|t
present,,,,1,132,Swift Blue Gryphon,32242,,,2,132,|cFFFFD200Vendor: |rTannec Stonebeak|n|cFFFFD200Zone: |rStormwind City|n|cFFFFD200Cost: |r50|TINTERFACE\MONEYFRAME\UI-GOLDICON.BLP:0|t
present,,,,1,133,Tawny Wind Rider,32243,,,2,132,|cFFFFD200Vendor: |rDrakma|n|cFFFFD200Zone: |rOrgrimmar|n|cFFFFD200Cost: |r50|TINTERFACE\MONEYFRAME\UI-GOLDICON.BLP:0|t
present,,,,1,134,Blue Wind Rider,32244,,,2,132,|cFFFFD200Vendor: |rDrakma|n|cFFFFD200Zone: |rOrgrimmar|n|cFFFFD200Cost: |r50|TINTERFACE\MONEYFRAME\UI-GOLDICON.BLP:0|t
present,,,,1,135,Green Wind Rider,32245,,,0,132,|cFFFFD200Vendor: |rDrakma|n|cFFFFD200Zone: |rOrgrimmar|n|cFFFFD200Cost: |r50|TINTERFACE\MONEYFRAME\UI-GOLDICON.BLP:0|t
present,,,,1,136,Swift Red Wind Rider,32246,,,2,132,|cFFFFD200Vendor: |rDrakma|n|cFFFFD200Zone: |rOrgrimmar|n|cFFFFD200Cost: |r100|TINTERFACE\MONEYFRAME\UI-GOLDICON.BLP:0|t
present,,,,1,137,Swift Red Gryphon,32289,,,2,132,|cFFFFD200Vendor: |rTannec Stonebeak|n|cFFFFD200Zone: |rStormwind City|n|cFFFFD200Cost: |r50|TINTERFACE\MONEYFRAME\UI-GOLDICON.BLP:0|t
present,,,,1,138,Swift Green Gryphon,32290,,,2,132,|cFFFFD200Vendor: |rTannec Stonebeak|n|cFFFFD200Zone: |rStormwind City|n|cFFFFD200Cost: |r50|TINTERFACE\MONEYFRAME\UI-GOLDICON.BLP:0|t
present,,,,1,139,Swift Purple Gryphon,32292,,,2,132,|cFFFFD200Vendor: |rTannec Stonebeak|n|cFFFFD200Zone: |rStormwind City|n|cFFFFD200Cost: |r50|TINTERFACE\MONEYFRAME\UI-GOLDICON.BLP:0|t
present,,,,1,140,Swift Green Wind Rider,32295,,,2,132,|cFFFFD200Vendor: |rDrakma|n|cFFFFD200Zone: |rOrgrimmar|n|cFFFFD200Cost: |r100|TINTERFACE\MONEYFRAME\UI-GOLDICON.BLP:0|t
present,,,,1,141,Swift Yellow Wind Rider,32296,,,2,132,|cFFFFD200Vendor: |rDrakma|n|cFFFFD200Zone: |rOrgrimmar|n|cFFFFD200Cost: |r100|TINTERFACE\MONEYFRAME\UI-GOLDICON.BLP:0|t
present,,,,1,142,Swift Purple Wind Rider,32297,,,2,196,|cFFFFD200Vendor: |rDrakma|n|cFFFFD200Zone: |rOrgrimmar|n|cFFFFD200Cost: |r100|TINTERFACE\MONEYFRAME\UI-GOLDICON.BLP:0|t
present,,,,1,145,Blue Mechanostrider,33630,,,2,64,|cFFFFD200Vendor: |rMilli Featherwhistle|n|cFFFFD200Zone: |rDun Morogh|n|cFFFFD200Cost: |r1|TINTERFACE\MONEYFRAME\UI-GOLDICON.BLP:0|t
present,,,,1,146,Swift Pink Hawkstrider,33660,,,2,0,|cFFFFD200Vendor: |rWinaestra|n|cFFFFD200Zone: |rEversong Woods (Burning Crusade)|n|cFFFFD200Cost: |r10|TINTERFACE\MONEYFRAME\UI-GOLDICON.BLP:0|t
present,,,,1,147,Brown Elekk,34406,,,2,0,|cFFFFD200Vendor: |rTorallius the Pack Handler|n|cFFFFD200Zone: |rAzuremyst Isle|n|cFFFFD200Cost: |r1|TINTERFACE\MONEYFRAME\UI-GOLDICON.BLP:0|t
present,,,,1,149,Thalassian Charger,34767,,,1,4,|cFFFFD200Paladin|r
present,,,,1,150,Thalassian Warhorse,34769,,,1,4,|cFFFFD200Paladin|r
present,,,,1,196,Spectral Tiger,42776,,,8,64,|cFFFFD200Vendor: |rLandro Longshot|n|cFFFFD200Location:|r Booty Bay
present,,,,1,151,Dark War Talbuk,34790,,,2,0,"|cFFFFD200Vendor: |rAldraan (Alliance)|n|cFFFFD200Zone: |rNagrand, Outland|n|cFFFFD200Cost: |r100|Hitem:26045|h|TINTERFACE\ICONS\INV_MISC_RUNE_08.BLP:0|t|h20|Hitem:26044|h|TINTERFACE\ICONS\INV_MISC_RUNE_09.BLP:0|t|h|n|n|cFFFFD200Vendor: |rCoreiel (Horde)|n|cFFFFD200Zone: |rNagrand, Outland|n|cFFFFD200Cost: |r100|Hitem:26045|h|TINTERFACE\ICONS\INV_MISC_RUNE_08.BLP:0|t|h20|Hitem:26044|h|TINTERFACE\ICONS\INV_MISC_RUNE_09.BLP:0|t|h"
present,,,,1,152,Red Hawkstrider,34795,,,2,0,|cFFFFD200Vendor: |rWinaestra|n|cFFFFD200Zone: |rEversong Woods (Burning Crusade)|n|cFFFFD200Cost: |r1|TINTERFACE\MONEYFRAME\UI-GOLDICON.BLP:0|t
present,,,,1,153,Cobalt War Talbuk,34896,,,2,0,"|cFFFFD200Vendor: |rProvisioner Nasela|n|cFFFFD200Zone: |rNagrand, Outland|n|cFFFFD200Faction: |rThe Mag'har - Exalted|n|cFFFFD200Cost: |r100|TINTERFACE\MONEYFRAME\UI-GOLDICON.BLP:0|t|n|n|cFFFFD200Vendor: |rTrader Narasu|n|cFFFFD200Zone: |rNagrand, Outland|n|cFFFFD200Faction: |rThe Kurenai - Exalted|n|cFFFFD200Cost: |r100|TINTERFACE\MONEYFRAME\UI-GOLDICON.BLP:0|t"
present,,,,1,154,White War Talbuk,34897,,,2,0,"|cFFFFD200Vendor: |rProvisioner Nasela|n|cFFFFD200Zone: |rNagrand, Outland|n|cFFFFD200Faction: |rThe Mag'har - Exalted|n|cFFFFD200Cost: |r100|TINTERFACE\MONEYFRAME\UI-GOLDICON.BLP:0|t|n|n|cFFFFD200Vendor: |rTrader Narasu|n|cFFFFD200Zone: |rNagrand, Outland|n|cFFFFD200Faction: |rThe Kurenai - Exalted|n|cFFFFD200Cost: |r100|TINTERFACE\MONEYFRAME\UI-GOLDICON.BLP:0|t"
present,,,,1,155,Silver War Talbuk,34898,,,2,0,"|cFFFFD200Vendor: |rProvisioner Nasela|n|cFFFFD200Zone: |rNagrand, Outland|n|cFFFFD200Faction: |rThe Mag'har - Exalted|n|cFFFFD200Cost: |r100|TINTERFACE\MONEYFRAME\UI-GOLDICON.BLP:0|t|n|n|cFFFFD200Vendor: |rTrader Narasu|n|cFFFFD200Zone: |rNagrand, Outland|n|cFFFFD200Faction: |rThe Kurenai - Exalted|n|cFFFFD200Cost: |r100|TINTERFACE\MONEYFRAME\UI-GOLDICON.BLP:0|t"
present,,,,1,156,Tan War Talbuk,34899,,,2,0,"|cFFFFD200Vendor: |rProvisioner Nasela|n|cFFFFD200Zone: |rNagrand, Outland|n|cFFFFD200Faction: |rThe Mag'har - Exalted|n|cFFFFD200Cost: |r100|TINTERFACE\MONEYFRAME\UI-GOLDICON.BLP:0|t|n|n|cFFFFD200Vendor: |rTrader Narasu|n|cFFFFD200Zone: |rNagrand, Outland|n|cFFFFD200Faction: |rThe Kurenai - Exalted|n|cFFFFD200Cost: |r100|TINTERFACE\MONEYFRAME\UI-GOLDICON.BLP:0|t"
present,,,,1,157,Purple Hawkstrider,35018,,,2,0,|cFFFFD200Vendor: |rWinaestra|n|cFFFFD200Zone: |rEversong Woods (Burning Crusade)|n|cFFFFD200Cost: |r1|TINTERFACE\MONEYFRAME\UI-GOLDICON.BLP:0|t
present,,,,1,158,Blue Hawkstrider,35020,,,2,0,|cFFFFD200Vendor: |rWinaestra|n|cFFFFD200Zone: |rEversong Woods (Burning Crusade)|n|cFFFFD200Cost: |r1|TINTERFACE\MONEYFRAME\UI-GOLDICON.BLP:0|t
present,,,,1,159,Black Hawkstrider,35022,,,2,0,|cFFFFD200Vendor: |rWinaestra|n|cFFFFD200Zone: |rEversong Woods (Burning Crusade)|n|cFFFFD200Cost: |r1|TINTERFACE\MONEYFRAME\UI-GOLDICON.BLP:0|t
present,,,,1,160,Swift Green Hawkstrider,35025,,,2,0,|cFFFFD200Vendor: |rWinaestra|n|cFFFFD200Zone: |rEversong Woods (Burning Crusade)|n|cFFFFD200Cost: |r10|TINTERFACE\MONEYFRAME\UI-GOLDICON.BLP:0|t
present,,,,1,161,Swift Purple Hawkstrider,35027,,,2,0,|cFFFFD200Vendor: |rWinaestra|n|cFFFFD200Zone: |rEversong Woods (Burning Crusade)|n|cFFFFD200Cost: |r10|TINTERFACE\MONEYFRAME\UI-GOLDICON.BLP:0|t
present,,,,1,162,Swift Warstrider,35028,,,2,0,|cFFFFD200Vendor: |rRaider Bork|n|cFFFFD200Zone: |rOrgrimmar|n|cFFFFD200Cost: |r15|Hitem:137642|h|TInterface\ICONS\Ability_PVP_GladiatorMedallion.BLP:0|t|h
present,,,,1,163,Gray Elekk,35710,,,2,0,|cFFFFD200Vendor: |rTorallius the Pack Handler|n|cFFFFD200Zone: |rAzuremyst Isle|n|cFFFFD200Cost: |r1|TINTERFACE\MONEYFRAME\UI-GOLDICON.BLP:0|t
present,,,,1,164,Purple Elekk,35711,,,2,0,|cFFFFD200Vendor: |rTorallius the Pack Handler|n|cFFFFD200Zone: |rAzuremyst Isle|n|cFFFFD200Cost: |r1|TINTERFACE\MONEYFRAME\UI-GOLDICON.BLP:0|t
present,,,,1,165,Great Green Elekk,35712,,,2,0,|cFFFFD200Vendor: |rTorallius the Pack Handler|n|cFFFFD200Zone: |rAzuremyst Isle|n|cFFFFD200Cost: |r10|TINTERFACE\MONEYFRAME\UI-GOLDICON.BLP:0|t
present,,,,1,166,Great Blue Elekk,35713,,,2,0,|cFFFFD200Vendor: |rTorallius the Pack Handler|n|cFFFFD200Zone: |rAzuremyst Isle|n|cFFFFD200Cost: |r10|TINTERFACE\MONEYFRAME\UI-GOLDICON.BLP:0|t
present,,,,1,167,Great Purple Elekk,35714,,,2,0,|cFFFFD200Vendor: |rTorallius the Pack Handler|n|cFFFFD200Zone: |rAzuremyst Isle|n|cFFFFD200Cost: |r10|TINTERFACE\MONEYFRAME\UI-GOLDICON.BLP:0|t
present,,,,1,168,Fiery Warhorse,36702,,,0,0,|cFFFFD200Drop: |rAttumen the Huntsman|n|cFFFFD200Location:|r Karazhan
present,,,,1,170,Cobalt Riding Talbuk,39315,,,2,0,"|cFFFFD200Vendor: |rProvisioner Nasela|n|cFFFFD200Zone: |rNagrand, Outland|n|cFFFFD200Faction: |rThe Mag'har - Exalted|n|cFFFFD200Cost: |r70|TINTERFACE\MONEYFRAME\UI-GOLDICON.BLP:0|t|n|n|cFFFFD200Vendor: |rTrader Narasu|n|cFFFFD200Zone: |rNagrand, Outland|n|cFFFFD200Faction: |rThe Kurenai - Exalted|n|cFFFFD200Cost: |r70|TINTERFACE\MONEYFRAME\UI-GOLDICON.BLP:0|t"
present,,,,1,171,Dark Riding Talbuk,39316,,,2,0,"|cFFFFD200Vendor: |rAldraan (Alliance)|n|cFFFFD200Zone: |rNagrand, Outland|n|cFFFFD200Cost: |r70|Hitem:26045|h|TINTERFACE\ICONS\INV_MISC_RUNE_08.BLP:0|t|h15|Hitem:26044|h|TINTERFACE\ICONS\INV_MISC_RUNE_09.BLP:0|t|h|n|n|cFFFFD200Vendor: |rCoreiel (Horde)|n|cFFFFD200Zone: |rNagrand, Outland|n|cFFFFD200Cost: |r70|Hitem:26045|h|TINTERFACE\ICONS\INV_MISC_RUNE_08.BLP:0|t|h15|Hitem:26044|h|TINTERFACE\ICONS\INV_MISC_RUNE_09.BLP:0|t|h"
present,,,,1,172,Silver Riding Talbuk,39317,,,2,0,"|cFFFFD200Vendor: |rProvisioner Nasela|n|cFFFFD200Zone: |rNagrand, Outland|n|cFFFFD200Faction: |rThe Mag'har - Exalted|n|cFFFFD200Cost: |r70|TINTERFACE\MONEYFRAME\UI-GOLDICON.BLP:0|t|n|n|cFFFFD200Vendor: |rTrader Narasu|n|cFFFFD200Zone: |rNagrand, Outland|n|cFFFFD200Faction: |rThe Kurenai - Exalted|n|cFFFFD200Cost: |r70|TINTERFACE\MONEYFRAME\UI-GOLDICON.BLP:0|t"
present,,,,1,173,Tan Riding Talbuk,39318,,,2,0,"|cFFFFD200Vendor: |rProvisioner Nasela|n|cFFFFD200Zone: |rNagrand, Outland|n|cFFFFD200Faction: |rThe Mag'har - Exalted|n|cFFFFD200Cost: |r70|TINTERFACE\MONEYFRAME\UI-GOLDICON.BLP:0|t|n|n|cFFFFD200Vendor: |rTrader Narasu|n|cFFFFD200Zone: |rNagrand, Outland|n|cFFFFD200Faction: |rThe Kurenai - Exalted|n|cFFFFD200Cost: |r70|TINTERFACE\MONEYFRAME\UI-GOLDICON.BLP:0|t"
present,,,,1,174,White Riding Talbuk,39319,,,2,0,"|cFFFFD200Vendor: |rProvisioner Nasela|n|cFFFFD200Zone: |rNagrand, Outland|n|cFFFFD200Faction: |rThe Mag'har - Exalted|n|cFFFFD200Cost: |r70|TINTERFACE\MONEYFRAME\UI-GOLDICON.BLP:0|t|n|n|cFFFFD200Vendor: |rTrader Narasu|n|cFFFFD200Zone: |rNagrand, Outland|n|cFFFFD200Faction: |rThe Kurenai - Exalted|n|cFFFFD200Cost: |r70|TINTERFACE\MONEYFRAME\UI-GOLDICON.BLP:0|t"
present,,,,1,176,Green Riding Nether Ray,39798,,,2,0,"|cFFFFD200Vendor: |rGrella|n|cFFFFD200Zone: |rTerokkar Forest, Outland|n|cFFFFD200Faction: |rSha'tari Skyguard - Exalted|n|cFFFFD200Cost: |r200|TINTERFACE\MONEYFRAME\UI-GOLDICON.BLP:0|t"
present,,,,1,177,Red Riding Nether Ray,39800,,,2,0,"|cFFFFD200Vendor: |rGrella|n|cFFFFD200Zone: |rTerokkar Forest, Outland|n|cFFFFD200Faction: |rSha'tari Skyguard - Exalted|n|cFFFFD200Cost: |r200|TINTERFACE\MONEYFRAME\UI-GOLDICON.BLP:0|t"
present,,,,1,178,Purple Riding Nether Ray,39801,,,2,0,"|cFFFFD200Vendor: |rGrella|n|cFFFFD200Zone: |rTerokkar Forest, Outland|n|cFFFFD200Faction: |rSha'tari Skyguard - Exalted|n|cFFFFD200Cost: |r200|TINTERFACE\MONEYFRAME\UI-GOLDICON.BLP:0|t"
present,,,,1,179,Silver Riding Nether Ray,39802,,,2,0,"|cFFFFD200Vendor: |rGrella|n|cFFFFD200Zone: |rTerokkar Forest, Outland|n|cFFFFD200Faction: |rSha'tari Skyguard - Exalted|n|cFFFFD200Cost: |r200|TINTERFACE\MONEYFRAME\UI-GOLDICON.BLP:0|t"
present,,,,1,180,Blue Riding Nether Ray,39803,,,2,128,"|cFFFFD200Vendor: |rGrella|n|cFFFFD200Zone: |rTerokkar Forest, Outland|n|cFFFFD200Faction: |rSha'tari Skyguard - Exalted|n|cFFFFD200Cost: |r200|TINTERFACE\MONEYFRAME\UI-GOLDICON.BLP:0|t"
present,,,,1,183,Ashes of Al'ar,40192,,,0,128,"|cFFFFD200Drop: |rKael'thas Sunstrider|n|cFFFFD200Location: |rThe Eye, Tempest Keep"
present,,,,1,185,Raven Lord,41252,,,0,0,|cFFFFD200Drop:|r Anzu|n|cFFFFD200Zone: |rSethekk Halls (Heroic)
present,,,,1,186,Onyx Netherwing Drake,41513,,,1,128,"|cFFFFD200Quest: |rOnyxien the Onyx Netherwing Drake|n|cFFFFD200Zone: |rShattrath City, Outland"
present,,,,1,187,Azure Netherwing Drake,41514,,,1,128,"|cFFFFD200Quest: |rSuraku the Azure Netherwing Drake|n|cFFFFD200Zone: |rShattrath City, Outland"
present,,,,1,188,Cobalt Netherwing Drake,41515,,,1,128,"|cFFFFD200Quest: |rJorus the Cobalt Netherwing Drake|n|cFFFFD200Zone: |rShattrath City, Outland"
present,,,,1,189,Purple Netherwing Drake,41516,,,1,128,"|cFFFFD200Quest: |rMalfas the Purple Netherwing Drake|n|cFFFFD200Zone: |rShattrath City, Outland"
present,,,,1,190,Veridian Netherwing Drake,41517,,,1,128,"|cFFFFD200Quest: |rZoya the Veridian Netherwing Drake|n|cFFFFD200Zone: |rShattrath City, Outland"
present,,,,1,191,Violet Netherwing Drake,41518,,,1,128,"|cFFFFD200Quest: |rVoranaku the Violet Netherwing Drake|n|cFFFFD200Zone: |rShattrath City, Outland"
present,,,,1,197,Swift Spectral Tiger,42777,,,8,64,|cFFFFD200Vendor: |rLandro Longshot|n|cFFFFD200Location:|r Booty Bay
present,,,,1,199,Amani War Bear,43688,,,0,64,|cFFFFD200Legacy|r
present,,,,1,201,Brewfest Ram,43899,,,6,64,|cFFFFD200Legacy|r
present,,,,1,202,Swift Brewfest Ram,43900,,,0,0,|cFFFFD200Drop:|r Keg-Shaped Treasure Chest|n|cFFFFD200Holiday:|r Brewfest
present,,,,1,203,Cenarion War Hippogryph,43927,,,2,128,"|cFFFFD200Vendor: |rFedryen Swiftspear|n|cFFFFD200Zone: |rZangarmarsh, Outland|n|cFFFFD200Faction: |rCenarion Expedition - Exalted|n|cFFFFD200Cost: |r2000|TINTERFACE\MONEYFRAME\UI-GOLDICON.BLP:0|t"
present,,,,1,204,Turbo-Charged Flying Machine,44151,,,3,128,|cFFFFD200Profession: |rEngineering
present,,,,1,205,Flying Machine,44153,,,3,128,|cFFFFD200Profession: |rEngineering
present,,,,1,206,Merciless Nether Drake,44317,,,5,192,|cFFFFD200Legacy|r
present,,,,1,207,Merciless Nether Drake,44744,,,5,192,|cFFFFD200Legacy|r
present,,,,1,211,X-51 Nether-Rocket,46197,,,8,64,|cFFFFD200Vendor: |rLandro Longshot|n|cFFFFD200Location:|r Booty Bay
present,,,,1,212,X-51 Nether-Rocket X-TREME,46199,,,8,64,|cFFFFD200Vendor: |rLandro Longshot|n|cFFFFD200Location:|r Booty Bay
present,,,,1,213,Swift White Hawkstrider,46628,,,0,0,|cFFFFD200Drop: |rKael'thas Sunstrider|n|cFFFFD200Zone: |rMagisters' Terrace
present,,,,1,219,Headless Horseman's Mount,48025,,,0,0,|cFFFFD200Drop:|r Loot-Filled Pumpkin|n|cFFFFD200Holiday:|r Hallow's End|n
present,,,,1,220,Black War Elekk,48027,,,2,0,|cFFFFD200Vendor: |rLieutenant Karter|n|cFFFFD200Zone: |rStormwind City|n|cFFFFD200Cost: |r15|Hitem:137642|h|TInterface\ICONS\Ability_PVP_GladiatorMedallion.BLP:0|t|h
present,,,,1,221,Acherus Deathcharger,48778,,,2,0,|cFFFFD200Trainer:|r Death Knight|n
present,,,,1,222,Swift Zhevra,48954,,,7,64,|cFFFFD200Recruit-a-Friend |r
present,,,,1,223,Vengeful Nether Drake,49193,,,5,192,|cFFFFD200Legacy|r
present,,,,1,224,Swift Zhevra,49322,,,7,0,|cFFFFD200Recruit-a-Friend |r
present,,,,1,225,Brewfest Riding Kodo,49378,,,6,64,|cFFFFD200Legacy|r
present,,,,1,226,Great Brewfest Kodo,49379,,,0,0,|cFFFFD200Drop:|r Keg-Shaped Treasure Chest|n|cFFFFD200Holiday:|r Brewfest
present,,,,1,230,Big Battle Bear,51412,,,8,64,|cFFFFD200Vendor: |rLandro Longshot|n|cFFFFD200Location:|r Booty Bay
present,,,,1,236,Winged Steed of the Ebon Blade,54729,,,2,128,|cFFFFD200Vendor: |rDread Commander Thalanor|n|cFFFFD200Zone: |rEastern Plaguelands|n|cFFFFD200Cost: |r1000|TINTERFACE\MONEYFRAME\UI-GOLDICON.BLP:0|t
present,,,,1,237,White Polar Bear,54753,,,0,0,|cFFFFD200Drop:|r Hyldnir Spoils|n|cFFFFD200Location:|r The Storm Peaks
present,,,,1,238,Swift Spectral Gryphon,55164,,,5,64,|cFFFFD200Legacy|r
present,,,,1,240,Mechano-Hog,55531,,,3,4,|cFFFFD200Profession: |rEngineering
present,,,,1,241,Brutal Nether Drake,58615,,,2,192,|cFFFFD200Legacy|r
present,,,,1,243,Big Blizzard Bear,58983,,,7,0,|cFFFFD200Promotion:|r BlizzCon|n
present,,,,1,246,Azure Drake,59567,,,0,128,|cFFFFD200Drop:|r Alexstrasza's Gift|n|cFFFFD200Location:|r Eye of Eternity
present,,,,1,247,Blue Drake,59568,,,0,128,|cFFFFD200Drop:|r Alexstrasza's Gift|n|cFFFFD200Location:|r Eye of Eternity
present,,,,1,248,Bronze Drake,59569,,,0,128,|cFFFFD200Drop: |rInfinite Corruptor|n|cFFFFD200Zone: |rThe Culling of Stratholme
present,,,,1,249,Red Drake,59570,,,2,128,|cFFFFD200Vendor: |rCielstrasza|n|cFFFFD200Zone: |rDragonblight|n|cFFFFD200Faction: |rThe Wyrmrest Accord - Exalted|n|cFFFFD200Cost: |r2000|TINTERFACE\MONEYFRAME\UI-GOLDICON.BLP:0|t
present,,,,1,250,Twilight Drake,59571,,,0,128,|cFFFFD200Drop:|r Sartharion|n|cFFFFD200Location:|r The Obsidian Sanctum
present,,,,1,251,Black Polar Bear,59572,,,2,64,|cFFFFD200Legacy|r
present,,,,1,253,Black Drake,59650,,,0,128,|cFFFFD200Drop:|r Sartharion
present,,,,1,254,Black War Mammoth,59785,,,2,4,|cFFFFD200Vendor: |rKnight Dameron|n|cFFFFD200Zone: |rWintergrasp|n|cFFFFD200Cost: |r15|Hitem:137642|h|TInterface\ICONS\Ability_PVP_GladiatorMedallion.BLP:0|t|h
present,,,,1,255,Black War Mammoth,59788,,,2,4,|cFFFFD200Vendor: |rStone Guard Mukar|n|cFFFFD200Zone: |rWintergrasp|n|cFFFFD200Cost: |r15|Hitem:137642|h|TInterface\ICONS\Ability_PVP_GladiatorMedallion.BLP:0|t|h
present,,,,1,256,Wooly Mammoth,59791,,,2,4,|cFFFFD200Vendor: |rMei Francis|n|cFFFFD200Zone: |rCrystalsong Forest|n|cFFFFD200Cost: |r10000|TINTERFACE\MONEYFRAME\UI-GOLDICON.BLP:0|t
present,,,,1,257,Wooly Mammoth,59793,,,2,4,|cFFFFD200Vendor: |rMei Francis|n|cFFFFD200Zone: |rCrystalsong Forest|n|cFFFFD200Cost: |r10000|TINTERFACE\MONEYFRAME\UI-GOLDICON.BLP:0|t
present,,,,1,258,Ice Mammoth,59797,,,2,4,|cFFFFD200Vendor: |rLillehoff|n|cFFFFD200Zone: |rThe Storm Peaks|n|cFFFFD200Faction: |rThe Sons of Hodir - Revered|n|cFFFFD200Cost: |r1000|TINTERFACE\MONEYFRAME\UI-GOLDICON.BLP:0|t
present,,,,1,259,Ice Mammoth,59799,,,2,4,|cFFFFD200Vendor: |rLillehoff|n|cFFFFD200Zone: |rThe Storm Peaks|n|cFFFFD200Faction: |rThe Sons of Hodir - Revered|n|cFFFFD200Cost: |r1000|TINTERFACE\MONEYFRAME\UI-GOLDICON.BLP:0|t
present,,,,1,262,Red Proto-Drake,59961,,,5,128,|cFFFFD200Achievement: |rGlory of the Hero|n|cFFFFD200Category: |rDungeons & Raids
present,,,,1,263,Black Proto-Drake,59976,,,2,192,|cFFFFD200Legacy|r
present,,,,1,264,Blue Proto-Drake,59996,,,0,128,|cFFFFD200Drop: |rSkadi the Ruthless|n|cFFFFD200Zone: |rUtgarde Pinnacle
present,,,,1,265,Time-Lost Proto-Drake,60002,,,0,128,|cFFFFD200Drop: |rTime-Lost Proto-Drake|n|cFFFFD200Zone: |rThe Storm Peaks
present,,,,1,266,Plagued Proto-Drake,60021,,,5,192,|cFFFFD200Legacy|r
present,,,,1,267,Violet Proto-Drake,60024,,,5,128,"|cFFFFD200Achievement: |rWhat a Long, Strange Trip It's Been|n|cFFFFD200Category: |rWorld Events"
present,,,,1,268,Albino Drake,60025,,,5,128,|cFFFFD200Achievement: |rLeading the Cavalry|n|cFFFFD200Category: |rGeneral
present,,,,1,269,Armored Brown Bear,60114,,,2,4,|cFFFFD200Vendor: |rMei Francis|n|cFFFFD200Zone: |rCrystalsong Forest|n|cFFFFD200Cost: |r750|TINTERFACE\MONEYFRAME\UI-GOLDICON.BLP:0|t
present,,,,1,270,Armored Brown Bear,60116,,,2,4,|cFFFFD200Vendor: |rMei Francis|n|cFFFFD200Zone: |rCrystalsong Forest|n|cFFFFD200Cost: |r750|TINTERFACE\MONEYFRAME\UI-GOLDICON.BLP:0|t
present,,,,1,271,Black War Bear,60118,,,5,4,|cFFFFD200Achievement: |rFor The Alliance!|n|cFFFFD200Category: |rPlayer vs. Player
present,,,,1,272,Black War Bear,60119,,,5,4,|cFFFFD200Achievement: |rFor The Horde!|n|cFFFFD200Category: |rPlayer vs. Player
present,,,,1,273,Grand Caravan Mammoth,60136,,,2,64,|cFFFFD200Legacy|r
present,,,,1,274,Grand Caravan Mammoth,60140,,,2,64,|cFFFFD200Legacy|r
present,,,,1,275,Mekgineer's Chopper,60424,,,3,4,|cFFFFD200Profession: |rEngineering
present,,,,1,276,Armored Snowy Gryphon,61229,,,2,132,|cFFFFD200Vendor: |rMei Francis|n|cFFFFD200Zone: |rCrystalsong Forest|n|cFFFFD200Cost: |r2000|TINTERFACE\MONEYFRAME\UI-GOLDICON.BLP:0|t
present,,,,1,277,Armored Blue Wind Rider,61230,,,2,132,|cFFFFD200Vendor: |rMei Francis|n|cFFFFD200Zone: |rCrystalsong Forest|n|cFFFFD200Cost: |r2000|TINTERFACE\MONEYFRAME\UI-GOLDICON.BLP:0|t
present,,,,1,278,Green Proto-Drake,61294,,,0,128,|cFFFFD200Drop:|r Cracked Egg
present,,,,1,279,Magnificent Flying Carpet,61309,,,3,1024,|cFFFFD200Profession: |rTailoring
present,,,,1,280,Traveler's Tundra Mammoth,61425,,,2,4,|cFFFFD200Vendor: |rMei Francis|n|cFFFFD200Zone: |rCrystalsong Forest|n|cFFFFD200Cost: |r20000|TINTERFACE\MONEYFRAME\UI-GOLDICON.BLP:0|t
present,,,,1,284,Traveler's Tundra Mammoth,61447,,,2,4,|cFFFFD200Vendor: |rMei Francis|n|cFFFFD200Zone: |rCrystalsong Forest|n|cFFFFD200Cost: |r20000|TINTERFACE\MONEYFRAME\UI-GOLDICON.BLP:0|t
present,,,,1,285,Flying Carpet,61451,,,3,1024,|cFFFFD200Profession: |rTailoring
present,,,,1,286,Grand Black War Mammoth,61465,,,0,4,|cFFFFD200Drop: |rBoss Drop|n|cFFFFD200Location: |rVault of Archavon
present,,,,1,287,Grand Black War Mammoth,61467,,,0,4,|cFFFFD200Drop: |rBoss Drop|n|cFFFFD200Location: |rVault of Archavon
present,,,,1,288,Grand Ice Mammoth,61469,,,2,4,|cFFFFD200Vendor: |rLillehoff|n|cFFFFD200Zone: |rThe Storm Peaks|n|cFFFFD200Faction: |rThe Sons of Hodir - Exalted|n|cFFFFD200Cost: |r10000|TINTERFACE\MONEYFRAME\UI-GOLDICON.BLP:0|t
present,,,,1,289,Grand Ice Mammoth,61470,,,2,4,|cFFFFD200Vendor: |rLillehoff|n|cFFFFD200Zone: |rThe Storm Peaks|n|cFFFFD200Faction: |rThe Sons of Hodir - Exalted|n|cFFFFD200Cost: |r10000|TINTERFACE\MONEYFRAME\UI-GOLDICON.BLP:0|t
present,,,,1,291,Blue Dragonhawk,61996,,,5,132,|cFFFFD200Achievement: |rMountain o' Mounts|n|cFFFFD200Category: |rGeneral
present,,,,1,292,Red Dragonhawk,61997,,,5,132,|cFFFFD200Achievement: |rMountain o' Mounts|n|cFFFFD200Category: |rGeneral
present,,,,1,293,Illidari Doomhawk,62048,,,0,192,|cFFFFD200Drop: |rDoomwalker|n|cFFFFD200Zone: |rTanaris
present,,,,1,294,Stormwind Steed,63232,,,2,0,|cFFFFD200Vendor: |rCorporal Arthur Flew|n|cFFFFD200Zone: |rIcecrown|n|cFFFFD200Cost: |r100|Hcurrency:241|h|TINTERFACE\ICONS\Ability_Paladin_ArtofWar.blp:0|t|h
present,,,,1,295,Darkspear Raptor,63635,,,2,0,|cFFFFD200Vendor: |rSamamba|n|cFFFFD200Zone: |rIcecrown|n|cFFFFD200Cost: |r100|Hcurrency:241|h|TINTERFACE\ICONS\Ability_Paladin_ArtofWar.blp:0|t|h
present,,,,1,296,Ironforge Ram,63636,,,2,0,|cFFFFD200Vendor: |rDerrick Brindlebeard|n|cFFFFD200Zone: |rIcecrown|n|cFFFFD200Cost: |r100|Hcurrency:241|h|TINTERFACE\ICONS\Ability_Paladin_ArtofWar.blp:0|t|h
present,,,,1,297,Darnassian Nightsaber,63637,,,2,0,|cFFFFD200Vendor: |rRook Hawkfist|n|cFFFFD200Zone: |rIcecrown|n|cFFFFD200Cost: |r100|Hcurrency:241|h|TINTERFACE\ICONS\Ability_Paladin_ArtofWar.blp:0|t|h
present,,,,1,298,Gnomeregan Mechanostrider,63638,,,2,0,|cFFFFD200Vendor: |rRillie Spindlenut|n|cFFFFD200Zone: |rIcecrown|n|cFFFFD200Cost: |r100|Hcurrency:241|h|TINTERFACE\ICONS\Ability_Paladin_ArtofWar.blp:0|t|h
present,,,,1,299,Exodar Elekk,63639,,,2,0,|cFFFFD200Vendor: |rIrisee|n|cFFFFD200Zone: |rIcecrown|n|cFFFFD200Cost: |r100|Hcurrency:241|h|TINTERFACE\ICONS\Ability_Paladin_ArtofWar.blp:0|t|h
present,,,,1,300,Orgrimmar Wolf,63640,,,2,0,|cFFFFD200Vendor: |rFreka Bloodaxe|n|cFFFFD200Zone: |rIcecrown|n|cFFFFD200Cost: |r100|Hcurrency:241|h|TINTERFACE\ICONS\Ability_Paladin_ArtofWar.blp:0|t|h
present,,,,1,301,Thunder Bluff Kodo,63641,,,2,0,|cFFFFD200Vendor: |rDoru Thunderhorn|n|cFFFFD200Zone: |rIcecrown|n|cFFFFD200Cost: |r100|Hcurrency:241|h|TINTERFACE\ICONS\Ability_Paladin_ArtofWar.blp:0|t|h
present,,,,1,302,Silvermoon Hawkstrider,63642,,,2,0,|cFFFFD200Vendor: |rTrellis Morningsun|n|cFFFFD200Zone: |rIcecrown|n|cFFFFD200Cost: |r100|Hcurrency:241|h|TINTERFACE\ICONS\Ability_Paladin_ArtofWar.blp:0|t|h
present,,,,1,303,Forsaken Warhorse,63643,,,2,0,|cFFFFD200Vendor: |rEliza Killian|n|cFFFFD200Zone: |rIcecrown|n|cFFFFD200Cost: |r100|Hcurrency:241|h|TINTERFACE\ICONS\Ability_Paladin_ArtofWar.blp:0|t|h
present,,,,1,304,Mimiron's Head,63796,,,0,128,|cFFFFD200Drop:|r Yogg-Saron|n|cFFFFD200Location:|r Ulduar
present,,,,1,305,Argent Hippogryph,63844,,,2,128,"|cFFFFD200Vendor: |rFaction Quartermasters|n|cFFFFD200Location: |rArgent Tournament, Icecrown|n|cFFFFD200Cost: |r150|Hcurrency:241|h|TINTERFACE\ICONS\Ability_Paladin_ArtofWar.blp:0|t|h|n"
present,,,,1,306,Ironbound Proto-Drake,63956,,,5,128,|cFFFFD200Achievement: |rGlory of the Ulduar Raider|n|cFFFFD200Category: |rDungeons & Raids
present,,,,1,307,Rusted Proto-Drake,63963,,,5,128,|cFFFFD200Achievement: |rGlory of the Ulduar Raider|n|cFFFFD200Category: |rDungeons & Raids
present,,,,1,308,Blue Skeletal Warhorse,64656,,,2,64,|cFFFFD200Legacy|r
present,,,,1,309,White Kodo,64657,,,2,0,|cFFFFD200Vendor: |rHarb Clawhoof|n|cFFFFD200Zone: |rMulgore|n|cFFFFD200Cost: |r1|TINTERFACE\MONEYFRAME\UI-GOLDICON.BLP:0|t
present,,,,1,310,Black Wolf,64658,,,2,0,|cFFFFD200Vendor: |rWorld Vendors|n|cFFFFD200Cost: |r1|TINTERFACE\MONEYFRAME\UI-GOLDICON.BLP:0|t
present,,,,1,311,Venomhide Ravasaur,64659,,,1,4,|cFFFFD200Quest: |rThey Grow Up So Fast|n|cFFFFD200Zone: |rUn'Goro Crater
present,,,,1,312,Sea Turtle,64731,,,3,2192,|cFFFFD200Profession:|r Fishing|n
present,,,,1,313,Deadly Gladiator's Frost Wyrm,64927,,,2,192,|cFFFFD200Legacy|r
present,,,,1,314,Black Skeletal Horse,64977,,,2,0,|cFFFFD200Vendor: |rZachariah Post|n|cFFFFD200Zone: |rTirisfal Glades|n|cFFFFD200Cost: |r1|TINTERFACE\MONEYFRAME\UI-GOLDICON.BLP:0|t
present,,,,1,317,Furious Gladiator's Frost Wyrm,65439,,,2,192,|cFFFFD200Legacy|r
present,,,,1,318,Great Red Elekk,65637,,,2,0,|cFFFFD200Vendor: |rIrisee|n|cFFFFD200Zone: |rIcecrown|n|cFFFFD200Cost: |r500|TINTERFACE\MONEYFRAME\UI-GOLDICON.BLP:0|t
present,,,,1,319,Swift Moonsaber,65638,,,2,0,|cFFFFD200Vendor: |rRook Hawkfist|n|cFFFFD200Zone: |rIcecrown|n|cFFFFD200Cost: |r500|TINTERFACE\MONEYFRAME\UI-GOLDICON.BLP:0|t
present,,,,1,320,Swift Red Hawkstrider,65639,,,2,0,|cFFFFD200Vendor: |rTrellis Morningsun|n|cFFFFD200Zone: |rIcecrown|n|cFFFFD200Cost: |r500|TINTERFACE\MONEYFRAME\UI-GOLDICON.BLP:0|t
present,,,,1,321,Swift Gray Steed,65640,,,2,0,|cFFFFD200Vendor: |rCorporal Arthur Flew|n|cFFFFD200Zone: |rIcecrown|n|cFFFFD200Cost: |r500|TINTERFACE\MONEYFRAME\UI-GOLDICON.BLP:0|t
present,,,,1,322,Great Golden Kodo,65641,,,2,4,|cFFFFD200Vendor: |rDoru Thunderhorn|n|cFFFFD200Zone: |rIcecrown|n|cFFFFD200Cost: |r500|TINTERFACE\MONEYFRAME\UI-GOLDICON.BLP:0|t
present,,,,1,323,Turbostrider,65642,,,2,0,|cFFFFD200Vendor: |rRillie Spindlenut|n|cFFFFD200Zone: |rIcecrown|n|cFFFFD200Cost: |r500|TINTERFACE\MONEYFRAME\UI-GOLDICON.BLP:0|t
present,,,,1,324,Swift Violet Ram,65643,,,2,0,|cFFFFD200Vendor: |rDerrick Brindlebeard|n|cFFFFD200Zone: |rIcecrown|n|cFFFFD200Cost: |r500|TINTERFACE\MONEYFRAME\UI-GOLDICON.BLP:0|t
present,,,,1,325,Swift Purple Raptor,65644,,,2,0,|cFFFFD200Vendor: |rSamamba|n|cFFFFD200Zone: |rIcecrown|n|cFFFFD200Cost: |r500|TINTERFACE\MONEYFRAME\UI-GOLDICON.BLP:0|t
present,,,,1,326,White Skeletal Warhorse,65645,,,2,0,|cFFFFD200Vendor: |rEliza Killian|n|cFFFFD200Zone: |rIcecrown|n|cFFFFD200Cost: |r500|TINTERFACE\MONEYFRAME\UI-GOLDICON.BLP:0|t
present,,,,1,327,Swift Burgundy Wolf,65646,,,2,0,|cFFFFD200Vendor: |rFreka Bloodaxe|n|cFFFFD200Zone: |rIcecrown|n|cFFFFD200Cost: |r500|TINTERFACE\MONEYFRAME\UI-GOLDICON.BLP:0|t
present,,,,1,328,Magic Rooster,65917,,,8,64,|cFFFFD200Vendor: |rLandro Longshot|n|cFFFFD200Location:|r Booty Bay
present,,,,1,329,Silver Covenant Hippogryph,66087,,,2,132,|cFFFFD200Vendor: |rHiren Loresong|n|cFFFFD200Zone: |rIcecrown|n|cFFFFD200Faction: |rThe Silver Covenant - Exalted|n|cFFFFD200Cost: |r150|Hcurrency:241|h|TINTERFACE\ICONS\Ability_Paladin_ArtofWar.blp:0|t|h
present,,,,1,330,Sunreaver Dragonhawk,66088,,,2,132,|cFFFFD200Vendor: |rVasarin Redmorn|n|cFFFFD200Zone: |rIcecrown|n|cFFFFD200Faction: |rThe Sunreavers - Exalted|n|cFFFFD200Cost: |r150|Hcurrency:241|h|TInterface\ICONS\Ability_Paladin_ArtofWar.blp:0|t|h
present,,,,1,331,Quel'dorei Steed,66090,,,2,4,|cFFFFD200Vendor: |rHiren Loresong|n|cFFFFD200Zone: |rIcecrown|n|cFFFFD200Faction: |rThe Silver Covenant - Exalted|n|cFFFFD200Cost: |r100|Hcurrency:241|h|TINTERFACE\ICONS\Ability_Paladin_ArtofWar.blp:0|t|h
present,,,,1,332,Sunreaver Hawkstrider,66091,,,2,4,|cFFFFD200Vendor: |rVasarin Redmorn|n|cFFFFD200Zone: |rIcecrown|n|cFFFFD200Faction: |rThe Sunreavers - Exalted|n|cFFFFD200Cost: |r100|Hcurrency:241|h|TInterface\ICONS\Ability_Paladin_ArtofWar.blp:0|t|h
present,,,,1,333,Magic Rooster,66122,,,8,64,|cFFFFD200Vendor: |rLandro Longshot|n|cFFFFD200Location:|r Booty Bay
present,,,,1,334,Magic Rooster,66123,,,8,64,|cFFFFD200Vendor: |rLandro Longshot|n|cFFFFD200Location:|r Booty Bay
present,,,,1,335,Magic Rooster,66124,,,8,64,|cFFFFD200Vendor: |rLandro Longshot|n|cFFFFD200Location:|r Booty Bay
present,,,,1,336,Ochre Skeletal Warhorse,66846,,,2,0,|cFFFFD200Vendor: |rZachariah Post|n|cFFFFD200Zone: |rTirisfal Glades|n|cFFFFD200Cost: |r10|TINTERFACE\MONEYFRAME\UI-GOLDICON.BLP:0|t
present,,,,1,337,Striped Dawnsaber,66847,,,2,0,|cFFFFD200Vendor: |rLelanai|n|cFFFFD200Zone: |rTeldrassil|n|cFFFFD200Cost: |r1|TINTERFACE\MONEYFRAME\UI-GOLDICON.BLP:0|t
present,,,,1,338,Argent Charger,66906,,,2,0,|cFFFFD200Vendor: |rDame Evniki Kapsalis|n|cFFFFD200Zone: |rIcecrown|n|cFFFFD200Cost: |r100|Hcurrency:241|h|TINTERFACE\ICONS\Ability_Paladin_ArtofWar.blp:0|t|h|n
present,,,,1,340,Relentless Gladiator's Frost Wyrm,67336,,,5,192,|cFFFFD200Legacy|r
present,,,,1,341,Argent Warhorse,67466,,,2,0,|cFFFFD200Vendor: |rDame Evniki Kapsalis|n|cFFFFD200Zone: |rIcecrown|n|cFFFFD200Cost: |r100|Hcurrency:241|h|TINTERFACE\ICONS\Ability_Paladin_ArtofWar.blp:0|t|h
present,,,,1,342,Swift Horde Wolf,68056,,,2,68,|cFFFFD200Legacy|r
present,,,,1,343,Swift Alliance Steed,68057,,,2,68,|cFFFFD200Legacy|r
present,,,,1,344,Crusader's White Warhorse,68187,,,5,68,|cFFFFD200Legacy|r
present,,,,1,345,Crusader's Black Warhorse,68188,,,5,68,|cFFFFD200Legacy|r
present,,,,1,349,Onyxian Drake,69395,,,0,128,|cFFFFD200Drop: |rOnyxia|n|cFFFFD200Zone: |rOnyxia's Lair
present,,,,1,350,Sunwalker Kodo,69820,,,1,4,|cFFFFD200Paladin|r
present,,,,1,351,Great Sunwalker Kodo,69826,,,1,4,|cFFFFD200Paladin|r
present,,,,1,352,X-45 Heartbreaker,71342,,,0,0,|cFFFFD200Drop:|r Heart-Shaped Box|n|cFFFFD200Holiday:|r Love is in the Air
present,,,,1,358,Wrathful Gladiator's Frost Wyrm,71810,,,5,192,|cFFFFD200Legacy|r
present,,,,1,363,Invincible,72286,,,0,0,|cFFFFD200Drop: |rThe Lich King|n|cFFFFD200Zone: |rIcecrown Citadel
present,,,,1,364,Icebound Frostbrood Vanquisher,72807,,,5,128,|cFFFFD200Achievement: |rGlory of the Icecrown Raider (25 player)|n|cFFFFD200Category: |rDungeons & Raids
present,,,,1,365,Bloodbathed Frostbrood Vanquisher,72808,,,5,128,|cFFFFD200Achievement: |rGlory of the Icecrown Raider (10 player)|n|cFFFFD200Category: |rDungeons & Raids
present,,,,1,366,Crimson Deathcharger,73313,,,1,0,|cFFFFD200Quest: |rMograine's Reunion|n|cFFFFD200Zone: |rIcecrown Citadel
present,,,,1,367,Exarch's Elekk,73629,,,1,4,|cFFFFD200Legacy|r
present,,,,1,368,Great Exarch's Elekk,73630,,,1,4,|cFFFFD200Quest|r |n
present,,,,1,371,Blazing Hippogryph,74856,,,11,192,|cFFFFD200Vendor: |rLandro Longshot|n|cFFFFD200Location:|r Booty Bay|n|cFFFFD200Trading Post|r
present,,,,1,372,Wooly White Rhino,74918,,,8,64,|cFFFFD200Vendor: |rLandro Longshot|n|cFFFFD200Location:|r Booty Bay
present,,,,1,373,Vashj'ir Seahorse,75207,,,1,2064,|cFFFFD200Quest: |rThe Abyssal Ride|n|cFFFFD200Zone: |rKelp'thar Forest
present,,,,1,375,Frosty Flying Carpet,75596,,,3,1024,|cFFFFD200Profession: |rTailoring
present,,,,1,376,Celestial Steed,75614,,,9,0,|cFFFFD200Trading Post|r
present,,,,1,382,X-53 Touring Rocket,75973,,,11,0,|cFFFFD200Trading Post|r 
present,,,,1,386,Fossilized Raptor,84751,,,3,0,|cFFFFD200Profession: |rArchaeology
present,,,,1,388,Goblin Trike,87090,,,2,0,|cFFFFD200Vendor: |rKall Worthaton|n|cFFFFD200Zone: |rOrgrimmar|n|cFFFFD200Cost: |r1|TINTERFACE\MONEYFRAME\UI-GOLDICON.BLP:0|t
present,,,,1,389,Goblin Turbo-Trike,87091,,,2,0,|cFFFFD200Vendor: |rKall Worthaton|n|cFFFFD200Zone: |rOrgrimmar|n|cFFFFD200Cost: |r10|TINTERFACE\MONEYFRAME\UI-GOLDICON.BLP:0|t
present,,,,1,391,Volcanic Stone Drake,88331,,,5,128,|cFFFFD200Achievement: |rGlory of the Cataclysm Hero|n|cFFFFD200Category: |rDungeons & Raids
present,,,,1,392,Drake of the East Wind,88335,,,5,128,|cFFFFD200Achievement: |rGlory of the Cataclysm Raider|n|cFFFFD200Category: |rDungeons & Raids
present,,,,1,393,Phosphorescent Stone Drake,88718,,,0,128,|cFFFFD200Drop:|r Aeonaxx|n|cFFFFD200Location:|r Deepholm|n
present,,,,1,394,Drake of the West Wind,88741,,,2,128,|cFFFFD200Vendor: |rQuartermaster Brazie|n|cFFFFD200Zone: |rTol Barad Peninsula|n|cFFFFD200Faction: |rBaradin's Wardens - Exalted
present,,,,1,395,Drake of the North Wind,88742,,,0,128,|cFFFFD200Drop: |rAltairus|n|cFFFFD200Zone: |rThe Vortex Pinnacle
present,,,,1,396,Drake of the South Wind,88744,,,0,128,|cFFFFD200Drop: |rAl'Akir|n|cFFFFD200Zone: |rThrone of the Four Winds
present,,,,1,544,Armored Bloodwing,139595,,,9,128,|cFFFFD200In-Game Shop|r
present,,,,1,397,Vitreous Stone Drake,88746,,,0,128,|cFFFFD200Drop: |rSlabhide|n|cFFFFD200Zone: |rThe Stonecore
present,,,,1,398,Brown Riding Camel,88748,,,2,0,|cFFFFD200Vendor: |rBlacksmith Abasi|n|cFFFFD200Zone: |rUldum|n|cFFFFD200Faction: |rRamkahen - Exalted|n|cFFFFD200Cost: |r100|TINTERFACE\MONEYFRAME\UI-GOLDICON.BLP:0|t
present,,,,1,399,Tan Riding Camel,88749,,,2,0,|cFFFFD200Vendor: |rBlacksmith Abasi|n|cFFFFD200Zone: |rUldum|n|cFFFFD200Faction: |rRamkahen - Exalted|n|cFFFFD200Cost: |r100|TINTERFACE\MONEYFRAME\UI-GOLDICON.BLP:0|t
present,,,,1,400,Grey Riding Camel,88750,,,0,0,|cFFFFD200Drop: |rDormus the Camel-Hoarder|n|cFFFFD200Zone: |rFeralas
present,,,,1,401,Dark Phoenix,88990,,,2,128,|cFFFFD200Vendor: |rGuild Vendors|n|cFFFFD200Cost: |r3000|TINTERFACE\MONEYFRAME\UI-GOLDICON.BLP:0|t
present,,,,1,403,Golden King,90621,,,2,4,|cFFFFD200Vendor: |rWorld Vendors|n|cFFFFD200Cost: |r1500|TINTERFACE\MONEYFRAME\UI-GOLDICON.BLP:0|t
present,,,,1,404,Ultramarine Qiraji Battle Tank,92155,,,3,0,|cFFFFD200Profession: |rArchaeology
present,,,,1,405,Spectral Steed,92231,,,2,4,|cFFFFD200Vendor: |rQuartermaster Brazie|n|cFFFFD200Zone: |rTol Barad Peninsula|n|cFFFFD200Faction: |rBaradin's Wardens - Exalted|n|cFFFFD200Cost: |r165|Hcurrency:391|h|Tinterface\icons\achievement_zone_tolbarad.blp:0|t|h
present,,,,1,406,Spectral Wolf,92232,,,2,4,|cFFFFD200Vendor: |rPogg|n|cFFFFD200Zone: |rTol Barad Peninsula|n|cFFFFD200Faction: |rHellscream's Reach - Exalted|n|cFFFFD200Cost: |r165|Hcurrency:391|h|TInterface\ICONS\Achievement_Zone_TolBarad.blp:0|t|h
present,,,,1,407,Sandstone Drake,93326,,,3,5250,|cFFFFD200Profession: |rAlchemy
present,,,,1,408,Mottled Drake,93623,,,8,192,|cFFFFD200Vendor: |rLandro Longshot|n|cFFFFD200Location:|r Booty Bay|n
present,,,,1,409,Kor'kron Annihilator,93644,,,2,4,|cFFFFD200Vendor: |rGoram|n|cFFFFD200Zone: |rOrgrimmar|n|cFFFFD200Cost: |r1500|TINTERFACE\MONEYFRAME\UI-GOLDICON.BLP:0|t
present,,,,1,410,Armored Razzashi Raptor,96491,,,0,0,|cFFFFD200Drop: |rBloodlord Mandokir|n|cFFFFD200Zone: |rZul'Gurub
present,,,,1,411,Swift Zulian Panther,96499,,,0,0,|cFFFFD200Drop: |rHigh Priestess Kilnara|n|cFFFFD200Zone: |rZul'Gurub
present,,,,1,412,Amani Dragonhawk,96503,,,8,192,|cFFFFD200Vendor: |rLandro Longshot|n|cFFFFD200Location:|r Booty Bay
present,,,,1,413,Flameward Hippogryph,97359,,,5,128,|cFFFFD200Achievement: |rThe Molten Front Offensive|n|cFFFFD200Category: |rCataclysm
present,,,,1,415,Pureblood Fire Hawk,97493,,,0,128,|cFFFFD200Drop: |rRagnaros|n|cFFFFD200Zone: |rFirelands
present,,,,1,416,Felfire Hawk,97501,,,5,128,|cFFFFD200Achievement:|r Mountacular|n|n
present,,,,1,417,Corrupted Fire Hawk,97560,,,5,128,|cFFFFD200Achievement: |rGlory of the Firelands Raider|n|cFFFFD200Category: |rDungeons & Raids
present,,,,1,418,Savage Raptor,97581,,,8,64,|cFFFFD200Vendor: |rLandro Longshot|n|cFFFFD200Location:|r Booty Bay|n
present,,,,1,419,Amani Battle Bear,98204,,,0,0,|cFFFFD200Drop:|r Kasha's Bag
present,,,,1,420,Subdued Seahorse,98718,,,0,2064,|cFFFFD200Drop: |rPoseidus|n|cFFFFD200Zone: |rVashj'ir
present,,,,1,421,Winged Guardian,98727,,,9,128,|cFFFFD200In-Game Shop|r
present,,,,1,422,Vicious War Steed,100332,,,5,4,|cFFFFD200Achievement: |rVeteran of the Alliance II|n|cFFFFD200Category: |rRated Battleground
present,,,,1,423,Vicious War Wolf,100333,,,5,4,|cFFFFD200Achievement: |rVeteran of the Horde II|n|cFFFFD200Category: |rRated Battleground
present,,,,1,424,Vicious Gladiator's Twilight Drake,101282,,,5,192,|cFFFFD200Legacy|r
present,,,,1,425,Flametalon of Alysrazor,101542,,,0,0,|cFFFFD200Drop: |rAlysrazor|n|cFFFFD200Zone: |rFirelands
present,,,,1,426,Swift Shorestrider,101573,,,8,64,|cFFFFD200Vendor: |rLandro Longshot|n|cFFFFD200Location:|r Booty Bay
present,,,,1,428,Ruthless Gladiator's Twilight Drake,101821,,,5,192,|cFFFFD200Legacy|r
present,,,,1,429,Swift Forest Strider,102346,,,2,0,|cFFFFD200Vendor: |rLhara|n|cFFFFD200Zone: |rDarkmoon Island|n|cFFFFD200Cost: |r180 |Hcurrency:515|h|Tinterface\icons\inv_misc_ticket_darkmoon_01.blp:0|t|h|n
present,,,,1,430,Swift Springstrider,102349,,,6,0,"|cFFFFD200Vendor: |rNoblegarden Merchant|n|cFFFFD200Zone: |rDurotar, Eversong Woods (Burning Crusade), Mulgore, Tirisfal Glades, Azuremyst Isle, |nDun Morogh, Elwynn Forest, Teldrassil|n|cFFFFD200Cost: |r500|TINTERFACE\ICONS\ACHIEVEMENT_NOBLEGARDEN_CHOCOLATE_EGG.BLP:0|t|n"
present,,,,1,431,Swift Lovebird,102350,,,6,0,|cFFFFD200World Event:|r Love is in the Air|n|n|cFFFFD200Vendor: |rLovely Merchant (Alliance)|n|cFFFFD200Zone: |rStormwind City|n|cFFFFD200Cost: |r270|Hitem:49927|h|TINTERFACE\ICONS\INV_VALENTINESCARD01.BLP:0|t|h|n|n|cFFFFD200Vendor: |rLovely Merchant (Horde)|n|cFFFFD200Zone: |rOrgrimmar|n|cFFFFD200Cost: |r270|Hitem:49927|h|TINTERFACE\ICONS\INV_VALENTINESCARD01.BLP:0|t|h
present,,,,1,432,White Riding Camel,102488,,,8,64,|cFFFFD200Vendor:|r Landro Longshot|n|cFFFFD200Location:|r Booty Bay|n
present,,,,1,433,Corrupted Hippogryph,102514,,,8,192,|cFFFFD200Vendor: |rLandro Longshot|n|cFFFFD200Location:|r Booty Bay
present,,,,1,434,Darkmoon Dancing Bear,103081,,,2,0,|cFFFFD200Vendor: |rLhara|n|cFFFFD200Zone: |rDarkmoon Island|n|cFFFFD200Cost: |r180|Hcurrency:515|h|TINTERFACE\ICONS\INV_Misc_Ticket_Darkmoon_01.blp:0|t|h|n|n
present,,,,1,435,Mountain Horse,103195,,,2,0,|cFFFFD200Vendor: |rAstrid Langstrump|n|cFFFFD200Zone: |rDarnassus|n|cFFFFD200Cost: |r1|TINTERFACE\MONEYFRAME\UI-GOLDICON.BLP:0|t
present,,,,1,436,Swift Mountain Horse,103196,,,2,0,|cFFFFD200Vendor: |rAstrid Langstrump|n|cFFFFD200Zone: |rDarnassus|n|cFFFFD200Cost: |r10|TINTERFACE\MONEYFRAME\UI-GOLDICON.BLP:0|t
present,,,,1,439,Tyrael's Charger,107203,,,2,64,|cFFFFD200Trading Post|r
present,,,,1,440,Spectral Gryphon,107516,,,7,196,|cFFFFD200Promotion:|r Scroll of Resurrection|n
present,,,,1,441,Spectral Wind Rider,107517,,,7,196,|cFFFFD200Promotion:|r Scroll of Resurrection|n
present,,,,1,442,Blazing Drake,107842,,,0,128,|cFFFFD200Drop:|r Elementium Fragment|n|cFFFFD200Location:|r Dragon Soul
present,,,,1,443,Twilight Harbinger,107844,,,5,128,|cFFFFD200Achievement: |rGlory of the Dragon Soul Raider|n|cFFFFD200Category: |rDungeons & Raids
present,,,,1,444,Life-Binder's Handmaiden,107845,,,0,128,|cFFFFD200Drop:|r Elementium Fragment|n|cFFFFD200Location:|r Dragon Soul|n|n
present,,,,1,445,Experiment 12-B,110039,,,0,128,|cFFFFD200Drop:|r Lesser Cache of the Aspects|n|cFFFFD200Location:|r Dragon Soul|n
present,,,,1,446,Heart of the Aspects,110051,,,9,128,|cFFFFD200In-Game Shop|r
present,,,,1,447,Feldrake,113120,,,8,192,|cFFFFD200Vendor: |rLandro Longshot|n|cFFFFD200Location:|r Booty Bay
present,,,,1,448,Jade Cloud Serpent,113199,,,1,128,|cFFFFD200Quest: |rRiding the Skies|n|cFFFFD200Zone: |rThe Jade Forest
present,,,,1,607,Gorestrider Gronnling,171436,,,5,0,|cFFFFD200Achievement:|r Glory of the Draenor Raider
present,,,,1,449,Azure Water Strider,118089,,,2,0,|cFFFFD200Vendor: |rNat Pagle|n|cFFFFD200Zone: |rKrasarang Wilds|n|cFFFFD200Faction: |rThe Anglers - Exalted|n|cFFFFD200Cost: |r1000|TINTERFACE\MONEYFRAME\UI-GOLDICON.BLP:0|t
present,,,,1,450,Pandaren Kite,118737,,,5,1156,|cFFFFD200Achievement: |rPandaren Ambassador|n|cFFFFD200Category: |rPandaria
present,,,,1,451,Jeweled Onyx Panther,120043,,,3,0,|cFFFFD200Profession:|r Jewelcrafting|n
present,,,,1,452,Green Dragon Turtle,120395,,,2,0,|cFFFFD200Vendor: |rTurtlemaster Odai|n|cFFFFD200Zone: |rOrgrimmar|n|cFFFFD200Cost: |r1|TINTERFACE\MONEYFRAME\UI-GOLDICON.BLP:0|t|n|n|cFFFFD200Vendor: |rOld Whitenose|n|cFFFFD200Zone: |rStormwind City|n|cFFFFD200Cost: |r1|TINTERFACE\MONEYFRAME\UI-GOLDICON.BLP:0|t
present,,,,1,453,Great Red Dragon Turtle,120822,,,2,0,|cFFFFD200Vendor: |rTurtlemaster Odai|n|cFFFFD200Zone: |rOrgrimmar|n|cFFFFD200Cost: |r10|TINTERFACE\MONEYFRAME\UI-GOLDICON.BLP:0|t|n|n|cFFFFD200Vendor: |rOld Whitenose|n|cFFFFD200Zone: |rStormwind City|n|cFFFFD200Cost: |r10|TINTERFACE\MONEYFRAME\UI-GOLDICON.BLP:0|t
present,,,,1,454,Cindermane Charger,171847,,,7,0,|cFFFFD200Recruit-a-Friend|r
present,,,,1,455,Obsidian Nightwing,121820,,,7,1026,|cFFFFD200Recruit-a-Friend|r 
present,,,,1,456,Sapphire Panther,121836,,,3,0,|cFFFFD200Profession: |rJewelcrafting
present,,,,1,457,Jade Panther,121837,,,3,0,|cFFFFD200Profession:|r Jewelcrafting|n
present,,,,1,458,Ruby Panther,121838,,,7,0,|cFFFFD200Profession: |rJewelcrafting
present,,,,1,459,Sunstone Panther,121839,,,3,0,|cFFFFD200Profession: |rJewelcrafting
present,,,,1,460,Grand Expedition Yak,122708,,,2,0,|cFFFFD200Vendor: |rUncle Bigpocket|n|cFFFFD200Zone: |rKun-Lai Summit|n|cFFFFD200Cost: |r120000|TINTERFACE\MONEYFRAME\UI-GOLDICON.BLP:0|t
present,,,,1,462,Kafa Yak,123182,,,2,1152,|cFFFFD200World Event:|r WoW Remix: Mists of Pandaria
present,,,,1,463,Amber Scorpion,123886,,,2,0,|cFFFFD200Vendor: |rAmbersmith Zikk|n|cFFFFD200Zone: |rDread Wastes|n|cFFFFD200Faction: |rThe Klaxxi - Exalted|n|cFFFFD200Cost: |r10000|TINTERFACE\MONEYFRAME\UI-GOLDICON.BLP:0|t
present,,,,1,464,Azure Cloud Serpent,123992,,,1,128,|cFFFFD200Quest: |rRiding the Skies|n|cFFFFD200Zone: |rThe Jade Forest
present,,,,1,465,Golden Cloud Serpent,123993,,,1,128,|cFFFFD200Quest: |rRiding the Skies|n|cFFFFD200Zone: |rThe Jade Forest
present,,,,1,466,Thundering Jade Cloud Serpent,124408,,,2,128,|cFFFFD200Vendor: |rShay Pressler (Alliance)|n|cFFFFD200Zone: |rStormwind City|n|cFFFFD200Cost: |r3000|TINTERFACE\MONEYFRAME\UI-GOLDICON.BLP:0|t|n|n|cFFFFD200Vendor: |rGoram (Horde)|n|cFFFFD200Zone: |rOrgrimmar|n|cFFFFD200Cost: |r3000|TINTERFACE\MONEYFRAME\UI-GOLDICON.BLP:0|t
present,,,,1,467,Cataclysmic Gladiator's Twilight Drake,124550,,,2,192,|cFFFFD200Legacy|r
present,,,,1,468,Imperial Quilen,124659,,,7,0,|cFFFFD200Promotion:|r Mists of Pandaria Collector's Edition
present,,,,1,469,Depleted-Kyparium Rocket,126507,,,3,0,|cFFFFD200Profession: |rEngineering
present,,,,1,470,Geosynchronous World Spinner,126508,,,3,0,|cFFFFD200Profession: |rEngineering
present,,,,1,471,Onyx Cloud Serpent,127154,,,1,128,|cFFFFD200Quest:|r Surprise Attack!|n|cFFFFD200Location:|r Townlong Steppes|n
present,,,,1,472,Crimson Cloud Serpent,127156,,,5,128,|cFFFFD200Achievement: |rGlory of the Pandaria Hero|n|cFFFFD200Category: |rDungeons & Raids
present,,,,1,473,Heavenly Onyx Cloud Serpent,127158,,,0,128,|cFFFFD200Drop:|r Sha of Anger|n|cFFFFD200Location:|r Kun-Lai Summit
present,,,,1,474,Heavenly Crimson Cloud Serpent,127161,,,5,128,|cFFFFD200Achievement: |rGlory of the Pandaria Raider|n|cFFFFD200Category: |rDungeons & Raids
present,,,,1,475,Heavenly Golden Cloud Serpent,127164,,,2,128,|cFFFFD200Vendor: |rMistweaver Ku|n|cFFFFD200Zone: |rTimeless Isle|n|cFFFFD200Faction: |rEmperor Shaohao - Exalted
present,,,,1,476,"Yu'lei, Daughter of Jade",127165,,,2,128,|cFFFFD200Vendor: |rMistweaver Xia|n|cFFFFD200Zone: |rTimeless Isle|n|cFFFFD200Cost: |r5000|Hcurrency:1166|h|TInterface\Icons\pvecurrency-justice.BLP:0|t|h
present,,,,1,477,Heavenly Azure Cloud Serpent,127169,,,5,0,|cFFFFD200Achievement: |rLord of the Reins|n|cFFFFD200Category: |rMounts
present,,,,1,478,Astral Cloud Serpent,127170,,,0,128,|cFFFFD200Drop:|r Cache of Pure Energy
present,,,,1,479,Azure Riding Crane,127174,,,2,0,|cFFFFD200Vendor: |rJaluu the Generous|n|cFFFFD200Zone: |rVale of Eternal Blossoms|n|cFFFFD200Faction: |rGolden Lotus - Exalted|n|cFFFFD200Cost: |r500|TINTERFACE\MONEYFRAME\UI-GOLDICON.BLP:0|t
present,,,,1,480,Golden Riding Crane,127176,,,2,0,|cFFFFD200Vendor: |rJaluu the Generous|n|cFFFFD200Zone: |rVale of Eternal Blossoms|n|cFFFFD200Faction: |rGolden Lotus - Exalted|n|cFFFFD200Cost: |r2500|TINTERFACE\MONEYFRAME\UI-GOLDICON.BLP:0|t
present,,,,1,481,Regal Riding Crane,127177,,,2,0,|cFFFFD200Vendor: |rJaluu the Generous|n|cFFFFD200Zone: |rVale of Eternal Blossoms|n|cFFFFD200Faction: |rGolden Lotus - Exalted|n|cFFFFD200Cost: |r1500|TINTERFACE\MONEYFRAME\UI-GOLDICON.BLP:0|t
present,,,,1,482,Jungle Riding Crane,127178,,,2,1152,|cFFFFD200World Event:|r WoW Remix: Mists of Pandaria
present,,,,1,484,Black Riding Yak,127209,,,2,1152,|cFFFFD200World Event:|r WoW Remix: Mists of Pandaria
present,,,,1,485,Modest Expedition Yak,127213,,,2,1152,|cFFFFD200World Event:|r WoW Remix: Mists of Pandaria
present,,,,1,486,Grey Riding Yak,127216,,,2,0,|cFFFFD200Vendor: |rUncle Bigpocket|n|cFFFFD200Zone: |rKun-Lai Summit|n|cFFFFD200Cost: |r3000|TINTERFACE\MONEYFRAME\UI-GOLDICON.BLP:0|t
present,,,,1,487,Blonde Riding Yak,127220,,,2,0,|cFFFFD200Vendor: |rUncle Bigpocket|n|cFFFFD200Zone: |rKun-Lai Summit|n|cFFFFD200Cost: |r3000|TINTERFACE\MONEYFRAME\UI-GOLDICON.BLP:0|t
present,,,,1,488,Crimson Water Strider,127271,,,2,0,|cFFFFD200Vendor: |rNat Pagle|n|cFFFFD200Zone: |rGarrison: Fishing Shack|n|cFFFFD200Faction: |rNat Pagle - Honored|n|cFFFFD200Cost: |r100|Hitem:117397|h|TINTERFACE\ICONS\INV_Misc_Coin_19.blp:0|t|h
present,,,,1,492,Black Dragon Turtle,127286,,,2,0,|cFFFFD200Vendor: |rTurtlemaster Odai|n|cFFFFD200Zone: |rOrgrimmar|n|cFFFFD200Cost: |r1|TINTERFACE\MONEYFRAME\UI-GOLDICON.BLP:0|t|n|n|cFFFFD200Vendor: |rOld Whitenose|n|cFFFFD200Zone: |rStormwind City|n|cFFFFD200Cost: |r1|TINTERFACE\MONEYFRAME\UI-GOLDICON.BLP:0|t
present,,,,1,493,Blue Dragon Turtle,127287,,,2,0,|cFFFFD200Vendor: |rTurtlemaster Odai|n|cFFFFD200Zone: |rOrgrimmar|n|cFFFFD200Cost: |r1|TINTERFACE\MONEYFRAME\UI-GOLDICON.BLP:0|t|n|n|cFFFFD200Vendor: |rOld Whitenose|n|cFFFFD200Zone: |rStormwind City|n|cFFFFD200Cost: |r1|TINTERFACE\MONEYFRAME\UI-GOLDICON.BLP:0|t
present,,,,1,494,Brown Dragon Turtle,127288,,,2,0,|cFFFFD200Vendor: |rTurtlemaster Odai|n|cFFFFD200Zone: |rOrgrimmar|n|cFFFFD200Cost: |r1|TINTERFACE\MONEYFRAME\UI-GOLDICON.BLP:0|t|n|n|cFFFFD200Vendor: |rOld Whitenose|n|cFFFFD200Zone: |rStormwind City|n|cFFFFD200Cost: |r1|TINTERFACE\MONEYFRAME\UI-GOLDICON.BLP:0|t
present,,,,1,495,Purple Dragon Turtle,127289,,,2,0,|cFFFFD200Vendor: |rTurtlemaster Odai|n|cFFFFD200Zone: |rOrgrimmar|n|cFFFFD200Cost: |r1|TINTERFACE\MONEYFRAME\UI-GOLDICON.BLP:0|t|n|n|cFFFFD200Vendor: |rOld Whitenose|n|cFFFFD200Zone: |rStormwind City|n|cFFFFD200Cost: |r1|TINTERFACE\MONEYFRAME\UI-GOLDICON.BLP:0|t
present,,,,1,496,Red Dragon Turtle,127290,,,2,0,|cFFFFD200Vendor: |rTurtlemaster Odai|n|cFFFFD200Zone: |rOrgrimmar|n|cFFFFD200Cost: |r1|TINTERFACE\MONEYFRAME\UI-GOLDICON.BLP:0|t|n|n|cFFFFD200Vendor: |rOld Whitenose|n|cFFFFD200Zone: |rStormwind City|n|cFFFFD200Cost: |r1|TINTERFACE\MONEYFRAME\UI-GOLDICON.BLP:0|t
present,,,,1,497,Great Green Dragon Turtle,127293,,,2,0,|cFFFFD200Vendor: |rTurtlemaster Odai|n|cFFFFD200Zone: |rOrgrimmar|n|cFFFFD200Cost: |r10|TINTERFACE\MONEYFRAME\UI-GOLDICON.BLP:0|t|n|n|cFFFFD200Vendor: |rOld Whitenose|n|cFFFFD200Zone: |rStormwind City|n|cFFFFD200Cost: |r10|TINTERFACE\MONEYFRAME\UI-GOLDICON.BLP:0|t
present,,,,1,498,Great Black Dragon Turtle,127295,,,2,0,|cFFFFD200Vendor: |rTurtlemaster Odai|n|cFFFFD200Zone: |rOrgrimmar|n|cFFFFD200Cost: |r10|TINTERFACE\MONEYFRAME\UI-GOLDICON.BLP:0|t|n|n|cFFFFD200Vendor: |rOld Whitenose|n|cFFFFD200Zone: |rStormwind City|n|cFFFFD200Cost: |r10|TINTERFACE\MONEYFRAME\UI-GOLDICON.BLP:0|t
present,,,,1,499,Great Blue Dragon Turtle,127302,,,2,0,|cFFFFD200Vendor: |rTurtlemaster Odai|n|cFFFFD200Zone: |rOrgrimmar|n|cFFFFD200Cost: |r10|TINTERFACE\MONEYFRAME\UI-GOLDICON.BLP:0|t|n|n|cFFFFD200Vendor: |rOld Whitenose|n|cFFFFD200Zone: |rStormwind City|n|cFFFFD200Cost: |r10|TINTERFACE\MONEYFRAME\UI-GOLDICON.BLP:0|t
present,,,,1,500,Great Brown Dragon Turtle,127308,,,2,0,|cFFFFD200Vendor: |rTurtlemaster Odai|n|cFFFFD200Zone: |rOrgrimmar|n|cFFFFD200Cost: |r10|TINTERFACE\MONEYFRAME\UI-GOLDICON.BLP:0|t|n|n|cFFFFD200Vendor: |rOld Whitenose|n|cFFFFD200Zone: |rStormwind City|n|cFFFFD200Cost: |r10|TINTERFACE\MONEYFRAME\UI-GOLDICON.BLP:0|t
present,,,,1,501,Great Purple Dragon Turtle,127310,,,2,0,|cFFFFD200Vendor: |rTurtlemaster Odai|n|cFFFFD200Zone: |rOrgrimmar|n|cFFFFD200Cost: |r10|TINTERFACE\MONEYFRAME\UI-GOLDICON.BLP:0|t|n|n|cFFFFD200Vendor: |rOld Whitenose|n|cFFFFD200Zone: |rStormwind City|n|cFFFFD200Cost: |r10|TINTERFACE\MONEYFRAME\UI-GOLDICON.BLP:0|t
present,,,,1,503,Crimson Pandaren Phoenix,129552,,,2,128,|cFFFFD200Vendor: |rKai Featherfall|n|cFFFFD200Location: |rVale of Eternal Blossoms|n|cFFFFD200Cost: |r1|Hitem:90045|h|TINTERFACE\ICONS\INV_MISC_PHOENIXEGG.BLP:0|t|h
present,,,,1,504,Thundering August Cloud Serpent,129918,,,2,128,|cFFFFD200Vendor: |rSage Whiteheart (Alliance)|n|cFFFFD200Zone: |rVale of Eternal Blossoms|n|cFFFFD200Faction: |rThe August Celestials - Exalted|n|cFFFFD200Cost: |r10000|TINTERFACE\MONEYFRAME\UI-GOLDICON.BLP:0|t|n|n|cFFFFD200Vendor: |rSage Lotusbloom (Horde)|n|cFFFFD200Zone: |rVale of Eternal Blossoms|n|cFFFFD200Faction: |rThe August Celestials - Exalted|n|cFFFFD200Cost: |r10000|TINTERFACE\MONEYFRAME\UI-GOLDICON.BLP:0|t
present,,,,1,505,Green Shado-Pan Riding Tiger,129932,,,2,0,|cFFFFD200Vendor: |rRushi the Fox|n|cFFFFD200Zone: |rTownlong Steppes|n|cFFFFD200Faction: |rShado-Pan - Exalted|n|cFFFFD200Cost: |r1500|TINTERFACE\MONEYFRAME\UI-GOLDICON.BLP:0|t
present,,,,1,506,Blue Shado-Pan Riding Tiger,129934,,,2,0,|cFFFFD200Vendor: |rRushi the Fox|n|cFFFFD200Zone: |rTownlong Steppes|n|cFFFFD200Faction: |rShado-Pan - Exalted|n|cFFFFD200Cost: |r500|TINTERFACE\MONEYFRAME\UI-GOLDICON.BLP:0|t
present,,,,1,507,Red Shado-Pan Riding Tiger,129935,,,2,0,|cFFFFD200Vendor: |rRushi the Fox|n|cFFFFD200Zone: |rTownlong Steppes|n|cFFFFD200Faction: |rShado-Pan - Exalted|n|cFFFFD200Cost: |r2500|TINTERFACE\MONEYFRAME\UI-GOLDICON.BLP:0|t
present,,,,1,508,Brown Riding Goat,130086,,,2,0,|cFFFFD200Vendor: |rGina Mudclaw|n|cFFFFD200Zone: |rValley of the Four Winds|n|cFFFFD200Faction: |rThe Tillers - Exalted|n|cFFFFD200Cost: |r500|TINTERFACE\MONEYFRAME\UI-GOLDICON.BLP:0|t
present,,,,1,509,Red Flying Cloud,130092,,,2,1024,|cFFFFD200Vendor: |rTan Shin Tiao|n|cFFFFD200Zone: |rVale of Eternal Blossoms|n|cFFFFD200Faction: |rThe Lorewalkers - Exalted|n|cFFFFD200Cost: |r600|TINTERFACE\MONEYFRAME\UI-GOLDICON.BLP:0|t
present,,,,1,510,White Riding Goat,130137,,,2,0,|cFFFFD200Vendor: |rGina Mudclaw|n|cFFFFD200Zone: |rTimeless Isle|n|cFFFFD200Faction: |rThe Tillers - Exalted|n|cFFFFD200Cost: |r3250|TINTERFACE\MONEYFRAME\UI-GOLDICON.BLP:0|t|n|n|cFFFFD200Vendor: |rGina Mudclaw|n|cFFFFD200Zone: |rValley of the Four Winds|n|cFFFFD200Faction: |rThe Tillers - Exalted|n|cFFFFD200Cost: |r3250|TINTERFACE\MONEYFRAME\UI-GOLDICON.BLP:0|t
present,,,,1,511,Black Riding Goat,130138,,,2,0,|cFFFFD200Vendor: |rGina Mudclaw|n|cFFFFD200Zone: |rTimeless Isle|n|cFFFFD200Faction: |rThe Tillers - Exalted|n|cFFFFD200Cost: |r1500|TINTERFACE\MONEYFRAME\UI-GOLDICON.BLP:0|t|n|n|cFFFFD200Vendor: |rGina Mudclaw|n|cFFFFD200Zone: |rValley of the Four Winds|n|cFFFFD200Faction: |rThe Tillers - Exalted|n|cFFFFD200Cost: |r1500|TINTERFACE\MONEYFRAME\UI-GOLDICON.BLP:0|t
present,,,,1,515,Son of Galleon,130965,,,0,0,|cFFFFD200Drop:|r Galleon|n|cFFFFD200Location:|r Valley of the Four Winds|n
present,,,,1,516,Pandaren Kite,130985,,,5,1156,|cFFFFD200Achievement: |rPandaren Ambassador|n|cFFFFD200Category: |rPandaria
present,,,,1,656,Llothien Prowler,171850,,,1,0,|cFFFFD200Quest:|r Volpin the Elusive|n|cFFFFD200Zone:|r Suramar|n
present,,,,1,517,Thundering Ruby Cloud Serpent,132036,,,0,128,|cFFFFD200Drop: |rAlani|n|cFFFFD200Zone: |rVale of Eternal Blossoms
present,,,,1,518,Ashen Pandaren Phoenix,132117,,,2,128,|cFFFFD200Vendor: |rWorld Vendors|n|cFFFFD200Cost: |r1|Hitem:90045|h|TINTERFACE\ICONS\INV_MISC_PHOENIXEGG.BLP:0|t|h
present,,,,1,519,Emerald Pandaren Phoenix,132118,,,2,128,|cFFFFD200Vendor: |rWorld Vendors|n|cFFFFD200Cost: |r1|Hitem:90045|h|TINTERFACE\ICONS\INV_MISC_PHOENIXEGG.BLP:0|t|h
present,,,,1,520,Violet Pandaren Phoenix,132119,,,2,128,|cFFFFD200Vendor: |rWorld Vendors|n|cFFFFD200Cost: |r1|Hitem:90045|h|TINTERFACE\ICONS\INV_MISC_PHOENIXEGG.BLP:0|t|h
present,,,,1,521,Jade Pandaren Kite,133023,,,5,1152,|cFFFFD200Achievement: |rWe're Going to Need More Saddles|n|cFFFFD200Category: |rGeneral
present,,,,1,522,Sky Golem,134359,,,3,2048,|cFFFFD200Profession: |rEngineering
present,,,,1,523,Swift Windsteed,134573,,,9,128,|cFFFFD200In-Game Shop|r
present,,,,1,526,Grand Armored Gryphon,135416,,,2,132,|cFFFFD200Vendor: |rAgent Malley|n|cFFFFD200Zone: |rKrasarang Wilds|n|cFFFFD200Faction: |rOperation: Shieldwall - Exalted|n|cFFFFD200Cost: |r2000|TINTERFACE\MONEYFRAME\UI-GOLDICON.BLP:0|t
present,,,,1,527,Grand Armored Wyvern,135418,,,2,132,|cFFFFD200Vendor: |rTuskripper Grukna|n|cFFFFD200Zone: |rKrasarang Wilds|n|cFFFFD200Faction: |rDominance Offensive - Exalted|n|cFFFFD200Cost: |r2000|TINTERFACE\MONEYFRAME\UI-GOLDICON.BLP:0|t
present,,,,1,528,Grand Gryphon,136163,,,1,132,|cFFFFD200Quest: |rThe Silence|n|cFFFFD200Zone: |rKun-Lai Summit
present,,,,1,529,Grand Wyvern,136164,,,1,132,|cFFFFD200Quest: |rBreath of Darkest Shadow|n|cFFFFD200Zone: |rKun-Lai Summit
present,,,,1,530,Armored Skyscreamer,136400,,,5,128,|cFFFFD200Achievement: |rGlory of the Thundering Raider|n|cFFFFD200Category: |rDungeons & Raids
present,,,,1,531,Spawn of Horridon,136471,,,0,0,|cFFFFD200Drop: |rHorridon|n|cFFFFD200Zone: |rThrone of Thunder
present,,,,1,532,Ghastly Charger,136505,,,8,64,|cFFFFD200Vendor: |rLandro Longshot|n|cFFFFD200Location:|r Booty Bay|n
present,,,,1,533,Cobalt Primordial Direhorn,138423,,,0,0,|cFFFFD200Drop:|r Oondasta|n|cFFFFD200Location:|r Isle of Giants
present,,,,1,534,Amber Primordial Direhorn,138424,,,0,0,"|cFFFFD200Drop: |rZandalari Warbringer|n|cFFFFD200Zone: |rDread Wastes, Kun-Lai Summit, Townlong Steppes, Valley of the Four Winds"
present,,,,1,535,Slate Primordial Direhorn,138425,,,0,0,"|cFFFFD200Drop: |rZandalari Warbringer|n|cFFFFD200Zone: |rDread Wastes, Krasarang Wilds, Kun-Lai Summit, Townlong Steppes, Valley of the Four Winds"
present,,,,1,536,Jade Primordial Direhorn,138426,,,0,0,"|cFFFFD200Drop: |rZandalari Warbringer|n|cFFFFD200Zone: |rDread Wastes, Kun-Lai Summit, Townlong Steppes, Valley of the Four Winds"
present,,,,1,537,Bone-White Primal Raptor,138640,,,1,0,|cFFFFD200Quest: |rA Mountain of Giant Dinosaur Bones|n|cFFFFD200Zone: |rIsle of Giants
present,,,,1,538,Red Primal Raptor,138641,,,0,0,|cFFFFD200Drop:|r Cracked Primal Egg
present,,,,1,539,Black Primal Raptor,138642,,,0,0,|cFFFFD200Drop:|r Cracked Primal Egg
present,,,,1,540,Green Primal Raptor,138643,,,0,0,|cFFFFD200Drop:|r Cracked Primal Egg
present,,,,1,541,Malevolent Gladiator's Cloud Serpent,139407,,,5,192,|cFFFFD200Legacy|r
present,,,,1,542,Thundering Cobalt Cloud Serpent,139442,,,0,128,|cFFFFD200Drop:|r Nalak|n|cFFFFD200Location:|r Isle of Thunder|n
present,,,,1,543,Clutch of Ji-Kun,139448,,,0,128,|cFFFFD200Drop: |rJi-Kun|n|cFFFFD200Zone: |rThrone of Thunder
present,,,,1,545,Golden Primal Direhorn,140249,,,2,4,|cFFFFD200Vendor: |rHiren Loresong|n|cFFFFD200Zone: |rIsle of Thunder|n|cFFFFD200Faction: |rKirin Tor Offensive - Exalted|n|cFFFFD200Cost: |r3000|TINTERFACE\MONEYFRAME\UI-GOLDICON.BLP:0|t
present,,,,1,546,Crimson Primal Direhorn,140250,,,2,4,|cFFFFD200Vendor: |rVasarin Redmorn|n|cFFFFD200Zone: |rIsle of Thunder|n|cFFFFD200Faction: |rSunreaver Onslaught - Exalted|n|cFFFFD200Cost: |r3000|TINTERFACE\MONEYFRAME\UI-GOLDICON.BLP:0|t
present,,,,1,547,Hearthsteed,142073,,,7,0,|cFFFFD200Promotion:|r Hearthstone|n
present,,,,1,548,Armored Red Dragonhawk,142266,,,5,132,|cFFFFD200Achievement: |rMount Parade|n|cFFFFD200Category: |rGeneral
present,,,,1,549,Armored Blue Dragonhawk,142478,,,5,132,|cFFFFD200Achievement: |rMount Parade|n|cFFFFD200Category: |rGeneral
present,,,,1,550,Brawler's Burly Mushan Beast,142641,,,2,0,|cFFFFD200Vendor: |rPaul North|n|cFFFFD200Zone: |rBrawl'gar Arena|n|cFFFFD200Cost: |r1500|TINTERFACE\MONEYFRAME\UI-GOLDICON.BLP:0|t
present,,,,1,551,Enchanted Fey Dragon,142878,,,9,128,|cFFFFD200In-Game Shop|r
present,,,,1,552,Ironbound Wraithcharger,142910,,,2,0,|cFFFFD200Vendor: |rAuzin|n|cFFFFD200Zone: |rDalaran|n|cFFFFD200Cost: |r5000|Hcurrency:1166|h|TInterface\ICONS\PVECurrency-Justice.blp:0|t|h
present,,,,1,554,Vicious Kaldorei Warsaber,146615,,,2,4,|cFFFFD200Vendor: |rNecrolord Sipe|n|cFFFFD200Zone: |rStormwind City|n|cFFFFD200Cost: |r1|Hitem:103533|h|TINTERFACE\ICONS\ACHIEVEMENT_BG_KILL_ON_MOUNT.BLP:0|t|h
present,,,,1,555,Vicious Skeletal Warhorse,146622,,,2,4,|cFFFFD200Vendor: |rDeathguard Netharian|n|cFFFFD200Zone: |rOrgrimmar|n|cFFFFD200Cost: |r1|Hitem:103533|h|TINTERFACE\ICONS\ACHIEVEMENT_BG_KILL_ON_MOUNT.BLP:0|t|h
present,,,,1,557,Spawn of Galakras,148392,,,5,128,|cFFFFD200Achievement: |rGlory of the Orgrimmar Raider|n|cFFFFD200Category: |rDungeons & Raids
present,,,,1,558,Kor'kron War Wolf,148396,,,5,0,|cFFFFD200Achievement: |rAhead of the Curve: Garrosh Hellscream (10/25 player)|n|cFFFFD200Category: |rFeats of Strength
present,,,,1,559,Kor'kron Juggernaut,148417,,,0,0,|cFFFFD200Drop: |rGarrosh Hellscream|n|cFFFFD200Location:|r Siege of Orgrimmar
present,,,,1,560,Ashhide Mushan Beast,148428,,,2,0,|cFFFFD200Vendor: |rSpeaker Gulan|n|cFFFFD200Zone: |rTimeless Isle|n|cFFFFD200Cost: |r500|Hcurrency:789|h|TINTERFACE\ICONS\TimelessCoin-Bloody.blp:0|t|h
present,,,,1,561,Thundering Onyx Cloud Serpent,148476,,,0,128,|cFFFFD200Drop:|r Huolon|n|cFFFFD200Location:|r Timeless Isle
present,,,,1,562,Tyrannical Gladiator's Cloud Serpent,148618,,,5,192,|cFFFFD200Legacy|r
present,,,,1,563,Grievous Gladiator's Cloud Serpent,148619,,,2,192,|cFFFFD200Legacy|r
present,,,,1,564,Prideful Gladiator's Cloud Serpent,148620,,,5,192,|cFFFFD200Legacy|r
present,,,,1,568,Emerald Hippogryph,149801,,,7,128,|cFFFFD200Recruit-a-Friend|r
present,,,,1,571,Iron Skyreaver,153489,,,9,128,|cFFFFD200In-Game Shop|r
present,,,,1,593,Warforged Nightmare,163024,,,9,0,|cFFFFD200In-Game Shop|r
present,,,,1,594,Grinning Reaver,163025,,,9,0,|cFFFFD200In-Game Shop|r
present,,,,1,600,Dread Raven,155741,,,7,128,|cFFFFD200Promotion:|r Warlords of Draenor Collector's Edition|n
present,,,,1,603,Creeping Carpet,169952,,,3,1024,|cFFFFD200Profession:|r Tailoring
present,,,,1,606,Core Hound,170347,,,5,0,"|cFFFFD200Achievement:|r Boldly, You Sought the Power of Ragnaros|n|cFFFFD200Category:|r Feats of Strength"
present,,,,1,608,Witherhide Cliffstomper,171616,,,2,0,|cFFFFD200Vendor: |rTrader Araanda|n|cFFFFD200Zone: |rLunarfall|n|cFFFFD200Cost: |r20000|TINTERFACE\MONEYFRAME\UI-GOLDICON.BLP:0|t|n|n|cFFFFD200Vendor: |rTrader Darakk|n|cFFFFD200Zone: |rFrostwall|n|cFFFFD200Cost: |r20000|TINTERFACE\MONEYFRAME\UI-GOLDICON.BLP:0|t
present,,,,1,609,Trained Icehoof,171617,,,2,0,|cFFFFD200Source:|r Garrison Stables|n
present,,,,1,611,Tundra Icehoof,171619,,,0,0,"|cFFFFD200Drop:|r Vengeance, Deathtalon, Terrorfist, Doomroller|n|cFFFFD200Zone:|r Tanaan Jungle|n"
present,,,,1,612,Bloodhoof Bull,171620,,,0,0,|cFFFFD200Drop:|r Nakk the Thunderer|n|cFFFFD200Location:|r Nagrand
present,,,,1,613,Ironhoof Destroyer,171621,,,0,0,|cFFFFD200Drop:|r Blackhand|n|cFFFFD200Location:|r Blackrock Foundry (Mythic)
present,,,,1,614,Mottled Meadowstomper,171622,,,0,0,|cFFFFD200Drop:|r Luk'hok|n|cFFFFD200Zone:|r Nagrand
present,,,,1,615,Trained Meadowstomper,171623,,,1,0,|cFFFFD200Quest:|r Garrison Stables
present,,,,1,616,Shadowhide Pearltusk,171624,,,0,0,|cFFFFD200Drop:|r Invader's Forgotten Treasure
present,,,,1,617,Dusty Rockhide,171625,,,2,4,"|cFFFFD200Vendor:|r Vindicator Nuurem|n|cFFFFD200Faction:|r Council of Exarchs - Exalted|n|cFFFFD200Location:|r Stormshield|n|cFFFFD200Cost:|r 5,000|TINTERFACE\MONEYFRAME\UI-GOLDICON.BLP:0|t + 5,000|Hcurrency:823|h|Tinterface\icons\inv_apexis_draenor.blp:0|t|h"
present,,,,1,618,Armored Irontusk,171626,,,2,4,"|cFFFFD200Vendor:|r |n|cFFFFD200Faction:|r Sha'tari Defense - Exalted|n|cFFFFD200Location:|r Garrison Trading Post|n|cFFFFD200Cost:|r 5,000|TINTERFACE\MONEYFRAME\UI-GOLDICON.BLP:0|t + 5,000|Hcurrency:823|h|Tinterface\icons\inv_apexis_draenor.blp:0|t|h"
present,,,,1,619,Blacksteel Battleboar,171627,,,5,0,|cFFFFD200Achievement:|r Guild Glory of the Draenor Raider|n
present,,,,1,620,Rocktusk Battleboar,171628,,,2,0,|cFFFFD200Vendor: |rTrader Araanda|n|cFFFFD200Zone: |rLunarfall|n|cFFFFD200Cost: |r10000|TINTERFACE\MONEYFRAME\UI-GOLDICON.BLP:0|t|n|n|cFFFFD200Vendor: |rTrader Darakk|n|cFFFFD200Zone: |rFrostwall|n|cFFFFD200Cost: |r10000|TINTERFACE\MONEYFRAME\UI-GOLDICON.BLP:0|t
present,,,,1,621,Armored Frostboar,171629,,,5,0,|cFFFFD200Achievement:|r Advanced Husbandry|n
present,,,,1,622,Armored Razorback,171630,,,0,0,"|cFFFFD200Drop:|r Vengeance, Deathtalon, Terrorfist, Doomroller|n|cFFFFD200Zone:|r Tanaan Jungle|n"
present,,,,1,623,Frostplains Battleboar,171632,,,5,0,|cFFFFD200Achievement:|r Glory of the Draenor Hero
present,,,,1,624,Wild Goretusk,171633,,,2,0,|cFFFFD200Vendor: |rZ'tenga the Walker|n|cFFFFD200Zone: |rTanaan Jungle|n|cFFFFD200Faction: |rThe Saberstalkers - Honored|n|cFFFFD200Cost: |r1000|Hitem:124099|h|TInterface\ICONS\INV_misc_blacksaberonfang.blp:0|t|h
present,,,,1,625,Domesticated Razorback,171634,,,2,0,"|cFFFFD200Vendor:|r Gazrix Gearlock / Mimi Wizzlebub|n|cFFFFD200Faction:|r Steamwheedle ""Preservation"" Society - Exalted|n|cFFFFD200Location:|r Stormshield / Warspear|n|cFFFFD200Cost:|r 5,000|TINTERFACE\MONEYFRAME\UI-GOLDICON.BLP:0|t + 5,000|Hcurrency:823|h|Tinterface\icons\inv_apexis_draenor.blp:0|t|h|n"
present,,,,1,626,Giant Coldsnout,171635,,,0,0,|cFFFFD200Drop:|r Invader's Forgotten Treasure
present,,,,1,627,Great Greytusk,171636,,,0,0,|cFFFFD200Drop:|r Gorok|n|cFFFFD200Zone:|r Frostfire Ridge|n
present,,,,1,628,Trained Rocktusk,171637,,,1,0,|cFFFFD200Quest:|r Garrison Stables
present,,,,1,629,Trained Riverwallow,171638,,,1,0,|cFFFFD200Quest:|r Garrison Stables
present,,,,1,630,Sapphire Riverbeast,171824,,,0,0,|cFFFFD200Drop:|r Silthide|n|cFFFFD200Zone:|r Talador
present,,,,1,631,Mudback Riverbeast,171826,,,1,0,"|cFFFFD200Garrison Mission:|r It's a Boat, It's a Plane, It's... Just a Riverbeast.|n"
present,,,,1,2969,Swift Spectral Dragonhawk,1289395,,,5,64,|cFFFFD200Legacy|r
present,,,,1,632,Mosshide Riverwallow,171825,,,2,0,"|cFFFFD200Vendor:|r Dawn-Seeker Krek / Dawn-Seeker Alkset|n|cFFFFD200Location:|r Stormshield / Warspear|n|cFFFFD200Cost:|r 50,000|TINTERFACE\MONEYFRAME\UI-GOLDICON.BLP:0|t + 5,000|Hcurrency:823|h|Tinterface\icons\inv_apexis_draenor.blp:0|t|h"
present,,,,1,633,Hellfire Infernal,171827,,,0,0,|cFFFFD200Drop:|r Gul'dan (Mythic)|n|cFFFFD200Zone:|r The Nighthold
present,,,,1,634,Solar Spirehawk,171828,,,0,0,|cFFFFD200Drop:|r Rukhmar|n
present,,,,1,635,Shadowmane Charger,171829,,,2,0,"|cFFFFD200Vendor:|r Ravenspeaker Skeega / Shadow-Sage Brakoss|n|cFFFFD200Faction:|r Arakkoa Outcasts - Exalted|n|cFFFFD200Location:|r Stormshield / Warspear|n|cFFFFD200Cost:|r 5,000|TINTERFACE\MONEYFRAME\UI-GOLDICON.BLP:0|t + 5,000|Hcurrency:823|h|Tinterface\icons\inv_apexis_draenor.blp:0|t|h|n"
present,,,,1,636,Swift Breezestrider,171830,,,0,0,|cFFFFD200Drop:|r Pathrunner|n|cFFFFD200Zone:|r Shadowmoon Valley|n
present,,,,1,637,Trained Silverpelt,171831,,,1,0,|cFFFFD200Location:|r Garrison Stables
present,,,,1,638,Breezestrider Stallion,171832,,,2,0,"|cFFFFD200Vendor:|r Dazzerian|n|cFFFFD200Faction:|r Vol'jin's Spear - Exalted|n|cFFFFD200Location:|r Warspear|n|cFFFFD200Cost:|r 5,000|TINTERFACE\MONEYFRAME\UI-GOLDICON.BLP:0|t + 5,000|Hcurrency:823|h|Tinterface\icons\inv_apexis_draenor.blp:0|t|h|n"
present,,,,1,639,Pale Thorngrazer,171833,,,2,0,"|cFFFFD200Vendor:|r Crafticus Mindbender|n|cFFFFD200Faction:|r Wrynn's Vanguard - Exalted|n|cFFFFD200Location:|r Stormshield|n|cFFFFD200Cost:|r 5,000|TINTERFACE\MONEYFRAME\UI-GOLDICON.BLP:0|t + 5,000|Hcurrency:823|h|Tinterface\icons\inv_apexis_draenor.blp:0|t|h"
present,,,,1,640,Vicious War Ram,171834,,,2,4,|cFFFFD200Vendor: |rNecrolord Sipe|n|cFFFFD200Zone: |rStormwind City|n|cFFFFD200Cost: |r1|Hitem:103533|h|TINTERFACE\ICONS\ACHIEVEMENT_BG_KILL_ON_MOUNT.BLP:0|t|h
present,,,,1,641,Vicious War Raptor,171835,,,2,4,|cFFFFD200Vendor: |rDeathguard Netharian|n|cFFFFD200Zone: |rOrgrimmar|n|cFFFFD200Cost: |r1|Hitem:103533|h|TINTERFACE\ICONS\ACHIEVEMENT_BG_KILL_ON_MOUNT.BLP:0|t|h
present,,,,1,642,Garn Steelmaw,171836,,,0,0,|cFFFFD200Drop:|r Invader's Forgotten Treasure
present,,,,1,643,Warsong Direfang,171837,,,0,0,"|cFFFFD200Drop:|r Vengeance, Deathtalon, Terrorfist, Doomroller|n|cFFFFD200Zone:|r Tanaan Jungle|n"
present,,,,1,644,Armored Frostwolf,171838,,,5,0,|cFFFFD200Achievement:|r The Stable Master|n
present,,,,1,645,Ironside Warwolf,171839,,,2,4,"|cFFFFD200Vendor:|r Kil'rip|n|cFFFFD200Faction:|r Laughing Skull - Exalted|n|cFFFFD200Location:|r Horde Garrison Trading Post|n|cFFFFD200Cost:|r 5,000|TINTERFACE\MONEYFRAME\UI-GOLDICON.BLP:0|t + 5,000|Hcurrency:823|h|Tinterface\icons\inv_apexis_draenor.blp:0|t|h"
present,,,,1,646,Coldflame Infernal,171840,,,0,64,|cFFFFD200Trading Post|r 
present,,,,1,647,Trained Snarler,171841,,,1,0,|cFFFFD200Quest:|r Garrison Stables
present,,,,1,648,Swift Frostwolf,171842,,,2,4,"|cFFFFD200Vendor:|r Beska Redtusk|n|cFFFFD200Faction:|r Frostwolf Orcs - Exalted|n|cFFFFD200Location:|r Warspear|n|cFFFFD200Cost:|r 5,000|TINTERFACE\MONEYFRAME\UI-GOLDICON.BLP:0|t + 5,000|Hcurrency:823|h|Tinterface\icons\inv_apexis_draenor.blp:0|t|h"
present,,,,1,649,Smoky Direwolf,171843,,,0,0,|cFFFFD200Drop:|r Invader's Forgotten Treasure
present,,,,1,650,Dustmane Direwolf,171844,,,3,0,|cFFFFD200Profession:|r Leatherworking|n
present,,,,1,651,Warlord's Deathwheel,171845,,,5,0,|cFFFFD200Achievement:|r Warlord's Deathwheel|n|cFFFFD200Category:|r Feats of Strength
present,,,,1,652,Champion's Treadblade,171846,,,2,0,"|cFFFFD200Vendor:|r Paulie|n|cFFFFD200Zone:|r Stormwind, Old Town|n|cFFFFD200Cost: |r100000|TINTERFACE\MONEYFRAME\UI-GOLDICON.BLP:0|t"
present,,,,1,654,Challenger's War Yeti,171848,,,5,0,|cFFFFD200Achievement:|r Challenge Warlord: Silver|n
present,,,,1,655,Sunhide Gronnling,171849,,,0,0,|cFFFFD200Drop:|r Poundfist|n|cFFFFD200Zone:|r Gorgrond
present,,,,1,657,Garn Nighthowl,171851,,,0,0,|cFFFFD200Drop:|r Nok-Karosh|n|cFFFFD200Location:|r Frostfire Ridge
present,,,,1,663,Bloodfang Widow,213115,,,2,0,|cFFFFD200Vendor:|r The Mad Merchant|n
present,,,,1,664,Emerald Drake,175700,,,5,128,|cFFFFD200Achievement:|r Drake Collector|n|cFFFFD200Category:|r Mounts
present,,,,1,678,Chauffeured Mechano-Hog,179244,,,5,4100,|cFFFFD200Achievement:|r Heirloom Hoarder|n
present,,,,1,679,Chauffeured Mekgineer's Chopper,179245,,,5,4100,|cFFFFD200Achievement:|r Heirloom Hoarder
present,,,,1,682,Voidtalon of the Dark Star,179478,,,0,0,|cFFFFD200Drop: |rVoidtalon Egg
present,,,,1,741,Mystic Runesaber,180545,,,9,0,|cFFFFD200In-Game Shop|r
present,,,,1,751,Felsteel Annihilator,182912,,,0,0,|cFFFFD200Drop: |rArchimonde|n|cFFFFD200Location:|r Hellfire Citadel|n|cFFFFD200Difficulty:|r Mythic|n
present,,,,1,753,Corrupted Dreadwing,183117,,,2,0,"|cFFFFD200Vendor: |rDawn-Seeker Krisek|n|cFFFFD200Zone: |rTanaan Jungle|n|cFFFFD200Faction: |rOrder of the Awakened - Friendly|n|cFFFFD200Cost:|r 150,000|Hcurrency:823|h|Tinterface\icons\inv_apexis_draenor.blp:0|t|h"
present,,,,1,755,Vicious War Mechanostrider,183889,,,2,4,|cFFFFD200Vendor: |rNecrolord Sipe|n|cFFFFD200Zone: |rStormwind City|n|cFFFFD200Cost: |r1|TINTERFACE\ICONS\ACHIEVEMENT_BG_KILL_ON_MOUNT.BLP:0|t
present,,,,1,756,Vicious War Kodo,185052,,,2,4,|cFFFFD200Vendor: |rDeathguard Netharian|n|cFFFFD200Zone: |rOrgrimmar|n|cFFFFD200Cost: |r1|Hitem:103533|h|TINTERFACE\ICONS\ACHIEVEMENT_BG_KILL_ON_MOUNT.BLP:0|t|h
present,,,,1,758,Infernal Direwolf,186305,,,5,0,|cFFFFD200Achievement:|r Glory of the Hellfire Raider
present,,,,1,759,Primal Gladiator's Felblood Gronnling,186828,,,5,64,|cFFFFD200Achievement: |rGladiator: Warlords Season 1|n|cFFFFD200Category: |rFeats of Strength
present,,,,1,760,Wild Gladiator's Felblood Gronnling,189043,,,5,64,|cFFFFD200Achievement: |rGladiator: Warlords Season 2|n|cFFFFD200Category: |rFeats of Strength
present,,,,1,761,Warmongering Gladiator's Felblood Gronnling,189044,,,5,64,|cFFFFD200Achievement: |rGladiator: Warlords Season 3|n|cFFFFD200Category: |rFeats of Strength
present,,,,1,762,Coalfist Gronnling,189364,,,0,0,|cFFFFD200Garrison Mission:|r Breaker Two
present,,,,1,763,Illidari Felstalker,189998,,,7,0,|cFFFFD200Promotion:|r Legion Collector's Edition|n
present,,,,1,764,Grove Warden,189999,,,1,0,|cFFFFD200Quest: |rDark Waters|n|cFFFFD200Zone: |rMoonglade
present,,,,1,765,Bristling Hellboar,190690,,,2,0,|cFFFFD200Vendor: |rZ'tenga the Walker|n|cFFFFD200Zone: |rTanaan Jungle|n|cFFFFD200Faction: |rThe Saberstalkers - Exalted|n|cFFFFD200Cost: |r5000|Hitem:124099|h|TInterface\ICONS\INV_misc_blacksaberonfang.blp:0|t|h
present,,,,1,767,Charger,221883,,,1,264,|cFFFFD200Paladin|r
present,,,,1,768,Deathtusk Felboar,190977,,,2,0,|cFFFFD200Vendor: |rShadow Hunter Denjai|n|cFFFFD200Zone: |rTanaan Jungle|n|cFFFFD200Faction: |rVol'jin's Headhunters - Exalted|n|n|cFFFFD200Vendor: |rVindicator Krethos|n|cFFFFD200Zone: |rTanaan Jungle|n|cFFFFD200Faction: |rHand of the Prophet - Exalted
present,,,,1,769,Minion of Grumpus,191314,,,6,0,|cFFFFD200World Event:|r Feast of Winter Veil
present,,,,1,772,Soaring Skyterror,191633,,,5,128,|cFFFFD200Achievement:|r Draenor Pathfinder
present,,,,1,928,Dune Scavenger,237286,,,0,0,|cFFFFD200Zone:|r Vol'dun|n
present,,,,1,773,Grove Defiler,193007,,,5,0,|cFFFFD200Achievement: |rGlory of the Legion Raider|n|cFFFFD200Category: |rDungeons & Raids
present,,,,1,775,Prestigious War Steed,193695,,,5,4,"|cFFFFD200Achievement:|r Free For All, More For Me|n"
present,,,,1,776,Swift Spectral Rylak,194046,,,5,64,|cFFFFD200Legacy|r
present,,,,1,778,Eclipse Dragonhawk,194464,,,2,128,|cFFFFD200Vendor: |rCupri|n|cFFFFD200Zone: |rShattrath City|n|cFFFFD200Cost: |r5000|Hcurrency:1166|h|TInterface\ICONS\PVECurrency-Justice.blp:0|t|h
present,,,,1,779,Spirit of Eche'ro,196681,,,3,0,|cFFFFD200Profession:|r Archaeology
present,,,,1,780,Felsaber,200175,,,1,512,|cFFFFD200Class:|r Demon Hunter
present,,,,1,781,Infinite Timereaver,201098,,,6,128,|cFFFFD200World Event:|r Timewalking Dungeons
present,,,,1,784,Prestigious War Wolf,204166,,,5,4,"|cFFFFD200Achievement:|r Free For All, More For Me|n"
present,,,,1,786,Charger,205656,,,1,264,|cFFFFD200Paladin|r
present,,,,1,791,Felblaze Infernal,213134,,,0,0,|cFFFFD200Drop:|r Gul'dan|n|cFFFFD200Zone:|r The Nighthold|n
present,,,,1,793,Predatory Bloodgazer,213158,,,1,0,|cFFFFD200Quest:|r Bloodgazer Reunion|n
present,,,,1,794,Brilliant Direbeak,213164,,,1,0,|cFFFFD200Quest:|r Direbeak Reunion|n
present,,,,1,795,Snowfeather Hunter,213163,,,1,0,|cFFFFD200Quest:|r Snowfeather Reunion|n
present,,,,1,796,Viridian Sharptalon,213165,,,1,0,|cFFFFD200Quest:|r Sharptalon Reunion|n
present,,,,1,797,Steelbound Devourer,213209,,,3,0,|cFFFFD200Profession: |rBlacksmithing
present,,,,1,799,Flarecore Infernal,213349,,,11,64,|cFFFFD200Trading Post|r 
present,,,,1,800,Brinedeep Bottom-Feeder,214791,,,2,2064,|cFFFFD200Vendor: |rConjurer Margoss|n|cFFFFD200Zone: |rDalaran|n|cFFFFD200Faction: |rConjurer Margoss - Honored|n|cFFFFD200Cost: |r100|Hitem:138777|h|TINTERFACE\ICONS\INV_ELEMENTAL_PRIMAL_WATER.BLP:0|t|h
present,,,,1,802,Long-Forgotten Hippogryph,215159,,,10,128,|cFFFFD200Zone: |rAzsuna
present,,,,1,803,Mastercraft Gravewing,215545,,,0,0,|cFFFFD200Covenant: |rVenthyr|n|cFFFFD200Drop:|r Stygian Stonecrusher|n|cFFFFD200Zone:|r Korthia |n
present,,,,1,804,Ratstallion,215558,,,5,0,|cFFFFD200Achievement: |rUnderbelly Tycoon|n|cFFFFD200Category: |rBroken Isles
present,,,,1,823,Great Sunwalker Kodo,221885,,,1,264,|cFFFFD200Paladin|r
present,,,,1,824,Great Exarch's Elekk,221887,,,1,264,|cFFFFD200Quest|r |n
present,,,,1,825,Thalassian Charger,221886,,,1,264,|cFFFFD200Paladin|r
present,,,,1,826,Prestigious Bronze Courser,222202,,,5,64,|cFFFFD200Achievement: |rHonor Level 15|n|cFFFFD200Category: |rHonor
present,,,,1,831,Prestigious Royal Courser,222236,,,5,64,|cFFFFD200Achievement: |rHonor Level 150|n|cFFFFD200Category: |rHonor
present,,,,1,832,Prestigious Forest Courser,222237,,,5,64,|cFFFFD200Achievement: |rHonor Level 125|n|cFFFFD200Category: |rHonor
present,,,,1,833,Prestigious Ivory Courser,222238,,,5,64,|cFFFFD200Achievement: |rHonor Level 40|n|cFFFFD200Category: |rHonor
present,,,,1,834,Prestigious Azure Courser,222240,,,5,64,|cFFFFD200Achievement: |rHonor Level 70|n|cFFFFD200Category: |rHonor
present,,,,1,836,Prestigious Midnight Courser,222241,,,5,64,|cFFFFD200Achievement: |rHonor Level 250|n|cFFFFD200Category: |rHonor
present,,,,1,838,Fathom Dweller,223018,,,0,2064,|cFFFFD200Drop: |rKosumoth the Hungering
present,,,,1,841,Vicious Gilnean Warhorse,223341,,,2,4,|cFFFFD200Vendor: |rNecrolord Sipe|n|cFFFFD200Zone: |rStormwind City|n|cFFFFD200Cost: |r1|Hitem:103533|h|TINTERFACE\ICONS\ACHIEVEMENT_BG_KILL_ON_MOUNT.BLP:0|t|h
present,,,,1,842,Vicious War Trike,223354,,,2,4,|cFFFFD200Vendor: |rDeathguard Netharian|n|cFFFFD200Zone: |rOrgrimmar|n|cFFFFD200Cost: |r1|Hitem:103533|h|TINTERFACE\ICONS\ACHIEVEMENT_BG_KILL_ON_MOUNT.BLP:0|t|h
present,,,,1,843,Vicious Warstrider,223363,,,2,4,|cFFFFD200Vendor: |rDeathguard Netharian|n|cFFFFD200Zone: |rOrgrimmar|n|cFFFFD200Cost: |r1|Hitem:103533|h|TINTERFACE\ICONS\ACHIEVEMENT_BG_KILL_ON_MOUNT.BLP:0|t|h
present,,,,1,844,Vicious War Elekk,223578,,,2,4,|cFFFFD200Vendor: |rNecrolord Sipe|n|cFFFFD200Zone: |rStormwind City|n|cFFFFD200Cost: |r1|TINTERFACE\ICONS\ACHIEVEMENT_BG_KILL_ON_MOUNT.BLP:0|t
present,,,,1,845,Mechanized Lumber Extractor,223814,,,5,2048,|cFFFFD200Achievement: |rRemember to Share|n|cFFFFD200Category: |rToy Box
present,,,,1,846,Leyfeather Hippogryph,225765,,,5,0,|cFFFFD200Achievement: |rGlory of the Legion Hero|n|cFFFFD200Category: |rDungeons & Raids
present,,,,1,847,Arcadian War Turtle,227956,,,2,0,|cFFFFD200Vendor:|r Xur'ios|n
present,,,,1,848,Vindictive Gladiator's Storm Dragon,227986,,,5,192,|cFFFFD200Achievement: |rGladiator: Legion Season 1|n|cFFFFD200Category: |rPlayer vs. Player
present,,,,1,849,Fearless Gladiator's Storm Dragon,227988,,,5,192,|cFFFFD200Achievement: |rGladiator: Legion Season 2|n|cFFFFD200Category: |rPlayer vs. Player
present,,,,1,850,Cruel Gladiator's Storm Dragon,227989,,,5,192,|cFFFFD200Achievement: |rGladiator: Legion Season 3|n|cFFFFD200Category: |rPlayer vs. Player
present,,,,1,851,Ferocious Gladiator's Storm Dragon,227991,,,5,192,|cFFFFD200Achievement: |rGladiator: Legion Season 4|n|cFFFFD200Category: |rPlayer vs. Player
present,,,,1,852,Fierce Gladiator's Storm Dragon,227994,,,5,192,|cFFFFD200Achievement: |rGladiator: Legion Season 5|n|cFFFFD200Category: |rPlayer vs. Player
present,,,,1,853,Dominant Gladiator's Storm Dragon,227995,,,5,192,|cFFFFD200Achievement: |rGladiator: Legion Season 6|n|cFFFFD200Category: |rPlayer vs. Player
present,,,,1,854,Great Northern Elderhorn,213339,,,3,0,|cFFFFD200Profession: |rLeatherworking
present,,,,1,855,Darkwater Skate,228919,,,2,2064,|cFFFFD200Vendor: |rGalissa Sundew|n|cFFFFD200Zone: |rDarkmoon Island
present,,,,1,860,Archmage's Prismatic Disc,229376,,,1,1024,|cFFFFD200Quest:|r Dispersion of the Discs|n
present,,,,1,861,High Priest's Lightsworn Seeker,229377,,,1,0,|cFFFFD200Quest:|r The Sunken Vault|n
present,,,,1,864,"Ban-Lu, Grandmaster's Companion",229385,,,1,0,|cFFFFD200Quest:|r The Trial of Ban-Lu|n
present,,,,1,865,Huntmaster's Loyal Wolfhawk,229386,,,1,0,|cFFFFD200Quest:|r Night of the Wilds|n
present,,,,1,866,Deathlord's Vilebrood Vanquisher,229387,,,1,0,|cFFFFD200Quest:|r The Lost Glacier|n|n
present,,,,1,867,Battlelord's Bloodthirsty War Wyrm,229388,,,1,0,|cFFFFD200Quest:|r The Trial of Rage|n
present,,,,1,868,Slayer's Felbroken Shrieker,229417,,,1,0,|cFFFFD200Quest:|r To Fel and Back|n
present,,,,1,870,Huntmaster's Fierce Wolfhawk,229438,,,1,0,|cFFFFD200Vendor:|r Pan the Kind Hand|n|cFFFFD200Zone:|r Trueshot Lodge
present,,,,1,872,Huntmaster's Dire Wolfhawk,229439,,,2,0,|cFFFFD200Vendor:|r Pan the Kind Hand|n|cFFFFD200Zone:|r Trueshot Lodge
present,,,,1,873,Vicious War Bear,229487,,,2,4,|cFFFFD200Vendor: |rNecrolord Sipe|n|cFFFFD200Zone: |rStormwind City|n|cFFFFD200Cost: |r1|TINTERFACE\ICONS\ACHIEVEMENT_BG_KILL_ON_MOUNT.BLP:0|t
present,,,,1,874,Vicious War Bear,229486,,,2,4,|cFFFFD200Vendor: |rDeathguard Netharian|n|cFFFFD200Zone: |rOrgrimmar|n|cFFFFD200Cost: |r1|Hitem:103533|h|TINTERFACE\ICONS\ACHIEVEMENT_BG_KILL_ON_MOUNT.BLP:0|t|h
present,,,,1,875,Midnight,229499,,,0,0,|cFFFFD200Drop: |rAttumen the Huntsman|n|cFFFFD200Location:|r Return to Karazhan
present,,,,1,876,Vicious War Lion,229512,,,2,4,|cFFFFD200Vendor: |rNecrolord Sipe|n|cFFFFD200Zone: |rStormwind City|n|cFFFFD200Cost: |r1|TINTERFACE\ICONS\ACHIEVEMENT_BG_KILL_ON_MOUNT.BLP:0|t
present,,,,1,877,Ivory Hawkstrider,230401,,,2,0,|cFFFFD200Vendor: |rTrinket|n|cFFFFD200Zone: |rHighmountain|n|cFFFFD200Cost: |r10000|TINTERFACE\MONEYFRAME\UI-GOLDICON.BLP:0|t
present,,,,1,878,Brawler's Burly Basilisk,230844,,,2,0,|cFFFFD200Vendor: |rQuackenbush|n|cFFFFD200Zone: |rDeeprun Tram|n|cFFFFD200Cost: |r4000|TINTERFACE\MONEYFRAME\UI-GOLDICON.BLP:0|t|n|n|cFFFFD200Vendor: |rPaul North|n|cFFFFD200Zone: |rBrawl'gar Arena|n|cFFFFD200Cost: |r4000|TINTERFACE\MONEYFRAME\UI-GOLDICON.BLP:0|t
present,,,,1,881,Arcanist's Manasaber,230987,,,1,0,|cFFFFD200Quest: |rFate of the Nightborne|n|cFFFFD200Zone: |rSuramar
present,,,,1,882,Vicious War Scorpion,230988,,,2,4,|cFFFFD200Vendor: |rDeathguard Netharian|n|cFFFFD200Zone: |rOrgrimmar|n|cFFFFD200Cost: |r1|Hitem:103533|h|TINTERFACE\ICONS\ACHIEVEMENT_BG_KILL_ON_MOUNT.BLP:0|t|h
present,,,,1,883,Smoldering Ember Wyrm,231428,,,0,128,|cFFFFD200Zone:|r Return to Karazhan|n
present,,,,1,884,Shadowblade's Murderous Omen,231434,,,1,0,|cFFFFD200Quest:|r Hiding In Plain Sight|n|n
present,,,,1,885,Highlord's Golden Charger,231435,,,1,0,|cFFFFD200Quest:|r Stirring in the Shadows|n|n
present,,,,1,888,Farseer's Raging Tempest,231442,,,1,0,|cFFFFD200Quest:|r Gathering of the Storms|n|n
present,,,,1,889,Shadowblade's Lethal Omen,231523,,,2,0,|cFFFFD200Vendor: |rZan Shivsproket|n|cFFFFD200Zone: |rDalaran
present,,,,1,890,Shadowblade's Baneful Omen,231524,,,2,0,|cFFFFD200Vendor: |rZan Shivsproket|n|cFFFFD200Zone: |rDalaran
present,,,,1,891,Shadowblade's Crimson Omen,231525,,,2,0,|cFFFFD200Vendor: |rZan Shivsproket|n|cFFFFD200Zone: |rDalaran
present,,,,1,892,Highlord's Vengeful Charger,231587,,,1,0,|cFFFFD200Vendor: |rCrusader Lord Dalfors|n|cFFFFD200Zone: |rSanctum of Light
present,,,,1,893,Highlord's Vigilant Charger,231588,,,1,0,|cFFFFD200Vendor: |rCrusader Lord Dalfors|n|cFFFFD200Zone: |rSanctum of Light
present,,,,1,894,Highlord's Valorous Charger,231589,,,2,0,|cFFFFD200Vendor: |rCrusader Lord Dalfors|n|cFFFFD200Zone: |rSanctum of Light
present,,,,1,896,Primal Flamesaber,232405,,,7,64,|cFFFFD200Promotion|r Heroes of the Storm
present,,,,1,898,Netherlord's Chaotic Wrathsteed,232412,,,1,0,|cFFFFD200Quest:|r The Wrathsteed of Xoroth|n|n
present,,,,1,899,Abyss Worm,232519,,,0,0,|cFFFFD200Drop: |r Mistress Sassz'ine|n|cFFFFD200Location:|r Tomb of Sargeras
present,,,,1,900,Vicious War Turtle,232523,,,2,4,|cFFFFD200Vendor: |rNecrolord Sipe|n|cFFFFD200Zone: |rStormwind City|n|cFFFFD200Cost: |r1|TINTERFACE\ICONS\ACHIEVEMENT_BG_KILL_ON_MOUNT.BLP:0|t
present,,,,1,901,Vicious War Turtle,232525,,,2,4,|cFFFFD200Vendor: |rDeathguard Netharian|n|cFFFFD200Zone: |rOrgrimmar|n|cFFFFD200Cost: |r1|TINTERFACE\ICONS\ACHIEVEMENT_BG_KILL_ON_MOUNT.BLP:0|t
present,,,,1,905,Leywoven Flying Carpet,233364,,,0,1024,|cFFFFD200Drop:|r Nightfallen Cache|n|n
present,,,,1,906,Darkspore Mana Ray,235764,,,0,0,|cFFFFD200Drop:|r Fel-Spotted Egg
present,,,,1,926,Alabaster Hyena,237287,,,2,4,|cFFFFD200Vendor: |rHoarder Jena|n|cFFFFD200Zone: |rVol'dun|n|cFFFFD200Faction: |rVoldunai - Exalted|n|cFFFFD200Cost: |r10000|TINTERFACE\MONEYFRAME\UI-GOLDICON.BLP:0|t
present,,,,1,990,Vigilant Charger,254473,,,1,264,|cFFFFD200Paladin|r
present,,,,1,930,Netherlord's Brimstone Wrathsteed,238452,,,2,0,|cFFFFD200Vendor: |rCalydus|n|cFFFFD200Zone: |rDreadscar Rift
present,,,,1,931,Netherlord's Accursed Wrathsteed,238454,,,0,0,|cFFFFD200Drop: |rLord Hel'Nurath|n|cFFFFD200Zone: |rBroken Shore
present,,,,1,932,Lightforged Warframe,239013,,,2,0,|cFFFFD200Vendor: |rVindicator Jaelaana|n|cFFFFD200Zone: |rArgus|n|cFFFFD200Faction: |rArmy of the Light - Exalted|n|cFFFFD200Cost: |r625000|TINTERFACE\MONEYFRAME\UI-GOLDICON.BLP:0|t
present,,,,1,933,Obsidian Krolusk,239049,,,5,0,|cFFFFD200Achievement: |rGlory of the Wartorn Hero|n|cFFFFD200Category: |rDungeons & Raids
present,,,,1,934,Swift Spectral Hippogryph,239363,,,5,64,|cFFFFD200Legacy|r
present,,,,1,935,Blue Qiraji War Tank,239766,,,6,64,|cFFFFD200World Event:|r Call of the Scarab|n
present,,,,1,936,Red Qiraji War Tank,239767,,,6,64,|cFFFFD200World Event:|r Call of the Scarab|n
present,,,,1,937,Black Qiraji War Tank,239770,,,1,64,|cFFFFD200Legacy|r |n
present,,,,1,939,Sable Ruinstrider,242305,,,2,0,|cFFFFD200Vendor: |rToraan the Revered|n|cFFFFD200Zone: |rArgus|n|cFFFFD200Faction: |rArgussian Reach - Exalted|n|cFFFFD200Cost: |r10000|TINTERFACE\MONEYFRAME\UI-GOLDICON.BLP:0|t
present,,,,1,941,Highmountain Elderhorn,242874,,,0,0,|cFFFFD200Drop:|r Highmountain Supplies|n
present,,,,1,942,Wild Dreamrunner,242875,,,0,0,|cFFFFD200Drop:|r Dreamweaver Cache
present,,,,1,943,Cloudwing Hippogryph,242881,,,0,0,|cFFFFD200Drop:|r Farondis Chest|n
present,,,,1,944,Valarjar Stormwing,242882,,,0,128,|cFFFFD200Drop:|r Valarjar Strongbox|n
present,,,,1,945,Vicious War Fox,242896,,,2,4,|cFFFFD200Vendor: |rNecrolord Sipe|n|cFFFFD200Zone: |rStormwind City|n|cFFFFD200Cost: |r1|TINTERFACE\ICONS\ACHIEVEMENT_BG_KILL_ON_MOUNT.BLP:0|t
present,,,,1,946,Vicious War Fox,242897,,,2,4,|cFFFFD200Vendor: |rDeathguard Netharian|n|cFFFFD200Zone: |rOrgrimmar|n|cFFFFD200Cost: |r1|Hitem:103533|h|TINTERFACE\ICONS\ACHIEVEMENT_BG_KILL_ON_MOUNT.BLP:0|t|h
present,,,,1,947,Riddler's Mind-Worm,243025,,,0,64,|cFFFFD200Drop: |r Gift of the Mind-Seekers
present,,,,1,948,Demonic Gladiator's Storm Dragon,243201,,,5,192,|cFFFFD200Achievement: |rGladiator: Legion Season 7|n|cFFFFD200Category: |rPlayer vs. Player
present,,,,1,949,Luminous Starseeker,243512,,,9,0,|cFFFFD200In-Game Shop|r
present,,,,1,954,Shackled Ur'zul,243651,,,0,0,|cFFFFD200Drop:|r Argus the Unmaker (Mythic)|n
present,,,,1,955,Vile Fiend,243652,,,0,0,"|cFFFFD200Drop: |rHoundmaster Kerrax
|cFFFFD200Zone: |rAntoran Wastes"
present,,,,1,956,Leaping Veinseeker,243795,,,0,0,|cFFFFD200Zone:|r Nazmir|n
present,,,,1,958,Spectral Pterrorwing,244712,,,2,4,|cFFFFD200Vendor: |rNatal'hakata|n|cFFFFD200Zone: |rZuldazar|n|cFFFFD200Faction: |rZandalari Empire - Exalted|n|cFFFFD200Cost: |r90000|TINTERFACE\MONEYFRAME\UI-GOLDICON.BLP:0|t
present,,,,1,959,Stormwind Skychaser,245723,,,7,68,|cFFFFD200Blizzcon 2017 |r
present,,,,1,960,Orgrimmar Interceptor,245725,,,7,68,|cFFFFD200Blizzcon 2017 |r
present,,,,1,961,Lucid Nightmare,247402,,,0,0,|cFFFFD200Drop:|r Puzzler's Desire
present,,,,1,962,Darkmoon Dirigible,247448,,,2,0,|cFFFFD200Vendor: |rLhara|n|cFFFFD200Zone: |rDarkmoon Island|n|cFFFFD200Cost: |r1000|Hcurrency:515|h|TInterface\ICONS\INV_Misc_Ticket_Darkmoon_01.blp:0|t|h
present,,,,1,991,Golden Charger,254474,,,1,264,|cFFFFD200Paladin|r
present,,,,1,963,Bloodgorged Crawg,250735,,,5,0,|cFFFFD200Achievement: |rGlory of the Uldir Raider|n|cFFFFD200Category: |rDungeons & Raids
present,,,,1,964,Amethyst Ruinstrider,253004,,,2,0,|cFFFFD200Vendor: |rToraan the Revered|n|cFFFFD200Zone: |rArgus|n|cFFFFD200Faction: |rArgussian Reach - Exalted|n|cFFFFD200Cost: |r10000|TINTERFACE\MONEYFRAME\UI-GOLDICON.BLP:0|t
present,,,,1,965,Cerulean Ruinstrider,253007,,,2,0,|cFFFFD200Vendor: |rToraan the Revered|n|cFFFFD200Zone: |rArgus|n|cFFFFD200Faction: |rArgussian Reach - Exalted|n|cFFFFD200Cost: |r10000|TINTERFACE\MONEYFRAME\UI-GOLDICON.BLP:0|t
present,,,,1,966,Beryl Ruinstrider,253005,,,2,0,|cFFFFD200Vendor: |rToraan the Revered|n|cFFFFD200Zone: |rArgus|n|cFFFFD200Faction: |rArgussian Reach - Exalted|n|cFFFFD200Cost: |r10000|TINTERFACE\MONEYFRAME\UI-GOLDICON.BLP:0|t
present,,,,1,967,Umber Ruinstrider,253008,,,2,0,|cFFFFD200Vendor: |rToraan the Revered|n|cFFFFD200Zone: |rArgus|n|cFFFFD200Faction: |rArgussian Reach - Exalted|n|cFFFFD200Cost: |r10000|TINTERFACE\MONEYFRAME\UI-GOLDICON.BLP:0|t
present,,,,1,968,Russet Ruinstrider,253006,,,2,0,|cFFFFD200Vendor: |rToraan the Revered|n|cFFFFD200Zone: |rArgus|n|cFFFFD200Faction: |rArgussian Reach - Exalted|n|cFFFFD200Cost: |r10000|TINTERFACE\MONEYFRAME\UI-GOLDICON.BLP:0|t
present,,,,1,970,Maddened Chaosrunner,253058,,,0,0,|cFFFFD200Drop: |rWrangler Kravos|n|cFFFFD200Zone: |rEredath
present,,,,1,971,Antoran Charhound,253088,,,0,0,"|cFFFFD200Drop: |rShatug|n|cFFFFD200Zone: |rAntorus, the Burning Throne"
present,,,,1,972,Antoran Gloomhound,253087,,,5,0,|cFFFFD200Achievement: |rGlory of the Argus Raider|n|cFFFFD200Category: |rDungeons & Raids
present,,,,1,973,Lambent Mana Ray,253107,,,0,0,|cFFFFD200Drop: |rVenomtail Skyfin|n|cFFFFD200Zone: |rEredath
present,,,,1,974,Vibrant Mana Ray,253106,,,0,0,|cFFFFD200Drop:|r Fel-Spotted Egg
present,,,,1,975,Felglow Mana Ray,253108,,,0,0,|cFFFFD200Drop:|r Fel-Spotted Egg
present,,,,1,976,Scintillating Mana Ray,253109,,,0,0,|cFFFFD200Drop:|r Fel-Spotted Egg
present,,,,1,978,Violet Spellwing,253639,,,1,0,|cFFFFD200Quest:|r Blood of a Titan|n|cFFFFD200Zone:|r Dalaran|n
present,,,,1,979,Crimson Slavermaw,253661,,,0,0,|cFFFFD200Drop: |rBlistermaw|n|cFFFFD200Zone: |rAntoran Wastes
present,,,,1,980,Acid Belcher,253662,,,0,0,|cFFFFD200Drop: |rSkreeg the Devourer|n|cFFFFD200Zone: |rEredath
present,,,,1,981,Biletooth Gnasher,253660,,,0,0,|cFFFFD200Drop: |rArgus
present,,,,1,982,Pond Nettle,253711,,,3,2064,|cFFFFD200Profession: |rFishing
present,,,,1,983,Glorious Felcrusher,254069,,,0,0,|cFFFFD200Drop:|r Gleaming Footlocker
present,,,,1,984,Blessed Felcrusher,254258,,,0,0,|cFFFFD200Drop:|r Gleaming Footlocker
present,,,,1,985,Avenging Felcrusher,254259,,,0,0,|cFFFFD200Drop:|r Gleaming Footlocker
present,,,,1,986,Bleakhoof Ruinstrider,254260,,,5,0,"|cFFFFD200Achievement: |r...And Chew Mana Buns
|cFFFFD200Category: |rLegion"
present,,,,1,987,Valorous Charger,254471,,,1,264,|cFFFFD200Paladin|r
present,,,,1,989,Vengeful Charger,254472,,,1,264,|cFFFFD200Paladin|r
present,,,,1,994,Royal Seafeather,254812,,,0,64,|cFFFFD200Special Event: |rPlunderstorm
present,,,,1,995,Sharkbait,254813,,,0,0,|cFFFFD200Drop: |rHarlan Sweete|n|cFFFFD200Zone: |rFreehold (Mythic)|n|n|cFFFFD200Treasure: |rChallenger's Cache|n|cFFFFD200Zone: |rFreehold
present,,,,1,996,Seabraid Stallion,255695,,,7,4,|cFFFFD200Promotion:|r Battle for Azeroth Collector's Edition|n
present,,,,1,997,Gilded Ravasaur,255696,,,7,4,|cFFFFD200Promotion:|r Battle for Azeroth Collector's Edition|n
present,,,,1,999,Xiwyllag ATV,256123,,,3,0,|cFFFFD200Profession:|r Blacksmithing & Engineering|n
present,,,,1,1006,Lightforged Felcrusher,258022,,,5,68,|cFFFFD200Achievement: |rAllied Races: Lightforged Draenei
present,,,,1,1007,Highmountain Thunderhoof,258060,,,5,68,|cFFFFD200Achievement: |rAllied Races: Highmountain Tauren
present,,,,1,1008,Nightborne Manasaber,258845,,,5,68,|cFFFFD200Achievement: |rAllied Races: Nightborne
present,,,,1,1009,Starcursed Voidstrider,259202,,,5,68,|cFFFFD200Achievement: |rAllied Races: Void Elf
present,,,,1,1010,Admiralty Stallion,259213,,,2,4,|cFFFFD200Vendor: |rProvisioner Fray|n|cFFFFD200Zone: |rTiragarde Sound|n|cFFFFD200Faction: |rProudmoore Admiralty - Exalted|n|cFFFFD200Cost: |r10000|TINTERFACE\MONEYFRAME\UI-GOLDICON.BLP:0|t
present,,,,1,1011,"Shu-Zen, the Divine Sentinel",259395,,,9,0,|cFFFFD200In-Game Shop|r |n
present,,,,1,1012,Green Marsh Hopper,259740,,,2,0,|cFFFFD200Vendor: |rGottum|n|cFFFFD200Zone: |rNazmir|n|cFFFFD200Cost: |r333333|TINTERFACE\MONEYFRAME\UI-GOLDICON.BLP:0|t
present,,,,1,1013,Honeyback Harvester,259741,,,1,0,|cFFFFD200Quest: |rLeaving the Hive: Harvester|n|cFFFFD200Zone: |rStormsong Valley
present,,,,1,1015,Dapple Gray,260172,,,2,4,|cFFFFD200Vendor: |rSister Lilyana|n|cFFFFD200Zone: |rStormsong Valley|n|cFFFFD200Faction: |rStorm's Wake - Exalted|n|cFFFFD200Cost: |r10000|TINTERFACE\MONEYFRAME\UI-GOLDICON.BLP:0|t
present,,,,1,1016,Smoky Charger,260173,,,2,4,|cFFFFD200Vendor: |rQuartermaster Alcorn|n|cFFFFD200Zone: |rDrustvar|n|cFFFFD200Faction: |rOrder of Embers - Exalted|n|cFFFFD200Cost: |r10000|TINTERFACE\MONEYFRAME\UI-GOLDICON.BLP:0|t
present,,,,1,1018,Terrified Pack Mule,260174,,,0,0,|cFFFFD200Zone:|r Drustvar|n
present,,,,1,1019,Goldenmane,260175,,,0,0,|cFFFFD200Zone:|r Stormsong|n
present,,,,1,1025,The Hivemind,261395,,,0,5314,|cFFFFD200Drop:|r The Hivemind|n
present,,,,1,1026,Vicious War Basilisk,261434,,,2,4,|cFFFFD200Vendor: |rDeathguard Netharian|n|cFFFFD200Zone: |rOrgrimmar|n|cFFFFD200Cost: |r1|Hitem:103533|h|TINTERFACE\ICONS\ACHIEVEMENT_BG_KILL_ON_MOUNT.BLP:0|t|h
present,,,,1,1027,Vicious War Basilisk,261433,,,2,4,|cFFFFD200Vendor: |rNecrolord Sipe|n|cFFFFD200Zone: |rStormwind City|n|cFFFFD200Cost: |r1|TINTERFACE\ICONS\ACHIEVEMENT_BG_KILL_ON_MOUNT.BLP:0|t
present,,,,1,1028,Mecha-Mogul Mk2,261437,,,3,0,|cFFFFD200Profession:|r Engineering|n
present,,,,1,1030,Dread Gladiator's Proto-Drake,262022,,,5,192,|cFFFFD200Achievement:|r Gladiator: Battle for Azeroth Season 1|n|cFFFFD200Category:|r Player vs. Player|n
present,,,,1,1031,Sinister Gladiator's Proto-Drake,262023,,,5,192,|cFFFFD200Achievement:|r Gladiator: Battle for Azeroth Season 2|n|cFFFFD200Category:|r Player vs. Player|n
present,,,,1,1032,Notorious Gladiator's Proto-Drake,262024,,,5,192,|cFFFFD200Achievement:|r Gladiator: Battle for Azeroth Season 3|n|cFFFFD200Category:|r Player vs. Player|n
present,,,,1,1035,Corrupted Gladiator's Proto-Drake,262027,,,5,192,|cFFFFD200Achievement:|r Gladiator: Battle for Azeroth Season 4|n|cFFFFD200Category:|r Player vs. Player|n
present,,,,1,1038,Zandalari Direhorn,263707,,,5,68,|cFFFFD200Achievement: |rAllied Races: Zandalari Troll
present,,,,1,1039,Mighty Caravan Brutosaur,264058,,,2,64,|cFFFFD200Vendor: |rTalutu|n|cFFFFD200Zone: |rZuldazar|n|cFFFFD200Cost: |r5000000|TINTERFACE\MONEYFRAME\UI-GOLDICON.BLP:0|t|n|n|cFFFFD200Vendor: |rTricky Nick|n|cFFFFD200Zone: |rTiragarde Sound|n|cFFFFD200Cost: |r5000000|TINTERFACE\MONEYFRAME\UI-GOLDICON.BLP:0|t
present,,,,1,1040,Tomb Stalker,266058,,,0,0,|cFFFFD200Drop: |rKing Dazar|n|cFFFFD200Zone: |rKings' Rest (Mythic)|n|n|cFFFFD200Treasure: |rChallenger's Cache|n|cFFFFD200Zone: |rKings' Rest
present,,,,1,1042,Siltwing Albatross,266925,,,2,128,|cFFFFD200Vendor: |rCaptain Klarisa|n|cFFFFD200Zone: |rTiragarde Sound|n|cFFFFD200Cost: |r1000|Hcurrency:1710|h|TInterface\ICONS\INV_Misc_AzsharaCoin.BLP:0|t|h|n|n|cFFFFD200Vendor: |rCaptain Zen'taga|n|cFFFFD200Zone: |rZuldazar|n|cFFFFD200Cost: |r1000|Hcurrency:1710|h|TInterface\ICONS\INV_Misc_AzsharaCoin.BLP:0|t|h
present,,,,1,1043,Kua'fon,267270,,,1,64,"|cFFFFD200Quest:|r Down, But Not Out|n|cFFFFD200Zone:|r Zuldazar|n"
present,,,,1,1044,Mag'har Direwolf,267274,,,5,68,|cFFFFD200Achievement:|r Allied Races: Mag'har Orc|n
present,,,,1,1045,Vicious War Clefthoof,270560,,,2,4,|cFFFFD200Vendor: |rDeathguard Netharian|n|cFFFFD200Zone: |rOrgrimmar|n|cFFFFD200Cost: |r1|TINTERFACE\ICONS\ACHIEVEMENT_BG_KILL_ON_MOUNT.BLP:0|t
present,,,,1,1046,Darkforge Ram,270562,,,1,4,|cFFFFD200Paladin|r |n
present,,,,1,1047,Dawnforge Ram,270564,,,1,4,|cFFFFD200Paladin|r |n
present,,,,1,1048,Dark Iron Core Hound,271646,,,5,68,|cFFFFD200Achievement: |rAllied Races: Dark Iron Dwarf
present,,,,1,1049,Undercity Plaguebat,272472,,,1,68,|cFFFFD200Quest:|r Killer Queen|n
present,,,,1,1050,Vicious War Riverbeast,272481,,,2,4,|cFFFFD200Vendor: |rNecrolord Sipe|n|cFFFFD200Zone: |rStormwind City|n|cFFFFD200Cost: |r1|TINTERFACE\ICONS\ACHIEVEMENT_BG_KILL_ON_MOUNT.BLP:0|t
present,,,,1,1051,The Dreadwake,272770,,,9,0,|cFFFFD200In-Game Shop|r |n
present,,,,1,1053,Underrot Crawg,273541,,,0,0,|cFFFFD200Drop: |rUnbound Abomination|n|cFFFFD200Zone: |rThe Underrot (Mythic)|n|n|cFFFFD200Treasure: |rChallenger's Cache|n|cFFFFD200Zone: |rThe Underrot
present,,,,1,1054,Teldrassil Hippogryph,274610,,,1,68,|cFFFFD200Quest: |rFrom the Ashes...
present,,,,1,1057,Nazjatar Blood Serpent,275623,,,0,64,|cFFFFD200Drop: |rAdherent of the Abyss|n|cFFFFD200Zone: |rStormsong Valley
present,,,,1,1058,Cobalt Pterrordax,275837,,,2,4,|cFFFFD200Vendor: |rNatal'hakata|n|cFFFFD200Zone: |rZuldazar|n|cFFFFD200Faction: |rZandalari Empire - Exalted|n|cFFFFD200Cost: |r10000|TINTERFACE\MONEYFRAME\UI-GOLDICON.BLP:0|t
present,,,,1,1059,Captured Swampstalker,275838,,,2,4,|cFFFFD200Vendor: |rProvisioner Lija|n|cFFFFD200Zone: |rNazmir|n|cFFFFD200Faction: |rTalanji's Expedition - Exalted|n|cFFFFD200Cost: |r90000|TINTERFACE\MONEYFRAME\UI-GOLDICON.BLP:0|t
present,,,,1,1060,Voldunai Dunescraper,275840,,,2,4,|cFFFFD200Vendor: |rHoarder Jena|n|cFFFFD200Zone: |rVol'dun|n|cFFFFD200Faction: |rVoldunai - Exalted|n|cFFFFD200Cost: |r90000|TINTERFACE\MONEYFRAME\UI-GOLDICON.BLP:0|t
present,,,,1,1061,Expedition Bloodswarmer,275841,,,2,4,|cFFFFD200Vendor: |rProvisioner Lija|n|cFFFFD200Zone: |rNazmir|n|cFFFFD200Faction: |rTalanji's Expedition - Exalted|n|cFFFFD200Cost: |r10000|TINTERFACE\MONEYFRAME\UI-GOLDICON.BLP:0|t
present,,,,1,1062,Dusky Waycrest Gryphon,275859,,,2,4,|cFFFFD200Vendor: |rQuartermaster Alcorn|n|cFFFFD200Zone: |rDrustvar|n|cFFFFD200Faction: |rOrder of Embers - Exalted|n|cFFFFD200Cost: |r90000|TINTERFACE\MONEYFRAME\UI-GOLDICON.BLP:0|t
present,,,,1,1221,"Hogrus, Swine of Good Fortune",290134,,,9,0,|cFFFFD200In-Game Shop|r
present,,,,1,1063,Stormsong Coastwatcher,275866,,,2,4,|cFFFFD200Vendor: |rSister Lilyana|n|cFFFFD200Zone: |rStormsong Valley|n|cFFFFD200Faction: |rStorm's Wake - Exalted|n|cFFFFD200Cost: |r90000|TINTERFACE\MONEYFRAME\UI-GOLDICON.BLP:0|t
present,,,,1,1064,Proudmoore Sea Scout,275868,,,2,4,|cFFFFD200Vendor: |rProvisioner Fray|n|cFFFFD200Zone: |rTiragarde Sound|n|cFFFFD200Faction: |rProudmoore Admiralty - Exalted|n|cFFFFD200Cost: |r90000|TINTERFACE\MONEYFRAME\UI-GOLDICON.BLP:0|t
present,,,,1,1069,Darkforge Ram,276112,,,-1,264,
present,,,,1,1071,Dawnforge Ram,276111,,,-1,264,
present,,,,1,1166,Great Sea Ray,278803,,,3,2064,|cFFFFD200Profession:|r Fishing|n
present,,,,1,1167,Frostshard Infernal,213350,,,0,0,|cFFFFD200Achievement: |rNo Stable Big Enough|n|cFFFFD200Category: |rMounts
present,,,,1,1168,Fiery Hearthsteed,278966,,,0,0,|cFFFFD200Promotion:|r Hearthstone Anniversary
present,,,,1,1169,Surf Jelly,278979,,,0,2064,|cFFFFD200Drop:|r Island Expeditions|n
present,,,,1,1172,Conqueror's Scythemaw,279454,,,5,0,|cFFFFD200Achievement: |rConqueror of Azeroth|n|cFFFFD200Category: |rWorld
present,,,,1,1173,Broken Highland Mustang,279457,,,0,4,|cFFFFD200Drop: |rKnight-Captain Aldrin|n|cFFFFD200Zone: |rArathi Highlands
present,,,,1,1174,Highland Mustang,279456,,,0,4,|cFFFFD200Drop: |rDoomrider Helgrim|n|cFFFFD200Zone: |rArathi Highlands
present,,,,1,1175,Twilight Avenger,279466,,,0,128,|cFFFFD200Drop:|r Island Expeditions|n
present,,,,1,1176,Craghorn Chasm-Leaper,279467,,,6,0,|cFFFFD200Drop:|r Island Expeditions|n
present,,,,1,1178,Qinsho's Eternal Hound,279469,,,5,0,|cFFFFD200Drop:|r Island Expeditions|n
present,,,,1,1179,Palehide Direhorn,279474,,,2,0,|cFFFFD200Vendor: |rTalutu|n|cFFFFD200Zone: |rZuldazar|n|cFFFFD200Cost: |r500000|TINTERFACE\MONEYFRAME\UI-GOLDICON.BLP:0|t|n|n|cFFFFD200Vendor: |rTricky Nick|n|cFFFFD200Zone: |rTiragarde Sound|n|cFFFFD200Cost: |r500000|TINTERFACE\MONEYFRAME\UI-GOLDICON.BLP:0|t
present,,,,1,1180,Swift Albino Raptor,279569,,,0,0,|cFFFFD200Drop: |rBeastrider Kama|n|cFFFFD200Zone: |rArathi Highlands
present,,,,1,1182,Lil' Donkey,279608,,,0,0,|cFFFFD200Drop: |rOverseer Krix|n|cFFFFD200Zone: |rArathi Highlands
present,,,,1,1183,Skullripper,279611,,,0,0,|cFFFFD200Drop: |rSkullripper|n|cFFFFD200Zone: |rArathi Highlands
present,,,,1,1185,Witherbark Direwing,279868,,,0,4,|cFFFFD200Drop: |rNimar the Slayer|n|cFFFFD200Zone: |rArathi Highlands
present,,,,1,1190,Pureheart Courser,280730,,,0,0,|cFFFFD200Achievement: |r100 Exalted Reputations|n|cFFFFD200Category: |rReputation
present,,,,1,1191,Frenzied Feltalon,280729,,,0,0,|cFFFFD200Achievement: |rA Horde of Hoofbeats|n|cFFFFD200Category: |rMounts
present,,,,1,1192,Prestigious Bloodforged Courser,281044,,,5,64,|cFFFFD200Achievement: |rHonor Level 500|n|cFFFFD200Category: |rHonor
present,,,,1,1193,Meat Wagon,281554,,,7,0,|cFFFFD200Promotion|r |n
present,,,,1,1194,Vicious White Warsaber,281888,,,2,4,|cFFFFD200Vendor: |rNecrolord Sipe|n|cFFFFD200Zone: |rStormwind City|n|cFFFFD200Cost: |r1|Hitem:103533|h|TINTERFACE\ICONS\ACHIEVEMENT_BG_KILL_ON_MOUNT.BLP:0|t|h
present,,,,1,1195,Vicious Black Warsaber,281887,,,2,4,|cFFFFD200Vendor: |rNecrolord Sipe|n|cFFFFD200Zone: |rStormwind City|n|cFFFFD200Cost: |r1|Hitem:103533|h|TINTERFACE\ICONS\ACHIEVEMENT_BG_KILL_ON_MOUNT.BLP:0|t|h
present,,,,1,1196,Vicious Black Bonesteed,281890,,,2,4,|cFFFFD200Vendor: |rDeathguard Netharian|n|cFFFFD200Zone: |rOrgrimmar|n|cFFFFD200Cost: |r1|TINTERFACE\ICONS\ACHIEVEMENT_BG_KILL_ON_MOUNT.BLP:0|t
present,,,,1,1197,Vicious White Bonesteed,281889,,,2,4,|cFFFFD200Vendor: |rDeathguard Netharian|n|cFFFFD200Zone: |rOrgrimmar|n|cFFFFD200Cost: |r1|TINTERFACE\ICONS\ACHIEVEMENT_BG_KILL_ON_MOUNT.BLP:0|t
present,,,,1,1198,Kul Tiran Charger,282682,,,5,68,|cFFFFD200Achievement: |rAllied Races: Kul Tiran Human
present,,,,1,1199,Blackpaw,288438,,,0,0,|cFFFFD200Drop:|r Agathe Wyrmwood|n|cFFFFD200Zone:|r Darkshore|n|n|cFFFFD200Drop:|r Blackpaw|n|cFFFFD200Zone:|r Darkshore
present,,,,1,1200,Ashenvale Chimaera,288495,,,0,128,|cFFFFD200Drop:|r Alash'anir|n|cFFFFD200Zone:|r Darkshore|n
present,,,,1,1201,Frightened Kodo,288499,,,0,0,|cFFFFD200Drop:|r Frightened Kodo|n|cFFFFD200Zone:|r Darkshore|n
present,,,,1,1203,Umber Nightsaber,288503,,,0,0,|cFFFFD200Drop:|r Moxo the Beheader|n|cFFFFD200Zone:|r Darkshore|n|n|cFFFFD200Drop:|r Athil Dewfire|n|cFFFFD200Zone:|r Darkshore
present,,,,1,1204,Sandy Nightsaber,288506,,,2,0,|cFFFFD200Vendor: |rProvisioner Stoutforge|n|cFFFFD200Zone: |rTiragarde Sound|n|cFFFFD200Cost: |r350|Hcurrency:1717|h|TInterface\ICONS\UI_Alliance_7LegionMedal.BLP:0|t|h|n|n|cFFFFD200Vendor: |rProvisioner Mukra|n|cFFFFD200Zone: |rZuldazar|n|cFFFFD200Cost: |r350|Hcurrency:1717|h|TInterface\ICONS\UI_Alliance_7LegionMedal.BLP:0|t|h
present,,,,1,1205,Kaldorei Nightsaber,288505,,,0,0,|cFFFFD200Drop:|r Croz Bloodrage|n|cFFFFD200Zone:|r Darkshore|n|n|cFFFFD200Drop:|r Shadowclaw|n|cFFFFD200Zone:|r Darkshore
present,,,,1,1206,Blue Marsh Hopper,288587,,,2,0,|cFFFFD200Vendor: |rGottum|n|cFFFFD200Zone: |rNazmir|n|cFFFFD200Cost: |r333333|TINTERFACE\MONEYFRAME\UI-GOLDICON.BLP:0|t
present,,,,1,1207,Yellow Marsh Hopper,288589,,,2,0,|cFFFFD200Vendor: |rGottum|n|cFFFFD200Zone: |rNazmir|n|cFFFFD200Cost: |r333333|TINTERFACE\MONEYFRAME\UI-GOLDICON.BLP:0|t
present,,,,1,1208,Saltwater Seahorse,288711,,,2,2064,|cFFFFD200Vendor: |rCaptain Klarisa|n|cFFFFD200Zone: |rTiragarde Sound|n|cFFFFD200Cost: |r500|Hcurrency:1710|h|TInterface\ICONS\INV_Misc_AzsharaCoin.BLP:0|t|h|n|n|cFFFFD200Vendor: |rCaptain Zen'taga|n|cFFFFD200Zone: |rZuldazar|n|cFFFFD200Cost: |r500|Hcurrency:1710|h|TInterface\ICONS\INV_Misc_AzsharaCoin.BLP:0|t|h
present,,,,1,1209,Stonehide Elderhorn,288712,,,0,0,|cFFFFD200Drop:|r Island Expeditions
present,,,,1,1210,Bloodthirsty Dreadwing,288714,,,2,4,|cFFFFD200Vendor: |rProvisioner Mukra|n|cFFFFD200Zone: |rZuldazar|n|cFFFFD200Cost: |r750|Hcurrency:1716|h|TInterface\ICONS\INV_HordeWarEffort.BLP:0|t|h
present,,,,1,1211,Bloodgorged Hunter,288720,,,0,0,|cFFFFD200Drop: |rIsland Expeditions
present,,,,1,1212,Island Thunderscale,288721,,,0,128,|cFFFFD200Drop:|r Island Expeditions
present,,,,1,1213,Risen Mare,288722,,,0,0,|cFFFFD200Drop:|r Island Expeditions|n
present,,,,1,1214,Azureshell Krolusk,288736,,,2,4,|cFFFFD200Vendor: |rProvisioner Stoutforge|n|cFFFFD200Zone: |rTiragarde Sound|n|cFFFFD200Cost: |r200|Hcurrency:1717|h|TInterface\ICONS\INV_AllianceWarEffort.BLP:0|t|h
present,,,,1,1215,Rubyshell Krolusk,288735,,,2,4,|cFFFFD200Vendor: |rProvisioner Mukra|n|cFFFFD200Zone: |rZuldazar|n|cFFFFD200Cost: |r200|Hcurrency:1716|h|TInterface\ICONS\INV_HordeWarEffort.BLP:0|t|h
present,,,,1,1216,Priestess' Moonsaber,288740,,,2,4,|cFFFFD200Vendor: |rProvisioner Stoutforge|n|cFFFFD200Zone: |rTiragarde Sound|n|cFFFFD200Cost: |r750|Hcurrency:1717|h|TInterface\ICONS\INV_AllianceWarEffort.BLP:0|t|h
present,,,,1,1217,G.M.O.D.,289083,,,0,2,|cFFFFD200Drop:|r High Tinker Mekkatorque|n|cFFFFD200Zone:|r Battle of Dazar'alor
present,,,,1,1218,Dazar'alor Windreaver,289101,,,5,0,|cFFFFD200Achievement:|r Glory of the Dazar'alor Raider|n|cFFFFD200Category:|r Dungeons & Raids|n
present,,,,1,1219,Glacial Tidestorm,289555,,,0,0,|cFFFFD200Drop:|r Jaina Proudmoore (Mythic)|n|cFFFFD200Zone:|r Battle of Dazar'alor
present,,,,1,1220,Bruce,289639,,,1,0,|cFFFFD200Quest: |rComplete the Brawler's Guild Questline
present,,,,1,1222,Vulpine Familiar,290133,,,9,0,|cFFFFD200In-Game Shop|r
present,,,,1,1223,Sylverian Dreamer,290132,,,9,0,|cFFFFD200In-Game Shop|r
present,,,,1,1224,Wonderwing 2.0,290328,,,5,0,"|cFFFFD200Achievement: |rBattle for Azeroth Pathfinder, Part Two|n|cFFFFD200Category: |rBattle for Azeroth"
present,,,,1,1225,Crusader's Direhorn,290608,,,1,4,|cFFFFD200Paladin|r |n
present,,,,1,1227,Aerial Unit R-21/X,290718,,,0,0,|cFFFFD200Drop:|r King Mechagon|n
present,,,,1,1229,Rusty Mechanocrawler,291492,,,0,0,|cFFFFD200Drop:|r Mechagon|n
present,,,,1,1230,Unshackled Waveray,291538,,,2,0,|cFFFFD200Vendor: |rFinder Pruc|n|cFFFFD200Zone: |rNazjatar|n|cFFFFD200Faction: |rUnshackled - Exalted|n|cFFFFD200Cost: |r250|Hcurrency:1721|h|TInterface\ICONS\inv_misc_enchantedpearlF.blp:0|t|h
present,,,,1,1231,Ankoan Waveray,292407,,,2,0,|cFFFFD200Vendor: |rArtisan Okata|n|cFFFFD200Zone: |rNazjatar|n|cFFFFD200Faction: |rAnkoan - Exalted|n|cFFFFD200Cost: |r250|Hcurrency:1721|h|TInterface\ICONS\inv_misc_enchantedpearlF.blp:0|t|h
present,,,,1,1232,Azshari Bloatray,292419,,,5,0,|cFFFFD200Achievement:|r Glory of the Eternal Raider|n|cFFFFD200Category:|r Dungeons & Raids|n
present,,,,1,1237,Royal Snapdragon,294038,,,0,0,|cFFFFD200Drop:|r Ankoan Supplies|n|cFFFFD200Drop:|r Unshackled Supplies
present,,,,1,1238,Snapback Scuttler,294039,,,5,0,|cFFFFD200Achievement: |rUndersea Usurper|n|cFFFFD200Category: |rBattle for Azeroth
present,,,,1,1239,X-995 Mechanocat,294143,,,0,0,|cFFFFD200Vendor: |rPascal-K1N6|n|cFFFFD200Zone: |rMechagon|n
present,,,,1,1240,Obsidian Worldbreaker,294197,,,5,64,"|cFFFFD200Achievement: |rMemories of Fel, Frost and Fire|n|cFFFFD200Category: |rEvents"
present,,,,1,1242,Beastlord's Irontusk,294568,,,2,0,|cFFFFD200Vendor: |rKronnus|n|cFFFFD200Zone: |rWarspear|n|cFFFFD200Cost: |r5000|Hcurrency:1166|h|TInterface\ICONS\PVECurrency-Justice.blp:0|t|h|n|n|cFFFFD200Vendor: |rTempra|n|cFFFFD200Zone: |rStormshield|n|cFFFFD200Cost: |r5000|Hcurrency:1166|h|TInterface\ICONS\PVECurrency-Justice.blp:0|t|h
present,,,,1,1243,Beastlord's Warwolf,294569,,,2,0,|cFFFFD200Vendor: |rKronnus|n|cFFFFD200Zone: |rWarspear|n|cFFFFD200Cost: |r5000|Hcurrency:1166|h|TInterface\ICONS\PVECurrency-Justice.blp:0|t|h|n|n|cFFFFD200Vendor: |rTempra|n|cFFFFD200Zone: |rStormshield|n|cFFFFD200Cost: |r5000|Hcurrency:1166|h|TInterface\ICONS\PVECurrency-Justice.blp:0|t|h
present,,,,1,1245,Bloodflank Charger,295387,,,5,0,|cFFFFD200Achievement:|r Two Sides to Every Tale|n
present,,,,1,1246,Ironclad Frostclaw,295386,,,5,0,|cFFFFD200Achievement:|r Two Sides to Every Tale
present,,,,1,1247,Mechacycle Model W,296788,,,5,0,|cFFFFD200Achievement: |rMecha-Done|n|cFFFFD200Category: |rBattle for Azeroth
present,,,,1,1248,Junkheap Drifter,297157,,,0,0,|cFFFFD200Drop: |rRustfeather|n|cFFFFD200Zone: |rMechagon
present,,,,1,1249,Child of Torcali,297560,,,1,0,|cFFFFD200Quest:|r Wander Not Alone|n|cFFFFD200Zone: |rZuldazar
present,,,,1,1250,Mollie,298367,,,0,0,|cFFFFD200Drop: |rDunegorger Kraulok|n|cFFFFD200Zone: |rVol'dun
present,,,,1,1252,Mechagon Peacekeeper,299158,,,0,0,|cFFFFD200Drop: |rHK-8 Aerial Oppression Unit|n|cFFFFD200Zone: |rOperation: Mechagon (Mythic)
present,,,,1,1253,Scrapforged Mechaspider,299159,,,1,0,|cFFFFD200Quest: |rDrive It Away Today|n|cFFFFD200Zone: |rMechagon
present,,,,1,1254,Rustbolt Resistor,299170,,,2,0,|cFFFFD200Vendor: |rStolen Royal Vendorbot|n|cFFFFD200Zone: |rMechagon|n|cFFFFD200Faction: |rRustbolt Resistance - Exalted|n|cFFFFD200Cost: |r524288|TINTERFACE\MONEYFRAME\UI-GOLDICON.BLP:0|t
present,,,,1,1255,Deepcoral Snapdragon,300147,,,1,0,|cFFFFD200Quest: |rWild Tame|n|cFFFFD200Zone: |rNazjatar
present,,,,1,1256,Snapdragon Kelpstalker,300146,,,1,0,|cFFFFD200Quest: |rGood Girl|n|cFFFFD200Zone: |rNazjatar
present,,,,1,1257,Silent Glider,300149,,,3,0,|cFFFFD200Drop: |rSoundless|n|cFFFFD200Zone: |rNazjatar
present,,,,1,1258,Fabious,300150,,,0,2064,|cFFFFD200Drop:|r Fabious|n
present,,,,1,1259,Silver Tidestallion,300154,,,0,2128,|cFFFFD200Special Event: |rPlunderstorm
present,,,,1,1260,Crimson Tidestallion,300153,,,2,2064,|cFFFFD200Vendor: |rMrrl|n|cFFFFD200Zone: |rNazjatar|n|cFFFFD200Cost: |r4|Hitem:169783|h|TInterface\ICONS\INV_Misc_Coin_12.blp:0|t|h 2|Hitem:169780|h|TInterface\ICONS\INV_Alchemy_80_AlchemistStone02.BLP:0|t|h 1|Hitem:170100|h|TInterface\ICONS\INV_Misc_Food_111_IcefinFillet.blp:0|t|h|n
present,,,,1,1262,Inkscale Deepseeker,300151,,,2,2064,|cFFFFD200Vendor: |rCrafticus Mindbender|n|cFFFFD200Zone: |rNazjatar|n|cFFFFD200Cost: |r150|Hitem:168802|h|TInterface\ICONS\inv_misc_token_pvp01.BLP:0|t|h|n|n|cFFFFD200Vendor: |rDazzerian|n|cFFFFD200Zone: |rNazjatar|n|cFFFFD200Cost: |r150|Hitem:168802|h|TInterface\ICONS\inv_misc_token_pvp01.BLP:0|t|h
present,,,,1,1265,Uncorrupted Voidwing,302143,,,1,128,|cFFFFD200Quest:|r Lost Flight|n
present,,,,1,1266,Alabaster Stormtalon,302361,,,11,132,|cFFFFD200Trading Post / Shop|r
present,,,,1,1267,Alabaster Thunderwing,302362,,,11,132,|cFFFFD200Trading Post / Shop|r
present,,,,1,1269,Swift Spectral Fathom Ray,302794,,,5,64,|cFFFFD200Legacy|r
present,,,,1,1270,Swift Spectral Magnetocraft,302795,,,5,64,|cFFFFD200Legacy|r
present,,,,1,1271,Swift Spectral Armored Gryphon,302796,,,5,64,|cFFFFD200Legacy|r
present,,,,1,1272,Swift Spectral Pterrordax,302797,,,5,64,|cFFFFD200Legacy|r
present,,,,1,1277,Honeyback Hivemother,303767,,,-1,0,|cFFFFD200Achievement:|r I'm On Island Time |n|cFFFFD200Category:|r Exploration
present,,,,1,1282,Black Serpent of N'Zoth,305182,,,5,0,|cFFFFD200Achievement:|r Through the Depths of Visions
present,,,,1,1283,Mechagon Mechanostrider,305592,,,5,68,|cFFFFD200Achievement: |rAllied Races: Mechagnome
present,,,,1,1285,Frostwolf Snarler,306421,,,5,4,|cFFFFD200Achievement: |rAlterac Valley of Olde|n|cFFFFD200Category: |rAlterac Valley
present,,,,1,1286,Caravan Hyena,306423,,,5,68,|cFFFFD200Achievement: |rAllied Races: Vulpera
present,,,,1,1287,Explorer's Jungle Hopper,307256,,,7,192,|cFFFFD200Recruit-a-Friend|r 
present,,,,1,1288,Explorer's Dunetrekker,307263,,,7,64,|cFFFFD200Recruit-a-Friend|r 
present,,,,1,1289,Ensorcelled Everwyrm,307932,,,7,128,|cFFFFD200Promotion:|r Shadowlands Heroic Edition
present,,,,1,1290,"Squeakers, the Trickster",308078,,,9,0,|cFFFFD200In-Game Shop|r|n
present,,,,1,1291,Lucky Yun,308087,,,9,0,|cFFFFD200In-Game Shop|r|n
present,,,,1,1292,Stormpike Battle Ram,308250,,,5,4,|cFFFFD200Achievement: |rAlterac Valley of Olde|n|cFFFFD200Category: |rAlterac Valley
present,,,,1,1293,Ny'alotha Allseer,308814,,,0,128,"|cFFFFD200Drop:|r N'Zoth the Corruptor|n|cFFFFD200Zone:|r Ny'alotha, the Waking City|n|cFFFFD200Difficulty:|r Mythic"
present,,,,1,1297,Clutch of Ha-Li,312751,,,0,128,|cFFFFD200Drop: |rHa-Li|n|cFFFFD200Zone: |rVale of Eternal Blossoms
present,,,,1,1298,Hopecrusher Gargon,312753,,,0,0,|cFFFFD200Covenant: |rVenthyr|n|cFFFFD200Zone: |rRevendreth
present,,,,1,1299,Battle Gargon Vrednic,312754,,,0,0,|cFFFFD200Covenant: |rVenthyr|n|cFFFFD200Zone: |rRevendreth
present,,,,1,1302,Dreamlight Runestag,312759,,,0,0,|cFFFFD200Covenant: |rNight Fae|n|cFFFFD200Zone: |rArdenweald
present,,,,1,1303,Enchanted Dreamlight Runestag,312761,,,0,0,|cFFFFD200Covenant: |rNight Fae|n|cFFFFD200Zone: |rArdenweald
present,,,,1,1304,Mawsworn Soulhunter,312762,,,0,0,|cFFFFD200Drop: |rGorged Shadehound|n|cFFFFD200Zone: |rThe Maw
present,,,,1,1305,Darkwarren Hardshell,312763,,,0,0,|cFFFFD200Adventures:|r Shadowlands
present,,,,1,1306,Swift Gloomhoof,312767,,,0,0,|cFFFFD200Drop: |rNight Mare|n|cFFFFD200Zone: |rArdenweald
present,,,,1,1307,Sundancer,312765,,,0,0,|cFFFFD200Drop:|r Sundancer|n|cFFFFD200Zone:|r Bastion|n
present,,,,1,1309,Chittering Animite,312776,,,0,128,|cFFFFD200Adventures:|r Shadowlands|n
present,,,,1,1310,Horrid Dredwing,332882,,,0,128,|cFFFFD200Drop: |rHarika the Horrid|n|cFFFFD200Covenant: |rVenthyr|n|cFFFFD200Zone: |rRevendreth
present,,,,1,1311,Ivory Cloud Serpent,315014,,,0,128,|cFFFFD200Drop:|r Ivory Cloud Serpent|n|cFFFFD200Zone:|r Vale of Eternal Blossoms
present,,,,1,1312,Gargantuan Grrloc,315132,,,9,0,|cFFFFD200In-Game Shop|r |n
present,,,,1,1313,Rajani Warserpent,315427,,,2,128,|cFFFFD200Vendor: |rZhang Ku|n|cFFFFD200Zone: |rVale of Eternal Blossoms|n|cFFFFD200Cost: |r1|Hitem:174230|h|TInterface\ICONS\INV_Misc_MonsterScales_18.blp:0|t|h
present,,,,1,1314,Drake of the Four Winds,315847,,,0,128,|cFFFFD200Drop: |rIshak of the Four Winds|n|cFFFFD200Zone: |rUldum
present,,,,1,1315,Mail Muncher,315987,,,0,128,|cFFFFD200Drop: |rMail Muncher|n|cFFFFD200Zone: |rHorrific Visions
present,,,,1,1317,Waste Marauder,316275,,,0,128,|cFFFFD200Drop: |rRotfeaster|n|cFFFFD200Zone: |rUldum
present,,,,1,1318,Wastewander Skyterror,316276,,,2,128,|cFFFFD200Vendor: |rProvisioner Qorra|n|cFFFFD200Zone: |rUldum|n|cFFFFD200Faction: |rUldum Accord - Exalted|n|cFFFFD200Cost: |r24000|TINTERFACE\MONEYFRAME\UI-GOLDICON.BLP:0|t
present,,,,1,1319,Malevolent Drone,316337,,,0,128,|cFFFFD200Drop:|r Corpse Eater|n|cFFFFD200Zone: |rUldum
present,,,,1,1320,Shadowbarb Drone,316339,,,1,128,|cFFFFD200Quest: |rMy Own Drone|n|cFFFFD200Zone: |rUldum
present,,,,1,1321,Wicked Swarmer,316340,,,2,128,|cFFFFD200Vendor: |rWrathion|n|cFFFFD200Zone: |rChamber of Heart|n|cFFFFD200Cost: |r100000|Hcurrency:1719|h|TInterface\ICONS\Archaeology_5_0_MoguCoin.blp:0|t|h
present,,,,1,1322,Wriggling Parasite,316343,,,5,128,|cFFFFD200Achievement: |rGlory of the Ny'alotha Raider|n|cFFFFD200Category: |rDungeons & Raids
present,,,,1,1324,Elusive Quickhoof,316493,,,10,0,|cFFFFD200Zone: |rVol'dun
present,,,,1,1326,Awakened Mindborer,316637,,,5,192,|cFFFFD200Achievement: |rBattle for Azeroth Keystone Master: Season Four|n|cFFFFD200Category: |rDungeons
present,,,,1,1327,Ren's Stalwart Hound,316722,,,0,0,|cFFFFD200Drop: |rHoundlord Ren|n|cFFFFD200Zone: |rVale of Eternal Blossoms
present,,,,1,1328,Xinlao,316723,,,0,0,|cFFFFD200Drop: |rAnh-De the Loyal|n|cFFFFD200Zone: |rVale of Eternal Blossoms
present,,,,1,1329,Springfur Alpaca,316802,,,1,0,|cFFFFD200Quest: |rAlpaca It In|n|cFFFFD200Zone: |rUldum
present,,,,1,1330,Sunwarmed Furline,317177,,,9,0,|cFFFFD200In-Game Shop|r|n
present,,,,1,1332,Silky Shimmermoth,318051,,,2,128,|cFFFFD200Vendor: |rMaster Clerk Salorn|n|cFFFFD200Zone: |rArdenweald|n|cFFFFD200Cost: |r5000|Hcurrency:1813|h|TInterface\ICONS\Spell_AnimaBastion_Orb.BLP:0|t|h
present,,,,1,1346,Steamscale Incinerator,326390,,,9,128,|cFFFFD200In-Game Shop|r|n
present,,,,1,1350,Colossal Slaughterclaw,327405,,,0,128,|cFFFFD200Drop: |rSupplies of the Undying Army|n|cFFFFD200Zone: |rMaldraxxus
present,,,,1,1351,Vicious War Spider,327407,,,5,4,|cFFFFD200PvP:|r Shadowlands: Season 1|nRated Arena and Rated Battleground Season Reward
present,,,,1,1352,Vicious War Spider,327408,,,5,4,|cFFFFD200PvP:|r Shadowlands: Season 1|nRated Arena and Rated Battleground Season Reward
present,,,,1,1354,Shadeleaf Runestag,332243,,,0,0,|cFFFFD200Covenant: |rNight Fae|n|cFFFFD200Zone: |rArdenweald
present,,,,1,1355,Wakener's Runestag,332244,,,0,0,|cFFFFD200Covenant: |rNight Fae|n|cFFFFD200Zone: |rArdenweald
present,,,,1,1356,Winterborn Runestag,332245,,,0,0,|cFFFFD200Covenant: |rNight Fae|n|cFFFFD200Zone: |rArdenweald
present,,,,1,1357,Enchanted Shadeleaf Runestag,332246,,,0,0,|cFFFFD200Covenant: |rNight Fae|n|cFFFFD200Zone: |rArdenweald
present,,,,1,1358,Enchanted Wakener's Runestag,332247,,,0,0,|cFFFFD200Covenant: |rNight Fae|n|cFFFFD200Zone: |rArdenweald
present,,,,1,1359,Enchanted Winterborn Runestag,332248,,,0,0,|cFFFFD200Covenant: |rNight Fae|n|cFFFFD200Zone: |rArdenweald
present,,,,1,1360,Shimmermist Runner,332252,,,0,0,|cFFFFD200Area: |rMistveil Tangle|n|cFFFFD200Zone: |rArdenweald
present,,,,1,1361,Duskflutter Ardenmoth,332256,,,2,128,|cFFFFD200Vendor: |rAithlyn|n|cFFFFD200Zone: |rArdenweald|n|cFFFFD200Faction: |rThe Wild Hunt - Exalted|n|cFFFFD200Cost: |r30000|TINTERFACE\MONEYFRAME\UI-GOLDICON.BLP:0|t
present,,,,1,1362,Spinemaw Gladechewer,334364,,,0,0,|cFFFFD200Drop: |rGormtamer Tizo|n|cFFFFD200Zone: |rArdenweald
present,,,,1,1363,Sinful Gladiator's Soul Eater,332400,,,5,192,|cFFFFD200Achievement: |rSinful Gladiator: Shadowlands Season 1|n|cFFFFD200Category: |rPlayer vs. Player
present,,,,1,1364,War-Bred Tauralus,332455,,,0,0,|cFFFFD200Covenant: |rNecrolord|n|cFFFFD200Zone: |rMaldraxxus
present,,,,1,1365,Plaguerot Tauralus,332456,,,0,0,|cFFFFD200Covenant: |rNecrolord|n|cFFFFD200Zone: |rMaldraxxus
present,,,,1,1366,Bonehoof Tauralus,332457,,,0,0,|cFFFFD200Drop: |rTahonta|n|cFFFFD200Covenant: |rNecrolord|n|cFFFFD200Zone: |rMaldraxxus
present,,,,1,1367,Chosen Tauralus,332460,,,5,0,|cFFFFD200Achievement: |rThe Gang's All Here|n|cFFFFD200Category: |rCovenant Sanctums
present,,,,1,1368,Armored War-Bred Tauralus,332462,,,0,0,|cFFFFD200Covenant: |rNecrolord|n|cFFFFD200Zone: |rMaldraxxus
present,,,,1,1369,Armored Plaguerot Tauralus,332464,,,2,0,|cFFFFD200Covenant: |rNecrolord|n|cFFFFD200Vendor: |rSu Zettai|n|cFFFFD200Zone: |rMaldraxxus|n|cFFFFD200Cost: |r3000|Hcurrency:1813|h|TInterface\ICONS\Spell_AnimaBastion_Orb.BLP:0|t|h
present,,,,1,1370,Armored Bonehoof Tauralus,332466,,,0,0,|cFFFFD200Drop: |rSabriel the Bonecleaver|n|cFFFFD200Covenant: |rNecrolord|n|cFFFFD200Zone: |rMaldraxxus
present,,,,1,1371,Armored Chosen Tauralus,332467,,,5,0,|cFFFFD200Achievement: |rThings To Do When You're Dead|n|cFFFFD200Category: |rCovenant Sanctums
present,,,,1,1372,Blisterback Bloodtusk,332478,,,0,0,|cFFFFD200Drop:|r Warbringer Mal'korak|n|cFFFFD200Zone: |rMaldraxxus
present,,,,1,1373,Gorespine,332480,,,0,0,|cFFFFD200Drop: |rNerissa Heartless|n|cFFFFD200Zone: |rMaldraxxus
present,,,,1,1374,Bonecleaver's Skullboar,332482,,,0,64,|cFFFFD200Vendor:|r Collector Ta'Steld|n|cFFFFD200Zone:|r Oribos|n|cFFFFD200Cost: |r5000|Hcurrency:1166|h|TInterface\ICONS\PVECurrency-Justice.blp:0|t|h|n|n
present,,,,1,1375,Lurid Bloodtusk,332484,,,2,0,|cFFFFD200Vendor: |rNalcorn Talsen|n|cFFFFD200Zone: |rMaldraxxus|n|cFFFFD200Faction: |rThe Undying Army - Exalted|n|cFFFFD200Cost: |r30000|TINTERFACE\MONEYFRAME\UI-GOLDICON.BLP:0|t
present,,,,1,1376,Silvertip Dredwing,312777,,,2,128,|cFFFFD200Covenant Feature: |rThe Ember Court|n|cFFFFD200Covenant: |rVenthyr|n|n|cFFFFD200Covenant Feature: |rQueen's Conservatory|n|cFFFFD200Covenant: |rNight Fae|n|n|cFFFFD200Covenant Feature: |rPath of Ascension|n|cFFFFD200Covenant: |rKyrian|n|n|cFFFFD200Covenant Feature: |rAbomination Factory|n|cFFFFD200Covenant: |rNecrolord
present,,,,1,1377,Rampart Screecher,332903,,,5,128,"|cFFFFD200Achievement: |rGlory of the Nathria Raider
|cFFFFD200Category: |rDungeons & Raids"
present,,,,1,1378,Harvester's Dredwing,332904,,,0,0,|cFFFFD200Drop:|r Harvester's War Chest|n|cFFFFD200Zone:|r The Maw 
present,,,,1,1379,Endmire Flyer,332905,,,0,128,|cFFFFD200Drop: |rFamu the Infinite|n|cFFFFD200Zone: |rRevendreth
present,,,,1,1382,Inquisition Gargon,332923,,,0,0,|cFFFFD200Covenant: |rVenthyr|n|cFFFFD200Zone: |rRevendreth
present,,,,1,1384,Sinfall Gargon,332927,,,0,0,|cFFFFD200Covenant: |rVenthyr|n|cFFFFD200Zone: |rRevendreth
present,,,,1,1385,Crypt Gargon,332932,,,1,0,|cFFFFD200Covenant: |rVenthyr|n|cFFFFD200Zone: |rRevendreth
present,,,,1,1387,Desire's Battle Gargon,332949,,,0,0,|cFFFFD200Covenant: |rVenthyr|n|cFFFFD200Zone: |rRevendreth
present,,,,1,1388,Gravestone Battle Gargon,333021,,,0,0,|cFFFFD200Covenant: |rVenthyr|n|cFFFFD200Zone: |rRevendreth
present,,,,1,1389,Battle Gargon Silessa,333023,,,0,0,|cFFFFD200Covenant: |rVenthyr|n|cFFFFD200Zone: |rRevendreth
present,,,,1,1391,Loyal Gorger,333027,,,1,0,|cFFFFD200Quest: |rA New Pack
present,,,,1,1442,Corridor Creeper,344578,,,5,0,|cFFFFD200Achievement: |rTwisting Corridors: Layer 8|n|cFFFFD200Category: |rTorghast
present,,,,1,1392,Pale Acidmaw,334365,,,2,0,|cFFFFD200Covenant Feature: |rThe Ember Court|n|cFFFFD200Covenant: |rVenthyr|n|n|cFFFFD200Covenant Feature: |rQueen's Conservatory|n|cFFFFD200Covenant: |rNight Fae|n|n|cFFFFD200Covenant Feature: |rPath of Ascension|n|cFFFFD200Covenant: |rKyrian|n|n|cFFFFD200Covenant Feature: |rAbomination Factory|n|cFFFFD200Covenant: |rNecrolord
present,,,,1,1393,Wild Glimmerfur Prowler,334366,,,0,0,|cFFFFD200Drop: |rValfir the Unrelenting|n|cFFFFD200Covenant: |rNight Fae|n|cFFFFD200Zone: |rArdenweald
present,,,,1,1394,Phalynx of Loyalty,334382,,,0,0,|cFFFFD200Covenant: |rKyrian|n|cFFFFD200Zone: |rBastion
present,,,,1,1395,Phalynx of Humility,334386,,,0,0,|cFFFFD200Covenant: |rKyrian|n|cFFFFD200Zone: |rBastion
present,,,,1,1396,Phalynx of Courage,334391,,,0,0,|cFFFFD200Covenant: |rKyrian|n|cFFFFD200Zone: |rBastion
present,,,,1,1397,Wildseed Cradle,334352,,,0,128,|cFFFFD200Treasure: |rCache of the Moon|n|cFFFFD200Zone: |rArdenweald
present,,,,1,1398,Phalynx of Purity,334398,,,0,0,|cFFFFD200Covenant: |rKyrian|n|cFFFFD200Zone: |rBastion
present,,,,1,1399,Eternal Phalynx of Purity,334403,,,0,0,|cFFFFD200Covenant: |rKyrian|n|cFFFFD200Zone: |rBastion
present,,,,1,1400,Eternal Phalynx of Courage,334406,,,0,0,|cFFFFD200Covenant: |rKyrian|n|cFFFFD200Zone: |rBastion
present,,,,1,1401,Eternal Phalynx of Loyalty,334408,,,0,0,|cFFFFD200Covenant: |rKyrian|n|cFFFFD200Zone: |rBastion
present,,,,1,1402,Eternal Phalynx of Humility,334409,,,0,0,|cFFFFD200Covenant: |rKyrian|n|cFFFFD200Zone: |rBastion
present,,,,1,1404,Silverwind Larion,334433,,,0,128,|cFFFFD200Treasure: |rGift of the Silver Wind|n|cFFFFD200Zone: |rBastion
present,,,,1,1405,Restoration Deathwalker,334482,,,5,0,|cFFFFD200Achievement: |rShadowlands Keystone Master: Season Four|n|cFFFFD200Category: |rDungeons
present,,,,1,1406,Marrowfang,336036,,,0,128,|cFFFFD200Drop:|r Nalthor the Rimebinder|n|cFFFFD200Zone: |rThe Necrotic Wake (Mythic)|n|n|cFFFFD200Drop:|r Challenger's Cache|n|cFFFFD200Zone: |rThe Necrotic Wake
present,,,,1,1407,Callow Flayedwing,336038,,,0,128,|cFFFFD200Zone: |rMaldraxxus
present,,,,1,1408,Gruesome Flayedwing,336039,,,2,128,|cFFFFD200Covenant Feature: |rThe Ember Court|n|cFFFFD200Covenant: |rVenthyr|n|n|cFFFFD200Covenant Feature: |rQueen's Conservatory|n|cFFFFD200Covenant: |rNight Fae|n|n|cFFFFD200Covenant Feature: |rPath of Ascension|n|cFFFFD200Covenant: |rKyrian|n|n|cFFFFD200Covenant Feature: |rAbomination Factory|n|cFFFFD200Covenant: |rNecrolord
present,,,,1,1409,Bonesewn Fleshroc,336041,,,3,128,|cFFFFD200Profession:|r Abominable Stitching|n|cFFFFD200Zone:|r Maldraxxus
present,,,,1,1410,Hulking Deathroc,336042,,,0,128,|cFFFFD200Drop: |rViolet Mistake|n|cFFFFD200Zone: |rMaldraxxus
present,,,,1,1411,Predatory Plagueroc,336045,,,0,128,|cFFFFD200Drop: |rGieger|n|cFFFFD200Covenant: |rNecrolord|n|cFFFFD200Zone: |rMaldraxxus
present,,,,1,1413,Dauntless Duskrunner,336064,,,2,0,|cFFFFD200Covenant Feature: |rThe Ember Court|n|cFFFFD200Covenant: |rVenthyr|n|n|cFFFFD200Covenant Feature: |rQueen's Conservatory|n|cFFFFD200Covenant: |rNight Fae|n|n|cFFFFD200Covenant Feature: |rPath of Ascension|n|cFFFFD200Covenant: |rKyrian|n|n|cFFFFD200Covenant Feature: |rAbomination Factory|n|cFFFFD200Covenant: |rNecrolord
present,,,,1,1443,Voracious Gorger,344659,,,5,0,|cFFFFD200Achievement: |rGlory of the Shadowlands Hero|n|cFFFFD200Category: |rDungeons & Raids
present,,,,1,1414,Sinrunner Blanchy,339588,,,0,0,|cFFFFD200NPC:|r Dead Blanchy |n|cFFFFD200Location:|r Revendreth|n |n
present,,,,1,1415,Arboreal Gulper,339632,,,0,0,|cFFFFD200Drop: |rHumon'gozz|n|cFFFFD200Zone: |rArdenweald
present,,,,1,1416,Mawsworn Charger,339956,,,5,0,"|cFFFFD200Achievement:|r Flawless Master|n|cFFFFD200Zone:|r Torghast, Tower of the Damned"
present,,,,1,1417,Hand of Hrestimorak,339957,,,0,0,|cFFFFD200Achievement:|r Glory of the Dominant Raider|n|cFFFFD200Zone:|r Sanctum of Domination
present,,,,1,1419,Sintouched Deathwalker,340068,,,5,0,|cFFFFD200Achievement: |rShadowlands Keystone Master: Season One|n|cFFFFD200Category: |rDungeons
present,,,,1,1420,Umbral Scythehorn,340503,,,2,0,|cFFFFD200Vendor: |rSpindlenose|n|cFFFFD200Zone: |rArdenweald|n
present,,,,1,1421,Court Sinrunner,341639,,,2,0,|cFFFFD200Vendor: |rMistress Mihaela|n|cFFFFD200Zone: |rRevendreth|n|cFFFFD200Faction: |rCourt of Harvesters - Exalted|n|cFFFFD200Cost: |r30000|TINTERFACE\MONEYFRAME\UI-GOLDICON.BLP:0|t
present,,,,1,1422,Warstitched Darkhound,341766,,,0,0,|cFFFFD200Adventures:|r Shadowlands
present,,,,1,1423,Highwind Darkmane,341776,,,0,128,|cFFFFD200Adventures:|r Shadowlands
present,,,,1,1424,Snowstorm,341821,,,7,0,|cFFFFD200Blizzard's 30th Anniversary|r 
present,,,,1,1425,Gilded Prowler,342334,,,2,128,|cFFFFD200Vendor: |rAdjutant Nikos|n|cFFFFD200Zone: |rBastion|n|cFFFFD200Cost: |r30000|TINTERFACE\MONEYFRAME\UI-GOLDICON.BLP:0|t
present,,,,1,1426,Ascended Skymane,342335,,,0,0,|cFFFFD200Treasure: |rCache of the Ascended|n|cFFFFD200Zone: |rBastion
present,,,,1,1428,Amber Ardenmoth,342666,,,0,128,|cFFFFD200Drop:|r Wild Hunt Supplies|n|cFFFFD200Zone:|r Ardenweald|n
present,,,,1,1429,Vibrant Flutterwing,342667,,,2,128,|cFFFFD200Vendor: |rCortinarius|n|cFFFFD200Zone: |rArdenweald
present,,,,1,1430,Desertwing Hunter,342668,,,3,0,|cFFFFD200Profession: |rProtoform Synthesis
present,,,,1,1431,Pale Regal Cervid,342671,,,3,0,|cFFFFD200Profession: |rProtoform Synthesis
present,,,,1,1433,Vespoid Flutterer,342678,,,3,128,|cFFFFD200Profession: |rProtoform Synthesis
present,,,,1,1434,Deepstar Aurelid,342680,,,0,2192,|cFFFFD200Drop:|r Hirukon|n|cFFFFD200Zone:|r Zereth Mortis
present,,,,1,1436,Battle-Hardened Aquilon,343550,,,2,0,|cFFFFD200Covenant: |rKyrian|n|cFFFFD200Vendor: |rDuchess Mynx|n|cFFFFD200Zone: |rKorthia|n|cFFFFD200Cost: |r1000|Hcurrency:1767|h|TInterface\ICONS\INV_Stygia.BLP:0|t|h|n|cFFFFD200Achievement: |rOn the Offensive
present,,,,1,1437,Battle-Bound Warhound,344228,,,0,0,|cFFFFD200Drop: |rTheater of Pain|n|cFFFFD200Zone: |rMaldraxxus
present,,,,1,1438,Bulbous Necroray,344574,,,0,128,|cFFFFD200Drop:|r Oozing Necroray Egg|n
present,,,,1,1439,Infested Necroray,344576,,,0,128,|cFFFFD200Drop:|r Oozing Necroray Egg|n
present,,,,1,1440,Pestilent Necroray,344575,,,0,128,|cFFFFD200Drop:|r Oozing Necroray Egg|n
present,,,,1,1441,Bound Shadehound,344577,,,1,0,|cFFFFD200Quest:|r Feral Shadehound|n|cFFFFD200Zone: |rThe Maw
present,,,,1,1444,Viridian Phase-Hunter,346136,,,7,0,|cFFFFD200Promotion|r
present,,,,1,1445,Slime Serpent,346141,,,0,128,|cFFFFD200Drop: |rSlime Serpent|n|cFFFFD200Zone: |rPlaguefall
present,,,,1,1446,Tazavesh Gearglider,346554,,,5,1024,|cFFFFD200Achievement: |rFake It 'Til You Make It|n|cFFFFD200Category: |rShadowlands Dungeon
present,,,,1,1448,Serenade,346719,,,3,0,|cFFFFD200Profession: |rProtoform Synthesis
present,,,,1,1449,Lord of the Corpseflies,347250,,,0,128,|cFFFFD200Covenant: |rNecrolord|n|cFFFFD200Drop:|r Fleshwing|n|cFFFFD200Zone:|r Korthia 
present,,,,1,1450,Soaring Razorwing,347251,,,2,0,|cFFFFD200Vendor: |rArchivist Roh-Suir|n|cFFFFD200Zone: |rKorthia|n|cFFFFD200Faction: |rThe Archivists' Codex - Tier 6|n|cFFFFD200Cost: |r5000|Hcurrency:1931|h|TInterface\ICONS\INV_Misc_PaperBundle04a.BLP:0|t|h
present,,,,1,1451,Vicious War Croaker,347255,,,5,4,|cFFFFD200PvP:|r Shadowlands: Season 3|nRated Arena and Rated Battleground Season Reward
present,,,,1,1452,Vicious War Croaker,347256,,,5,4,|cFFFFD200PvP:|r Shadowlands: Season 3|nRated Arena and Rated Battleground Season Reward
present,,,,1,1454,Tamed Mauler,347536,,,0,0,|cFFFFD200Drop:|r Supplies of the Archivist's Codex|n|cFFFFD200Zone:|r Korthia |n
present,,,,1,1455,Beryl Shardhide,347810,,,0,0,|cFFFFD200Drop:|r Death's Advance Supplies|n|cFFFFD200Zone:|r Korthia
present,,,,1,1456,Sapphire Skyblazer,347812,,,7,0,|cFFFFD200Promotion|r |n
present,,,,1,1458,Wandering Ancient,348162,,,7,0,|cFFFFD200Promotion|r
present,,,,1,1459,Vicious War Gorm,348769,,,5,4,|cFFFFD200PvP:|r Shadowlands: Season 2|nRated Arena and Rated Battleground Season Reward
present,,,,1,1460,Vicious War Gorm,348770,,,5,4,|cFFFFD200PvP:|r Shadowlands: Season 2|nRated Arena and Rated Battleground Season Reward
present,,,,1,1465,Vicious Warstalker,349824,,,5,4,|cFFFFD200PvP:|r Shadowlands: Season 4|nRated Arena and Rated Battleground Season Reward
present,,,,1,1466,Vicious Warstalker,349823,,,5,4,|cFFFFD200PvP:|r Shadowlands: Season 4|nRated Arena and Rated Battleground Season Reward
present,,,,1,1467,Noble Bruffalon,349935,,,2,0,|cFFFFD200Vendor: |rStorykeeper Ashekh|n|cFFFFD200Zone: |rThe Forbidden Reach|n|cFFFFD200Cost: |r100000|Hcurrency:2118|h|TInterface\ICONS\INV_Misc_Powder_Thorium.blp:0|t|h
present,,,,1,1468,Amber Skitterfly,349943,,,11,64,|cFFFFD200Trading Post|r|n
present,,,,1,1469,Magmashell,350219,,,0,0,|cFFFFD200Item: |rEmpty Magma Shell|n|cFFFFD200Zone: |rThe Waking Shores
present,,,,1,1470,Liquid Hot Magma Slug,350220,,,-1,0,|cFFFFD200Vendor: |rXydan|n|cFFFFD200Zone: |rValdrakken|n|cFFFFD200Cost: |r5000|Hcurrency:1166|h|TInterface\ICONS\PVECurrency-Justice.blp:0|t|h
present,,,,1,1471,Vengeance,351195,,,6,128,|cFFFFD200Drop:|r Lady Sylvanas Windrunner|n|cFFFFD200Zone:|r Sanctum of Domination|n|cFFFFD200Difficulty:|r Mythic
present,,,,1,1474,Bestowed Thunderspine Packleader,351408,,,5,0,|cFFFFD200Achievement:|r Centaur of Attention|n|cFFFFD200Category:|r Exploration
present,,,,1,1475,Hand of Bahmethra,352309,,,0,0,|cFFFFD200Drop:|r Tormentors of Torghast|n|cFFFFD200Zone:|r The Maw|n
present,,,,1,1476,Wild Hunt Legsplitter,352441,,,0,0,|cFFFFD200Drop:|r War Chest of the Wild Hunt|n|cFFFFD200Zone:|r The Maw
present,,,,1,1477,Undying Darkhound,352742,,,0,0,|cFFFFD200Drop:|r War Chest of the Undying Army|n|cFFFFD200Zone:|r The Maw 
present,,,,1,1478,Skyskin Hornstrider,352926,,,2,0,|cFFFFD200Vendor:|r Brendormi|n|cFFFFD200Cost:|r 150|Hitem:202039|h|TInterface\ICONS\inv_misc_stormlordsfavor.blp:0|t|h 3000|Hcurrency:2118|h|TInterface\ICONS\INV_Misc_Powder_Thorium.blp:0|t|h
present,,,,1,1480,Unchained Gladiator's Soul Eater,353036,,,5,192,|cFFFFD200Achievement: |rGladiator: Shadowlands Season 2|n|cFFFFD200Category: |rPlayer vs. Player
present,,,,1,1481,Cartel Master's Gearglider,353263,,,0,1024,"|cFFFFD200Drop:|r So'leah|n|cFFFFD200Zone:|r Tazavesh, the Veiled Market|n"
present,,,,1,1482,Xy Trustee's Gearglider,353264,,,-1,0,|cFFFFD200Source: |r[REDACTED]
present,,,,1,1483,Vandal's Gearglider,353265,,,1,0,|cFFFFD200Faction: |rManaforge Vandals|n|cFFFFD200Renown: |r8|n|cFFFFD200Location: |rShadow Point
present,,,,1,1484,Ardenweald Wilderling,353856,,,0,128,|cFFFFD200Covenant: |rNight Fae|n|cFFFFD200Zone: |rArdenweald
present,,,,1,1485,Autumnal Wilderling,353857,,,2,128,|cFFFFD200Covenant: |rNight Fae|n|cFFFFD200Vendor: |rElwyn|n|cFFFFD200Zone: |rArdenweald|n|cFFFFD200Cost: |r7500|Hcurrency:1813|h|TInterface\ICONS\Spell_AnimaBastion_Orb.BLP:0|t|h
present,,,,1,1486,Winter Wilderling,353858,,,2,128,|cFFFFD200Covenant: |rNight Fae|n|cFFFFD200Vendor: |rDuchess Mynx|n|cFFFFD200Zone: |rKorthia|n|cFFFFD200Cost: |r1000|Hcurrency:1767|h|TInterface\ICONS\INV_Stygia.BLP:0|t|h|n|cFFFFD200Achievement: |rOn the Offensive
present,,,,1,1487,Summer Wilderling,353859,,,0,128,|cFFFFD200Covenant: |rNight Fae|n|cFFFFD200Drop:|r Escaped Wilderling|n|cFFFFD200Zone:|r Korthia |n
present,,,,1,1489,Obsidian Gravewing,353866,,,2,0,|cFFFFD200Covenant: |rVenthyr|n|cFFFFD200Vendor: |rChachi the Artiste|n|cFFFFD200Zone: |rRevendreth|n|cFFFFD200Cost: |r7500|Hcurrency:1813|h|TInterface\ICONS\Spell_AnimaBastion_Orb.BLP:0|t|h
present,,,,1,1490,Sinfall Gravewing,353872,,,0,0,|cFFFFD200Covenant: |rVenthyr|n|cFFFFD200Zone: |rRevendreth
present,,,,1,1491,Pale Gravewing,353873,,,2,0,|cFFFFD200Covenant: |rVenthyr|n|cFFFFD200Vendor: |rDuchess Mynx|n|cFFFFD200Zone: |rKorthia|n|cFFFFD200Cost: |r1000|Hcurrency:1767|h|TInterface\ICONS\INV_Stygia.BLP:0|t|h|n|cFFFFD200Achievement: |rOn the Offensive
present,,,,1,1492,Elysian Aquilon,353875,,,0,0,|cFFFFD200Covenant: |rKyrian|n|cFFFFD200Zone: |rBastion
present,,,,1,1493,Forsworn Aquilon,353877,,,0,0,|cFFFFD200Covenant: |rKyrian|n|cFFFFD200Drop:|r Wild Worldcracker|n|cFFFFD200Zone:|r Korthia |n
present,,,,1,1494,Ascendant's Aquilon,353880,,,2,0,|cFFFFD200Covenant: |rKyrian|n|cFFFFD200Vendor: |rAdjutant Galos|n|cFFFFD200Zone: |rBastion|n|cFFFFD200Cost: |r7500|Hcurrency:1813|h|TInterface\ICONS\Spell_AnimaBastion_Orb.BLP:0|t|h
present,,,,1,1495,Maldraxxian Corpsefly,353883,,,0,128,|cFFFFD200Covenant: |rNecrolord|n|cFFFFD200Zone: |rMaldraxxus
present,,,,1,1496,Regal Corpsefly,353884,,,2,128,|cFFFFD200Covenant: |rNecrolord|n|cFFFFD200Vendor: |rSu Zettai|n|cFFFFD200Zone: |rMaldraxxus|n|cFFFFD200Cost: |r7500|Hcurrency:1813|h|TInterface\ICONS\Spell_AnimaBastion_Orb.BLP:0|t|h
present,,,,1,1497,Battlefield Swarmer,353885,,,2,128,|cFFFFD200Covenant: |rNecrolord|n|cFFFFD200Vendor: |rDuchess Mynx|n|cFFFFD200Zone: |rKorthia|n|cFFFFD200Cost: |r1000|Hcurrency:1767|h|TInterface\ICONS\INV_Stygia.BLP:0|t|h|n|cFFFFD200Achievement: |rOn the Offensive
present,,,,1,1500,Sanctum Gloomcharger,354351,,,0,0,|cFFFFD200Drop:|r The Nine|n|cFFFFD200Zone:|r Sanctum of Domination
present,,,,1,1501,Soulbound Gloomcharger,354352,,,0,0,|cFFFFD200Drop:|r Mysterious Gift from Ve'nari|n|cFFFFD200Zone:|r The Maw
present,,,,1,1502,Fallen Charger,354353,,,0,0,|cFFFFD200Drop:|r Fallen Charger|n|cFFFFD200Zone:|r The Maw
present,,,,1,1503,Hand of Nilganihmaht,354354,,,0,0,|cFFFFD200Zone:|r The Maw
present,,,,1,1504,Hand of Salaranga,354355,,,0,0,|cFFFFD200Achievement:|r Breaking the Chains|n|cFFFFD200Zone:|r Korthia and The Maw
present,,,,1,1505,Amber Shardhide,354356,,,2,0,|cFFFFD200Vendor: |rDuchess Mynx|n|cFFFFD200Zone: |rKorthia|n|cFFFFD200Faction: |rDeath's Advance - Revered|n|cFFFFD200Cost: |r5000|Hcurrency:1767|h|TInterface\ICONS\INV_Stygia.BLP:0|t|h
present,,,,1,1506,Crimson Shardhide,354357,,,0,0,|cFFFFD200Drop:|r Malbog|n|cFFFFD200Zone:|r Korthia
present,,,,1,1507,Darkmaul,354358,,,0,0,|cFFFFD200Zone:|r Korthia
present,,,,1,1508,Fierce Razorwing,354359,,,0,0,|cFFFFD200Drop:|r Death's Advance Supplies|n|cFFFFD200Zone:|r Korthia
present,,,,1,1509,Garnet Razorwing,354360,,,0,0,|cFFFFD200Drop:|r Reliwik the Defiant|n|cFFFFD200Zone:|r Korthia
present,,,,1,1510,Dusklight Razorwing,354361,,,0,0,|cFFFFD200Zone:|r Korthia
present,,,,1,1511,"Maelie, the Wanderer",354362,,,1,0,|cFFFFD200Zone:|r Korthia
present,,,,1,1513,Sarge's Tale,356488,,,7,0,|cFFFFD200Promotion|r|n
present,,,,1,1514,Rampaging Mauler,356501,,,0,0,|cFFFFD200Drop:|r Konthrogz the Obliterator|n|cFFFFD200Zone:|r Korthia
present,,,,1,1517,Bound Blizzard,358072,,,7,0,|cFFFFD200Promotion:|r |n
present,,,,1,1520,Soultwisted Deathwalker,358319,,,5,0,|cFFFFD200Achievement: |rShadowlands Keystone Master: Season Two|n|cFFFFD200Category: |rDungeons
present,,,,1,1521,Val'sharah Hippogryph,359013,,,2,0,|cFFFFD200Vendor: |rAridormi|n|cFFFFD200Zone: |rDalaran|n|cFFFFD200Cost: |r5000|Hcurrency:1166|h|TInterface\ICONS\PVECurrency-Justice.blp:0|t|h
present,,,,1,1522,Heartlight Vombata,359229,,,2,0,|cFFFFD200Vendor: |rVilo|n|cFFFFD200Zone: |rZereth Mortis|n|cFFFFD200Faction: |rThe Enlightened - Exalted|n|cFFFFD200Cost: |r5000|Hcurrency:1813|h|TInterface\ICONS\Spell_AnimaBastion_Orb.BLP:0|t|h
present,,,,1,1523,Curious Crystalsniffer,359230,,,3,0,|cFFFFD200Profession: |rProtoform Synthesis
present,,,,1,1524,Darkened Vombata,359231,,,3,0,|cFFFFD200Profession: |rProtoform Synthesis
present,,,,1,1525,Adorned Vombata,359232,,,3,0,|cFFFFD200Profession: |rProtoform Synthesis
present,,,,1,1526,Deathrunner,359278,,,3,0,|cFFFFD200Profession: |rProtoform Synthesis
present,,,,1,1528,Sundered Zerethsteed,359277,,,3,0,|cFFFFD200Profession: |rProtoform Synthesis
present,,,,1,1529,Anointed Protostag,359276,,,2,0,|cFFFFD200Vendor: |rVilo|n|cFFFFD200Zone: |rZereth Mortis|n|cFFFFD200Faction: |rThe Enlightened - Revered|n|cFFFFD200Cost: |r5000|Hcurrency:1813|h|TInterface\ICONS\Spell_AnimaBastion_Orb.BLP:0|t|h
present,,,,1,1531,"Wen Lo, the River's Edge",359317,,,9,0,|cFFFFD200In-Game Shop|r|n
present,,,,1,1532,Soaring Spelltome,359318,,,5,0,|cFFFFD200Achievement: |rA Tour of Towers|n|cFFFFD200Category: |rTimewalking
present,,,,1,1533,Forged Spiteflyer,359367,,,3,128,|cFFFFD200Profession: |rProtoform Synthesis
present,,,,1,1534,Buzz,359366,,,3,128,|cFFFFD200Profession: |rProtoform Synthesis
present,,,,1,1535,Bronzewing Vespoid,359364,,,3,128,|cFFFFD200Profession: |rProtoform Synthesis
present,,,,1,1536,Mawdapted Raptora,359372,,,3,0,|cFFFFD200Profession: |rProtoform Synthesis
present,,,,1,1537,Raptora Swooper,359373,,,3,0,|cFFFFD200Profession: |rProtoform Synthesis
present,,,,1,1538,Bronze Helicid,359376,,,3,0,|cFFFFD200Profession: |rProtoform Synthesis
present,,,,1,1539,Unsuccessful Prototype Fleetpod,359377,,,3,0,|cFFFFD200Profession: |rProtoform Synthesis
present,,,,1,1540,Scarlet Helicid,359378,,,3,64,|cFFFFD200Profession: |rProtoform Synthesis
present,,,,1,1541,Genesis Crawler,359401,,,3,0,|cFFFFD200Profession: |rProtoform Synthesis
present,,,,1,1542,Tarachnid Creeper,359402,,,3,0,|cFFFFD200Profession: |rProtoform Synthesis
present,,,,1,1543,Ineffable Skitterer,359403,,,3,0,|cFFFFD200Profession: |rProtoform Synthesis
present,,,,1,1544,Wastewarped Deathwalker,359407,,,5,0,|cFFFFD200Achievement: |rShadowlands Keystone Master: Season Three|n|cFFFFD200Category: |rDungeons
present,,,,1,1545,Divine Kiss of Ohn'ahra,395644,,,1,2,|cFFFFD200Quest:|r A Whispering Breeze|n|cFFFFD200Zone:|r Ohn'ahran Plains
present,,,,1,1546,Iskaara Trader's Ottuk,359409,,,2,16,|cFFFFD200Vendor: |rTattukiaka|n|cFFFFD200Zone: |rThe Azure Span|n|cFFFFD200Cost: |r1|Hitem:195502|h|TInterface\ICONS\INV_10_DungeonJewelry_Primalist_Trinket_4_Earth.BLP:0|t|h 1|Hitem:195496|h|TInterface\ICONS\INV_10_DungeonJewelry_Primalist_Necklace_1_Air.BLP:0|t|h
present,,,,1,1547,Goldplate Bufonid,359413,,,3,0,|cFFFFD200Profession: |rProtoform Synthesis
present,,,,1,1549,Shimmering Aurelid,359379,,,5,2048,|cFFFFD200Achievement: |rGlory of the Sepulcher Raider|n|cFFFFD200Category: |rDungeons & Raids
present,,,,1,1550,Depthstalker,359380,,,11,192,|cFFFFD200Trading Post|r
present,,,,1,1551,Cryptic Aurelid,359381,,,5,2192,|cFFFFD200Achievement: |rFrom A to Zereth|n|cFFFFD200Category: |rShadowlands
present,,,,1,1552,Carcinized Zerethsteed,359545,,,1,0,|cFFFFD200Quest:|r Leading Motives
present,,,,1,1553,Liberated Slyvern,359622,,,0,0,|cFFFFD200Drop: |rBreezebiter|n|cFFFFD200Zone: |rThe Azure Span
present,,,,1,1556,Tangled Dreamweaver,359843,,,7,0,|cFFFFD200Promotion:|r Dragonflight Heroic Edition|n
present,,,,1,1563,Highland Drake,360954,,,5,512,|cFFFFD200Achievement:|r Dragon Isles: Highland Drake|n
present,,,,1,1564,Colossal Soulshredder Mawrat,363297,,,5,0,|cFFFFD200Achievement:|r Flawless Master (Layer 16)|n|cFFFFD200Category:|r Torghast|n
present,,,,1,1565,Colossal Umbrahide Mawrat,363178,,,5,0,|cFFFFD200Drop:|r Torghast Layers 13 or higher|n|cFFFFD200Location:|r Torghast|n
present,,,,1,1566,Colossal Ebonclaw Mawrat,363136,,,5,0,|cFFFFD200Achievement:|r The Jailer's Gauntlet: Layer 4|n|cFFFFD200Category:|r Torghast|n
present,,,,1,1567,Lightforged Ruinstrider,363608,,,-1,264,
present,,,,1,1568,Lightforged Ruinstrider,363613,,,1,68,|cFFFFD200Paladin|r |n
present,,,,1,1569,Patient Bufonid,363701,,,1,0,|cFFFFD200Quest: |rThe Patient Bufonid|n|cFFFFD200Zone: |rZereth Mortis
present,,,,1,1570,Prototype Leaper,363703,,,3,0,|cFFFFD200Profession: |rProtoform Synthesis
present,,,,1,1571,Russet Bufonid,363706,,,3,0,|cFFFFD200Profession: |rProtoform Synthesis
present,,,,1,1572,Cosmic Gladiator's Soul Eater,365559,,,5,192,|cFFFFD200Achievement: |rGladiator: Shadowlands Season 3|n|cFFFFD200Category: |rPlayer vs. Player
present,,,,1,1573,Magenta Cloud Serpent,366647,,,11,192,|cFFFFD200Trading Post|r
present,,,,1,1574,Crusty Crawler,366789,,,11,64,|cFFFFD200Trading Post|r
present,,,,1,1575,Quawks,366790,,,11,64,|cFFFFD200Trading Post|r
present,,,,1,1576,Jigglesworth Sr.,366791,,,5,0,|cFFFFD200Achievement:|r Fates of the Shadowlands Raids|n
present,,,,1,1577,"Ash'adar, Harbinger of Dawn",366962,,,11,64,|cFFFFD200Trading Post / Shop|r
present,,,,1,1578,[DND] Test Mount JZB,367190,,,2,64,"|cFFFFD200Vendor: |rUncle Bigpocket
|cFFFFD200Zone: |rKun-Lai Summit
|cFFFFD200Cost: |r120000|TINTERFACE\MONEYFRAME\UI-GOLDICON.BLP:0|t"
present,,,,1,1579,Coral-Stalker Waveray,367620,,,7,64,|cFFFFD200Promotion|r
present,,,,1,1580,Heartbond Lupine,367673,,,3,0,|cFFFFD200Profession: |rProtoform Synthesis
present,,,,1,1581,Nether-Gorged Greatwyrm,367676,,,9,128,|cFFFFD200In-Game Shop|r|n
present,,,,1,1582,Savage Green Battle Turtle,367826,,,11,240,|cFFFFD200Trading Post|r
present,,,,1,1583,Armored Siege Kodo,367875,,,11,64,|cFFFFD200Trading Post / Shop|r
present,,,,1,1584,Colossal Plaguespew Mawrat,368105,,,5,0,"|cFFFFD200Drop:|r Rhuv, Gorger of Ruin|n"
present,,,,1,1585,Colossal Wraithbound Mawrat,368128,,,5,0,|cFFFFD200Drop:|r Mawsworn Supply Chest|n
present,,,,1,1586,Armored Golden Pterrordax,368126,,,11,192,|cFFFFD200Trading Post|r
present,,,,1,1587,Zereth Overseer,368158,,,0,0,|cFFFFD200Drop: |rThe Jailer|n|cFFFFD200Zone: |rSepulcher of the First Ones|n|cFFFFD200Difficulty: |rMythic
present,,,,1,1588,Winding Slitherdrake,368893,,,5,512,|cFFFFD200Achievement:|r A Serpentine Discovery
present,,,,1,1589,Renewed Proto-Drake,368896,,,5,512,|cFFFFD200Achievement:|r Dragon Isles: A New Friend
present,,,,1,1590,Windborne Velocidrake,368899,,,5,512,|cFFFFD200Achievement:|r Dragon Isles: Windborne Velocidrake
present,,,,1,1591,Cliffside Wylderdrake,368901,,,5,512,|cFFFFD200Achievement:|r Dragon Isles: Cliffside Wylderdrake
present,,,,1,1594,"Jade, Bright Foreseer",369451,,,9,0,|cFFFFD200In-Game Shop|r|n
present,,,,1,1595,Cerulean Marsh Hopper,369480,,,11,64,|cFFFFD200Trading Post|r
present,,,,1,1596,Amalgam of Rage,369476,,,7,0,|cFFFFD200Promotion:|r Diablo IV
present,,,,1,1597,Grimhowl,369666,,,1,0,|cFFFFD200Quest: |rGood Fiery Boy|n|cFFFFD200Zone: |rBlackrock Depths
present,,,,1,1599,Eternal Gladiator's Soul Eater,370346,,,5,192,|cFFFFD200Achievement: |rGladiator: Shadowlands Season 4|n|cFFFFD200Category: |rPlayer vs. Player
present,,,,1,1600,Elusive Emerald Hawkstrider,370620,,,1,0,|cFFFFD200Quest: |rBlood Knight|n|cFFFFD200Zone: |rGhostlands|n|n|cFFFFD200Quest: |rVictory for the Sin'dorei|n|cFFFFD200Zone: |rGhostlands
present,,,,1,1602,Tuskarr Shoreglider,370770,,,7,128,|cFFFFD200Promotion|r|n
present,,,,1,1603,Subterranean Magmammoth,371176,,,2,0,|cFFFFD200Vendor: |rSacratros|n|cFFFFD200Zone: |rZaralek Cavern|n|cFFFFD200Cost: |r100|Hitem:204727|h|TInterface\ICONS\INV_Misc_CuriousCoin.BLP:0|t|h
present,,,,1,1605,Dragon Isles Drake Model Test,371571,,,5,576,|cFFFFD200Achievement:|r Dragon Isles Drake|n
present,,,,1,1607,Swift Spectral Drake,372995,,,5,64,|cFFFFD200Legacy|r
present,,,,1,1608,Soar,430833,,,-1,8130,
present,,,,1,1612,Loyal Magmammoth,373859,,,2,0,|cFFFFD200Vendor: |rYries Lightfingers|n|cFFFFD200Zone: |rThe Waking Shores
present,,,,1,1614,Stormtouched Bruffalon,373967,,,5,0,|cFFFFD200Achievement:|r Across the Isles|n|cFFFFD200Category:|r Exploration
present,,,,1,1615,Tamed Skitterfly,374032,,,2,0,|cFFFFD200Faction:|r Dragonscale Expedition|n|cFFFFD200Renown:|r 25|n|cFFFFD200Vendor:|r Granpap Whiskers|n|cFFFFD200Location:|r Dragonscale Basecamp
present,,,,1,1616,Azure Skitterfly,374034,,,2,0,|cFFFFD200Faction:|r Dragonscale Expedition|n|cFFFFD200Renown:|r 25|n|cFFFFD200Vendor:|r Granpap Whiskers|n|cFFFFD200Location:|r Dragonscale Basecamp|n|cFFFFD200Cost:|r 5|Hitem:201401|h|TInterface\ICONS\INV_Icon_Feather05d.BLP:0|t|h 20|Hitem:193053|h|TInterface\ICONS\INV_Feather_11.blp:0|t|h 750|Hcurrency:2003|h|TInterface\ICONS\INV_Faction_WarResources.BLP:0|t|h
present,,,,1,1617,Verdant Skitterfly,374048,,,0,0,|cFFFFD200Faction:|r Dragonscale Expedition|n|cFFFFD200Renown:|r 25|n|cFFFFD200Treasure:|r Expedition Scout's Pack
present,,,,1,1618,Bestowed Sandskimmer,374071,,,5,0,|cFFFFD200Achievement:|r Closing Time|n|cFFFFD200Category:|r Exploration
present,,,,1,1619,Ancient Salamanther,374090,,,0,0,|cFFFFD200Drop:|r The Forbidden Reach|n
present,,,,1,1621,Coralscale Salamanther,374097,,,5,0,|cFFFFD200Achievement:|r Into the Storm|n|cFFFFD200Category:|r Exploration
present,,,,1,1622,Stormhide Salamanther,374098,,,2,0,|cFFFFD200Vendor:|r Mythressa|n|cFFFFD200Cost:|r 2000|Hcurrency:2118|h|TInterface\ICONS\INV_Misc_Powder_Thorium.blp:0|t|h
present,,,,1,1623,Seething Slug,374138,,,0,0,|cFFFFD200Treasure: |rSeething Cache|n|cFFFFD200Zone: |rZaralek Cavern
present,,,,1,1626,Shellack,374155,,,5,0,|cFFFFD200Achievement:|r Glory of the Dragonflight Hero|n
present,,,,1,1627,Gooey Snailemental,374157,,,0,0,|cFFFFD200Drop:|r The Forbidden Reach|n
present,,,,1,1629,Scrappy Worldsnail,374162,,,2,0,|cFFFFD200Vendor: |rDealer Vexil|n|cFFFFD200Zone: |rThe Waking Shores|n|cFFFFD200Cost: |r1000|Hitem:202173|h|TInterface\ICONS\Creatureportrait_Twilightshammer_lava_magicball.blp:0|t|h
present,,,,1,1633,Bestowed Trawling Mammoth,374172,,,5,0,|cFFFFD200Achievement:|r Army of the Fed|n|cFFFFD200Category:|r Exploration
present,,,,1,1634,Mossy Mammoth,374194,,,0,0,|cFFFFD200Drop:|r Zskera Vaults|n
present,,,,1,1635,Plainswalker Bearer,374196,,,6,0,|cFFFFD200World Event:|r Centaur Hunts (first hunt of each week)
present,,,,1,1638,Explorer's Stonehide Packbeast,374204,,,2,0,|cFFFFD200Vendor: |rProvisioner Aristta|n|cFFFFD200Zone: |rThaldraszus|n|cFFFFD200Cost: |r20000|Hcurrency:2657|h|TInterface\ICONS\INV_7_0Raid_Trinket_05A.BLP:0|t|h
present,,,,1,1639,"Lizi, Thunderspine Tramper",374247,,,1,0,|cFFFFD200Quest: |rTo Tame A Thunderspine|n|cFFFFD200Zone: |rOhn'ahran Plains
present,,,,1,1644,Raging Magmammoth,374275,,,5,0,|cFFFFD200Achievement: |rGlory of the Vault Raider|n|cFFFFD200Category: |rDungeons & Raids
present,,,,1,1645,Renewed Magmammoth,374278,,,0,0,|cFFFFD200Drop:|r Dreamsurges
present,,,,1,1651,Bestowed Ottuk Vanguard,376898,,,0,16,|cFFFFD200Achievement:|r Flight Club|n|cFFFFD200Category:|r Exploration
present,,,,1,1653,Brown War Ottuk,376910,,,2,16,|cFFFFD200Faction:|r Iskaara Tuskarr|n|cFFFFD200Renown:|r 30|n|cFFFFD200Vendor:|r Tatto|n|cFFFFD200Location:|r Iskaara|n|cFFFFD200Cost:|r 5|Hitem:201403|h|TInterface\ICONS\Achievement_Reputation_Tuskarr.blp:0|t|h 5|Hitem:201400|h|TInterface\ICONS\TRADE_ARCHAEOLOGY_SHARK JAWS.BLP:0|t|h 1000|Hcurrency:2003|h|TInterface\ICONS\INV_Faction_WarResources.BLP:0|t|h
present,,,,1,1654,Otterworldly Ottuk Carrier,376912,,,5,16,|cFFFFD200Achievement: |rThanks for the Carry!|n|cFFFFD200Category: |rMounts|n
present,,,,1,1655,Yellow War Ottuk,376913,,,2,16,|cFFFFD200Faction:|r Iskaara Tuskarr|n|cFFFFD200Renown:|r 30|n|cFFFFD200Vendor:|r Tatto|n|cFFFFD200Location:|r Iskaara|n|cFFFFD200Cost:|r 5|Hitem:201403|h|TInterface\ICONS\Achievement_Reputation_Tuskarr.blp:0|t|h 5|Hitem:201400|h|TInterface\ICONS\TRADE_ARCHAEOLOGY_SHARK JAWS.BLP:0|t|h 1000|Hcurrency:2003|h|TInterface\ICONS\INV_Faction_WarResources.BLP:0|t|h
present,,,,1,1656,Otto,376873,,,1,16,|cFFFFD200Quest:|r The Way to an Otto's Heart|n
present,,,,1,1657,Brown Scouting Ottuk,376875,,,2,16,|cFFFFD200Faction:|r Iskaara Tuskarr|n|cFFFFD200Renown:|r 25|n|cFFFFD200Vendor:|r Tatto|n|cFFFFD200Location:|r Iskaara|n|cFFFFD200Cost:|r 2|Hitem:201403|h|TInterface\ICONS\Achievement_Reputation_Tuskarr.blp:0|t|h 2|Hitem:201400|h|TInterface\ICONS\TRADE_ARCHAEOLOGY_SHARK JAWS.BLP:0|t|h 750|Hcurrency:2003|h|TInterface\ICONS\INV_Faction_WarResources.BLP:0|t|h
present,,,,1,1658,Ivory Trader's Ottuk,376879,,,2,16,|cFFFFD200Vendor: |rTattukiaka|n|cFFFFD200Zone: |rThe Azure Span|n|cFFFFD200Cost: |r1|Hitem:193696|h|TInterface\ICONS\INV_10_DungeonJewelry_Primalist_Ring_1_Earth.BLP:0|t|h 1|Hitem:193633|h|TInterface\ICONS\INV_10_DungeonJewelry_Tuskarr_Ring_2_Color4.BLP:0|t|h 1|Hitem:193708|h|TInterface\ICONS\INV_10_DungeonJewelry_Explorer_Ring_1_Color1.BLP:0|t|h
present,,,,1,1659,Yellow Scouting Ottuk,376880,,,2,16,|cFFFFD200Faction:|r Iskaara Tuskarr|n|cFFFFD200Renown:|r 25|n|cFFFFD200Vendor:|r Tatto|n|cFFFFD200Location:|r Iskaara|n|cFFFFD200Cost:|r 2|Hitem:201403|h|TInterface\ICONS\Achievement_Reputation_Tuskarr.blp:0|t|h 2|Hitem:201400|h|TInterface\ICONS\TRADE_ARCHAEOLOGY_SHARK JAWS.BLP:0|t|h 750|Hcurrency:2003|h|TInterface\ICONS\INV_Faction_WarResources.BLP:0|t|h
present,,,,1,1660,Crimson Gladiator's Drake,377071,,,5,64,|cFFFFD200Achievement:|r Gladiator: Dragonflight Season 1|n|cFFFFD200Category:|r Player vs. Player
present,,,,1,1662,Telix the Stormhorn,381529,,,7,64,|cFFFFD200Promotion|r |n
present,,,,1,1664,Guardian Vorquin,384963,,,2,0,|cFFFFD200Vendor: |rTreysh|n|cFFFFD200Zone: |rThe Forbidden Reach|n|cFFFFD200Cost: |r80|TINTERFACE\MONEYFRAME\UI-GOLDICON.BLP:0|t|n|n|cFFFFD200Vendor: |rTethalash|n|cFFFFD200Zone: |rValdrakken|n|cFFFFD200Cost: |r80|TINTERFACE\MONEYFRAME\UI-GOLDICON.BLP:0|t
present,,,,1,1665,Swift Armored Vorquin,385134,,,2,0,|cFFFFD200Vendor: |rTreysh|n|cFFFFD200Zone: |rThe Forbidden Reach|n|cFFFFD200Cost: |r80|TINTERFACE\MONEYFRAME\UI-GOLDICON.BLP:0|t|n|n|cFFFFD200Vendor: |rTethalash|n|cFFFFD200Zone: |rValdrakken|n|cFFFFD200Cost: |r80|TINTERFACE\MONEYFRAME\UI-GOLDICON.BLP:0|t
present,,,,1,1667,Armored Vorquin Leystrider,385131,,,2,0,|cFFFFD200Vendor: |rTreysh|n|cFFFFD200Zone: |rThe Forbidden Reach|n|cFFFFD200Cost: |r80|TINTERFACE\MONEYFRAME\UI-GOLDICON.BLP:0|t|n|n|cFFFFD200Vendor: |rTethalash|n|cFFFFD200Zone: |rValdrakken|n|cFFFFD200Cost: |r80|TINTERFACE\MONEYFRAME\UI-GOLDICON.BLP:0|t
present,,,,1,1668,Majestic Armored Vorquin,385115,,,2,0,|cFFFFD200Vendor: |rTreysh|n|cFFFFD200Zone: |rThe Forbidden Reach|n|cFFFFD200Cost: |r80|TINTERFACE\MONEYFRAME\UI-GOLDICON.BLP:0|t|n|n|cFFFFD200Vendor: |rTethalash|n|cFFFFD200Zone: |rValdrakken|n|cFFFFD200Cost: |r80|TINTERFACE\MONEYFRAME\UI-GOLDICON.BLP:0|t
present,,,,1,1669,Bestowed Ohuna Spotter,385260,,,5,0,|cFFFFD200Achievement:|r Wake Me Up|n|cFFFFD200Category:|r Exploration|n
present,,,,1,1671,Duskwing Ohuna,385262,,,2,0,|cFFFFD200Vendor: |rCelestine of the Harvest|n|cFFFFD200Zone: |rThe Waking Shores|n|cFFFFD200Zone: |rOhn'ahran Plains|n|cFFFFD200Zone: |rThe Azure Span|n|cFFFFD200Zone: |rThaldraszus|n|cFFFFD200Cost: |r1000|Hitem:207026|h|TInterface\ICONS\INV_Enchant_DustStrange.blp:0|t|h
present,,,,1,1672,Zenet Hatchling,385266,,,0,0,|cFFFFD200Drop:|r Zenet Egg|n|cFFFFD200Zone:|r Ohn'ahran Plains
present,,,,1,1674,Temperamental Skyclaw,385738,,,2,0,|cFFFFD200Vendor:|r Zon'Wogi|n|cFFFFD200Zone:|r The Azure Span|n|n
present,,,,1,1679,Frostbrood Proto-Wyrm,386452,,,7,64,|cFFFFD200Promotion:|r Wrath of the Lich King Classic|n
present,,,,1,1681,Hailstorm Armoredon,387231,,,5,0,|cFFFFD200Achievement: |rDragonflight Keystone Master: Season One|n|cFFFFD200Category: |rDungeons
present,,,,1,1683,Crimson Vorquin,394216,,,2,0,|cFFFFD200Vendor: |rTreysh|n|cFFFFD200Zone: |rThe Forbidden Reach|n|cFFFFD200Cost: |r40|TINTERFACE\MONEYFRAME\UI-GOLDICON.BLP:0|t|n|n|cFFFFD200Vendor: |rTethalash|n|cFFFFD200Zone: |rValdrakken|n|cFFFFD200Cost: |r40|TINTERFACE\MONEYFRAME\UI-GOLDICON.BLP:0|t
present,,,,1,1684,Sapphire Vorquin,394218,,,2,0,|cFFFFD200Vendor: |rTreysh|n|cFFFFD200Zone: |rThe Forbidden Reach|n|cFFFFD200Cost: |r40|TINTERFACE\MONEYFRAME\UI-GOLDICON.BLP:0|t|n|n|cFFFFD200Vendor: |rTethalash|n|cFFFFD200Zone: |rValdrakken|n|cFFFFD200Cost: |r40|TINTERFACE\MONEYFRAME\UI-GOLDICON.BLP:0|t
present,,,,1,1685,Bronze Vorquin,394219,,,2,0,|cFFFFD200Vendor: |rTreysh|n|cFFFFD200Zone: |rThe Forbidden Reach|n|cFFFFD200Cost: |r40|TINTERFACE\MONEYFRAME\UI-GOLDICON.BLP:0|t|n|n|cFFFFD200Vendor: |rTethalash|n|cFFFFD200Zone: |rValdrakken|n|cFFFFD200Cost: |r40|TINTERFACE\MONEYFRAME\UI-GOLDICON.BLP:0|t
present,,,,1,1686,Obsidian Vorquin,394220,,,2,0,|cFFFFD200Vendor: |rTreysh|n|cFFFFD200Zone: |rThe Forbidden Reach|n|cFFFFD200Cost: |r40|TINTERFACE\MONEYFRAME\UI-GOLDICON.BLP:0|t|n|n|cFFFFD200Vendor: |rTethalash|n|cFFFFD200Zone: |rValdrakken|n|cFFFFD200Cost: |r40|TINTERFACE\MONEYFRAME\UI-GOLDICON.BLP:0|t
present,,,,1,1688,Vicious Sabertooth,394737,,,5,4,|cFFFFD200PvP:|r Dragonflight: Season 1|nRated Arena and Rated Battleground Season Reward
present,,,,1,1689,Vicious Sabertooth,394738,,,5,4,|cFFFFD200PvP:|r Dragonflight: Season 1|nRated Arena and Rated Battleground Season Reward
present,,,,1,1690,Whelpling,395095,,,-1,4160,
present,,,,1,1692,Wondrous Wavewhisker,397406,,,9,0,|cFFFFD200In-Game Shop|r|n
present,,,,1,1698,Rocket Shredder 9001,400733,,,9,192,|cFFFFD200Recruit-a-Friend|r |n
present,,,,1,1699,Gleaming Moonbeast,400976,,,7,0,|cFFFFD200Promotion|r 
present,,,,1,1710,Black-Furred Bakar,404018,,,2,0,|cFFFFD200Vendor: |rXydan|n|cFFFFD200Zone: |rValdrakken|n|cFFFFD200Cost: |r5000|Hcurrency:1166|h|TInterface\ICONS\PVECurrency-Justice.blp:0|t|h
present,,,,1,1725,Inferno Armoredon,406637,,,5,0,|cFFFFD200Achievement: |rDragonflight Keystone Master: Season Two|n|cFFFFD200Category: |rDungeons
present,,,,1,1727,Tarecgosa's Visage,407555,,,1,1090,|cFFFFD200Quest:|r Rhapsody in Blue
present,,,,1,1729,Big Slick in the City,408313,,,1,0,|cFFFFD200Quest:|r Snailed It|n|cFFFFD200Zone: |rZaralek Cavern
present,,,,1,1730,Igneous Shalewing,408627,,,2,0,|cFFFFD200Vendor: |rSaccratros|n|cFFFFD200Zone: |rZaralek Cavern|n|cFFFFD200Cost: |r400|Hitem:204727|h|TInterface\ICONS\INV_Misc_CuriousCoin.BLP:0|t|h
present,,,,1,1732,Cobalt Shalewing,408647,,,0,0,|cFFFFD200Drop: |rKarokta|n|cFFFFD200Zone: |rZaralek Cavern
present,,,,1,1733,Calescent Shalewing,408648,,,5,0,"|cFFFFD200Achievement:|r Que Zara(lek), Zara(lek)|n|cFFFFD200Category:|r Quests"
present,,,,1,1734,Shadowflame Shalewing,408649,,,5,0,|cFFFFD200Achievement: |rGlory of the Aberrus Raider
present,,,,1,1735,Cataloged Shalewing,408651,,,6,0,|cFFFFD200Zone: |rZaralek Cavern|n|cFFFFD200Public Event: |rResearchers Under Fire
present,,,,1,1736,Boulder Hauler,408653,,,2,0,|cFFFFD200Vendor: |rPonzo|n|cFFFFD200Zone: |rZaralek Cavern|n|cFFFFD200Cost: |r85|Hitem:205188|h|TInterface\ICONS\INV_Stone_WeightStone_08.blp:0|t|h
present,,,,1,1737,Sandy Shalewing,408654,,,2,0,|cFFFFD200Vendor: |rAny Timewalking Vendor|n|cFFFFD200Cost: |r5000|Hcurrency:1166|h|TInterface\ICONS\PVECurrency-Justice.blp:0|t|h
present,,,,1,1738,Morsel Sniffer,408655,,,2,0,|cFFFFD200Vendor: |rHarlowe Marl|n|cFFFFD200Zone: |rZaralek Cavern|n|cFFFFD200Cost: |r800|Hcurrency:2003|h|TInterface\ICONS\INV_Faction_WarResources.BLP:0|t|h
present,,,,1,1739,Obsidian Gladiator's Slitherdrake,408977,,,5,64,|cFFFFD200Achievement:|r Gladiator: Dragonflight Season 2|n|cFFFFD200Category:|r Player vs. Player
present,,,,1,1740,Vicious War Snail,409034,,,5,4,|cFFFFD200PvP:|r Dragonflight: Season 2|nRated Arena and Rated Battleground Season Reward
present,,,,1,1741,Vicious War Snail,409032,,,5,4,|cFFFFD200PvP:|r Dragonflight: Season 2|nRated Arena and Rated Battleground Season Reward
present,,,,1,1742,Felcrystal Scorpion,411565,,,11,64,|cFFFFD200Trading Post|r
present,,,,1,1744,Grotto Netherwing Drake,412088,,,1,512,|cFFFFD200Quest:|r Dragon Keeping|n|cFFFFD200Zone: |rEmerald Dream
present,,,,1,1771,Highland Drake,413409,,,5,576,|cFFFFD200Achievement:|r Dragon Isles: Highland Drake|n
present,,,,1,1772,Scarlet Pterrordax,413825,,,1,4,|cFFFFD200Quest:|r Time to Fly|n
present,,,,1,1773,Harbor Gryphon,413827,,,1,4,|cFFFFD200Quest:|r Time to Fly|n
present,,,,1,1774,Valiance,413922,,,0,0,|cFFFFD200Discovery:|r Valiance|n|cFFFFD200Location:|r Naxxramas
present,,,,1,1776,White War Wolf,414316,,,2,0,|cFFFFD200Horde |r|n|cFFFFD200Drop: |rTime Rifts|n|cFFFFD200Vendor: |rWarden Krizzik|n|cFFFFD200Zone: |rTyrhold Reservoir|n|cFFFFD200Cost: |r3000|Hcurrency:2594|h|TInterface\ICONS\TimelessCoin_yellow.BLP:0|t|h|n|n|cFFFFD200Alliance |r|n|cFFFFD200Item: |rGift of the White War Wolf
present,,,,1,1777,Ravenous Black Gryphon,414323,,,0,0,|cFFFFD200Alliance |r|n|cFFFFD200Drop: |rTime Rifts|n|cFFFFD200Vendor: |rWarden Krizzik|n|cFFFFD200Zone: |rTyrhold Reservoir|n|cFFFFD200Cost: |r3000|Hcurrency:2594|h|TInterface\ICONS\TimelessCoin_yellow.BLP:0|t|h|n|n|cFFFFD200Horde |r|n|cFFFFD200Item: |rGift of the Ravenous Black Gryphon
present,,,,1,1778,Gold-Toed Albatross,414324,,,0,128,|cFFFFD200Drop: |rTime Rifts|n|cFFFFD200Vendor: |rSorotis|n|cFFFFD200Zone: |rTyrhold Reservoir|n|cFFFFD200Cost: |r3000|Hcurrency:2594|h|TInterface\ICONS\TimelessCoin_yellow.BLP:0|t|h
present,,,,1,1779,Felstorm Dragon,414326,,,0,128,|cFFFFD200Drop: |rTime Rifts|n|cFFFFD200Vendor: |rFalara Nightsong|n|cFFFFD200Zone: |rTyrhold Reservoir|n|cFFFFD200Cost: |r3000|Hcurrency:2594|h|TInterface\ICONS\TimelessCoin_yellow.BLP:0|t|h
present,,,,1,1781,Sulfur Hound,414327,,,5,0,|cFFFFD200Drop: |rTime Rifts|n|cFFFFD200Vendor: |rProvisioner Qorra|n|cFFFFD200Zone: |rTyrhold Reservoir|n|cFFFFD200Cost: |r3000|Hcurrency:2594|h|TInterface\ICONS\TimelessCoin_yellow.BLP:0|t|h
present,,,,1,1782,Perfected Juggernaut,414328,,,0,0,|cFFFFD200Drop: |rTime Rifts|n|cFFFFD200Vendor: |rGill the Drill|n|cFFFFD200Zone: |rTyrhold Reservoir|n|cFFFFD200Cost: |r3000|Hcurrency:2594|h|TInterface\ICONS\TimelessCoin_yellow.BLP:0|t|h
present,,,,1,1783,Scourgebound Vanquisher,414334,,,0,128,|cFFFFD200Drop: |rTime Rifts|n|cFFFFD200Vendor: |rBaron Silver|n|cFFFFD200Zone: |rTyrhold Reservoir|n|cFFFFD200Cost: |r3000|Hcurrency:2594|h|TInterface\ICONS\TimelessCoin_yellow.BLP:0|t|h
present,,,,1,1784,Royal Swarmer,414986,,,11,192,|cFFFFD200Trading Post|r
present,,,,1,1785,Ancestral Clefthoof,417245,,,11,64,|cFFFFD200Trading Post|r|n
present,,,,1,1786,Renewed Proto-Drake,417548,,,5,576,|cFFFFD200Achievement:|r Dragon Isles: A New Friend
present,,,,1,1787,Windborne Velocidrake,417552,,,5,576,|cFFFFD200Achievement:|r Dragon Isles: Windborne Velocidrake
present,,,,1,1788,Cliffside Wylderdrake,417554,,,5,576,|cFFFFD200Achievement:|r Dragon Isles: Cliffside Wylderdrake
present,,,,1,1789,Winding Slitherdrake,417556,,,5,576,|cFFFFD200Achievement:|r A Serpentine Discovery
present,,,,1,1792,Algarian Stormrider,417888,,,7,0,|cFFFFD200Promotion:|r The War Within Heroic Edition|n
present,,,,1,1794,Pattie,418078,,,5,0,|cFFFFD200Achievement: |rWhodunnit?|n|cFFFFD200Event: |rSecrets of Azeroth
present,,,,1,1795,Auspicious Arborwyrm,418286,,,9,0,|cFFFFD200In-Game Shop|r|n
present,,,,1,1796,Whelpling,419002,,,-1,4160,
present,,,,1,1797,Ginormous Grrloc,419567,,,9,0,|cFFFFD200In-Game Shop|r |n
present,,,,1,1798,Azure Worldchiller,420097,,,0,64,|cFFFFD200Drop: |rDoomwalker|n|cFFFFD200Zone: |rTanaris
present,,,,1,1799,Eve's Ghastly Rider,419345,,,2,2112,|cFFFFD200Trading Post|r
present,,,,1,1801,Verdant Armoredon,422486,,,5,0,|cFFFFD200Achievement: |rDragonflight Keystone Master: Season Three|n|cFFFFD200Category: |rDungeons
present,,,,1,1808,Blossoming Dreamstag,423871,,,2,0,|cFFFFD200Vendor: |rTalisa Whisperbloom|n|cFFFFD200Zone: |rEmerald Dream|n|cFFFFD200Cost: |r1|Hitem:211376|h|TInterface\ICONS\INV_Misc_TrailofFlowers.blp:0|t|h
present,,,,1,1809,Suntouched Dreamstag,423873,,,2,0,|cFFFFD200Vendor: |rMoon Priestess Lasara|n|cFFFFD200Zone: |rEmerald Dream|n|cFFFFD200Cost: |r1200|Hcurrency:2003|h|TInterface\ICONS\INV_Faction_WarResources.BLP:0|t|h
present,,,,1,1810,Rekindled Dreamstag,423877,,,2,0,|cFFFFD200Vendor: |rTalisa Whisperbloom|n|cFFFFD200Zone: |rEmerald Dream|n|cFFFFD200Cost: |r1|Hitem:211376|h|TInterface\ICONS\INV_Misc_TrailofFlowers.blp:0|t|h
present,,,,1,1811,Lunar Dreamstag,423891,,,2,0,|cFFFFD200Vendor: |rMoon Priestess Lasara|n|cFFFFD200Zone: |rEmerald Dream|n|cFFFFD200Cost: |r1200|Hcurrency:2003|h|TInterface\ICONS\INV_Faction_WarResources.BLP:0|t|h
present,,,,1,1812,Runebound Firelord,424009,,,7,64,|cFFFFD200Promotion:|r Cataclysm Classic
present,,,,1,1813,Mimiron's Jumpjets,424082,,,6,0,|cFFFFD200World Event:|r Secrets of Azeroth|n
present,,,,1,1814,Shadow Dusk Dreamsaber,424474,,,5,0,|cFFFFD200Achievement: |rGlory of the Dream Raider|n|cFFFFD200Category: |rDungeons & Raids
present,,,,1,1815,Winter Night Dreamsaber,424476,,,0,0,|cFFFFD200Drop:|r Dreamseed Cache|n|cFFFFD200Zone:|r Emerald Dream|n
present,,,,1,1816,Evening Sun Dreamsaber,424479,,,2,0,|cFFFFD200Vendor: |rTalisa Whisperbloom|n|cFFFFD200Zone: |rEmerald Dream|n|cFFFFD200Cost: |r1|Hitem:211376|h|TInterface\ICONS\INV_Misc_TrailofFlowers.blp:0|t|h
present,,,,1,1817,Morning Flourish Dreamsaber,424482,,,2,0,|cFFFFD200Vendor: |rTalisa Whisperbloom|n|cFFFFD200Zone: |rEmerald Dream|n|cFFFFD200Cost: |r1|Hitem:211376|h|TInterface\ICONS\INV_Misc_TrailofFlowers.blp:0|t|h
present,,,,1,1818,"Anu'relos, Flame's Guidance",424484,,,0,0,"|cFFFFD200Drop: |rFyrakk|n|cFFFFD200Zone: |rAmirdrassil, the Dream's Hope (Mythic)"
present,,,,1,1819,Vicious Moonbeast,424534,,,5,4,|cFFFFD200PvP:|r Dragonflight: Season 3|nRated Arena and Rated Battleground Season Reward
present,,,,1,1820,Vicious Moonbeast,424535,,,5,4,|cFFFFD200PvP:|r Dragonflight: Season 3|nRated Arena and Rated Battleground Season Reward
present,,,,1,1822,Draconic Gladiator's Drake,424539,,,5,64,|cFFFFD200Achievement:|r Gladiator: Dragonflight Season 4|n|cFFFFD200Category:|r Player vs. Player
present,,,,1,1824,Brown-Furred Spiky Bakar,424601,,,11,64,|cFFFFD200Trading Post|r
present,,,,1,1825,Taivan,424607,,,5,0,|cFFFFD200Achievement:|r A World Awoken|n|cFFFFD200Category:|r Expansion Features
present,,,,1,1830,Flourishing Whimsydrake,425338,,,1,512,|cFFFFD200Quest:|r Emerald Welcome|n|cFFFFD200Zone: |rEmerald Dream
present,,,,1,1831,Verdant Gladiator's Slitherdrake,425416,,,5,64,|cFFFFD200Achievement:|r Gladiator: Dragonflight Season 3|n|cFFFFD200Category:|r Player vs. Player
present,,,,1,1833,Springtide Dreamtalon,426955,,,2,0,|cFFFFD200Vendor: |rTalisa Whisperbloom|n|cFFFFD200Zone: |rEmerald Dream|n|cFFFFD200Cost: |r1|Hitem:211376|h|TInterface\ICONS\INV_Misc_TrailofFlowers.blp:0|t|h
present,,,,1,1834,Ochre Dreamtalon,427041,,,1,0,|cFFFFD200Quest: |rA Little Hope is Never Without Worth|n|cFFFFD200Zone: |rEmerald Dream
present,,,,1,1835,Snowfluff Dreamtalon,427043,,,2,0,|cFFFFD200Vendor: |rTalisa Whisperbloom|n|cFFFFD200Zone: |rEmerald Dream|n|cFFFFD200Cost: |r1|Hitem:211376|h|TInterface\ICONS\INV_Misc_TrailofFlowers.blp:0|t|h
present,,,,1,1837,Delugen,427222,,,2,16,|cFFFFD200Vendor: |rElianna|n|cFFFFD200Zone: |rEmerald Dream|n|cFFFFD200Cost: |r1|Hcurrency:2777|h|TInterface\ICONS\INV_Legion_Faction_DreamWeavers.BLP:0|t|h
present,,,,1,1838,Talont,427224,,,2,0,|cFFFFD200Vendor: |rElianna|n|cFFFFD200Zone: |rEmerald Dream|n|cFFFFD200Cost: |r1|Hcurrency:2777|h|TInterface\ICONS\INV_Legion_Faction_DreamWeavers.BLP:0|t|h
present,,,,1,1839,Stargrazer,427226,,,2,0,|cFFFFD200Vendor: |rElianna|n|cFFFFD200Zone: |rEmerald Dream|n|cFFFFD200Cost: |r1|Hcurrency:2777|h|TInterface\ICONS\INV_Legion_Faction_DreamWeavers.BLP:0|t|h
present,,,,1,1841,Crimson Glimmerfur,427435,,,11,64,|cFFFFD200Trading Post|r
present,,,,1,1938,Mammyth,427546,,,2,0,|cFFFFD200Vendor: |rElianna|n|cFFFFD200Zone: |rEmerald Dream|n|cFFFFD200Cost: |r1|Hcurrency:2777|h|TInterface\ICONS\INV_Legion_Faction_DreamWeavers.BLP:0|t|h
present,,,,1,1939,Imagiwing,427549,,,2,0,|cFFFFD200Vendor: |rElianna|n|cFFFFD200Zone: |rEmerald Dream|n|cFFFFD200Cost: |r1|Hcurrency:2777|h|TInterface\ICONS\INV_Legion_Faction_DreamWeavers.BLP:0|t|h
present,,,,1,1940,Salatrancer,427724,,,2,0,|cFFFFD200Vendor: |rElianna|n|cFFFFD200Zone: |rEmerald Dream|n|cFFFFD200Cost: |r1|Hcurrency:2777|h|TInterface\ICONS\INV_Legion_Faction_DreamWeavers.BLP:0|t|h
present,,,,1,1941,Heartseeker Mana Ray,427777,,,6,0,|cFFFFD200World Event:|r Love is in the Air|n|cFFFFD200Cost: |r270 |Hitem:49927|h|TInterface\ICONS\INV_ValentinesCard01.BLP:0|t|h
present,,,,1,1942,Jeweled Copper Scarab,428005,,,11,64,|cFFFFD200Trading Post|r
present,,,,1,2069,Feathered Windsurfer,435109,,,2,1024,|cFFFFD200World Event:|r WoW Remix: Mists of Pandaria
present,,,,1,1943,"Incognitro, the Indecipherable Felcycle",428013,,,6,64,|cFFFFD200World Event:|r WoW's 20th Anniversary?|n
present,,,,1,1944,Golden Regal Scarab,428060,,,2,64,|cFFFFD200Black Market|r
present,,,,1,1945,Jeweled Sapphire Scarab,428062,,,11,64,|cFFFFD200Trading Post|r
present,,,,1,1946,Jeweled Jade Scarab,428065,,,7,64,|cFFFFD200Promotion|r 
present,,,,1,1947,Hateforged Blazecycle,428067,,,7,64,|cFFFFD200Promotion|r |n
present,,,,1,1948,Voidfire Deathcycle,428068,,,2,0,|cFFFFD200Zone:|r Vision of Stormwind (Revisited) |n|cFFFFD200Zone:|r Vision of Orgrimmar (Revisited) 
present,,,,1,1949,Gilnean Prowler,430225,,,1,0,|cFFFFD200Quest:|r Beginning a New Dawn|n|cFFFFD200Zone:|r Gilneas|n
present,,,,1,1952,Soar,430747,,,-1,8130,
present,,,,1,1953,Grotto Netherwing Drake,431049,,,1,576,|cFFFFD200Quest:|r Dragon Keeping|n|cFFFFD200Zone: |rEmerald Dream
present,,,,1,1954,Flourishing Whimsydrake,431050,,,1,576,|cFFFFD200Quest:|r Emerald Welcome|n|cFFFFD200Zone: |rEmerald Dream
present,,,,1,1956,Fur-endship Fox,431357,,,11,64,|cFFFFD200Trading Post|r
present,,,,1,1957,Soaring Sky Fox,431359,,,9,64,|cFFFFD200In-Game Shop|r|n
present,,,,1,1958,Twilight Sky Prowler,431360,,,-1,64,
present,,,,1,1959,Compass Rose,431992,,,6,192,|cFFFFD200World Event:|r Hearthstone Anniversary|n
present,,,,1,2023,Noble Flying Carpet,432455,,,0,1024,|cFFFFD200Drop:|r Daetan Swiftplume|n|cFFFFD200Holiday:|r Noblegarden
present,,,,1,2035,Majestic Azure Peafowl,432558,,,11,192,|cFFFFD200Trading Post|r |n
present,,,,1,2036,Brilliant Sunburst Peafowl,432562,,,11,192,"|cFFFFD200Trading Post|r 

"
present,,,,1,2038,Clayscale Hornstrider,432610,,,0,0,|cFFFFD200Drop:|r Azerothian Archives
present,,,,1,2039,Savage Blue Battle Turtle,433281,,,11,240,|cFFFFD200Trading Post|r
present,,,,1,2055,Infinite Armoredon,434462,,,5,0,|cFFFFD200Achievement: |rDragonflight Keystone Master: Season Four|n|cFFFFD200Category: |rDungeons
present,,,,1,2056,Vicious Dreamtalon,434470,,,5,4,|cFFFFD200PvP:|r Dragonflight: Season 4|nRated Arena and Rated Battleground Season Reward
present,,,,1,2057,Vicious Dreamtalon,434477,,,5,4,|cFFFFD200PvP:|r Dragonflight: Season 4|nRated Arena and Rated Battleground Season Reward
present,,,,1,2060,Golden Discus,435044,,,2,1024,|cFFFFD200World Event:|r WoW Remix: Mists of Pandaria
present,,,,1,2063,Mogu Hazeblazer,435082,,,2,1024,|cFFFFD200World Event:|r WoW Remix: Mists of Pandaria
present,,,,1,2064,Sky Surfer,435084,,,2,1024,|cFFFFD200World Event:|r WoW Remix: Mists of Pandaria
present,,,,1,2065,Daystorm Windsteed,435108,,,2,128,|cFFFFD200World Event:|r WoW Remix: Mists of Pandaria
present,,,,1,2067,Forest Windsteed,435107,,,2,128,|cFFFFD200World Event:|r WoW Remix: Mists of Pandaria
present,,,,1,2068,Dashing Windsteed,435103,,,2,128,|cFFFFD200World Event:|r WoW Remix: Mists of Pandaria
present,,,,1,2070,Guardian Quilen,435115,,,2,1152,|cFFFFD200World Event:|r WoW Remix: Mists of Pandaria
present,,,,1,2071,Marble Quilen,435118,,,2,1152,|cFFFFD200World Event:|r WoW Remix: Mists of Pandaria
present,,,,1,2072,Gilded Riding Crane,435123,,,2,1152,|cFFFFD200World Event:|r WoW Remix: Mists of Pandaria
present,,,,1,2073,Pale Riding Crane,435128,,,2,1152,|cFFFFD200World Event:|r WoW Remix: Mists of Pandaria
present,,,,1,2074,Rose Riding Crane,435127,,,2,1152,|cFFFFD200World Event:|r WoW Remix: Mists of Pandaria
present,,,,1,2075,Silver Riding Crane,435126,,,2,1152,|cFFFFD200World Event:|r WoW Remix: Mists of Pandaria
present,,,,1,2076,Luxurious Riding Crane,435124,,,2,1152,|cFFFFD200World Event:|r WoW Remix: Mists of Pandaria
present,,,,1,2077,Tropical Riding Crane,435125,,,2,1152,|cFFFFD200World Event:|r WoW Remix: Mists of Pandaria
present,,,,1,2078,Snowy Riding Goat,435131,,,2,1152,|cFFFFD200World Event:|r WoW Remix: Mists of Pandaria
present,,,,1,2080,Little Red Riding Goat,435133,,,2,1152,|cFFFFD200World Event:|r Mists of Pandaria: Remix
present,,,,1,2081,Bloody Skyscreamer,435145,,,2,0,|cFFFFD200World Event:|r WoW Remix: Mists of Pandaria
present,,,,1,2083,Night Pterrorwing,435146,,,2,0,|cFFFFD200World Event:|r WoW Remix: Mists of Pandaria
present,,,,1,2084,Jade Pterrordax,435147,,,2,0,|cFFFFD200World Event:|r WoW Remix: Mists of Pandaria
present,,,,1,2085,Cobalt Juggernaut,435149,,,2,1152,|cFFFFD200World Event:|r WoW Remix: Mists of Pandaria
present,,,,1,2086,Fel Iron Juggernaut,435150,,,2,1152,|cFFFFD200World Event:|r WoW Remix: Mists of Pandaria
present,,,,1,2087,Purple Shado-Pan Riding Tiger,435153,,,2,1152,|cFFFFD200World Event:|r WoW Remix: Mists of Pandaria
present,,,,1,2088,Riverwalker Mushan,435160,,,2,1152,|cFFFFD200World Event:|r WoW Remix: Mists of Pandaria
present,,,,1,2089,Palehide Mushan Beast,435161,,,2,1152,|cFFFFD200World Event:|r WoW Remix: Mists of Pandaria
present,,,,1,2090,Polly Roger,437162,,,0,64,|cFFFFD200Special Event: |rPlunderstorm
present,,,,1,2091,Voyaging Wilderling,439138,,,5,512,|cFFFFD200Achievement:|r Awakening the Dragonflight Raids
present,,,,1,2114,Zovaal's Soul Eater,440444,,,5,192,|cFFFFD200Achievement:|r Back from the Beyond|n|cFFFFD200Category:|r Expansion Features
present,,,,1,2115,Soar,441313,,,-1,7234,
present,,,,1,2116,Remembered Golden Gryphon,441324,,,2,132,|cFFFFD200Vendor: |rRemembrancer Amuul|n|cFFFFD200Zone: |rDalaran|n|cFFFFD200Cost: |r25|Hitem:211409|h|TInterface\ICONS\Spell_Azerite_Essence_15.BLP:0|t|h
present,,,,1,2117,Remembered Wind Rider,441325,,,2,132,|cFFFFD200Vendor: |rRemembrancer Amuul|n|cFFFFD200Zone: |rDalaran|n|cFFFFD200Cost: |r25|Hitem:211409|h|TInterface\ICONS\Spell_Azerite_Essence_15.BLP:0|t|h
present,,,,1,2118,Amber Pterrordax,441794,,,2,0,|cFFFFD200World Event:|r WoW Remix: Mists of Pandaria
present,,,,1,2119,Stonevault Mechsuit,442358,,,1,0,"|cFFFFD200Quest: |rRepurposed, Restored|n|cFFFFD200Zone: |rThe Ringing Deeps"
present,,,,1,2140,Charming Courier,443660,,,9,64,|cFFFFD200In-Game Shop|r 
present,,,,1,2142,August Phoenix,446017,,,5,0,|cFFFFD200World Event:|r Mists of Pandaria: Remix
present,,,,1,2549,Umbral K'arroc,1233511,,,5,0,|cFFFFD200Achievement: |rGlory of the Omega Raider|n|cFFFFD200Category: |rDungeons & Raids
present,,,,1,2143,Astral Emperor's Serpent,446022,,,5,0,|cFFFFD200World Event:|r WoW Remix: Mists of Pandaria
present,,,,1,2144,Delver's Dirigible,446052,,,1,512,|cFFFFD200Quest:|r Ship It!|n|cFFFFD200Zone:|r Isle of Dorn
present,,,,1,2145,Kickin' Kezan Waveshredder,446352,,,9,1088,|cFFFFD200In-Game Shop|r
present,,,,1,2148,Smoldering Cinderbee,447057,,,2,0,|cFFFFD200Vendor: |rAuditor Balwurz|n|cFFFFD200Zone: |rDornogal|n|cFFFFD200Cost: |r11375|Hcurrency:2815|h|TInterface\ICONS\SPELL_AZERITE_ESSENCE14.BLP:0|t|h
present,,,,1,2150,Vicious Skyflayer,447405,,,5,4,|cFFFFD200PvP:|r The War Within: Season 1|nRated Arena and Rated Battleground Season Reward
present,,,,1,2152,Pearlescent Goblin Wave Shredder,447413,,,11,1088,|cFFFFD200Trading Post|r
present,,,,1,2158,Crowd Pummeler 2-30,448186,,,3,0,|cFFFFD200Profession: |rKhaz Algar Engineering
present,,,,1,2159,Machine Defense Unit 1-11,448188,,,5,0,|cFFFFD200Treasure: |rAwakened Cache|n|cFFFFD200Zone: |rThe Ringing Deeps
present,,,,1,2161,Elder Glowmite,447173,,,1,0,|cFFFFD200Quest: |rElder Glowmite|n|cFFFFD200Zone: |rHarandar|n|n
present,,,,1,2162,Cyan Glowmite,447176,,,2,0,|cFFFFD200Vendor: |rWaxmonger Squick|n|cFFFFD200Zone: |rThe Ringing Deeps|n|cFFFFD200Cost: |r11375|Hcurrency:2815|h|TInterface\ICONS\SPELL_AZERITE_ESSENCE14.BLP:0|t|h
present,,,,1,2165,Soaring Meaderbee,447151,,,2,0,|cFFFFD200Vendor: |rCendvin|n|cFFFFD200Zone: |rThe Isle of Dorn|n|cFFFFD200Cost: |r900|Hitem:225557|h|TInterface\ICONS\INV_Ability_Honey_Orb.BLP:0|t|h
present,,,,1,2167,Raging Cinderbee,447160,,,5,0,|cFFFFD200Achievement: |rRuffious's Bid|n|cFFFFD200Category: |rWorld
present,,,,1,2171,Widow's Undercrawler,448680,,,2,0,"|cFFFFD200Vendors: |rYamas the Provider, Bobbin|n|cFFFFD200Zone: |rAzj-Kahet|n|cFFFFD200Cost: |r2020|Hcurrency:3056|h|TInterface\ICONS\INV_10_Tailoring_SilkRare_Color3.BLP:0|t|h"
present,,,,1,2172,Heritage Undercrawler,448685,,,2,0,"|cFFFFD200Vendors: |rYamas the Provider, Anub'okki, Aspirake Kiipka|n|cFFFFD200Zone: |rAzj-Kahet|n|cFFFFD200Cost: |r2020|Hcurrency:3056|h|TInterface\ICONS\INV_10_Tailoring_SilkRare_Color3.BLP:0|t|h"
present,,,,1,2174,Royal Court Undercrawler,448689,,,2,0,"|cFFFFD200Vendors: |rYamas the Provider, Tulumun|n|cFFFFD200Zone: |rAzj-Kahet|n|cFFFFD200Cost: |r2020|Hcurrency:3056|h|TInterface\ICONS\INV_10_Tailoring_SilkRare_Color3.BLP:0|t|h"
present,,,,1,2176,Alunira,447213,,,0,0,|cFFFFD200Drop: |rAlunira|n|cFFFFD200Zone: |rIsle of Dorn
present,,,,1,2177,Aquamarine Swarmite,447185,,,2,0,|cFFFFD200Vendor: |rLady Vinazian|n|cFFFFD200Zone: |rAzj-Kahet|n|cFFFFD200Cost: |r3940|Hcurrency:3056|h|TInterface\ICONS\INV_10_Tailoring_SilkRare_Color3.BLP:0|t|h|n|n|cFFFFD200Vendor: |rY'tekhi|n|cFFFFD200Zone: |rAzj-Kahet|n|cFFFFD200Cost: |r3940|Hcurrency:3056|h|TInterface\ICONS\INV_10_Tailoring_SilkRare_Color3.BLP:0|t|h
present,,,,1,2178,Nesting Swarmite,447189,,,0,0,|cFFFFD200Zone:|r Vision of Stormwind (Revisited) |n|cFFFFD200Zone:|r Vision of Orgrimmar (Revisited) 
present,,,,1,2180,Shadowed Swarmite,447190,,,5,0,|cFFFFD200Achievement: |rGlory of the Nerub-ar Raider|n|cFFFFD200Category: |rDungeons & Raids
present,,,,1,2181,Swarmite Skyhunter,447195,,,5,0,|cFFFFD200Achievement: |rKhaz Algar Glyph Hunter|n|cFFFFD200Category: |rWar Within
present,,,,1,2223,Ascendant Skyrazor,451491,,,0,0,|cFFFFD200Drop: |rQueen Ansurek|n|cFFFFD200Zone: |rNerub-ar Palace (Mythic)
present,,,,1,2184,Ferocious Jawcrawler,447957,,,2,0,|cFFFFD200Vendor: |rLady Vinazian|n|cFFFFD200Zone: |rAzj-Kahet|n|cFFFFD200Cost: |r2815|Hcurrency:3056|h|TInterface\ICONS\INV_10_Tailoring_SilkRare_Color3.BLP:0|t|h|n|n|cFFFFD200Vendor: |rY'tekhi|n|cFFFFD200Zone: |rAzj-Kahet|n|cFFFFD200Cost: |r2815|Hcurrency:3056|h|TInterface\ICONS\INV_10_Tailoring_SilkRare_Color3.BLP:0|t|h
present,,,,1,2186,Blue Old God Fish Mount,448845,,,11,64,|cFFFFD200Trading Post|r|n
present,,,,1,2187,Underlight Shorestalker,448849,,,11,64,|cFFFFD200Trading Post|r|n
present,,,,1,2188,"Kah, Legend of the Deep",448850,,,11,64,|cFFFFD200Achievement: |rThe Derby Dash|n|cFFFFD200Category: |rFishing
present,,,,1,2189,Underlight Corrupted Behemoth,448851,,,11,64,|cFFFFD200Trading Post|r|n
present,,,,1,2190,Shadow of Doubt,448934,,,2,0,|cFFFFD200Achievement:|r You Xal Not Pass|n|cFFFFD200Category:|r Exploration
present,,,,1,2191,Shackled Shadow,448939,,,2,0,|cFFFFD200Vendor: |rAuralia Steelstrike|n|cFFFFD200Zone: |rHallowfall|n|cFFFFD200Cost: |r11375|Hcurrency:2815|h|TInterface\ICONS\SPELL_AZERITE_ESSENCE14.BLP:0|t|h
present,,,,1,2192,Beledar's Spawn,448941,,,0,0,|cFFFFD200Drop: |rBeledar's Spawn|n|cFFFFD200Zone: |rHallowfall
present,,,,1,2193,Vermillion Imperial Lynx,448978,,,2,0,|cFFFFD200Vendor: |rAuralia Steelstrike|n|cFFFFD200Zone: |rHallowfall|n|cFFFFD200Cost: |r8125|Hcurrency:2815|h|TInterface\ICONS\SPELL_AZERITE_ESSENCE14.BLP:0|t|h
present,,,,1,2194,Dauntless Imperial Lynx,448979,,,2,0,|cFFFFD200Drop: |rSpreading the Light|n|cFFFFD200Zone: |rHallowfall
present,,,,1,2198,Kor'kron Warsaber,449126,,,11,1088,Trading Post
present,,,,1,2199,Blackrock Warsaber,449132,,,7,1088,|cFFFFD200Promotion|r
present,,,,1,2200,[PH] Nightsaber Horde Mount White,449133,,,11,1088,Trading Post
present,,,,1,2201,Sentinel War Wolf,449140,,,11,1088,Trading Post
present,,,,1,2202,[PH] Alliance Wolf Mount,449141,,,11,1088,Trading Post
present,,,,1,2203,Kaldorei War Wolf,449142,,,7,1088,|cFFFFD200Promotion|r
present,,,,1,2204,Wick,449264,,,0,0,|cFFFFD200Drop:|r The Darkness|n|cFFFFD200Zone:|r Darkflame Cleft (Mythic)|n|n|cFFFFD200Drop:|r Challenger's Cache|n|cFFFFD200Zone:|r Darkflame Cleft
present,,,,1,2205,Ol' Mole Rufus,449258,,,0,0,|cFFFFD200Drop: |rLurker of the Deeps|n|cFFFFD200Zone: |rThe Ringing Deeps
present,,,,1,2209,Crimson Mudnose,449269,,,2,0,|cFFFFD200Vendor: |rWaxmonger Squick|n|cFFFFD200Zone: |rThe Ringing Deeps|n|cFFFFD200Cost: |r8125|Hcurrency:2815|h|TInterface\ICONS\SPELL_AZERITE_ESSENCE14.BLP:0|t|h
present,,,,1,2211,Vicious Skyflayer,449325,,,5,4,|cFFFFD200PvP:|r The War Within: Season 1|nRated Arena and Rated Battleground Season Reward
present,,,,1,2213,Shale Ramolith,449418,,,2,0,|cFFFFD200Vendor: |rAuditor Balwurz|n|cFFFFD200Zone: |rDornogal|n|cFFFFD200Cost: |r8125|Hcurrency:2815|h|TInterface\ICONS\SPELL_AZERITE_ESSENCE14.BLP:0|t|h
present,,,,1,2214,Slatestone Ramolith,449415,,,5,0,|cFFFFD200Achievement: |rAllied Races: Earthen|n|cFFFFD200Category: |rWar Within
present,,,,1,2218,Forged Gladiator's Fel Bat,449466,,,5,64,|cFFFFD200Achievement:|r Gladiator: The War Within Season 1|n|cFFFFD200Category:|r Player vs. Player
present,,,,1,2219,Sureki Skyrazor,451486,,,0,0,|cFFFFD200Drop: |rQueen Ansurek|n|cFFFFD200Zone: |rNerub-ar Palace
present,,,,1,2220,Retrained Skyrazor,451487,,,2,64,|cFFFFD200Vendor: |rMaterialist Ophinell|n|cFFFFD200Zone: |rTwilight Highlands|n|cFFFFD200Cost: |r100|Hcurrency:3319|h|TInterface\ICONS\INV12_Twilight_ Blade_Cultist_Insignia.BLP:0|t|h
present,,,,1,2222,Siesbarg,451489,,,1,0,|cFFFFD200World Quest: |rConsolation Flies|n|cFFFFD200Zone: |rAzj-Kahet|n|cFFFFD200Zone: |rCity of Threads
present,,,,1,2224,Frayfeather Hippogryph,452643,,,2,128,|cFFFFD200Vendor: |rBobadormu|n|cFFFFD200Zone: |rTanaris|n|cFFFFD200Cost: |r5000|Hcurrency:1166|h|TInterface\ICONS\PVECurrency-Justice.blp:0|t|h|n|n|cFFFFD200Vendor: |rGrannadormu|n|cFFFFD200Zone: |rTanaris|n|cFFFFD200Cost: |r5000|Hcurrency:1166|h|TInterface\ICONS\PVECurrency-Justice.blp:0|t|h
present,,,,1,2225,Amani Hunting Bear,452645,,,2,0,|cFFFFD200Vendor: |rCupri|n|cFFFFD200Zone: |rShattrath City|n|cFFFFD200Cost: |r5000|Hcurrency:1166|h|TInterface\ICONS\PVECurrency-Justice.blp:0|t|h
present,,,,1,2230,Ivory Goliathus,452779,,,5,0,|cFFFFD200Achievement:|r Glory of the War Within Delver|n
present,,,,1,2232,Savage Ebony Battle Turtle,453255,,,7,176,|cFFFFD200Promotion|r 
present,,,,1,2233,Earthen Ordinant's Ramolith,453785,,,1,4,|cFFFFD200Paladin|r |n
present,,,,1,2235,Startouched Furline,454682,,,9,64,|cFFFFD200In-Game Shop|r|n
present,,,,1,2237,Grizzly Hills Packmaster,457485,,,-1,64,|cFFFFD200In-Game Shop|r
present,,,,1,2238,Plunderlord's Golden Crocolisk,457650,,,11,64,|cFFFFD200Trading Post|r
present,,,,1,2239,Keg Leg's Radiant Crocolisk,457654,,,11,64,|cFFFFD200Trading Post|r
present,,,,1,2240,Plunderlord's Midnight Crocolisk,457656,,,-1,64,|cFFFFD200Special Event: |rPlunderstorm
present,,,,1,2241,Plunderlord's Weathered Crocolisk,457659,,,11,64,|cFFFFD200Trading Post|r
present,,,,1,2244,Diamond Mechsuit,458335,,,5,0,|cFFFFD200Achievement: |rThe War Within Keystone Master: Season One|n|cFFFFD200Category: |rDungeons
present,,,,1,2249,Hand of Reshkigaal,459193,,,11,64,|cFFFFD200Trading Post|r
present,,,,1,2255,Golden Ashes of Al'ar,459784,,,7,192,|cFFFFD200Promotion|r |n
present,,,,1,2259,Gigantic Grrloc,463025,,,9,0,|cFFFFD200In-Game Shop|r |n
present,,,,1,2261,Coldflame Tempest,463133,,,5,64,|cFFFFD200World Event:|r 20th WoW Anniversary
present,,,,1,2262,Harmonious Salutations Bear,464443,,,7,64,|cFFFFD200Promotion|r |n
present,,,,1,2265,Trader's Gilded Brutosaur,465235,,,9,64,|cFFFFD200In-Game Shop|r
present,,,,1,2272,Crimson Armored Growler,465999,,,2,0,|cFFFFD200Vendor: |rRocco Razzboom|n|cFFFFD200Zone: |rUndermine|n|cFFFFD200Cost: |r8125|Hcurrency:2815|h|TInterface\ICONS\SPELL_AZERITE_ESSENCE14.BLP:0|t|h
present,,,,1,2274,Blackwater Bonecrusher,466001,,,-1,0,|cFFFFD200Drop:|r Blackwater Trove|n|cFFFFD200Zone:|r Undermine
present,,,,1,2276,Darkfuse Chompactor,466000,,,-1,0,|cFFFFD200Vendor: |rAndo the Gat|n|cFFFFD200Zone: |rLiberation of Undermine|n|cFFFFD200Cost: |r500|TINTERFACE\MONEYFRAME\UI-GOLDICON.BLP:0|t
present,,,,1,2277,Violet Armored Growler,466002,,,2,0,|cFFFFD200Vendor: |rSmaks Topskimmer|n|cFFFFD200Zone: |rUndermine|n|cFFFFD200Cost: |r8125|Hcurrency:2815|h|TInterface\ICONS\SPELL_AZERITE_ESSENCE14.BLP:0|t|h
present,,,,1,2278,Flarendo the Furious,466011,,,2,0,|cFFFFD200Vendor:|r Ando the Gat|n|cFFFFD200Zone: |rLiberation of Undermine|n|cFFFFD200Cost:|r 777|TINTERFACE\MONEYFRAME\UI-GOLDICON.BLP:0|t
present,,,,1,2279,Thunderdrum Misfire,466012,,,-1,0,|cFFFFD200Vendor: |rAndo the Gat|n|cFFFFD200Zone: |rLiberation of Undermine|n|cFFFFD200Cost: |r500|TINTERFACE\MONEYFRAME\UI-GOLDICON.BLP:0|t
present,,,,1,2280,The Topskimmer Special,466016,,,2,0,|cFFFFD200Vendor: |rSmaks Topskimmer|n|cFFFFD200Zone: |rUndermine|n|cFFFFD200Cost: |r11375|Hcurrency:2815|h|TInterface\ICONS\SPELL_AZERITE_ESSENCE14.BLP:0|t|h
present,,,,1,2281,Steamwheedle Supplier,466014,,,-1,0,|cFFFFD200Drop:|r Steamwheedle Trove|n|cFFFFD200Zone:|r Undermine
present,,,,1,2283,Innovation Investigator,466017,,,2,0,|cFFFFD200Vendor: |rSkedgit Cinderbangs|n|cFFFFD200Zone: |rUndermine|n|cFFFFD200Cost: |r25|Hitem:234741|h|TInterface\ICONS\INV_Engineering_90_Toolbox_Orange.BLP:0|t|h
present,,,,1,2284,Ochre Delivery Rocket,466013,,,2,0,|cFFFFD200Vendor: |rShredz the Scrapper|n|cFFFFD200Zone: |rUndermine|n|cFFFFD200Cost: |r11375|Hcurrency:2815|h|TInterface\ICONS\SPELL_AZERITE_ESSENCE14.BLP:0|t|h
present,,,,1,2286,Blackwater Shredder Deluxe Mk 2,466019,,,2,0,"|cFFFFD200Vendor: |rBoatswain Hardee
|cFFFFD200Zone: |rUndermine
|cFFFFD200Cost: |r8125|Hcurrency:2815|h|TInterface\ICONS\SPELL_AZERITE_ESSENCE14.BLP:0|t|h"
present,,,,1,2287,Darkfuse Demolisher,466018,,,2,0,|cFFFFD200Vendor: |rSitch Lowdown|n|cFFFFD200Zone: |rUndermine|n|cFFFFD200Cost: |r11375|Hcurrency:2815|h|TInterface\ICONS\SPELL_AZERITE_ESSENCE14.BLP:0|t|h
present,,,,1,2288,Personalized Goblin S.C.R.A.P.per,466020,,,0,0,|cFFFFD200Drop:|r Sifted Pile of Scrap|n|cFFFFD200Zone:|r Undermine
present,,,,1,2289,Venture Co-ordinator,466022,,,-1,0,|cFFFFD200Drop:|r Venture Co. Trove|n|cFFFFD200Zone:|r Undermine
present,,,,1,2290,Asset Advocator,466023,,,2,0,"|cFFFFD200Vendor: |rSkedgit Cinderbangs
|cFFFFD200Zone: |rUndermine
|cFFFFD200Cost: |r25|Hitem:234741|h|TInterface\ICONS\INV_Engineering_90_Toolbox_Orange.BLP:0|t|h"
present,,,,1,2291,Salvaged Goblin Gazillionaire's Flying Machine,466026,,,0,0,|cFFFFD200Drop: |rGallagio Garbage|n|cFFFFD200Zone: |rUndermine
present,,,,1,2292,Margin Manipulator,466025,,,2,0,|cFFFFD200Vendor: |rSkedgit Cinderbangs|n|cFFFFD200Zone: |rUndermine|n|cFFFFD200Cost: |r25|Hitem:234741|h|TInterface\ICONS\INV_Engineering_90_Toolbox_Orange.BLP:0|t|h
present,,,,1,2293,Darkfuse Spy-Eye,466027,,,1,0,|cFFFFD200World Quest: |rDarkfuse Precipitant|n|cFFFFD200Zone: |rUndermine
present,,,,1,2294,Mean Green Flying Machine,466028,,,2,0,|cFFFFD200Vendor: |rLab Assistant Laszly|n|cFFFFD200Zone: |rUndermine|n|cFFFFD200Cost: |r11375|Hcurrency:2815|h|TInterface\ICONS\SPELL_AZERITE_ESSENCE14.BLP:0|t|h
present,,,,1,2295,Bilgewater Bombardier,466024,,,-1,0,|cFFFFD200Drop:|r Bilgewater Trove|n|cFFFFD200Zone:|r Undermine
present,,,,1,2296,Delver's Gob-Trotter,466133,,,1,512,|cFFFFD200World Quest: |rI Want My Hat Back|n|cFFFFD200Zone: |rIsle of Dorn|n|cFFFFD200Zone: |rDornogal
present,,,,1,2298,Prized Gladiator's Fel Bat,466144,,,5,64,|cFFFFD200Achievement: |rGladiator: The War Within Season 2|n|cFFFFD200Category: |rPlayer vs. Player
present,,,,1,2299,Vicious Electro Eel,466145,,,5,4,|cFFFFD200PvP:|r The War Within: Season 2|nRated Arena and Rated Battleground Season Reward
present,,,,1,2300,Vicious Electro Eel,466146,,,5,4,|cFFFFD200PvP:|r The War Within: Season 2|nRated Arena and Rated Battleground Season Reward
present,,,,1,2301,Unstable Rocket,466423,,,-1,7232,
present,,,,1,2302,Unstable Rocket,466464,,,-1,7232,
present,,,,1,2303,Violet Goblin Shredder,466021,,,0,0,|cFFFFD200Drop:|r Shipping and Handling|n|cFFFFD200Zone:|r Undermine
present,,,,1,2304,Chaos-Forged Gryphon,466811,,,9,64,|cFFFFD200In-Game Shop|r|n
present,,,,1,2305,Chaos-Forged Hippogryph,466812,,,9,64,|cFFFFD200In-Game Shop|r|n
present,,,,1,2307,Chaos-Forged Dreadwing,466838,,,9,64,|cFFFFD200In-Game Shop|r|n
present,,,,1,2308,Chaos-Forged Wind Rider,466845,,,9,64,|cFFFFD200In-Game Shop|r|n
present,,,,1,2546,Wretched Fel Bat,1229288,,,6,64,|cFFFFD200World Event:|r WoW Remix: Legion|n
present,,,,1,2313,Junkmaestro's Magnetomech,468068,,,5,0,|cFFFFD200Achievement: |rGlory of the Liberation of Undermine Raider|n|cFFFFD200Category: |rDungeons & Raids
present,,,,1,2315,Timbered Sky Snake,468205,,,9,0,|cFFFFD200In-Game Shop|r
present,,,,1,2317,Enchanted Spellweave Carpet,468353,,,2,1024,|cFFFFD200Vendor: |rAuzin|n|cFFFFD200Zone: |rDalaran|n|cFFFFD200Cost: |r5000|Hcurrency:1166|h|TInterface\ICONS\PVECurrency-Justice.blp:0|t|h
present,,,,1,2321,Timely Buzzbee,471538,,,-1,0,|cFFFFD200Vendor: |rAny Timewalking Vendor|n|cFFFFD200Cost: |r5000|Hcurrency:1166|h|TInterface\ICONS\PVECurrency-Justice.blp:0|t|h
present,,,,1,2322,"Thrayir, Eyes of the Siren",471562,,,-1,0,|cFFFFD200Zone:|r Siren Isle|n
present,,,,1,2324,Hooktalon,471696,,,0,64,|cFFFFD200Special Event: |rPlunderstorm
present,,,,1,2326,Astral Gladiator's Fel Bat,472157,,,5,64,|cFFFFD200Achievement: |rGladiator: The War Within Season 3|n|cFFFFD200Category: |rPlayer vs. Player
present,,,,1,2327,Lunar Launcher,472253,,,2,0,|cFFFFD200Vendor:|r Lunar Festival
present,,,,1,2328,Love Witch's Sweeper,472479,,,0,2112,|cFFFFD200World Event:|r Love is in the Air|n|cFFFFD200Drop:|r Apothecary Hummel
present,,,,1,2329,Silvermoon Sweeper,472487,,,11,2112,|cFFFFD200Trading Post|r 
present,,,,1,2330,Twilight Witch's Sweeper,472488,,,9,2112,|cFFFFD200In-Game Shop|r 
present,,,,1,2331,Sky Witch's Sweeper,472489,,,9,2112,|cFFFFD200In-Game Shop|r 
present,,,,1,2332,The Breaker's Song,472752,,,-1,0,|cFFFFD200Zone:|r Siren Isle|n|cFFFFD200Achievement:|r Isle Remember You
present,,,,1,2333,Soweezi's Vintage Waveshredder,473137,,,-1,1024,|cFFFFD200Zone:|r Siren Isle|n|cFFFFD200Vendor:|r Soweezi
present,,,,1,2334,Bronze Goblin Waveshredder,473188,,,-1,1024,|cFFFFD200Drop:|r Darkfuse Trove|n|cFFFFD200Zone:|r Undermine
present,,,,1,2339,Jani's Trashpile,473472,,,-1,2,|cFFFFD200Achievement:|r A Farewell to Arms|n|cFFFFD200Category:|r Expansion Features
present,,,,1,2342,Meeksi Rufflefur,473739,,,9,64,|cFFFFD200In-Game Shop|r|n
present,,,,1,2343,Meeksi Softpaw,473741,,,9,64,|cFFFFD200In-Game Shop|r|n
present,,,,1,2344,Meeksi Rollingpaw,473743,,,9,64,|cFFFFD200In-Game Shop|r|n
present,,,,1,2345,Meeksi Teatuft,473744,,,9,64,|cFFFFD200In-Game Shop|r|n
present,,,,1,2346,Meeksi Brewthief,473745,,,9,64,|cFFFFD200In-Game Shop|r|n
present,,,,1,2347,Savage Alabaster Battle Turtle,473861,,,11,240,|cFFFFD200Trading Post|r
present,,,,1,2469,Prismatic Snapdragon,474086,,,-1,0,|cFFFFD200Quest: |rA Loyal Friend|n|cFFFFD200Zone: |rSiren Isle
present,,,,1,2470,Nightfall Skyreaver,1214920,,,2,128,|cFFFFD200Vendor: |rKronnus|n|cFFFFD200Zone: |rWarspear|n|cFFFFD200Cost: |r5000|Hcurrency:1166|h|TInterface\ICONS\PVECurrency-Justice.blp:0|t|h|n|n|cFFFFD200Vendor: |rTempra|n|cFFFFD200Zone: |rStormshield|n|cFFFFD200Cost: |r5000|Hcurrency:1166|h|TInterface\ICONS\PVECurrency-Justice.blp:0|t|h
present,,,,1,2550,K'arroc Swiftwing,1233516,,,-1,0,"|cFFFFD200Quest: |rOff to Tazavesh, Again|n|cFFFFD200Zone: |rK'aresh"
present,,,,1,2471,Ur'zul Fleshripper,1214940,,,2,0,|cFFFFD200Vendor: |rAridormi|n|cFFFFD200Zone: |rDalaran|n|cFFFFD200Cost: |r5000|Hcurrency:1166|h|TInterface\ICONS\PVECurrency-Justice.blp:0|t|h
present,,,,1,2473,Broodling of Sinestra,1214946,,,2,128,|cFFFFD200Vendor: |rKiatke|n|cFFFFD200Zone: |rStormwind City|n|cFFFFD200Zone: |rOrgrimmar|n|cFFFFD200Cost: |r5000|Hcurrency:1166|h|TInterface\ICONS\PVECurrency-Justice.blp:0|t|h
present,,,,1,2474,Copper-Maned Quilen,1214974,,,2,0,|cFFFFD200Vendor: |rMistweaver Xia|n|cFFFFD200Zone: |rTimeless Isle|n|cFFFFD200Cost: |r5000|Hcurrency:1166|h|TInterface\ICONS\PVECurrency-Justice.blp:0|t|h
present,,,,1,2476,Sha-Warped Cloud Serpent,1216422,,,7,192,|cFFFFD200Promotion:|r Mists of Pandaria Classic
present,,,,1,2477,Sha-Warped Riding Tiger,1216430,,,7,64,|cFFFFD200Promotion:|r Mists of Pandaria Classic
present,,,,1,2478,Blazing Royal Fire Hawk,1216542,,,7,192,|cFFFFD200Promotion|r 
present,,,,1,2480,Crimson Shreddertank,1217235,,,5,0,|cFFFFD200Achievement: |rThe War Within Keystone Master: Season Two|n|cFFFFD200Category: |rDungeons
present,,,,1,2481,Midnight Darkmoon Charger,1217340,,,11,64,|cFFFFD200Trading Post|r
present,,,,1,2482,Lively Darkmoon Charger,1217341,,,11,64,|cFFFFD200Trading Post|r
present,,,,1,2483,Violet Darkmoon Charger,1217342,,,11,64,|cFFFFD200Trading Post|r
present,,,,1,2484,Snowy Darkmoon Charger,1217343,,,11,64,|cFFFFD200Trading Post|r
present,,,,1,2487,The Big G,1217760,,,3,0,|cFFFFD200Drop: |rChrome King Gallywix|n|cFFFFD200Zone: |rLiberation of Undermine (Mythic)|n
present,,,,1,2488,Shimmermist Free Runner,1217965,,,11,0,|cFFFFD200Trading Post|r
present,,,,1,2489,Pearlescent Butterfly,1217994,,,11,64,|cFFFFD200Trading Post|r
present,,,,1,2491,Ruby Butterfly,1218012,,,11,64,|cFFFFD200Trading Post|r
present,,,,1,2492,Spring Butterfly,1218013,,,0,0,|cFFFFD200World Event:|r Love is in the Air|n|cFFFFD200Drop:|r Apothecary Hummel
present,,,,1,2494,Midnight Butterfly,1218014,,,11,64,|cFFFFD200Trading Post|r
present,,,,1,2495,Emerald Snail,1218069,,,11,0,|cFFFFD200Trading Post|r
present,,,,1,2496,Void-Scarred Gryphon,1218229,,,0,0,|cFFFFD200Drop:|r Void-Scarred Gryphon|n|cFFFFD200Zone:|r Vision of Stormwind (Revisited)|n|n
present,,,,1,2497,Void-Forged Stallion,1218305,,,0,0,|cFFFFD200Drop:|r Void-Forged Stallion|n|cFFFFD200Zone:|r Vision of Stormwind (Revisited)
present,,,,1,2498,Void-Scarred Pack Mother,1218306,,,0,0,|cFFFFD200Drop:|r Void-Scarred Pack Mother|n|cFFFFD200Zone:|r Vision of Orgrimmar (Revisited)
present,,,,1,2499,Void-Scarred Windrider,1218307,,,0,0,|cFFFFD200Drop:|r Void-Scarred Windrider|n|cFFFFD200Zone:|r Vision of Orgrimmar (Revisited)|n
present,,,,1,2500,Ny'alothan Shadow Worm,1218314,,,5,0,"|cFFFFD200Achievement: |rMastering the Visions
|cFFFFD200Category: |rVisions of N'Zoth Revisited"
present,,,,1,2501,Corruption of the Aspects,1218316,,,2,128,|cFFFFD200Vendor:|r Torie|n|cFFFFD200Zone:|r Dornogal|n|cFFFFD200Cost: |r40000|Hcurrency:3149|h|TInterface\ICONS\Archaeology_5_0_MoguCoin.blp:0|t|h|n
present,,,,1,2706,Brimstone Courser,1253130,,,6,64,|cFFFFD200World Event:|r WoW Remix: Legion
present,,,,1,2502,Void-Crystal Panther,1218317,,,3,0,|cFFFFD200Profession:|r Jewelcrafting|n
present,,,,1,2504,Spotted Black Riding Goat,1219705,,,11,64,|cFFFFD200Trading Post|r
present,,,,1,2505,Resplendent K'arroc,1221132,,,1,0,|cFFFFD200World Quest: |rThe Hope of K'aresh|n|cFFFFD200Zone: |rK'aresh
present,,,,1,2507,Prototype A.S.M.R.,1221155,,,0,0,|cFFFFD200Drop: |rChrome King Gallywix|n|cFFFFD200Zone: |rLiberation of Undermine
present,,,,1,2508,Enterprising Shreddertank,1221694,,,5,0,|cFFFFD200Achievement: |rThe War Within Keystone Legend: Season Two|n|cFFFFD200Category: |rDungeons
present,,,,1,2510,Terror of the Wastes,1223187,,,2,0,|cFFFFD200Vendor: |rOm'sirik|n|cFFFFD200Zone: |rK'aresh|n|cFFFFD200Cost: |r11375|Hcurrency:2815|h|TInterface\ICONS\SPELL_AZERITE_ESSENCE14.BLP:0|t|h
present,,,,1,2511,Terror of the Night,1223191,,,5,0,|cFFFFD200Achievement: |rVigilante|n|cFFFFD200Category: |rWar Within
present,,,,1,2512,Delver's Mana-Skimmer,1224048,,,1,512,|cFFFFD200Quest:|r Repossessed!|n|cFFFFD200Zone:|r Isle of Dorn|n
present,,,,1,2518,Chrono Corsair,1226144,,,-1,128,|cFFFFD200Vendor: |rAny Timewalking Vendor|n|cFFFFD200Cost: |r5000|Hcurrency:1166|h|TInterface\ICONS\PVECurrency-Justice.blp:0|t|h
present,,,,1,2519,Radiant Imperial Lynx,1226421,,,2,0,|cFFFFD200Vendor: |rLars Bronsmaelt|n|cFFFFD200Zone: |rHallowfall
present,,,,1,2520,Spring Harvesthog,1226511,,,11,64,|cFFFFD200Trading Post|r
present,,,,1,2521,Summer Harvesthog,1226531,,,11,64,|cFFFFD200Trading Post|r
present,,,,1,2522,Winter Harvesthog,1226532,,,11,64,|cFFFFD200Trading Post|r
present,,,,1,2523,Autumn Harvesthog,1226533,,,11,64,|cFFFFD200Trading Post|r
present,,,,1,2524,Coldflame Cormaera,1226740,,,11,192,|cFFFFD200Trading Post|r|n
present,,,,1,2525,Prophet's Great Raven,1226760,,,9,64,|cFFFFD200In-Game Shop|r 
present,,,,1,2526,Felborn Cormaera,1226851,,,7,192,|cFFFFD200Promotion|r |n
present,,,,1,2527,Molten Cormaera,1226855,,,11,192,|cFFFFD200Trading Post|r|n
present,,,,1,2528,Lavaborn Cormaera,1226856,,,11,192,|cFFFFD200Trading Post|r
present,,,,1,2529,Archmage's Great Raven,1226983,,,9,64,|cFFFFD200In-Game Shop|r 
present,,,,1,2531,Tyrannotort,1227076,,,5,0,|cFFFFD200Quest: |rAnother Amazing Week!|n|cFFFFD200Event: |rDastardly Duos
present,,,,1,2532,Herald of Sa'bak,1227192,,,9,64,|cFFFFD200In-Game Shop|r 
present,,,,1,2535,Void-Scarred Lynx,1228865,,,-1,0,|cFFFFD200Drop:|r Confiscated Cultist's Bag
present,,,,1,2542,Bloodhunter Fel Bat,1229276,,,6,64,|cFFFFD200World Event:|r WoW Remix: Legion|n
present,,,,1,2544,Ashplague Fel Bat,1229283,,,6,64,|cFFFFD200World Event:|r WoW Remix: Legion|n
present,,,,1,2552,Lavender K'arroc,1233518,,,2,0,|cFFFFD200Vendor: |rShad'anis|n|cFFFFD200Zone: |rK'aresh|n|cFFFFD200Cost: |r10|Hcurrency:3303|h|TInterface\ICONS\INV_Misc_Coin_08.blp:0|t|h
present,,,,1,2555,The Bone Freezer,1233542,,,1,0,|cFFFFD200Faction: |rManaforge Vandals|n|cFFFFD200Renown: |r14|n|cFFFFD200Location: |rShadow Point
present,,,,1,2556,Ruby Void Creeper,1233546,,,2,0,|cFFFFD200Vendor: |rOm'sirik|n|cFFFFD200Zone: |rK'aresh|n|cFFFFD200Cost: |r8125|Hcurrency:2815|h|TInterface\ICONS\SPELL_AZERITE_ESSENCE14.BLP:0|t|h
present,,,,1,2557,Acidic Void Creeper,1233547,,,2,0,|cFFFFD200Vendor: |rShad'anis|n|cFFFFD200Zone: |rK'aresh|n|cFFFFD200Cost: |r7|Hcurrency:3303|h|TInterface\ICONS\INV_Misc_Coin_08.blp:0|t|h
present,,,,1,2560,Blue Barry,1233559,,,1,0,|cFFFFD200Quest: |rA Blue for You|n|cFFFFD200Zone: |rK'aresh
present,,,,1,2561,Curious Slateback,1233561,,,-1,0,|cFFFFD200Drop:|r Wriggling Pinnacle Cache|n|cFFFFD200Zone: |rK'aresh
present,,,,1,2566,Lana'thel's Crimson Cascade,1233925,,,9,0,|cFFFFD200In-Game Shop|r 
present,,,,1,2567,Voidwing Dragonhawk,1234303,,,7,0,|cFFFFD200Promotion|r |n
present,,,,1,2568,Lightwing Dragonhawk,1234305,,,7,0,|cFFFFD200Promotion|r |n
present,,,,1,2569,Unbound Star-Eater,1234573,,,3,0,"|cFFFFD200Drop: |rDimensius, the All-Devouring|n|cFFFFD200Zone: |rManaforge Omega (Mythic)|n"
present,,,,1,2570,Vicious Void Creeper,1234820,,,5,4,|cFFFFD200PvP:|r The War Within: Season 3|nRated Arena and Rated Battleground Season Reward
present,,,,1,2571,Vicious Void Creeper,1234821,,,5,4,|cFFFFD200PvP:|r The War Within: Season 3|nRated Arena and Rated Battleground Season Reward
present,,,,1,2572,Banshee's Chilling Charger,1234859,,,11,64,|cFFFFD200Trading Post|r
present,,,,1,2573,Grandiose Grrloc,1234971,,,9,0,|cFFFFD200In-Game Shop|r |n
present,,,,1,2574,Snowy Highmountain Eagle,1235513,,,6,192,|cFFFFD200World Event:|r WoW Remix: Legion
present,,,,1,2575,Grandmaster's Prophetic Board,1235756,,,11,1088,|cFFFFD200Trading Post|r|n
present,,,,1,2576,Grandmaster's Deep Board,1235763,,,11,1088,|cFFFFD200Trading Post|r|n
present,,,,1,2577,Grandmaster's Royal Board,1235803,,,11,1088,|cFFFFD200Trading Post|r|n
present,,,,1,2578,Grandmaster's Smokey Board,1235806,,,11,1088,|cFFFFD200Trading Post|r|n
present,,,,1,2579,Forsaken's Grotesque Charger,1235817,,,11,64,|cFFFFD200Trading Post|r
present,,,,1,2580,Wailing Banshee's Charger,1235819,,,11,64,|cFFFFD200Trading Post|r
present,,,,1,2581,Banshee's Sickening Charger,1235820,,,11,64,|cFFFFD200Trading Post|r
present,,,,1,2582,Shaohao's Sage Serpent,1236262,,,7,64,|cFFFFD200Promotion:|r Mists of Pandaria Classic
present,,,,1,2586,Moonlit Nightsaber,1237631,,,2,0,|cFFFFD200Vendor: |rChurbro|n|cFFFFD200Zone: |rBoralus Harbor|n|cFFFFD200Cost: |r5000|Hcurrency:1166|h|TInterface\ICONS\PVECurrency-Justice.blp:0|t|h|n|n|cFFFFD200Vendor: |rChurbro|n|cFFFFD200Zone: |rZuldazar|n|cFFFFD200Cost: |r5000|Hcurrency:1166|h|TInterface\ICONS\PVECurrency-Justice.blp:0|t|h
present,,,,1,2587,Ivory Savagemane,1237703,,,-1,0,|cFFFFD200Vendor: |rChurbro|n|cFFFFD200Zone: |rBoralus Harbor|n|cFFFFD200Cost: |r5000|Hcurrency:1166|h|TInterface\ICONS\PVECurrency-Justice.blp:0|t|h|n|n|cFFFFD200Vendor: |rChurbro|n|cFFFFD200Zone: |rZuldazar|n|cFFFFD200Cost: |r5000|Hcurrency:1166|h|TInterface\ICONS\PVECurrency-Justice.blp:0|t|h
present,,,,1,2707,Brilliant Petalwing,1253924,,,5,0,|cFFFFD200Achievement: |rLight Up the Night|n|cFFFFD200Category: |rMidnight
present,,,,1,2593,Slag Basilisk,1238729,,,6,64,|cFFFFD200World Event:|r WoW Remix: Legion
present,,,,1,2595,Swift Spectral Dragonhawk,1238827,,,5,64,|cFFFFD200Legacy|r
present,,,,1,2598,Voidlight Surger,1239138,,,7,0,|cFFFFD200Promotion|r |n
present,,,,1,2600,Unarmored Deathtusk Felboar,1240003,,,11,64,|cFFFFD200Trading Post|r
present,,,,1,2601,Pearlescent Krolusk,1240632,,,0,0,|cFFFFD200Drop: |rUrmag|n|cFFFFD200Zone: |rK'aresh
present,,,,1,2602,Translocated Gorger,1241070,,,0,0,|cFFFFD200Drop:|r Devourer Swarms|n|cFFFFD200Zone:|r Tazavesh |n
present,,,,1,2603,Sthaarbs's Last Lunch,1241076,,,0,0,|cFFFFD200Drop: |rSthaarbs|n|cFFFFD200Zone: |rK'aresh
present,,,,1,2604,OC91 Chariot,1241263,,,2,0,|cFFFFD200Vendor: |rSir Finley Mrrgglton|n|cFFFFD200Zone: |rDornogal|n|cFFFFD200Cost: |r15000|Hcurrency:2803|h|TInterface\ICONS\INV_Misc_ElvenCoins.blp:0|t|h|n
present,,,,1,2605,Inarius' Charger,1241429,,,0,64,|cFFFFD200Drop|r: Greedy Emissaries
present,,,,1,2606,Royal Voidwing,1242272,,,3,0,|cFFFFD200Quest: |rA Twilight Oath's End
present,,,,1,2607,Ashes of Belo'ren,1242904,,,0,0,|cFFFFD200Drop: |rMidnight Falls|n|cFFFFD200Location: |rMarch on Quel'Danas (Mythic)
present,,,,1,2608,Light-Forged Mechsuit,1243003,,,5,64,|cFFFFD200Achievement: |rTwo Minutes to Midnight|n|cFFFFD200Category: |rEvents
present,,,,1,2611,Dusk Grimlynx,1243582,,,2,0,|cFFFFD200Quest: |rHistory Lesson|n|cFFFFD200Zone: |rHarandar|n|n
present,,,,1,2612,Void-Forged Overseer,1243589,,,7,192,|cFFFFD200Promotion|r 
present,,,,1,2614,Fierce Grimlynx,1243593,,,2,0,|cFFFFD200Vendor: |rNaynar|n|cFFFFD200Zone: |rHarandar|n|cFFFFD200Cost: |r6000|Hcurrency:3316|h|TInterface\ICONS\INV_112_RaidTrinkets_VoidPrism.BLP:0|t|h
present,,,,1,2615,Rootstalker Grimlynx,1243597,,,0,0,|cFFFFD200Drop:|r Harandar Rare Creatures|n
present,,,,1,2616,Ivory Grimlynx,1243598,,,5,0,|cFFFFD200Achievement: |rAllied Race: Haranir|n|cFFFFD200Category: |rMidnight
present,,,,1,2618,Thunder-Ridged Elekk,1244247,,,11,64,|cFFFFD200Trading Post|r
present,,,,1,2619,Cinder-Seared Elekk,1244259,,,11,64,|cFFFFD200Trading Post|r
present,,,,1,2620,Void-Razed Elekk,1244260,,,11,64,|cFFFFD200Trading Post|r
present,,,,1,2621,Legion-Forged Elekk,1244261,,,11,64,|cFFFFD200Trading Post|r
present,,,,1,2622,The Headless Horseman's Chilling Charger,1245197,,,11,64,|cFFFFD200Trading Post|r
present,,,,1,2623,The Headless Horseman's Ghoulish Charger,1245198,,,0,64,|cFFFFD200Drop:|r Loot-Filled Pumpkin|n|cFFFFD200Holiday:|r Hallow's End|n
present,,,,1,2624,The Headless Horseman's Burning Charger,1245202,,,11,64,|cFFFFD200Trading Post|r
present,,,,1,2625,The Headless Horseman's Hallowed Charger,1245205,,,11,64,|cFFFFD200Trading Post|r
present,,,,1,2626,Adorned Northeron Gryphon,1245357,,,11,64,|cFFFFD200Trading Post|r|n
present,,,,1,2627,High Shaman's Aerie Gryphon,1245358,,,11,64,|cFFFFD200Trading Post|r|n
present,,,,1,2628,Cinder-Plumed Highland Gryphon,1245359,,,11,64,|cFFFFD200Trading Post|r|n
present,,,,1,2629,Emberwing Sky Guide,1245361,,,11,64,|cFFFFD200Trading Post|r|n
present,,,,1,2630,Ornery Breezestrider,1245370,,,11,0,|cFFFFD200Trading Post|r|n
present,,,,1,2631,Scarlet Void Flyer,1245517,,,-1,0,|cFFFFD200Achievement: |rThe War Within Keystone Legend: Season Three|n|cFFFFD200Category: |rDungeons
present,,,,1,2632,Astral Aurochs,1245604,,,9,0,|cFFFFD200In-Game Shop|r|n
present,,,,1,2633,Azure Void Flyer,1246781,,,-1,0,|cFFFFD200Achievement: |rThe War Within Keystone Master: Season Three|n|cFFFFD200Category: |rDungeons
present,,,,1,2634,Scorching Valor,1247422,,,9,64,|cFFFFD200In-Game Shop|r
present,,,,1,2640,Brewfest Bomber,1247662,,,-1,1024,|cFFFFD200Drop:|r Coren Direbrew|n|cFFFFD200Holiday:|r Brewfest
present,,,,1,2645,Kalu'ak Crest-Horn,1248309,,,11,64,|cFFFFD200Trading Post|r
present,,,,1,2649,Sharktested Crest-Horn,1250285,,,11,64,|cFFFFD200Trading Post|r
present,,,,1,2650,Floestrider Crest-Horn,1250287,,,11,64,|cFFFFD200Trading Post|r
present,,,,1,2651,Cragstepper Crest-Horn,1250288,,,11,64,|cFFFFD200Trading Post|r
present,,,,1,2652,Bilebound Ur'zul,1250481,,,11,64,|cFFFFD200Trading Post|r
present,,,,1,2653,Ghastly Ur'zul,1250482,,,6,64,|cFFFFD200World Event:|r WoW Remix: Legion
present,,,,1,2655,Phase-Lost Slateback,1250578,,,0,0,|cFFFFD200Achievement: |rPhase-Lost-and-Found|n|cFFFFD200Category: |rWar Within
present,,,,1,2660,Leystone Basilisk,1250879,,,6,64,|cFFFFD200World Event:|r WoW Remix: Legion
present,,,,1,2661,Felslate Basilisk,1250880,,,6,64,|cFFFFD200World Event:|r WoW Remix: Legion
present,,,,1,2662,Aquamarine Basilisk,1250881,,,6,64,|cFFFFD200World Event:|r WoW Remix: Legion
present,,,,1,2663,Illidari Dreadstalker,1250882,,,6,64,|cFFFFD200World Event:|r WoW Remix: Legion
present,,,,1,2664,Illidari Blightstalker,1250884,,,6,64,|cFFFFD200World Event:|r WoW Remix: Legion
present,,,,1,2665,Highland Elderhorn,1250886,,,6,64,|cFFFFD200World Event:|r WoW Remix: Legion
present,,,,1,2666,Treetop Highmountain Eagle,1251255,,,6,192,|cFFFFD200World Event:|r WoW Remix: Legion
present,,,,1,2670,Arcberry Manasaber,1251265,,,6,64,|cFFFFD200World Event:|r WoW Remix: Legion
present,,,,1,2671,Fel-Scarred Mana Ray,1251279,,,6,192,|cFFFFD200World Event:|r WoW Remix: Legion
present,,,,1,2672,Bloodtooth Mana Ray,1251281,,,6,192,|cFFFFD200World Event:|r WoW Remix: Legion
present,,,,1,2673,Albino Mana Ray,1251283,,,6,192,|cFFFFD200World Event:|r WoW Remix: Legion
present,,,,1,2674,Luminous Mana Ray,1251284,,,6,192,|cFFFFD200World Event:|r WoW Remix: Legion
present,,,,1,2675,Twilight Courser,1251295,,,6,64,|cFFFFD200World Event:|r WoW Remix: Legion
present,,,,1,2676,Golden Sunrunner,1251297,,,6,64,|cFFFFD200World Event:|r WoW Remix: Legion
present,,,,1,2677,Turquoise Courser,1251298,,,6,64,|cFFFFD200World Event:|r WoW Remix: Legion
present,,,,1,2678,Gloomdark Nightmare,1251300,,,6,64,|cFFFFD200World Event:|r WoW Remix: Legion
present,,,,1,2679,Bonesteed of Triumph,1251305,,,6,64,|cFFFFD200World Event:|r WoW Remix: Legion
present,,,,1,2681,Bonesteed of Bloodshed,1251307,,,6,64,|cFFFFD200World Event:|r WoW Remix: Legion
present,,,,1,2682,Bonesteed of Plague,1251309,,,6,64,|cFFFFD200World Event:|r WoW Remix: Legion
present,,,,1,2683,Bonesteed of Oblivion,1251311,,,6,64,|cFFFFD200World Event:|r WoW Remix: Legion
present,,,,1,2686,Longhorned Sable Talbuk,1251396,,,6,64,|cFFFFD200World Event:|r WoW Remix: Legion
present,,,,1,2688,Garnet Ruinstrider,1251397,,,6,64,|cFFFFD200World Event:|r WoW Remix: Legion
present,,,,1,2689,Longhorned Bleakhoof Talbuk,1251398,,,6,64,|cFFFFD200World Event:|r WoW Remix: Legion
present,,,,1,2690,Longhorned Argussian Talbuk,1251399,,,6,64,|cFFFFD200World Event:|r WoW Remix: Legion
present,,,,1,2691,Longhorned Beryl Talbuk,1251400,,,6,64,|cFFFFD200World Event:|r WoW Remix: Legion
present,,,,1,2693,Amani Sunfeather,1251433,,,2,0,|cFFFFD200Vendor: |rChel the Chip|n|cFFFFD200Feature: |rAbundance|n|cFFFFD200Cost: |r1600|Hcurrency:3377|h|TInterface\ICONS\INV_10_Gathering_BioluminescentSpores_Large.BLP:0|t|h
present,,,,1,2694,Amani Windcaller,1251630,,,2,0,|cFFFFD200Vendor: |rMagovu|n|cFFFFD200Zone: |rZul'Aman|n|cFFFFD200Cost: |r8000|Hcurrency:3316|h|TInterface\ICONS\INV_112_RaidTrinkets_VoidPrism.BLP:0|t|h
present,,,,1,2696,Highlands Gobbler,1251680,,,11,64,|cFFFFD200Trading Post|r
present,,,,1,2697,Quirky Turkey,1251685,,,11,64,|cFFFFD200Trading Post|r
present,,,,1,2698,Murky Turkey,1251689,,,11,64,|cFFFFD200Trading Post|r
present,,,,1,2699,Prized Turkey,1251690,,,11,64,|cFFFFD200Trading Post|r
present,,,,1,2700,Frostfall Groveglider,1251697,,,9,64,|cFFFFD200In-Game Shop|r
present,,,,1,2701,Cindertuft Groveglider,1251762,,,9,64,|cFFFFD200In-Game Shop|r
present,,,,1,2702,Gloombough Groveglider,1251764,,,9,64,|cFFFFD200In-Game Shop|r
present,,,,1,2703,Blossombranch Groveglider,1251765,,,9,64,|cFFFFD200In-Game Shop|r
present,,,,1,2705,Chestnut Courser,1253129,,,6,64,|cFFFFD200World Event:|r WoW Remix: Legion
present,,,,1,2708,Vibrant Petalwing,1253927,,,0,0,|cFFFFD200Drop:|r Harandar Rare Creatures|n
present,,,,1,2710,Cerulean Sporeglider,1253929,,,2,0,|cFFFFD200Vendor: |rNaynar|n|cFFFFD200Zone: |rHarandar|n|cFFFFD200Cost: |r8000|Hcurrency:3316|h|TInterface\ICONS\INV_112_RaidTrinkets_VoidPrism.BLP:0|t|h
present,,,,1,2713,Ruddy Sporeglider,1253938,,,0,0,|cFFFFD200Treasure: |rPeculiar Cauldron|n|cFFFFD200Zone: |rHarandar
present,,,,1,2716,(PH) Legion Remix Mount,1254363,,,6,64,|cFFFFD200World Event:|r WoW Remix: Legion
present,,,,1,2717,Mechanical Prototype Panther MK-0,1255159,,,-1,192,|cFFFFD200In-Game Shop|r
present,,,,1,2718,Steel Prototype Panther MK-0,1255179,,,-1,192,|cFFFFD200In-Game Shop|r
present,,,,1,2719,Starspark Netherdrake,1255246,,,7,192,|cFFFFD200Promotion:|r Burning Crusade Classic
present,,,,1,2720,Felscorned Vilebrood Vanquisher,1255264,,,6,64,|cFFFFD200World Event:|r WoW Remix: Legion
present,,,,1,2721,Slayer's Felscorned Shrieker,1255431,,,6,64,|cFFFFD200World Event:|r WoW Remix: Legion
present,,,,1,2723,Felscorned Wolfhawk,1255456,,,6,64,|cFFFFD200World Event:|r WoW Remix: Legion
present,,,,1,2724,Archmage's Felscorned Disc,1255463,,,6,64,|cFFFFD200World Event:|r WoW Remix: Legion
present,,,,1,2725,Felscorned Grandmaster's Companion,1255467,,,6,64,|cFFFFD200World Event:|r WoW Remix: Legion
present,,,,1,2726,Felscorned Highlord's Charger,1255471,,,6,64,|cFFFFD200World Event:|r WoW Remix: Legion
present,,,,1,2727,High Priest's Felscorned Seeker,1255475,,,6,64,|cFFFFD200World Event:|r WoW Remix: Legion
present,,,,1,2728,Shadowblade's Felscorned Omen,1255477,,,6,64,|cFFFFD200World Event:|r WoW Remix: Legion
present,,,,1,2729,Farseer's Felscorned Tempest,1255478,,,6,64,|cFFFFD200World Event:|r WoW Remix: Legion
present,,,,1,2730,Felscorned Netherlord's Dreadsteed,1255480,,,6,64,|cFFFFD200World Event:|r WoW Remix: Legion
present,,,,1,2731,Felscorned War Wyrm,1255482,,,6,64,|cFFFFD200World Event:|r WoW Remix: Legion
present,,,,1,2732,Cobalt Phase-Hunter,1256677,,,7,0,|cFFFFD200Promotion:|r Burning Crusade Classic
present,,,,1,2733,Calamitous Carrion,1257058,,,5,0,|cFFFFD200Achievement: |rMidnight Keystone Master: Season One|n|cFFFFD200Category: |rDungeons
present,,,,1,2734,Convalescent Carrion,1257081,,,5,0,|cFFFFD200Achievement: |rMidnight Keystone Legend: Season One|n|cFFFFD200Category: |rDungeons
present,,,,1,2742,Thunderhoof Celestial,1258573,,,9,64,|cFFFFD200In-Game Shop|r
present,,,,1,2743,Stormgilded Celestial,1258574,,,9,64,|cFFFFD200In-Game Shop|r
present,,,,1,2747,Untainted Grove Crawler,1260354,,,0,0,|cFFFFD200Treasure: |rSporespawned Cache|n|cFFFFD200Zone: |rHarandar
present,,,,1,2749,Echo of Aln'sharan,1260356,,,0,0,|cFFFFD200Drop: |rAln'Sharan|n|cFFFFD200Zone: |rHarandar
present,,,,1,2751,Augmented Stormray,1261155,,,0,0,|cFFFFD200Drop:|r Voidstorm Rare Creatures|n
present,,,,1,2851,Gruffy Comfy Flying Quilt,1270521,,,11,1088,|cFFFFD200Trading Post|r
present,,,,1,2753,Fiery Dragonhawk,1261291,,,2,0,|cFFFFD200Vendor: |rCaeris Fairdawn|n|cFFFFD200Zone: |rEversong Woods|n|cFFFFD200Cost: |r8000|Hcurrency:3316|h|TInterface\ICONS\INV_112_RaidTrinkets_VoidPrism.BLP:0|t|h
present,,,,1,2754,Peridot Dragonhawk,1261293,,,1,0,"|cFFFFD200World Quest: |rFrom Darkness, Light|n|cFFFFD200Zone: |rIsle of Quel'Danas"
present,,,,1,2755,Umbral Dragonhawk,1261296,,,2,0,|cFFFFD200Achievement: |rLife of the Party|n|cFFFFD200Category: |rMidnight
present,,,,1,2756,Crimson Dragonhawk,1261298,,,2,0,|cFFFFD200Achievement: |rMidnight Glyph Hunter|n|cFFFFD200Category: |rSkyriding
present,,,,1,2758,Cobalt Dragonhawk,1261302,,,0,0,|cFFFFD200Drop:|r Eversong Woods Rare Creatures|n
present,,,,1,2760,Amani Sharptalon,1261316,,,0,0,|cFFFFD200Drop:|r Zul'Aman Rare Creatures|n|n
present,,,,1,2761,Crimson Silvermoon Hawkstrider,1261322,,,2,0,|cFFFFD200Vendor: |rCaeris Fairdawn|n|cFFFFD200Zone: |rEversong Woods|n|cFFFFD200Cost: |r6000|Hcurrency:3316|h|TInterface\ICONS\INV_112_RaidTrinkets_VoidPrism.BLP:0|t|h
present,,,,1,2762,Cerulean Hawkstrider,1261323,,,0,0,|cFFFFD200Drop:|r Eversong Woods Rare Creatures|n
present,,,,1,2764,Duskbrute Harrower,1261332,,,0,0,|cFFFFD200Drop:|r Slayer's Duellum Trove|n|cFFFFD200Zone:|r Masters' Perch
present,,,,1,2767,Contained Stormarion Defender,1261334,,,6,0,|cFFFFD200Drop:|r Victorious Stormarion Cache|n|cFFFFD200Zone:|r Voidstorm
present,,,,1,2769,Preyseeker's Hubris,1261336,,,2,0,|cFFFFD200Vendor: |rConstruct E'nui|n|cFFFFD200Zone: |rSilvermoon City|n|cFFFFD200Cost: |r2000|Hcurrency:3392|h|TInterface\ICONS\INV_10_ElementalCombinedFoozles_Blood.BLP:0|t|h
present,,,,1,2770,Preyseeker's Wrath,1261337,,,2,0,|cFFFFD200Vendor: |rConstruct E'nui|n|cFFFFD200Zone: |rSilvermoon City|n|cFFFFD200Cost: |r2550|Hcurrency:3392|h|TInterface\ICONS\INV_10_ElementalCombinedFoozles_Blood.BLP:0|t|h
present,,,,1,2771,Preyseeker's Nightmare,1261338,,,5,0,|cFFFFD200Achievement: |rPrey: Nightmare Mode III|n|cFFFFD200Category: |rPrey
present,,,,1,2772,Blessed Amani Burrower,1261348,,,2,0,|cFFFFD200Vendor: |rChel the Chip|n|cFFFFD200Feature: |rAbundance|n|cFFFFD200Cost: |r1600|Hcurrency:3377|h|TInterface\ICONS\INV_10_Gathering_BioluminescentSpores_Large.BLP:0|t|h
present,,,,1,2773,Giganto Manis,1261349,,,5,0,|cFFFFD200Achievement:|r Glory of the Midnight Delver|n
present,,,,1,2775,Witherbark Pango,1261351,,,0,0,|cFFFFD200Drop:|r Zul'Aman Rare Creatures|n
present,,,,1,2776,Amani Blessed Bear,1261357,,,2,0,|cFFFFD200Vendor: |rMagovu|n|cFFFFD200Zone: |rZul'Aman|n|cFFFFD200Cost: |r6000|Hcurrency:3316|h|TInterface\ICONS\INV_112_RaidTrinkets_VoidPrism.BLP:0|t|h
present,,,,1,2778,Ancestral War Bear,1261360,,,0,0,|cFFFFD200Treasure: |rHonored Warrior's Cache|n|cFFFFD200Zone: |rZul'Aman
present,,,,1,2779,Witherbark Warbear Mother,1261362,,,0,0,|cFFFFD200Ritual Site:|r Broken Throne 
present,,,,1,2781,Amani Hex Bear,1261369,,,-1,0,
present,,,,1,2785,Relinquished Scarlet Charger,1261391,,,1,0,|cFFFFD200Quest:|r Relinquishing Relics|n
present,,,,1,2786,Hexed Vilefeather Eagle,1261576,,,0,0,|cFFFFD200Treasure: |rAbandoned Ritual Skull|n|cFFFFD200Zone: |rZul'Aman
present,,,,1,2789,Ravenous Shredclaw,1261579,,,2,0,|cFFFFD200Vendor: |rVoid Researcher Anomander|n|cFFFFD200Zone: |rVoidstorm|n|cFFFFD200Cost: |r6000|Hcurrency:3316|h|TInterface\ICONS\INV_112_RaidTrinkets_VoidPrism.BLP:0|t|h
present,,,,1,2790,Insatiable Shredclaw,1261583,,,0,0,|cFFFFD200Treasure: |rFinal Clutch of Predaxas|n|cFFFFD200Zone: |rVoidstorm
present,,,,1,2791,Prowling Shredclaw,1261584,,,2,0,|cFFFFD200Vendor: |rThraxadar|n|cFFFFD200Zone: |rMasters' Perch|n|cFFFFD200Faction: |rSlayer's Duellum - Exalted|n|cFFFFD200Cost: |r6000|Hcurrency:3316|h|TInterface\ICONS\INV_112_RaidTrinkets_VoidPrism.BLP:0|t|h
present,,,,1,2792,Frenzied Shredclaw,1261585,,,2,0,|cFFFFD200Vendor: |rThraxadar|n|cFFFFD200Zone: |rMasters' Perch|n|cFFFFD200Faction: |rSlayer's Duellum - Exalted|n|cFFFFD200Cost: |r6000|Hcurrency:3316|h|TInterface\ICONS\INV_112_RaidTrinkets_VoidPrism.BLP:0|t|h
present,,,,1,2793,Vicious Snaplizard,1261629,,,5,4,|cFFFFD200PvP:|r Midnight: Season 1|nRated Arena and Rated Battleground Season Reward
present,,,,1,2794,Vicious Snaplizard,1261648,,,5,4,|cFFFFD200PvP:|r Midnight: Season 1|nRated Arena and Rated Battleground Season Reward
present,,,,1,2795,Bronze Wilderling,1261668,,,0,128,|cFFFFD200Vendor: |rAny Timewalking Vendor|n|cFFFFD200Cost: |r5000|Hcurrency:1166|h|TInterface\ICONS\PVECurrency-Justice.blp:0|t|h|n|n
present,,,,1,2796,Bronze Aquilon,1261671,,,0,0,|cFFFFD200Vendor: |rAny Timewalking Vendor|n|cFFFFD200Cost: |r5000|Hcurrency:1166|h|TInterface\ICONS\PVECurrency-Justice.blp:0|t|h|n|n
present,,,,1,2797,Bronze Corpsefly,1261677,,,2,128,|cFFFFD200Vendor: |rAny Timewalking Vendor|n|cFFFFD200Cost: |r5000|Hcurrency:1166|h|TInterface\ICONS\PVECurrency-Justice.blp:0|t|h|n|n
present,,,,1,2798,Bronze Gravewing,1261681,,,2,0,|cFFFFD200Vendor: |rAny Timewalking Vendor|n|cFFFFD200Cost: |r5000|Hcurrency:1166|h|TInterface\ICONS\PVECurrency-Justice.blp:0|t|h|n
present,,,,1,2801,Galactic Gladiator's Goredrake,1262840,,,5,64,|cFFFFD200Achievement: |rGladiator: Midnight Season 1|n|cFFFFD200Category: |rPlayer vs. Player
present,,,,1,2802,Geargrinder Mk. 11,1262886,,,-1,0,|cFFFFD200Achievement:|r Worldsoul-Searching|n|cFFFFD200Category:|r Expansion Features
present,,,,1,2803,Skypaw Glimmerfur,1263369,,,2,64,|cFFFFD200Vendor: |rCollector Ta'steld|n|cFFFFD200Zone: |rOribos|n|cFFFFD200Cost: |r5000|Hcurrency:1166|h|TInterface\ICONS\PVECurrency-Justice.blp:0|t|h
present,,,,1,2804,Crimson Lupine,1263387,,,2,0,|cFFFFD200Vendor: |rCollector Ta'steld|n|cFFFFD200Zone: |rOribos|n|cFFFFD200Cost: |r5000|Hcurrency:1166|h|TInterface\ICONS\PVECurrency-Justice.blp:0|t|h
present,,,,1,2805,Spectral Hawkstrider,1263635,,,0,0,|cFFFFD200Drop:|r The Restless Heart|n|cFFFFD200Zone:|r Windrunner Spire (Mythic)|n|n|cFFFFD200Drop:|r Challenger's Cache|n|cFFFFD200Zone:|r Windrunner Spire
present,,,,1,2806,Spawn of Vyranoth,1264184,,,5,128,|cFFFFD200Achievement: |rMaster of the Turbulent Timeways V|n|cFFFFD200Category:|r Timewalking
present,,,,1,2807,Brawlin' Bruno,1264621,,,6,0,|cFFFFD200Vendor: |rUlaani|n|cFFFFD200Zone: |rBizmo's Brawlpub|n|n|cFFFFD200Vendor: |rTiana Nevermorn|n|cFFFFD200Zone: |rBrawl'gar Arena|n|n|cFFFFD200Faction: |rBrawler's Guild (Rank 6)|n|cFFFFD200Cost: |r4000|TInterface/MONEYFRAME/UI-GoldIcon.blp:0|t
present,,,,1,2808,Ballistic Bronco,1264643,,,6,128,|cFFFFD200Vendor: |rUlaani|n|cFFFFD200Zone: |rBizmo's Brawlpub|n|n|cFFFFD200Vendor: |rTiana Nevermorn|n|cFFFFD200Zone: |rBrawl'gar Arena|n|n|cFFFFD200Faction: |rBrawler's Guild (Rank 8)|n|cFFFFD200Cost: |r10000|TInterface/MONEYFRAME/UI-GoldIcon.blp:0|t
present,,,,1,2815,Snowpaw Glimmerfur Prowler,1264988,,,2,0,|cFFFFD200Vendor: |rCollector Ta'steld|n|cFFFFD200Zone: |rOribos|n|cFFFFD200Cost: |r5000|Hcurrency:1166|h|TInterface\ICONS\PVECurrency-Justice.blp:0|t|h
present,,,,1,2852,Comfy Bel'ameth Flying Quilt,1270522,,,11,1088,|cFFFFD200Trading Post|r
present,,,,1,2817,Lucent Hawkstrider,1265784,,,0,0,|cFFFFD200Drop:|r Degentrius|n|cFFFFD200Zone:|r Magister's Terrace (Mythic)|n|n|cFFFFD200Drop:|r Challenger's Cache|n|cFFFFD200Zone:|r Magister's Terrace
present,,,,1,2821,Venomous Gladiator's Goredrake,1266211,,,5,64,|cFFFFD200Achievement: |rGladiator: Midnight Season 2|n|cFFFFD200Category: |rPlayer vs. Player
present,,,,1,2823,Savage Crimson Battle Turtle,1266248,,,11,240,|cFFFFD200Trading Post|r
present,,,,1,2825,Cloudborn Razorwing,1266579,,,11,192,|cFFFFD200Trading Post|r
present,,,,1,2827,Sanguine Harrower,1266700,,,0,0,|cFFFFD200Drop:|r Voidstorm Rare Creatures|n
present,,,,1,2828,Voidbound Stormray,1266702,,,2,0,|cFFFFD200Vendor: |rVoid Researcher Anomander|n|cFFFFD200Zone: |rVoidstorm|n|cFFFFD200Cost: |r8000|Hcurrency:3316|h|TInterface\ICONS\INV_112_RaidTrinkets_VoidPrism.BLP:0|t|h
present,,,,1,2829,Lab-Grown Stormray,1266703,,,5,0,|cFFFFD200Achievement: |rStaring Into The Void|n|cFFFFD200Category: |rMidnight
present,,,,1,2831,Tenebrous Harrower,1266980,,,5,0,|cFFFFD200Achievement: |rGlory of the Midnight Raider|n|cFFFFD200Category: |rDungeons & Raids
present,,,,1,2833,Arboreal Pseudoshell,1266993,,,11,64,|cFFFFD200Trading Post|r
present,,,,1,2834,Cabbage Pseudoshell,1266997,,,11,64,|cFFFFD200Trading Post|r
present,,,,1,2835,Lavender Pseudoshell,1267002,,,11,64,|cFFFFD200Trading Post|r
present,,,,1,2836,Accented Pseudoshell,1267004,,,11,64,|cFFFFD200Trading Post|r
present,,,,1,2838,Fantastical Goblin Waveshredder,1268809,,,7,1088,|cFFFFD200Promotion|r
present,,,,1,2839,Delver's Arcane Golem,1268919,,,0,0,|cFFFFD200Treasure:|r Sturdy Chest|n|cFFFFD200Zone:|r Gnarldor Isle|n
present,,,,1,2840,Silvermoon's Arcane Defender,1268924,,,2,0,|cFFFFD200Vendor: |rTelemancer Astrandis|n|cFFFFD200Zone: |rSilvermoon City|n|cFFFFD200Cost: |r10|Hcurrency:3316|h|TInterface\ICONS\INV_112_RaidTrinkets_VoidPrism.BLP:0|t|h
present,,,,1,2841,Elven Arcane Guardian,1268926,,,2,0,|cFFFFD200Vendor: |rNaleidea Rivergleam|n|cFFFFD200Zone: |rSilvermoon City|n|cFFFFD200Cost: |r10000|Hcurrency:2803|h|TInterface\ICONS\INV_Misc_ElvenCoins.blp:0|t|h
present,,,,1,2842,Arcanovoid Construct,1268949,,,5,0,|cFFFFD200Achievement:|r Let Me Solo Him: Nullaeus|n
present,,,,1,2843,Ghastropod,1269181,,,7,64,|cFFFFD200Promotion|r|n
present,,,,1,2845,Vicious Snapvine,1269273,,,11,192,|cFFFFD200Trading Post|r
present,,,,1,2846,Ferocious Snapvine,1269277,,,11,192,|cFFFFD200Trading Post|r
present,,,,1,2847,Blooded Snapvine,1269279,,,11,192,|cFFFFD200Trading Post|r
present,,,,1,2848,Savage Snapvine,1269280,,,11,192,|cFFFFD200Trading Post|r
present,,,,1,2849,Hypo-Speed X6000,1269556,,,7,64,|cFFFFD200Promotion|r
present,,,,1,2850,Fluffy Comfy Flying Quilt,1270520,,,7,1088,|cFFFFD200Promotion|r|n
present,,,,1,2853,Comfy Silvermoon Flying Quilt,1270523,,,11,1088,|cFFFFD200Trading Post|r
present,,,,1,2912,Vivacious Chloroceros,1270673,,,5,0,|cFFFFD200Achievement: |rTreasures of Harandar|n|cFFFFD200Category: |rMidnight
present,,,,1,2913,Vivid Chloroceros,1270675,,,1,0,|cFFFFD200Quest: |rVivid Chloroceros|n|cFFFFD200Zone: |rHarandar|n|n
present,,,,1,2914,Fel Spirehawk,1271549,,,7,192,|cFFFFD200Promotion|r
present,,,,1,2915,Unbound Manawyrm,1271698,,,-1,128,|cFFFFD200Achievement: |rVoid Response Team|n|cFFFFD200Vendor: |rSergeant Vornin|n|cFFFFD200Zone: |rSilvermoon City|n|cFFFFD200Cost: |r6000|Hcurrency:3316|h|TInterface\ICONS\INV_112_RaidTrinkets_VoidPrism.BLP:0|t|h
present,,,,1,2917,"Anu'shalla, Shadow's Guidance",1276650,,,5,0,|cFFFFD200Achievement: |rInsurmountable Collection|n|cFFFFD200Category: |rMounts
present,,,,1,2926,Gilnean Iron Charger,1282268,,,11,64,|cFFFFD200Trading Post|r
present,,,,1,2927,Gilnean Copper Charger,1282274,,,11,64,|cFFFFD200Trading Post|r
present,,,,1,2928,Pyrewood Rebel's Rouncey,1282275,,,11,64,|cFFFFD200Trading Post|r
present,,,,1,2929,Gilneas Loyalist's Rouncey,1282276,,,11,64,|cFFFFD200Trading Post|r
present,,,,1,2930,Blossomback Arboon,1282450,,,9,64,|cFFFFD200In-Game Shop|r 
present,,,,1,2931,Amberback Arboon,1282453,,,9,64,|cFFFFD200In-Game Shop|r 
present,,,,1,2933,Magister's Spell Bee,1282471,,,0,64,|cFFFFD200Vendor|r:Decor Duel
present,,,,1,2935,Void-Touched Hawkstrider,1282936,,,-1,0,|cFFFFD200Vendor: |rSergeant Vornin|n|cFFFFD200Zone: |rSilvermoon City|n|cFFFFD200Renown: |rRitual Sites Rank 8|n|cFFFFD200Cost: |r4500|Hcurrency:3316|h|TInterface\ICONS\INV_112_RaidTrinkets_VoidPrism.BLP:0|t|h
present,,,,1,2939,[PH] Giant Eagle Sunwalker Mount Blue,1283906,,,11,64,|cFFFFD200Trading Post|r
present,,,,1,2940,Dusk-Painted Sun Roc,1283908,,,11,64,|cFFFFD200Trading Post|r
present,,,,1,2941,Flame-Painted Sun Roc,1283910,,,11,64,|cFFFFD200Trading Post|r
present,,,,1,2942,[PH] Giant Eagle Sunwalker Mount White,1283911,,,11,64,|cFFFFD200Trading Post|r
present,,,,1,2948,Golden Ashened Cataclysm,1284640,,,9,1088,|cFFFFD200In-Game Shop|r
present,,,,1,2949,Sha-Warped Riding Wolf,1284679,,,7,64,|cFFFFD200Promotion|r
present,,,,1,2950,Luminous Sporeglider,1284973,,,0,0,|cFFFFD200Drop: |rRotmire|n|cFFFFD200Location: |rSporefall
present,,,,1,2951,Sha-Warped Owl,1285897,,,7,64,|cFFFFD200Promotion|r
present,,,,1,2961,Void-Corrupted Hex Eagle,1286606,,,0,0,|cFFFFD200Ritual Site:|r Broken Throne |n
present,,,,1,2964,Void-Touched Snapdragon,1287357,,,-1,0,|cFFFFD200Ritual Site: |rDaggerspine Point
present,,,,1,2965,Void-Corrupted Lynx,1287359,,,-1,0,|cFFFFD200Ritual Sites:|r Treasure and Rare Spoils
present,,,,1,2972,Spring Panda,1291315,,,9,64,|cFFFFD200In-Game Shop|r|n
present,,,,1,2973,Blackwater X-TREME Firework Rocket,1292102,,,11,192,|cFFFFD200Trading Post|r
present,,,,1,2974,Green Rocket Mount [PH],1292342,,,-1,192,|cFFFFD200Trading Post|r
present,,,,1,2975,Bilgewater X-TREME Firework Rocket,1292344,,,11,192,|cFFFFD200Trading Post|r
present,,,,1,2976,Pink Rocket Mount [PH],1292345,,,11,192,|cFFFFD200Trading Post|r
present,,,,1,2977,Sunflare Driftmoth,1292356,,,9,64,|cFFFFD200In-Game Shop|r 
present,,,,1,2980,Spirit of Tok'jara,1292668,,,1,128,|cFFFFD200Quest: |rThe Innocent Essence|n|cFFFFD200Zone: |rVaults of Atal'Utek
present,,,,1,2984,Rabbit'ath,1293456,,,7,0,|cFFFFD200Promotion:|r BlizzCon 2026|n
present,,,,1,2988,Voidmancer's Starcarver,1294648,,,5,0,|cFFFFD200Achievement:|r A Trip Around the Stars|n|cFFFFD200Zone:|r Val|n|cFFFFD200Vendor:|r Kifaan|n|cFFFFD200Cost: |r15|Hcurrency:3316|h|TInterface\ICONS\INV_112_RaidTrinkets_VoidPrism.BLP:0|t|h
present,,,,1,2990,Netherforged Nullframe,1294663,,,5,0,|cFFFFD200Achievement:|r A Trip Through the Stars|n|cFFFFD200Zone:|r Naigtal|n|cFFFFD200Vendor:|r Kifaan|n|cFFFFD200Cost: |r15|Hcurrency:3316|h|TInterface\ICONS\INV_112_RaidTrinkets_VoidPrism.BLP:0|t|h
present,,,,1,2992,[PH] Horse with Hat,1294677,,,11,68,|cFFFFD200Trading Post|r
present,,,,1,2994,Badlands Buzzard,1294767,,,11,192,|cFFFFD200Trading Post|r
present,,,,1,2999,Swift Spectral Eagle,1295958,,,5,64,|cFFFFD200Legacy|r
present,,,,1,3002,Vicious Lightbloom Boar,1296670,,,5,4,|cFFFFD200PvP:|r Midnight: Season 2|nRated Arena and Rated Battleground Season Reward
present,,,,1,3003,Vicious Lightbloom Boar,1296672,,,5,4,|cFFFFD200PvP:|r Midnight: Season 2|nRated Arena and Rated Battleground Season Reward
present,,,,1,3004,Autumnal Witchwick's Rider,1296724,,,9,2112,|cFFFFD200In-Game Shop|r 
present,,,,1,3005,Cerulean Deathwalker,1296731,,,2,0,|cFFFFD200Vendor:|r Lindormi|n
present,,,,1,3006,Amethyst Mechsuit,1296734,,,2,0,|cFFFFD200Vendor:|r Lindormi|n
present,,,,1,3007,Blue-Chip Shreddertank,1296756,,,2,0,|cFFFFD200Vendor:|r Lindormi|n
present,,,,1,3008,Profit-Green Shreddertank,1296758,,,2,0,|cFFFFD200Vendor:|r Lindormi|n
present,,,,1,3009,Speculative Shreddertank,1296760,,,2,0,|cFFFFD200Vendor:|r Lindormi|n
present,,,,1,3010,High-Yield Shreddertank,1296759,,,2,0,|cFFFFD200Vendor:|r Lindormi|n
present,,,,1,3014,Mossy Witchwick's Rider,1296985,,,9,2112,|cFFFFD200In-Game Shop|r 
present,,,,1,3015,Moonlit Witchwick's Rider,1296986,,,9,2112,|cFFFFD200In-Game Shop|r 
present,,,,1,3016,Scarlet Witchwick's Rider,1296987,,,9,2112,|cFFFFD200In-Game Shop|r 
present,,,,1,3017,Blushing Witchwick's Rider,1296988,,,9,2112,|cFFFFD200In-Game Shop|r 
present,,,,1,3018,Carmine Witchwick's Rider,1296989,,,9,2112,|cFFFFD200In-Game Shop|r 
present,,,,1,3019,Sea-Dwelling Isle Serpent,1297216,,,2,0,|cFFFFD200Vendor: |rSecond Mate Sluggs|n|cFFFFD200Zone: |rThe Coiled Isle|n|n
present,,,,1,3020,Caustic Venomfang,1297217,,,2,0,|cFFFFD200Vendor: |rSkull of Er'inye|n|cFFFFD200Zone: |rVaults of Atal'Utek|n|cFFFFD200Cost: |r10000|Hcurrency:3448|h|TInterface\ICONS\INV_121_Ulatek_Currency.BLP:0|t|h
present,,,,1,3021,Crimson Venomfang,1297220,,,5,0,|cFFFFD200Achievement: |rGlory of the Venomous Abyss Raider|n|cFFFFD200Category: |rDungeons & Raids
present,,,,1,3023,Auriferous Venomfang,1297224,,,5,0,|cFFFFD200Achievement: |rTreasures of the Coiled Isle|n|cFFFFD200Category: |rMidnight
present,,,,1,3029,Apophic Soul Crusher,1297404,,,-1,0,|cFFFFD200Achievement:|r Let Me Solo Him: Azta'rec|n
present,,,,1,3030,Primeval Skyfriend,1297405,,,0,0,|cFFFFD200Drop: |rThe Venomous Abyss|n|cFFFFD200Location: |rUla'tek (Mythic)
present,,,,1,3031,Hexflame Reaver,1297407,,,0,0,|cFFFFD200Drop:|r Ral'kala|n
present,,,,1,3032,Preyhunter's Fury,1297408,,,2,0,|cFFFFD200Vendor: |rConstruct V'anore|n|cFFFFD200Zone: |rSilvermoon City|n|cFFFFD200Cost: |r2250|Hcurrency:3392|h|TInterface\ICONS\INV_10_ElementalCombinedFoozles_Blood.BLP:0|t|h
present,,,,1,3033,Tortured Gorger,1297427,,,5,0,|cFFFFD200Zones:|r Val and Naigtal |n|cFFFFD200Achievement:|r Heroic Showdowns|n|cFFFFD200Vendor:|r Kifaan|n|cFFFFD200Cost: |r15|Hcurrency:3316|h|TInterface\ICONS\INV_112_RaidTrinkets_VoidPrism.BLP:0|t|h
present,,,,1,3036,Sun Festival's Painted Roc,1298439,,,11,0,|cFFFFD200Drop:|r Ahune|n|cFFFFD200Holiday:|r Midsummer
present,,,,1,3043,Corroded Soul Crusher,1298808,,,2,0,|cFFFFD200Vendor: |rTelemancer Astrandis|n|cFFFFD200Zone: |rSilvermoon City|n|cFFFFD200Cost: |r10|Hcurrency:3316|h|TInterface\ICONS\INV_112_RaidTrinkets_VoidPrism.BLP:0|t|h|n|n
present,,,,1,3051,Topaz Skyfang,1299961,,,0,0,|cFFFFD200Drop:|r The Coiled Isle Rare Creatures
present,,,,1,3053,Emerald Skyfang,1299965,,,5,0,|cFFFFD200Achievement: |rPro Poison Patroller|n|cFFFFD200Category: |rMidnight
present,,,,1,3054,Violet-Backed Skyfang,1299963,,,2,0,|cFFFFD200Vendor: |rJan'sari the Watchful|n|cFFFFD200Zone: |rThe Coiled Isle|n|cFFFFD200Cost: |r8000|Hcurrency:3316|h|TInterface\ICONS\INV_112_RaidTrinkets_VoidPrism.BLP:0|t|h|n|n
present,,,,1,3058,The Writhing Brood,1300776,,,0,0,|cFFFFD200Drop: |rZul'jan|n|cFFFFD200Zone: |rAltar of Fangs
present,,,,1,3060,Indigo Coiled Horror,1300778,,,2,0,|cFFFFD200Vendor: |rJan'sari the Watchful|n|cFFFFD200Zone: |rThe Coiled Isle|n|cFFFFD200Cost: |r6000|Hcurrency:3316|h|TInterface\ICONS\INV_112_RaidTrinkets_VoidPrism.BLP:0|t|h|n|n
present,,,,1,3061,Ruby Writhe,1300779,,,0,0,|cFFFFD200Drop:|r The Coiled Isle Rare Creatures
present,,,,1,3062,Venomous Coiler,1300777,,,5,0,|cFFFFD200Achievement: |rAssault the Vault|n|cFFFFD200Category: |rMidnight
present,,,,1,3063,Breath of Blight,1301070,,,5,0,|cFFFFD200Achievement: |rMidnight Keystone Master: Season Two|n|cFFFFD200Category: |rDungeons
present,,,,1,3064,Breath of Ruin,1301074,,,5,0,|cFFFFD200Achievement: |rMidnight Keystone Legend: Season Two|n|cFFFFD200Category: |rDungeons
present,,,,1,3069,Umbral Ashes,1301775,,,5,0,|cFFFFD200Achievement:|r Umbral Champion: Midnight Season One|n|cFFFFD200Category:|r Dungeons & Raids
present,,,,1,3070,Whoofle Bramblewing,1301817,,,9,192,|cFFFFD200In-Game Shop|r
present,,,,1,3102,Crested Ember Leafmimic,1305204,,,11,64,|cFFFFD200Trading Post|r
present,,,,1,3103,Crested Aqua Leafmimic,1305206,,,11,64,|cFFFFD200Trading Post|r
present,,,,1,3104,Crested Verdant Leafmimic,1305207,,,11,64,|cFFFFD200Trading Post|r
present,,,,1,3105,Crested Violet Leafmimic,1305209,,,11,64,|cFFFFD200Trading Post|r
present,,,,1,3119,Wintry Witchwick's Rider,1309340,,,9,2112,|cFFFFD200In-Game Shop|r 
present,,,,1,2982,Hearthkeeper's Wandering Caravan,142515,,,9,1088,|cFFFFD200In-Game Shop|r
present,,,,1,2922,Stoneforged Sentinel,1279352,,,9,64,|cFFFFD200In-Game Shop|r|n
present,,,,1,2981,Tuskarr Hermit Crab,1293028,,,-1,1088,|cFFFFD200In-Game Shop|r
present,,,,1,2832,The Sire's Palanquin,1266982,,,7,1088,|cFFFFD200Promotion|r
present,,,,1,2837,Scarlet Lady,1267077,,,7,64,|cFFFFD200Promotion|r
present,,,,1,3044,Shadow Spirehawk,1299156,,,7,192,|cFFFFD200Promotion|r
present,,,,1,2818,Emerald Hawkstrider,1265785,,,1,0,|cFFFFD200Quest: |rThe Battle of the Bridge|n|cFFFFD200Zone: |rSilvermoon City|n|n
present,,,,1,2937,Zothwing Darkseeker,1283837,,,9,64,|cFFFFD200In-Game Shop|r
present,,,,1,2938,Zothwing Deepseeker,1283838,,,9,64,|cFFFFD200In-Game Shop|r
