status,release_decision,unavailable,availability_note,current_exists,species_id,name,creature_id,summon_spell_id,item_ids,item_expansion_ids,pet_type_enum,flags,source_type_enum,source_text
present,,,,1,2,,61892,0,,,4,49,-1,
present,,,,1,39,,2671,4055,,,9,2,3,|cFFFFD200Profession: |rEngineering
present,,,,1,40,,7385,10673,,,7,2,2,|cFFFFD200Vendor: |rDonni Anthania|n|cFFFFD200Zone: |rElwynn Forest|n|cFFFFD200Cost: |r40|TINTERFACE\MONEYFRAME\UI-SILVERICON.BLP:0|t
present,,,,1,41,,7384,10674,,,7,2,2,|cFFFFD200Vendor: |rDonni Anthania|n|cFFFFD200Zone: |rElwynn Forest|n|cFFFFD200Cost: |r40|TINTERFACE\MONEYFRAME\UI-SILVERICON.BLP:0|t
present,,,,1,42,,7383,10675,,,7,2,0,|cFFFFD200Drop: |rWorld Drop|n|cFFFFD200Zone: |rHillsbrad Foothills
present,,,,1,43,,7382,10676,,,7,2,2,"|cFFFFD200Vendor: |rDonni Anthania, Steven Lisbane|n|cFFFFD200Zone: |rElwynn Forest|n|cFFFFD200Cost: |r40|TINTERFACE\MONEYFRAME\UI-SILVERICON.BLP:0|t"
present,,,,1,44,,7380,10677,,,7,2,2,|cFFFFD200Vendor: |rDealer Rashaad|n|cFFFFD200Zone: |rNetherstorm|n|cFFFFD200Cost: |r60|TINTERFACE\MONEYFRAME\UI-SILVERICON.BLP:0|t
present,,,,1,45,,7381,10678,,,7,2,2,|cFFFFD200Vendor: |rDonni Anthania|n|cFFFFD200Zone: |rElwynn Forest|n|cFFFFD200Cost: |r40|TINTERFACE\MONEYFRAME\UI-SILVERICON.BLP:0|t
present,,,,1,46,,7386,10679,,,7,2,2,|cFFFFD200Vendor: |rLil Timmy|n|cFFFFD200Zone: |rStormwind City|n|cFFFFD200Cost: |r60|TINTERFACE\MONEYFRAME\UI-SILVERICON.BLP:0|t
present,,,,1,47,,7390,10680,,,2,2,2,"|cFFFFD200Vendor: |rHarry No-Hooks, Narkk|n|cFFFFD200Zone: |rThe Cape of Stranglethorn|n|cFFFFD200Cost: |r40|TINTERFACE\MONEYFRAME\UI-SILVERICON.BLP:0|t"
present,,,,1,49,,7391,10682,,,2,2,0,"|cFFFFD200Drop: |rWorld Drop|n|cFFFFD200Zone: |rNorthern Stranglethorn, The Cape of Stranglethorn"
present,,,,1,50,,7387,10683,,,2,2,0,|cFFFFD200Drop: |rDefias Pirate|n|cFFFFD200Zone: |rThe Deadmines
present,,,,1,51,,7389,10684,,,2,2,2,"|cFFFFD200Vendor: |rNarkk, Harry No-Hooks|n|cFFFFD200Zone: |rThe Cape of Stranglethorn|n|cFFFFD200Cost: |r40|TINTERFACE\MONEYFRAME\UI-SILVERICON.BLP:0|t|n|n|cFFFFD200Vendor: |rDealer Rashaad|n|cFFFFD200Zone: |rNetherstorm|n|cFFFFD200Cost: |r40|TINTERFACE\MONEYFRAME\UI-SILVERICON.BLP:0|t"
present,,,,1,52,,7394,10685,,,2,2,2,"|cFFFFD200Vendor: |r""Plucky"" Johnson|n|cFFFFD200Zone: |rThousand Needles|n|cFFFFD200Cost: |r1|TINTERFACE\MONEYFRAME\UI-GOLDICON.BLP:0|t"
present,,,,1,55,,7395,10688,,,4,2,2,|cFFFFD200Vendor: |rDealer Rashaad|n|cFFFFD200Zone: |rNetherstorm|n|cFFFFD200Cost: |r50|TINTERFACE\MONEYFRAME\UI-SILVERICON.BLP:0|t|n|n|cFFFFD200Vendor: |rJeremiah Payson|n|cFFFFD200Zone: |rTirisfal Glades|n|cFFFFD200Cost: |r50|TINTERFACE\MONEYFRAME\UI-SILVERICON.BLP:0|t
present,,,,1,56,,7543,10695,,,1,2,0,"|cFFFFD200Drop: |rWhelplings|n|cFFFFD200Zone: |rWetlands, Dustwallow Marsh, Badlands, Burning Steppes"
present,,,,1,57,,7547,10696,,,1,2,0,|cFFFFD200Drop: |rWorld Drop|n|cFFFFD200Zone: |rWinterspring
present,,,,1,58,,7544,10697,,,1,2,0,|cFFFFD200Drop: |rWorld Drop|n|cFFFFD200Zone: |rWetlands
present,,,,1,59,,7545,10698,,,1,2,0,|cFFFFD200Drop: |rNoxious Whelp|n|cFFFFD200Zone: |rFeralas
present,,,,1,64,,7550,10703,,,8,2,2,|cFFFFD200Vendor: |rFlik|n|cFFFFD200Zone: |rDarkmoon Island|n|cFFFFD200Cost: |r1|TINTERFACE\MONEYFRAME\UI-GOLDICON.BLP:0|t
present,,,,1,65,,7549,10704,,,8,2,2,|cFFFFD200Vendor: |rFlik|n|cFFFFD200Zone: |rDarkmoon Island|n|cFFFFD200Cost: |r1|TINTERFACE\MONEYFRAME\UI-GOLDICON.BLP:0|t
present,,,,1,67,,7555,10706,,,2,2,2,|cFFFFD200Vendor: |rShylenai|n|cFFFFD200Zone: |rTeldrassil|n|cFFFFD200Cost: |r50|TINTERFACE\MONEYFRAME\UI-SILVERICON.BLP:0|t
present,,,,1,68,,7553,10707,,,2,2,2,|cFFFFD200Vendor: |rShylenai|n|cFFFFD200Zone: |rTeldrassil|n|cFFFFD200Cost: |r50|TINTERFACE\MONEYFRAME\UI-SILVERICON.BLP:0|t
present,,,,1,69,,7554,0,,,2,26,4,|cFFFFD200Pet Battle: |rWinterspring|n|cFFFFD200Season: |rWinter
present,,,,1,121,,16069,27241,,,0,16466,7,|cFFFFD200Promotion:|r EU Fansite Promotion|n
present,,,,1,70,,14421,10709,,,4,2,2,"|cFFFFD200Vendor: |rHalpa, Naleen|n|cFFFFD200Zone: |rMulgore|n|cFFFFD200Cost: |r50|TINTERFACE\MONEYFRAME\UI-SILVERICON.BLP:0|t"
present,,,,1,72,,7560,10711,,,4,2,2,|cFFFFD200Vendor: |rYarlyn Amberstill|n|cFFFFD200Zone: |rDun Morogh|n|cFFFFD200Cost: |r20|TINTERFACE\MONEYFRAME\UI-SILVERICON.BLP:0|t
present,,,,1,74,,7561,10713,,,7,2,2,|cFFFFD200Vendor: |rBreanni|n|cFFFFD200Zone: |rDalaran|n|cFFFFD200Cost: |r50|TINTERFACE\MONEYFRAME\UI-GOLDICON.BLP:0|t
present,,,,1,75,,7565,10714,,,7,2,2,|cFFFFD200Vendor: |rXan'tish|n|cFFFFD200Zone: |rOrgrimmar|n|cFFFFD200Cost: |r50|TINTERFACE\MONEYFRAME\UI-SILVERICON.BLP:0|t
present,,,,1,77,,7562,10716,,,7,2,2,|cFFFFD200Vendor: |rXan'tish|n|cFFFFD200Zone: |rOrgrimmar|n|cFFFFD200Cost: |r50|TINTERFACE\MONEYFRAME\UI-SILVERICON.BLP:0|t
present,,,,1,78,,7567,10717,,,7,2,2,|cFFFFD200Vendor: |rDealer Rashaad|n|cFFFFD200Zone: |rNetherstorm|n|cFFFFD200Cost: |r50|TINTERFACE\MONEYFRAME\UI-SILVERICON.BLP:0|t|n|n|cFFFFD200Vendor: |rXan'tish|n|cFFFFD200Zone: |rOrgrimmar|n|cFFFFD200Cost: |r50|TINTERFACE\MONEYFRAME\UI-SILVERICON.BLP:0|t
present,,,,1,83,,8376,12243,,,9,18,1,|cFFFFD200Quest:|r An OOX of Your Own|n|cFFFFD200Zone:|r Booty Bay|n
present,,,,1,84,,30379,13548,,,2,18,1,|cFFFFD200Quest: |rCLUCK!|n|cFFFFD200Zone: |rWestfall
present,,,,1,85,,9656,15048,,,9,2,3,|cFFFFD200Profession: |rEngineering
present,,,,1,86,,9657,15049,,,9,2,3,|cFFFFD200Profession: |rEngineering
present,,,,1,87,,9662,15067,,,1,2,0,|cFFFFD200Drop: |rWorld Drop|n|cFFFFD200Zone: |rFeralas
present,,,,1,89,,10259,15999,,,7,2050,0,|cFFFFD200Drop: |rQuartermaster Zigris|n|cFFFFD200Zone: |rLower Blackrock Spire
present,,,,1,90,,10598,16450,,,7,2,0,|cFFFFD200Drop: |rMother Smolderweb|n|cFFFFD200Zone: |rLower Blackrock Spire
present,,,,1,92,,11325,17707,,,7,82,7,|cFFFFD200Promotion:|r World of Warcraft Collector's Edition
present,,,,1,93,,11326,17708,,,5,82,7,|cFFFFD200Promotion:|r World of Warcraft Collectors Edition
present,,,,1,94,,11327,17709,,,4,131154,7,|cFFFFD200Promotion:|r World of Warcraft Collectors Edition
present,,,,1,95,,12419,19772,,,9,2,3,|cFFFFD200Profession: |rEngineering
present,,,,1,106,,14878,23811,,,8,18,6,|cFFFFD200World Event:|r Darkmoon Faire
present,,,,1,107,,15186,24696,,,0,16466,7,|cFFFFD200Promotion:|r BlizzCon 2005
present,,,,1,111,,15358,24988,,,0,16466,7,|cFFFFD200Promotion:|r Burning Crusade Collector's Edition (EU only)|n
present,,,,1,114,,15429,25162,,,5,131074,0,"|cFFFFD200Drop:|r World Drop|n|cFFFFD200Creature:|r Oozes, Slimes and Worms"
present,,,,1,115,,86445,172695,,,8,2,3,"|cFFFFD200Profession:|r Fishing|n|cFFFFD200Vendor:|r Nat Pagle|n|cFFFFD200Zone:|r Garrison, Fishing Shack|n|cFFFFD200Cost:|r 50|Tinterface\icons\inv_misc_coin_19.blp:0|t"
present,,,,1,116,,15699,26010,,,9,2,3,|cFFFFD200Profession: |rEngineering
present,,,,1,117,,15710,26045,,,6,2,6,|cFFFFD200World Event:|r Feast of Winter Veil|n
present,,,,1,118,,15706,26529,,,4,2,6,|cFFFFD200World Event:|r Feast of Winter Veil
present,,,,1,119,,15698,26533,,,0,131074,6,|cFFFFD200World Event:|r Feast of Winter Veil
present,,,,1,120,,15705,26541,,,0,131074,6,|cFFFFD200World Event:|r Feast of Winter Veil
present,,,,1,122,,16085,27570,,,0,2,6,|cFFFFD200World Event:|r Love is in the Air|n|cFFFFD200Vendor: |rLovely Merchant|n|cFFFFD200Cost: |r40|TINTERFACE\ICONS\INV_ValentinesCard01:0|t|n
present,,,,1,124,,16456,28505,,,7,16466,7,|cFFFFD200Promotion:|r iCoke
present,,,,1,125,,16547,28738,,,8,2,6,|cFFFFD200World Event:|r Children's Week
present,,,,1,126,,16548,28739,,,4,2,6,|cFFFFD200World Event:|r Children's Week
present,,,,1,127,,16549,28740,,,4,2,6,|cFFFFD200World Event:|r Children's Week
present,,,,1,128,,16701,28871,,,6,2,6,|cFFFFD200World Event:|r Midsummer Fire Festival|n|cFFFFD200Vendor: |rMidsummer Merchant|n|cFFFFD200Cost: |r350|TINTERFACE\ICONS\INV_SummerFest_FireFlower:0|t
present,,,,1,130,,17255,30156,,,2,2,8,|cFFFFD200Trading Card Game:|r Heroes of Azeroth
present,,,,1,131,,18381,32298,,,1,82,7,|cFFFFD200Promotion:|r Burning Crusade Collector's Edition
present,,,,1,132,,18839,33050,,,8,2,3,|cFFFFD200Fishing:|r Fishing (430)|n|cFFFFD200Zone:|r Terokkar Forest (Fishing Nodes)
present,,,,1,136,,20408,35156,,,5,2,2,|cFFFFD200Vendor: |rDealer Rashaad|n|cFFFFD200Zone: |rNetherstorm|n|cFFFFD200Cost: |r40|TINTERFACE\MONEYFRAME\UI-GOLDICON.BLP:0|t
present,,,,1,137,,20472,35239,,,4,2,2,|cFFFFD200Vendor: |rDealer Rashaad|n|cFFFFD200Zone: |rNetherstorm|n|cFFFFD200Cost: |r10|TINTERFACE\MONEYFRAME\UI-GOLDICON.BLP:0|t
present,,,,1,138,,21010,35907,,,2,2,2,|cFFFFD200Vendor: |rSixx|n|cFFFFD200Zone: |rThe Exodar|n|cFFFFD200Cost: |r50|TINTERFACE\MONEYFRAME\UI-SILVERICON.BLP:0|t
present,,,,1,139,,21009,35909,,,2,2,2,|cFFFFD200Vendor: |rDealer Rashaad|n|cFFFFD200Zone: |rNetherstorm|n|cFFFFD200Cost: |r10|TINTERFACE\MONEYFRAME\UI-GOLDICON.BLP:0|t
present,,,,1,140,,21008,35910,,,2,2,2,|cFFFFD200Vendor: |rSixx|n|cFFFFD200Zone: |rThe Exodar|n|cFFFFD200Cost: |r50|TINTERFACE\MONEYFRAME\UI-SILVERICON.BLP:0|t
present,,,,1,141,,21018,35911,,,2,2,2,|cFFFFD200Vendor: |rSixx|n|cFFFFD200Zone: |rThe Exodar|n|cFFFFD200Cost: |r50|TINTERFACE\MONEYFRAME\UI-SILVERICON.BLP:0|t
present,,,,1,142,,21055,36027,,,1,2,2,|cFFFFD200Vendor: |rJilanne|n|cFFFFD200Zone: |rEversong Woods (Burning Crusade)|n|cFFFFD200Cost: |r50|TINTERFACE\MONEYFRAME\UI-SILVERICON.BLP:0|t
present,,,,1,143,,21064,36028,,,1,2,2,|cFFFFD200Vendor: |rJilanne|n|cFFFFD200Zone: |rEversong Woods (Burning Crusade)|n|cFFFFD200Cost: |r50|TINTERFACE\MONEYFRAME\UI-SILVERICON.BLP:0|t
present,,,,1,144,,21063,36029,,,1,2,2,|cFFFFD200Vendor: |rJilanne|n|cFFFFD200Zone: |rEversong Woods (Burning Crusade)|n|cFFFFD200Cost: |r50|TINTERFACE\MONEYFRAME\UI-SILVERICON.BLP:0|t
present,,,,1,145,,21056,36031,,,1,2,2,|cFFFFD200Vendor: |rDealer Rashaad|n|cFFFFD200Zone: |rNetherstorm|n|cFFFFD200Cost: |r10|TINTERFACE\MONEYFRAME\UI-GOLDICON.BLP:0|t
present,,,,1,146,,21076,36034,,,2,2,0,|cFFFFD200Drop: |rBogflare Needler|n|cFFFFD200Zone: |rZangarmarsh
present,,,,1,149,,22445,39181,,,2,18,1,|cFFFFD200Quest:|r Skywing|n|cFFFFD200Zone:|r Terokkar Forest|n|n
present,,,,1,153,,22943,39709,,,4,2,6,|cFFFFD200World Event:|r Brewfest
present,,,,1,155,,23198,40405,,,4,16466,7,|cFFFFD200Promotion:|r World Wide Invitational 2007|n
present,,,,1,156,,23234,40549,,,7,2,8,|cFFFFD200Trading Card Game:|r Through the Dark Portal
present,,,,1,157,,23231,40613,,,5,131074,6,|cFFFFD200World Event:|r Children's Week
present,,,,1,890,,66145,0,,,7,48,-1,
present,,,,1,158,,23258,40614,,,4,2,6,|cFFFFD200World Event:|r Children's Week
present,,,,1,159,,23266,40634,,,4,2,6,|cFFFFD200World Event:|r Children's Week
present,,,,1,160,,23274,40990,,,4,82,5,"|cFFFFD200Achievement: |rShop Smart, Shop Pet...Smart|n|cFFFFD200Category: |rPet Battles"
present,,,,1,162,,23909,42609,,,6,2,6,|cFFFFD200World Event:|r Hallow's End
present,,,,1,163,,24388,43697,,,8,2,3,|cFFFFD200Profession: |rFishing|n|cFFFFD200Zone: |rShattrath
present,,,,1,164,,24389,43698,,,8,2,3,|cFFFFD200Profession:|r Fishing|n|cFFFFD200Zone:|r Shattrath
present,,,,1,165,,24480,43918,,,8,131074,0,|cFFFFD200Drop:|r Forest Frog|n|cFFFFD200Zone:|r Zul'Aman (Dungeon)
present,,,,1,166,,24753,44369,,,4,2,6,|cFFFFD200World Event:|r Brewfest|n|cFFFFD200Vendor: |rBelbi Quikswitch|n|cFFFFD200Zone: |rDun Morogh|n|cFFFFD200Cost: |r100|TINTERFACE\ICONS\INV_Misc_Coin_01:0|t|n|n|cFFFFD200Vendor: |rBliz Fixwidget|n|cFFFFD200Zone: |rDurotar|n|cFFFFD200Cost: |r100|TINTERFACE\ICONS\INV_Misc_Coin_01:0|t
present,,,,1,167,,25062,45082,,,2,2,2,|cFFFFD200Vendor: |rMycah|n|cFFFFD200Zone: |rZangarmarsh|n|cFFFFD200Faction: |rSporeggar - Exalted|n|cFFFFD200Cost: |r30|TINTERFACE\ICONS\INV_Mushroom_02:0|t
present,,,,1,168,,25109,45125,,,9,2,8,|cFFFFD200Trading Card Game:|r March of the Legion
present,,,,1,169,,25110,45127,,,2,2050,8,|cFFFFD200Trading Card Game:|r March of the Legion
present,,,,1,170,,25146,45174,,,4,82,7,|cFFFFD200Promotion:|r Recruit-A-Friend|n
present,,,,1,171,,25147,45175,,,4,82,7,|cFFFFD200Promotion:|r Recruit-A-Friend
present,,,,1,172,,25706,45890,,,6,131074,2,|cFFFFD200Vendor:|r Zen'Vorka|n|cFFFFD200Zone:|r Molten Front|n|cFFFFD200Cost: |r30|TINTERFACE\ICONS\INV_MISC_MARKOFTHEWORLDTREE.BLP:0|t
present,,,,1,173,,26050,46425,,,8,2,3,|cFFFFD200Profession: |rFishing|n|cFFFFD200Zone: |rShattrath
present,,,,1,174,,26056,46426,,,8,2,3,|cFFFFD200Profession: |rFishing|n|cFFFFD200Zone: |rShattrath
present,,,,1,175,,26119,46599,,,6,2,0,|cFFFFD200Drop: |rKael'thas Sunstrider|n|cFFFFD200Zone: |rMagisters' Terrace
present,,,,1,179,,27217,48406,,,1,16402,11,|cFFFFD200Promotion:|r Battleground Event|n|cFFFFD200Trading Post|r
present,,,,1,180,,27346,48408,,,1,16402,7,|cFFFFD200Promotion:|r China PVP Event
present,,,,1,183,,27914,49964,,,5,131074,8,|cFFFFD200Trading Card Game:|r The Hunt for Illidan
present,,,,1,186,,28470,51716,,,2,2,2,|cFFFFD200Vendor: |rGrella|n|cFFFFD200Zone: |rTerokkar Forest|n|cFFFFD200Faction: |rSha'tari Skyguard - Exalted|n|cFFFFD200Cost: |r40|TINTERFACE\MONEYFRAME\UI-GOLDICON.BLP:0|t
present,,,,1,187,,28513,51851,,,3,16402,0,|cFFFFD200Drop: |rPrince Tenris Mirkblood|n|cFFFFD200Zone: |rKarazhan
present,,,,1,188,,28883,52615,,,3,82,7,|cFFFFD200Promotion:|r Wrath of the Lich King Collector's Edition
present,,,,1,189,,29089,53082,,,0,16466,7,|cFFFFD200Promotion:|r World Wide Invitational 2008
present,,,,1,190,,29147,53316,,,3,2,2,|cFFFFD200Vendor: |rDarahir|n|cFFFFD200Zone: |rCrystalsong Forest|n|cFFFFD200Cost: |r40|TINTERFACE\MONEYFRAME\UI-GOLDICON.BLP:0|t
present,,,,1,191,,24968,54187,,,9,131074,6,|cFFFFD200World Event:|r Feast of Winter Veil
present,,,,1,192,,29726,55068,,,8,16466,7,|cFFFFD200Promotion:|r WoW/Blizzard Account Merger
present,,,,1,193,,31575,59250,,,4,2,3,|cFFFFD200Profession:|r Fishing|n|cFFFFD200Zone:|r Dalaran
present,,,,1,194,,32589,61348,,,2,2,0,|cFFFFD200Drop: |rMysterious Egg
present,,,,1,195,,32590,61349,,,2,2,0,|cFFFFD200Drop: |rMysterious Egg
present,,,,1,196,,32592,61350,,,1,2,0,|cFFFFD200Drop: |rMysterious Egg
present,,,,1,197,,32591,61351,,,7,2,0,|cFFFFD200Drop: |rMysterious Egg
present,,,,1,198,,32595,61357,,,8,2,2,|cFFFFD200Vendor: |rSairuk|n|cFFFFD200Zone: |rDragonblight|n|cFFFFD200Faction: |rThe Kalu'ak - Exalted|n|cFFFFD200Cost: |r12|TINTERFACE\MONEYFRAME\UI-GOLDICON.BLP:0|t|n|n|cFFFFD200Vendor: |rTanaika|n|cFFFFD200Zone: |rHowling Fjord|n|cFFFFD200Faction: |rThe Kalu'ak - Exalted|n|cFFFFD200Cost: |r12|TINTERFACE\MONEYFRAME\UI-GOLDICON.BLP:0|t
present,,,,1,199,,32643,61472,,,6,82,5,|cFFFFD200Achievement:|r Higher Learning|n|cFFFFD200Category: |rGeneral
present,,,,1,200,,32791,61725,,,4,131074,6,|cFFFFD200World Event:|r Noblegarden|n|cFFFFD200Vendor: |rNoblegarden Merchant|n|cFFFFD200Cost: |r100|TINTERFACE\ICONS\Achievement_Noblegarden_Chocolate_Egg:0|t
present,,,,1,201,,32818,61773,,,2,131154,6,|cFFFFD200World Event:|r Pilgrim's Bounty
present,,,,1,202,,32841,61855,,,7,16466,5,|cFFFFD200Achievement: |rWoW's 4th Anniversary|n|cFFFFD200Category: |rFeats of Strength
present,,,,1,203,,32939,61991,,,4,82,5,|cFFFFD200Achievement: |rLil' Game Hunter|n|cFFFFD200Category: |rPet Battles
present,,,,1,204,,33188,62491,,,6,2,2,|cFFFFD200Vendor: |rRook Hawkfist|n|cFFFFD200Zone: |rIcecrown|n|cFFFFD200Cost: |r40|TINTERFACE\ICONS\Ability_Paladin_ArtofWar.blp:0|t
present,,,,1,205,,33194,62508,,,7,2,2,|cFFFFD200Vendor: |rDerrick Brindlebeard|n|cFFFFD200Zone: |rIcecrown|n|cFFFFD200Cost: |r40|TINTERFACE\ICONS\Ability_Paladin_ArtofWar.blp:0|t 
present,,,,1,206,,33197,62510,,,2,2,2,|cFFFFD200Vendor: |rEliza Killian|n|cFFFFD200Zone: |rIcecrown|n|cFFFFD200Cost: |r40|TINTERFACE\ICONS\Ability_Paladin_ArtofWar.blp:0|t
present,,,,1,207,,33198,62513,,,7,2,2,|cFFFFD200Vendor: |rFreka Bloodaxe|n|cFFFFD200Zone: |rIcecrown|n|cFFFFD200Cost: |r40|TINTERFACE\ICONS\Ability_Paladin_ArtofWar.blp:0|t 
present,,,,1,209,,33200,62516,,,4,2,2,|cFFFFD200Vendor: |rCorporal Arthur Flew|n|cFFFFD200Zone: |rIcecrown|n|cFFFFD200Cost: |r40|TINTERFACE\ICONS\Ability_Paladin_ArtofWar.blp:0|t 
present,,,,1,210,,33219,62542,,,4,2,2,|cFFFFD200Vendor: |rDoru Thunderhorn|n|cFFFFD200Zone: |rIcecrown|n|cFFFFD200Cost: |r40|TINTERFACE\ICONS\Ability_Paladin_ArtofWar.blp:0|t 
present,,,,1,211,,33226,62561,,,8,2,3,"|cFFFFD200Profession: |rFishing|n|cFFFFD200Zone: |rNorthrend, Stormwind, Orgrimmar"
present,,,,1,212,,33205,62562,,,6,2,2,|cFFFFD200Vendor: |rIrisee|n|cFFFFD200Zone: |rIcecrown|n|cFFFFD200Cost: |r40|TINTERFACE\ICONS\Ability_Paladin_ArtofWar.blp:0|t |n
present,,,,1,213,,33227,62564,,,5,2,2,|cFFFFD200Vendor: |rTrellis Morningsun|n|cFFFFD200Zone: |rIcecrown|n|cFFFFD200Cost: |r40|TINTERFACE\ICONS\Ability_Paladin_ArtofWar.blp:0|t 
present,,,,1,214,,33238,62609,,,0,131731,1,|cFFFFD200Quest:|r A Champion Rises|n|cFFFFD200Zone:|r Icecrown
present,,,,1,215,,33274,62674,,,9,2,2,|cFFFFD200Vendor: |rRillie Spindlenut|n|cFFFFD200Zone: |rIcecrown
present,,,,1,216,,33239,62746,,,0,131475,1,|cFFFFD200Quest:|r A Champion Rises|n|cFFFFD200Zone:|r Icecrown
present,,,,1,217,,33578,63318,,,0,16466,7,|cFFFFD200Promotion:|r Arena Tournament
present,,,,1,218,,33810,63712,,,3,2050,2,|cFFFFD200Vendor: |rSamamba|n|cFFFFD200Zone: |rIcecrown|n|cFFFFD200Cost: |r40|TINTERFACE\ICONS\Ability_Paladin_ArtofWar.blp:0|t|n
present,,,,1,220,,34278,65046,,,6,18,1,|cFFFFD200Quest: |rRemembrance of Auberdine|n|cFFFFD200Zone: |rDarkshore
present,,,,1,224,,34364,65358,,,7,2,2,|cFFFFD200Vendor: |rBreanni|n|cFFFFD200Zone: |rCrystalsong Forest|n|cFFFFD200Cost: |r50|TINTERFACE\MONEYFRAME\UI-GOLDICON.BLP:0|t
present,,,,1,225,,33530,65381,,,0,18,6,|cFFFFD200World Event:|r Children's Week
present,,,,1,226,,33529,65382,,,0,18,6,|cFFFFD200World Event:|r Children's Week
present,,,,1,227,,34587,65682,,,9,147538,7,|cFFFFD200Promotion:|r Mountain Dew Promotion
present,,,,1,228,,34694,66030,,,0,82,7,|cFFFFD200Promotion:|r BlizzCon 2009
present,,,,1,229,,34724,66096,,,5,2,2,|cFFFFD200Vendor: |rHiren Loresong|n|cFFFFD200Zone: |rIcecrown|n|cFFFFD200Faction: |rThe Silver Covenant - Exalted|n|cFFFFD200Cost: |r40|TINTERFACE\ICONS\Ability_Paladin_ArtofWar.blp:0|t|n
present,,,,1,231,,34930,66520,,,5,82,7,|cFFFFD200Promotion:|r Recruit-A-Friend
present,,,,1,232,,35396,67413,,,7,2,0,|cFFFFD200Drop: |rDart's Nest|n|cFFFFD200Zone: |rDustwallow Marsh
present,,,,1,233,,35395,67414,,,7,2,0,"|cFFFFD200Drop: |rDeviate Guardian, Deviate Ravager|n|cFFFFD200Zone: |rWailing Caverns"
present,,,,1,234,,35400,67415,,,7,2,0,|cFFFFD200Drop: |rGundrak Raptor|n|cFFFFD200Zone: |rZul'Drak
present,,,,1,235,,35387,67416,,,7,2,0,|cFFFFD200Drop: |rTakk's Nest|n|cFFFFD200Zone: |rThe Barrens
present,,,,1,236,,35399,67417,,,7,2,2,|cFFFFD200Vendor: |rBreanni|n|cFFFFD200Zone: |rCrystalsong Forest|n|cFFFFD200Cost: |r50|TINTERFACE\MONEYFRAME\UI-GOLDICON.BLP:0|t
present,,,,1,237,,35397,67418,,,7,2,0,|cFFFFD200Drop: |rRavasaur Matriarch's Nest|n|cFFFFD200Zone: |rUn'goro Crater
present,,,,1,238,,35398,67419,,,7,2,0,|cFFFFD200Drop: |rRazormaw Matriarch's Nest|n|cFFFFD200Zone: |rWetlands
present,,,,1,239,,35394,67420,,,7,2,0,"|cFFFFD200Drop: |rWorld Drop|n|cFFFFD200Zone: |rNorthern Stranglethorn, The Cape of Stranglethorn"
present,,,,1,240,,35468,67527,,,5,16466,7,|cFFFFD200Promotion:|r Korea World Event
present,,,,1,241,,36482,68767,,,2,2,8,|cFFFFD200Trading Card Game:|r Scourgewar
present,,,,1,242,,36511,68810,,,5,2,8,|cFFFFD200Trading Card Game:|r Scourgewar
present,,,,1,243,,36607,69002,,,1,16466,5,|cFFFFD200Achievement: |rWoW's 5th Anniversary|n|cFFFFD200Category: |rFeats of Strength
present,,,,1,244,,36871,69452,,,6,82,7,|cFFFFD200Promotion:|r Authenticator Account Link|n
present,,,,1,245,,36908,69535,,,2,82,9,|cFFFFD200In-Game Shop|r
present,,,,1,246,,36909,69536,,,7,82,9,|cFFFFD200In-Game Shop|r
present,,,,1,247,,36910,69539,,,5,82,7,|cFFFFD200Promotion:|r Recruit-A-Friend
present,,,,1,248,,36911,69541,,,0,82,9,|cFFFFD200In-Game Shop|r
present,,,,1,249,,36979,69677,,,3,131154,9,|cFFFFD200In-Game Shop|r
present,,,,1,250,,37865,70613,,,4,82,5,|cFFFFD200Achievement: |rLooking For Multitudes|n|cFFFFD200Category: |rDungeons & Raids
present,,,,1,251,,38374,71840,,,5,131074,6,|cFFFFD200World Event:|r Love is in the Air
present,,,,1,253,,40198,74932,,,6,2,6,|cFFFFD200World Event:|r Midsummer Fire Festival
present,,,,1,254,,40295,75134,,,9,131074,2,|cFFFFD200Vendor: |rWorld Vendors|n|cFFFFD200Cost: |r50|TINTERFACE\MONEYFRAME\UI-GOLDICON.BLP:0|t
present,,,,1,255,,40624,75613,,,1,82,5,|cFFFFD200Achievement: |rLittlest Pet Shop|n|cFFFFD200Category: |rPet Battles
present,,,,1,256,,40703,75906,,,9,131154,9,|cFFFFD200In-Game Shop|r
present,,,,1,257,,40721,75936,,,0,34,-1,
present,,,,1,258,,42078,78381,,,9,82,7,|cFFFFD200Promotion:|r StarCraft II: Wings of Liberty Collector's Edition
present,,,,1,259,,42177,78683,,,2,18,1,|cFFFFD200Quest:|r Egg Wave|n|cFFFFD200Zone:|r Mount Hyjal|n|n
present,,,,1,260,,42183,78685,,,2,18,1,|cFFFFD200Quest:|r Egg Wave|n|cFFFFD200Zone:|r Mount Hyjal|n|n
present,,,,1,261,,43800,81937,,,9,2,3,|cFFFFD200Profession: |rEngineering
present,,,,1,262,,43916,82173,,,9,2,3,|cFFFFD200Profession: |rEngineering
present,,,,1,264,,45128,84263,,,3,131074,3,|cFFFFD200Profession: |rArchaeology
present,,,,1,265,,45247,84492,,,6,131154,5,|cFFFFD200Achievement: |rRock Lover|n|cFFFFD200Category: |rQuests
present,,,,1,266,,45340,84752,,,3,2,3,|cFFFFD200Profession: |rArchaeology
present,,,,1,267,,46898,93836,,,5,2,3,|cFFFFD200Profession:|r Cataclysm Enchanting (75)|n|cFFFFD200Formula:|r Enchanted Lantern
present,,,,1,268,,46896,87344,,,1,82,7,|cFFFFD200Promotion:|r Cataclysm Collector's Edition
present,,,,1,270,,47944,89039,,,6,82,2,"|cFFFFD200Vendor:|r Guild Vendor|n|cFFFFD200Zone:|r Stormwind, Orgrimmar|n|cFFFFD200Cost: |r300|TINTERFACE\MONEYFRAME\UI-GOLDICON.BLP:0|t|n"
present,,,,1,271,,48107,89472,,,2,2,2,|cFFFFD200Vendor: |rQuartermaster Brazie|n|cFFFFD200Zone: |rTol Barad Peninsula|n|cFFFFD200Faction: |rBaradin's Wardens - Honored|n|cFFFFD200Cost: |r50|TINTERFACE\ICONS\Achievement_Zone_TolBarad.blp:0|t
present,,,,1,272,,48242,89670,,,4,82,2,"|cFFFFD200Vendor:|r Guild Vendor|n|cFFFFD200Zone:|r Stormwind, Orgrimmar|n|cFFFFD200Cost: |r300|TINTERFACE\MONEYFRAME\UI-GOLDICON.BLP:0|t|n"
present,,,,1,277,,48609,90523,,,9,2,3,|cFFFFD200Profession: |rArchaeology
present,,,,1,278,,48641,90637,,,7,2,0,|cFFFFD200Drop: |rBaradin Fox|n|cFFFFD200Zone: |rTol Barad Peninsula
present,,,,1,279,,48982,91343,,,6,2,0,|cFFFFD200Drop: |rJadefang|n|cFFFFD200Zone: |rDeepholm
present,,,,1,280,,49586,92395,,,0,148119,2,"|cFFFFD200Vendor: |rGuild Vendor|n|cFFFFD200Zone:|r Stormwind, Orgrimmar|n|cFFFFD200Cost: |r300|TINTERFACE\MONEYFRAME\UI-GOLDICON.BLP:0|t|n|cFFFFD200Cooldown: |r8 hrs"
present,,,,1,281,,49588,92396,,,0,147863,2,"|cFFFFD200Vendor: |rGuild Vendor|n|cFFFFD200Zone:|r Stormwind, Orgrimmar|n|cFFFFD200Cost: |r300|TINTERFACE\MONEYFRAME\UI-GOLDICON.BLP:0|t|n|cFFFFD200Cooldown: |r8 hrs"
present,,,,1,282,,49587,92397,,,0,147607,2,"|cFFFFD200Vendor: |rGuild Vendor|n|cFFFFD200Zone:|r Stormwind, Orgrimmar|n|cFFFFD200Cost: |r500|TINTERFACE\MONEYFRAME\UI-GOLDICON.BLP:0|t|n|cFFFFD200Cooldown: |r4 hrs"
present,,,,1,283,,49590,92398,,,0,147607,2,"|cFFFFD200Vendor: |rGuild Vendor|n|cFFFFD200Zone:|r Stormwind, Orgrimmar|n|cFFFFD200Cost: |r500|TINTERFACE\MONEYFRAME\UI-GOLDICON.BLP:0|t|n|cFFFFD200Cooldown: |r4 hrs"
present,,,,1,285,,50468,93624,,,9,131074,8,|cFFFFD200Trading Card Game: |rWorldbreaker|n
present,,,,1,891,,66154,0,,,7,48,-1,
present,,,,1,286,,50586,93739,,,7,2,0,|cFFFFD200World Drop:|r Eastern Plaguelands (requires Fiona's Lucky Charm)
present,,,,1,287,,51632,93813,,,2,18,1,"|cFFFFD200Quest:|r SEVEN! YUP!, Not Fireflies, Flameflies|n|cFFFFD200Zone:|r Burning Steppes|n"
present,,,,1,289,,51635,93817,,,4,2,6,|cFFFFD200World Event:|r Children's Week
present,,,,1,291,,51090,93823,,,6,18,1,|cFFFFD200Quest:|r Lawn of the Dead|n|cFFFFD200Zone:|r Hillsbrad Foothills|n
present,,,,1,292,,50545,93837,,,5,2,3,|cFFFFD200Profession: |rEnchanting
present,,,,1,293,,50722,93838,,,6,2,0,"|cFFFFD200Drop:|r Elementium Vein, Rich Elementium Vein|n|cFFFFD200Zone:|r Deepholm, Twilight Highlands, Uldum"
present,,,,1,294,,51122,94070,,,0,82,7,|cFFFFD200Promotion:|r BlizzCon 2010
present,,,,1,296,,51601,95786,,,0,594,9,|cFFFFD200In-Game Shop:|r Alliance
present,,,,1,297,,51600,95787,,,6,131154,9,|cFFFFD200In-Game Shop|r
present,,,,1,298,,51649,95909,,,0,338,9,|cFFFFD200In-Game Shop:|r Horde
present,,,,1,301,,52226,96571,,,7,18,1,|cFFFFD200Quest:|r Some Good Will Come|n|cFFFFD200Zone:|r Northern Stranglethorn|n|n
present,,,,1,302,,52343,96817,,,3,131074,8,|cFFFFD200Trading Card Game:|r Worldbreaker
present,,,,1,303,,52344,96819,,,7,2,8,|cFFFFD200Trading Card Game:|r Twilight of the Dragons
present,,,,1,306,,52831,97638,,,7,2,2,|cFFFFD200Vendor: |rMichelle De Rum|n|cFFFFD200Zone: |rWinterspring|n|cFFFFD200Cost: |r50|TINTERFACE\MONEYFRAME\UI-GOLDICON.BLP:0|t
present,,,,1,307,,52894,97779,,,7,18,1,|cFFFFD200Quest: |rAn Old Friend|n|cFFFFD200Zone: |rZul'Gurub
present,,,,1,308,,53048,98079,,,5,2,6,|cFFFFD200World Event:|r Children's Week
present,,,,1,309,,53225,98571,,,2,2,3,|cFFFFD200Profession: |rArchaeology
present,,,,1,310,,53232,98587,,,3,2,3,|cFFFFD200Profession: |rArchaeology
present,,,,1,311,,53283,98736,,,2,2,9,|cFFFFD200In-Game Shop|r
present,,,,1,316,,53623,99578,,,2,4178,9,|cFFFFD200In-Game Shop|r
present,,,,1,317,,53658,99663,,,7,2,2,|cFFFFD200Vendor: |rVarlan Highbough|n|cFFFFD200Zone: |rMolten Front|n|cFFFFD200Cost: |r1500|TINTERFACE\MONEYFRAME\UI-GOLDICON.BLP:0|t
present,,,,1,318,,53661,99668,,,6,2,2,|cFFFFD200Vendor: |rAyla Shadowstorm|n|cFFFFD200Zone: |rMolten Front|n|cFFFFD200Cost: |r1500|TINTERFACE\MONEYFRAME\UI-GOLDICON.BLP:0|t
present,,,,1,319,,53884,100330,,,7,2,6,|cFFFFD200World Event:|r Hallow's End|n|cFFFFD200Vendor: |rWoim|n|cFFFFD200Zone: |rTirisfal Glades|n|cFFFFD200Cost: |r150|TINTERFACE\ICONS\achievement_halloween_candy_01:0|t|n|n|cFFFFD200Vendor: |rPippi|n|cFFFFD200Zone: |rStormwind City|n|cFFFFD200Cost: |r150|TINTERFACE\ICONS\achievement_halloween_candy_01:0|t
present,,,,1,320,,54027,100576,,,1,82,2,"|cFFFFD200Vendor: |rGuild Vendor|n|cFFFFD200Zone:|r Stormwind, Orgrimmar|n|cFFFFD200Cost: |r1500|TINTERFACE\MONEYFRAME\UI-GOLDICON.BLP:0|t|n"
present,,,,1,321,,54128,100684,,,3,131090,6,|cFFFFD200World Event:|r Hallow's End
present,,,,1,323,,54227,100970,,,4,82,5,|cFFFFD200Achievement: |rPetting Zoo|n|cFFFFD200Category: |rPet Battles
present,,,,1,325,,54374,101424,,,2,82,5,|cFFFFD200Achievement: |rMenagerie|n|cFFFFD200Category: |rPet Battles
present,,,,1,892,,66155,0,,,4,48,-1,
present,,,,1,328,,54383,101493,,,8,2,8,|cFFFFD200Trading Card Game:|r Throne of the Tides
present,,,,1,329,,54438,101606,,,0,82,7,|cFFFFD200Promotion:|r BlizzCon 2011
present,,,,1,330,,54491,101733,,,7,2,2,|cFFFFD200Vendor: |rLhara|n|cFFFFD200Zone: |rDarkmoon Island|n|cFFFFD200Cost: |r90|TINTERFACE\ICONS\inv_misc_ticket_darkmoon_01:0|t |n
present,,,,1,331,,54539,101986,,,2,131730,1,|cFFFFD200Quest:|r Blown Away|n|cFFFFD200Zone:|r Stormwind
present,,,,1,332,,54541,101989,,,2,131474,1,|cFFFFD200Quest:|r Blown Away|n|cFFFFD200Zone:|r Orgrimmar|n
present,,,,1,333,,54730,102317,,,0,2,8,|cFFFFD200Trading Card Game:|r Crown of the Heavens
present,,,,1,335,,54487,103074,,,8,2,2,|cFFFFD200Vendor: |rLhara|n|cFFFFD200Zone: |rDarkmoon Island|n|cFFFFD200Cost: |r90|TINTERFACE\ICONS\inv_misc_ticket_darkmoon_01:0|t 
present,,,,1,336,,55187,103076,,,2,144,2,|cFFFFD200Vendor: |rLhara|n|cFFFFD200Zone: |rDarkmoon Island|n|cFFFFD200Cost: |r90|TINTERFACE\ICONS\inv_misc_ticket_darkmoon_01:0|t |n
present,,,,1,337,,55215,103125,,,6,2,6,|cFFFFD200World Event:|r Feast of Winter Veil
present,,,,1,338,,55356,103544,,,9,131074,2,|cFFFFD200Vendor: |rLhara|n|cFFFFD200Zone: |rDarkmoon Island|n|cFFFFD200Cost: |r90|TINTERFACE\ICONS\inv_misc_ticket_darkmoon_01:0|t 
present,,,,1,339,,55367,103549,,,9,131074,2,|cFFFFD200Vendor: |rLhara|n|cFFFFD200Zone: |rDarkmoon Island|n|cFFFFD200Cost: |r90|TINTERFACE\ICONS\inv_misc_ticket_darkmoon_01:0|t 
present,,,,1,340,,55386,103588,,,8,2,3,|cFFFFD200Profession: |rFishing|n|cFFFFD200Zone: |rDarkmoon Island
present,,,,1,341,,55571,104047,,,5,2,6,|cFFFFD200World Event:|r Lunar Festival|n|cFFFFD200Vendor: |rValadar Starsong|n|cFFFFD200Zone: |rMoonglade|n|cFFFFD200Cost: |r50|TINTERFACE\ICONS\INV_Misc_ElvenCoins:0|t
present,,,,1,342,,55574,104049,,,5,2,6,|cFFFFD200World Event:|r Lunar Festival|n|cFFFFD200Vendor: |rValadar Starsong|n|cFFFFD200Zone: |rMoonglade|n|cFFFFD200Cost: |r50|TINTERFACE\ICONS\INV_Misc_ElvenCoins:0|t
present,,,,1,343,,56031,105122,,,7,2,2,|cFFFFD200Vendor: |rLhara|n|cFFFFD200Zone: |rDarkmoon Island|n|cFFFFD200Cost: |r90|TINTERFACE\ICONS\inv_misc_ticket_darkmoon_01:0|t |n
present,,,,1,344,,56082,105228,,,2,160,2,|cFFFFD200Vendor: |rCarl Goodup|n|cFFFFD200Zone: |rDarkmoon Island|n|cFFFFD200Cost: |r10|TINTERFACE\MONEYFRAME\UI-SILVERICON.BLP:0|t
present,,,,1,345,,56083,105229,,,2,160,2,|cFFFFD200Vendor: |rCarl Goodup|n|cFFFFD200Zone: |rDarkmoon Island|n|cFFFFD200Cost: |r10|TINTERFACE\MONEYFRAME\UI-SILVERICON.BLP:0|t
present,,,,1,346,,56266,105633,,,3,82,7,|cFFFFD200Promotion:|r Diablo 3 Collector's Edition
present,,,,1,347,,58163,110029,,,1,82,9,|cFFFFD200In-Game Shop|r
present,,,,1,348,,59020,112994,,,3,2,8,|cFFFFD200Trading Card Game: |rTimewalkers: War of the Ancients|n
present,,,,1,354,,59216,0,,,5,32,-1,
present,,,,1,374,,60649,0,,,4,26,4,|cFFFFD200Pet Battle:|r Elwynn Forest
present,,,,1,375,,62626,0,,,3,56,-1,
present,,,,1,378,,61080,0,,,4,26,4,"|cFFFFD200Pet Battle: |rAzshara, Blade's Edge Mountains, Crystalsong Forest, Darkshore, Dun Morogh, Duskwood, Elwynn Forest, Eversong Woods (Burning Crusade), Feralas, Highmountain, Hillsbrad Foothills, Howling Fjord, Moonglade, Mount Hyjal, Mulgore, Nagrand, Redridge Mountains, Silvermoon City (Burning Crusade), Silverpine Forest, Stonetalon Mountains, Stormwind City, Tirisfal Glades, Western Plaguelands, Westfall, Wetlands"
present,,,,1,379,,61081,0,,,4,26,4,"|cFFFFD200Pet Battle: |rAmmen Vale, Ashenvale, Azshara, Blade's Edge Mountains, Crystalsong Forest, Darkshore, Dun Morogh, Duskwood, Dustwallow Marsh, Elwynn Forest, Feralas, Gilneas, Highmountain, Hillsbrad Foothills, Howling Fjord, Loch Modan, Magisters' Terrace (Burning Crusade), Moonglade, Mount Hyjal, Nagrand, Ruins of Gilneas, Sholazar Basin, Silverpine Forest, Spires of Arak, Stormwind City, Teldrassil, Terokkar Forest, Tol Barad Peninsula, Twilight Highlands, Val'sharah, Well of Eternity, Western Plaguelands, Westfall, Wetlands, Zul'Aman (Dungeon)"
present,,,,1,380,,62992,0,,,7,26,4,|cFFFFD200Pet Battle: |rThe Jade Forest
present,,,,1,381,,61086,118414,,,4,2,0,|cFFFFD200Drop:|r Sack of Pet Supplies|n
present,,,,1,382,,61087,231215,,,1,2,0,|cFFFFD200Drop:|r Oddly-Colored Egg|n
present,,,,1,383,,61088,0,,,8,26,4,|cFFFFD200Pet Battle: |rVale of Eternal Blossoms
present,,,,1,384,,61089,118419,,,8,32,-1,
present,,,,1,385,,61143,0,,,4,26,4,"|cFFFFD200Pet Battle: |rDuskwood, Dustwallow Marsh, Grizzly Hills, Mulgore, Netherstorm, Westfall, Wetlands"
present,,,,1,386,,61141,0,,,4,24,4,"|cFFFFD200Pet Battle: |rArathi Highlands, Mulgore, Nagrand, Northern Barrens, Southern Barrens, Thunder Bluff, Westfall"
present,,,,1,387,,61142,0,,,7,26,4,"|cFFFFD200Pet Battle: |rDustwallow Marsh, Eversong Woods (Burning Crusade), Feralas, Ghostlands, Howling Fjord, Loch Modan, Nagrand, Northern Stranglethorn, Sholazar Basin, Silverpine Forest, Terokkar Forest, Westfall, Zangarmarsh, Zul'Drak"
present,,,,1,388,,61158,0,,,8,26,4,"|cFFFFD200Pet Battle: |rAzshara, Borean Tundra, Howling Fjord, Krasarang Wilds, Nagrand (Draenor), Twilight Highlands, Westfall, The Waking Shores, The Azure Span"
present,,,,1,389,,61160,0,,,9,26,4,|cFFFFD200Pet Battle: |rWestfall
present,,,,1,390,,61750,0,,,4,160,-1,
present,,,,1,391,,61167,0,,,4,26,4,"|cFFFFD200Pet Battle: |rHighmountain, Redridge Mountains"
present,,,,1,392,,61168,0,,,4,26,4,|cFFFFD200Pet Battle: |rRedridge Mountains
present,,,,1,393,,61384,0,,,4,26,4,"|cFFFFD200Pet Battle: |rBurning Steppes, Eastern Plaguelands, Gorgrond, Icecrown, Iron Docks, The Hinterlands, Twilight Highlands, Un'Goro Crater, Wetlands"
present,,,,1,394,,61170,0,,,4,58,-1,
present,,,,1,395,,61171,0,,,2,26,4,|cFFFFD200Pet Battle: |rRedridge Mountains
present,,,,1,396,,61253,0,,,7,26,4,|cFFFFD200Pet Battle: |rDuskwood
present,,,,1,397,,61255,0,,,4,26,4,"|cFFFFD200Pet Battle: |rAmmen Vale, Azshara, Bloodmyst Isle, Duskwood, Gilneas, Howling Fjord, Nagrand (Draenor), Terokkar Forest|n"
present,,,,1,398,,61257,0,,,4,26,4,"|cFFFFD200Pet Battle: |rBadlands, Duskwood, Dustwallow Marsh, Eastern Plaguelands, Thousand Needles, Twilight Highlands, Western Plaguelands, Wetlands|n"
present,,,,1,399,,61258,0,,,7,26,4,|cFFFFD200Pet Battle: |rDuskwood
present,,,,1,400,,61259,0,,,7,26,4,|cFFFFD200Pet Battle: |rDuskwood|n|cFFFFD200Time: |rNight
present,,,,1,401,,61312,0,,,8,26,4,"|cFFFFD200Pet Battle: |rDarkshore, Dragonblight, Dun Morogh, Gilneas, Kezan, Northern Stranglethorn, Spires of Arak, Swamp of Sorrows, The Cape of Stranglethorn, The Lost Isles"
present,,,,1,402,,61370,0,,,2,26,4,|cFFFFD200Pet Battle: |rSwamp of Sorrows
present,,,,1,403,,61313,0,,,2,26,4,"|cFFFFD200Pet Battle: |rNorthern Stranglethorn, Swamp of Sorrows, The Cape of Stranglethorn, Un'Goro Crater"
present,,,,1,404,,61317,0,,,4,26,4,"|cFFFFD200Pet Battle: |rDun Morogh, Northern Stranglethorn, The Cape of Stranglethorn, Un'Goro Crater"
present,,,,1,405,,61318,0,,,7,26,4,"|cFFFFD200Pet Battle: |rNorthern Stranglethorn, Tanaan Jungle, The Cape of Stranglethorn, Un'Goro Crater"
present,,,,1,406,,61319,0,,,4,26,4,"|cFFFFD200Pet Battle: |rBadlands, Eastern Plaguelands, Felwood, Northern Stranglethorn, Silithus, The Cape of Stranglethorn, Un'Goro Crater, The Waking Shores, The Azure Span, Thaldraszus"
present,,,,1,893,,66156,0,,,7,48,-1,
present,,,,1,407,,61320,0,,,7,26,4,"|cFFFFD200Pet Battle: |rHighmountain, Northern Stranglethorn, Shadowmoon Valley, The Cape of Stranglethorn"
present,,,,1,408,,61321,0,,,7,26,4,"|cFFFFD200Pet Battle: |rNorthern Stranglethorn, The Cape of Stranglethorn"
present,,,,1,409,,61322,0,,,2,26,4,|cFFFFD200Pet Battle: |rNorthern Stranglethorn
present,,,,1,410,,61323,0,,,4,26,4,"|cFFFFD200Pet Battle: |rIron Docks, The Cape of Stranglethorn, Tol Barad Peninsula"
present,,,,1,411,,61324,0,,,7,26,4,|cFFFFD200Pet Battle: |rThe Cape of Stranglethorn|n|cFFFFD200Weather: |rRain
present,,,,1,412,,61327,0,,,7,26,4,"|cFFFFD200Pet Battle: |rAhn'kahet: The Old Kingdom, Azjol-Nerub, Azshara, Black Temple, Blasted Lands, Drak'Tharon Keep, Dun Morogh, Dustwallow Marsh, Eastern Plaguelands, Elwynn Forest, Ghostlands, Gilneas, Gilneas City, Halls of Reflection, Hillsbrad Foothills, Howling Fjord, Icecrown Citadel, Karazhan, Naxxramas, Orgrimmar, Pit of Saron, Ruins of Gilneas, Shadowmoon Valley (Draenor), Stonetalon Mountains, Swamp of Sorrows, Teldrassil, The Culling of Stratholme, The Forge of Souls, The Hinterlands, The Storm Peaks, The Violet Hold, Tirisfal Glades, Utgarde Keep, Utgarde Pinnacle, Winterspring, Zul'Aman (Dungeon), Zul'Drak"
present,,,,1,414,,61326,0,,,7,24,4,"|cFFFFD200Pet Battle: |rBlade's Edge Mountains, Blasted Lands, Burning Steppes, Eastern Plaguelands, Hellfire Peninsula, Orgrimmar, Shadowmoon Valley, Silithus, Thousand Needles, Twilight Highlands"
present,,,,1,415,,61328,0,,,4,26,4,"|cFFFFD200Pet Battle: |rBlasted Lands, Burning Steppes, Mount Hyjal, Searing Gorge, Un'Goro Crater, The Waking Shores"
present,,,,1,416,,61329,0,,,7,26,4,|cFFFFD200Pet Battle: |rBlasted Lands
present,,,,1,417,,61366,0,,,4,26,4,"|cFFFFD200Pet Battle: |rAmmen Vale, Arathi Basin, Arathi Highlands, Ashenvale, Azshara, Bloodmyst Isle, Crystalsong Forest, Darkshore, Desolace, Drak'Tharon Keep, Dun Morogh, Frostfire Ridge, Ghostlands, Gilneas, Gilneas City, Highmountain, Hillsbrad Foothills, Howling Fjord, Karazhan, Loch Modan, Nagrand, Naxxramas, Ruins of Gilneas, Scarlet Monastery, Shattrath City, Silverpine Forest, Spires of Arak, Stonetalon Mountains, Stormwind City, Sunken Temple, Swamp of Sorrows, Terokkar Forest, The Cape of Stranglethorn, The Culling of Stratholme, The Deadmines, The Hinterlands, The Lost Isles, The Shattered Halls, The Violet Hold, Timeless Isle, Tirisfal Glades, Tanaan Jungle, The Waking Shores, The Azure Span, Siren Isle"
present,,,,1,418,,61367,0,,,7,26,4,"|cFFFFD200Pet Battle: |rDurotar, Northern Stranglethorn, Orgrimmar, Swamp of Sorrows, Twilight Highlands, Wetlands"
present,,,,1,419,,61071,0,,,8,26,4,"|cFFFFD200Pet Battle: |rArathi Highlands, Darnassus, Desolace, Elwynn Forest, Eversong Woods (Burning Crusade), Ghostlands, Loch Modan, Northern Barrens, Southern Barrens, Swamp of Sorrows, Teldrassil, Zangarmarsh"
present,,,,1,420,,61369,0,,,8,26,4,"|cFFFFD200Pet Battle: |rAshenvale,  Durotar, Dustwallow Marsh, Eversong Woods (Burning Crusade), Felwood, Ghostlands, Hillsbrad Foothills, Howling Fjord, Nagrand, Orgrimmar, Silverpine Forest, Swamp of Sorrows, Teldrassil, Twilight Highlands, Wetlands"
present,,,,1,421,,61314,0,,,2,26,4,"|cFFFFD200Pet Battle: |rNorthern Stranglethorn, The Cape of Stranglethorn"
present,,,,1,422,,61372,0,,,7,26,4,|cFFFFD200Pet Battle: |rSwamp of Sorrows
present,,,,1,423,,61383,0,,,6,26,4,"|cFFFFD200Pet Battle: |rBurning Steppes, Searing Gorge"
present,,,,1,424,,61169,0,,,4,26,4,"|cFFFFD200Pet Battle: |rAshenvale, Azshara, Desolace, Dun Morogh, Duskwood, Gilneas, Gilneas City, Howling Fjord, Icecrown Citadel, Kezan, Loch Modan, Northern Stranglethorn, Razorfen Downs, Redridge Mountains, Stonetalon Mountains, The Cape of Stranglethorn, The Culling of Stratholme, Thousand Needles, Tirisfal Glades|n"
present,,,,1,425,,61385,0,,,7,26,4,"|cFFFFD200Pet Battle: |rBurning Steppes, Shadowmoon Valley"
present,,,,1,427,,61420,0,,,7,26,4,"|cFFFFD200Pet Battle: |rSearing Gorge, Talador"
present,,,,1,428,,61425,0,,,7,26,4,|cFFFFD200Pet Battle: |rSearing Gorge
present,,,,1,429,,61386,0,,,4,26,4,|cFFFFD200Pet Battle: |rBurning Steppes
present,,,,1,430,,61438,0,,,4,26,4,"|cFFFFD200Pet Battle: |rBadlands, Gorgrond, Tanaris"
present,,,,1,894,,66329,0,,,2,48,-1,
present,,,,1,895,,66330,0,,,4,48,-1,
present,,,,1,431,,61439,0,,,7,26,4,"|cFFFFD200Pet Battle: |rBadlands, Tanaris, Twilight Highlands"
present,,,,1,432,,61440,0,,,7,24,4,"|cFFFFD200Pet Battle: |rBadlands, Tanaris, Terokkar Forest"
present,,,,1,433,,61441,0,,,7,26,4,"|cFFFFD200Pet Battle: |rBadlands, Silithus"
present,,,,1,434,,61456,0,,,7,160,4,"|cFFFFD200Pet Battle: |rArathi Highlands, Hillsbrad Foothills, Loch Modan, Ruins of Gilneas, Wetlands"
present,,,,1,437,,61459,0,,,7,26,4,|cFFFFD200Pet Battle: |rLoch Modan
present,,,,1,438,,61443,0,,,7,26,4,|cFFFFD200Pet Battle: |rBadlands
present,,,,1,439,,61375,0,,,3,26,4,|cFFFFD200Pet Battle: |rDeadwind Pass|n|cFFFFD200Time: |rEarly Morning
present,,,,1,440,,61689,0,,,7,26,4,|cFFFFD200Pet Battle: |rDun Morogh
present,,,,1,441,,61690,0,,,4,26,4,"|cFFFFD200Pet Battle: |rDun Morogh, Winterspring"
present,,,,1,442,,61691,0,,,4,26,4,|cFFFFD200Pet Battle: |rDun Morogh
present,,,,1,443,,61704,0,,,4,26,4,|cFFFFD200Pet Battle: |rArathi Highlands
present,,,,1,444,,61708,0,,,4,56,-1,
present,,,,1,445,,61703,0,,,6,26,4,|cFFFFD200Pet Battle: |rArathi Highlands
present,,,,1,446,,61718,0,,,5,26,4,|cFFFFD200Pet Battle: |rThe Hinterlands
present,,,,1,447,,61165,0,,,4,26,4,"|cFFFFD200Pet Battle: |rElwynn Forest, Teldrassil"
present,,,,1,448,,61751,0,,,4,26,4,"|cFFFFD200Pet Battle: |rArathi Highlands, Durotar, The Hinterlands"
present,,,,1,449,,61752,0,,,4,26,4,"|cFFFFD200Pet Battle: |rBlade's Edge Mountains, Gorgrond, The Hinterlands"
present,,,,1,450,,61753,0,,,7,26,4,"|cFFFFD200Pet Battle: |rAshenvale, Ghostlands, Hillsbrad Foothills, Howling Fjord, The Hinterlands, Tirisfal Glades, Tanaan Jungle"
present,,,,1,452,,61757,0,,,4,26,4,"|cFFFFD200Pet Battle: |rDarnassus, Desolace, Hillsbrad Foothills, Talador, Teldrassil"
present,,,,1,453,,61758,0,,,3,26,4,|cFFFFD200Pet Battle: |rHillsbrad Foothills
present,,,,1,454,,61889,0,,,4,26,4,|cFFFFD200Pet Battle: |rTirisfal Glades
present,,,,1,455,,61890,0,,,3,26,4,|cFFFFD200Pet Battle: |rSilverpine Forest
present,,,,1,456,,61826,0,,,3,26,4,|cFFFFD200Pet Battle: |rWestern Plaguelands
present,,,,1,457,,61830,0,,,7,26,4,|cFFFFD200Pet Battle: |rEastern Plaguelands
present,,,,1,458,,61905,0,,,3,26,4,|cFFFFD200Pet Battle: |rTirisfal Glades
present,,,,1,459,,62019,0,,,7,26,4,"|cFFFFD200Pet Battle: |rArathi Highlands, Elwynn Forest, Eversong Woods (Burning Crusade), Netherstorm, Silvermoon City (Burning Crusade)"
present,,,,1,460,,62020,0,,,6,26,4,|cFFFFD200Pet Battle: |rEversong Woods (Burning Crusade)
present,,,,1,461,,62022,0,,,7,26,4,|cFFFFD200Pet Battle: |rGhostlands
present,,,,1,462,,62035,89472,,,2,32,2,|cFFFFD200Vendor: |rQuartermaster Brazie|n|cFFFFD200Zone: |rTol Barad Peninsula|n|cFFFFD200Faction: |rBaradin's Wardens - Honored
present,,,,1,463,,62034,0,,,3,26,4,|cFFFFD200Pet Battle: |rGhostlands
present,,,,1,896,,66331,0,,,8,48,-1,
present,,,,1,897,,66333,0,,,7,48,-1,
present,,,,1,464,,62050,0,,,2,26,4,|cFFFFD200Pet Battle: |rAzuremyst Isle
present,,,,1,465,,62051,0,,,7,26,4,|cFFFFD200Pet Battle: |rBloodmyst Isle
present,,,,1,466,,62114,0,,,7,26,4,"|cFFFFD200Pet Battle: |rDurotar, Orgrimmar"
present,,,,1,467,,62115,0,,,4,26,4,"|cFFFFD200Pet Battle: |rDurotar, Orgrimmar, Uldum"
present,,,,1,468,,62116,0,,,4,26,4,|cFFFFD200Pet Battle: |rDurotar
present,,,,1,469,,62118,0,,,4,26,4,"|cFFFFD200Pet Battle: |rAzshara, Deepholm, Mount Hyjal"
present,,,,1,470,,62117,0,,,7,26,4,"|cFFFFD200Pet Battle: |rAzshara, Deepholm, Twilight Highlands"
present,,,,1,471,,62119,0,,,9,26,4,"|cFFFFD200Pet Battle: |rAzshara, Orgrimmar, Winterspring|n"
present,,,,1,472,,62120,0,,,9,26,4,"|cFFFFD200Pet Battle: |rAzshara, Stonetalon Mountains, Winterspring|n"
present,,,,1,473,,62121,0,,,8,26,4,|cFFFFD200Pet Battle: |rAzshara
present,,,,1,474,,62129,0,,,7,26,4,|cFFFFD200Pet Battle: |rNorthern Barrens
present,,,,1,475,,62130,0,,,7,26,4,|cFFFFD200Pet Battle: |rSouthern Barrens
present,,,,1,476,,62163,0,,,4,160,4,"|cFFFFD200Pet Battle: |rDesolace, Mulgore, Northern Barrens, Southern Barrens"
present,,,,1,477,,62176,0,,,4,26,4,|cFFFFD200Pet Battle: |rMulgore
present,,,,1,478,,62177,0,,,2,26,4,"|cFFFFD200Pet Battle: |rAshenvale, Darnassus, Desolace, Moonglade, Mount Hyjal, Teldrassil"
present,,,,1,479,,62178,0,,,4,26,4,"|cFFFFD200Pet Battle: |rDarnassus, Desolace, Mount Hyjal, Teldrassil"
present,,,,1,480,,62181,0,,,6,26,4,"|cFFFFD200Pet Battle: |rDeepholm, Desolace|n"
present,,,,1,482,,62184,0,,,7,26,4,"|cFFFFD200Pet Battle: |rBlade's Edge Mountains, Desolace, Mount Hyjal, Silithus"
present,,,,1,483,,62185,0,,,8,26,4,"|cFFFFD200Pet Battle: |rDesolace, Tanaan Jungle"
present,,,,1,484,,62186,0,,,7,26,4,"|cFFFFD200Pet Battle: |rDesolace, Silithus, Tanaris, Uldum"
present,,,,1,485,,62187,0,,,4,26,4,|cFFFFD200Pet Battle: |rDesolace|n|cFFFFD200Time: |rNight|n
present,,,,1,486,,62188,0,,,4,160,4,|cFFFFD200Pet Battle: |rStonetalon Mountains
present,,,,1,487,,62189,0,,,4,26,4,"|cFFFFD200Pet Battle: |rHighmountain, Mount Hyjal, Stonetalon Mountains, Winterspring, The Azure Span|n"
present,,,,1,488,,62190,0,,,7,26,4,|cFFFFD200Pet Battle: |rStonetalon Mountains
present,,,,1,489,,62201,0,,,1,26,4,|cFFFFD200Pet Battle: |rDustwallow Marsh
present,,,,1,491,,62257,0,,,7,26,4,|cFFFFD200Pet Battle: |rTanaris
present,,,,1,492,,62256,0,,,4,26,4,|cFFFFD200Pet Battle: |rTanaris
present,,,,1,493,,62246,0,,,4,26,4,|cFFFFD200Pet Battle: |rDarkshore
present,,,,1,494,,62258,0,,,7,26,4,|cFFFFD200Pet Battle: |rTanaris|n|cFFFFD200Weather: |rSandstorm
present,,,,1,495,,62312,0,,,8,26,4,|cFFFFD200Pet Battle: |rAshenvale
present,,,,1,898,,66334,0,,,4,48,-1,
present,,,,1,496,,62313,0,,,4,26,4,|cFFFFD200Pet Battle: |rAshenvale
present,,,,1,497,,62314,0,,,4,26,4,"|cFFFFD200Pet Battle: |rFelwood, Shadowmoon Valley"
present,,,,1,498,,62315,0,,,2,26,4,|cFFFFD200Pet Battle: |rFelwood
present,,,,1,499,,62316,0,,,4,26,4,|cFFFFD200Pet Battle: |rFelwood
present,,,,1,500,,62317,0,,,5,26,4,|cFFFFD200Pet Battle: |rFelwood
present,,,,1,502,,62370,0,,,8,26,4,|cFFFFD200Pet Battle: |rUn'Goro Crater
present,,,,1,503,,62373,0,,,2,26,4,"|cFFFFD200Pet Battle: |rMoonglade, Mount Hyjal, Un'Goro Crater"
present,,,,1,504,,62375,0,,,7,26,4,|cFFFFD200Pet Battle: |rUn'Goro Crater
present,,,,1,505,,62255,0,,,7,26,4,|cFFFFD200Pet Battle: |rThousand Needles
present,,,,1,506,,62191,0,,,7,26,4,|cFFFFD200Pet Battle: |rStonetalon Mountains
present,,,,1,507,,62242,0,,,2,26,4,|cFFFFD200Pet Battle: |rTeldrassil
present,,,,1,508,,62250,0,,,7,26,4,|cFFFFD200Pet Battle: |rDarkshore
present,,,,1,509,,61686,0,,,6,26,4,|cFFFFD200Pet Battle: |rWetlands
present,,,,1,510,,62434,0,,,9,34,4,"|cFFFFD200Pet Battle: |rKezan, Winterspring"
present,,,,1,511,,62523,0,,,7,26,4,"|cFFFFD200Pet Battle: |rSilithus, Uldum"
present,,,,1,512,,62524,0,,,4,26,4,|cFFFFD200Pet Battle: |rSilithus
present,,,,1,513,,62526,0,,,0,26,4,|cFFFFD200Pet Battle: |rSilithus|n|cFFFFD200Season: |rSummer
present,,,,1,514,,62555,0,,,0,26,4,|cFFFFD200Pet Battle: |rHellfire Peninsula
present,,,,1,515,,62564,0,,,0,26,4,|cFFFFD200Pet Battle: |rZangarmarsh
present,,,,1,517,,62583,0,,,7,26,4,|cFFFFD200Pet Battle: |rTerokkar Forest
present,,,,1,518,,62620,0,,,7,26,4,|cFFFFD200Pet Battle: |rNagrand
present,,,,1,519,,62621,0,,,6,26,4,"|cFFFFD200Pet Battle: |rShadowmoon Valley, Tanaan Jungle"
present,,,,1,521,,62627,0,,,2,26,4,|cFFFFD200Pet Battle: |rNetherstorm
present,,,,1,523,,62640,0,,,7,26,4,|cFFFFD200Pet Battle: |rHowling Fjord
present,,,,1,525,,62648,0,,,2,26,4,|cFFFFD200Pet Battle: |rHowling Fjord
present,,,,1,528,,62628,0,,,7,26,4,|cFFFFD200Pet Battle: |rBlade's Edge Mountains
present,,,,1,529,,62669,0,,,7,26,4,|cFFFFD200Pet Battle: |rHowling Fjord
present,,,,1,530,,62697,0,,,5,26,4,|cFFFFD200Pet Battle: |rBorean Tundra
present,,,,1,532,,62816,0,,,7,26,4,|cFFFFD200Pet Battle: |rSholazar Basin
present,,,,1,534,,62819,0,,,2,26,4,|cFFFFD200Pet Battle: |rGrizzly Hills
present,,,,1,535,,62820,0,,,6,26,4,|cFFFFD200Pet Battle: |rZul'Drak
present,,,,1,536,,62835,0,,,8,26,4,"|cFFFFD200Pet Battle: |rBorean Tundra, Dragonblight"
present,,,,1,537,,62852,0,,,2,26,4,|cFFFFD200Pet Battle: |rDragonblight
present,,,,1,538,,62854,0,,,3,26,4,|cFFFFD200Pet Battle: |rIcecrown
present,,,,1,539,,62884,0,,,4,26,4,|cFFFFD200Pet Battle: |rMount Hyjal
present,,,,1,540,,62885,0,,,4,26,4,|cFFFFD200Pet Battle: |rMount Hyjal
present,,,,1,541,,62886,0,,,4,26,4,"|cFFFFD200Pet Battle: |rFrostfire Ridge, Mount Hyjal"
present,,,,1,542,,62892,0,,,8,26,4,|cFFFFD200Pet Battle: |rUldum
present,,,,1,543,,62893,0,,,4,26,4,|cFFFFD200Pet Battle: |rUldum
present,,,,1,544,,62895,0,,,2,26,4,|cFFFFD200Pet Battle: |rUldum
present,,,,1,545,,62896,0,,,7,24,4,|cFFFFD200Pet Battle: |rUldum
present,,,,1,546,,62899,0,,,4,26,4,|cFFFFD200Pet Battle: |rUldum
present,,,,1,547,,62888,0,,,5,26,4,|cFFFFD200Pet Battle: |rMount Hyjal
present,,,,1,548,,62900,0,,,2,26,4,|cFFFFD200Pet Battle: |rTwilight Highlands
present,,,,1,549,,62904,0,,,4,26,4,|cFFFFD200Pet Battle: |rTwilight Highlands
present,,,,1,550,,62905,0,,,4,26,4,"|cFFFFD200Pet Battle: |rStormheim, The Azure Span, The Cape of Stranglethorn, Twilight Highlands"
present,,,,1,552,,62914,0,,,5,26,4,|cFFFFD200Pet Battle: |rTwilight Highlands
present,,,,1,553,,62921,0,,,4,26,4,|cFFFFD200Pet Battle: |rDeepholm
present,,,,1,554,,62922,0,,,6,26,4,|cFFFFD200Pet Battle: |rDeepholm
present,,,,1,555,,62924,0,,,4,26,4,|cFFFFD200Pet Battle: |rDeepholm
present,,,,1,556,,62925,0,,,4,26,4,|cFFFFD200Pet Battle: |rDeepholm
present,,,,1,557,,62395,0,,,1,26,4,|cFFFFD200Pet Battle: |rFeralas
present,,,,1,558,,62864,0,,,7,26,4,|cFFFFD200Pet Battle: |rThe Storm Peaks|n|cFFFFD200Weather: |rSnow
present,,,,1,559,,62927,0,,,6,26,4,|cFFFFD200Pet Battle: |rDeepholm
present,,,,1,560,,62953,0,,,2,26,4,"|cFFFFD200Pet Battle: |rFrostwall, Krasarang Wilds, Talador, Tanaris"
present,,,,1,562,,62991,0,,,7,26,4,|cFFFFD200Pet Battle:|r The Jade Forest|n
present,,,,1,564,,62994,0,,,8,26,4,|cFFFFD200Pet Battle: |rThe Jade Forest
present,,,,1,565,,62997,0,,,8,26,4,|cFFFFD200Pet Battle: |rThe Jade Forest
present,,,,1,566,,62998,0,,,8,26,4,|cFFFFD200Pet Battle: |rThe Jade Forest
present,,,,1,567,,62999,0,,,7,26,4,|cFFFFD200Pet Battle: |rThe Jade Forest
present,,,,1,568,,63001,0,,,4,26,4,"|cFFFFD200Pet Battle: |rGorgrond, Spires of Arak, Talador, The Jade Forest"
present,,,,1,569,,63002,0,,,8,26,4,"|cFFFFD200Pet Battle: |rAzsuna, Highmountain, The Jade Forest"
present,,,,1,570,,63003,0,,,4,26,4,|cFFFFD200Pet Battle: |rThe Jade Forest
present,,,,1,571,,63004,0,,,7,26,4,|cFFFFD200Pet Battle: |rThe Jade Forest
present,,,,1,572,,63005,0,,,8,26,4,|cFFFFD200Pet Battle: |rThe Jade Forest
present,,,,1,573,,63006,0,,,2,26,4,|cFFFFD200Pet Battle: |rThe Jade Forest
present,,,,1,626,,61829,0,,,2,26,4,"|cFFFFD200Pet Battle: |rEastern Plaguelands, Mount Hyjal, Tirisfal Glades"
present,,,,1,627,,61828,0,,,3,26,4,"|cFFFFD200Pet Battle: |rBloodmyst Isle, Eastern Plaguelands, Silverpine Forest"
present,,,,1,628,,61827,0,,,3,26,4,"|cFFFFD200Pet Battle: |rBloodmyst Isle, Eastern Plaguelands, Silverpine Forest"
present,,,,1,629,,63097,123212,,,8,2,2,|cFFFFD200Vendor: |rMatty|n|cFFFFD200Zone: |rOrgrimmar
present,,,,1,630,,63098,123214,,,2,2,2,|cFFFFD200Vendor:|r Will Larsons|n|cFFFFD200Zone:|r Darkshore
present,,,,1,631,,62127,0,,,7,26,4,"|cFFFFD200Pet Battle: |rNorthern Barrens, Southern Barrens, Uldum, Un'Goro Crater"
present,,,,1,632,,62364,0,,,7,26,4,"|cFFFFD200Pet Battle: |rMount Hyjal, Un'Goro Crater"
present,,,,1,633,,61677,0,,,4,26,4,"|cFFFFD200Pet Battle: |rGrizzly Hills, Stonetalon Mountains, The Storm Peaks, Wetlands, Winterspring"
present,,,,1,634,,62435,0,,,7,26,4,|cFFFFD200Pet Battle: |rWinterspring
present,,,,1,635,,61325,0,,,7,26,4,"|cFFFFD200Pet Battle: |rBlasted Lands, Durotar, Hellfire Peninsula, Nagrand, Northern Barrens, Northern Stranglethorn, Southern Barrens, The Waking Shores, The Azure Span|n"
present,,,,1,637,,62638,0,,,7,26,4,|cFFFFD200Pet Battle: |rBlade's Edge Mountains
present,,,,1,638,,62625,0,,,4,26,4,|cFFFFD200Pet Battle: |rNetherstorm
present,,,,1,639,,62695,0,,,4,24,4,|cFFFFD200Pet Battle: |rBorean Tundra
present,,,,1,640,,61755,0,,,4,26,4,|cFFFFD200Pet Battle: |rHillsbrad Foothills
present,,,,1,641,,62693,0,,,4,26,4,"|cFFFFD200Pet Battle:|r Borean Tundra, Dragonblight, The Storm Peaks, Zul'Drak, The Azure Span|n"
present,,,,1,644,,62641,0,,,4,26,4,|cFFFFD200Pet Battle: |rHowling Fjord
present,,,,1,645,,62906,0,,,2,26,4,|cFFFFD200Pet Battle: |rTwilight Highlands
present,,,,1,646,,62664,0,,,2,26,4,"|cFFFFD200Pet Battle: |rDuskwood, Dustwallow Marsh, Elwynn Forest, Hillsbrad Foothills, Howling Fjord, Redridge Mountains, Terokkar Forest, Tirisfal Glades, Westfall, Wetlands|n"
present,,,,1,647,,62818,0,,,4,26,4,"|cFFFFD200Pet Battle: |rGrizzly Hills, Twilight Highlands"
present,,,,1,648,,61368,0,,,8,26,4,"|cFFFFD200Pet Battle: |rHillsbrad Foothills, Swamp of Sorrows, Twilight Highlands, Zul'Drak"
present,,,,1,649,,62815,0,,,8,26,4,|cFFFFD200Pet Battle: |rSholazar Basin|n
present,,,,1,650,,63365,123778,,,6,2,0,|cFFFFD200Drop: |rWorld Drop|n|cFFFFD200Zone: |rValley of the Four Winds
present,,,,1,652,,63559,124000,,,8,2,2,|cFFFFD200Vendor: |rNat Pagle|n|cFFFFD200Zone: |rKrasarang Wilds|n|cFFFFD200Faction: |rThe Anglers - Honored|n|cFFFFD200Cost: |r250|TINTERFACE\MONEYFRAME\UI-GOLDICON.BLP:0|t
present,,,,1,665,,54745,102353,,,4,2,8,|cFFFFD200Trading Card Game: |rTomb of the Forgotten|n
present,,,,1,820,,64232,127815,,,4,82,4,|cFFFFD200Achievement: |rPro Pet Mob|n|cFFFFD200Category: |rPet Battle
present,,,,1,666,,63724,249870,,,9,131154,5,|cFFFFD200Achievement:|r Glory of the Tomb Raider|n
present,,,,1,671,,63832,124660,,,4,82,7,|cFFFFD200Promotion:|r Mists of Pandaria Collector's Edition Pet
present,,,,1,675,,62954,0,,,4,26,4,"|cFFFFD200Pet Battle: |rElwynn Forest, Stormwind City|n"
present,,,,1,677,,64246,0,,,4,26,4,|cFFFFD200Pet Battle: |rValley of the Four Winds
present,,,,1,678,,63304,0,,,7,26,4,|cFFFFD200Pet Battle: |rKrasarang Wilds
present,,,,1,679,,64248,0,,,7,26,4,|cFFFFD200Pet Battle:|r Kun-Lai Summit|n
present,,,,1,680,,63953,0,,,8,26,4,|cFFFFD200Pet Battle:|r Townlong Steppes|n
present,,,,1,699,,63715,0,,,7,26,4,|cFFFFD200Pet Battle:|r The Jade Forest|n
present,,,,1,702,,63919,0,,,8,26,4,"|cFFFFD200Pet Battle: |rGorgrond, The Jade Forest"
present,,,,1,703,,63716,0,,,4,26,4,|cFFFFD200Pet Battle: |rThe Jade Forest
present,,,,1,705,,65029,0,,,2,58,4,|cFFFFD200Pet Battle:|r Valley of Four Winds
present,,,,1,706,,63062,0,,,4,26,4,|cFFFFD200Pet Battle:|r Valley of the Four Winds
present,,,,1,707,,63064,0,,,4,26,4,|cFFFFD200Pet Battle:|r Valley of the Four Winds
present,,,,1,708,,63094,0,,,4,26,4,"|cFFFFD200Pet Battle:|r Valley of the Four Winds, Krasarang Wilds"
present,,,,1,709,,63095,0,,,4,26,4,|cFFFFD200Pet Battle:|r Valley of the Four Winds
present,,,,1,710,,63096,0,,,4,26,4,|cFFFFD200Pet Battle: |rValley of the Four Winds
present,,,,1,711,,63057,0,,,8,26,4,|cFFFFD200Pet Battle:|r Valley of the Four Winds
present,,,,1,712,,63358,0,,,8,26,4,|cFFFFD200Pet Battle:|r Valley of the Four Winds
present,,,,1,713,,63060,0,,,8,26,4,|cFFFFD200Pet Battle:|r Valley of the Four Winds
present,,,,1,714,,65054,0,,,7,26,4,|cFFFFD200Pet Battle:|r Krasarang Wilds|n|n
present,,,,1,715,,65099,0,,,4,58,4,|cFFFFD200Pet Battle:|r Valley of the Four Winds|n
present,,,,1,716,,63288,0,,,7,26,4,|cFFFFD200Pet Battle:|r Krasarang Wilds|n
present,,,,1,717,,63291,0,,,4,26,4,|cFFFFD200Pet Battle:|r Krasarang Wilds|n|n
present,,,,1,718,,65124,0,,,2,26,4,|cFFFFD200Pet Battle:|r Krasarang Wilds|n
present,,,,1,722,,65185,0,,,2,26,4,|cFFFFD200Pet Battle:|r Krasarang Wilds|n
present,,,,1,723,,63293,0,,,8,26,4,|cFFFFD200Pet Battle:|r  Krasarang Wilds
present,,,,1,724,,63550,0,,,7,26,4,|cFFFFD200Pet Battle:|r Kun-Lai Summit|n
present,,,,1,725,,63551,0,,,7,26,4,|cFFFFD200Pet Battle:|r Kun-Lai Summit|n
present,,,,1,726,,63547,0,,,7,26,4,|cFFFFD200Pet Battle:|r Kun-Lai Summit|n
present,,,,1,727,,59702,0,,,4,26,4,|cFFFFD200Pet Battle:|r Kun-Lai Summit|n
present,,,,1,728,,63585,0,,,2,26,4,|cFFFFD200Pet Battle:|r Kun-Lai Summit
present,,,,1,889,,66144,0,,,4,48,-1,
present,,,,1,729,,63557,0,,,4,26,4,|cFFFFD200Pet Battle:|r Kun-Lai Summit|n
present,,,,1,730,,63558,0,,,4,26,4,|cFFFFD200Pet Battle:|r Kun-Lai Summit|n
present,,,,1,731,,63555,0,,,7,26,4,|cFFFFD200Pet Battle:|r Kun-Lai Summit|n
present,,,,1,732,,65187,0,,,2,26,4,|cFFFFD200Pet Battle:|r Dread Wastes|n|cFFFFD200Pet Battle:|r Townlong Steppes
present,,,,1,733,,63549,0,,,4,26,4,|cFFFFD200Pet Battle:|r  Townlong Steppes
present,,,,1,737,,65190,0,,,8,26,4,|cFFFFD200Pet Battle:|r Townlong Steppes|n
present,,,,1,739,,63954,0,,,8,26,4,|cFFFFD200Pet Battle:|r Townlong Steppes|n
present,,,,1,740,,63957,0,,,4,26,4,"|cFFFFD200Pet Battle:|r Townlong Steppes, Dread Wastes|n"
present,,,,1,741,,64804,0,,,7,26,4,|cFFFFD200Pet Battle:|r Dread Wastes|n
present,,,,1,742,,64242,0,,,7,26,4,|cFFFFD200Pet Battle:|r Dread Wastes|n
present,,,,1,743,,64352,0,,,4,26,4,|cFFFFD200Pet Battle:|r Dread Wastes|n|n
present,,,,1,744,,64238,0,,,4,26,4,|cFFFFD200Pet Battle:|r Dread Wastes|n
present,,,,1,745,,63548,0,,,7,26,4,|cFFFFD200Pet Battle:|r Dread Wastes|n
present,,,,1,746,,65203,0,,,8,26,4,|cFFFFD200Pet Battle:|r Dread Wastes|n
present,,,,1,747,,63850,0,,,2,26,4,|cFFFFD200Pet Battle:|r Vale of Eternal Blossoms|n
present,,,,1,748,,63838,0,,,2,26,4,|cFFFFD200Pet Battle:|r Vale of Eternal Blossoms|n
present,,,,1,749,,63841,0,,,8,26,4,|cFFFFD200Pet Battle:|r Vale of Eternal Blossoms
present,,,,1,750,,63842,0,,,8,26,4,|cFFFFD200Pet Battle:|r Vale of Eternal Blossoms
present,,,,1,751,,63847,0,,,8,26,4,|cFFFFD200Pet Battle:|r Vale of Eternal Blossoms|n
present,,,,1,752,,63849,0,,,8,26,4,|cFFFFD200Pet Battle:|r Vale of Eternal Blossoms|n
present,,,,1,753,,65215,0,,,2,26,4,|cFFFFD200Pet Battle:|r Jade Forest|n
present,,,,1,754,,65216,0,,,2,26,4,|cFFFFD200Pet Battle:|r The Jade Forest|n
present,,,,1,755,,62887,0,,,4,26,4,|cFFFFD200Pet Battle:|r Mount Hyjal|n
present,,,,1,756,,62916,0,,,2,26,4,|cFFFFD200Pet Battle:|r Deepholm|n
present,,,,1,757,,14755,23531,,,1,16466,7,|cFFFFD200Promotion:|r iCoke China
present,,,,1,758,,14756,23530,,,1,16466,7,|cFFFFD200Promotion:|r iCoke China
present,,,,1,792,,65314,127816,,,2,2,2,"|cFFFFD200Vendor: |rAudrey Burnhep, Varzok|n|cFFFFD200Zone: |rStormwind, Orgrimmar|n|cFFFFD200Cost: |r50|TINTERFACE\MONEYFRAME\UI-SILVERICON.BLP:0|t"
present,,,,1,800,,65344,0,,,7,57,-1,
present,,,,1,802,,65313,127813,,,1,16402,-1,
present,,,,1,817,,65323,0,,,1,26,4,|cFFFFD200Pet Battle:|r The Jade Forest|n|cFFFFD200Faction:|r Order of the Cloud Serpent (Exalted)|n
present,,,,1,818,,65324,0,,,1,26,4,|cFFFFD200Pet Battle:|r The Jade Forest|n|cFFFFD200Faction:|r Order of the Cloud Serpent (Exalted)
present,,,,1,819,,65321,0,,,1,26,4,|cFFFFD200Pet Battle:|r The Jade Forest|n|cFFFFD200Faction:|r Order of the Cloud Serpent (Exalted)|n
present,,,,1,821,,63621,124152,,,0,82,5,|cFFFFD200Achievement: |rGoing to Need More Leashes|n|cFFFFD200Category: |rCollect
present,,,,1,823,,62907,0,,,4,26,4,|cFFFFD200Pet Battle: |rTwilight Highlands
present,,,,1,824,,65829,0,,,8,56,-1,
present,,,,1,825,,65825,0,,,7,56,-1,
present,,,,1,826,,65826,0,,,4,56,-1,
present,,,,1,827,,65830,0,,,1,56,-1,
present,,,,1,828,,65831,0,,,6,56,-1,
present,,,,1,829,,65827,0,,,2,56,-1,
present,,,,1,830,,65828,0,,,0,56,-1,
present,,,,1,831,,65833,0,,,5,56,-1,
present,,,,1,832,,65832,0,,,9,56,-1,
present,,,,1,833,,65834,0,,,3,56,-1,
present,,,,1,834,,64634,126251,,,6,2,0,|cFFFFD200Drop:|r Karr the Darkener|n|cFFFFD200Zone:|r Dread Wastes|n|n
present,,,,1,835,,64632,126247,,,0,82,4,|cFFFFD200Achievement: |rLing-Ting's Herbal Journey|n|cFFFFD200Category: |rDungeons and Raids
present,,,,1,836,,64633,126249,,,8,2,0,|cFFFFD200Drop:|r Nalash Verdantis|n|cFFFFD200Zone:|r Dread Wastes|n|n
present,,,,1,837,,62915,0,,,6,26,4,|cFFFFD200Pet Battle: |rDeepholm
present,,,,1,838,,62182,0,,,6,26,4,"|cFFFFD200Pet Battle: |rDeepholm, Desolace"
present,,,,1,844,,64899,126885,,,9,2,3,|cFFFFD200Profession: |rMists of Pandaria Engineering
present,,,,1,845,,61877,120501,,,5,2,3,|cFFFFD200Profession:|r Mists of Pandaria Jewelcrafting|n
present,,,,1,846,,61883,120507,,,5,2,3,|cFFFFD200Profession:|r Mists of Pandaria Jewelcrafting|n
present,,,,1,847,,62829,122748,,,8,2,1,|cFFFFD200Quest: |rLet Them Burn|n|cFFFFD200Zone: |rThe Jade Forest
present,,,,1,848,,59358,114090,,,4,2,0,|cFFFFD200Drop: |rDarkmoon Rabbit|n|cFFFFD200Zone: |rDarkmoon Island
present,,,,1,849,,66104,127008,,,2,146,3,|cFFFFD200Profession: |rMists of Pandaria Inscription
present,,,,1,850,,66105,127006,,,2,146,3,|cFFFFD200Profession: |rMists of Pandaria Inscription
present,,,,1,851,,62894,0,,,7,26,4,|cFFFFD200Pet Battle: |rUldum
present,,,,1,855,,66491,130759,,,6,82,5,|cFFFFD200Achievement: |rThat's a Lot of Pet Food|n|cFFFFD200Category: |rCollect
present,,,,1,856,,66450,130726,,,6,82,5,|cFFFFD200Achievement: |rTime To Open a Pet Store|n|cFFFFD200Category: |rPet Battles
present,,,,1,868,,66950,131590,,,6,2,1,|cFFFFD200Quest: |rPandaren Spirit Tamer|n|cFFFFD200Zone: |rVale of Eternal Blossoms
present,,,,1,872,,64335,0,,,7,48,-1,
present,,,,1,873,,64334,0,,,7,48,-1,
present,,,,1,874,,65659,0,,,4,48,-1,
present,,,,1,875,,65660,0,,,2,48,1,
present,,,,1,876,,65661,0,,,9,48,-1,
present,,,,1,877,,65668,0,,,4,48,-1,
present,,,,1,878,,66964,0,,,4,48,-1,
present,,,,1,879,,66965,0,,,4,48,-1,
present,,,,1,880,,65662,0,,,7,48,4,
present,,,,1,881,,65664,0,,,7,48,-1,
present,,,,1,882,,65665,0,,,7,48,-1,
present,,,,1,883,,66982,0,,,5,48,-1,
present,,,,1,884,,66983,0,,,7,48,2,
present,,,,1,885,,65677,0,,,7,48,4,
present,,,,1,886,,65675,0,,,2,48,-1,
present,,,,1,887,,65676,0,,,2,48,0,
present,,,,1,888,,66930,0,,,0,48,7,
present,,,,1,899,,66335,0,,,7,48,-1,
present,,,,1,900,,66375,0,,,4,48,-1,
present,,,,1,901,,66376,0,,,6,48,-1,
present,,,,1,902,,66377,0,,,8,48,-1,
present,,,,1,903,,66984,131650,,,4,82,7,|cFFFFD200Promotion:|r StarCraft II: Heart of the Swarm Collector's Edition
present,,,,1,904,,66361,0,,,4,48,-1,
present,,,,1,905,,66363,0,,,7,48,-1,
present,,,,1,906,,66364,0,,,1,48,0,
present,,,,1,907,,66427,0,,,9,48,-1,
present,,,,1,908,,66428,0,,,9,48,8,
present,,,,1,909,,66429,0,,,9,48,-1,
present,,,,1,911,,66438,0,,,1,48,-1,
present,,,,1,912,,66439,0,,,1,48,-1,
present,,,,1,913,,66966,0,,,1,48,-1,
present,,,,1,915,,66453,0,,,7,48,-1,
present,,,,1,916,,66454,0,,,4,48,-1,
present,,,,1,917,,66455,0,,,4,48,-1,
present,,,,1,921,,66443,0,,,5,48,-1,
present,,,,1,922,,66444,0,,,5,48,6,
present,,,,1,923,,66445,0,,,9,48,-1,
present,,,,1,924,,66414,0,,,2,48,-1,
present,,,,1,925,,66416,0,,,5,48,-1,
present,,,,1,926,,66417,0,,,1,48,7,
present,,,,1,927,,66468,0,,,2,48,4,
present,,,,1,928,,66469,0,,,7,48,-1,
present,,,,1,929,,66470,0,,,1,48,0,
present,,,,1,931,,66481,0,,,5,48,-1,
present,,,,1,932,,66482,0,,,7,48,-1,
present,,,,1,933,,66483,0,,,4,48,-1,
present,,,,1,934,,66485,0,,,3,48,-1,
present,,,,1,935,,66486,0,,,7,48,-1,
present,,,,1,936,,66487,0,,,7,48,0,
present,,,,1,937,,66488,0,,,1,48,0,
present,,,,1,938,,66489,0,,,1,48,0,
present,,,,1,939,,66490,0,,,1,48,0,
present,,,,1,941,,66492,0,,,7,48,-1,
present,,,,1,942,,66493,0,,,8,48,-1,
present,,,,1,943,,66494,0,,,2,48,-1,
present,,,,1,944,,66495,0,,,6,48,-1,
present,,,,1,945,,66496,0,,,4,48,-1,
present,,,,1,946,,66497,0,,,2,48,1,
present,,,,1,947,,66498,0,,,3,48,4,
present,,,,1,948,,66499,0,,,3,48,7,
present,,,,1,949,,66500,0,,,6,48,6,
present,,,,1,950,,66531,0,,,9,48,-1,
present,,,,1,951,,66532,0,,,9,48,7,
present,,,,1,952,,66533,0,,,9,48,7,
present,,,,1,953,,66534,0,,,0,48,-1,
present,,,,1,954,,66535,0,,,5,48,6,
present,,,,1,955,,66536,0,,,2,48,-1,
present,,,,1,956,,66537,0,,,7,48,-1,
present,,,,1,957,,66538,0,,,4,48,-1,
present,,,,1,958,,66539,0,,,8,48,-1,
present,,,,1,959,,66540,0,,,8,48,3,
present,,,,1,960,,66541,0,,,8,48,3,
present,,,,1,961,,66542,0,,,8,48,3,
present,,,,1,962,,66543,0,,,1,48,7,
present,,,,1,963,,66544,0,,,6,48,-1,
present,,,,1,964,,66545,0,,,5,48,2,
present,,,,1,965,,66613,0,,,8,48,-1,
present,,,,1,966,,66614,0,,,2,48,-1,
present,,,,1,967,,66615,0,,,2,48,-1,
present,,,,1,968,,66616,0,,,3,48,-1,
present,,,,1,969,,66618,0,,,3,48,6,
present,,,,1,970,,66619,0,,,3,48,-1,
present,,,,1,971,,66620,0,,,3,48,-1,
present,,,,1,972,,66996,0,,,3,48,7,
present,,,,1,973,,66997,0,,,1,48,0,
present,,,,1,974,,66624,0,,,4,48,-1,
present,,,,1,975,,66626,0,,,7,48,-1,
present,,,,1,976,,66627,0,,,7,48,-1,
present,,,,1,977,,66628,0,,,6,48,2,
present,,,,1,978,,66629,0,,,9,48,-1,
present,,,,1,979,,66631,0,,,7,48,2,
present,,,,1,980,,66806,0,,,4,48,-1,
present,,,,1,981,,66807,0,,,7,48,-1,
present,,,,1,982,,66808,0,,,5,48,-1,
present,,,,1,983,,66802,0,,,6,48,0,
present,,,,1,984,,66804,0,,,4,48,-1,
present,,,,1,985,,66805,0,,,6,48,-1,
present,,,,1,986,,66809,0,,,7,48,-1,
present,,,,1,987,,66810,0,,,5,48,-1,
present,,,,1,988,,66811,0,,,6,48,-1,
present,,,,1,989,,66812,0,,,4,48,-1,
present,,,,1,990,,66813,0,,,2,48,-1,
present,,,,1,991,,66814,0,,,7,48,-1,
present,,,,1,992,,66709,0,,,8,48,-1,
present,,,,1,993,,66710,0,,,7,48,-1,
present,,,,1,994,,66711,0,,,2,48,4,
present,,,,1,995,,66715,0,,,4,48,4,
present,,,,1,996,,66716,0,,,6,48,0,
present,,,,1,997,,66718,0,,,6,48,1,
present,,,,1,998,,66712,0,,,7,48,-1,
present,,,,1,999,,66713,0,,,8,48,4,
present,,,,1,1000,,66714,0,,,2,48,4,
present,,,,1,1001,,66719,0,,,7,48,4,
present,,,,1,1002,,66720,0,,,4,48,4,
present,,,,1,1003,,66721,0,,,2,48,4,
present,,,,1,1004,,66923,0,,,8,48,0,
present,,,,1,1005,,66925,0,,,4,48,4,
present,,,,1,1006,,66926,0,,,6,48,6,
present,,,,1,1007,,66722,0,,,7,48,4,
present,,,,1,1008,,66723,0,,,6,48,0,
present,,,,1,1009,,66724,0,,,8,48,4,
present,,,,1,1010,,66725,0,,,8,48,4,
present,,,,1,1011,,66726,0,,,1,48,4,
present,,,,1,1012,,66728,0,,,4,48,4,
present,,,,1,1013,,67022,0,,,8,26,4,|cFFFFD200Pet Battle:|r  Krasarang Wilds|n|cFFFFD200Event:|r  Wanderer's Festival
present,,,,1,1039,,67230,132574,,,2,2,3,|cFFFFD200Profession: |rMists of Pandaria Tailoring (Imperial Silk)
present,,,,1,1040,,67233,132580,,,4,2,3,|cFFFFD200Profession:|r Mists of Pandaria Tailoring (Imperial Silk)|n
present,,,,1,1042,,63370,123784,,,4,26,1,"|cFFFFD200Quest:|r Sho, Requires Exalted Friendship Faction|n|cFFFFD200Zone:|r Valley of the Four Winds"
present,,,,1,1061,,67319,132762,,,4,2,2,|cFFFFD200Vendor: |rLhara|n|cFFFFD200Zone: |rDarkmoon Island|n|cFFFFD200Cost: |r90|TINTERFACE\ICONS\inv_misc_ticket_darkmoon_01:0|t
present,,,,1,1062,,67329,0,,,2,26,4,|cFFFFD200Pet Battle:|r Darkmoon Island|n
present,,,,1,1063,,67332,132789,,,5,2,0,|cFFFFD200Drop:|r Darkmoon Pet Supplies|n
present,,,,1,1065,,67384,0,,,5,48,4,|n
present,,,,1,1066,,67382,0,,,7,48,4,
present,,,,1,1067,,67383,0,,,9,48,4,
present,,,,1,1068,,67443,0,,,2,26,4,|cFFFFD200Pet Battle: |rOccasionally appears alongside other creatures during battles on Darkmoon Island.
present,,,,1,1073,,16445,28487,,,0,82,0,|cFFFFD200Drop:|r White Murloc Egg
present,,,,1,1117,,68267,134538,,,6,82,9,|cFFFFD200In-Game Shop|r
present,,,,1,1124,,68466,134892,,,6,2,1,|cFFFFD200Quest: |rPandaren Spirit Tamer|n|cFFFFD200Zone: |rVale of Eternal Blossoms|n
present,,,,1,1502,,85680,0,,,0,50,-1,
present,,,,1,1125,,68467,134894,,,6,2,1,|cFFFFD200Quest: |rPandaren Spirit Tamer|n|cFFFFD200Zone: |rVale of Eternal Blossoms|n
present,,,,1,1126,,68468,134895,,,6,2,1,|cFFFFD200Quest: |rPandaren Spirit Tamer|n|cFFFFD200Zone: |rVale of Eternal Blossoms|n
present,,,,1,1127,,68502,132759,,,5,16466,7,|cFFFFD200Promotion:|r Battle.net World Championship Shanghai 2012
present,,,,1,1128,,68506,0,,,7,26,4,|cFFFFD200Pet Battle:|r Krasarang Wilds
present,,,,1,1129,,68555,0,,,4,1072,4,
present,,,,1,1130,,68567,0,,,1,48,4,
present,,,,1,1131,,68568,0,,,2,48,4,
present,,,,1,1132,,68569,0,,,8,48,4,
present,,,,1,1133,,68570,0,,,8,48,4,
present,,,,1,1134,,68572,0,,,5,48,4,
present,,,,1,1135,,68575,0,,,2,48,4,
present,,,,1,1136,,68571,0,,,1,48,4,
present,,,,1,1137,,68573,0,,,7,48,4,
present,,,,1,1138,,68577,0,,,6,48,1,|n|n
present,,,,1,1139,,68580,0,,,6,48,-1,
present,,,,1,1140,,68579,0,,,6,48,-1,
present,,,,1,1141,,68578,0,,,6,48,-1,
present,,,,1,1142,,68601,135156,,,9,18,2,"|cFFFFD200Vendor: |rQuackenbush|n|cFFFFD200Zone: |rDeeprun Tram|n|cFFFFD200Cost: |r500|TINTERFACE\MONEYFRAME\UI-GOLDICON.BLP:0|t|n|cFFFFD200Reputation: |rBizmo's Brawlpub, Rank 3|n|n|cFFFFD200Vendor: |rPaul North|n|cFFFFD200Zone: |rBrawl'gar Arena|n|cFFFFD200Cost: |r500|TINTERFACE\MONEYFRAME\UI-GOLDICON.BLP:0|t|n|cFFFFD200Reputation: |rBrawl'gar Arena, Rank 3"
present,,,,1,1143,,68656,135254,,,3,2,0,|cFFFFD200Drop: |rMaexxna|n|cFFFFD200Zone: |rNaxxramas
present,,,,1,1144,,68657,135255,,,3,2,0,|cFFFFD200Drop: |rLoatheb|n|cFFFFD200Zone: |rNaxxramas
present,,,,1,1145,,68655,135256,,,3,82,5,|cFFFFD200Achievement: |rRaiding with Leashes|n|cFFFFD200Category: |rCollect
present,,,,1,1146,,68654,135257,,,3,2,0,|cFFFFD200Drop: |rGluth|n|cFFFFD200Zone: |rNaxxramas
present,,,,1,1147,,68665,135258,,,0,2,0,|cFFFFD200Drop: |rSulfuron Harbinger|n|cFFFFD200Zone: |rMolten Core
present,,,,1,1149,,68664,135259,,,0,2,0,|cFFFFD200Drop: |rMagmadar|n|cFFFFD200Zone: |rMolten Core
present,,,,1,1150,,68666,135259,,,6,2,0,|cFFFFD200Drop: |rGolemagg the Incinerator|n|cFFFFD200Zone: |rMolten Core|n
present,,,,1,1151,,68661,135263,,,1,2,0,|cFFFFD200Drop: |rRazorgore the Untamed|n|cFFFFD200Zone: |rBlackwing Lair
present,,,,1,1152,,68662,135264,,,1,2,0,|cFFFFD200Drop: |rChromaggus|n|cFFFFD200Zone: |rBlackwing Lair
present,,,,1,1153,,68663,135265,,,1,2,0,|cFFFFD200Drop: |rBroodlord Lashlayer|n|cFFFFD200Zone: |rBlackwing Lair
present,,,,1,1154,,68660,135266,,,5,2,0,|cFFFFD200Drop: |rViscidus|n|cFFFFD200Zone: |rAhn'Qiraj
present,,,,1,1155,,68659,135267,,,0,2,0,|cFFFFD200Drop: |rEmperor Vek'lor|n|cFFFFD200Zone: |rAhn'Qiraj
present,,,,1,1156,,68658,135268,,,5,2,0,|cFFFFD200Drop: |rThe Prophet Skeram|n|cFFFFD200Zone: |rAhn'Qiraj
present,,,,1,1157,,68804,0,,,0,26,4,|cFFFFD200Pet Battle:|r Northern Barrens
present,,,,1,1158,,68805,0,,,0,26,4,|cFFFFD200Pet Battle:|r Feralas
present,,,,1,1159,,68806,0,,,5,26,4,|cFFFFD200Pet Battle:|r Hillsbrad Foothills|n
present,,,,1,1160,,68819,0,,,5,26,4,|cFFFFD200Pet Battle:|r Deadwind Pass|n
present,,,,1,1161,,68820,0,,,1,26,4,|cFFFFD200Pet Battle:|r Caverns of Time|n
present,,,,1,1162,,68838,0,,,9,26,4,|cFFFFD200Pet Battle:|r Gnomeregan|n
present,,,,1,1163,,68839,0,,,9,26,4,|cFFFFD200Pet Battle:|r Winterspring|n
present,,,,1,1164,,68841,0,,,9,26,4,|cFFFFD200Pet Battle:|r Blade's Edge Mountains|n
present,,,,1,1165,,68845,0,,,1,26,4,|cFFFFD200Pet Battle:|r Coldarra|n
present,,,,1,1166,,68846,0,,,0,26,4,|cFFFFD200Pet Battle:|r Kun-Lai Summit|n
present,,,,1,1167,,68850,0,,,1,26,4,|cFFFFD200Pet Battle:|r Sholazar Basin|n
present,,,,1,1168,,15361,25018,,,0,16466,7,|cFFFFD200Promotion:|r Korean Promotional Event
present,,,,1,1174,,69208,136484,,,5,2,8,|cFFFFD200Trading Card Game:|r Betrayal of the Guardian
present,,,,1,1175,,69648,0,,,6,26,4,|cFFFFD200Pet Battle: |rIsle of Thunder
present,,,,1,1176,,69649,137568,,,7,82,1,|cFFFFD200Quest:|r Beasts of Fable|n
present,,,,1,1177,,69748,137977,,,6,2,0,|cFFFFD200Drop:|r Throne of Thunder|n|n
present,,,,1,1178,,69778,138082,,,9,2,0,|cFFFFD200Drop: |rHaywire Sunreaver Construct|n|cFFFFD200Zone: |rIsle of Thunder
present,,,,1,1179,,69794,0,,,6,26,4,|cFFFFD200Pet Battle: |rIsle of Thunder
present,,,,1,1180,,69796,138087,,,7,2,0,|cFFFFD200Drop: |rZandalari Dinomancer|n|cFFFFD200Zone: |rIsle Of Giants
present,,,,1,1181,,69818,0,,,7,26,4,|cFFFFD200Pet Battle: |rIsle of Thunder
present,,,,1,1182,,69819,0,,,8,26,4,|cFFFFD200Pet Battle: |rIsle of Thunder
present,,,,1,1183,,69820,138161,,,9,2,0,|cFFFFD200Drop:|r Animus|n|cFFFFD200Zone:|r Throne of Thunder
present,,,,1,1184,,69849,138287,,,7,82,5,|cFFFFD200Achievement: |rBrutal Pet Brawler|n|cFFFFD200Category: |rBattle
present,,,,1,1185,,69848,138285,,,5,2,1,|cFFFFD200Quest: |rA Large Pile of Giant Dinosaur Bones|n|cFFFFD200Zone: |rIsle Of Giants
present,,,,1,1187,,68558,0,,,7,1072,4,
present,,,,1,1188,,68559,0,,,8,1072,4,
present,,,,1,1189,,68560,0,,,7,1072,4,
present,,,,1,1190,,68561,0,,,4,1072,4,
present,,,,1,1191,,68562,0,,,8,1072,4,
present,,,,1,1192,,68563,0,,,7,1072,4,
present,,,,1,1193,,68564,0,,,8,1072,4,
present,,,,1,1194,,68565,0,,,4,1072,4,
present,,,,1,1195,,68566,0,,,8,1072,4,
present,,,,1,1196,,69891,138380,,,7,2,1,|cFFFFD200Quest:|r Beasts of Fable|n
present,,,,1,1197,,69893,138381,,,7,2,1,|cFFFFD200Quest:|r Beasts of Fable|n
present,,,,1,1198,,69892,138382,,,7,2,1,|cFFFFD200Quest:|r Beasts of Fable|n
present,,,,1,1200,,70083,138825,,,7,2,0,|cFFFFD200Drop: |rHorridon|n|cFFFFD200Zone: |rThrone of Thunder
present,,,,1,1201,,70098,138913,,,8,2,0,|cFFFFD200Drop: |rG'nathus|n|cFFFFD200Zone: |rTownlong Steppes
present,,,,1,1202,,70144,139148,,,2,2,0,|cFFFFD200Drop:|r Ji-Kun|n|cFFFFD200Zone:|r Throne of Thunder
present,,,,1,1204,,70082,138824,,,9,2,3,|cFFFFD200Profession:|r Mists of Pandaria Engineering|n
present,,,,1,1205,,70154,139153,,,7,2,0,|cFFFFD200Drop: |rDirehorns|n|cFFFFD200Zone:|r Isle of Giants|n
present,,,,1,1206,,70257,139361,,,8,2,3,|cFFFFD200Profession:|r Mists of Pandaria Fishing
present,,,,1,1207,,70258,139362,,,8,2,3,|cFFFFD200Profession:|r Mists of Pandaria Fishing
present,,,,1,1208,,70259,139363,,,8,2,3,|cFFFFD200Profession:|r Mists of Pandaria Fishing
present,,,,1,1209,,70260,139365,,,8,2,3,|cFFFFD200Profession:|r Mists of Pandaria Fishing|n
present,,,,1,1211,,70451,139932,,,7,2,0,|cFFFFD200Drop: |rZandalari Dinomancer|n|cFFFFD200Zone: |rIsle Of Giants
present,,,,1,1212,,70452,139933,,,7,2,0,|cFFFFD200Drop: |rZandalari Dinomancer|n|cFFFFD200Zone: |rIsle Of Giants
present,,,,1,1213,,70453,139934,,,7,2,0,|cFFFFD200Drop: |rZandalari Dinomancer|n|cFFFFD200Zone: |rIsle Of Giants
present,,,,1,1226,,71014,141433,,,0,2,0,|cFFFFD200Drop: |rThe Big Bad Wolf|n|cFFFFD200Zone: |rKarazhan
present,,,,1,1227,,71015,141434,,,9,2,0,|cFFFFD200Drop: |rThe Curator|n|cFFFFD200Zone: |rKarazhan
present,,,,1,1228,,71016,141435,,,5,2,0,|cFFFFD200Drop: |rPrince Malchezaar|n|cFFFFD200Zone: |rKarazhan
present,,,,1,1229,,71033,141451,,,0,2,0,|cFFFFD200Drop: |rTerestian Illhoof|n|cFFFFD200Zone: |rKarazhan
present,,,,1,1230,,71017,141436,,,8,2,0,|cFFFFD200Drop: |rMorogrim Tidewalker|n|cFFFFD200Zone: |rSerpentshrine Cavern
present,,,,1,1231,,71018,141437,,,6,2,0,|cFFFFD200Drop: |rHydross the Unstable|n|cFFFFD200Zone: |rSerpentshrine Cavern
present,,,,1,1232,,71019,141446,,,5,131074,0,|cFFFFD200Drop: |rLady Vashj|n|cFFFFD200Zone: |rSerpentshrine Cavern
present,,,,1,1233,,71020,141447,,,9,2,0,|cFFFFD200Drop: |rVoid Reaver|n|cFFFFD200Zone: |rTempest Keep|n|n
present,,,,1,1234,,71021,141448,,,5,131074,0,|cFFFFD200Drop: |rHigh Astromancer Solarian|n|cFFFFD200Zone: |rTempest Keep|n
present,,,,1,1235,,71022,141449,,,1,2,0,|cFFFFD200Drop: |rAl'ar|n|cFFFFD200Zone: |rTempest Keep|n
present,,,,1,1236,,71023,141450,,,7,82,5,|cFFFFD200Achievement: |rRaiding with Leashes II: Attunement Edition|n|cFFFFD200Category: |rCollect
present,,,,1,1237,,71159,141789,,,8,2,2,|cFFFFD200Vendor: |rRavika|n|cFFFFD200Zone: |rDurotar|n|cFFFFD200Cost: |r1|TINTERFACE\ICONS\inv_drink_31_embalmingfluid:0|t|n|n|cFFFFD200Vendor: |rTenuki|n|cFFFFD200Zone: |rDurotar|n|cFFFFD200Cost: |r1|TINTERFACE\ICONS\inv_drink_31_embalmingfluid:0|t
present,,,,1,1238,,71163,0,,,3,131098,4,|cFFFFD200Pet Battle: |rNorthrend
present,,,,1,1243,,71199,142028,,,5,2,0,|cFFFFD200Drop:|r Primordius|n|cFFFFD200Zone: |rThrone of Thunder|n|cFFFFD200Difficulty: |rLooking For Raid|n
present,,,,1,1244,,71200,142029,,,5,2,0,|cFFFFD200Drop:|r Primordius|n|cFFFFD200Zone: |rThrone of Thunder|n|cFFFFD200Difficulty: |rNormal or Heroic|n
present,,,,1,1245,,71201,142030,,,5,2,0,|cFFFFD200Drop: |rQuivering Filth
present,,,,1,1247,,71438,0,,,8,1072,-1,
present,,,,1,1248,,71488,142880,,,6,82,9,|cFFFFD200In-Game Shop|r|n
present,,,,1,1255,,71655,143637,,,5,131154,7,|cFFFFD200Promotion:|r StarCraft II: Legacy of the Void Collector's Edition|n
present,,,,1,1256,,71693,143703,,,9,2,3,|cFFFFD200Profession:|r Mists of Pandaria Engineering|n
present,,,,1,1257,,71700,143732,,,0,34,0,|cFFFFD200Drop:|r Developers|n
present,,,,1,1258,,71816,0,,,3,48,2,
present,,,,1,1259,,71844,0,,,7,48,-1,
present,,,,1,1266,,71942,145696,,,7,82,2,|cFFFFD200Vendor:|r Tournament of Celestials
present,,,,1,1267,,72009,0,,,7,1072,-1,
present,,,,1,1268,,72053,0,,,7,48,-1,
present,,,,1,1269,,72054,0,,,2,48,-1,
present,,,,1,1271,,72055,0,,,5,48,-1,
present,,,,1,1276,,72160,144761,,,7,2,0,|cFFFFD200Drop: |rMoonfang|n|cFFFFD200Zone: |rDarkmoon Island
present,,,,1,1277,,72100,0,,,9,48,-1,
present,,,,1,1278,,72098,0,,,6,48,-1,
present,,,,1,1279,,72099,0,,,4,48,-1,
present,,,,1,1280,,72103,0,,,6,48,-1,
present,,,,1,1281,,72102,0,,,4,48,-1,
present,,,,1,1282,,72101,0,,,7,48,-1,
present,,,,1,1283,,72105,0,,,1,48,-1,
present,,,,1,1284,,72104,0,,,5,48,-1,
present,,,,1,1285,,72106,0,,,2,48,-1,
present,,,,1,1286,,71898,0,,,7,48,-1,
present,,,,1,1287,,72097,0,,,9,48,-1,
present,,,,1,1288,,71897,0,,,0,48,-1,
present,,,,1,1289,,72109,0,,,4,48,-1,
present,,,,1,1290,,72108,0,,,8,48,-1,
present,,,,1,1291,,72107,0,,,3,48,-1,
present,,,,1,1292,,72110,0,,,0,48,-1,
present,,,,1,1293,,72111,0,,,0,48,-1,
present,,,,1,1295,,72112,0,,,0,48,-1,
present,,,,1,1296,,72113,0,,,8,48,-1,
present,,,,1,1297,,72114,0,,,6,48,-1,
present,,,,1,1298,,72115,0,,,5,48,-1,
present,,,,1,1299,,72118,0,,,3,48,-1,
present,,,,1,1300,,72116,0,,,1,48,-1,
present,,,,1,1301,,72117,0,,,1,48,-1,
present,,,,1,1303,,72462,145697,,,2,82,2,|cFFFFD200Vendor: |rMaster Li|n|cFFFFD200Zone: |rTimeless Isle|n|cFFFFD200Cost: |r3|TINTERFACE\ICONS\INV_MISC_TRINKETPANDA_07:0|t
present,,,,1,1304,,72463,145698,,,1,82,2,|cFFFFD200Vendor: |rMaster Li|n|cFFFFD200Zone: |rTimeless Isle|n|cFFFFD200Cost: |r3|TINTERFACE\ICONS\INV_MISC_TRINKETPANDA_07:0|t
present,,,,1,1305,,72464,145699,,,7,82,2,|cFFFFD200Vendor:|r Tournament of Celestials
present,,,,1,1311,,72285,0,,,2,1072,-1,
present,,,,1,1317,,72291,0,,,1,1072,-1,
present,,,,1,1319,,72290,0,,,7,1072,-1,
present,,,,1,1320,,73011,147124,,,9,2,0,|cFFFFD200Drop:|r Blingtron Gift Package|n
present,,,,1,1321,,73534,0,,,2,2,0,|cFFFFD200Drop:|r Crane Nest|n|cFFFFD200Zone: |rTimeless Isle
present,,,,1,1322,,73352,15048,,,9,2,0,|cFFFFD200Drop:|r Siegecrafter Blackfuse|n|cFFFFD200Raid:|r Siege of Orgrimmar
present,,,,1,1323,,73533,148046,,,0,2,0,|cFFFFD200Drop:|r Leafmender|n|cFFFFD200Zone:|r Timeless Isle|n
present,,,,1,1324,,73542,148068,,,2,26,4,|cFFFFD200Pet Battle:|r Timeless Isle|n
present,,,,1,1325,,73543,148069,,,2,26,4,|cFFFFD200Pet Battle:|r Timeless Isle|n
present,,,,1,1326,,73368,148065,,,2,26,4,|cFFFFD200Pet Battle:|r Timeless Isle|n
present,,,,1,1328,,73356,138161,,,6,131074,0,|cFFFFD200Drop:|r Garnia|n|cFFFFD200Zone:|r Timeless Isle
present,,,,1,1329,,73532,148051,,,0,2,0,|cFFFFD200Drop:|r Scary Sprite|n|cFFFFD200Zone:|r Timeless Isle|n
present,,,,1,1330,,73364,148052,,,7,2,0,|cFFFFD200Drop:|r Imperial Python|n|cFFFFD200Zone:|r Timeless Isle
present,,,,1,1331,,73350,148058,,,6,131074,0,"|cFFFFD200Drop:|r Sha of Pride|n|cFFFFD200Raid:|r Siege of Orgrimmar|n|cFFFFD200Difficulty:|r Flexible, Normal or Heroic"
present,,,,1,1332,,73351,148059,,,6,131074,0,|cFFFFD200Drop:|r Sha of Pride|n|cFFFFD200Raid:|r Siege of Orgrimmar|n|cFFFFD200Difficulty:|r LFR and Flexible
present,,,,1,1333,,73355,148060,,,6,131074,0,|cFFFFD200Drop:|r Jademist Dancer|n|cFFFFD200Zone:|r Timeless Isle
present,,,,1,1334,,73354,148061,,,7,2,0,|cFFFFD200Drop:|r Paragons of the Klaxxi|n|cFFFFD200Raid:|r Siege of Orgrimmar|n
present,,,,1,1335,,73357,148551,,,6,131074,0,|cFFFFD200Drop:|r Foreboding Flame|n|cFFFFD200Zone:|r Timeless Isle|n|n
present,,,,1,1336,,73367,148063,,,6,131074,0,|cFFFFD200Drop:|r Zhu-Gon the Sour|n|cFFFFD200Zone:|r Timeless Isle|n|n
present,,,,1,1337,,73366,148066,,,8,2,0,|cFFFFD200Drop:|r Monstrous Spineclaw|n|cFFFFD200Zone:|r Timeless Isle|n
present,,,,1,1338,,73359,148067,,,8,2,0,|cFFFFD200Drop: |rBufo|n|cFFFFD200Zone: |rTimeless Isle
present,,,,1,1339,,73627,0,,,7,1072,-1,
present,,,,1,1343,,73668,148373,,,0,2,0,|cFFFFD200Drop:|r Kukuru Chest|n|cFFFFD200Zone:|r Timeless Isle
present,,,,1,1344,,73688,148427,,,7,2,2,|cFFFFD200Vendor: |rSpeaker Gulan|n|cFFFFD200Zone: |rTimeless Isle
present,,,,1,1345,,73730,148527,,,4,2,0,|cFFFFD200Drop:|r Gu'chi the Swarmbringer|n|cFFFFD200Zone:|r Timeless Isle
present,,,,1,1346,,73732,148530,,,5,2,2,|cFFFFD200Vendor: |rMistweaver Ku|n|cFFFFD200Zone: |rTimeless Isle|n|cFFFFD200Faction: |rShaohao - Pathwalker
present,,,,1,1348,,73738,148552,,,6,131074,0,|cFFFFD200Drop:|r Spirit of Jadefire|n|cFFFFD200Zone:|r Timeless Isle|n|n
present,,,,1,1349,,73741,148567,,,0,131074,1,|cFFFFD200World Event:|r Feast of Winter Veil|n
present,,,,1,1350,,73809,148684,,,2,146,2,|cFFFFD200Vendor:|r Ku-Mo|n|cFFFFD200Zone:|r Timeless Isle
present,,,,1,1351,,34770,66175,,,3,2,6,|cFFFFD200World Event:|r Day of the Dead
present,,,,1,1352,,444,0,,,7,49,-1,
present,,,,1,1354,,73977,0,,,9,1072,-1,
present,,,,1,1363,,74402,149787,,,7,82,9,|cFFFFD200In-Game Shop|r
present,,,,1,1364,,74405,149792,,,0,82,7,|cFFFFD200Promotion:|r BlizzCon 2013
present,,,,1,1365,,74413,149810,,,0,82,7,|cFFFFD200Promotion:|r Diablo 3: Reaper of Souls Collector's Edition
present,,,,1,1384,,76873,170267,,,0,82,5,|cFFFFD200Achievement:|r That's Whack!|n|cFFFFD200Category:|r Darkmoon Faire
present,,,,1,1385,,77021,0,,,1,2,1,|cFFFFD200Quest:|r Mastering the Menagerie|n
present,,,,1,1386,,77137,155748,,,2,82,7,|cFFFFD200Promotion:|r Warlords of Draenor Collector's Edition
present,,,,1,1503,,85679,0,,,0,50,-1,
present,,,,1,1387,,77221,155838,,,9,2,1,"|cFFFFD200Quest:|r Report to the King (Alliance), Warning the Warchief (Horde)|n|cFFFFD200Zone:|r Blasted Lands (90+)|n"
present,,,,1,1394,,78421,0,,,3,2,1,|cFFFFD200Quest:|r Mastering the Menagerie|n
present,,,,1,1395,,78895,25162,,,5,2,3,|cFFFFD200Profession:|r Warlords of Draenor Cooking
present,,,,1,1396,,79039,159581,,,6,2,2,|cFFFFD200Vendor: |rNaron Bloomthistle|n|cFFFFD200Zone: |rLunarfall|n|cFFFFD200Cost: |r1000|TINTERFACE\ICONS\INV_FARM_PUMPKINSEED_YELLOW.BLP:0|t|n|n|cFFFFD200Vendor: |rTarnon|n|cFFFFD200Zone: |rFrostwall|n|cFFFFD200Cost: |r1000|TINTERFACE\ICONS\INV_FARM_PUMPKINSEED_YELLOW.BLP:0|t
present,,,,1,1400,,79180,0,,,5,48,-1,
present,,,,1,1401,,79181,53082,,,0,48,-1,
present,,,,1,1402,,79182,149810,,,0,34,-1,
present,,,,1,1403,,79410,160403,,,2,2,3,|cFFFFD200Profession: |rWarlords of Draenor Engineering
present,,,,1,1409,,79751,0,,,3,1074,-1,
present,,,,1,1410,,80017,161522,,,9,32,-1,
present,,,,1,1411,,80101,161643,,,2,82,5,|cFFFFD200Achievement:|r Draenor Safari|n
present,,,,1,1412,,80329,162135,,,9,2,3,|cFFFFD200Profession: |rWarlords of Draenor Engineering
present,,,,1,1416,,81431,164212,,,2,2,0,|cFFFFD200Drop:|r Teroclaw Nest|n|cFFFFD200Zone:|r Talador
present,,,,1,1420,,81594,0,,,7,48,-1,
present,,,,1,1423,,82406,0,,,7,34,-1,
present,,,,1,1424,,82407,0,,,9,34,-1,
present,,,,1,1426,,82464,166071,,,5,2,3,|cFFFFD200Profession:|r Warlords of Draenor Tailoring|n
present,,,,1,1427,,82715,0,,,4,26,4,|cFFFFD200Pet Battle: |rFrostfire Ridge
present,,,,1,1428,,83562,0,,,3,2,0,"|cFFFFD200Drop:|r Reanimated Darktide Boneshell, Darktide Husk|n|cFFFFD200Zone:|r Shadowmoon Valley|n"
present,,,,1,1429,,83584,167389,,,6,2,2,|cFFFFD200Vendor: |rDraemus|n|cFFFFD200Zone: |rDalaran|n|cFFFFD200Cost: |r100|Hitem:163036|h|TInterface\ICONS\INV_Currency_PetBattle.BLP:0|t|h
present,,,,1,1430,,83583,167390,,,6,2,2,|cFFFFD200Vendor: |r Kwilax Fuseshiv|n|cFFFFD200Faction: |rSteamwheedle Preservation Society - Revered|n|cFFFFD200Cost: |r1000|TINTERFACE\MONEYFRAME\UI-GOLDICON.BLP:0|t
present,,,,1,1431,,83589,167392,,,6,34,-1,
present,,,,1,1432,,83594,167394,,,6,2,3,|cFFFFD200Profession:|r Warlords of Draenor Herbalism
present,,,,1,1433,,83592,167395,,,6,34,-1,
present,,,,1,1434,,83588,167397,,,6,2,1,|cFFFFD200Quest:|r Mastering the Menagerie
present,,,,1,1435,,89198,0,,,7,26,4,|cFFFFD200Pet Battle: |rNagrand
present,,,,1,1441,,83642,0,,,8,26,4,"|cFFFFD200Pet Battle: |rHighmountain, Nagrand, Spires of Arak, Talador|n"
present,,,,1,1442,,83817,0,,,3,2,1,|cFFFFD200Quest:|r Mastering the Menagerie
present,,,,1,1443,,83839,0,,,3,48,-1,
present,,,,1,1444,,83836,0,,,5,50,-1,
present,,,,1,1446,,84330,168668,,,7,2,2,|cFFFFD200Quest:|r New Babies|n|cFFFFD200Zone:|r Nagrand (Draenor)
present,,,,1,1447,,82045,0,,,8,26,4,|cFFFFD200Pet Battle: |rShadowmoon Valley
present,,,,1,1448,,84441,168977,,,8,2,3,"|cFFFFD200Profession:|r Warlords of Draenor Fishing|n|cFFFFD200Vendor:|r Nat Pagle|n|cFFFFD200Zone:|r Garrison, Fishing Shack|n|cFFFFD200Cost:|r 50|Tinterface\icons\inv_misc_coin_19.blp:0|t"
present,,,,1,1449,,84521,169220,,,7,18,2,"|cFFFFD200Vendor:|r Guild Vendor|n|cFFFFD200Zone:|r Stormwind, Orgrimmar|n|cFFFFD200Cost: |r300|TINTERFACE\MONEYFRAME\UI-GOLDICON.BLP:0|t"
present,,,,1,1450,,84885,169666,,,9,2,2,|cFFFFD200Vendor:|r Vinidcator Nuurem|n|cFFFFD200Reputation:|r Council of Exarchs|n
present,,,,1,1504,,85682,0,,,9,50,-1,
present,,,,1,1451,,84915,169695,,,6,16466,5,|cFFFFD200Achievement:|r WoW's 10th Anniversary|n|cFFFFD200Category:|r Feats of Strength
present,,,,1,1453,,79730,223110,,,7,2,2,|cFFFFD200Vendor: |rDraemus|n|cFFFFD200Zone: |rDalaran|n|cFFFFD200Cost: |r50|Hitem:163036|h|TInterface\ICONS\INV_Currency_PetBattle.BLP:0|t|h
present,,,,1,1454,,85009,190036,,,0,82,7,|cFFFFD200Promotion:|r BlizzCon 2015|n|n
present,,,,1,1455,,85005,0,,,7,26,4,|cFFFFD200Pet Battle: |rShadowmoon Valley
present,,,,1,1456,,85007,0,,,7,26,4,|cFFFFD200Pet Battle: |rSpires of Arak
present,,,,1,1457,,85003,0,,,7,26,4,|cFFFFD200Pet Battle: |rFrostfire Ridge
present,,,,1,1458,,85014,170286,,,2,2,2,|cFFFFD200Vendor:|r Faction Vendor|n|cFFFFD200Reputation:|r Laughing Skull
present,,,,1,1462,,85255,0,,,2,26,4,|cFFFFD200Pet Battle: |rSpires of Arak
present,,,,1,1463,,85254,0,,,2,26,4,|cFFFFD200Pet Battle: |rGorgrond
present,,,,1,1464,,85253,0,,,2,26,4,"|cFFFFD200Pet Battle: |rFrostfire Ridge, Gorgrond"
present,,,,1,1465,,85257,0,,,2,26,4,|cFFFFD200Pet Battle: |rGorgrond
present,,,,1,1466,,85283,190035,,,5,82,9,|cFFFFD200In-Game Shop|r|n
present,,,,1,1467,,85284,170292,,,9,2,0,|cFFFFD200Drop:|r Blingtron 5000 Gift Package
present,,,,1,1468,,85388,0,,,2,26,4,|cFFFFD200Pet Battle: |rTanaan Jungle
present,,,,1,1469,,85192,0,,,2,26,4,|cFFFFD200Pet Battle: |rGorgrond
present,,,,1,1470,,85389,0,,,2,26,4,|cFFFFD200Pet Battle: |rGorgrond
present,,,,1,1471,,85387,170285,,,2,2,0,|cFFFFD200Drop:|r Wiggling Egg|n|cFFFFD200Zone:|r Frostfire Ridge|n|n
present,,,,1,1472,,85419,0,,,4,1072,-1,
present,,,,1,1473,,85420,0,,,6,1122,-1,
present,,,,1,1474,,85463,0,,,8,1072,-1,
present,,,,1,1475,,85522,0,,,7,48,-1,
present,,,,1,1476,,85523,0,,,7,48,-1,
present,,,,1,1477,,85525,0,,,5,48,-1,
present,,,,1,1478,,85527,170774,,,5,2,0,|cFFFFD200Drop:|r Greater Darkmoon Pet Supplies|n
present,,,,1,1479,,85561,0,,,7,50,-1,
present,,,,1,1480,,85652,0,,,2,1074,-1,
present,,,,1,1482,,85655,0,,,7,50,-1,
present,,,,1,1483,,85656,0,,,6,50,-1,
present,,,,1,1484,,85657,0,,,6,98,-1,
present,,,,1,1485,,85658,0,,,5,50,-1,
present,,,,1,1486,,85659,0,,,2,1074,-1,
present,,,,1,1487,,85660,0,,,6,50,-1,
present,,,,1,1488,,85661,0,,,6,50,-1,
present,,,,1,1489,,85662,0,,,0,50,-1,
present,,,,1,1490,,85663,0,,,0,50,-1,
present,,,,1,1492,,85664,0,,,4,50,-1,
present,,,,1,1493,,85665,0,,,2,50,-1,
present,,,,1,1494,,85666,0,,,7,50,-1,
present,,,,1,1495,,85667,170280,,,0,2,3,|cFFFFD200Profession:|r Warlords of Draenor Mining
present,,,,1,1496,,85674,0,,,2,50,-1,
present,,,,1,1497,,85675,0,,,2,50,-1,
present,,,,1,1498,,85676,0,,,2,50,-1,
present,,,,1,1499,,85677,0,,,6,50,-1,
present,,,,1,1500,,85678,0,,,6,50,-1,
present,,,,1,1501,,85681,0,,,0,50,-1,
present,,,,1,1505,,85683,0,,,9,50,-1,
present,,,,1,1506,,85684,0,,,9,50,-1,
present,,,,1,1507,,85685,0,,,3,1074,-1,
present,,,,1,1508,,85686,0,,,5,50,-1,
present,,,,1,1509,,85687,0,,,5,50,-1,
present,,,,1,1510,,85688,0,,,5,50,-1,
present,,,,1,1511,,85710,132762,,,4,2,2,|cFFFFD200World Event:|r Love is in the Air|n|cFFFFD200Vendor: |rLovely Merchant|n|cFFFFD200Cost: |r40|TINTERFACE\ICONS\INV_ValentinesCard01:0|t
present,,,,1,1514,,85773,171222,,,2,146,6,|cFFFFD200World Event:|r Noblegarden|n|cFFFFD200Vendor: |rNoblegarden Merchant|n|cFFFFD200Cost: |r100|TINTERFACE\ICONS\Achievement_Noblegarden_Chocolate_Egg:0|t
present,,,,1,1515,,85231,170282,,,9,2,0,|cFFFFD200Drop:|r Talador
present,,,,1,1516,,85846,171500,,,4,2,2,|cFFFFD200World Event:|r Pilgrim's Bounty
present,,,,1,1517,,85872,171552,,,6,2,6,"|cFFFFD200World Event:|r Midsummer Fire Festival|n|cFFFFD200Vendor: |rMidsummer Merchant, Midsummer Supplier|n|cFFFFD200Cost: |r350|TINTERFACE\ICONS\INV_SummerFest_FireFlower:0|t"
present,,,,1,1518,,85994,171758,,,6,131074,6,|cFFFFD200World Event:|r Brewfest|n|cFFFFD200Vendor: |rBelbi Quikswitch|n|cFFFFD200Zone: |rDun Morogh|n|cFFFFD200Cost: |r200|TINTERFACE\ICONS\INV_Misc_Coin_01:0|t|n|n|cFFFFD200Vendor: |rBliz Fixwidget|n|cFFFFD200Zone: |rDurotar|n|cFFFFD200Cost: |r200|TINTERFACE\ICONS\INV_Misc_Coin_01:0|t
present,,,,1,1519,,114064,0,,,7,1072,-1,
present,,,,1,1521,,86061,171912,,,3,2,6,|cFFFFD200World Event:|r Hallow's End|n|cFFFFD200Vendor: |rWoim|n|cFFFFD200Zone: |rTirisfal Glades|n|cFFFFD200Cost: |r150|TINTERFACE\ICONS\achievement_halloween_candy_01:0|t|n|n|cFFFFD200Vendor: |rPippi|n|cFFFFD200Zone: |rStormwind City|n|cFFFFD200Cost: |r150|TINTERFACE\ICONS\achievement_halloween_candy_01:0|t
present,,,,1,1523,,86067,171915,,,3,2,6,|cFFFFD200World Event:|r Hallow's End|n|cFFFFD200Vendor: |rWoim|n|cFFFFD200Zone: |rTirisfal Glades|n|cFFFFD200Cost: |r150|TINTERFACE\ICONS\achievement_halloween_candy_01:0|t|n|n|cFFFFD200Vendor: |rPippi|n|cFFFFD200Zone: |rStormwind City|n|cFFFFD200Cost: |r150|TINTERFACE\ICONS\achievement_halloween_candy_01:0|t
present,,,,1,1524,,86081,170269,,,5,2,0,|cFFFFD200Drop:|r Netherspawn|n|cFFFFD200Zone:|r Nagrand|n
present,,,,1,1530,,86422,170274,,,3,2,3,|cFFFFD200Profession:|r Archaeology
present,,,,1,1531,,86420,172632,,,9,2,3,|cFFFFD200Profession:|r Archaeology
present,,,,1,1532,,86447,170270,,,2,2,1,|cFFFFD200Quest:|r Ikky's Egg|n|cFFFFD200Zone:|r Spires of Arak
present,,,,1,1533,,86532,172998,,,1,2,0,|cFFFFD200Drop:|r The Lanticore|n|cFFFFD200Zone:|r Upper Black Rock Spire
present,,,,1,1536,,86715,173532,,,2,2,0,|cFFFFD200Drop:|r Fel-Touched Pet Supplies|n|cFFFFD200Zone:|r Tanaan Jungle|n
present,,,,1,1537,,86716,173542,,,2,2,0,|cFFFFD200Drop:|r Strange Spore|n|cFFFFD200Zone:|r Gorgrond|n
present,,,,1,1538,,86717,173543,,,2,2,0,|cFFFFD200Drop:|r Strange Spore|n|cFFFFD200Zone:|r Shadowmoon Valley|n
present,,,,1,1539,,86718,173544,,,2,2,0,|cFFFFD200Drop:|r Fel-Touched Pet Supplies|n|cFFFFD200Zone:|r Tanaan Jungle|n
present,,,,1,1540,,86719,173547,,,2,2,0,|cFFFFD200Drop:|r Rotcap|n|cFFFFD200Zone:|r Spires of Arak
present,,,,1,1541,,86879,170273,,,8,2,0,|cFFFFD200Drop:|r Vasha's Egg|n|cFFFFD200Zone:|r Spires of Arak
present,,,,1,1542,,87111,170281,,,7,2,2,|cFFFFD200Vendor:|r Beska Redtusk|n|cFFFFD200Faction:|r Frostwolf|n|n
present,,,,1,1543,,87257,177216,,,4,18,0,"|cFFFFD200Drop:|r Garrisons, Barn, Level 3"
present,,,,1,1544,,87669,170268,,,6,2,0,|cFFFFD200Drop:|r Ragnaros the Firelord|n|cFFFFD200Zone:|r Molten Core (Anniversary Edition)
present,,,,1,1545,,87704,170291,,,2,2,1,|cFFFFD200Quest:|r Mastering the Menagerie
present,,,,1,1858,,105261,0,,,5,32,-1,
present,,,,1,1546,,87705,170289,,,2,82,5,|cFFFFD200Achievement:|r So. Many. Pets.
present,,,,1,1547,,87952,0,,,5,50,-1,
present,,,,1,1548,,87947,0,,,5,50,-1,
present,,,,1,1549,,87946,0,,,7,50,-1,
present,,,,1,1550,,87970,0,,,7,50,-1,
present,,,,1,1552,,87968,0,,,7,50,-1,
present,,,,1,1553,,87967,0,,,7,50,-1,
present,,,,1,1554,,87975,0,,,0,50,-1,
present,,,,1,1555,,87976,0,,,0,50,-1,
present,,,,1,1556,,87972,0,,,0,50,-1,
present,,,,1,1557,,87978,0,,,2,50,-1,
present,,,,1,1558,,87979,0,,,2,50,-1,
present,,,,1,1559,,87980,0,,,9,50,-1,
present,,,,1,1560,,87983,0,,,2,50,-1,
present,,,,1,1561,,87982,0,,,2,50,-1,
present,,,,1,1562,,87981,0,,,2,50,-1,
present,,,,1,1563,,7546,10699,,,1,2,0,|cFFFFD200Drop: |rIron Horde|n|cFFFFD200Zone: |rBlasted Lands
present,,,,1,1564,,88103,170272,,,6,2,0,|cFFFFD200Drop:|r Mandrakor|n|cFFFFD200Location:|r Gorgrond|n
present,,,,1,1565,,88134,170288,,,9,2,3,|cFFFFD200Profession: |rWarlords of Draenor Engineering
present,,,,1,1566,,88222,176137,,,2,2,1,|cFFFFD200Quest:|r For The Birds
present,,,,1,1567,,88225,176140,,,2,2,1,|cFFFFD200Quest:|r The Huntresses
present,,,,1,1568,,88300,170279,,,8,2,1,|cFFFFD200Quest:|r Mastering the Menagerie
present,,,,1,1569,,84853,170276,,,6,2,3,|cFFFFD200Profession:|r Warlords of Draenor Blacksmithing
present,,,,1,1570,,88367,177227,,,2,2,1,|cFFFFD200Quest:|r Mastering the Menagerie
present,,,,1,1571,,85281,170287,,,7,2,2,|cFFFFD200Vendor: |rKwilax Fuseshiv|n|cFFFFD200Faction: |rSteamwheedle Preservation Society - Revered|n|cFFFFD200Cost: |r1000|TINTERFACE\MONEYFRAME\UI-GOLDICON.BLP:0|t
present,,,,1,1572,,88385,0,,,2,26,4,|cFFFFD200Pet Battle: |rTalador
present,,,,1,1573,,85798,0,,,2,26,4,|cFFFFD200Pet Battle: |rSpires of Arak
present,,,,1,1574,,88401,170277,,,3,66,2,|cFFFFD200Vendor: |rRavenspeaker Skeega|n|cFFFFD200Zone: |rWarspear|n|cFFFFD200Faction: |rArakkoa Outcasts - Revered|n|cFFFFD200Cost: |r1000|TINTERFACE\MONEYFRAME\UI-GOLDICON.BLP:0|t|n|n|cFFFFD200Vendor: |rShadow-Sage Brakoss|n|cFFFFD200Zone: |rStormshield|n|cFFFFD200Faction: |rArakkoa Outcasts - Revered|n|cFFFFD200Cost: |r1000|TINTERFACE\MONEYFRAME\UI-GOLDICON.BLP:0|t
present,,,,1,1575,,88452,170271,,,2,2,2,|cFFFFD200Vendor:|r Reputation Vendor|n|cFFFFD200Reputation:|r Sha'tari Defense
present,,,,1,1576,,88490,170275,,,5,2,0,|cFFFFD200Drop:|r Oromo the Observer|n|cFFFFD200Zone:|r Talador
present,,,,1,1577,,88514,187384,,,7,2,2,"|cFFFFD200Vendor: |rTiffy Trapspring, Giada Goldleash|n|cFFFFD200Zone: |rGarrison"
present,,,,1,1578,,88480,0,,,8,26,4,|cFFFFD200Pet Battle: |rFrostfire Ridge
present,,,,1,1579,,88474,0,,,8,26,4,|cFFFFD200Pet Battle:|r Frostfire Ridge
present,,,,1,1581,,88473,0,,,8,26,4,|cFFFFD200Pet Battle:|r Tanaan Jungle|n
present,,,,1,1582,,88466,0,,,8,26,4,|cFFFFD200Pet Battle: |rShadowmoon Valley
present,,,,1,1583,,88465,0,,,8,26,4,|cFFFFD200Pet Battle: |rTalador
present,,,,1,1586,,88422,0,,,2,26,4,|cFFFFD200Pet Battle:|r Tanaan Jungle|n|n
present,,,,1,1587,,88417,0,,,2,26,4,"|cFFFFD200Pet Battle: |rShadowmoon Valley, Talador"
present,,,,1,1765,,98238,193589,,,5,2,0,|cFFFFD200Drop: |rGuk|n|cFFFFD200Zone: |rNagrand
present,,,,1,1588,,88415,187383,,,2,2,2,"|cFFFFD200Vendor: |rTiffy Trapspring, Giada Goldleash|n|cFFFFD200Zone: |rGarrison"
present,,,,1,1589,,88413,0,,,2,26,4,|cFFFFD200Pet Battle: |rTalador
present,,,,1,1590,,88359,0,,,2,26,4,"|cFFFFD200Pet Battle: |rHighmountain, Spires of Arak"
present,,,,1,1591,,88357,0,,,2,26,4,|cFFFFD200Pet Battle:|r Tanaan Jungle|n
present,,,,1,1592,,88356,0,,,2,26,4,|cFFFFD200Pet Battle: |rSpires of Arak
present,,,,1,1593,,88355,0,,,2,26,4,"|cFFFFD200Pet Battle: |r Shadowmoon Valley, Talador, Tanaan Jungle"
present,,,,1,1594,,88571,0,,,7,26,4,|cFFFFD200Pet Battle: |rGorgrond
present,,,,1,1595,,88572,0,,,7,26,4,|cFFFFD200Pet Battle: |rTalador
present,,,,1,1596,,88573,170283,,,2,2,2,|cFFFFD200Vendor:|r Vesharr|n|cFFFFD200Zone:|r Spires of Arak|n|cFFFFD200Cost:|r 1000|TINTERFACE\MONEYFRAME\UI-GOLDICON.BLP:0|t
present,,,,1,1597,,88574,177215,,,2,2,2,|cFFFFD200Vendor:|r Vesharr|n|cFFFFD200Zone:|r Spires of Arak|n|cFFFFD200Cost:|r 10|TINTERFACE\MONEYFRAME\UI-GOLDICON.BLP:0|t
present,,,,1,1598,,88575,187376,,,2,2050,2,"|cFFFFD200Vendor: |rTiffy Trapspring, Giada Goldleash|n|cFFFFD200Zone: |rGarrison"
present,,,,1,1599,,88576,0,,,2,26,4,|cFFFFD200Pet Battle: |rTalador
present,,,,1,1600,,88577,177238,,,3,2,4,"|cFFFFD200Pet Battle:|r Erris the Collector, Kura Thunderhoof"
present,,,,1,1601,,88692,170278,,,5,2,0,|cFFFFD200Drop:|r Demidos|n|cFFFFD200Zone:|r Shadowmoon Valley
present,,,,1,1602,,88805,177234,,,0,131154,7,|cFFFFD200Promotion:|r BlizzCon 2014
present,,,,1,1603,,88807,177232,,,7,82,9,|cFFFFD200In-Game Shop|r
present,,,,1,1604,,88814,177220,,,5,210,0,|cFFFFD200Zone:|r Dalaran|n
present,,,,1,1605,,88830,177233,,,5,82,5,|cFFFFD200Achievement:|r An Awfully Big Adventure
present,,,,1,1607,,89130,0,,,8,1072,-1,
present,,,,1,1608,,89129,0,,,6,1122,-1,
present,,,,1,1609,,89131,0,,,4,1072,-1,
present,,,,1,1610,,89135,0,,,3,34,-1,
present,,,,1,1615,,89194,0,,,7,26,4,|cFFFFD200Pet Battle: |rGorgrond
present,,,,1,1622,,90200,179811,,,3,2,0,|cFFFFD200Drop: |rAzgalor|n|cFFFFD200Zone: |rHyjal Summit
present,,,,1,1623,,90201,179830,,,8,2,0,|cFFFFD200Drop: |rHigh Warlord Naj'entus|n|cFFFFD200Zone: |rBlack Temple
present,,,,1,1624,,90202,179831,,,5,2,0,|cFFFFD200Drop: |rSupremus|n|cFFFFD200Zone: |rBlack Temple
present,,,,1,1625,,90203,179832,,,3,2,0,|cFFFFD200Drop: |rReliquary of the Lost|n|cFFFFD200Zone: |rBlack Temple
present,,,,1,1626,,90204,179833,,,3,131074,0,|cFFFFD200Drop: |rReliquary of the Lost|n|cFFFFD200Zone: |rBlack Temple
present,,,,1,1627,,90205,179834,,,3,131074,0,|cFFFFD200Drop: |rReliquary of the Lost|n|cFFFFD200Zone: |rBlack Temple
present,,,,1,1628,,90206,179835,,,0,133122,0,|cFFFFD200Drop: |rMother Shahraz|n|cFFFFD200Zone: |rBlack Temple
present,,,,1,1629,,90207,179836,,,3,131074,0,|cFFFFD200Drop: |rAnetheron|n|cFFFFD200Zone: |rHyjal Summit
present,,,,1,1631,,90208,179837,,,5,2,0,|cFFFFD200Drop: |rArchimonde|n|cFFFFD200Zone: |rHyjal Summit
present,,,,1,1632,,90212,179838,,,9,131074,0,|cFFFFD200Drop: |rBrutallus|n|cFFFFD200Zone: |rSunwell Plateau
present,,,,1,1633,,90213,179839,,,5,2,0,|cFFFFD200Drop: |rM'uru|n|cFFFFD200Zone: |rSunwell Plateau
present,,,,1,1859,,105262,0,,,8,32,3,
present,,,,1,1634,,90214,179840,,,0,2,0,|cFFFFD200Drop: |rEredar Twins|n|cFFFFD200Zone: |rSunwell Plateau
present,,,,1,1635,,90215,179841,,,5,210,5,|cFFFFD200Achievement: |rRaiding with Leashes III: Drinkin' From the Sunwell|n|cFFFFD200Category: |rCollect
present,,,,1,1636,,90345,179954,,,9,131154,5,|cFFFFD200Achievement: |rBig Rocketeer: Gold|n|cFFFFD200Category: |rDarkmoon Faire
present,,,,1,1637,,90676,0,,,8,50,-1,
present,,,,1,1639,,91226,181086,,,3,82,7,|cFFFFD200Promotion:|r Heroes of the Storm|n
present,,,,1,1640,,91335,0,,,2,50,-1,
present,,,,1,1641,,91336,0,,,2,48,-1,
present,,,,1,1642,,91337,170272,,,6,34,-1,
present,,,,1,1643,,91338,0,,,8,48,-1,
present,,,,1,1644,,91339,0,,,7,32,-1,
present,,,,1,1645,,91340,0,,,2,48,-1,
present,,,,1,1646,,91341,0,,,2,32,-1,
present,,,,1,1647,,91342,0,,,3,48,-1,
present,,,,1,1648,,91343,0,,,6,48,-1,
present,,,,1,1649,,91344,0,,,7,48,-1,
present,,,,1,1651,,91345,0,,,8,48,-1,
present,,,,1,1652,,90929,0,,,4,48,-1,
present,,,,1,1653,,91346,0,,,4,48,-1,
present,,,,1,1654,,91347,0,,,4,48,-1,
present,,,,1,1655,,91407,177223,,,8,2,4,"|cFFFFD200Pet Battle:|r Erris the Collector, Kura Thunderhoof|n"
present,,,,1,1656,,91408,177218,,,7,2,4,"|cFFFFD200Pet Battle:|r Erris the Collector, Kura Thunderhoof|n"
present,,,,1,1660,,91823,184480,,,7,82,1,|cFFFFD200Quest:|r A Fel Puppy Of My Own|n|cFFFFD200Zone:|r Tanaan Jungle|n|n
present,,,,1,1661,,93142,184481,,,7,2,2,"|cFFFFD200Vendor: |rTiffy Trapspring, Giada Goldleash|n|cFFFFD200Zone: |rGarrison"
present,,,,1,1662,,93143,184482,,,7,2,0,|cFFFFD200Garrison Mission:|r Fiery Friends|n
present,,,,1,1663,,93352,187555,,,7,2,0,|cFFFFD200Drop:|r Fel-Touched Pet Supplies|n|cFFFFD200Zone:|r Tanaan Jungle|n
present,,,,1,1664,,93483,185055,,,5,2,4,|cFFFFD200Drop:|r Fel-Touched Pet Supplies|n|cFFFFD200Zone:|r Tanaan Jungle|n
present,,,,1,1665,,93808,185591,,,8,2,2,|cFFFFD200Vendor: |rGalissa Sundew|n|cFFFFD200Zone: |rDarkmoon Island
present,,,,1,1666,,93814,185601,,,8,146,2,|cFFFFD200Vendor: |rGalissa Sundew|n|cFFFFD200Zone: |rDarkmoon Island
present,,,,1,1671,,94601,0,,,9,9264,-1,
present,,,,1,1672,,94623,187532,,,9,2,0,|cFFFFD200Drop:|r Shadow-Lord Iskar|n|cFFFFD200Zone:|r Hellfire Citadel|n
present,,,,1,1673,,94637,0,,,7,9264,-1,
present,,,,1,1674,,94638,0,,,7,9264,-1,
present,,,,1,1675,,94639,0,,,3,9264,-1,
present,,,,1,1676,,94640,0,,,2,9264,-1,
present,,,,1,1677,,94641,0,,,8,9264,-1,
present,,,,1,1678,,94642,0,,,6,9264,-1,
present,,,,1,1679,,94643,0,,,8,9264,-1,
present,,,,1,1680,,94644,0,,,5,9264,-1,
present,,,,1,1681,,94645,0,,,2,9264,-1,
present,,,,1,1682,,94646,0,,,5,9264,-1,
present,,,,1,1683,,94647,0,,,9,9264,-1,
present,,,,1,1684,,94648,0,,,0,9264,-1,
present,,,,1,1685,,94649,0,,,0,9264,-1,
present,,,,1,1686,,94650,0,,,6,9264,-1,
present,,,,1,1687,,94867,188084,,,8,2,0,|cFFFFD200Garrison Mission:|r Orphaned Aquatic Animal Rescue|n
present,,,,1,1766,,98237,193588,,,5,2,0,|cFFFFD200Drop: |rPugg|n|cFFFFD200Zone: |rNagrand
present,,,,1,1688,,94927,188235,,,0,2,2,|cFFFFD200Vendor: |rTrader Araanda|n|cFFFFD200Zone: |rLunarfall|n|cFFFFD200Cost: |r1000|TINTERFACE\MONEYFRAME\UI-GOLDICON.BLP:0|t|n|n|cFFFFD200Vendor: |rTrader Darakk|n|cFFFFD200Zone: |rFrostwall|n|cFFFFD200Cost: |r1000|TINTERFACE\MONEYFRAME\UI-GOLDICON.BLP:0|t
present,,,,1,1690,,95572,189357,,,6,2,0,|cFFFFD200Treasure: |rForgotten Shard of the Cipher|n|cFFFFD200Zone: |rTanaan Jungle
present,,,,1,1691,,95841,190020,,,4,82,7,|cFFFFD200Promotion:|r Legion Collector's Edition
present,,,,1,1692,,96126,190682,,,7,2,2,|cFFFFD200Vendor: |rZ'tenga the Walker|n|cFFFFD200Zone: |rTanaan Jungle|n|cFFFFD200Faction: |rThe Saberstalkers - Revered|n|cFFFFD200Cost: |r1500|TInterface\ICONS\INV_misc_blacksaberonfang.blp:0|t
present,,,,1,1693,,96123,190681,,,2,2,2,|cFFFFD200Vendor: |rDawn-Seeker Krisek|n|cFFFFD200Zone: |rTanaan Jungle|n|cFFFFD200Faction: |rOrder of the Awakened - Exalted
present,,,,1,1699,,96403,191071,,,5,2,3,|cFFFFD200Profession:|r Legion Enchanting|n|cFFFFD200Formula:|r Enchanted Cauldron
present,,,,1,1700,,96404,191072,,,5,2,3,|cFFFFD200Profession:|r Legion Enchanting|n|cFFFFD200Formula:|r Enchanted Torch
present,,,,1,1701,,96405,191073,,,5,2,3,|cFFFFD200Profession:|r Legion Enchanting|n|cFFFFD200Formula:|r Enchanted Pen
present,,,,1,1705,,96622,186299,,,7,2,1,|cFFFFD200Quest: |rGrumpy|n|cFFFFD200Zone: |rVal'sharah
present,,,,1,1706,,96649,191425,,,7,2,1,|cFFFFD200Quest:|r Adopting the Adorable|n|cFFFFD200Zone:|r Val'Sharah
present,,,,1,1708,,97018,0,,,2,26,4,"|cFFFFD200Pet Battle: |rAzsuna, Stormheim"
present,,,,1,1709,,97076,0,,,2,26,4,|cFFFFD200Pet Battle:|r Azsuna|n
present,,,,1,1710,,97078,0,,,2,26,4,|cFFFFD200Pet Battle:|r Azsuna|n
present,,,,1,1711,,97079,193680,,,2,2,1,|cFFFFD200Quest: |rEmpty Nest|n|cFFFFD200Zone: |rHighmountain
present,,,,1,1712,,97080,0,,,2,26,4,|cFFFFD200Pet Battle: |rStormheim
present,,,,1,1713,,97118,0,,,2,26,4,"|cFFFFD200Pet Battle: |rHighmountain, Stormheim"
present,,,,1,1714,,97126,0,,,2,26,4,|cFFFFD200Pet Battle: |rHighmountain
present,,,,1,1715,,97127,194393,,,2,26,2,|cFFFFD200Vendor: |rDraemus|n|cFFFFD200Zone: |rDalaran|n|cFFFFD200Cost: |r100|Hitem:163036|h|TInterface\ICONS\INV_Currency_PetBattle.BLP:0|t|h
present,,,,1,1716,,97128,210669,,,2,2,2,|cFFFFD200Vendor: |rMarin Bladewing|n|cFFFFD200Zone: |rAzsuna|n|cFFFFD200Faction: |rThe Wardens - Revered|n|cFFFFD200Cost: |r500|TINTERFACE\MONEYFRAME\UI-GOLDICON.BLP:0|t
present,,,,1,1717,,97174,210671,,,5,2,2,|cFFFFD200Vendor: |rFirst Arcanist Thalyssra|n|cFFFFD200Zone: |rSuramar|n|cFFFFD200Faction: |rThe Nightfallen - Revered|n|cFFFFD200Cost: |r500|TINTERFACE\MONEYFRAME\UI-GOLDICON.BLP:0|t
present,,,,1,1718,,97178,210672,,,5,18,4,"|cFFFFD200Order Hall:|r Dreadscar Rift, The Fel Hammer"
present,,,,1,1719,,97179,210673,,,5,10,0,|cFFFFD200Drop: |rFelsoul Inquisitor|n|cFFFFD200Zone: |rSuramar
present,,,,1,1720,,97207,193388,,,1,66,1,|cFFFFD200Quest: |rOn the Brink|n|cFFFFD200Zone: |rAzsuna
present,,,,1,1721,,97205,193514,,,1,2,0,|cFFFFD200Drop: |rStormwing Matriarch|n|cFFFFD200Zone: |rStormheim
present,,,,1,1722,,97206,210674,,,1,26,4,|cFFFFD200Pet Battle: |rThe Emerald Nightmare
present,,,,1,1723,,112015,210675,,,1,2,0,|cFFFFD200Drop: |rYsondre|n|cFFFFD200Zone: |rThe Emerald Nightmare
present,,,,1,1725,,97229,191967,,,0,2,6,|cFFFFD200World Event:|r Feast of Winter Veil
present,,,,1,1726,,97236,0,,,7,26,4,|cFFFFD200Pet Battle: |rHighmountain
present,,,,1,1770,,98294,0,,,7,48,-1,
present,,,,1,1771,,98295,0,,,7,48,-1,
present,,,,1,1727,,97238,194357,,,7,2,2,|cFFFFD200Vendor: |rBreanni|n|cFFFFD200Zone: |rDalaran|n|cFFFFD200Cost: |r200|TINTERFACE\MONEYFRAME\UI-GOLDICON.BLP:0|t|n|n|cFFFFD200Vendor: |rBreanni|n|cFFFFD200Zone: |rCrystalsong Forest|n|cFFFFD200Cost: |r200|TINTERFACE\MONEYFRAME\UI-GOLDICON.BLP:0|t
present,,,,1,1728,,97283,0,,,8,26,4,"|cFFFFD200Pet Battle: |rAzsuna, Eye of Azshara"
present,,,,1,1729,,97294,0,,,4,26,4,"|cFFFFD200Pet Battle: |rAzsuna, Eye of Azshara"
present,,,,1,1730,,97324,0,,,3,26,6,|cFFFFD200World Event:|r Hallow's End|n
present,,,,1,1731,,97323,0,,,7,26,4,"|cFFFFD200Pet Battle: |rAzsuna, Highmountain"
present,,,,1,1734,,97511,0,,,2,26,4,|cFFFFD200Pet Battle: |rVal'sharah
present,,,,1,1735,,97531,0,,,7,26,4,|cFFFFD200Pet Battle: |rVal'sharah
present,,,,1,1736,,97542,0,,,7,26,4,"|cFFFFD200Pet Battle: |rAzsuna, Stormheim, Val'sharah"
present,,,,1,1737,,97547,0,,,2,26,4,|cFFFFD200Pet Battle: |rVal'sharah
present,,,,1,1738,,97555,0,,,4,26,4,|cFFFFD200Pet Battle: |rVal'sharah
present,,,,1,1739,,97559,0,,,8,26,4,|cFFFFD200Pet Battle: |rVal'sharah
present,,,,1,1740,,97569,0,,,3,26,6,|cFFFFD200World Event:|r Hallow's End|n
present,,,,1,1741,,97568,0,,,3,26,6,|cFFFFD200World Event:|r Hallow's End|n
present,,,,1,1742,,97690,0,,,0,1072,-1,
present,,,,1,1743,,97741,0,,,7,26,4,"|cFFFFD200Pet Battle: |rHighmountain, Stormheim"
present,,,,1,1744,,97743,0,,,7,26,4,"|cFFFFD200Pet Battle: |rHighmountain, Stormheim"
present,,,,1,1745,,97818,0,,,7,48,-1,
present,,,,1,1746,,97823,0,,,2,48,-1,
present,,,,1,1748,,97826,0,,,7,48,-1,
present,,,,1,1749,,97840,0,,,7,26,4,|cFFFFD200Pet Battle: |rStormheim
present,,,,1,1750,,97952,0,,,3,26,4,|cFFFFD200Pet Battle: |rStormheim
present,,,,1,1751,,98004,193279,,,7,16466,6,|cFFFFD200World Event:|r WoW Remix: Legion
present,,,,1,1752,,98077,193368,,,4,2,0,|cFFFFD200Drop: |rTenpak Flametotem|n|cFFFFD200Zone: |rHighmountain
present,,,,1,1753,,98116,193434,,,8,2,0,|cFFFFD200Drop: |rSoulthirster|n|cFFFFD200Zone: |rHelheim
present,,,,1,1754,,98128,210677,,,8,2,2,|cFFFFD200Vendor:|r Laura Malley|n|cFFFFD200Zone:|r Dalaran Sewers|n|cFFFFD200Cost:|r 250|TINTERFACE\ICONS\ACHIEVEMENT_KIRINTOR_OFFENSIVE.BLP:0|t|n
present,,,,1,1755,,98132,194330,,,8,2,2,|cFFFFD200Vendor: |rDraemus|n|cFFFFD200Zone: |rDalaran|n|cFFFFD200Cost: |r50|Hitem:163036|h|TInterface\ICONS\INV_Currency_PetBattle.BLP:0|t|h
present,,,,1,1756,,98172,210678,,,7,2,4,|cFFFFD200Profession:|r Legion Alchemy
present,,,,1,1757,,98181,210679,,,7,50,4,|cFFFFD200Pet Battle:|r 
present,,,,1,1758,,98182,210680,,,7,50,4,|cFFFFD200Pet Battle:|r 
present,,,,1,1759,,98183,210681,,,7,2,4,|cFFFFD200Profession:|r Legion Alchemy
present,,,,1,1760,,98185,194294,,,7,2,2,|cFFFFD200Vendor: |rDraemus|n|cFFFFD200Zone: |rDalaran|n|cFFFFD200Cost: |r200|Hitem:163036|h|TInterface\ICONS\INV_Currency_PetBattle.BLP:0|t|h
present,,,,1,1761,,88542,0,,,2,26,4,|cFFFFD200Pet Battle: |rHighmountain
present,,,,1,1762,,98192,0,,,2,26,4,|cFFFFD200Pet Battle: |rHighmountain
present,,,,1,1763,,98211,0,,,7,26,4,|cFFFFD200Pet Battle: |rHighmountain
present,,,,1,1764,,98236,193572,,,5,2,0,|cFFFFD200Drop: |rRukdug|n|cFFFFD200Zone: |rNagrand
present,,,,1,1772,,98296,0,,,7,48,-1,
present,,,,1,1773,,98385,0,,,5,26,4,|cFFFFD200Pet Battle: |rAzsuna
present,,,,1,1774,,98386,0,,,5,26,4,|cFFFFD200Pet Battle: |rAzsuna
present,,,,1,1775,,98428,0,,,8,26,4,|cFFFFD200Pet Battle: |rHighmountain
present,,,,1,1776,,98446,0,,,4,26,4,|cFFFFD200Pet Battle: |rHighmountain
present,,,,1,1777,,98463,193943,,,6,82,0,|cFFFFD200Order Hall:|r The Dreamgrove
present,,,,1,1778,,98506,0,,,4,26,4,|cFFFFD200Pet Battle:|r Dalaran
present,,,,1,1780,,98595,0,,,4,32,4,
present,,,,1,1781,,98593,0,,,8,32,4,
present,,,,1,1782,,98592,0,,,3,32,0,
present,,,,1,1787,,99017,0,,,6,32,-1,
present,,,,1,1788,,99016,0,,,2,32,-1,
present,,,,1,1789,,99015,0,,,6,32,-1,
present,,,,1,1790,,99085,0,,,3,2080,-1,
present,,,,1,1791,,99086,0,,,5,32,-1,
present,,,,1,1792,,99084,0,,,2,32,-1,
present,,,,1,1793,,99156,0,,,4,32,-1,
present,,,,1,1794,,99151,0,,,9,32,-1,
present,,,,1,1795,,99186,0,,,0,32,-1,
present,,,,1,1796,,99185,0,,,2,32,-1,
present,,,,1,1797,,99187,0,,,1,32,-1,
present,,,,1,1798,,99158,0,,,8,32,-1,
present,,,,1,1799,,99245,0,,,0,32,-1,
present,,,,1,1800,,99239,0,,,8,32,-1,
present,,,,1,1801,,99243,0,,,2,32,-1,
present,,,,1,1802,,99394,195368,,,6,2,0,|cFFFFD200Drop: |rPollous the Fetid|n|cFFFFD200Zone: |rVal'sharah
present,,,,1,1803,,99389,195369,,,0,2,0,|cFFFFD200Drop:|r Dreamweaver Provisions|n
present,,,,1,1804,,99403,195370,,,3,2,0,|cFFFFD200Drop: |rDarkshade|n|cFFFFD200Zone: |rVal'sharah
present,,,,1,1805,,99425,210682,,,9,2,2,|cFFFFD200Vendor: |rDraemus|n|cFFFFD200Zone: |rDalaran|n|cFFFFD200Cost: |r200|Hitem:163036|h|TInterface\ICONS\INV_Currency_PetBattle.BLP:0|t|h
present,,,,1,1806,,99505,210683,,,9,2,0,|cFFFFD200Drop:|r Blingtron 6000 Gift Package|n
present,,,,1,1807,,99513,0,,,7,26,4,|cFFFFD200Pet Battle: |rSuramar
present,,,,1,1808,,99526,210691,,,7,2,3,|cFFFFD200Treasure:|r Suramar|n
present,,,,1,1809,,99527,0,,,7,26,4,|cFFFFD200Pet Battle: |rSuramar
present,,,,1,1810,,99528,0,,,7,26,4,|cFFFFD200Pet Battle: |rSuramar
present,,,,1,1811,,98572,0,,,6,1072,-1,
present,,,,1,1815,,99742,0,,,6,1072,-1,
present,,,,1,1816,,99856,0,,,6,1072,-1,
present,,,,1,1817,,99874,0,,,5,1072,-1,
present,,,,1,1818,,99876,0,,,9,1072,-1,
present,,,,1,1828,,103159,204148,,,0,82,7,|cFFFFD200Promotion:|r Overwatch Origins Edition or Collector's Edition|n
present,,,,1,1840,,104558,0,,,4,32,-1,
present,,,,1,1841,,104559,0,,,4,32,-1,
present,,,,1,1842,,104560,0,,,4,32,-1,
present,,,,1,1843,,104782,0,,,7,9264,-1,
present,,,,1,1846,,104972,0,,,5,32,-1,
present,,,,1,1847,,104975,0,,,0,32,-1,
present,,,,1,1848,,104978,0,,,6,32,-1,
present,,,,1,1849,,104992,0,,,5,1056,-1,
present,,,,1,1850,,105009,0,,,0,9248,-1,
present,,,,1,1851,,105090,0,,,6,32,-1,
present,,,,1,1852,,105087,0,,,6,32,-1,
present,,,,1,1853,,105086,0,,,6,32,-1,
present,,,,1,1855,,105241,0,,,4,1072,4,
present,,,,1,1857,,105260,0,,,2,32,4,
present,,,,1,1860,,105318,0,,,7,32,4,
present,,,,1,1861,,105319,0,,,2,32,4,
present,,,,1,1862,,105320,0,,,7,32,0,
present,,,,1,1863,,105353,0,,,5,32,5,
present,,,,1,1864,,105356,0,,,5,32,5,
present,,,,1,1865,,105355,0,,,5,32,5,
present,,,,1,1866,,105389,0,,,7,32,-1,
present,,,,1,1867,,105391,0,,,7,32,-1,
present,,,,1,1868,,105453,0,,,3,32,4,
present,,,,1,1869,,105454,0,,,3,32,0,
present,,,,1,1870,,105452,0,,,6,32,-1,
present,,,,1,1871,,105499,0,,,3,32,-1,
present,,,,1,1872,,105500,0,,,3,32,-1,
present,,,,1,1873,,105675,0,,,9,32,-1,
present,,,,1,1874,,105677,0,,,4,32,-1,
present,,,,1,1875,,105678,0,,,8,32,-1,
present,,,,1,1877,,105782,0,,,5,32,-1,
present,,,,1,1878,,105783,0,,,5,32,-1,
present,,,,1,1879,,105784,0,,,5,32,-1,
present,,,,1,1880,,105840,0,,,3,1074,-1,
present,,,,1,1881,,105841,0,,,0,1056,7,
present,,,,1,1882,,105842,0,,,1,1056,0,
present,,,,1,1883,,105898,0,,,8,1056,0,
present,,,,1,1884,,106152,210694,,,7,2,2,|cFFFFD200Vendor: |rRansa Greyfeather|n|cFFFFD200Zone: |rHighmountain|n|cFFFFD200Faction: |rHighmountain Tribe - Revered|n|cFFFFD200Cost: |r500|TINTERFACE\MONEYFRAME\UI-GOLDICON.BLP:0|t
present,,,,1,1885,,106181,210695,,,0,2,2,|cFFFFD200Vendor: |rValdemar Stormseeker|n|cFFFFD200Zone: |rStormheim|n|cFFFFD200Faction: |rValarjar - Revered|n|cFFFFD200Cost: |r500|TINTERFACE\MONEYFRAME\UI-GOLDICON.BLP:0|t
present,,,,1,1886,,106210,210696,,,9,2,3,|cFFFFD200Profession:|r Legion Engineering|n
present,,,,1,1887,,106232,210697,,,0,2,3,|cFFFFD200Profession:|r Archaeology
present,,,,1,1888,,106270,210698,,,5,18,2,|cFFFFD200Vendor:|r The Mad Merchant|n
present,,,,1,1889,,106278,210699,,,2,2,4,|cFFFFD200World Event:|r Legion Invasion|n
present,,,,1,1890,,106283,210701,,,7,18,2,|cFFFFD200Vendor: |rHistorian Ma'di|n|cFFFFD200Zone: |rTanaris|n|cFFFFD200Cost: |r200|Hcurrency:1166|h|TInterface\ICONS\PVECurrency-Justice.blp:0|t|h
present,,,,1,1891,,106417,0,,,6,9248,4,
present,,,,1,1892,,106422,0,,,0,32,4,
present,,,,1,1893,,106423,0,,,0,32,4,
present,,,,1,1894,,106424,0,,,0,32,4,
present,,,,1,1895,,106525,0,,,2,32,4,
present,,,,1,1896,,106535,0,,,4,32,4,
present,,,,1,1897,,106553,0,,,5,32,4,
present,,,,1,1898,,106554,0,,,3,32,4,
present,,,,1,1899,,106555,0,,,2,32,4,
present,,,,1,1903,,107206,0,,,4,82,5,|cFFFFD200Achievement:|r Zoom!
present,,,,1,1904,,107491,0,,,7,32,-1,
present,,,,1,1905,,107492,0,,,7,32,-1,
present,,,,1,1906,,107493,0,,,6,32,-1,
present,,,,1,1907,,108568,215560,,,2,2,0,|cFFFFD200Drop: |rGorebeak|n|cFFFFD200Zone: |rVal'sharah
present,,,,1,1911,,109216,217218,,,8,2,2,|cFFFFD200Vendor: |rConjurer Margoss|n|cFFFFD200Zone: |rDalaran|n|cFFFFD200Faction: |rConjurer Margoss - Friendly|n|cFFFFD200Cost: |r50|TINTERFACE\ICONS\INV_ELEMENTAL_PRIMAL_WATER.BLP:0|t
present,,,,1,1912,,110666,0,,,8,26,4,|cFFFFD200Pet Battle: |rDalaran
present,,,,1,1913,,110741,0,,,4,26,4,|cFFFFD200Pet Battle: |rVal'sharah
present,,,,1,1914,,110826,0,,,2,26,4,"|cFFFFD200Pet Battle: |rAzsuna, Eye of Azshara, Suramar"
present,,,,1,1915,,111158,0,,,4,26,4,|cFFFFD200Pet Battle: |rDalaran Sewers
present,,,,1,1917,,111172,0,,,6,26,4,|cFFFFD200Pet Battle: |rStormheim
present,,,,1,2092,,127954,253928,,,6,2,0,|cFFFFD200Treasure: |rElementium Fragment|n
present,,,,1,1918,,111202,221684,,,0,131666,5,|cFFFFD200PvP:|r Honor Level 20 Reward|n|n|cFFFFD200Vendor: |rCaptain Roberts|n|cFFFFD200Zone: |rDalaran|n|cFFFFD200Cost: |r500|TINTERFACE\MONEYFRAME\UI-GOLDICON.BLP:0|t|n|n|cFFFFD200Vendor: |rMarshal Frazer|n|cFFFFD200Zone: |rTiragarde Sound|n|cFFFFD200Cost: |r500|TINTERFACE\MONEYFRAME\UI-GOLDICON.BLP:0|t|n|n|cFFFFD200Vendor: |rKnight-Captain Jessica|n|cFFFFD200Zone: |rStormwind City|n|cFFFFD200Cost: |r500|TINTERFACE\MONEYFRAME\UI-GOLDICON.BLP:0|t
present,,,,1,1919,,111296,221683,,,0,131410,5,|cFFFFD200PvP:|r Honor Level 20 Reward|n|n|cFFFFD200Vendor: |rSarah the Savage|n|cFFFFD200Zone: |rDalaran|n|cFFFFD200Cost: |r500|TINTERFACE\MONEYFRAME\UI-GOLDICON.BLP:0|t|n|n|cFFFFD200Vendor: |rViolet Shadowmend|n|cFFFFD200Zone: |rZuldazar|n|cFFFFD200Cost: |r500|TINTERFACE\MONEYFRAME\UI-GOLDICON.BLP:0|t|n|n|cFFFFD200Vendor: |rLegionnaire Voladis|n|cFFFFD200Zone: |rOrgrimmar|n|cFFFFD200Cost: |r500|TINTERFACE\MONEYFRAME\UI-GOLDICON.BLP:0|t
present,,,,1,1920,,111425,221906,,,5,2,3,|cFFFFD200Profession:|r Legion Alchemy|n
present,,,,1,1921,,111423,221907,,,5,2,1,|cFFFFD200Quest: |rBalance to Spare|n|cFFFFD200Zone: |rSuramar
present,,,,1,1922,,111421,221908,,,7,2,1,|cFFFFD200Quest: |rYou've Got to Be Kitten Me Right Meow|n|cFFFFD200Zone: |rSuramar
present,,,,1,1926,,111984,223027,,,5,2,0,|cFFFFD200Drop:|r Kosumoth the Hungering|n
present,,,,1,1927,,17254,30152,,,7,66,2,|cFFFFD200Vendor: |rSylvia Hartshorn|n|cFFFFD200Zone: |rVal'sharah|n|cFFFFD200Faction: |rDreamweavers - Revered|n|cFFFFD200Cost: |r500|TINTERFACE\MONEYFRAME\UI-GOLDICON.BLP:0|t
present,,,,1,1928,,112132,223339,,,2,66,10,"|cFFFFD200Mission:|r Friends, Not Food|n"
present,,,,1,1929,,112144,223359,,,7,66,10,|cFFFFD200Mission:|r It's so FLUFFY!|n
present,,,,1,1930,,112167,223409,,,8,82,4,|cFFFFD200Achievement:|r Poor Unfortunate Souls|n
present,,,,1,1931,,112728,224403,,,5,2,2,|cFFFFD200Vendor: |rVeridis Fallon|n|cFFFFD200Zone: |rAzsuna|n|cFFFFD200Faction: |rCourt of Farondis - Revered|n|cFFFFD200Cost: |r500|TINTERFACE\MONEYFRAME\UI-GOLDICON.BLP:0|t
present,,,,1,1932,,112798,224536,,,6,18,4,|cFFFFD200Order Hall:|r The Dreamgrove
present,,,,1,1933,,112945,224786,,,6,82,5,|cFFFFD200Achievement: |rFamily Familiar|n|cFFFFD200Category: |rBattle
present,,,,1,1934,,113136,225200,,,8,2,0,|cFFFFD200Drop: |rAnax|n|cFFFFD200Zone: |rSuramar
present,,,,1,1935,,113440,0,,,0,26,4,|cFFFFD200Pet Battle: |rThe Great Sea
present,,,,1,1936,,113527,225761,,,7,82,9,|cFFFFD200In-Game Shop|r|n
present,,,,1,1937,,113827,226682,,,5,146,1,|cFFFFD200Quest:|r Enemies Everywhere|n
present,,,,1,1938,,113855,226813,,,4,82,5,|cFFFFD200Achievement: |rBroken Isles Safari|n|cFFFFD200Category: |rCollect
present,,,,1,1939,,113984,227051,,,0,338,7,|cFFFFD200Promotion:|r BlizzCon 2016
present,,,,1,1940,,113983,227052,,,0,594,7,|cFFFFD200Promotion:|r BlizzCon 2016|n
present,,,,1,1941,,114063,227093,,,7,18,4,|cFFFFD200Pet Battle:|r Snowfang|n
present,,,,1,1943,,33975,227113,,,4,2,6,|cFFFFD200World Event:|r Noblegarden|n|cFFFFD200Vendor: |rNoblegarden Merchant|n|cFFFFD200Cost: |r200|TINTERFACE\ICONS\Achievement_Noblegarden_Chocolate_Egg:0|t
present,,,,1,1949,,114543,0,,,6,2,6,"|cFFFFD200World Event:|r Midsummer Fire Festival|n|cFFFFD200Vendor: |rMidsummer Merchant, Midsummer Supplier|n|cFFFFD200Cost: |r350|TINTERFACE\ICONS\INV_SummerFest_FireFlower:0|t"
present,,,,1,1952,,115135,229090,,,7,2050,0,|cFFFFD200Drop: |rIcehowl|n|cFFFFD200Zone: |rTrial of the Crusader
present,,,,1,1953,,115136,229091,,,0,2,0,|cFFFFD200Drop: |rIcehowl|n|cFFFFD200Zone: |rTrial of the Crusader
present,,,,1,1954,,115137,229092,,,3,2,0,|cFFFFD200Drop: |rAnub'arak|n|cFFFFD200Zone: |rTrial of the Crusader
present,,,,1,1955,,115138,229093,,,6,2,0,|cFFFFD200Drop: |rIgnis the Furnace Master|n|cFFFFD200Zone: |rUlduar
present,,,,1,1956,,115139,229094,,,1,2,0,|cFFFFD200Drop: |rRazorscale|n|cFFFFD200Zone: |rUlduar
present,,,,1,2144,,129253,256010,,,7,32,0, 
present,,,,1,1957,,115140,229095,,,9,2,0,|cFFFFD200Drop: |rIron Council|n|cFFFFD200Zone: |rUlduar
present,,,,1,1958,,115141,229096,,,5,2050,0,|cFFFFD200Drop: |rAuriaya|n|cFFFFD200Zone: |rUlduar
present,,,,1,1959,,115142,229097,,,6,2,0,|cFFFFD200Treasure: |rCache of Winter|n|cFFFFD200Zone: |rUlduar
present,,,,1,1960,,115143,229098,,,6,2050,0,|cFFFFD200Treasure:|r Freya's Gift|n|cFFFFD200Zone:|r Ulduar|n
present,,,,1,1961,,115144,229099,,,9,2,0,|cFFFFD200Treasure: |rCache of Innovation|n|cFFFFD200Zone: |rUlduar
present,,,,1,1962,,115145,229100,,,5,2050,0,|cFFFFD200Drop: |rYogg-Saron|n|cFFFFD200Zone: |rUlduar
present,,,,1,1963,,115146,229101,,,3,2,0,|cFFFFD200Drop: |rLord Marrowgar|n|cFFFFD200Zone: |rIcecrown Citadel
present,,,,1,1964,,115147,229102,,,5,2,0,|cFFFFD200Treasure: |rDeathbringer's Cache|n|cFFFFD200Zone: |rIcecrown Citadel
present,,,,1,1965,,115148,229103,,,3,2050,0,|cFFFFD200Drop: |rProfessor Putricide|n|cFFFFD200Zone: |rIcecrown Citadel
present,,,,1,1966,,115149,229104,,,3,2,0,|cFFFFD200Drop: |rSindragosa|n|cFFFFD200Zone: |rIcecrown Citadel
present,,,,1,1967,,115150,229105,,,3,2,0,|cFFFFD200Drop: |rThe Lich King|n|cFFFFD200Zone: |rIcecrown Citadel
present,,,,1,1968,,115152,229106,,,3,2,0,|cFFFFD200Drop: |rThe Lich King|n|cFFFFD200Zone: |rIcecrown Citadel
present,,,,1,1969,,115158,229110,,,5,82,1,|cFFFFD200Quest: |rA Celestial Invitation|n|cFFFFD200Zone: |rThe Storm Peaks
present,,,,1,1971,,115308,0,,,1,48,-1,
present,,,,1,1972,,115306,0,,,5,48,0,
present,,,,1,1973,,115313,0,,,5,48,-1,
present,,,,1,1974,,115784,230073,,,2,82,0,|cFFFFD200NPC:|r Orphaned Snowfeather|n
present,,,,1,1975,,115785,230074,,,2,82,0,|cFFFFD200NPC:|r Orphaned Direbeak|n
present,,,,1,1976,,115786,230075,,,2,82,0,|cFFFFD200NPC:|r Orphaned Sharptalon|n
present,,,,1,1977,,115787,230076,,,2,82,0,|cFFFFD200NPC:|r Orphaned Bloodgazer|n|n
present,,,,1,1978,,115918,230443,,,0,131794,5,|cFFFFD200PvP:|r Honor Level 5 Reward|n|n|cFFFFD200Vendor: |rCaptain Roberts|n|cFFFFD200Zone: |rDalaran|n|cFFFFD200Cost: |r500|TINTERFACE\MONEYFRAME\UI-GOLDICON.BLP:0|t|n|n|cFFFFD200Vendor: |rMarshal Frazer|n|cFFFFD200Zone: |rTiragarde Sound|n|cFFFFD200Cost: |r500|TINTERFACE\MONEYFRAME\UI-GOLDICON.BLP:0|t|n|n|cFFFFD200Vendor: |rKnight-Captain Jessica|n|cFFFFD200Zone: |rStormwind City|n|cFFFFD200Cost: |r500|TINTERFACE\MONEYFRAME\UI-GOLDICON.BLP:0|t
present,,,,1,1979,,115919,230444,,,0,131538,5,|cFFFFD200PvP:|r Honor Level 5 Reward|n|n|cFFFFD200Vendor: |rSarah the Savage|n|cFFFFD200Zone: |rDalaran|n|cFFFFD200Cost: |r500|TINTERFACE\MONEYFRAME\UI-GOLDICON.BLP:0|t|n|n|cFFFFD200Vendor: |rViolet Shadowmend|n|cFFFFD200Zone: |rZuldazar|n|cFFFFD200Cost: |r500|TINTERFACE\MONEYFRAME\UI-GOLDICON.BLP:0|t|n|n|cFFFFD200Vendor: |rLegionnaire Voladis|n|cFFFFD200Zone: |rOrgrimmar|n|cFFFFD200Cost: |r500|TINTERFACE\MONEYFRAME\UI-GOLDICON.BLP:0|t
present,,,,1,1981,,116077,0,,,2,48,-1,
present,,,,1,1982,,116078,0,,,2,48,-1,
present,,,,1,1983,,116079,0,,,2,48,-1,
present,,,,1,1984,,116080,231017,,,2,2,0,|cFFFFD200Drop:|r Torn Sack of Pet Supplies|n
present,,,,1,1987,,116787,0,,,2,48,-1,
present,,,,1,1988,,116788,0,,,8,48,-1,
present,,,,1,1989,,116786,0,,,7,48,-1,
present,,,,1,1990,,116789,0,,,7,9264,-1,
present,,,,1,1991,,116790,0,,,7,48,-1,
present,,,,1,1992,,116791,0,,,7,48,-1,
present,,,,1,1993,,116792,0,,,7,48,-1,
present,,,,1,1994,,116793,0,,,7,9264,-1,
present,,,,1,1995,,116794,0,,,5,48,-1,
present,,,,1,1996,,116795,0,,,6,9264,-1,
present,,,,1,1997,,116871,232867,,,2,18,1,|cFFFFD200Order Hall:|r Hall of Shadows
present,,,,1,1998,,117180,233331,,,6,2,0,|cFFFFD200Drop: |rDamp Pet Supplies|n
present,,,,1,1999,,117182,233333,,,7,2,0,|cFFFFD200Drop: |rDamp Pet Supplies
present,,,,1,2000,,117184,233335,,,2,2,0,|cFFFFD200Drop: |rDamp Pet Supplies
present,,,,1,2001,,117340,233647,,,9,2,0,|cFFFFD200Drop:|r Leprous Sack of Pet Supplies|n
present,,,,1,2002,,117341,233649,,,3,2,6,|cFFFFD200World Event:|r Hallow's End|n|cFFFFD200Vendor: |rWoim|n|cFFFFD200Zone: |rTirisfal Glades|n|cFFFFD200Cost: |r150|TINTERFACE\ICONS\achievement_halloween_candy_01:0|t|n|n|cFFFFD200Vendor: |rPippi|n|cFFFFD200Zone: |rStormwind|n|cFFFFD200Cost: |r150|TINTERFACE\ICONS\achievement_halloween_candy_01:0|t|n
present,,,,1,2003,,117343,233650,,,6,82,5,|cFFFFD200Achievement: |rMaster of Minions|n|cFFFFD200Category: |rCollect
present,,,,1,2004,,117371,233805,,,4,82,2,|cFFFFD200Vendor: |rConjuror Margoss|n|cFFFFD200Zone: |rDalaran|n|cFFFFD200Faction: |rConjuror Margoss - Best Friend|n|cFFFFD200Cost: |r50|TINTERFACE\ICONS\INV_ELEMENTAL_MOTE_WATER01:0|t
present,,,,1,2008,,117979,0,,,5,32,-1,
present,,,,1,2009,,117980,0,,,5,32,0,
present,,,,1,2010,,117981,0,,,6,32,-1,
present,,,,1,2011,,117982,0,,,0,131104,0,
present,,,,1,2012,,117983,0,,,5,32,0,
present,,,,1,2013,,117985,0,,,0,32,0,
present,,,,1,2014,,117986,0,,,6,32,0,
present,,,,1,2015,,117987,0,,,8,32,0,
present,,,,1,2016,,117988,0,,,3,32,0,
present,,,,1,2017,,118060,234555,,,1,18,2,|cFFFFD200Vendor: |rMistweaver Xia|n|cFFFFD200Zone: |rTimeless Isle|n|cFFFFD200Cost: |r2200|Hcurrency:1166|h|TInterface\Icons\pvecurrency-justice.BLP:0|t|h
present,,,,1,2018,,118063,234556,,,6,18,2,|cFFFFD200Vendor: |rMistweaver Xia|n|cFFFFD200Zone: |rTimeless Isle|n|cFFFFD200Cost: |r2200|Hcurrency:1166|h|TInterface\Icons\pvecurrency-justice.BLP:0|t|h
present,,,,1,2022,,119040,236285,,,0,18,2,"|cFFFFD200Vendor: |rQuackenbush|n|cFFFFD200Zone: |rDeeprun Tram|n|cFFFFD200Cost: |r500|TINTERFACE\MONEYFRAME\UI-GOLDICON.BLP:0|t|n|cFFFFD200Reputation: |rBizmo's Brawlpub, Rank 3|n|n|cFFFFD200Vendor: |rPaul North|n|cFFFFD200Zone: |rBrawl'gar Arena|n|cFFFFD200Cost: |r500|TINTERFACE\MONEYFRAME\UI-GOLDICON.BLP:0|t|n|cFFFFD200Reputation: |rBrawl'gar Arena, Rank 3"
present,,,,1,2023,,119346,0,,,3,48,-1,
present,,,,1,2024,,119345,0,,,7,9264,-1,
present,,,,1,2025,,119344,0,,,2,9264,-1,
present,,,,1,2026,,119343,0,,,4,9264,7,
present,,,,1,2027,,119342,0,,,6,48,0,
present,,,,1,2028,,119341,0,,,7,9264,-1,
present,,,,1,2031,,119409,0,,,9,1072,-1,
present,,,,1,2032,,119407,0,,,5,1072,3,
present,,,,1,2033,,119408,0,,,0,1072,7,
present,,,,1,2035,,119498,237250,,,3,82,2,|cFFFFD200Vendor: |rSlimy|n|cFFFFD200Zone: |rAcherus: The Ebon Hold|n|cFFFFD200Cost: |r1000|Hcurrency:1220|h|TInterface\Icons\inv_orderhall_orderresources.BLP:0|t|h
present,,,,1,2036,,119499,237251,,,3,82,2,|cFFFFD200Vendor: |rSlimy|n|cFFFFD200Zone: |rAcherus: The Ebon Hold|n|cFFFFD200Cost: |r1000|Hcurrency:1220|h|TInterface\Icons\inv_orderhall_orderresources.BLP:0|t|h
present,,,,1,2037,,119500,237252,,,3,82,2,|cFFFFD200Vendor: |rSlimy|n|cFFFFD200Zone: |rAcherus: The Ebon Hold|n|cFFFFD200Cost: |r1000|Hcurrency:1220|h|TInterface\Icons\inv_orderhall_orderresources.BLP:0|t|h
present,,,,1,2038,,119754,0,,,4,48,4,
present,,,,1,2039,,119756,0,,,2,48,-1,
present,,,,1,2040,,119760,0,,,8,48,4,
present,,,,1,2041,,119794,0,,,9,18,2,"|cFFFFD200Vendor:|r Marcus ""Bagman"" Brown|n|cFFFFD200Zone:|r Westfall"
present,,,,1,2042,,120397,240064,,,3,2,0,|cFFFFD200Drop:|r Curious Wyrmtongue Cache|n|cFFFFD200Zone:|r Broken Shore
present,,,,1,2046,,120591,240385,,,2,112,0,|cFFFFD200NPC:|r Orphaned Bloodgazer|n|n
present,,,,1,2143,,129049,255702,,,8,82,7,|cFFFFD200Promotion:|r Battle for Azeroth Collector's Edition|n
present,,,,1,2047,,120830,240794,,,7,82,2,|cFFFFD200Vendor: |rMei Chele|n|cFFFFD200Zone: |rThe Wandering Isle|n|cFFFFD200Cost: |r1000|Hcurrency:1220|h|TInterface\Icons\inv_orderhall_orderresources.BLP:0|t|h
present,,,,1,2048,,120973,241072,,,6,16416,0,|cFFFFD200Drop:|r PH|n
present,,,,1,2049,,121317,242047,,,7,82,5,|cFFFFD200Achievement: |rPet Battle Challenge: Wailing Caverns
present,,,,1,2050,,121715,243136,,,2,2,0,|cFFFFD200World Event:|r Legionfall Chest|n
present,,,,1,2051,,122033,243499,,,7,82,9,|cFFFFD200In-Game Shop|r|n
present,,,,1,2057,,122612,0,,,4,18,2,"|cFFFFD200Vendor:|r Marcus ""Bagman"" Brown|n|cFFFFD200Zone:|r Westfall"
present,,,,1,2058,,122629,0,,,9,18,2,"|cFFFFD200Vendor:|r Marcus ""Bagman"" Brown|n|cFFFFD200Zone:|r Westfall"
present,,,,1,2062,,123650,246105,,,5,82,9,|cFFFFD200In-Game Shop|r|n
present,,,,1,2063,,124389,247123,,,4,2,0,|cFFFFD200Drop:|r Pickpocket|n
present,,,,1,2064,,124589,0,,,7,82,5,|cFFFFD200Achievement:|r Pet Battle Challenge: Deadmines
present,,,,1,2065,,124594,247474,,,4,2,0,|cFFFFD200Drop:|r Pickpocket|n
present,,,,1,2066,,124632,0,,,9,48,-1,
present,,,,1,2067,,124633,0,,,9,48,-1,
present,,,,1,2068,,124634,0,,,9,48,-1,
present,,,,1,2071,,124858,248025,,,1,2,1,|cFFFFD200Drop:|r Time-Lost Wallet|n|cFFFFD200Scenario: |rThe Deaths of Chromie
present,,,,1,2072,,124944,248240,,,1,2,0,|cFFFFD200Drop:|r Time-Lost Wallet|n|cFFFFD200Scenario: |rThe Deaths of Chromie
present,,,,1,2076,,125494,0,,,4,16408,-1,
present,,,,1,2077,,126579,251191,,,8,2,3,|cFFFFD200Profession: |rLegion Fishing|n|cFFFFD200Vendor: |rIlyssia of the Waters|n|cFFFFD200Zone: |rAzsuna|n|cFFFFD200Cost: |r50|Hitem:146848|h|TInterface\ICONS\Ability_Monk_ForceSphere.blp:0|t|h
present,,,,1,2078,,127850,253788,,,9,2050,0,|cFFFFD200Drop: |rMagmatron|n|cFFFFD200Zone: |rBlackwing Descent
present,,,,1,2079,,127852,253790,,,1,2,0,|cFFFFD200Drop: |rMaloriak|n|cFFFFD200Zone: |rBlackwing Descent
present,,,,1,2080,,127853,253799,,,3,2,0,|cFFFFD200Drop: |rNefarian|n|cFFFFD200Zone: |rBlackwing Descent
present,,,,1,2081,,127857,253805,,,1,2,0,|cFFFFD200Drop: |rValiona|n|cFFFFD200Zone: |rThe Bastion of Twilight
present,,,,1,2082,,127858,253809,,,6,2,0,|cFFFFD200Drop: |rElementium Monstrosity|n|cFFFFD200Zone: |rThe Bastion of Twilight
present,,,,1,2083,,127859,253813,,,5,2,0,|cFFFFD200Drop: |rCho'gall|n|cFFFFD200Zone: |rThe Bastion of Twilight
present,,,,1,2084,,127862,253816,,,6,2,0,|cFFFFD200Drop: |rAl'Akir|n|cFFFFD200Zone: |rThrone of the Four Winds
present,,,,1,2085,,127863,253818,,,6,2,0,|cFFFFD200Drop: |rNezir|n|cFFFFD200Zone: |rThrone of the Four Winds
present,,,,1,2086,,127947,253916,,,6,2,0,|cFFFFD200Drop: |rShannox|n|cFFFFD200Zone: |rFirelands
present,,,,1,2087,,127948,253918,,,6,2,0,|cFFFFD200Drop: |rBeth'tilac|n|cFFFFD200Zone: |rFirelands
present,,,,1,2088,,127950,253924,,,6,2,0,|cFFFFD200Drop: |rBaleroc|n|cFFFFD200Zone: |rFirelands
present,,,,1,2089,,127951,253925,,,7,2,0,|cFFFFD200Drop: |rMajordomo Staghelm|n|cFFFFD200Zone: |rFirelands
present,,,,1,2090,,127952,253926,,,5,2,0,|cFFFFD200Drop: |rYor'sahj the Unsleeping|n|cFFFFD200Zone: |rDragon Soul
present,,,,1,2091,,127953,253927,,,6,2,0,|cFFFFD200Treasure: |rGreater Cache of the Aspects
present,,,,1,2093,,127956,253929,,,6,131154,5,|cFFFFD200Achievement: |rRaiding with Leashes V: Cuteaclysm|n|cFFFFD200Category: |rCollect
present,,,,1,2095,,128007,0,,,7,1072,-1,
present,,,,1,2096,,128008,0,,,4,1072,-1,
present,,,,1,2097,,128009,0,,,2,1072,-1,
present,,,,1,2098,,128010,0,,,4,1072,-1,
present,,,,1,2099,,128011,0,,,2,1072,-1,
present,,,,1,2100,,128012,0,,,4,1072,-1,
present,,,,1,2101,,128013,0,,,7,1072,-1,
present,,,,1,2102,,128014,0,,,4,1072,-1,
present,,,,1,2103,,128015,0,,,2,1072,-1,
present,,,,1,2104,,128016,0,,,7,1072,-1,
present,,,,1,2105,,128017,0,,,5,1072,-1,
present,,,,1,2106,,128018,0,,,7,1072,-1,
present,,,,1,2107,,128019,0,,,5,1072,-1,
present,,,,1,2108,,128020,0,,,4,1072,-1,
present,,,,1,2109,,128021,0,,,2,1072,-1,
present,,,,1,2110,,128024,0,,,3,1072,-1,
present,,,,1,2111,,128023,0,,,9,1072,-1,
present,,,,1,2112,,128022,0,,,0,1072,-1,
present,,,,1,2113,,128146,254255,,,4,82,5,|cFFFFD200Achievement: |rFamily Fighter|n|cFFFFD200Category: |rBattle
present,,,,1,2114,,128156,0,,,0,26,6,|cFFFFD200World Event:|r Feast of Winter Veil
present,,,,1,2115,,128118,254196,,,5,18,2,|cFFFFD200Vendor: |rOrix the All-Seer|n|cFFFFD200Zone: |rAntoran Wastes|n|cFFFFD200Cost: |r1000|Hitem:153021|h|TInterface\ICONS\INV_Misc_Eye_02.blp:0|t|h
present,,,,1,2116,,128119,254197,,,4,18,2,|cFFFFD200Vendor: |rToraan the Revered|n|cFFFFD200Zone: |rArgus|n|cFFFFD200Faction: |rArgussian Reach - Honored|n|cFFFFD200Cost: |r500|TINTERFACE\MONEYFRAME\UI-GOLDICON.BLP:0|t
present,,,,1,2117,,128137,254271,,,6,2,3,|cFFFFD200Profession:|r Legion Herbalism
present,,,,1,2118,,128157,254295,,,2,2,0,|cFFFFD200Drop:|r Fel-Spotted Egg
present,,,,1,2119,,128158,254296,,,2,2,0,|cFFFFD200Drop:|r Fel-Spotted Egg
present,,,,1,2120,,128159,254297,,,5,2,0,|cFFFFD200Drop: |rAtaxon|n|cFFFFD200Zone: |rEredath
present,,,,1,2121,,128160,254298,,,7,2,3,|cFFFFD200Profession:|r Legion Skinning
present,,,,1,2122,,128163,0,,,7,26,4,|cFFFFD200Pet Battle:|r Antoran Wastes|n
present,,,,1,2123,,128162,0,,,7,26,4,|cFFFFD200Pet Battle:|r Krokuun|n
present,,,,1,2124,,128164,0,,,2,26,4,|cFFFFD200Pet Battle:|r Krokuun|n
present,,,,1,2126,,128175,0,,,2,26,4,|cFFFFD200Pet Battle:|r Antoran Wastes|n|n
present,,,,1,2127,,128166,0,,,6,26,4,|cFFFFD200Pet Battle:|r Krokuun|n
present,,,,1,2128,,128170,0,,,7,26,4,|cFFFFD200Pet Battle:|r Eredath|n
present,,,,1,2129,,128168,0,,,7,26,4,|cFFFFD200Pet Battle:|r Eredath|n
present,,,,1,2130,,128171,0,,,5,26,4,|cFFFFD200Pet Battle:|r Eredath|n
present,,,,1,2131,,128172,0,,,5,26,4,|cFFFFD200Pet Battle:|r Eredath|n
present,,,,1,2132,,128174,0,,,5,26,4,|cFFFFD200Pet Battle:|r Eredath|n
present,,,,1,2133,,128173,0,,,4,26,4,|cFFFFD200Pet Battle:|r Eredath |n
present,,,,1,2134,,128167,0,,,2,26,4,|cFFFFD200Pet Battle:|r Eredath|n
present,,,,1,2135,,128388,254749,,,0,2050,0,|cFFFFD200Drop: |rMother Rosula
present,,,,1,2136,,128396,254763,,,0,131218,0,|cFFFFD200Drop:|r The Many-Faced Devourer
present,,,,1,2145,,129256,0,,,4,32,-1,
present,,,,1,2146,,129920,257603,,,1,32,0,|cFFFFD200Drop:|r Finely-Embroidered Handbag
present,,,,1,2157,,131644,259758,,,7,66,1,|cFFFFD200Quest: |rIt Seems You've Made a Friend|n|cFFFFD200Zone: |rNazmir
present,,,,1,2158,,132366,0,,,5,82,5,|cFFFFD200Achievement:|r Post Haste|n
present,,,,1,2163,,133064,261755,,,7,2,0,|cFFFFD200Drop:|r Silithus: The Wound
present,,,,1,2164,,133825,0,,,6,34,-1,
present,,,,1,2165,,134406,264001,,,2,18,0,|cFFFFD200Zone:|r Tiragarde Sound
present,,,,1,2184,,138742,272771,,,0,82,9,|cFFFFD200In-Game Shop|r|n
present,,,,1,2185,,138741,272772,,,2,82,9,|cFFFFD200In-Game Shop|r|n
present,,,,1,2186,,138964,273159,,,7,2,0,|cFFFFD200Drop: |rMerektha|n|cFFFFD200Zone: |rTemple of Sethraliss (Mythic)
present,,,,1,2187,,139049,273184,,,5,2,0,|cFFFFD200Drop: |rGol'than the Malodorous|n|cFFFFD200Zone: |rTol Dagor (Mythic)
present,,,,1,2188,,139073,273195,,,7,2,1,|cFFFFD200Quest: |rMissing Business|n|cFFFFD200Zone: |rVol'dun
present,,,,1,2189,,139081,273215,,,3,2,2,|cFFFFD200Vendor: |rNigel Rifthold|n|cFFFFD200Zone: |rDrustvar|n|cFFFFD200Cost: |r200|Hitem:163036|h|TInterface\ICONS\INV_Currency_PetBattle.BLP:0|t|h
present,,,,1,2190,,139252,273839,,,7,2,1,|cFFFFD200Quest: |rMy Hungry Neighbor|n|cFFFFD200Zone: |rVol'dun
present,,,,1,2192,,139372,273869,,,9,2,1,|cFFFFD200Quest: |rCutting Edge Poultry Science
present,,,,1,2193,,139450,0,,,8,32,-1,
present,,,,1,2194,,139452,0,,,8,32,-1,
present,,,,1,2195,,139455,0,,,8,32,-1,
present,,,,1,2196,,139622,274202,,,7,2,1,|cFFFFD200Vendor: |rHappy Holaua|n|cFFFFD200Zone: |rZuldazar|n|cFFFFD200Cost: |r200|Hitem:163036|h|TInterface\ICONS\INV_Currency_PetBattle.BLP:0|t|h|n
present,,,,1,2197,,139744,274348,,,7,2,3,|cFFFFD200Profession: |rArchaeology
present,,,,1,2198,,139770,274353,,,7,2,4,|cFFFFD200Quest:|r Taptaf the Pig!|n|cFFFFD200Zone: |r Drustvar
present,,,,1,2199,,139782,274380,,,3,2,3,|cFFFFD200Profession: |rBattle for Azeroth Archaeology
present,,,,1,2200,,139987,0,,,7,33824,1,Vol'dun Quest
present,,,,1,2201,,139743,274760,,,5,2,3,|cFFFFD200Profession: |rBattle for Azeroth Enchanting
present,,,,1,2202,,140125,274776,,,3,82,5,|cFFFFD200Achievement: |rHow to Keep a Mummy|n|cFFFFD200Category: |rBattle Dungeon
present,,,,1,2203,,140174,0,,,9,32,-1,
present,,,,1,2204,,140193,0,,,9,32,-1,
present,,,,1,2205,,140243,0,,,9,32,-1,
present,,,,1,2206,,140573,0,,,7,32,-1,
present,,,,1,2208,,140574,0,,,7,32,-1,
present,,,,1,2209,,140575,0,,,7,32,-1,
present,,,,1,2210,,140814,0,,,6,32,-1,
present,,,,1,2211,,140816,0,,,6,32,-1,
present,,,,1,2212,,140819,0,,,6,32,-1,
present,,,,1,2213,,140875,0,,,2,32,-1,
present,,,,1,2214,,140876,0,,,2,32,-1,
present,,,,1,2215,,140878,0,,,2,32,-1,
present,,,,1,2220,,141006,0,,,3,32,-1,
present,,,,1,2221,,141007,0,,,5,32,-1,
present,,,,1,2222,,141008,0,,,5,32,-1,
present,,,,1,2223,,141047,0,,,6,32,-1,
present,,,,1,2225,,141048,0,,,8,32,-1,
present,,,,1,2226,,141050,0,,,5,32,-1,
present,,,,1,2227,,141092,0,,,7,32,-1,
present,,,,1,2228,,141093,0,,,8,32,-1,
present,,,,1,2229,,141094,0,,,7,32,1,"|cFFFFD200Quest:|r Some World Quest
"
present,,,,1,2230,,141215,0,,,7,33824,-1,
present,,,,1,2231,,141296,0,,,8,32,-1,
present,,,,1,2232,,141295,0,,,8,32,-1,
present,,,,1,2233,,141293,0,,,8,32,-1,
present,,,,1,2330,,141506,0,,,3,32,-1,
present,,,,1,2332,,141512,0,,,3,32,-1,
present,,,,1,2333,,141518,0,,,3,32,-1,
present,,,,1,2334,,141536,0,,,8,32,-1,
present,,,,1,2335,,141542,0,,,2,32,-1,
present,,,,1,2336,,141545,0,,,2,32,-1,
present,,,,1,2337,,141588,0,,,7,33826,-1,
present,,,,1,2338,,141803,0,,,7,32,-1,
present,,,,1,2339,,141802,0,,,3,32,-1,
present,,,,1,2340,,141801,0,,,7,32,-1,
present,,,,1,2341,,141817,0,,,2,32,-1,
present,,,,1,2343,,141818,0,,,4,32,-1,
present,,,,1,2344,,141819,0,,,2,32,-1,
present,,,,1,2345,,141922,0,,,2,32,-1,
present,,,,1,2346,,141926,0,,,7,32,-1,
present,,,,1,2347,,141927,0,,,4,32,-1,
present,,,,1,2349,,141909,0,,,5,1072,-1,
present,,,,1,2350,,141932,0,,,5,1072,-1,
present,,,,1,2352,,141941,277461,,,5,82,4,|cFFFFD200Pet Battle:|r Baa'l|n
present,,,,1,2353,,141955,0,,,4,32,-1,
present,,,,1,2354,,141951,0,,,4,32,-1,
present,,,,1,2355,,141950,0,,,2,32,-1,
present,,,,1,2356,,141969,0,,,6,33826,-1,"
"
present,,,,1,2357,,142058,0,,,4,32,-1,
present,,,,1,2358,,142059,0,,,4,32,-1,
present,,,,1,2359,,142061,0,,,4,32,-1,
present,,,,1,2360,,142105,0,,,7,32,-1,
present,,,,1,2361,,142102,0,,,2,32,-1,
present,,,,1,2363,,142098,0,,,2,32,-1,
present,,,,1,2364,,142120,0,,,4,32,-1,
present,,,,1,2365,,142121,0,,,7,32,-1,
present,,,,1,2366,,142123,0,,,2,32,-1,
present,,,,1,2367,,142151,0,,,7,33824,-1,
present,,,,1,2368,,142237,0,,,4,32,-1,
present,,,,1,2370,,142236,0,,,2,32,-1,
present,,,,1,2371,,142235,0,,,8,32,-1,
present,,,,1,2372,,143031,0,,,8,26,4,|cFFFFD200Pet Battle:|r Stormsong Valley|n
present,,,,1,2373,,143032,0,,,8,26,4,|cFFFFD200Pet Battle: |rStormsong Valley
present,,,,1,2374,,143033,0,,,8,26,4,|cFFFFD200Pet Battle: |rStormsong Valley
present,,,,1,2375,,143034,0,,,7,26,4,|cFFFFD200Pet Battle: |rStormsong Valley
present,,,,1,2376,,143035,0,,,2,26,4,|cFFFFD200Pet Battle: |rStormsong Valley
present,,,,1,2377,,143036,0,,,8,26,4,"|cFFFFD200Pet Battle: |rStormsong Valley, Tiragarde Sound"
present,,,,1,2378,,143037,0,,,8,26,4,"|cFFFFD200Pet Battle: |rDrustvar, Stormsong Valley"
present,,,,1,2613,,150929,0,,,3,1056,-1,
present,,,,1,2379,,143038,0,,,2,26,4,|cFFFFD200Pet Battle: |rStormsong Valley
present,,,,1,2380,,143039,0,,,2,26,4,|cFFFFD200Pet Battle: |rTiragarde Sound
present,,,,1,2381,,143040,0,,,8,26,4,|cFFFFD200Pet Battle: |rTiragarde Sound
present,,,,1,2382,,143041,0,,,8,26,4,|cFFFFD200Pet Battle: |rTiragarde Sound
present,,,,1,2383,,143042,0,,,4,26,4,|cFFFFD200Pet Battle: |rTiragarde Sound
present,,,,1,2384,,143043,0,,,2,26,4,|cFFFFD200Pet Battle: |rZuldazar
present,,,,1,2385,,143044,0,,,8,26,4,|cFFFFD200Pet Battle: |rZuldazar
present,,,,1,2386,,143045,0,,,8,26,4,|cFFFFD200Pet Battle: |rDrustvar
present,,,,1,2387,,143046,0,,,4,26,4,|cFFFFD200Pet Battle: |rZuldazar
present,,,,1,2388,,143047,0,,,7,26,4,|cFFFFD200Pet Battle: |rNazmir
present,,,,1,2389,,143048,0,,,8,26,4,|cFFFFD200Pet Battle: |rNazmir
present,,,,1,2390,,143049,0,,,2,26,4,|cFFFFD200Pet Battle: |rZuldazar
present,,,,1,2392,,143050,0,,,8,26,4,|cFFFFD200Pet Battle: |rNazmir
present,,,,1,2393,,143051,0,,,5,26,4,|cFFFFD200Pet Battle: |rNazmir
present,,,,1,2394,,143052,0,,,3,26,4,|cFFFFD200Pet Battle: |rNazmir
present,,,,1,2395,,143053,0,,,4,26,4,|cFFFFD200Pet Battle: |rNazmir
present,,,,1,2397,,143054,0,,,3,26,4,|cFFFFD200Pet Battle: |rNazmir
present,,,,1,2398,,143055,0,,,8,26,4,|cFFFFD200Pet Battle: |rNazmir
present,,,,1,2399,,143056,0,,,8,26,4,|cFFFFD200Pet Battle: |rVol'dun
present,,,,1,2400,,143057,0,,,8,26,4,|cFFFFD200Pet Battle: |rNazmir
present,,,,1,2401,,143142,279129,,,9,82,5,|cFFFFD200Achievement: |rPet Emporium|n|cFFFFD200Category: |rCollect
present,,,,1,2402,,143160,279171,,,9,82,5,|cFFFFD200Achievement: |rToybox Tycoon|n|cFFFFD200Category: |rToy Box
present,,,,1,2403,,143175,279205,,,8,2,2,|cFFFFD200Vendor: |rMadeline Netley|n|cFFFFD200Zone: |rStormsong Valley|n|cFFFFD200Cost: |r75|Hitem:163036|h|TInterface\ICONS\INV_Currency_PetBattle.BLP:0|t|h|n|n|cFFFFD200Vendor: |rOlly|n|cFFFFD200Zone: |rZuldazar|n|cFFFFD200Cost: |r75|Hitem:163036|h|TInterface\ICONS\INV_Currency_PetBattle.BLP:0|t|h
present,,,,1,2404,,143176,279206,,,2,2,2,|cFFFFD200Vendor: |rSister Lilyana|n|cFFFFD200Zone: |rStormsong Valley|n|cFFFFD200Faction: |rStorm's Wake - Revered|n|cFFFFD200Cost: |r250|Hitem:163036|h|TInterface\ICONS\INV_Currency_PetBattle.BLP:0|t|h
present,,,,1,2405,,143177,279207,,,2,2,2,|cFFFFD200Vendor: |rQuartermaster Alcorn|n|cFFFFD200Zone: |rDrustvar|n|cFFFFD200Faction: |rOrder of Embers - Revered|n|cFFFFD200Cost: |r200|Hitem:163036|h|TInterface\ICONS\INV_Currency_PetBattle.BLP:0|t|h
present,,,,1,2406,,143178,279208,,,7,2,2,|cFFFFD200Vendor: |rNigel Rifthold|n|cFFFFD200Zone: |rDrustvar|n|cFFFFD200Cost: |r75|Hitem:163036|h|TInterface\ICONS\INV_Currency_PetBattle.BLP:0|t|h|n|n|cFFFFD200Vendor: |rOlly|n|cFFFFD200Zone: |rZuldazar|n|cFFFFD200Cost: |r75|Hitem:163036|h|TInterface\ICONS\INV_Currency_PetBattle.BLP:0|t|h
present,,,,1,2407,,143179,279209,,,4,2,2,|cFFFFD200Vendor: |rNigel Rifthold|n|cFFFFD200Zone: |rDrustvar|n|cFFFFD200Cost: |r300|Hitem:163036|h|TInterface\ICONS\INV_Currency_PetBattle.BLP:0|t|h|n|n|cFFFFD200Vendor: |rOlly|n|cFFFFD200Zone: |rZuldazar|n|cFFFFD200Cost: |r300|Hitem:163036|h|TInterface\ICONS\INV_Currency_PetBattle.BLP:0|t|h
present,,,,1,2445,,143794,177244,,,8,2,0,|cFFFFD200Drop:|r Island Expeditions|n
present,,,,1,2446,,143801,177237,,,8,2,0,|cFFFFD200Drop:|r Island Expeditions|n
present,,,,1,2408,,143181,279210,,,3,2,2,|cFFFFD200Vendor: |rNigel Rifthold|n|cFFFFD200Zone: |rDrustvar|n|cFFFFD200Cost: |r100|Hitem:163036|h|TInterface\ICONS\INV_Currency_PetBattle.BLP:0|t|h|n|n|cFFFFD200Vendor: |rOlly|n|cFFFFD200Zone: |rZuldazar|n|cFFFFD200Cost: |r100|Hitem:163036|h|TInterface\ICONS\INV_Currency_PetBattle.BLP:0|t|h
present,,,,1,2409,,143184,279211,,,2,2,2,|cFFFFD200Vendor: |rDana Pull|n|cFFFFD200Zone: |rTiragarde Sound|n|cFFFFD200Cost: |r50|Hitem:163036|h|TInterface\ICONS\INV_Currency_PetBattle.BLP:0|t|h|n|n|cFFFFD200Vendor: |rOlly|n|cFFFFD200Zone: |rZuldazar|n|cFFFFD200Cost: |r50|Hitem:163036|h|TInterface\ICONS\INV_Currency_PetBattle.BLP:0|t|h
present,,,,1,2410,,143188,279212,,,9,2,2,|cFFFFD200Vendor: |rDana Pull|n|cFFFFD200Zone: |rTiragarde Sound|n|cFFFFD200Cost: |r75|Hitem:163036|h|TInterface\ICONS\INV_Currency_PetBattle.BLP:0|t|h|n|n|cFFFFD200Vendor: |rOlly|n|cFFFFD200Zone: |rZuldazar|n|cFFFFD200Cost: |r75|Hitem:163036|h|TInterface\ICONS\INV_Currency_PetBattle.BLP:0|t|h
present,,,,1,2411,,143189,279213,,,3,2,0,|cFFFFD200Zone: |rDrustvar
present,,,,1,2412,,143191,279214,,,7,2,2,|cFFFFD200Vendor:|r Happy Holaua|n|cFFFFD200Zone:|r Zuldazar|n|cFFFFD200Cost:|r 100|Hitem:163036|h|TInterface\ICONS\INV_Currency_PetBattle.BLP:0|t|h|n|n|cFFFFD200Vendor: |rDodger|n|cFFFFD200Zone: |rBoralus Harbor|n|cFFFFD200Cost: |r100|Hitem:163036|h|TInterface\ICONS\INV_Currency_PetBattle.BLP:0|t|h
present,,,,1,2413,,143193,279215,,,7,2,2,|cFFFFD200Vendor:|r Happy Holaua|n|cFFFFD200Zone:|r Zuldazar|n|cFFFFD200Cost:|r 50|Hitem:163036|h|TInterface\ICONS\INV_Currency_PetBattle.BLP:0|t|h|n|n|cFFFFD200Vendor: |rDodger|n|cFFFFD200Zone: |rBoralus Harbor|n|cFFFFD200Cost: |r50|Hitem:163036|h|TInterface\ICONS\INV_Currency_PetBattle.BLP:0|t|h|n
present,,,,1,2414,,143194,279216,,,4,2,2,|cFFFFD200Vendor: |rShoak|n|cFFFFD200Zone: |rNazmir|n|cFFFFD200Cost: |r200|Hitem:163036|h|TInterface\ICONS\INV_Currency_PetBattle.BLP:0|t|h|n|n|cFFFFD200Vendor: |rBlind Wunja|n|cFFFFD200Zone: |rNazmir|n|cFFFFD200Cost: |r200|Hitem:163036|h|TInterface\ICONS\INV_Currency_PetBattle.BLP:0|t|h|n|n|cFFFFD200Vendor: |rDodger|n|cFFFFD200Zone: |rBoralus Harbor|n|cFFFFD200Cost: |r200|Hitem:163036|h|TInterface\ICONS\INV_Currency_PetBattle.BLP:0|t|h
present,,,,1,2415,,143195,279217,,,8,2,2,|cFFFFD200Vendor: |rProvisioner Lija|n|cFFFFD200Zone: |rNazmir|n|cFFFFD200Faction: |rTalanji's Expedition - Revered|n|cFFFFD200Cost: |r75|Hitem:163036|h|TInterface\ICONS\INV_Currency_PetBattle.BLP:0|t|h
present,,,,1,2416,,143196,279218,,,7,2,2,|cFFFFD200Vendor: |rHappy Holaua|n|cFFFFD200Zone: |rZuldazar|n|cFFFFD200Cost: |r300|Hitem:163036|h|TInterface\ICONS\INV_Currency_PetBattle.BLP:0|t|h|n
present,,,,1,2417,,143197,279219,,,0,2,2,|cFFFFD200Vendor: |rJenoh|n|cFFFFD200Zone: |rVol'dun|n|cFFFFD200Cost: |r250|Hitem:163036|h|TInterface\ICONS\INV_Currency_PetBattle.BLP:0|t|h|n|n|cFFFFD200Vendor: |rDodger|n|cFFFFD200Zone: |rBoralus Harbor|n|cFFFFD200Cost: |r250|Hitem:163036|h|TInterface\ICONS\INV_Currency_PetBattle.BLP:0|t|h
present,,,,1,2418,,143198,279220,,,7,2,2,|cFFFFD200Vendor: |rHappy Holaua|n|cFFFFD200Zone: |rZuldazar|n|cFFFFD200Cost: |r100|Hitem:163036|h|TInterface\ICONS\INV_Currency_PetBattle.BLP:0|t|h|n|n|cFFFFD200Vendor: |rDodger|n|cFFFFD200Zone: |rBoralus Harbor|n|cFFFFD200Cost: |r100|Hitem:163036|h|TInterface\ICONS\INV_Currency_PetBattle.BLP:0|t|h
present,,,,1,2419,,143199,279221,,,8,2,2,|cFFFFD200Vendor: |rShoak|n|cFFFFD200Zone: |rNazmir|n|cFFFFD200Cost: |r200|Hitem:163036|h|TInterface\ICONS\INV_Currency_PetBattle.BLP:0|t|h|n|n|cFFFFD200Vendor: |rDodger|n|cFFFFD200Zone: |rBoralus Harbor|n|cFFFFD200Cost: |r200|Hitem:163036|h|TInterface\ICONS\INV_Currency_PetBattle.BLP:0|t|h
present,,,,1,2420,,143200,279224,,,5,2,2,|cFFFFD200Vendor: |rShoak|n|cFFFFD200Zone: |rNazmir|n|cFFFFD200Cost: |r500|Hitem:163036|h|TInterface\ICONS\INV_Currency_PetBattle.BLP:0|t|h|n|n|cFFFFD200Vendor: |rBlind Wunja|n|cFFFFD200Zone: |rNazmir|n|cFFFFD200Cost: |r500|Hitem:163036|h|TInterface\ICONS\INV_Currency_PetBattle.BLP:0|t|h|n|n|cFFFFD200Vendor: |rDodger|n|cFFFFD200Zone: |rBoralus Harbor|n|cFFFFD200Cost: |r500|Hitem:163036|h|TInterface\ICONS\INV_Currency_PetBattle.BLP:0|t|h
present,,,,1,2421,,143202,279225,,,1,2,4,|cFFFFD200Vendor:|r Madeline Netley|n|cFFFFD200Zone:|r Stormsong Valley|n|cFFFFD200Cost:|r 200|Hitem:163036|h|TInterface\ICONS\INV_Currency_PetBattle.BLP:0|t|h|n|n|cFFFFD200Vendor:|r Happy Holaua|n|cFFFFD200Zone:|r Zuldazar|n|cFFFFD200Cost:|r 200|Hitem:163036|h|TInterface\ICONS\INV_Currency_PetBattle.BLP:0|t|h
present,,,,1,2422,,143203,279226,,,2,2,4,|cFFFFD200Vendor:|r Madeline Netley|n|cFFFFD200Zone:|r Stormsong Valley|n|cFFFFD200Cost:|r 100|Hitem:163036|h|TInterface\ICONS\INV_Currency_PetBattle.BLP:0|t|h|n|n|cFFFFD200Vendor:|r Happy Holaua|n|cFFFFD200Zone:|r Zuldazar|n|cFFFFD200Cost:|r 100|Hitem:163036|h|TInterface\ICONS\INV_Currency_PetBattle.BLP:0|t|h
present,,,,1,2423,,143204,279227,,,8,2,4,|cFFFFD200Vendor:|r Madeline Netley|n|cFFFFD200Zone:|r Stormsong Valley|n|cFFFFD200Cost:|r 250|Hitem:163036|h|TInterface\ICONS\INV_Currency_PetBattle.BLP:0|t|h|n|n|cFFFFD200Vendor:|r Jenoh|n|cFFFFD200Zone:|r Vol'dun|n|cFFFFD200Cost:|r 250|Hitem:163036|h|TInterface\ICONS\INV_Currency_PetBattle.BLP:0|t|h
present,,,,1,2447,,143802,177236,,,6,2,0,|cFFFFD200Drop:|r Island Expeditions|n|n
present,,,,1,2805,,161429,0,,,0,34,-1,
present,,,,1,2424,,143205,279228,,,8,2,2,|cFFFFD200Vendor: |rNigel Rifthold|n|cFFFFD200Zone: |rDrustvar|n|cFFFFD200Cost: |r100|Hitem:163036|h|TInterface\ICONS\INV_Currency_PetBattle.BLP:0|t|h|n|n|cFFFFD200Vendor: |rShoak|n|cFFFFD200Zone: |rNazmir|n|cFFFFD200Cost: |r100|Hitem:163036|h|TInterface\ICONS\INV_Currency_PetBattle.BLP:0|t|h
present,,,,1,2425,,143206,279230,,,8,2,4,|cFFFFD200Vendor:|r Madeline Netley|n|cFFFFD200Zone:|r Stormsong Valley|n|cFFFFD200Cost:|r 50|Hitem:163036|h|TInterface\ICONS\INV_Currency_PetBattle.BLP:0|t|h|n|n|cFFFFD200Vendor:|r Jenoh|n|cFFFFD200Zone:|r Vol'dun|n|cFFFFD200Cost:|r 50|Hitem:163036|h|TInterface\ICONS\INV_Currency_PetBattle.BLP:0|t|h
present,,,,1,2426,,143207,279231,,,2,2,4,|cFFFFD200Vendor:|r Madeline Netley|n|cFFFFD200Zone:|r Stormsong Valley|n|cFFFFD200Cost:|r 50|Hitem:163036|h|TInterface\ICONS\INV_Currency_PetBattle.BLP:0|t|h|n|n|cFFFFD200Vendor:|r Jenoh|n|cFFFFD200Zone:|r Vol'dun|n|cFFFFD200Cost:|r 50|Hitem:163036|h|TInterface\ICONS\INV_Currency_PetBattle.BLP:0|t|h
present,,,,1,2427,,143209,279232,,,8,2,2,|cFFFFD200Vendor: |rCollector Kojo|n|cFFFFD200Zone: |rStormsong Valley|n|cFFFFD200Faction: |rTortollan Seekers - Revered|n|cFFFFD200Cost: |r200|Hitem:163036|h|TInterface\ICONS\INV_Currency_PetBattle.BLP:0|t|h|n|n|cFFFFD200Vendor: |rCollector Kojo|n|cFFFFD200Zone: |rZuldazar|n|cFFFFD200Faction: |rTortollan Seekers - Revered|n|cFFFFD200Cost: |r200|Hitem:163036|h|TInterface\ICONS\INV_Currency_PetBattle.BLP:0|t|h
present,,,,1,2428,,143211,279233,,,6,2,2,|cFFFFD200Vendor: |rJenoh|n|cFFFFD200Zone: |rVol'dun|n|cFFFFD200Cost: |r100|Hitem:163036|h|TInterface\ICONS\INV_Currency_PetBattle.BLP:0|t|h|n|n|cFFFFD200Vendor: |rMadeline Netley|n|cFFFFD200Zone: |rStormsong Valley|n|cFFFFD200Cost: |r100|Hitem:163036|h|TInterface\ICONS\INV_Currency_PetBattle.BLP:0|t|h
present,,,,1,2429,,143214,279234,,,6,2,2,|cFFFFD200Vendor: |rMagni Bronzebeard|n|cFFFFD200Zone: |rSilithus|n|cFFFFD200Faction: |rChampions of Azeroth - Revered|n|cFFFFD200Cost: |r100|Hitem:163036|h|TInterface\ICONS\INV_Currency_PetBattle.BLP:0|t|h
present,,,,1,2430,,143360,279433,,,8,18,2,|cFFFFD200Vendor: |rTalutu|n|cFFFFD200Zone: |rZuldazar|n|cFFFFD200Cost: |r100000|TINTERFACE\MONEYFRAME\UI-GOLDICON.BLP:0|t|n|n|cFFFFD200Vendor: |rTricky Nick|n|cFFFFD200Zone: |rTiragarde Sound|n|cFFFFD200Cost: |r100000|TINTERFACE\MONEYFRAME\UI-GOLDICON.BLP:0|t
present,,,,1,2431,,143464,279576,,,2,82,5,|cFFFFD200Achievement: |rBattle Safari|n|cFFFFD200Category: |rCollect
present,,,,1,2432,,143499,279631,,,7,2,0,|cFFFFD200Drop: |rVenomarus|n|cFFFFD200Zone: |rArathi Highlands
present,,,,1,2433,,143503,279638,,,6,2,0,|cFFFFD200Drop: |rBranchlord Aldrus|n|cFFFFD200Zone: |rArathi Highlands
present,,,,1,2434,,143507,279643,,,5,2,0,|cFFFFD200Drop: |rDarbel Montrose|n|cFFFFD200Zone: |rArathi Highlands
present,,,,1,2435,,143515,279657,,,5,2,0,|cFFFFD200Drop: |rEcho of Myzrael|n|cFFFFD200Zone: |rArathi Highlands
present,,,,1,2436,,143533,279686,,,7,2,0,|cFFFFD200Drop: |rYogursa|n|cFFFFD200Zone: |rArathi Highlands
present,,,,1,2437,,143563,279723,,,7,2,0,|cFFFFD200Drop: |rRagebeak|n|cFFFFD200Zone: |rArathi Highlands
present,,,,1,2438,,143564,279724,,,2,2,0,|cFFFFD200Drop: |rPlaguefeather|n|cFFFFD200Zone: |rArathi Highlands
present,,,,1,2439,,143611,279365,,,5,2,2,|cFFFFD200Vendor: |rMagni Bronzebeard|n|cFFFFD200Zone: |rSilithus|n|cFFFFD200Faction: |rChampions of Azeroth - Revered|n|cFFFFD200Cost: |r200|Hitem:163036|h|TInterface\ICONS\INV_Currency_PetBattle.BLP:0|t|h
present,,,,1,2440,,143627,279929,,,6,2,0,|cFFFFD200Drop: |rFozruk|n|cFFFFD200Zone: |rArathi Highlands
present,,,,1,2441,,143628,279930,,,2,2,0,|cFFFFD200Drop: |rMan-Hunter Rog|n|cFFFFD200Zone: |rArathi Highlands
present,,,,1,2442,,143730,280157,,,2,82,5,|cFFFFD200Achievement: |rLet's Bee Friends|n|cFFFFD200Category: |rBattle for Azeroth
present,,,,1,2443,,143738,280185,,,9,131586,2,|cFFFFD200Vendor: |rVindicator Jaelaana|n|cFFFFD200Location: |rBoralus|n|cFFFFD200Faction: |r7th Legion
present,,,,1,2444,,143739,280188,,,9,258,2,|cFFFFD200Vendor: |rRansa Greyfeather|n|cFFFFD200Location: |rZuldazar|n|cFFFFD200Faction: |rThe Honorbound
present,,,,1,2448,,143803,177235,,,7,2,0,|cFFFFD200Drop:|r Island Expeditions|n
present,,,,1,2449,,143804,177231,,,9,2,0,|cFFFFD200Drop:|r Island Expeditions|n
present,,,,1,2450,,143805,177230,,,6,2,0,|cFFFFD200Drop:|r Island Expeditions|n|n
present,,,,1,2451,,143816,280332,,,7,2,0,|cFFFFD200Drop:|r Island Expeditions|n|n
present,,,,1,2452,,143797,177241,,,2,2,0,|cFFFFD200Drop:|r Island Expeditions|n
present,,,,1,2453,,143819,280335,,,8,2,0,|cFFFFD200Drop:|r Island Expeditions|n
present,,,,1,2454,,143820,280336,,,7,2,0,|cFFFFD200Drop:|r Island Expeditions|n
present,,,,1,2455,,143795,177243,,,3,2,0,|cFFFFD200Drop:|r Island Expeditions|n
present,,,,1,2456,,143796,177242,,,3,2,0,|cFFFFD200Drop:|r Island Expeditions|n
present,,,,1,2457,,143821,280337,,,0,2,0,|cFFFFD200Drop:|r Island Expeditions|n
present,,,,1,2458,,143818,280334,,,7,2,0,|cFFFFD200Drop:|r Island Expeditions|n
present,,,,1,2459,,143817,280333,,,7,2,0,|cFFFFD200Drop:|r Island Expeditions|n
present,,,,1,2460,,143822,280338,,,2,2,0,|cFFFFD200Drop:|r Island Expeditions|n
present,,,,1,2461,,143799,177239,,,8,2,0,|cFFFFD200Drop:|r Island Expeditions|n
present,,,,1,2462,,143798,177240,,,8,2,0,|cFFFFD200Drop:|r Island Expeditions|n
present,,,,1,2463,,143806,177229,,,4,2,0,|cFFFFD200Drop:|r Island Expeditions|n
present,,,,1,2464,,143807,177228,,,7,2,0,|cFFFFD200Drop:|r Island Expeditions|n
present,,,,1,2465,,143811,177222,,,6,131074,0,|cFFFFD200Drop:|r Island Expeditions|n
present,,,,1,2466,,143809,177225,,,6,131074,0,|cFFFFD200Drop:|r Island Expeditions|n
present,,,,1,2467,,143812,177221,,,6,131074,0,|cFFFFD200Drop:|r Island Expeditions|n
present,,,,1,2468,,143810,177224,,,6,2,0,|cFFFFD200Drop:|r Island Expeditions|n
present,,,,1,2469,,143808,177226,,,0,2,0,|cFFFFD200Drop:|r Island Expeditions|n
present,,,,1,2471,,143813,177219,,,4,2,0,|cFFFFD200Drop:|r Island Expeditions|n
present,,,,1,2472,,143814,177217,,,8,2,0,|cFFFFD200Drop:|r Island Expeditions|n
present,,,,1,2473,,143815,280331,,,2,2,0,|cFFFFD200Drop:|r Island Expeditions|n
present,,,,1,2474,,143957,280617,,,9,2,3,|cFFFFD200Profession: |rBattle for Azeroth Alchemy
present,,,,1,2475,,143959,280619,,,8,2,3,|cFFFFD200Profession: |rBattle for Azeroth Alchemy
present,,,,1,2476,,143958,280618,,,4,2,3,|cFFFFD200Profession: |rBattle for Azeroth Alchemy
present,,,,1,2477,,143374,279435,,,7,2,3,|cFFFFD200Profession: |rBattle for Azeroth Alchemy
present,,,,1,2478,,144005,280728,,,8,594,5,|cFFFFD200PvP:|r Honor Level 400 Reward|n|n|cFFFFD200Vendor: |rCaptain Roberts|n|cFFFFD200Zone: |rDalaran|n|cFFFFD200Cost: |r500|TINTERFACE\MONEYFRAME\UI-GOLDICON.BLP:0|t|n|n|cFFFFD200Vendor: |rMarshal Frazer|n|cFFFFD200Zone: |rTiragarde Sound|n|cFFFFD200Cost: |r500|TINTERFACE\MONEYFRAME\UI-GOLDICON.BLP:0|t|n|n|cFFFFD200Vendor: |rKnight-Captain Jessica|n|cFFFFD200Zone: |rStormwind City|n|cFFFFD200Cost: |r500|TINTERFACE\MONEYFRAME\UI-GOLDICON.BLP:0|t
present,,,,1,2479,,144004,280727,,,8,338,5,|cFFFFD200PvP:|r Honor Level 400 Reward|n|n|cFFFFD200Vendor: |rSarah the Savage|n|cFFFFD200Zone: |rDalaran|n|cFFFFD200Cost: |r500|TINTERFACE\MONEYFRAME\UI-GOLDICON.BLP:0|t|n|n|cFFFFD200Vendor: |rViolet Shadowmend|n|cFFFFD200Zone: |rZuldazar|n|cFFFFD200Cost: |r500|TINTERFACE\MONEYFRAME\UI-GOLDICON.BLP:0|t|n|n|cFFFFD200Vendor: |rLegionnaire Voladis|n|cFFFFD200Zone: |rOrgrimmar|n|cFFFFD200Cost: |r500|TINTERFACE\MONEYFRAME\UI-GOLDICON.BLP:0|t
present,,,,1,2480,,144617,281878,,,4,34,0,|cFFFFD200Drop:|r Test Pet|n
present,,,,1,2481,,145133,0,,,7,33840,-1,
present,,,,1,2482,,145948,283744,,,2,144,2,|cFFFFD200Vendor: |rCarl Goodup|n|cFFFFD200Zone: |rDarkmoon Island|n|cFFFFD200Cost: |r90|Hcurrency:515|h|TInterface\ICONS\INV_Misc_Ticket_Darkmoon_01.blp:0|t|h
present,,,,1,2483,,145947,283741,,,2,144,2,|cFFFFD200Vendor: |rCarl Goodup|n|cFFFFD200Zone: |rDarkmoon Island|n|cFFFFD200Cost: |r90|Hcurrency:515|h|TInterface\ICONS\INV_Misc_Ticket_Darkmoon_01.blp:0|t|h
present,,,,1,2484,,145946,283740,,,2,144,2,|cFFFFD200Vendor: |rCarl Goodup|n|cFFFFD200Zone: |rDarkmoon Island|n|cFFFFD200Cost: |r90|Hcurrency:515|h|TInterface\ICONS\INV_Misc_Ticket_Darkmoon_01.blp:0|t|h
present,,,,1,2485,,145968,0,,,3,32,-1,
present,,,,1,2486,,145971,0,,,4,32,-1,
present,,,,1,2487,,145986,0,,,9,32,-1,
present,,,,1,2488,,145988,0,,,9,1056,-1,
present,,,,1,2489,,145990,0,,,9,32,-1,
present,,,,1,2490,,145995,0,,,9,32,-1,
present,,,,1,2492,,146002,0,,,9,32,-1,
present,,,,1,2493,,146003,0,,,9,32,-1,
present,,,,1,2494,,146004,0,,,9,32,-1,
present,,,,1,2495,,146005,0,,,3,1056,-1,
present,,,,1,2496,,146006,0,,,9,32,-1,
present,,,,1,2497,,146148,0,,,6,1056,-1,
present,,,,1,2498,,146151,0,,,6,1056,-1,
present,,,,1,2499,,146150,0,,,6,1056,-1,
present,,,,1,2500,,146176,0,,,9,32,-1,
present,,,,1,2501,,146001,0,,,9,1056,-1,
present,,,,1,2502,,146183,0,,,6,32,-1,
present,,,,1,2503,,146182,0,,,6,32,-1,
present,,,,1,2504,,146181,0,,,6,32,-1,
present,,,,1,2525,,147221,285843,,,7,2,0,|cFFFFD200Drop: |rGnollfeaster|n|cFFFFD200Zone: |rRedridge Mountains
present,,,,1,2526,,147583,286474,,,9,2,1,"|cFFFFD200Quest: |rShe's in a Happier Place
|cFFFFD200Zone: |rTanaris

|cFFFFD200Quest: |rHe's Dead, Jastor
|cFFFFD200Zone: |rTanaris"
present,,,,1,2527,,147586,286483,,,2,2,0,|cFFFFD200Drop: |rPa'ku's Aspect|n|cFFFFD200Zone: |rBattle of Dazar'alor
present,,,,1,2528,,147585,286484,,,8,2,0,|cFFFFD200Drop: |rPa'ku's Aspect|n|cFFFFD200Zone: |rBattle of Dazar'alor (Mythic)
present,,,,1,2529,,147587,286482,,,7,2,0,|cFFFFD200Drop: |rPa'ku's Aspect|n|cFFFFD200Zone: |rBattle of Dazar'alor
present,,,,1,2530,,147619,286514,,,9,2,3,|cFFFFD200Profession: |rBattle for Azeroth Engineering
present,,,,1,2531,,147671,286574,,,9,2,2,|cFFFFD200Vendor: |rMicro Zoox|n|cFFFFD200Zone: |rDun Morogh|n|cFFFFD200Cost: |r1|Hitem:165835|h|TInterface\ICONS\INV_Misc_EngGizmos_35.blp:0|t|h
present,,,,1,2532,,147679,286576,,,3,2,2,|cFFFFD200Vendor: |rMicro Zoox|n|cFFFFD200Zone: |rDun Morogh|n|cFFFFD200Cost: |r2|Hitem:165835|h|TInterface\ICONS\INV_Misc_EngGizmos_35.blp:0|t|h
present,,,,1,2533,,147692,286582,,,9,2,2,|cFFFFD200Vendor: |rMicro Zoox|n|cFFFFD200Zone: |rDun Morogh|n|cFFFFD200Cost: |r3|Hitem:165835|h|TInterface\ICONS\INV_Misc_EngGizmos_35.blp:0|t|h
present,,,,1,2534,,147838,286790,,,9,82,5,|cFFFFD200Achievement: |rPet Battle Challenge: Gnomeregan|n|cFFFFD200Category: |rPet Battles
present,,,,1,2535,,147884,286837,,,5,82,5,|cFFFFD200Achievement: |rFamily Battler|n|cFFFFD200Category: |rBattle
present,,,,1,2537,,148517,0,,,7,26,4,|cFFFFD200Pet Battle: |rZuldazar
present,,,,1,2538,,148520,287997,,,7,2,0,|cFFFFD200Drop: |rN'chala the Egg Thief|n|cFFFFD200Zone: |rZuldazar
present,,,,1,2539,,148524,288006,,,7,2,2,|cFFFFD200Vendor: |rProvisioner Stoutforge|n|cFFFFD200Zone: |rTiragarde Sound|n|cFFFFD200Cost: |r100|Hcurrency:1717|h|TInterface\ICONS\INV_AllianceWarEffort.BLP:0|t|h
present,,,,1,2540,,148525,288009,,,7,2,2,|cFFFFD200Vendor: |rProvisioner Mukra|n|cFFFFD200Zone: |rZuldazar|n|cFFFFD200Cost: |r100|Hcurrency:1716|h|TInterface\ICONS\INV_HordeWarEffort.BLP:0|t|h
present,,,,1,2541,,148542,288054,,,2,2,0,|cFFFFD200Zone:|r Siren Isle|n|cFFFFD200Drop:|r Pirates|n
present,,,,1,2544,,148781,288486,,,2,2,0,|cFFFFD200Drop:|r Burninator Mark V|n|cFFFFD200Zone:|r Darkshore|n|n|cFFFFD200Drop:|r Athil Dewfire|n|cFFFFD200Zone:|r Darkshore
present,,,,1,2545,,148784,288582,,,6,2,0,|cFFFFD200Drop: |rCyclarus|n|cFFFFD200Zone: |rDarkshore
present,,,,1,2546,,148825,288592,,,3,2,0,"|cFFFFD200Drop: |rConflagros
|cFFFFD200Zone: |rDarkshore"
present,,,,1,2547,,148841,288595,,,6,2,0,|cFFFFD200Drop: |rHydrath|n|cFFFFD200Zone: |rDarkshore
present,,,,1,2548,,148843,288597,,,6,2,0,|cFFFFD200Drop:|r Zim'kaga|n|cFFFFD200Zone:|r Darkshore|n|n|cFFFFD200Drop:|r Onu|n|cFFFFD200Zone:|r Darkshore
present,,,,1,2549,,148844,288598,,,5,2,0,|cFFFFD200Drop: |rSoggoth the Slitherer|n|cFFFFD200Zone: |rDarkshore
present,,,,1,2550,,148846,288600,,,5,2,0,|cFFFFD200Drop: |rTwilight Prophet Graeme|n|cFFFFD200Zone: |rDarkshore
present,,,,1,2551,,148976,288867,,,7,2,0,|cFFFFD200Drop:|r Island Expeditions|n
present,,,,1,2552,,148979,288868,,,2,2,2,|cFFFFD200Drop:|r Island Expeditions|n
present,,,,1,2553,,148981,288870,,,3,2,0,|cFFFFD200Drop:|r Island Expeditions|n
present,,,,1,2554,,148982,288875,,,4,2,0,|cFFFFD200Drop:|r Island Expeditions|n
present,,,,1,2555,,148985,288890,,,2,2,2,|cFFFFD200Vendor: |rCaptain Klarisa|n|cFFFFD200Zone: |rTiragarde Sound|n|cFFFFD200Cost: |r200|Hcurrency:1710|h|TInterface\ICONS\INV_Misc_AzsharaCoin.BLP:0|t|h|n|n|cFFFFD200Vendor: |rCaptain Zen'taga|n|cFFFFD200Zone: |rZuldazar|n|cFFFFD200Cost: |r200|Hcurrency:1710|h|TInterface\ICONS\INV_Misc_AzsharaCoin.BLP:0|t|h
present,,,,1,2556,,148984,288889,,,2,2,0,|cFFFFD200Drop:|r Island Expeditions|n
present,,,,1,2557,,148988,288895,,,2,2,0,|cFFFFD200Drop:|r Island Expeditions|n
present,,,,1,2558,,148989,288901,,,7,2,0,|cFFFFD200Drop:|r Island Expeditions|n|n
present,,,,1,2559,,148990,288910,,,8,2,0,|cFFFFD200Drop:|r Island Expeditions|n
present,,,,1,2560,,148991,288914,,,7,2,0,|cFFFFD200Drop:|r Island Expeditions|n|n
present,,,,1,2561,,148995,288916,,,1,2,0,|cFFFFD200Drop:|r Island Expeditions|n
present,,,,1,2562,,148997,288919,,,8,2,2,|cFFFFD200Vendor: |rCaptain Klarisa|n|cFFFFD200Zone: |rTiragarde Sound|n|cFFFFD200Cost: |r100|Hcurrency:1710|h|TInterface\ICONS\INV_Misc_AzsharaCoin.BLP:0|t|h|n|n|cFFFFD200Vendor: |rCaptain Zen'taga|n|cFFFFD200Zone: |rZuldazar|n|cFFFFD200Cost: |r100|Hcurrency:1710|h|TInterface\ICONS\INV_Misc_AzsharaCoin.BLP:0|t|h
present,,,,1,2563,,149205,289359,,,2,2,1,|cFFFFD200Quest: |rA New Hope|n|cFFFFD200Zone: |rDarkshore|n|n|cFFFFD200Drop:|r Orwell Stevenson|n|cFFFFD200Zone:|r Darkshore|n|n|cFFFFD200Drop:|r Grimhorn|n|cFFFFD200Zone:|r Darkshore
present,,,,1,2611,,150924,0,,,5,32,-1,
present,,,,1,2612,,150925,0,,,5,1056,-1,
present,,,,1,2564,,149348,289604,,,9,2,0,|cFFFFD200Drop:|r Dookthar the Destroyer|n|cFFFFD200Zone:|r Vol'dun|n
present,,,,1,2565,,149361,289605,,,9,2,0,|cFFFFD200Drop:|r Arachni|n|cFFFFD200Zone:|r Vol'dun|n
present,,,,1,2566,,149363,289606,,,2,2,0,|cFFFFD200Drop:|r Proudmoore Admiralty Supplies
present,,,,1,2567,,149372,289622,,,2,2,0,|cFFFFD200Drop:|r Talanji's Expedition Supplies
present,,,,1,2568,,149375,289629,,,2,2,0,|cFFFFD200Drop:|r Order of Embers Supplies|n
present,,,,1,2569,,149376,289633,,,8,2,0,|cFFFFD200Drop:|r Storm's Wake Supplies|n
present,,,,1,2575,,150098,291203,,,8,2,1,|cFFFFD200World Event:|r Children's Week
present,,,,1,2576,,150119,291214,,,8,2,1,|cFFFFD200World Event:|r Children's Week
present,,,,1,2577,,150120,291215,,,8,2,1,|cFFFFD200World Event:|r Children's Week
present,,,,1,2578,,150126,291223,,,1,2,1,|cFFFFD200World Event:|r Children's Week
present,,,,1,2579,,150354,291513,,,7,2,0,|cFFFFD200Drop: |rThe Stone Guard|n|cFFFFD200Zone: |rMogu'shan Vaults
present,,,,1,2580,,150356,291515,,,3,2,0,|cFFFFD200Drop: |rGara'jal the Spiritbinder|n|cFFFFD200Zone: |rMogu'shan Vaults
present,,,,1,2581,,150357,291517,,,5,2,0,|cFFFFD200Drop: |rElegon|n|cFFFFD200Zone: |rMogu'shan Vaults
present,,,,1,2582,,150360,291533,,,5,2,0,|cFFFFD200Drop: |rQin-xi|n|cFFFFD200Zone: |rMogu'shan Vaults
present,,,,1,2583,,150365,291537,,,1,2,0,|cFFFFD200Drop: |rTsulong|n|cFFFFD200Zone: |rTerrace of Endless Spring
present,,,,1,2584,,150372,291537,,,6,2,0,|cFFFFD200Drop: |rLei Shi|n|cFFFFD200Zone: |rTerrace of Endless Spring
present,,,,1,2585,,150374,291548,,,2,2,0,|cFFFFD200Drop: |rImperial Vizier Zor'lok|n|cFFFFD200Zone: |rHeart of Fear
present,,,,1,2586,,150375,291549,,,2,2,0,|cFFFFD200Drop: |rBlade Lord Ta'yak|n|cFFFFD200Zone: |rHeart of Fear
present,,,,1,2587,,150377,291553,,,7,2,0,|cFFFFD200Drop: |rGaralon|n|cFFFFD200Zone: |rHeart of Fear
present,,,,1,2589,,150380,291556,,,5,2,0,|cFFFFD200Drop: |rAmber-Shaper Un'sok|n|cFFFFD200Zone: |rHeart of Fear
present,,,,1,2590,,150381,291560,,,6,2,0,|cFFFFD200Drop: |rGrand Empress Shek'zeer|n|cFFFFD200Zone: |rHeart of Fear
present,,,,1,2591,,150385,291561,,,6,131154,5,|cFFFFD200Achievement: |rRaiding with Leashes VI: Pets of Pandaria|n|cFFFFD200Category: |rCollect
present,,,,1,2592,,150858,0,,,7,1056,-1,
present,,,,1,2593,,150906,0,,,4,32,-1,
present,,,,1,2594,,150907,0,,,4,32,-1,
present,,,,1,2595,,150908,0,,,3,32,-1,
present,,,,1,2596,,150910,0,,,5,32,-1,
present,,,,1,2597,,150911,0,,,3,32,-1,
present,,,,1,2598,,150912,0,,,3,32,-1,
present,,,,1,2599,,150913,0,,,5,32,-1,
present,,,,1,2600,,150914,0,,,3,32,-1,
present,,,,1,2601,,150915,0,,,3,32,-1,
present,,,,1,2602,,150917,0,,,3,1056,-1,
present,,,,1,2603,,150918,0,,,3,1056,-1,
present,,,,1,2605,,150919,0,,,3,32,-1,
present,,,,1,2606,,150920,0,,,1,32,-1,
present,,,,1,2607,,150921,0,,,3,32,-1,
present,,,,1,2608,,150922,0,,,3,1056,-1,
present,,,,1,2609,,150923,0,,,5,32,-1,
present,,,,1,2621,,151779,294206,,,1,82,6,|cFFFFD200WoW's 15th Anniversary|r|n
present,,,,1,2622,,151780,294211,,,7,2130,6,|cFFFFD200World Event:|r Feast of Winter Veil |n
present,,,,1,2623,,151788,294231,,,7,82,9,|cFFFFD200In-Game Shop|r
present,,,,1,2638,,154445,300387,,,3,82,5,|cFFFFD200Achievement: |rPet Battle Challenge: Stratholme|n|cFFFFD200Category: |rPet Battles
present,,,,1,2645,,154697,0,,,8,26,4,|cFFFFD200Pet Battle: |rNazjatar
present,,,,1,2646,,154702,0,,,8,26,4,|cFFFFD200Pet Battle: |rNazjatar
present,,,,1,2647,,154704,0,,,8,26,4,|cFFFFD200Pet Battle: |rNazjatar
present,,,,1,2648,,154706,0,,,8,26,4,|cFFFFD200Pet Battle: |rNazjatar
present,,,,1,2649,,154708,0,,,8,26,4,|cFFFFD200Pet Battle: |rNazjatar
present,,,,1,2650,,154710,0,,,2,26,4,|cFFFFD200Pet Battle: |rNazjatar
present,,,,1,2651,,154712,0,,,8,26,4,|cFFFFD200Pet Battle: |rNazjatar
present,,,,1,2652,,154714,0,,,8,26,4,|cFFFFD200Pet Battle: |rNazjatar
present,,,,1,2653,,154716,0,,,4,26,4,|cFFFFD200Pet Battle: |rNazjatar
present,,,,1,2657,,154718,0,,,4,26,4,|cFFFFD200Pet Battle: |rThe Eternal Palace
present,,,,1,2658,,154720,0,,,8,26,4,|cFFFFD200Pet Battle: |rThe Eternal Palace|n
present,,,,1,2659,,154722,0,,,4,26,4,|cFFFFD200Pet Battle: |rThe Eternal Palace
present,,,,1,2660,,154724,0,,,4,26,4,|cFFFFD200Pet Battle: |rNazjatar
present,,,,1,2661,,154767,0,,,7,26,4,|cFFFFD200Pet Battle: |rMechagon
present,,,,1,2662,,154769,0,,,7,26,4,|cFFFFD200Pet Battle: |rMechagon
present,,,,1,2663,,154771,0,,,4,26,4,|cFFFFD200Pet Battle: |rMechagon
present,,,,1,2664,,154773,0,,,4,26,4,|cFFFFD200Pet Battle: |rMechagon
present,,,,1,2665,,154775,0,,,8,26,4,|cFFFFD200Pet Battle: |rMechagon
present,,,,1,2666,,154777,0,,,8,26,4,|cFFFFD200Pet Battle: |rMechagon
present,,,,1,2667,,154779,0,,,9,26,4,|cFFFFD200Pet Battle: |rMechagon
present,,,,1,2668,,154781,0,,,9,26,4,|cFFFFD200Pet Battle: |rOperation: Mechagon
present,,,,1,2669,,154783,0,,,2,26,4,|cFFFFD200Pet Battle: |rMechagon
present,,,,1,2670,,154785,0,,,4,26,4,|cFFFFD200Pet Battle: |rMechagon
present,,,,1,2671,,154787,0,,,9,26,4,|cFFFFD200Pet Battle: |rMechagon
present,,,,1,2672,,154789,0,,,9,26,4,|cFFFFD200Pet Battle: |rOperation: Mechagon
present,,,,1,2673,,154791,0,,,9,26,4,|cFFFFD200Pet Battle: |rMechagon
present,,,,1,2674,,154794,0,,,9,131098,4,|cFFFFD200Pet Battle: |rOperation: Mechagon
present,,,,1,2675,,154796,0,,,9,131098,4,|cFFFFD200Pet Battle: |rOperation: Mechagon
present,,,,1,2676,,154798,0,,,9,26,4,|cFFFFD200Pet Battle: |rMechagon
present,,,,1,2677,,154803,0,,,1,26,4,|cFFFFD200Pet Battle: |rTwilight Highlands
present,,,,1,2678,,154814,0,,,8,26,4,|cFFFFD200Pet Battle: |rNazjatar
present,,,,1,2680,,154819,301015,,,0,2,0,|cFFFFD200Treasure: |rAzshara Chest|n|cFFFFD200Zone: |rThe Eternal Palace
present,,,,1,2681,,154820,301042,,,0,2,0,|cFFFFD200Drop: |rKing Gakula|n|cFFFFD200Zone: |rNazjatar
present,,,,1,2682,,154821,301043,,,0,2,0,|cFFFFD200Drop: |rBlindlight|n|cFFFFD200Zone: |rNazjatar
present,,,,1,2683,,154822,301020,,,0,82,5,|cFFFFD200Achievement: |rTeam Aquashock|n|cFFFFD200Category: |rPet Battles
present,,,,1,2684,,154823,301021,,,8,2,0,|cFFFFD200Drop: |rSandclaw Stoneshell|n|cFFFFD200Zone: |rNazjatar
present,,,,1,2685,,154824,301022,,,8,2,1,|cFFFFD200Treasure:|r Glimmering Chest|n|cFFFFD200Zone:|r Nazjatar|n
present,,,,1,2686,,154825,301023,,,8,2,2,|cFFFFD200Vendor: |rArtisan Okata|n|cFFFFD200Zone: |rNazjatar|n|cFFFFD200Cost: |r150|Hcurrency:1721|h|TInterface\ICONS\inv_misc_enchantedpearlF.blp:0|t|h|n|n|cFFFFD200Vendor: |rFinder Pruc|n|cFFFFD200Zone: |rNazjatar|n|cFFFFD200Cost: |r150|Hcurrency:1721|h|TInterface\ICONS\inv_misc_enchantedpearlF.blp:0|t|h|n|n|cFFFFD200Drop: |rIridescent Glimmershell|n|cFFFFD200Zone: |rNazjatar
present,,,,1,2687,,154826,301024,,,8,18,1,|cFFFFD200Quest:|r Glittering Shell|n
present,,,,1,2688,,154827,301025,,,8,18,1,|cFFFFD200Quest:|r Beauty in the Deeps|n
present,,,,1,2689,,154828,301026,,,8,2,0,|cFFFFD200Drop: |rNeedlespine|n|cFFFFD200Zone: |rNazjatar
present,,,,1,2690,,154829,301027,,,8,2,0,|cFFFFD200Drop: |rCaverndark Terror|n|cFFFFD200Zone: |rNazjatar
present,,,,1,2691,,154830,301028,,,8,2,2,|cFFFFD200Vendor: |rCrafticus Mindbender|n|cFFFFD200Zone: |rNazjatar|n|cFFFFD200Cost: |r30|Hitem:168802|h|TInterface\ICONS\inv_misc_token_pvp01.BLP:0|t|h|n|n|cFFFFD200Vendor: |rDazzerian|n|cFFFFD200Zone: |rNazjatar|n|cFFFFD200Cost: |r30|Hitem:168802|h|TInterface\ICONS\inv_misc_token_pvp01.BLP:0|t|h
present,,,,1,2692,,154831,301029,,,8,2,0,|cFFFFD200Drop: |rLady Ashvane|n|cFFFFD200Zone: |rThe Eternal Palace
present,,,,1,2693,,154832,301030,,,8,2,0,|cFFFFD200Drop: |rElderspawn Nalaada|n|cFFFFD200Zone: |rNazjatar
present,,,,1,2694,,154833,301031,,,8,2,0,|cFFFFD200Drop: |rBlackwater Behemoth|n|cFFFFD200Zone: |rThe Eternal Palace
present,,,,1,2695,,154834,301032,,,8,2,0,|cFFFFD200Drop: |rDaggertooth Terror|n|cFFFFD200Zone: |rNazjatar
present,,,,1,2696,,154835,301033,,,8,2,0,|cFFFFD200Drop: |rZa'qul|n|cFFFFD200Zone: |rThe Eternal Palace
present,,,,1,2697,,154836,301034,,,4,2,0,|cFFFFD200Drop: |rAmethyst Spireshell|n|cFFFFD200Zone: |rNazjatar
present,,,,1,2698,,154837,301035,,,4,2,2,|cFFFFD200Vendor: |rSpeaker Utia|n|cFFFFD200Zone: |rNazjatar|n|cFFFFD200Faction: |rAnkoan - Revered|n|cFFFFD200Cost: |r500|TINTERFACE\MONEYFRAME\UI-GOLDICON.BLP:0|t
present,,,,1,2699,,154838,301036,,,4,2,2,|cFFFFD200Vendor: |rAtolia Seapearl|n|cFFFFD200Zone: |rNazjatar|n|cFFFFD200Faction: |rUnshackled - Revered|n|cFFFFD200Cost: |r500|TINTERFACE\MONEYFRAME\UI-GOLDICON.BLP:0|t
present,,,,1,2700,,154839,301037,,,4,2,0,|cFFFFD200Drop: |rMirecrawler|n|cFFFFD200Zone: |rNazjatar
present,,,,1,2701,,154840,301038,,,6,2,0,|cFFFFD200Drop: |rPrince Typhonus|n|cFFFFD200Zone: |rNazjatar
present,,,,1,2702,,154841,301039,,,6,2,0,|cFFFFD200Drop: |rPrince Vortran|n|cFFFFD200Zone: |rNazjatar
present,,,,1,2703,,154842,301040,,,6,2,0,|cFFFFD200Drop:|r Sandcastle|n|cFFFFD200Zone:|r Nazjatar
present,,,,1,2806,,161430,0,,,6,34,-1,
present,,,,1,2807,,161432,0,,,6,34,-1,
present,,,,1,2704,,154843,301041,,,8,2,0,|cFFFFD200Drop: |rNazjatar
present,,,,1,2706,,154845,301044,,,6,2,0,|cFFFFD200Drop: |rAvarius|n|cFFFFD200Zone: |rNazjatar
present,,,,1,2707,,154846,301045,,,6,2,0,|cFFFFD200Drop: |rRockweed Shambler|n|cFFFFD200Zone: |rNazjatar
present,,,,1,2708,,154847,301046,,,6,2,0,|cFFFFD200Drop: |rCarnivorous Lasher|n|cFFFFD200Zone: |rNazjatar
present,,,,1,2709,,154848,301047,,,8,2,0,|cFFFFD200Drop: |rVor'koth|n|cFFFFD200Zone: |rNazjatar
present,,,,1,2710,,154849,301048,,,3,2,2,|cFFFFD200Vendor: |rFeylana the Handler|n|cFFFFD200Zone: |rNazjatar|n|cFFFFD200Cost: |r40|Hcurrency:1721|h|TInterface\ICONS\inv_misc_enchantedpearlF.blp:0|t|h
present,,,,1,2711,,154850,301049,,,7,2,0,|cFFFFD200Drop:|r King Mechagon|n|cFFFFD200Zone:|r Operation: Mechagon (Mythic)|n
present,,,,1,2712,,154851,301050,,,7,2,0,|cFFFFD200Drop: |rFungarian Furor|n|cFFFFD200Zone: |rMechagon
present,,,,1,2713,,154852,301051,,,7,2,2,|cFFFFD200Vendor: |rStolen Royal Vendorbot|n|cFFFFD200Zone: |rMechagon|n|cFFFFD200Faction: |rRustbolt Resistance - Honored|n|cFFFFD200Cost: |r500|TINTERFACE\MONEYFRAME\UI-GOLDICON.BLP:0|t
present,,,,1,2714,,154853,301052,,,9,2,0,|cFFFFD200Zone: |rMechagon
present,,,,1,2715,,154854,301053,,,9,131074,0,|cFFFFD200Drop: |rMalfunctioning Beastbot|n|cFFFFD200Zone: |rMechagon
present,,,,1,2716,,154855,301054,,,9,131074,3,|cFFFFD200Profession: |rJunkyard Tinkering
present,,,,1,2717,,154856,301055,,,9,2,3,|cFFFFD200Profession: |rJunkyard Tinkering
present,,,,1,2718,,154857,301056,,,9,2,0,|cFFFFD200Drop: |rHK-8 Aerial Oppression Unit|n|cFFFFD200Zone: |rOperation: Mechagon
present,,,,1,2719,,154893,301136,,,1,2,0,|cFFFFD200Drop: |rBonepicker|n|cFFFFD200Zone: |rMechagon
present,,,,1,2720,,154894,301137,,,9,2,0,|cFFFFD200Drop: |rMecharantula|n|cFFFFD200Zone: |rMechagon
present,,,,1,2721,,154904,301162,,,5,2,1,|cFFFFD200Item: |rIrradiated Box of Assorted Parts
present,,,,1,2723,,154910,0,,,0,33840,-1,
present,,,,1,2724,,154911,0,,,7,33840,-1,
present,,,,1,2725,,154912,0,,,2,33840,-1,
present,,,,1,2726,,154913,0,,,8,33840,-1,
present,,,,1,2727,,154914,0,,,8,33840,-1,
present,,,,1,2728,,154915,0,,,8,33840,-1,
present,,,,1,2729,,154916,0,,,8,33840,-1,
present,,,,1,2730,,154917,0,,,5,33840,-1,
present,,,,1,2731,,154918,0,,,6,33840,-1,
present,,,,1,2732,,154919,0,,,7,33840,-1,
present,,,,1,2733,,154920,0,,,8,33840,-1,
present,,,,1,2734,,154921,0,,,4,33840,-1,
present,,,,1,2735,,154922,0,,,5,33840,-1,
present,,,,1,2736,,154923,0,,,9,33840,-1,
present,,,,1,2737,,154924,0,,,9,33840,-1,
present,,,,1,2738,,154925,0,,,9,33840,-1,
present,,,,1,2739,,154926,0,,,9,33840,-1,
present,,,,1,2740,,154927,0,,,9,33840,-1,
present,,,,1,2741,,154928,0,,,9,33840,-1,
present,,,,1,2742,,154929,0,,,9,33840,-1,
present,,,,1,2747,,155240,301985,,,3,82,2,|cFFFFD200Vendor: |rSean Wilkers|n|cFFFFD200Zone: |rEastern Plaguelands|n|cFFFFD200Cost: |r3|Hitem:169665|h|TInterface\ICONS\INV_Misc_Bone_HumanSkull_01.blp:0|t|h
present,,,,1,2748,,155244,301992,,,3,82,2,|cFFFFD200Vendor: |rSean Wilkers|n|cFFFFD200Zone: |rEastern Plaguelands|n|cFFFFD200Cost: |r1|Hitem:169665|h|TInterface\ICONS\INV_Misc_Bone_HumanSkull_01.blp:0|t|h
present,,,,1,2749,,155246,301996,,,3,82,2,|cFFFFD200Vendor: |rSean Wilkers|n|cFFFFD200Zone: |rEastern Plaguelands|n|cFFFFD200Cost: |r2|Hitem:169665|h|TInterface\ICONS\INV_Misc_Bone_HumanSkull_01.blp:0|t|h
present,,,,1,2750,,155248,302003,,,5,82,2,|cFFFFD200Vendor: |rSean Wilkers|n|cFFFFD200Zone: |rEastern Plaguelands|n|cFFFFD200Cost: |r3|Hitem:169665|h|TInterface\ICONS\INV_Misc_Bone_HumanSkull_01.blp:0|t|h
present,,,,1,2751,,155267,0,,,3,32,-1,
present,,,,1,2752,,155268,0,,,3,32,-1,
present,,,,1,2753,,155600,303023,,,9,2,0,|cFFFFD200Drop: |rThe Kleptoboss|n|cFFFFD200Zone: |rMechagon
present,,,,1,2754,,154165,300367,,,3,2,0,|cFFFFD200Drop:|r Island Expeditions
present,,,,1,2755,,154693,300934,,,0,2,0,|cFFFFD200Drop:|r Island Expeditions|n
present,,,,1,2756,,155579,303608,,,6,2,0,|cFFFFD200Zone: |rMechagon
present,,,,1,2757,,151700,294275,,,8,2,0,|cFFFFD200Treasure: |r Slimy Cocoon|n|cFFFFD200Zone: |r Nazjatar
present,,,,1,2758,,151697,294278,,,8,2,0,|cFFFFD200Treasure: |r Slimy Cocoon|n|cFFFFD200Zone: |r Nazjatar
present,,,,1,2760,,151673,294276,,,8,2,0,|cFFFFD200Treasure: |r Slimy Cocoon|n|cFFFFD200Zone: |r Nazjatar
present,,,,1,2761,,151696,294277,,,8,2,0,|cFFFFD200Treasure: |r Slimy Cocoon|n|cFFFFD200Zone: |r Nazjatar
present,,,,1,2762,,151651,294279,,,0,2,0,|cFFFFD200Treasure: |r Slimy Cocoon|n|cFFFFD200Zone: |r Nazjatar
present,,,,1,2763,,151632,294280,,,8,2,0,|cFFFFD200Treasure: |r Slimy Cocoon|n|cFFFFD200Zone: |r Nazjatar
present,,,,1,2765,,151631,294274,,,8,2,0,|cFFFFD200Treasure: |r Slimy Cocoon|n|cFFFFD200Zone: |r Nazjatar
present,,,,1,2766,,155829,303784,,,9,2,0,|cFFFFD200Zone: |rMechagon
present,,,,1,2767,,155865,303899,,,3,2130,5,|cFFFFD200Achievement: |rMalowned|n|cFFFFD200Category: |rBattle
present,,,,1,2768,,155966,0,,,6,34,-1,
present,,,,1,2769,,155967,0,,,1,34,-1,
present,,,,1,2770,,155968,0,,,3,34,-1,
present,,,,1,2771,,155971,0,,,5,32,-1,
present,,,,1,2772,,155972,0,,,3,34,-1,
present,,,,1,2774,,155974,0,,,3,34,-1,
present,,,,1,2776,,157524,307264,,,7,16466,7,|cFFFFD200Recruit-a-Friend|r 
present,,,,1,2777,,157715,307654,,,0,338,7,|cFFFFD200Promotion:|r BlizzCon 2019
present,,,,1,2778,,157716,307655,,,0,594,7,|cFFFFD200Promotion:|r BlizzCon 2019|n
present,,,,1,2779,,157969,308067,,,1,82,7,|cFFFFD200Promotion:|r Shadowlands Epic Edition
present,,,,1,2780,,158142,308369,,,7,16466,9,|cFFFFD200In-Game Shop|r 
present,,,,1,2792,,158681,309516,,,2,2,0,|cFFFFD200Drop:|r Fresh Jelly Deposit|n|cFFFFD200Zone:|r Stormsong Valley
present,,,,1,2793,,158683,309519,,,2,2,0,|cFFFFD200Drop:|r Fresh Jelly Deposit|n|cFFFFD200Zone:|r Stormsong Valley
present,,,,1,2794,,158685,309522,,,2,2,0,|cFFFFD200Drop: |rHoney Smasher|n|cFFFFD200Zone: |rStormsong Valley
present,,,,1,2795,,159783,311289,,,7,82,0,|cFFFFD200Drop:|r Jenafur|n
present,,,,1,2796,,160187,312029,,,8,2,4,|cFFFFD200Treasure: |rZekhan's Corrupted Chest|n|cFFFFD200Zone: |rVision of Orgrimmar
present,,,,1,2797,,160196,312030,,,7,2,2,|cFFFFD200Treasure: |rThrall's Corrupted Chest|n|cFFFFD200Zone: |rVision of Orgrimmar
present,,,,1,2798,,160703,312833,,,5,2,1,"|cFFFFD200Quest: |rSlime, Anyone?|n|cFFFFD200Zone: |rMaldraxxus"
present,,,,1,2799,,161400,0,,,7,34,-1,
present,,,,1,2800,,161401,0,,,7,34,-1,
present,,,,1,2801,,161403,0,,,1,34,-1,
present,,,,1,2802,,161424,0,,,9,34,-1,
present,,,,1,2803,,161425,0,,,9,34,-1,
present,,,,1,2804,,161426,0,,,5,34,-1,
present,,,,1,2808,,161435,0,,,6,34,-1,
present,,,,1,2809,,161438,0,,,5,34,-1,
present,,,,1,2810,,161440,0,,,3,34,-1,
present,,,,1,2811,,161442,0,,,5,34,-1,
present,,,,1,2812,,161443,0,,,1,34,-1,
present,,,,1,2814,,161569,0,,,9,1058,-1,
present,,,,1,2815,,161649,0,,,7,1058,-1,
present,,,,1,2816,,161650,0,,,7,1058,-1,
present,,,,1,2817,,161651,0,,,7,1058,-1,
present,,,,1,2818,,161656,0,,,0,1058,-1,
present,,,,1,2819,,161657,0,,,8,1058,-1,
present,,,,1,2820,,161658,0,,,9,1058,-1,
present,,,,1,2821,,161661,0,,,7,1058,-1,
present,,,,1,2822,,161662,0,,,3,1058,-1,
present,,,,1,2823,,161663,0,,,4,1058,-1,
present,,,,1,2832,,161919,315221,,,5,2,0,"|cFFFFD200Drop: |rMaut|n|cFFFFD200Zone: |rNy'alotha, the Waking City"
present,,,,1,2833,,161921,315225,,,0,2,0,"|cFFFFD200Drop: |rRa-den|n|cFFFFD200Zone: |rNy'alotha, the Waking City"
present,,,,1,2834,,161923,315229,,,4,2,0,"|cFFFFD200Drop: |rTek'ris|n|cFFFFD200Zone: |rNy'alotha, the Waking City"
present,,,,1,2835,,161924,315231,,,2,2,0,"|cFFFFD200Drop: |rTek'ris|n|cFFFFD200Zone: |rNy'alotha, the Waking City"
present,,,,1,2836,,161946,315270,,,5,2,0,"|cFFFFD200Treasure: |rVault of the Black Empire|n|cFFFFD200Zone: |rNy'alotha, the Waking City"
present,,,,1,2837,,161951,315285,,,5,2,0,|cFFFFD200Profession: |rFishing|n|cFFFFD200Zone: |rCorrupted Uldum or Vale of Eternal Blossoms
present,,,,1,2838,,161959,315290,,,7,2,0,|cFFFFD200Treasure: |rRexxar's Corrupted Chest|n|cFFFFD200Zone: |rVision of Orgrimmar
present,,,,1,2839,,161961,315297,,,4,2,0,|cFFFFD200Treasure: |rUmbric's Corrupted Chest|n|cFFFFD200Zone: |rVision of Stormwind
present,,,,1,2840,,161962,315298,,,7,2,0,|cFFFFD200Treasure: |rAlleria's Corrupted Chest|n|cFFFFD200Zone: |rVision of Stormwind
present,,,,1,2841,,161963,315301,,,4,2,0,|cFFFFD200Treasure: |rKelsey's Corrupted Chest|n|cFFFFD200Zone: |rVision of Stormwind
present,,,,1,2842,,161964,315302,,,5,2,0,|cFFFFD200Treasure: |rAlleria or Thrall's Corrupted Chest|n|cFFFFD200Zone: |rVision of Stormwind or Ogrimmar
present,,,,1,2843,,161966,315303,,,4,2,0,|cFFFFD200Drop: |rVision of the Twisting Sands Creatures
present,,,,1,2844,,161967,315304,,,5,82,5,|cFFFFD200Achievement:|r Reeking of Visions|n
present,,,,1,2845,,161954,315339,,,0,66,0,|cFFFFD200Drop: |rThe Forgotten|n|cFFFFD200Zone: |rVale of Eternal Blossoms
present,,,,1,2846,,161992,315353,,,5,2,0,|cFFFFD200Drop: |rWill of N'Zoth|n|cFFFFD200Zone: |rVale of Eternal Blossoms
present,,,,1,2847,,161997,315355,,,7,2,0,|cFFFFD200Drop: |rLord Aj'qirai|n|cFFFFD200Zone: |rUldum
present,,,,1,2848,,162004,315360,,,4,2,0,|cFFFFD200Drop:|r Skikx'traz|n|cFFFFD200Zone: |rUldum
present,,,,1,2849,,162006,315363,,,7,2,2,|cFFFFD200Vendor: |rProvisioner Qorra|n|cFFFFD200Zone: |rUldum
present,,,,1,2850,,162007,315367,,,0,2,0,|cFFFFD200Drop: |rUldum Accord Supplies
present,,,,1,2851,,162012,315370,,,7,2,0,|cFFFFD200Drop: |rAmalgamation of Flesh|n|cFFFFD200Zone: |rUldum
present,,,,1,2852,,162013,315371,,,7,2,0,|cFFFFD200Drop: |rRajani Supplies
present,,,,1,2853,,162014,315372,,,2,2,2,|cFFFFD200Vendor: |rZhang Ku|n|cFFFFD200Zone: |rVale of Eternal Blossoms
present,,,,1,2854,,162458,0,,,5,33826,-1,
present,,,,1,2855,,162461,0,,,5,33826,-1,
present,,,,1,2856,,162465,0,,,4,33826,-1,
present,,,,1,2857,,162466,0,,,5,33826,-1,
present,,,,1,2858,,162468,0,,,0,33826,-1,
present,,,,1,2859,,162469,0,,,5,33826,-1,
present,,,,1,2860,,162470,0,,,0,33826,-1,
present,,,,1,2861,,162471,0,,,2,33826,-1,
present,,,,1,2863,,162499,0,,,2,26,4,|cFFFFD200Pet Battle: |rUldum
present,,,,1,2864,,162502,0,,,4,26,4,|cFFFFD200Pet Battle: |rUldum
present,,,,1,2865,,162518,0,,,8,26,4,|cFFFFD200Pet Battle: |rVale of Eternal Blossoms
present,,,,1,2866,,162506,0,,,2,26,4,|cFFFFD200Pet Battle: |rVale of Eternal Blossoms
present,,,,1,2867,,162525,0,,,4,26,4,|cFFFFD200Pet Battle: |rVale of Eternal Blossoms
present,,,,1,2868,,162663,316629,,,9,18,2,|cFFFFD200Vendor: |rBurt Macklyn|n|cFFFFD200Zone: |rBurning Steppes|n|cFFFFD200Cost: |r3|Hitem:174360|h|TInterface\ICONS\INV_Jewelcrafting_ShadowsongAmethyst_02.blp:0|t|h
present,,,,1,2869,,162670,316628,,,9,18,2,|cFFFFD200Vendor: |rBurt Macklyn|n|cFFFFD200Zone: |rBurning Steppes|n|cFFFFD200Cost: |r2|Hitem:174360|h|TInterface\ICONS\INV_Jewelcrafting_ShadowsongAmethyst_02.blp:0|t|h
present,,,,1,2870,,162677,316627,,,6,18,2,|cFFFFD200Vendor: |rBurt Macklyn|n|cFFFFD200Zone: |rBurning Steppes|n|cFFFFD200Cost: |r1|Hitem:174360|h|TInterface\ICONS\INV_Jewelcrafting_ShadowsongAmethyst_02.blp:0|t|h
present,,,,1,2871,,163534,0,,,6,32,-1,
present,,,,1,2872,,163646,318300,,,2,18,1,|cFFFFD200Quest: |rThey Grow So Fast|n|cFFFFD200Zone: |rUldum
present,,,,1,2878,,163897,318876,,,7,82,1,|cFFFFD200Quest: |rRenny the Vulpin
present,,,,1,2885,,169477,0,,,8,32,3,
present,,,,1,2886,,169478,0,,,8,32,-1,
present,,,,1,2887,,169479,0,,,8,48,-1,
present,,,,1,2888,,169514,329900,,,0,82,1,|cFFFFD200Quest:|r Guardian of the Smallest|n|cFFFFD200Zone:|r Grizzly Hills|n
present,,,,1,2889,,170421,330997,,,9,2,3,|cFFFFD200Profession:|r Engineering|n
present,,,,1,2890,,171025,333570,,,7,16466,9,|cFFFFD200In-Game Shop|r 
present,,,,1,2891,,171117,333794,,,7,2,0,|cFFFFD200Drop: |rTomb Burster|n|cFFFFD200Zone: |rRevendreth
present,,,,1,2892,,171119,333796,,,6,2,0,|cFFFFD200Drop: |rRevendreth
present,,,,1,2893,,171120,333797,,,5,2,0,|cFFFFD200Drop: |rScrivener Lenua|n|cFFFFD200Zone: |rRevendreth
present,,,,1,2894,,171122,333800,,,3,2,0,|cFFFFD200Treasure: |rSecret Treasure|n|cFFFFD200Zone: |rRevendreth
present,,,,1,2895,,171123,0,,,3,26,4,|cFFFFD200Pet Battle:|r Revendreth|n
present,,,,1,2896,,171121,333799,,,5,2,0,|cFFFFD200Drop:|r Bog Beast|n|cFFFFD200Zone:|r Revendreth
present,,,,1,2897,,171118,333795,,,6,2,0,|cFFFFD200Drop: |rManifestation of Wrath|n|cFFFFD200Drop: |rLeeched Soul|n|cFFFFD200Zone: |rRevendreth|n
present,,,,1,2898,,171124,333802,,,6,2,0,|cFFFFD200Drop: |rGrand Proctor Beryllia|n|cFFFFD200Zone: |rSanguine Depths|n|cFFFFD200Difficulty: |rMythic
present,,,,1,2899,,171127,333804,,,0,2,2,|cFFFFD200Vendor: |rMistress Mihaela|n|cFFFFD200Zone: |rRevendreth|n|cFFFFD200Faction: |rCourt of Harvesters - Revered|n|cFFFFD200Cost: |r250|Hitem:163036|h|TInterface\ICONS\INV_Currency_PetBattle.BLP:0|t|h
present,,,,1,2900,,171136,333819,,,0,2,1,|cFFFFD200Quest:|r A Stolen Stonefiend|n|cFFFFD200Zone:|r Revendreth|n
present,,,,1,2998,,173376,0,,,7,33826,-1,
present,,,,1,2901,,171125,333803,,,0,2,0,|cFFFFD200Treasure: |rBleakwood Chest|n|cFFFFD200Zone: |rRevendreth
present,,,,1,2902,,171149,0,,,2,26,4,|cFFFFD200Pet Battle:|r Revendreth|n
present,,,,1,2903,,171150,333865,,,2,2,0,|cFFFFD200Drop: |rRevendreth
present,,,,1,2904,,171151,333868,,,2,2,2,|cFFFFD200Covenant Feature: |rThe Ember Court|n|cFFFFD200Covenant: |rVenthyr|n|n|cFFFFD200Covenant Feature: |rQueen's Conservatory|n|cFFFFD200Covenant: |rNight Fae|n|n|cFFFFD200Covenant Feature: |rPath of Ascension|n|cFFFFD200Covenant: |rKyrian|n|n|cFFFFD200Covenant Feature: |rAbomination Factory|n|cFFFFD200Covenant: |rNecrolord
present,,,,1,2905,,171247,334160,,,7,2,0,|cFFFFD200Drop:|r Playful Vulpin|n|cFFFFD200Zone:|r Ardenweald
present,,,,1,2907,,171246,334159,,,7,2,0,|cFFFFD200Drop:|r Macabre|n|cFFFFD200Zone:|r Ardenweald|n
present,,,,1,2908,,171239,334158,,,2,2,0,|cFFFFD200Drop: |rOld Ardeite|n|cFFFFD200Zone: |rArdenweald
present,,,,1,2909,,171238,334157,,,2,2,0,|cFFFFD200Treasure: |rAncient Cloudfeather Egg|n|cFFFFD200Zone: |rArdenweald
present,,,,1,2910,,171248,334156,,,4,2,2,|cFFFFD200Vendor: |rAithlyn|n|cFFFFD200Zone: |rArdenweald|n|cFFFFD200Faction: |rThe Wild Hunt - Friendly|n|cFFFFD200Cost: |r250|Hitem:163036|h|TInterface\ICONS\INV_Currency_PetBattle.BLP:0|t|h
present,,,,1,2911,,171234,334155,,,2,2,0,|cFFFFD200Treasure:|r Desiccated Moth|n|cFFFFD200Zone:|r Ardenweald|n|n
present,,,,1,2912,,171233,334154,,,2,2,2,|cFFFFD200Covenant Feature: |rThe Ember Court|n|cFFFFD200Covenant: |rVenthyr|n|n|cFFFFD200Covenant Feature: |rQueen's Conservatory|n|cFFFFD200Covenant: |rNight Fae|n|n|cFFFFD200Covenant Feature: |rPath of Ascension|n|cFFFFD200Covenant: |rKyrian|n|n|cFFFFD200Covenant Feature: |rAbomination Factory|n|cFFFFD200Covenant: |rNecrolord
present,,,,1,2913,,171235,334153,,,2,2,1,|cFFFFD200Vendor: |rCortinarius|n|cFFFFD200Zone: |rArdenweald|n|cFFFFD200Faction: |rMarasmius - Friendly|n|cFFFFD200Covenant: |rNight Fae|n|cFFFFD200Cost: |r250|Hitem:163036|h|TInterface\ICONS\INV_Currency_PetBattle.BLP:0|t|h
present,,,,1,2914,,171225,334151,,,7,2,1,|cFFFFD200Treasure: |rCache of the Night|n|cFFFFD200Zone: |rArdenweald
present,,,,1,2915,,171224,334150,,,7,2,2,|cFFFFD200Vendor: |rSpindlenose|n|cFFFFD200Zone: |rArdenweald|n|cFFFFD200Faction: |rCourt of Night - Friendly|n|cFFFFD200Covenant: |rNight Fae|n|cFFFFD200Cost: |r250|Hitem:163036|h|TInterface\ICONS\INV_Currency_PetBattle.BLP:0|t|h
present,,,,1,2916,,171242,334149,,,4,2,0,|cFFFFD200Drop:|r Wild Hunt Supplies|n
present,,,,1,2917,,171243,334146,,,4,2,2,|cFFFFD200Vendor: |rMaster Clerk Salorn|n|cFFFFD200Zone: |rArdenweald|n|cFFFFD200Cost: |r250|Hitem:163036|h|TInterface\ICONS\INV_Currency_PetBattle.BLP:0|t|h
present,,,,1,2918,,171241,334145,,,4,2,1,|cFFFFD200Quest: |rA New Age|n|cFFFFD200Covenant: |rKyrian|n|cFFFFD200Zone: |rBastion
present,,,,1,2919,,171229,0,,,2,26,4,|cFFFFD200Pet Battle:|r Ardenweald|n
present,,,,1,2920,,171231,334143,,,2,2,0,|cFFFFD200Drop: |rDeifir the Untamed|n|cFFFFD200Zone: |rArdenweald
present,,,,1,2921,,171230,334142,,,2,2,0,|cFFFFD200Treasure:|r Aerto|n|cFFFFD200Zone:|r Ardenweald
present,,,,1,2922,,171240,334141,,,2,2,0,|cFFFFD200Adventures:|r Shadowlands
present,,,,1,2923,,171227,334139,,,2,2,2,|cFFFFD200Covenant Feature: |rThe Ember Court|n|cFFFFD200Covenant: |rVenthyr|n|n|cFFFFD200Covenant Feature: |rQueen's Conservatory|n|cFFFFD200Covenant: |rNight Fae|n|n|cFFFFD200Covenant Feature: |rPath of Ascension|n|cFFFFD200Covenant: |rKyrian|n|n|cFFFFD200Covenant Feature: |rAbomination Factory|n|cFFFFD200Covenant: |rNecrolord
present,,,,1,2924,,171228,0,,,2,26,4,|cFFFFD200Pet Battle:|r Ardenweald|n
present,,,,1,2925,,171565,334789,,,2,2,0,|cFFFFD200Drop: |rCloudfeather Guardian|n|cFFFFD200Zone: |rBastion
present,,,,1,2999,,173381,0,,,7,33826,-1,
present,,,,1,2926,,171567,0,,,2,26,4,|cFFFFD200Pet Battle:|r Bastion|n
present,,,,1,2927,,171664,0,,,2,26,4,|cFFFFD200Pet Battle:|r Bastion|n
present,,,,1,2928,,171667,334987,,,2,2,1,|cFFFFD200Quest:|r How to Catch a Glimmerfly|n|cFFFFD200Zone:|r Bastion
present,,,,1,2929,,171668,0,,,2,26,4,|cFFFFD200Pet Battle:|r Bastion|n
present,,,,1,2930,,171670,0,,,8,26,4,|cFFFFD200Pet Battle:|r Bastion|n
present,,,,1,2931,,171569,334798,,,8,2,2,|cFFFFD200Covenant Feature: |rThe Ember Court|n|cFFFFD200Covenant: |rVenthyr|n|n|cFFFFD200Covenant Feature: |rQueen's Conservatory|n|cFFFFD200Covenant: |rNight Fae|n|n|cFFFFD200Covenant Feature: |rPath of Ascension|n|cFFFFD200Covenant: |rKyrian|n|n|cFFFFD200Covenant Feature: |rAbomination Factory|n|cFFFFD200Covenant: |rNecrolord
present,,,,1,2932,,171693,335050,,,8,2,0,|cFFFFD200Treasure: |rStewart's Stewpendous Stew|n|cFFFFD200Zone: |rBastion
present,,,,1,2933,,171568,334796,,,7,2,2,|cFFFFD200Covenant Feature: |rThe Ember Court|n|cFFFFD200Covenant: |rVenthyr|n|n|cFFFFD200Covenant Feature: |rQueen's Conservatory|n|cFFFFD200Covenant: |rNight Fae|n|n|cFFFFD200Covenant Feature: |rPath of Ascension|n|cFFFFD200Covenant: |rKyrian|n|n|cFFFFD200Covenant Feature: |rAbomination Factory|n|cFFFFD200Covenant: |rNecrolord
present,,,,1,2934,,171694,335053,,,7,2,2,|cFFFFD200Vendor: |rAdjutant Nikos|n|cFFFFD200Zone: |rBastion|n|cFFFFD200Faction: |rThe Ascended - Revered|n|cFFFFD200Cost: |r1765|TINTERFACE\MONEYFRAME\UI-GOLDICON.BLP:0|t
present,,,,1,2935,,171697,335056,,,7,2,0,|cFFFFD200Treasure: |rGift of Vesiphone|n|cFFFFD200Zone: |rBastion
present,,,,1,2936,,171702,0,,,7,26,4,|cFFFFD200Pet Battle:|r Bastion|n
present,,,,1,2937,,171703,0,,,7,26,4,|cFFFFD200Pet Battle:|r Bastion|n
present,,,,1,2938,,171710,335076,,,2,2,0,|cFFFFD200Treasure: |rBastion
present,,,,1,2939,,171712,0,,,2,26,4,|cFFFFD200Pet Battle:|r Bastion|n
present,,,,1,2940,,171714,335083,,,2,2,0,|cFFFFD200Drop: |rBastion
present,,,,1,2941,,171716,335085,,,7,2,2,|cFFFFD200Covenant Feature: |rPath of Ascension|n|cFFFFD200Covenant: |rKyrian
present,,,,1,2942,,171719,335087,,,7,2,0,|cFFFFD200Adventures:|r Shadowlands
present,,,,1,2943,,171666,0,,,2,26,4,|cFFFFD200Pet Battle:|r Bastion
present,,,,1,2944,,171954,335698,,,3,131074,0,|cFFFFD200Drop:|r Oonar's Arm|n|cFFFFD200Zone:|r Maldraxxus
present,,,,1,2945,,171982,335753,,,7,2,2,|cFFFFD200Covenant Feature: |rThe Ember Court|n|cFFFFD200Covenant: |rVenthyr|n|n|cFFFFD200Covenant Feature: |rQueen's Conservatory|n|cFFFFD200Covenant: |rNight Fae|n|n|cFFFFD200Covenant Feature: |rPath of Ascension|n|cFFFFD200Covenant: |rKyrian|n|n|cFFFFD200Covenant Feature: |rAbomination Factory|n|cFFFFD200Covenant: |rNecrolord
present,,,,1,2946,,171984,335755,,,7,2,0,|cFFFFD200Adventures:|r Shadowlands
present,,,,1,2947,,171985,335762,,,7,2,0,|cFFFFD200Treasure: |rCache of Eyes|n|cFFFFD200Zone: |rMaldraxxus
present,,,,1,2948,,171986,335764,,,7,2,0,|cFFFFD200Drop: |rSister Chelicerae|n|cFFFFD200Zone: |rMaldraxxus
present,,,,1,2949,,171987,335765,,,7,2,0,|cFFFFD200Treasure: |rSprouting Growth|n|cFFFFD200Zone: |rMaldraxxus
present,,,,1,2950,,172130,0,,,3,131098,4,|cFFFFD200Pet Battle: |rMaldraxxus
present,,,,1,2952,,172132,335966,,,5,2,0,|cFFFFD200Treasure: |rSlime-Coated Crate|n|cFFFFD200Zone: |rMaldraxxus
present,,,,1,3000,,173373,0,,,4,32802,-1,
present,,,,1,2953,,172134,335969,,,5,2,0,|cFFFFD200Drop: |rDeadly Dapperling|n|cFFFFD200Zone: |rMaldraxxus
present,,,,1,2954,,172135,335972,,,4,2,2,|cFFFFD200Covenant Feature: |rThe Ember Court|n|cFFFFD200Covenant: |rVenthyr|n|n|cFFFFD200Covenant Feature: |rQueen's Conservatory|n|cFFFFD200Covenant: |rNight Fae|n|n|cFFFFD200Covenant Feature: |rPath of Ascension|n|cFFFFD200Covenant: |rKyrian|n|n|cFFFFD200Covenant Feature: |rAbomination Factory|n|cFFFFD200Covenant: |rNecrolord
present,,,,1,2955,,172136,335974,,,4,2,0,|cFFFFD200Drop: |rSmorgas the Feaster|n|cFFFFD200Zone: |rMaldraxxus
present,,,,1,2956,,172137,335977,,,4,2,0,|cFFFFD200Drop: |rSmorgas the Feaster|n|cFFFFD200Zone: |rMaldraxxus
present,,,,1,2957,,172139,335979,,,3,2,0,|cFFFFD200Drop: |rScunner|n|cFFFFD200Zone: |rMaldraxxus
present,,,,1,2958,,172140,335980,,,3,2,2,|cFFFFD200Covenant Feature: |rAbomination Factory|n|cFFFFD200Covenant: |rNecrolord
present,,,,1,2959,,172148,336020,,,3,2,0,|cFFFFD200Drop:|r Supplies of the Undying Army|n
present,,,,1,2960,,172149,336021,,,5,2,0,|cFFFFD200Drop: |rOily Invertebrate|n|cFFFFD200Zone: |rMaldraxxus
present,,,,1,2961,,172150,336022,,,5,2,0,|cFFFFD200Drop: |rMargrave Stradama|n|cFFFFD200Zone: |rPlaguefall|n|cFFFFD200Difficulty: |rMythic
present,,,,1,2962,,172151,336024,,,3,2,2,|cFFFFD200Vendor: |rNalcorn Talsen|n|cFFFFD200Zone: |rMaldraxxus|n|cFFFFD200Faction: |rThe Undying Army - Revered|n|cFFFFD200Cost: |r1765|TINTERFACE\MONEYFRAME\UI-GOLDICON.BLP:0|t
present,,,,1,2963,,172153,336030,,,3,2,2,|cFFFFD200Covenant Feature: |rAbomination Factory|n|cFFFFD200Covenant: |rNecrolord
present,,,,1,2964,,172155,336031,,,2,2,0,|cFFFFD200Drop: |rRavenomous|n|cFFFFD200Zone: |rMaldraxxus
present,,,,1,2965,,172284,336311,,,7,2,2,|cFFFFD200Covenant Feature: |rThe Ember Court|n|cFFFFD200Covenant: |rVenthyr|n|n|cFFFFD200Covenant Feature: |rQueen's Conservatory|n|cFFFFD200Covenant: |rNight Fae|n|n|cFFFFD200Covenant Feature: |rPath of Ascension|n|cFFFFD200Covenant: |rKyrian|n|n|cFFFFD200Covenant Feature: |rAbomination Factory|n|cFFFFD200Covenant: |rNecrolord
present,,,,1,2966,,172570,337031,,,6,16466,2,|cFFFFD200Covenant: |rVenthyr|n|cFFFFD200Zone: |rRevendreth
present,,,,1,2967,,172854,337694,,,0,16466,1,|cFFFFD200Covenant Feature: |rThe Ember Court|n|cFFFFD200Covenant: |rVenthyr
present,,,,1,2968,,173133,0,,,8,33826,-1,
present,,,,1,2969,,173216,0,,,2,32802,-1,
present,,,,1,2970,,173215,0,,,2,32802,-1,
present,,,,1,2971,,173214,0,,,7,32802,-1,
present,,,,1,2972,,173213,0,,,8,32802,-1,
present,,,,1,2973,,173212,0,,,7,32802,-1,
present,,,,1,2974,,173211,0,,,2,32802,-1,
present,,,,1,2975,,173206,0,,,9,32802,-1,
present,,,,1,2976,,173205,0,,,9,32802,-1,
present,,,,1,2977,,173204,0,,,9,32802,-1,
present,,,,1,2978,,173274,0,,,3,33826,-1,
present,,,,1,2979,,173303,0,,,6,33826,-1,
present,,,,1,2980,,173258,0,,,0,32802,-1,
present,,,,1,2981,,173259,0,,,7,32802,-1,
present,,,,1,2982,,173260,0,,,2,32802,-1,
present,,,,1,2983,,173264,0,,,3,32802,-1,
present,,,,1,2984,,173265,0,,,3,32802,-1,
present,,,,1,2985,,173266,0,,,3,32802,-1,
present,,,,1,2986,,173271,0,,,3,32802,-1,
present,,,,1,2987,,173272,0,,,2,32802,-1,
present,,,,1,2988,,173273,0,,,3,32802,-1,
present,,,,1,2989,,173320,0,,,6,32802,-1,
present,,,,1,2990,,173321,0,,,2,32802,-1,
present,,,,1,2991,,173322,0,,,4,32802,-1,
present,,,,1,2992,,173326,0,,,7,32802,-1,
present,,,,1,2993,,173328,0,,,7,32802,-1,
present,,,,1,2994,,173329,0,,,0,32802,-1,
present,,,,1,2996,,173332,0,,,7,33826,-1,
present,,,,1,3001,,173374,0,,,7,32802,-1,
present,,,,1,3002,,173375,0,,,2,32802,-1,
present,,,,1,3003,,173378,0,,,2,32802,-1,
present,,,,1,3004,,173379,0,,,2,32802,-1,
present,,,,1,3005,,173380,0,,,2,32802,-1,
present,,,,1,3006,,173502,339590,,,2,2,0,|cFFFFD200Drop:|r Court of Harvesters Supplies|n
present,,,,1,3007,,173506,0,,,7,26,4,|cFFFFD200Pet Battle:|r Revendreth|n
present,,,,1,3008,,173508,339593,,,5,2,0,|cFFFFD200Drop:|r Lost Quill|n|cFFFFD200Zone:|r Revendreth
present,,,,1,3009,,173531,339668,,,2,2,0,|cFFFFD200Treasure: |rThe Count|n|cFFFFD200Zone: |rRevendreth|n|cFFFFD200Cost: |r99|Hcurrency:1820|h|TInterface\ICONS\INV_Jewelcrafting_LivingRuby_01.blp:0|t|h
present,,,,1,3010,,173533,339670,,,2,2,0,|cFFFFD200Drop: |r Bastion Maw Assault|n|cFFFFD200Treasure: |rSinfall Screecher Cage|n|cFFFFD200Zone: |rThe Maw
present,,,,1,3011,,173535,339671,,,2,2,2,|cFFFFD200Vendor: |rTemel|n|cFFFFD200Zone: |rRevendreth|n|cFFFFD200Faction: |rThe Ember Court - Revered|n|cFFFFD200Covenant: |rVenthyr|n|cFFFFD200Cost: |r250|Hitem:163036|h|TInterface\ICONS\INV_Currency_PetBattle.BLP:0|t|h
present,,,,1,3012,,173536,339674,,,2,2,0,|cFFFFD200Treasure: |rRepaired Transport Mirror|n|cFFFFD200Covenant: |rVenthyr|n|cFFFFD200Zone: |rRevendreth
present,,,,1,3013,,173534,339677,,,4,2,0,|cFFFFD200Treasure:|r Strange Growth|n|cFFFFD200Zone:|r Maldraxxus|n
present,,,,1,3014,,173555,0,,,6,26,4,|cFFFFD200Pet Battle:|r Revendreth|n
present,,,,1,3015,,173556,0,,,6,26,4,|cFFFFD200Pet Battle:|r Revendreth|n
present,,,,1,3016,,173585,339976,,,6,2,2,|cFFFFD200Vendor: |rCortinarius|n|cFFFFD200Zone: |rArdenweald|n|cFFFFD200Faction: |rMarasmius - Friendly|n|cFFFFD200Covenant: |rNight Fae|n|cFFFFD200Cost: |r250|Hitem:163036|h|TInterface\ICONS\INV_Currency_PetBattle.BLP:0|t|h
present,,,,1,3017,,173586,339981,,,6,2,2,|cFFFFD200Vendor: |rMaster Clerk Salorn|n|cFFFFD200Zone: |rArdenweald|n|cFFFFD200Covenant: |rNight Fae|n|cFFFFD200Cost: |r250|Hitem:163036|h|TInterface\ICONS\INV_Currency_PetBattle.BLP:0|t|h
present,,,,1,3018,,173587,339982,,,6,16466,2,|cFFFFD200Covenant:|r Night Fae|n|cFFFFD200Zone:|r Ardenweald
present,,,,1,3019,,173588,339983,,,6,2,2,|cFFFFD200Vendor: |rSpindlenose|n|cFFFFD200Zone: |rArdenweald|n|cFFFFD200Faction: |rCourt of Night - Friendly|n|cFFFFD200Covenant: |rNight Fae|n|cFFFFD200Cost: |r250|Hitem:163036|h|TInterface\ICONS\INV_Currency_PetBattle.BLP:0|t|h
present,,,,1,3020,,173589,339997,,,4,2,0,|cFFFFD200Adventures:|r Shadowlands
present,,,,1,3021,,173590,0,,,4,26,4,|cFFFFD200Pet Battle:|r Ardenweald|n
present,,,,1,3022,,173591,339999,,,4,2,0,|cFFFFD200Treasure: |rFaerie Trove|n|cFFFFD200Zone: |rArdenweald
present,,,,1,3023,,173593,340002,,,4,2,2,|cFFFFD200Vendor: |rCortinarius|n|cFFFFD200Zone: |rArdenweald|n|cFFFFD200Faction: |rMarasmius - Friendly|n|cFFFFD200Covenant: |rNight Fae|n|cFFFFD200Cost: |r250|Hitem:163036|h|TInterface\ICONS\INV_Currency_PetBattle.BLP:0|t|h
present,,,,1,3024,,173842,340710,,,6,2,0,|cFFFFD200Drop:|r Ashen Amalgamation|n|cFFFFD200Covenant Feature:|r Ember Court|n|cFFFFD200Covenant:|r Venthyr|n|cFFFFD200Zone:|r Revendreth
present,,,,1,3025,,173847,340717,,,3,131074,0,|cFFFFD200Treasure:|r Skeletal Hand Fragments|n|cFFFFD200Zone:|r Maldraxxus
present,,,,1,3026,,173849,340721,,,4,2,0,|cFFFFD200Drop:|r Torghast|n
present,,,,1,3027,,173850,340722,,,4,2,0,|cFFFFD200Drop:|r Torghast|n|n
present,,,,1,3028,,173851,340723,,,3,131074,0,|cFFFFD200Drop:|r Torghast|n|n
present,,,,1,3029,,173988,341289,,,3,131074,0,|cFFFFD200Drop:|r Torghast|n
present,,,,1,3030,,173989,341292,,,4,2,0,|cFFFFD200Drop:|r Torghast|n
present,,,,1,3032,,173990,341293,,,4,2,0,|cFFFFD200Drop:|r Torghast|n
present,,,,1,3033,,173991,341295,,,5,2,0,|cFFFFD200Drop:|r Torghast|n|n
present,,,,1,3034,,173992,341298,,,3,2,0,|cFFFFD200Drop:|r Torghast|n
present,,,,1,3035,,173993,341301,,,4,2,0,|cFFFFD200Drop: |rGormbore|n|cFFFFD200Zone: |rArdenweald
present,,,,1,3036,,173994,341302,,,5,131154,0,|cFFFFD200Drop: |rSire Denathrius|n|cFFFFD200Zone: |rCastle Nathria
present,,,,1,3037,,174081,341492,,,6,2,0,|cFFFFD200Drop: |rEternas the Tormentor|n|cFFFFD200Zone: |rThe Maw
present,,,,1,3038,,174082,341493,,,4,2,0,|cFFFFD200Drop:|r The Maw|n
present,,,,1,3039,,174083,341494,,,4,2,0,|cFFFFD200Drop:|r The Maw|n
present,,,,1,3040,,174084,341495,,,3,131074,0,|cFFFFD200Drop: |rSanngror the Torturer|n|cFFFFD200Zone: |rThe Maw
present,,,,1,3041,,174085,341497,,,5,82,5,|cFFFFD200Achievement: |rTwisting Corridors: Layer 2|n|cFFFFD200Category: |rTorghast
present,,,,1,3042,,174087,341515,,,0,16466,2,|cFFFFD200Covenant: |rKyrian|n|cFFFFD200Zone: |rBastion
present,,,,1,3043,,174088,341516,,,5,16466,2,|cFFFFD200Covenant: |rNecrolord|n|cFFFFD200Zone: |rMaldraxxus|n
present,,,,1,3044,,174089,341519,,,4,2,0,|cFFFFD200Drop: |rTred'ova|n|cFFFFD200Zone: |rMists of Tirna Scithe|n|cFFFFD200Difficulty: |rMythic
present,,,,1,3045,,174125,341635,,,5,2050,0,|cFFFFD200Treasure: |rPlaguefallen Chest|n|cFFFFD200Zone: |rMaldraxxus
present,,,,1,3046,,174181,341825,,,3,2,2,|cFFFFD200World Event: |rShadowlands Scourge Invasion|n|cFFFFD200Cost: |r20|Hcurrency:1754|h|TInterface\ICONS\Achievement_Reputation_ArgentCrusader.blp:0|t|h
present,,,,1,3047,,174677,343161,,,3,2,0,|cFFFFD200Treasure: |rSpinebug|n|cFFFFD200Zone: |rMaldraxxus
present,,,,1,3049,,175021,0,,,4,26,4,|cFFFFD200Pet Battle: |rMaldraxxus
present,,,,1,3050,,175022,0,,,7,26,4,|cFFFFD200Pet Battle: |rMaldraxxus
present,,,,1,3051,,175023,0,,,5,26,4,|cFFFFD200Pet Battle: |rMaldraxxus
present,,,,1,3052,,175024,0,,,2,26,4,|cFFFFD200Pet Battle: |rMaldraxxus
present,,,,1,3053,,175203,344755,,,1,82,7,|cFFFFD200Blizzard's 30th Anniversary|r 
present,,,,1,3054,,175220,344792,,,5,2,2,|cFFFFD200Vendor: |rArchivist Janeera|n|cFFFFD200Zone: |rRevendreth|n|cFFFFD200Faction: |rThe Avowed - Exalted|n|cFFFFD200Cost: |r1000|Hcurrency:1816|h|TInterface\ICONS\6BF_Blackrock_Nova.BLP:0|t|h
present,,,,1,3061,,175561,345740,,,0,2,2,|cFFFFD200Vendor: |rZeleskos|n|cFFFFD200Covenant: |rKyrian|n|cFFFFD200Zone: |rBastion
present,,,,1,3062,,175560,345741,,,0,2,0,|cFFFFD200Drop: |rBastion|n|cFFFFD200Covenant: |rKyrian
present,,,,1,3063,,175562,345742,,,2,2,0,|cFFFFD200Drop: |rLarionrider Orstus|n|cFFFFD200Zone: |rBastion
present,,,,1,3064,,175564,345744,,,2,2,0,|cFFFFD200Drop:|r Supplies of the Ascended|n
present,,,,1,3065,,175563,345743,,,2,2,0,|cFFFFD200Drop:|r Courage|n|cFFFFD200Zone:|r Bastion|n
present,,,,1,3066,,175715,346192,,,3,2,0,|cFFFFD200Drop:|r Dirty Glinting Object|n
present,,,,1,3067,,175756,346236,,,0,82,5,|cFFFFD200Achievement: |rFamily Exorcist|n|cFFFFD200Category: |rBattle
present,,,,1,3068,,175777,0,,,8,1072,-1,
present,,,,1,3070,,175778,0,,,7,1072,-1,
present,,,,1,3071,,175779,0,,,4,1072,-1,
present,,,,1,3072,,175780,0,,,1,1072,-1,
present,,,,1,3073,,175781,0,,,6,1072,-1,
present,,,,1,3074,,175782,0,,,2,1072,-1,
present,,,,1,3075,,175783,0,,,0,1072,-1,
present,,,,1,3076,,175784,0,,,5,1072,-1,
present,,,,1,3077,,175785,0,,,9,1072,-1,
present,,,,1,3078,,175786,0,,,3,1072,-1,
present,,,,1,3079,,175787,346260,,,0,82,5,|cFFFFD200Achievement: |rAbhorrent Adversaries of the Afterlife|n|cFFFFD200Category: |rBattle
present,,,,1,3080,,176019,0,,,7,26,4,|cFFFFD200Pet Battle:|r Ardenweald|n
present,,,,1,3081,,176020,0,,,4,26,4,|cFFFFD200Pet Battle: |rArdenweald
present,,,,1,3082,,176021,0,,,2,26,4,|cFFFFD200Pet Battle: |rArdenweald
present,,,,1,3083,,176024,0,,,2,26,4,|cFFFFD200Pet Battle: |rMaldraxxus
present,,,,1,3089,,176657,0,,,9,48,-1,
present,,,,1,3090,,176659,0,,,2,48,-1,
present,,,,1,3091,,176658,0,,,7,48,-1,
present,,,,1,3092,,176662,348561,,,9,2,0,|cFFFFD200Drop:|r Grummlepouch|n
present,,,,1,3097,,178216,351636,,,7,2,2,|cFFFFD200Vendor: |rKeeper Ta'hult|n|cFFFFD200Zone: |rOribos|n|cFFFFD200Cost: |r10000|Hitem:163036|h|TInterface\ICONS\INV_Currency_PetBattle.BLP:0|t|h
present,,,,1,3098,,179008,353206,,,3,2,0,|cFFFFD200Drop:|r Maldraxxus Maw Assault|n
present,,,,1,3099,,179025,353230,,,2,2,0,|cFFFFD200Drop:|r Ardenweald Maw Assault|n|cFFFFD200Treasure: |rEtherwyrm Cage|n|cFFFFD200Zone: |rThe Maw|n
present,,,,1,3100,,179125,353442,,,9,2,2,|cFFFFD200Vendor: |rHistorian Ma'di|n|cFFFFD200Zone: |rTanaris|n|cFFFFD200Cost: |r200|Hcurrency:1166|h|TInterface\ICONS\PVECurrency-Justice.blp:0|t|h
present,,,,1,3101,,179083,353450,,,7,2,5,|cFFFFD200Achievement: |rA Sly Fox|n|cFFFFD200Category: |rCollect
present,,,,1,3102,,179131,0,,,2,26,4,|cFFFFD200Pet Battle: |rKorthia
present,,,,1,3103,,179132,353451,,,2,2,0,|cFFFFD200Drop:|r Ascended War Chest|n|cFFFFD200Zone:|r The Maw
present,,,,1,3104,,179137,353456,,,7,2,2,|cFFFFD200Vendor: |rKeeper Ta'hult|n|cFFFFD200Zone: |rOribos|n|cFFFFD200Cost: |r1|Hitem:36812|h|TInterface\ICONS\INV_Misc_Gear_01.blp:0|t|h 1|Hitem:62072|h|TInterface\ICONS\INV_Staff_11.blp:0|t|h 1|Hitem:67410|h|TInterface\ICONS\INV_Stone_13.blp:0|t|h
present,,,,1,3105,,179138,353457,,,7,2,2,|cFFFFD200Vendor: |rKeeper Ta'hult|n|cFFFFD200Zone: |rOribos|n|cFFFFD200Cost: |r1|Hitem:3300|h|TInterface\ICONS\INV_Gauntlets_02.blp:0|t|h 1|Hitem:3670|h|TInterface\ICONS\INV_Misc_Bone_01.blp:0|t|h 1|Hitem:6150|h|TInterface\ICONS\INV_Misc_Bandage_06.blp:0|t|h
present,,,,1,3106,,179139,353458,,,7,2,2,|cFFFFD200Vendor: |rKeeper Ta'hult|n|cFFFFD200Zone: |rOribos|n|cFFFFD200Cost: |r1|Hitem:11406|h|TInterface\ICONS\INV_Misc_Pelt_Bear_Ruin_02.blp:0|t|h 1|Hitem:11944|h|TInterface\ICONS\INV_Boots_06.blp:0|t|h 1|Hitem:25402|h|TInterface\ICONS\INV_Hammer_16.blp:0|t|h
present,,,,1,3107,,179140,353460,,,0,82,1,|cFFFFD200Quest: |rGurgl and the Bandit|n|cFFFFD200Zone: |rEye of Azshara
present,,,,1,3108,,179164,0,,,7,26,4,"|cFFFFD200Pet Battle: |rTazavesh, the Veiled Market"
present,,,,1,3109,,179165,0,,,7,26,4,"|cFFFFD200Pet Battle: |rTazavesh, the Veiled Market"
present,,,,1,3110,,179166,353525,,,7,2,0,"|cFFFFD200Drop: |rP.O.S.T. Master|n|cFFFFD200Zone: |rTazavesh, the Veiled Market"
present,,,,1,3111,,179167,0,,,4,26,4,"|cFFFFD200Pet Battle: |rTazavesh, the Veiled Market"
present,,,,1,3112,,179168,0,,,4,26,4,"|cFFFFD200Pet Battle: |rTazavesh, the Veiled Market"
present,,,,1,3113,,179169,353528,,,4,2,0,"|cFFFFD200Zone:|r Tazavesh, the Veiled Market|n"
present,,,,1,3114,,179171,353529,,,3,2,0,|cFFFFD200Drop:|r War Chest of the Undying Army|n|cFFFFD200Zone:|r The Maw|n
present,,,,1,3115,,179179,0,,,3,131098,4,|cFFFFD200Pet Battle: |rThe Maw
present,,,,1,3116,,179180,353569,,,2,2,0,|cFFFFD200Drop:|r War Chest of the Wild Hunt|n|cFFFFD200Zone:|r The Maw
present,,,,1,3117,,179181,353570,,,2,2,0,"|cFFFFD200Drop: |rGralebboih
|cFFFFD200Zone: |rThe Maw"
present,,,,1,3118,,179182,0,,,4,26,4,|cFFFFD200Pet Battle: |rThe Maw
present,,,,1,3119,,179183,0,,,3,131098,4,|cFFFFD200Pet Battle: |rThe Maw
present,,,,1,3120,,179219,0,,,3,131098,4,|cFFFFD200Pet Battle: |rThe Maw
present,,,,1,3121,,179220,353638,,,3,131074,0,|cFFFFD200Drop:|r The Maw|n
present,,,,1,3122,,179222,353639,,,3,131074,0,|cFFFFD200Drop: |rSoulrender Dormazain|n|cFFFFD200Zone: |rSanctum of Domination
present,,,,1,3123,,179226,0,,,4,26,4,|cFFFFD200Pet Battle: |rThe Maw
present,,,,1,3124,,179227,0,,,4,26,4,|cFFFFD200Pet Battle: |rThe Maw
present,,,,1,3125,,179228,353644,,,5,2,0,|cFFFFD200Drop: |rHelsworn Soulseeker|n|cFFFFD200Zone: |rThe Maw
present,,,,1,3126,,179229,0,,,5,26,4,"|cFFFFD200Pet Battle: |rKorthia, The Maw"
present,,,,1,3127,,179230,353645,,,2,2,0,|cFFFFD200Visitor Daily: |rOozing with Character|n|cFFFFD200Zone: |rKorthia|n|n|cFFFFD200Visitor Daily: |rLocal Reagents|n|cFFFFD200Zone: |rKorthia
present,,,,1,3128,,179232,353648,,,5,2,0,|cFFFFD200Drop: |rEye of the Jailer|n|cFFFFD200Zone: |rSanctum of Domination
present,,,,1,3129,,179233,353649,,,5,2,0,|cFFFFD200Drop: |rEye of the Jailer|n|cFFFFD200Zone: |rSanctum of Domination|n|cFFFFD200Difficulty: |rMythic
present,,,,1,3130,,179239,353656,,,0,2,0,"|cFFFFD200Drop:|r Adamant Vaults|n|cFFFFD200Zone:|r Torghast, Tower of the Damned|n"
present,,,,1,3131,,179240,353658,,,0,2,0,|cFFFFD200Drop: |rKel'Thuzad|n|cFFFFD200Zone: |rSanctum of Domination
present,,,,1,3132,,179241,353659,,,0,82,5,"|cFFFFD200Achievement: |rMany, Many Things|n|cFFFFD200Category: |rTorghast"
present,,,,1,3133,,179242,353661,,,0,2,0,|cFFFFD200Drop:|r Mysterious Gift from Ve'nari|n|cFFFFD200Zone:|r The Maw
present,,,,1,3134,,179248,0,,,4,26,4,|cFFFFD200Pet Battle: |rKorthia
present,,,,1,3135,,179250,0,,,4,26,4,|cFFFFD200Pet Battle: |rKorthia
present,,,,1,3136,,179251,353663,,,4,2,0,|cFFFFD200Drop: |rZelnithop|n|cFFFFD200Zone: |rKorthia
present,,,,1,3137,,179252,353664,,,4,2,0,|cFFFFD200Drop:|r Death's Advance Supplies|n|cFFFFD200Zone:|r Korthia
present,,,,1,3207,,182735,361400,,,7,2,3,|cFFFFD200Profession:|r Protoform Synthesis|n
present,,,,1,3138,,179253,353665,,,4,2,2,|cFFFFD200Vendor: |rDuchess Mynx|n|cFFFFD200Zone: |rKorthia|n|cFFFFD200Faction: |rDeath's Advance - Honored|n|cFFFFD200Cost: |r50|Hitem:163036|h|TInterface\ICONS\INV_Currency_PetBattle.BLP:0|t|h 1500|Hcurrency:1767|h|TInterface\ICONS\INV_Stygia.BLP:0|t|h
present,,,,1,3139,,179256,0,,,7,26,4,|cFFFFD200Pet Battle: |rKorthia
present,,,,1,3140,,179255,353666,,,7,2,0,|cFFFFD200Drop:|r Supplies of the Archivists' Codex|n|cFFFFD200Zone:|r Korthia
present,,,,1,3141,,179329,0,,,2,26,4,|cFFFFD200Pet Battle:|r Korthia|n
present,,,,1,3153,,179589,354743,,,1,82,9,|cFFFFD200In-Game Shop|r|n
present,,,,1,3155,,179966,0,,,0,48,-1,
present,,,,1,3156,,179809,0,,,2,32,-1,
present,,,,1,3158,,179967,0,,,5,32,3,
present,,,,1,3169,,181308,359559,,,5,2,3,|cFFFFD200Profession:|r Protoform Synthesis|n
present,,,,1,3170,,181335,359604,,,5,2,3,|cFFFFD200Profession:|r Protoform Synthesis|n
present,,,,1,3171,,181336,359605,,,5,2,3,|cFFFFD200Profession:|r Protoform Synthesis
present,,,,1,3172,,181337,359606,,,5,82,0,|cFFFFD200Treasure: |rEphemera Orb|n|cFFFFD200Zone: |rZereth Mortis
present,,,,1,3173,,181362,0,,,8,26,4,|cFFFFD200Pet Battle:|r Zereth Mortis|n
present,,,,1,3174,,181488,359760,,,7,2,3,|cFFFFD200Profession:|r Protoform Synthesis|n
present,,,,1,3175,,181535,359805,,,1,82,7,|cFFFFD200Promotion:|r Dragonflight Heroic Edition|n
present,,,,1,3176,,181547,359813,,,7,2,3,|cFFFFD200Profession:|r Protoform Synthesis|n
present,,,,1,3177,,181575,359855,,,1,82,7,|cFFFFD200Promotion: Dragonflight Base Edition|r 
present,,,,1,3178,,181578,359863,,,2,2,3,|cFFFFD200Profession: |rProtoform Synthesis|n
present,,,,1,3179,,181615,359898,,,6,2,3,|cFFFFD200Profession:|r Protoform Synthesis|n
present,,,,1,3180,,182019,0,,,8,26,4,|cFFFFD200Pet Battle:|r Zereth Mortis|n
present,,,,1,3181,,182081,360389,,,8,2,3,|cFFFFD200Profession:|r Protoform Synthesis|n
present,,,,1,3188,,182140,360567,,,7,16466,-1,
present,,,,1,3189,,182183,360691,,,4,2,3,|cFFFFD200Profession:|r Protoform Synthesis
present,,,,1,3190,,182216,0,,,4,26,4,|cFFFFD200Pet Battle: |rZereth Mortis
present,,,,1,3191,,182234,0,,,4,26,4,|cFFFFD200Pet Battle: |rZereth Mortis
present,,,,1,3196,,182260,0,,,2,26,4,|cFFFFD200Pet Battle: |rZereth Mortis
present,,,,1,3197,,182264,360800,,,8,2,3,|cFFFFD200Profession:|r Protoform Synthesis|n
present,,,,1,3200,,182294,0,,,2,26,4,|cFFFFD200Pet Battle: |rZereth Mortis
present,,,,1,3201,,182393,360986,,,7,2,3,|cFFFFD200Profession:|r Protoform Synthesis|n
present,,,,1,3202,,182437,0,,,7,26,4,|cFFFFD200Pet Battle: |rZereth Mortis
present,,,,1,3203,,182473,0,,,7,26,4,|cFFFFD200Pet Battle: |rZereth Mortis
present,,,,1,3204,,182504,361157,,,4,2,3,|cFFFFD200Profession: |rProtoform Synthesis
present,,,,1,3205,,182568,0,,,4,26,4,|cFFFFD200Pet Battle: |rZereth Mortis
present,,,,1,3206,,182691,0,,,4,26,4,|cFFFFD200Pet Battle: |rZereth Mortis
present,,,,1,3208,,182758,0,,,7,26,4,|cFFFFD200Pet Battle: |rZereth Mortis
present,,,,1,3209,,182760,0,,,7,26,4,|cFFFFD200Pet Battle: |rZereth Mortis
present,,,,1,3210,,182768,0,,,7,26,4,|cFFFFD200Pet Battle: |rZereth Mortis
present,,,,1,3211,,182840,361572,,,2,2,3,|cFFFFD200Profession:|r Protoform Synthesis|n
present,,,,1,3212,,182876,0,,,2,26,4,|cFFFFD200Pet Battle: |rZereth Mortis
present,,,,1,3213,,183142,0,,,7,26,4,|cFFFFD200Pet Battle: |rZereth Mortis
present,,,,1,3214,,183158,0,,,7,26,4,|cFFFFD200Pet Battle: |rZereth Mortis
present,,,,1,3215,,183230,0,,,6,26,4,|cFFFFD200Pet Battle: |rZereth Mortis
present,,,,1,3216,,183277,0,,,8,26,4,|cFFFFD200Pet Battle: |rZereth Mortis
present,,,,1,3217,,183281,0,,,8,26,4,|cFFFFD200Pet Battle: |rZereth Mortis
present,,,,1,3218,,183285,0,,,2,26,4,|cFFFFD200Pet Battle: |rZereth Mortis
present,,,,1,3219,,183292,0,,,4,26,4,|cFFFFD200Pet Battle: |rZereth Mortis
present,,,,1,3220,,183557,362640,,,2,2,3,|cFFFFD200Profession:|r Protoform Synthesis
present,,,,1,3221,,183772,363086,,,0,82,5,|cFFFFD200Achievement: |rThe Jailer's Gauntlet: Layer 1|n|cFFFFD200Category: |rTorghast
present,,,,1,3222,,184196,364255,,,4,2,3,|cFFFFD200Profession: |rProtoform Synthesis
present,,,,1,3223,,184183,364174,,,8,2,3,|cFFFFD200Profession: |rProtoform Synthesis
present,,,,1,3224,,184184,364176,,,4,10,3,|cFFFFD200Profession: |rProtoform Synthesis
present,,,,1,3225,,184189,364178,,,2,2,3,|cFFFFD200Profession: |rProtoform Synthesis
present,,,,1,3226,,184190,364181,,,2,2,3,|cFFFFD200Profession: |rProtoform Synthesis
present,,,,1,3227,,184191,364182,,,6,2,3,|cFFFFD200Profession: |rProtoform Synthesis
present,,,,1,3229,,184186,364259,,,8,2,3,|cFFFFD200Profession: |rProtoform Synthesis
present,,,,1,3230,,184192,364184,,,8,2,3,|cFFFFD200Profession: |rProtoform Synthesis
present,,,,1,3231,,184193,364193,,,8,2,3,|cFFFFD200Profession: |rProtoform Synthesis
present,,,,1,3232,,184194,364251,,,4,2,3,|cFFFFD200Profession: |rProtoform Synthesis
present,,,,1,3233,,184187,364254,,,4,2,3,|cFFFFD200Profession: |rProtoform Synthesis
present,,,,1,3234,,184197,364256,,,7,2,3,|cFFFFD200Profession:|r Protoform Synthesis|n
present,,,,1,3235,,184195,364252,,,4,2,3,|cFFFFD200Profession: |rProtoform Synthesis
present,,,,1,3236,,184285,364451,,,0,131154,7,|cFFFFD200Promotion|r
present,,,,1,3237,,184923,366069,,,8,82,1,|cFFFFD200Quest:|r Can I Keep Him?
present,,,,1,3242,,185322,366833,,,7,16466,2,|cFFFFD200Trading Post|r
present,,,,1,3243,,183686,366841,,,9,16466,2,|cFFFFD200Trading Post|r
present,,,,1,3244,,185324,366842,,,3,16466,2,|cFFFFD200Trading Post|r
present,,,,1,3308,,189145,375336,,,8,16416,-1,
present,,,,1,3245,,185425,367189,,,9,2,6,|cFFFFD200World Event:|r Children's Week
present,,,,1,3246,,185475,0,,,2,16400,-1,
present,,,,1,3247,,185477,367376,,,5,147,2,|cFFFFD200Vendor: |rOlea Manu|n|cFFFFD200Zone: |rZereth Mortis|n|cFFFFD200Cost: |r500|Hcurrency:1979|h|TInterface\ICONS\INV_Trinket_ProgenitorRaid_02_Blue.BLP:0|t|h
present,,,,1,3248,,183638,367696,,,9,16466,9,|cFFFFD200Promotion|r |n
present,,,,1,3249,,185586,367702,,,7,82,9,|cFFFFD200In-Game Shop|r|n
present,,,,1,3250,,183708,367732,,,4,16466,2,|cFFFFD200Trading Post|r
present,,,,1,3251,,185604,367748,,,2,16466,2,|cFFFFD200Trading Post|r
present,,,,1,3252,,185606,367768,,,0,16466,11,|cFFFFD200Trading Post|r
present,,,,1,3253,,185611,367778,,,7,16466,2,|cFFFFD200In-Game Shop|r
present,,,,1,3254,,185621,367800,,,2,16466,2,|cFFFFD200Trading Post|r
present,,,,1,3255,,185756,368314,,,7,16466,2,|cFFFFD200Trading Post|r
present,,,,1,3256,,186844,369723,,,1,2,3,|cFFFFD200Profession:|r Jewelcrafting|n
present,,,,1,3257,,186884,0,,,4,56,-1,
present,,,,1,3259,,188709,371534,,,4,2,0,|cFFFFD200Treasure: |rSack of Oddities
present,,,,1,3260,,188792,0,,,4,26,4,|cFFFFD200Pet Battle: |rThe Azure Span
present,,,,1,3261,,188821,371594,,,5,2,0,|cFFFFD200Drop: |rWarden Entrix|n|cFFFFD200Zone: |rThe Forbidden Reach
present,,,,1,3262,,188849,371621,,,7,82,5,|cFFFFD200Achievement:|r What Can I Say? They Love Me.|n
present,,,,1,3263,,188861,371636,,,8,82,5,|cFFFFD200Achievement:|r Proven Pet Parent
present,,,,1,3264,,188885,371655,,,5,82,5,|cFFFFD200Achievement:|r Many More Mini Minions
present,,,,1,3265,,188901,371675,,,7,80,5,|cFFFFD200Achievement:|r Good Things Come in Small Packages
present,,,,1,3266,,189160,0,,,2,26,4,|cFFFFD200Pet Battle: |rOhn'ahran Plains
present,,,,1,3267,,189211,371930,,,2,16416,-1,
present,,,,1,3268,,189376,0,,,8,33840,-1,
present,,,,1,3269,,189663,372585,,,8,2,0,|cFFFFD200Treasure:|r Bubble Drifter|n|cFFFFD200Zone: |rThe Waking Shores
present,,,,1,3270,,189695,372750,,,8,2,2,|cFFFFD200Vendor: |rPatchu|n|cFFFFD200Zone: |rThe Azure Span|n|cFFFFD200Cost: |r300|Hitem:163036|h|TInterface\ICONS\INV_Currency_PetBattle.BLP:0|t|h
present,,,,1,3272,,189093,0,,,4,26,4,"|cFFFFD200Pet Battle: |rOhn'ahran Plains, Thaldraszus, The Azure Span, The Waking Shores"
present,,,,1,3273,,189094,0,,,6,26,4,|cFFFFD200Pet Battle: |rThe Waking Shores
present,,,,1,3274,,189095,378738,,,9,2,3,|cFFFFD200Profession:|r Blacksmithing|n
present,,,,1,3275,,189096,374600,,,4,2,0,|cFFFFD200Treasure:|r Acorn Harvester|n|cFFFFD200Zone:|r Thaldraszus|n
present,,,,1,3276,,189097,0,,,4,26,4,"|cFFFFD200Pet Battle: |rOhn'ahran Plains, Thaldraszus, The Azure Span"
present,,,,1,3277,,241500,374710,,,4,154,10,|cFFFFD200Zone: |rEversong Woods
present,,,,1,3278,,189099,374734,,,4,2,2,|cFFFFD200Vendor: |rPatchu|n|cFFFFD200Zone: |rThe Azure Span|n|cFFFFD200Cost: |r50|Hitem:163036|h|TInterface\ICONS\INV_Currency_PetBattle.BLP:0|t|h
present,,,,1,3279,,189101,387685,,,1,82,5,|cFFFFD200Achievement:|r Dragon Racing Completionist - Silver|n
present,,,,1,3280,,189102,0,,,2,65546,4,|cFFFFD200Pet Battle: |rThe Waking Shores
present,,,,1,3281,,189103,0,,,8,26,4,"|cFFFFD200Pet Battle: |rOhn'ahran Plains, The Azure Span, The Waking Shores"
present,,,,1,3282,,189104,0,,,8,26,4,"|cFFFFD200Pet Battle: |rOhn'ahran Plains, Thaldraszus, The Azure Span, The Waking Shores"
present,,,,1,3283,,189107,0,,,6,26,4,"|cFFFFD200Pet Battle: |rThe Azure Span, The Waking Shores"
present,,,,1,3284,,189105,374889,,,8,18,2,|cFFFFD200Faction: |rIskaara Tuskarr|n|cFFFFD200Renown: |r9|n|cFFFFD200Vendor: |rJiq|n|cFFFFD200Location: |rIskaara
present,,,,1,3285,,189106,374895,,,8,2,0,|cFFFFD200Drop: |rLuttrok|n|cFFFFD200Zone: |rThe Forbidden Reach
present,,,,1,3286,,189108,374998,,,7,82,1,|cFFFFD200Quest: |rSo How Did It Go?|n|cFFFFD200Zone: |rThe Waking Shores
present,,,,1,3287,,189111,375035,,,3,2,2,|cFFFFD200Vendor: |rMythressa|n|cFFFFD200Zone: |rValdrakken|n|cFFFFD200Cost: |r1000|Hcurrency:2118|h|TInterface\ICONS\INV_Misc_Powder_Thorium.blp:0|t|h
present,,,,1,3288,,189110,0,,,7,26,4,"|cFFFFD200Pet Battle: |rOhn'ahran Plains, The Azure Span"
present,,,,1,3289,,189112,389363,,,6,2,0,"|cFFFFD200Drop:|r World Drop|n|cFFFFD200Weather:|r Elemental Storm (Fire)|n|cFFFFD200Zone:|r The Waking Shores, Ohn'ahran Plains, The Azure Span, Thaldraszus"
present,,,,1,3290,,189113,375045,,,7,2,0,"|cFFFFD200Treasure: |rZskera Vaults, The Forbidden Reach"
present,,,,1,3291,,189115,375047,,,7,2,0,|cFFFFD200Drop: |rVraken the Hunter|n|cFFFFD200Zone: |rThe Forbidden Reach
present,,,,1,3292,,189117,375084,,,5,2,1,|cFFFFD200Quest: |rTale of the Phoenix|n|cFFFFD200Zone: |rThe Waking Shores
present,,,,1,3293,,189118,375085,,,5,2,0,|cFFFFD200Drop: |rBonesifter Marwak|n|cFFFFD200Zone: |rThe Forbidden Reach
present,,,,1,3294,,189119,375089,,,5,82,5,|cFFFFD200Achievement: |rFamily Battler of Zaralek Cavern|n|cFFFFD200Category: |rBattle
present,,,,1,3295,,189121,0,,,6,26,4,"|cFFFFD200Pet Battle: |rThaldraszus, The Azure Span, The Waking Shores"
present,,,,1,3296,,189122,0,,,8,26,4,"|cFFFFD200Pet Battle: |rOhn'ahran Plains, Thaldraszus, The Azure Span, The Waking Shores"
present,,,,1,3297,,189123,375235,,,8,16466,7,|cFFFFD200Trading Post|r 
present,,,,1,3298,,189128,375242,,,8,16416,-1,
present,,,,1,3299,,189130,389378,,,6,2,0,"|cFFFFD200Drop:|r World Drop|n|cFFFFD200Weather:|r Elemental Storm (Water)|n|cFFFFD200Zone:|r The Waking Shores, Ohn'ahran Plains, The Azure Span, Thaldraszus"
present,,,,1,3300,,189131,0,,,2,26,4,"|cFFFFD200Pet Battle: |rOhn'ahran Plains, The Waking Shores"
present,,,,1,3301,,189136,429055,,,8,26,4,"|cFFFFD200Pet Battle: |rOhn'ahran Plains, Thaldraszus, The Waking Shores"
present,,,,1,3302,,189138,375266,,,8,2,1,|cFFFFD200Quest: |rBut... I Am the Hero of Ducks|n|cFFFFD200Zone: |rOhn'ahran Plains
present,,,,1,3303,,189140,375312,,,8,2,2,|cFFFFD200Vendor: |rPakak|n|cFFFFD200Zone: |rValdrakken|n|cFFFFD200Cost: |r1|Hitem:197788|h|TInterface\ICONS\INV_Misc_Food_Meat_Cooked_06.blp:0|t|h 1|Hitem:197789|h|TInterface\ICONS\INV_Misc_Food_99.blp:0|t|h 3|Hitem:197792|h|TInterface\ICONS\INV_Misc_FortuneCookie_color03.BLP:0|t|h
present,,,,1,3306,,189142,375321,,,8,2,3,|cFFFFD200Profession: |rEngineering
present,,,,1,3307,,189144,429053,,,8,26,4,"|cFFFFD200Pet Battle: |rOhn'ahran Plains, The Waking Shores, Valdrakken"
present,,,,1,3309,,189133,375344,,,2,2,0,|cFFFFD200Treasure:|r Slightly Chewed Duck Egg|n|cFFFFD200Zone:|r Ohn'ahran Plains|n
present,,,,1,3310,,189132,389384,,,6,2,0,"|cFFFFD200Drop:|r World Drop|n|cFFFFD200Weather:|r Elemental Storm (Air)|n|cFFFFD200Zone:|r The Waking Shores, Ohn'ahran Plains, The Azure Span, Thaldraszus"
present,,,,1,3311,,189134,389429,,,2,82,0,|cFFFFD200Drop:|r Grand Hunt Spoils|n
present,,,,1,3312,,189135,375355,,,2,16416,-1,
present,,,,1,3313,,189153,0,,,7,26,4,"|cFFFFD200Pet Battle: |rOhn'ahran Plains, Thaldraszus, The Waking Shores"
present,,,,1,3314,,189150,375366,,,7,16416,-1,
present,,,,1,3316,,189152,386575,,,1,82,1,"|cFFFFD200Quest:|r Oh Where, Oh Where Can He Be?|n|cFFFFD200Zone:|r Thaldraszus"
present,,,,1,3317,,189154,375378,,,7,18,2,|cFFFFD200Vendor: |rQuartermaster Huseng|n|cFFFFD200Zone: |rOhn'ahran Plains|n|cFFFFD200Cost: |r100|Hcurrency:2003|h|TInterface\ICONS\INV_Faction_WarResources.BLP:0|t|h
present,,,,1,3318,,189155,0,,,7,26,4,|cFFFFD200Pet Battle: |rThe Waking Shores
present,,,,1,3319,,189204,371925,,,2,2,1,|cFFFFD200Quest: |rThe Great Shokhari|n|cFFFFD200Zone: |rThe Azure Span
present,,,,1,3320,,189209,0,,,2,26,4,|cFFFFD200Pet Battle: |rThe Azure Span
present,,,,1,3321,,189156,375413,,,2,2,0,|cFFFFD200Treasure:|r Blackfeather Nester|n|cFFFFD200Zone:|r The Azure Span|n
present,,,,1,3322,,189157,0,,,2,26,4,"|cFFFFD200Pet Battle: |rOhn'ahran Plains, The Azure Span"
present,,,,1,3323,,189158,375448,,,2,2,0,"|cFFFFD200Treasure: |rZskera Vaults, The Forbidden Reach"
present,,,,1,3325,,189159,389503,,,7,82,0,|cFFFFD200Drop:|r Grand Hunt Spoils|n
present,,,,1,3326,,189655,375473,,,7,18,2,|cFFFFD200Faction: |rIskaara Tuskarr|n|cFFFFD200Renown: |r9|n|cFFFFD200Vendor: |rJiq|n|cFFFFD200Location: |rIskaara
present,,,,1,3327,,189657,0,,,7,26,4,|cFFFFD200Pet Battle: |rOhn'ahran Plains
present,,,,1,3328,,189658,0,,,7,26,4,"|cFFFFD200Pet Battle: |rOhn'ahran Plains, The Azure Span"
present,,,,1,3329,,189660,0,,,7,26,4,|cFFFFD200Pet Battle: |rOhn'ahran Plains
present,,,,1,3330,,189661,375499,,,7,2,2,|cFFFFD200Vendor: |rTurik|n|cFFFFD200Zone: |rThe Forbidden Reach|n|cFFFFD200Cost: |r25000|Hcurrency:2118|h|TInterface\ICONS\INV_Misc_Powder_Thorium.blp:0|t|h
present,,,,1,3331,,189694,375511,,,8,2,3,"|cFFFFD200Profession: |rFishing|n|cFFFFD200Zone: |rZskera Vaults, The Forbidden Reach|n"
present,,,,1,3332,,189696,375536,,,8,2,0,"|cFFFFD200Treasure: |rUnique Fish|n|cFFFFD200Zone: |rZskera Vault, The Forbidden Reach"
present,,,,1,3333,,191287,375553,,,7,2,0,"|cFFFFD200Treasure: |rZskera Vaults, The Forbidden Reach"
present,,,,1,3334,,191298,375567,,,7,18,2,|cFFFFD200Vendor:|r Brendormi|n|cFFFFD200Cost:|r 105|Hitem:202039|h|TInterface\ICONS\inv_misc_stormlordsfavor.blp:0|t|h 1500|Hcurrency:2118|h|TInterface\ICONS\INV_Misc_Powder_Thorium.blp:0|t|h
present,,,,1,3335,,191316,0,,,7,26,4,|cFFFFD200Pet Battle: |rThe Azure Span
present,,,,1,3336,,191323,0,,,7,26,4,"|cFFFFD200Pet Battle: |rThaldraszus, The Azure Span, The Waking Shores"
present,,,,1,3338,,191435,375642,,,5,2,0,|cFFFFD200Treasure: |rAnimate Crystalspine|n|cFFFFD200Zone: |rThe Forbidden Reach
present,,,,1,3342,,191381,375707,,,1,16466,1,|cFFFFD200Quest:|r A Dragon's Day Off|n
present,,,,1,3344,,191383,375709,,,1,2,3,|cFFFFD200Profession:|r Jewelcrafting
present,,,,1,3345,,191384,375710,,,1,2,3,|cFFFFD200Profession:|r Jewelcrafting|n
present,,,,1,3346,,191385,375711,,,1,2,3,|cFFFFD200Profession:|r Jewelcrafting|n
present,,,,1,3347,,191386,375712,,,1,2,3,|cFFFFD200Profession:|r Jewelcrafting|n
present,,,,1,3348,,191387,375713,,,6,2,1,"|cFFFFD200Quest:|r A Primal Threat|n|cFFFFD200Zone:|r The Dranosh'ar Blockade (Horde), Stormwind Harbor (Alliance)|n"
present,,,,1,3350,,191627,376302,,,5,82,1,"|cFFFFD200Quest: |rCarry On, Basilton|n|cFFFFD200Zone: |rThaldraszus"
present,,,,1,3351,,194720,0,,,7,26,4,"|cFFFFD200Pet Battle: |rThaldraszus, The Azure Span"
present,,,,1,3352,,192251,0,,,7,26,4,|cFFFFD200Pet Battle: |rThaldraszus
present,,,,1,3353,,192254,0,,,8,26,4,"|cFFFFD200Pet Battle: |rOhn'ahran Plains, Thaldraszus"
present,,,,1,3354,,192256,0,,,8,26,4,|cFFFFD200Pet Battle: |rThe Azure Span
present,,,,1,3355,,192258,389143,,,6,2,0,"|cFFFFD200Drop:|r World Drop|n|cFFFFD200Weather:|r Elemental Storm (Earth)|n|cFFFFD200Zone:|r The Waking Shores, Ohn'ahran Plains, The Azure Span, Thaldraszus"
present,,,,1,3356,,192260,0,,,8,26,4,|cFFFFD200Pet Battle:|r The Azure Span|n
present,,,,1,3357,,192265,0,,,5,26,4,|cFFFFD200Pet Battle: |rThe Azure Span
present,,,,1,3358,,192268,0,,,5,26,4,|cFFFFD200Pet Battle: |rThaldraszus
present,,,,1,3359,,192343,377361,,,7,2,6,|cFFFFD200World Event:|r Primal Bear Cub|n|cFFFFD200Zone:|r Azure Span
present,,,,1,3360,,192350,377392,,,8,2,6,|cFFFFD200World Event:|r A Small Favor for Cymre Brightblade|n|cFFFFD200Zone:|r Waking Shores|n
present,,,,1,3361,,192363,377401,,,8,26,4,|cFFFFD200Pet Battle:|r Isle of Dorn|n
present,,,,1,3362,,192365,377407,,,8,2,0,|cFFFFD200Treasure: |rMagical Treasure Chest|n|cFFFFD200Zone: |rIsle of Dorn
present,,,,1,3363,,192366,377410,,,8,16416,-1,
present,,,,1,3364,,192368,377417,,,7,154,4,|cFFFFD200Pet Battle: |rZul'Aman
present,,,,1,3365,,192369,377423,,,8,2,0,|cFFFFD200Treasure: |rHidden Hornswog Hostage|n|cFFFFD200Zone: |rThe Waking Shores
present,,,,1,3366,,193000,0,,,6,26,4,"|cFFFFD200Pet Battle: |rThaldraszus, The Azure Span, The Waking Shores"
present,,,,1,3367,,193024,0,,,6,26,4,|cFFFFD200Pet Battle: |rThe Waking Shores
present,,,,1,3368,,194004,382811,,,6,18,5,|cFFFFD200Quest:|r Kill the Queen
present,,,,1,3376,,195896,386985,,,6,2,2,|cFFFFD200Vendor: |rYries Lightfingers|n|cFFFFD200Zone: |rThe Waking Shores|n|cFFFFD200Cost: |r1|Hitem:198357|h|TInterface\ICONS\INV_Shield_1H_DragonQuest_B_02.blp:0|t|h 2|Hitem:198082|h|TInterface\ICONS\INV_Ore_Blackrock_Nugget.blp:0|t|h 3|Hitem:199219|h|TInterface\ICONS\INV_Misc_Food_Legion_gooBloodGel_chunk.BLP:0|t|h
present,,,,1,3377,,196206,0,,,8,33840,4,|cFFFFD200Pet Battle: |rThe Azure Span
present,,,,1,3378,,196304,388085,,,1,18,2,|cFFFFD200Faction: |rValdrakken Accord|n|cFFFFD200Renown: |r18|n|cFFFFD200Vendor: |rGroundskeeper Kama|n|cFFFFD200Location: |rValdrakken
present,,,,1,3379,,196305,388086,,,1,18,2,|cFFFFD200Faction: |rValdrakken Accord|n|cFFFFD200Renown: |r18|n|cFFFFD200Vendor: |rGroundskeeper Kama|n|cFFFFD200Location: |rValdrakken
present,,,,1,3380,,196409,388268,,,2,18,2,|cFFFFD200Faction: |rDragonscale Expedition|n|cFFFFD200Renown: |r11|n|cFFFFD200Vendor: |rGranpap Whiskers|n|cFFFFD200Location: |rDragonscale Basecamp
present,,,,1,3381,,194893,384874,,,0,18,2,|cFFFFD200Faction: |rDragonscale Expedition|n|cFFFFD200Renown: |r11|n|cFFFFD200Vendor: |rGranpap Whiskers|n|cFFFFD200Location: |rDragonscale Basecamp
present,,,,1,3382,,196666,388913,,,1,2,2,|cFFFFD200Vendor: |rMythressa|n|cFFFFD200Zone: |rValdrakken|n|cFFFFD200Cost: |r1000|Hcurrency:2118|h|TInterface\ICONS\INV_Misc_Powder_Thorium.blp:0|t|h
present,,,,1,3384,,192259,0,,,2,26,4,|cFFFFD200Pet Battle: |rThaldraszus
present,,,,1,3385,,192029,0,,,7,26,4,|cFFFFD200Pet Battle: |rThe Waking Shores
present,,,,1,3386,,192097,0,,,1,32,-1,
present,,,,1,3387,,192067,0,,,1,32,-1,
present,,,,1,3388,,192106,0,,,1,32,-1,
present,,,,1,3389,,197063,0,,,3,26,4,|cFFFFD200Pet Battle: |rOhn'ahran Plains
present,,,,1,3390,,197089,389801,,,6,2,3,|cFFFFD200Profession: |rEnchanting
present,,,,1,3391,,197114,0,,,7,32,-1,
present,,,,1,3392,,197116,0,,,2,32,-1,
present,,,,1,3393,,197214,0,,,0,32,-1,
present,,,,1,3394,,197215,0,,,9,32,-1,
present,,,,1,3395,,197216,0,,,5,32,8,|cFFFFD200Trading Card Game:|r Scourgewar
present,,,,1,3396,,197336,0,,,2,33824,-1,
present,,,,1,3397,,197375,0,,,4,32,-1,
present,,,,1,3398,,197382,0,,,7,32,-1,
present,,,,1,3400,,197384,0,,,2,32,-1,
present,,,,1,3401,,197417,0,,,5,33824,-1,
present,,,,1,3402,,197447,0,,,6,33824,-1,
present,,,,1,3403,,197629,0,,,2,26,4,|cFFFFD200Pet Battle: |rThaldraszus
present,,,,1,3404,,197637,0,,,8,26,4,|cFFFFD200Pet Battle: |rThaldraszus
present,,,,1,3405,,197963,392351,,,5,26,1,|cFFFFD200Quest:|r Special Treatment|n|cFFFFD200Zone:|r Thaldraszus
present,,,,1,3406,,197969,392380,,,5,82,5,|cFFFFD200Achievement: |rFamily Battler of the Dragon Isles|n|cFFFFD200Category: |rBattle
present,,,,1,3407,,192108,374678,,,7,2,2,|cFFFFD200Vendor: |rPatchu|n|cFFFFD200Zone: |rThe Azure Span|n|cFFFFD200Cost: |r5000|Hitem:163036|h|TInterface\ICONS\INV_Currency_PetBattle.BLP:0|t|h
present,,,,1,3408,,198077,375223,,,5,2,2,|cFFFFD200Vendor: |rPatchu|n|cFFFFD200Zone: |rThe Azure Span|n|cFFFFD200Cost: |r100|Hitem:163036|h|TInterface\ICONS\INV_Currency_PetBattle.BLP:0|t|h
present,,,,1,3409,,198269,374751,,,6,2,0,|cFFFFD200Drop:|r Zapthrottle Soul Inhaler|n|cFFFFD200Profession:|r Engineering
present,,,,1,3410,,198271,374755,,,6,2,0,|cFFFFD200Drop:|r Zapthrottle Soul Inhaler|n|cFFFFD200Profession:|r Engineering
present,,,,1,3411,,198272,374840,,,6,2,0,|cFFFFD200Drop:|r Zapthrottle Soul Inhaler|n|cFFFFD200Profession:|r Engineering|n
present,,,,1,3412,,198273,374883,,,6,2,0,|cFFFFD200Drop:|r Zapthrottle Soul Inhaler|n|cFFFFD200Profession:|r Engineering
present,,,,1,3414,,198316,393330,,,1,18,2,|cFFFFD200Faction: |rWrathion|n|cFFFFD200Vendor: |rLorena Belle|n|cFFFFD200Location: |rObsidian Citadel
present,,,,1,3415,,198480,374887,,,7,82,0,|cFFFFD200NPC:|r Strange Bear Cub
present,,,,1,3416,,198511,375036,,,5,2,2,|cFFFFD200Vendor: |rPatchu|n|cFFFFD200Zone: |rThe Azure Span|n|cFFFFD200Cost: |r200|Hitem:163036|h|TInterface\ICONS\INV_Currency_PetBattle.BLP:0|t|h
present,,,,1,3417,,198543,375043,,,7,2,2,|cFFFFD200Vendor: |rPatchu|n|cFFFFD200Zone: |rThe Azure Span|n|cFFFFD200Cost: |r500|Hitem:163036|h|TInterface\ICONS\INV_Currency_PetBattle.BLP:0|t|h
present,,,,1,3422,,199938,0,,,8,33840,-1,
present,,,,1,3423,,199940,0,,,8,32816,-1,
present,,,,1,3424,,200003,0,,,8,33840,-1,
present,,,,1,3425,,200004,0,,,8,50200,-1,
present,,,,1,3486,,203358,0,,,2,26,4,|cFFFFD200Pet Battle: |rZaralek Cavern
present,,,,1,3427,,200259,398170,,,6,18,2,|cFFFFD200Reputation:|r Winterpelt Furbolg|n|cFFFFD200Zone:|r Winterpelt Hollow|n
present,,,,1,3429,,200684,0,,,6,33840,-1,
present,,,,1,3430,,200692,0,,,6,33840,-1,
present,,,,1,3431,,200688,0,,,6,33840,-1,
present,,,,1,3432,,200696,0,,,6,33840,-1,
present,,,,1,3433,,200682,0,,,6,33840,-1,
present,,,,1,3434,,200690,0,,,6,33840,-1,
present,,,,1,3435,,200686,0,,,6,33840,-1,
present,,,,1,3436,,200694,0,,,6,33840,-1,
present,,,,1,3437,,200685,0,,,6,50224,-1,
present,,,,1,3438,,200693,0,,,6,50224,-1,
present,,,,1,3439,,200689,0,,,6,50224,-1,
present,,,,1,3440,,200697,0,,,6,50224,-1,
present,,,,1,3441,,200680,0,,,2,32816,-1,
present,,,,1,3442,,200679,0,,,8,32816,-1,
present,,,,1,3443,,200678,0,,,2,32816,-1,
present,,,,1,3444,,200677,0,,,8,32816,-1,
present,,,,1,3446,,200769,0,,,6,18,1,|cFFFFD200Quest:|r Cutting Wind |n|n|cFFFFD200Zone: |rThe Forbidden Reach
present,,,,1,3447,,200770,0,,,6,18,1,|cFFFFD200Quest:|r Shifting Ground|n|n|cFFFFD200Zone: |rThe Forbidden Reach
present,,,,1,3448,,200771,0,,,6,18,1,|cFFFFD200Quest:|r Combustible Vegetation|n|n|cFFFFD200Zone: |rThe Forbidden Reach
present,,,,1,3449,,200772,0,,,6,18,1,|cFFFFD200Quest:|r Flood Warning |n|n|cFFFFD200Zone: |rThe Forbidden Reach
present,,,,1,3450,,201840,0,,,8,32,-1,
present,,,,1,3451,,201842,0,,,5,32,-1,
present,,,,1,3452,,201845,0,,,7,32,-1,
present,,,,1,3453,,201849,0,,,1,33824,-1,
present,,,,1,3454,,201858,0,,,4,33824,-1,
present,,,,1,3455,,201884,0,,,1,32,-1,
present,,,,1,3456,,201888,0,,,3,32,-1,
present,,,,1,3457,,201889,0,,,6,32,-1,
present,,,,1,3458,,201900,0,,,6,32,-1,
present,,,,1,3459,,201901,0,,,2,32,-1,
present,,,,1,3460,,201904,0,,,2,32,-1,
present,,,,1,3465,,202440,0,,,0,33824,-1,
present,,,,1,3466,,202452,0,,,9,33824,-1,
present,,,,1,3472,,202492,0,,,0,32,-1,
present,,,,1,3473,,202493,0,,,4,32,-1,
present,,,,1,3474,,202494,0,,,1,32,-1,
present,,,,1,3475,,202548,403243,,,9,16466,7,|cFFFFD200Promotion:|r Recruit-A-Friend
present,,,,1,3476,,202484,403072,,,9,2,0,"|cFFFFD200Treasure:|r Tattered Gift Package|n|cFFFFD200NPC:|r Prototype Tinker-Tron|n|cFFFFD200Zone:|r Zskera Vaults, The Forbidden Reach|n"
present,,,,1,3477,,203287,0,,,8,26,4,|cFFFFD200Pet Battle: |rZaralek Cavern
present,,,,1,3478,,203288,0,,,2,26,4,|cFFFFD200Pet Battle: |rZaralek Cavern
present,,,,1,3479,,203289,0,,,2,26,4,|cFFFFD200Pet Battle: |rZaralek Cavern
present,,,,1,3480,,203292,429058,,,4,26,4,|cFFFFD200Pet Battle: |rZaralek Cavern
present,,,,1,3481,,203308,0,,,4,26,4,|cFFFFD200Pet Battle: |rZaralek Cavern
present,,,,1,3482,,203310,429074,,,4,26,4,|cFFFFD200Pet Battle: |rZaralek Cavern
present,,,,1,3483,,203311,0,,,7,26,4,|cFFFFD200Pet Battle: |rZaralek Cavern
present,,,,1,3484,,203312,0,,,6,26,4,|cFFFFD200Pet Battle: |rZaralek Cavern
present,,,,1,3485,,203313,0,,,2,26,4,|cFFFFD200Pet Battle: |rZaralek Cavern
present,,,,1,3587,,206907,0,,,9,32,-1,
present,,,,1,3487,,203364,429073,,,4,26,4,|cFFFFD200Pet Battle: |rZaralek Cavern
present,,,,1,3488,,203367,0,,,6,26,4,|cFFFFD200Pet Battle: |rZaralek Cavern
present,,,,1,3489,,203372,0,,,7,26,4,|cFFFFD200Pet Battle: |rZaralek Cavern
present,,,,1,3490,,203377,0,,,2,26,4,|cFFFFD200Pet Battle: |rZaralek Cavern
present,,,,1,3491,,203463,406225,,,3,82,0,|cFFFFD200Drop:|r Headless Horseman|n|cFFFFD200Zone:|r Scarlet Monastery
present,,,,1,3493,,204036,407492,,,4,82,5,|cFFFFD200Achievement: |rThe Gift of Cheese|n|cFFFFD200Category: |rCooking
present,,,,1,3511,,204217,407918,,,6,2,0,|cFFFFD200Drop: |rFyrakk Assault 
present,,,,1,3512,,204221,407921,,,6,2,0,|cFFFFD200Drop: |rFyrakk Assault 
present,,,,1,3513,,204222,407926,,,8,16386,-1,
present,,,,1,3514,,204224,407930,,,8,16386,-1,
present,,,,1,3515,,204225,407932,,,8,82,1,|cFFFFD200Quest: |rA Scaly Pet|n|cFFFFD200Zone: |rValdrakken
present,,,,1,3516,,204226,407933,,,8,2,2,|cFFFFD200Vendor: |rCelestine of the Harvest|n|cFFFFD200Zone: |rThe Waking Shores|n|cFFFFD200Zone: |rOhn'ahran Plains|n|cFFFFD200Zone: |rThe Azure Span|n|cFFFFD200Zone: |rThaldraszus|n|cFFFFD200Cost: |r250|Hitem:207026|h|TInterface\ICONS\INV_Enchant_DustStrange.blp:0|t|h
present,,,,1,3517,,204227,407935,,,8,16386,-1,
present,,,,1,3518,,204237,407946,,,2,82,5,|cFFFFD200Achievement:|r Undermine Safari|n
present,,,,1,3519,,204240,407955,,,6,210,5,|cFFFFD200Achievement: |rFamily Battler of Eastern Kingdoms|n|cFFFFD200Category: |rBattle
present,,,,1,3520,,204261,408023,,,2,16386,-1,
present,,,,1,3521,,204263,408027,,,6,2,0,|cFFFFD200Zone: |rZaralek Cavern
present,,,,1,3522,,204266,408032,,,6,16386,-1,
present,,,,1,3523,,204268,408036,,,6,2,2,|cFFFFD200Vendor: |rCelestine of the Harvest|n|cFFFFD200Zone: |rThe Waking Shores|n|cFFFFD200Zone: |rOhn'ahran Plains|n|cFFFFD200Zone: |rThe Azure Span|n|cFFFFD200Zone: |rThaldraszus|n|cFFFFD200Cost: |r250|Hitem:207026|h|TInterface\ICONS\INV_Enchant_DustStrange.blp:0|t|h
present,,,,1,3524,,204269,408039,,,6,2,0,|cFFFFD200Drop:|r Researchers Under Fire|n|cFFFFD200Zone:|r Zaralek Cavern|n
present,,,,1,3525,,204271,408048,,,8,26,4,|cFFFFD200Pet Battle:|r Hallowfall|n
present,,,,1,3526,,269295,1303722,,,8,16386,1,|cFFFFD200Quest: |rTipping the Scaled|n|cFFFFD200Zone: |rThe Coiled Isle
present,,,,1,3527,,204276,408063,,,8,16386,-1,
present,,,,1,3528,,204286,408081,,,4,18,2,|cFFFFD200Vendor: |rHarlowe Marl|n|cFFFFD200Zone: |rZaralek Cavern|n|cFFFFD200Cost: |r200|Hcurrency:2003|h|TInterface\ICONS\INV_Faction_WarResources.BLP:0|t|h|n
present,,,,1,3529,,204288,408088,,,4,18,2,|cFFFFD200Vendor: |rHarlowe Marl|n|cFFFFD200Zone: |rZaralek Cavern|n|cFFFFD200Cost: |r150|Hcurrency:2003|h|TInterface\ICONS\INV_Faction_WarResources.BLP:0|t|h
present,,,,1,3530,,204293,408100,,,7,2,2,|cFFFFD200Vendor: |rExplorer Bezzert|n|cFFFFD200Zone: |rZaralek Cavern|n|cFFFFD200Cost: |r2500|Hitem:163036|h|TInterface\ICONS\INV_Currency_PetBattle.BLP:0|t|h|n|n|cFFFFD200Vendor: |rPatchu|n|cFFFFD200Zone: |rThe Azure Span|n|cFFFFD200Cost: |r2500|Hitem:163036|h|TInterface\ICONS\INV_Currency_PetBattle.BLP:0|t|h
present,,,,1,3531,,204295,408106,,,7,16386,-1,
present,,,,1,3532,,204296,408108,,,7,16386,-1,
present,,,,1,3533,,204303,408110,,,6,2,0,|cFFFFD200Treasure: |rChest of Massive Gains|n|cFFFFD200Zone: |rZaralek Cavern
present,,,,1,3534,,204305,408130,,,4,16386,-1,
present,,,,1,3535,,204320,408150,,,4,2,2,|cFFFFD200Vendor: |rSaccratros|n|cFFFFD200Zone: |rZaralek Cavern|n|cFFFFD200Cost: |r50|Hitem:204727|h|TInterface\ICONS\INV_Misc_CuriousCoin.BLP:0|t|h
present,,,,1,4276,,211177,429068,,,4,26,4,|cFFFFD200Pet Battle: |rEmerald Dream
present,,,,1,3536,,204321,408153,,,4,82,1,|cFFFFD200Quest: |rA Race To The Finish|n|cFFFFD200Zone: |rZaralek Cavern
present,,,,1,3537,,204323,408158,,,4,2,2,|cFFFFD200Vendor: |rPonzo|n|cFFFFD200Zone: |rZaralek Cavern|n|cFFFFD200Cost: |r45|Hitem:205188|h|TInterface\ICONS\INV_Stone_WeightStone_08.blp:0|t|h
present,,,,1,3538,,204324,408161,,,4,82,1,|cFFFFD200Quest: |rA Race To The Finish|n|cFFFFD200Zone: |rZaralek Cavern
present,,,,1,3539,,204325,408163,,,4,16386,-1,
present,,,,1,3540,,204326,408165,,,4,82,1,|cFFFFD200Quest: |rA Race To The Finish|n|cFFFFD200Zone: |rZaralek Cavern
present,,,,1,3541,,204339,408251,,,6,2,0,|cFFFFD200Drop: |rKob'rok|n|cFFFFD200Zone: |rZaralek Cavern
present,,,,1,3542,,204340,408252,,,6,16386,11,|cFFFFD200Trading Post|r
present,,,,1,3543,,204341,408253,,,6,16386,4,|cFFFFD200Pet Battle: |rIsle of Dorn
present,,,,1,3544,,204342,408254,,,6,16386,4,|cFFFFD200Pet Battle: |rIsle of Dorn
present,,,,1,3545,,204343,408257,,,5,82,0,|cFFFFD200Treasure: |rOuroboros Tablet and Kob'rok's Luminescent Scale|n
present,,,,1,3546,,204345,408264,,,7,2,0,|cFFFFD200Drop: |rKob'rok|n|cFFFFD200Zone: |rZaralek Cavern
present,,,,1,3547,,204354,408265,,,7,26,4,|cFFFFD200Pet Battle:|r The Ringing Deeps|n
present,,,,1,3548,,204359,408308,,,6,2,0,|cFFFFD200Drop: |rAquifon|n|cFFFFD200Zone: |rZaralek Cavern
present,,,,1,3549,,204360,408311,,,2,16386,6,|cFFFFD200World Event:|r Love is in the Air|n|cFFFFD200Cost: |r40 |Hitem:49927|h|TInterface\ICONS\INV_ValentinesCard01.BLP:0|t|h
present,,,,1,3550,,204361,408314,,,2,26,4,|cFFFFD200Pet Battle:|r Azj-Kahet|n
present,,,,1,3551,,204363,408317,,,2,2,0,|cFFFFD200Drop: |rUnderlight Queen|n|cFFFFD200Zone: |rZaralek Cavern
present,,,,1,3552,,201008,408323,,,1,2,1,|cFFFFD200Quest: |rMean Green Infusion Machine|n|cFFFFD200Zone: |rEmerald Dream
present,,,,1,3553,,204367,408325,,,1,16402,1,|cFFFFD200Quest:|r Augmenting a Dragon|n
present,,,,1,3554,,204368,408328,,,1,16386,-1,
present,,,,1,3555,,204369,408330,,,1,16464,5,"|cFFFFD200Achievement: |rWhelp, There It Is|n|cFFFFD200Category: |rCollect"
present,,,,1,3556,,204370,408332,,,1,16386,-1,
present,,,,1,3557,,204621,408949,,,4,82,5,|cFFFFD200Achievement: |rSlow and Steady Wins the Race|n|cFFFFD200Category: |rDragon Isles
present,,,,1,3558,,204692,0,,,7,32,-1,
present,,,,1,3559,,204694,0,,,6,32,-1,
present,,,,1,3560,,204695,0,,,2,32,-1,
present,,,,1,3565,,204795,0,,,2,32,-1,
present,,,,1,3566,,204796,0,,,2,32,-1,
present,,,,1,3567,,204797,0,,,2,32,-1,
present,,,,1,3568,,204929,0,,,2,32,-1,
present,,,,1,3569,,204930,0,,,6,32,-1,
present,,,,1,3570,,204933,0,,,8,32,-1,
present,,,,1,3571,,204936,0,,,5,32,-1,
present,,,,1,3572,,204938,0,,,4,32,-1,
present,,,,1,3573,,204939,0,,,4,32,-1,
present,,,,1,3578,,205359,411110,,,4,82,1,"|cFFFFD200Quest: |rSigned, Sealed, Self-Delivered"
present,,,,1,3579,,205467,411448,,,0,82,7,|cFFFFD200Promotion:|r
present,,,,1,3580,,205637,411791,,,5,16466,7,|cFFFFD200Promotion:|r Greedy Emissary
present,,,,1,3581,,205649,411800,,,6,210,10,|cFFFFD200Treasure:|rWayward Motes of Nasz'uro |n
present,,,,1,3582,,205795,412389,,,8,82,11,|cFFFFD200Trading Post|r|n
present,,,,1,3588,,207064,375090,,,6,82,1,|cFFFFD200Quest: |rA Solid Pet|n|cFFFFD200Zone: |rValdrakken
present,,,,1,3589,,207176,414377,,,1,146,1,|cFFFFD200Quest: |rAnatidaephobia|n|cFFFFD200Zone: |rValdrakken
present,,,,1,3590,,207220,414428,,,1,146,1,"|cFFFFD200Quest: |rPatience, Please|n|cFFFFD200Zone: |rValdrakken"
present,,,,1,3596,,207310,414533,,,6,18,0,|cFFFFD200Quest: |rBy Time Fire be Purged!
present,,,,1,3597,,207535,414934,,,7,82,1,|cFFFFD200Quest: |rA Cavalier Pet|n|cFFFFD200Zone: |rValdrakken
present,,,,1,3598,,207552,414962,,,1,146,1,|cFFFFD200Quest: |rTemporal Immunity|n|cFFFFD200Zone: |rValdrakken
present,,,,1,3599,,207556,414973,,,1,146,1,|cFFFFD200Quest: |rSight Isn't Everything|n|cFFFFD200Zone: |rValdrakken
present,,,,1,3600,,207558,414979,,,5,82,1,|cFFFFD200Quest: |rA Scholar's Pet|n|cFFFFD200Zone: |rValdrakken
present,,,,1,3601,,207568,414991,,,1,146,1,|cFFFFD200Quest: |rHibernation|n|cFFFFD200Zone: |rValdrakken
present,,,,1,3602,,207571,414994,,,7,82,1,|cFFFFD200Quest: |rA Sleepy Pet|n|cFFFFD200Zone: |rValdrakken
present,,,,1,3608,,208034,0,,,9,32,-1,
present,,,,1,3609,,208058,0,,,6,32,-1,
present,,,,1,3975,,208096,0,,,2,32,-1,
present,,,,1,4237,,208125,0,,,4,32,-1,
present,,,,1,4253,,208436,417464,,,2,16466,7,|cFFFFD200Trading Post|r |n
present,,,,1,4255,,208624,418029,,,7,2,6,|cFFFFD200Drop: |rTime Rifts|n|cFFFFD200Vendor: |rSorotis|n|cFFFFD200Zone: |rTyrhold Reservoir|n|cFFFFD200Cost: |r2750|Hcurrency:2594|h|TInterface\ICONS\TimelessCoin_yellow.BLP:0|t|h
present,,,,1,4257,,208630,418036,,,0,2,6,|cFFFFD200Drop: |rTime Rifts|n|cFFFFD200Vendor: |rSir Finley Mrrgglton|n|cFFFFD200Zone: |rTyrhold Reservoir|n|cFFFFD200Cost: |r2750|Hcurrency:2594|h|TInterface\ICONS\TimelessCoin_yellow.BLP:0|t|h
present,,,,1,4258,,208631,418038,,,2,2,6,|cFFFFD200Drop: |rTime Rifts|n|cFFFFD200Vendor: |rProvisioner Qorra|n|cFFFFD200Zone: |rTyrhold Reservoir|n|cFFFFD200Cost: |r2750|Hcurrency:2594|h|TInterface\ICONS\TimelessCoin_yellow.BLP:0|t|h
present,,,,1,4259,,208634,418039,,,5,2,6,|cFFFFD200Drop: |rTime Rifts|n|cFFFFD200Vendor: |rFalara Nightsong|n|cFFFFD200Zone: |rTyrhold Reservoir|n|cFFFFD200Cost: |r2750|Hcurrency:2594|h|TInterface\ICONS\TimelessCoin_yellow.BLP:0|t|h
present,,,,1,4260,,208636,418041,,,9,2,6,|cFFFFD200Drop: |rTime Rifts|n|cFFFFD200Vendor: |rGill the Drill|n|cFFFFD200Zone: |rTyrhold Reservoir|n|cFFFFD200Cost: |r2750|Hcurrency:2594|h|TInterface\ICONS\TimelessCoin_yellow.BLP:0|t|h
present,,,,1,4261,,208637,418045,,,1,2,6,|cFFFFD200Drop: |rTime Rifts|n|cFFFFD200Vendor: |rWarden Krizzik|n|cFFFFD200Zone: |rTyrhold Reservoir|n|cFFFFD200Cost: |r2750|Hcurrency:2594|h|TInterface\ICONS\TimelessCoin_yellow.BLP:0|t|h
present,,,,1,4262,,208639,418050,,,5,2,6,|cFFFFD200Drop: |rTime Rifts|n|cFFFFD200Vendor: |rBaron Silver|n|cFFFFD200Zone: |rTyrhold Reservoir|n|cFFFFD200Cost: |r2750|Hcurrency:2594|h|TInterface\ICONS\TimelessCoin_yellow.BLP:0|t|h
present,,,,1,4263,,208643,418079,,,7,82,0,|cFFFFD200Achievement:|r Community Rumor Mill|n|cFFFFD200Event:|r Secrets of Azeroth
present,,,,1,4264,,209163,419467,,,1,16466,9,|cFFFFD200In-Game Shop|r
present,,,,1,4265,,209259,419773,,,1,16466,5,|cFFFFD200Achievement:|r WoW's 19th Anniversary|n|cFFFFD200Category:|r Events
present,,,,1,4266,,209681,420759,,,2,82,7,|cFFFFD200Promotion:|r The War Within Epic Edition|n
present,,,,1,4267,,210058,421516,,,5,16466,-1,
present,,,,1,4275,,211110,0,,,7,26,4,|cFFFFD200Pet Battle: |rEmerald Dream
present,,,,1,4277,,211182,429070,,,4,26,4,|cFFFFD200Pet Battle: |rEmerald Dream
present,,,,1,4278,,211288,429064,,,4,26,4,|cFFFFD200Pet Battle: |rEmerald Dream
present,,,,1,4279,,211295,0,,,7,26,4,|cFFFFD200Pet Battle: |rEmerald Dream
present,,,,1,4280,,211302,0,,,4,26,4,|cFFFFD200Pet Battle: |rEmerald Dream
present,,,,1,4285,,211939,425454,,,8,82,5,|cFFFFD200Achievement: |rDucks In A Row|n|cFFFFD200Category: |rDragonflight Raid
present,,,,1,4286,,211942,425472,,,5,16466,7,|cFFFFD200Trading Post|r |n
present,,,,1,4287,,212192,426037,,,5,2,2,|cFFFFD200Vendor: |rElianna|n|cFFFFD200Zone: |rEmerald Dream|n|cFFFFD200Cost: |r1|Hcurrency:2777|h|TInterface\ICONS\INV_Legion_Faction_DreamWeavers.BLP:0|t|h
present,,,,1,4288,,212206,426060,,,5,82,5,|cFFFFD200Achievement:|r Friends in Feathers|n
present,,,,1,4289,,212267,426137,,,5,2,2,|cFFFFD200Vendor: |rElianna|n|cFFFFD200Zone: |rEmerald Dream|n|cFFFFD200Cost: |r1|Hcurrency:2777|h|TInterface\ICONS\INV_Legion_Faction_DreamWeavers.BLP:0|t|h
present,,,,1,4290,,212273,426148,,,5,2,2,|cFFFFD200Vendor: |rElianna|n|cFFFFD200Zone: |rEmerald Dream|n|cFFFFD200Cost: |r1|Hcurrency:2777|h|TInterface\ICONS\INV_Legion_Faction_DreamWeavers.BLP:0|t|h|n
present,,,,1,4291,,212275,426156,,,4,82,5,"|cFFFFD200Achievement:|r ""Don't Let the Doe Hit You On the Way Out""|n"
present,,,,1,4292,,212315,426168,,,5,2,2,|cFFFFD200Vendor: |rElianna|n|cFFFFD200Zone: |rEmerald Dream|n|cFFFFD200Cost: |r1|Hcurrency:2777|h|TInterface\ICONS\INV_Legion_Faction_DreamWeavers.BLP:0|t|h
present,,,,1,4295,,212328,426187,,,4,2,2,|cFFFFD200Vendor: |rTalisa Whisperbloom|n|cFFFFD200Zone: |rEmerald Dream|n|cFFFFD200Cost: |r1|Hitem:211376|h|TInterface\ICONS\INV_Misc_TrailofFlowers.blp:0|t|h
present,,,,1,4296,,212329,426193,,,4,2,2,|cFFFFD200Vendor: |rSylvia Whisperbloom|n|cFFFFD200Zone: |rEmerald Dream|n|cFFFFD200Cost: |r1|Hitem:211376|h|TInterface\ICONS\INV_Misc_TrailofFlowers.blp:0|t|h|n|n|cFFFFD200Vendor: |rTalisa Whisperbloom|n|cFFFFD200Zone: |rEmerald Dream|n|cFFFFD200Cost: |r1|Hitem:211376|h|TInterface\ICONS\INV_Misc_TrailofFlowers.blp:0|t|h
present,,,,1,4297,,212399,426319,,,1,82,1,|cFFFFD200Quest: |rBurning Out|n|cFFFFD200Zone: |rEmerald Dream
present,,,,1,4298,,212408,426343,,,4,2,2,|cFFFFD200Vendor: |rSylvia Whisperbloom|n|cFFFFD200Zone: |rEmerald Dream|n|cFFFFD200Cost: |r1|Hitem:211376|h|TInterface\ICONS\INV_Misc_TrailofFlowers.blp:0|t|h|n|n|cFFFFD200Vendor: |rTalisa Whisperbloom|n|cFFFFD200Zone: |rEmerald Dream|n|cFFFFD200Cost: |r1|Hitem:211376|h|TInterface\ICONS\INV_Misc_TrailofFlowers.blp:0|t|h
present,,,,1,4299,,212413,426355,,,4,2,2,|cFFFFD200Vendor: |rTalisa Whisperbloom|n|cFFFFD200Zone: |rEmerald Dream|n|cFFFFD200Cost: |r1|Hitem:211376|h|TInterface\ICONS\INV_Misc_TrailofFlowers.blp:0|t|h
present,,,,1,4300,,212417,426357,,,4,2,2,|cFFFFD200Vendor: |rElianna|n|cFFFFD200Zone: |rEmerald Dream|n|cFFFFD200Cost: |r1|Hcurrency:2777|h|TInterface\ICONS\INV_Legion_Faction_DreamWeavers.BLP:0|t|h|n
present,,,,1,4302,,212437,0,,,7,26,4,|cFFFFD200Pet Battle: |rEmerald Dream
present,,,,1,4303,,212459,0,,,7,26,4,|cFFFFD200Pet Battle: |rEmerald Dream
present,,,,1,4304,,212557,0,,,4,26,4,|cFFFFD200Pet Battle: |rEmerald Dream
present,,,,1,4305,,212562,426539,,,5,2,2,|cFFFFD200Vendor: |rSylvia Whisperbloom|n|cFFFFD200Zone: |rEmerald Dream|n|cFFFFD200Cost: |r1|Hitem:211376|h|TInterface\ICONS\INV_Misc_TrailofFlowers.blp:0|t|h|n|n|cFFFFD200Vendor: |rTalisa Whisperbloom|n|cFFFFD200Zone: |rEmerald Dream|n|cFFFFD200Cost: |r1|Hitem:211376|h|TInterface\ICONS\INV_Misc_TrailofFlowers.blp:0|t|h
present,,,,1,4306,,212567,426540,,,5,2,2,"|cFFFFD200Vendor: |rSylvia Whisperbloom
|cFFFFD200Zone: |rEmerald Dream
|cFFFFD200Cost: |r1|Hitem:211376|h|TInterface\ICONS\INV_Misc_TrailofFlowers.blp:0|t|h

|cFFFFD200Vendor: |rTalisa Whisperbloom
|cFFFFD200Zone: |rEmerald Dream
|cFFFFD200Cost: |r1|Hitem:211376|h|TInterface\ICONS\INV_Misc_TrailofFlowers.blp:0|t|h"
present,,,,1,4307,,212569,426544,,,4,2,2,|cFFFFD200Vendor: |rMoon Priestess Lasara|n|cFFFFD200Zone: |rEmerald Dream|n|cFFFFD200Cost: |r375|Hcurrency:2003|h|TInterface\ICONS\INV_Faction_WarResources.BLP:0|t|h
present,,,,1,4308,,212570,426545,,,4,2,2,|cFFFFD200Vendor: |rMoon Priestess Lasara|n|cFFFFD200Zone: |rEmerald Dream|n|cFFFFD200Cost: |r375|Hcurrency:2003|h|TInterface\ICONS\INV_Faction_WarResources.BLP:0|t|h
present,,,,1,4309,,212877,427044,,,5,2,2,|cFFFFD200Vendor: |rElianna|n|cFFFFD200Zone: |rEmerald Dream|n|cFFFFD200Cost: |r1|Hcurrency:2777|h|TInterface\ICONS\INV_Legion_Faction_DreamWeavers.BLP:0|t|h
present,,,,1,4310,,212954,427104,,,5,2,2,|cFFFFD200Vendor: |rElianna|n|cFFFFD200Zone: |rEmerald Dream|n|cFFFFD200Cost: |r1|Hitem:210776|h|TInterface\ICONS\10_2_RaidAbility_Green.BLP:0|t|h
present,,,,1,4311,,213111,427289,,,4,16466,7,|cFFFFD200Trading Post|r 
present,,,,1,4316,,213407,427682,,,1,16466,7,|cFFFFD200Promotion|r 
present,,,,1,4402,,214286,429423,,,4,16466,7,|cFFFFD200Trading Post|r 
present,,,,1,4406,,216179,432486,,,4,16466,7,|cFFFFD200Promotion:|r Hearthstone 10th Anniversary|n
present,,,,1,4407,,216345,432844,,,4,16466,7,|cFFFFD200Trading Post|r
present,,,,1,4408,,216379,432888,,,4,16466,7,|cFFFFD200Trading Post|r
present,,,,1,4409,,215565,433085,,,8,2,6,|cFFFFD200World Event:|r Noblegarden
present,,,,1,4410,,216455,433098,,,4,16466,7,|cFFFFD200Promotion|r
present,,,,1,4411,,216930,433791,,,5,82,5,|cFFFFD200Achievement: |rJust One More Thing
present,,,,1,4412,,216933,433802,,,5,82,5,|cFFFFD200Achievement: |rFinally At Rest
present,,,,1,4421,,217530,434792,,,5,82,9,|cFFFFD200In-Game Shop|r
present,,,,1,4425,,218647,437601,,,8,16466,0,|cFFFFD200Special Event: |rPlunderstorm
present,,,,1,4426,,218646,437600,,,8,18514,0,|cFFFFD200Special Event: |rPlunderstorm
present,,,,1,4435,,218977,438543,,,8,16594,0,|cFFFFD200Special Event: |rPlunderstorm
present,,,,1,4436,,219134,438775,,,5,16466,7,|cFFFFD200Trading Post|r |n
present,,,,1,4437,,218060,439994,,,8,16466,7,|cFFFFD200Promotion|r |n
present,,,,1,4450,,220420,441643,,,5,82,2,|cFFFFD200Vendor: |rRemembrancer Amuul|n|cFFFFD200Zone: |rDalaran|n|cFFFFD200Cost: |r10000|Hcurrency:3089|h|TInterface\ICONS\Spell_Azerite_Essence_15.BLP:0|t|h|n|n|cFFFFD200Vendor: |rMemory of a Duke|n|cFFFFD200Zone: |rSearing Gorge|n|cFFFFD200Cost: |r10000|Hcurrency:3089|h|TInterface\ICONS\Spell_Azerite_Essence_15.BLP:0|t|h
present,,,,1,4451,,220675,442327,,,5,82,2,|cFFFFD200Vendor: |rRemembrancer Amuul|n|cFFFFD200Zone: |rDalaran|n|cFFFFD200Cost: |r10000|Hcurrency:3089|h|TInterface\ICONS\Spell_Azerite_Essence_15.BLP:0|t|h|n|n|cFFFFD200Vendor: |rEcho of the Silver Hand|n|cFFFFD200Zone: |rDragonblight|n|cFFFFD200Cost: |r10000|Hcurrency:3089|h|TInterface\ICONS\Spell_Azerite_Essence_15.BLP:0|t|h
present,,,,1,4452,,220680,442337,,,5,82,2,"|cFFFFD200Vendor: |rRemembrancer Amuul
|cFFFFD200Zone: |rDalaran
|cFFFFD200Cost: |r10000|Hcurrency:3089|h|TInterface\ICONS\Spell_Azerite_Essence_15.BLP:0|t|h

|cFFFFD200Vendor: |rForgotten Hero
|cFFFFD200Zone: |rDustwallow Marsh
|cFFFFD200Cost: |r10000|Hcurrency:3089|h|TInterface\ICONS\Spell_Azerite_Essence_15.BLP:0|t|h"
present,,,,1,4455,,222046,446820,,,7,2,2,|cFFFFD200Vendor: |rVes'trak|n|cFFFFD200Zone: |rAzj-Kahet|n|cFFFFD200Cost: |r2250|Hcurrency:3056|h|TInterface\ICONS\INV_10_Tailoring_SilkRare_Color3.BLP:0|t|h
present,,,,1,4456,,222066,445486,,,7,26,4,"|cFFFFD200Pet Battle: |rAzj-Kahet, City of Threads, Hallowfall, Shadowvein Extraction Site, The Ringing Deeps|n"
present,,,,1,4526,,222775,446797,,,4,26,4,"|cFFFFD200Pet Battle: |rDornogal, Isle of Dorn"
present,,,,1,4457,,222071,445450,,,7,26,4,"|cFFFFD200Pet Battle: |rAzj-Kahet, City of Threads, Hallowfall, Shadowvein Extraction Site, The Ringing Deeps"
present,,,,1,4458,,222069,445488,,,7,34,0,|cFFFFD200Drop:|r |n
present,,,,1,4459,,222081,445493,,,8,82,-1,
present,,,,1,4460,,222195,445803,,,2,26,4,|cFFFFD200Pet Battle: |rHallowfall
present,,,,1,4461,,222194,445815,,,2,26,4,|cFFFFD200Pet Battle: |rHallowfall
present,,,,1,4462,,222203,445822,,,7,18,1,|cFFFFD200Quest: |rTale of Tails|n|cFFFFD200Zone: |rHallowfall
present,,,,1,4463,,222200,445823,,,7,2,2,|cFFFFD200Vendor: |rAuralia Steelstrike|n|cFFFFD200Zone: |rHallowfall|n|cFFFFD200Cost: |r6500|Hcurrency:2815|h|TInterface\ICONS\SPELL_AZERITE_ESSENCE14.BLP:0|t|h
present,,,,1,4464,,222202,445824,,,7,2,2,|cFFFFD200Vendor: |rPelefien|n|cFFFFD200Zone: |rCity of Threads|n|cFFFFD200Cost: |r2250|Hcurrency:3056|h|TInterface\ICONS\INV_10_Tailoring_SilkRare_Color3.BLP:0|t|h
present,,,,1,4465,,222201,445826,,,7,2,1,|cFFFFD200Quest:|r Save Tomothy|n|cFFFFD200Zone: |rHallowfall
present,,,,1,4466,,222204,445828,,,7,2,6,|cFFFFD200World Event:|r Children's Week|n
present,,,,1,4467,,222298,446004,,,2,18,0,|cFFFFD200Gather: |rHallowfall Sparkfly|n|cFFFFD200Zone: |rHallowfall
present,,,,1,4469,,222318,446024,,,2,2,0,|cFFFFD200Drop: |rGoldie Baronbottom|n|cFFFFD200Zone: |rCinderbrew Meadery
present,,,,1,4470,,222319,446027,,,8,2,0,|cFFFFD200Treasure: |rScary Dark Chest|n|cFFFFD200Zone: |rThe Ringing Deeps
present,,,,1,4471,,222325,446030,,,8,26,4,|cFFFFD200Pet Battle: |rAzj-Kahet
present,,,,1,4472,,222326,446031,,,8,2,0,|cFFFFD200Treasure:|r Shadowrooted Vine|n|cFFFFD200Zone: |rHallowfall
present,,,,1,4473,,222339,446046,,,3,2,0,|cFFFFD200Treasure: |rTrapped Trove|n|cFFFFD200Zone: |rCity of Threads
present,,,,1,4474,,222340,446047,,,3,16386,-1,
present,,,,1,4475,,222342,446048,,,3,82,5,|cFFFFD200Achievement: |rFamily Battler of Northrend|n|cFFFFD200Category: |rBattle|n|n
present,,,,1,4476,,222341,446049,,,3,2,2,|cFFFFD200Vendor: |rClutchmother Marn'tiq|n|cFFFFD200Zone: |rCity of Threads|n|cFFFFD200Cost: |r2250|Hcurrency:3056|h|TInterface\ICONS\INV_10_Tailoring_SilkRare_Color3.BLP:0|t|h
present,,,,1,4477,,222344,446050,,,8,26,4,|cFFFFD200Pet Battle: |rAzj-Kahet
present,,,,1,4478,,222348,446055,,,5,34,2,|cFFFFD200Vendor:|r |n
present,,,,1,4480,,222351,446057,,,5,26,4,|cFFFFD200Pet Battle: |rAzj-Kahet
present,,,,1,4481,,222354,446058,,,5,26,4,|cFFFFD200Pet Battle: |rAzj-Kahet
present,,,,1,4482,,222359,446059,,,5,2,10,|cFFFFD200Discovery:|r Khaz Algar Thaumaturgy|n
present,,,,1,4483,,222421,446115,,,4,26,4,|cFFFFD200Pet Battle: |rAzj-Kahet
present,,,,1,4484,,222420,446119,,,4,26,4,|cFFFFD200Pet Battle: |rThe Ringing Deeps
present,,,,1,4485,,222499,446247,,,4,26,4,|cFFFFD200Pet Battle: |rIsle of Dorn
present,,,,1,4488,,222535,0,,,9,33824,4,|cFFFFD200Pet Battle: |rThe Ringing Deeps
present,,,,1,4489,,222532,446434,,,7,2,0,|cFFFFD200Drop:|r Nerubian Delve's Heavy Trunk
present,,,,1,4490,,222574,446435,,,7,82,5,|cFFFFD200Achievement:|r Family Battler of Khaz Algar|n|cFFFFD200Category:|r Battle
present,,,,1,4491,,222575,446438,,,7,2,2,|cFFFFD200Vendor: |rLady Vinazian|n|cFFFFD200Zone: |rAzj-Kahet|n|cFFFFD200Cost: |r2250|Hcurrency:3056|h|TInterface\ICONS\INV_10_Tailoring_SilkRare_Color3.BLP:0|t|h|n|n|cFFFFD200Vendor: |rY'tekhi|n|cFFFFD200Zone: |rAzj-Kahet|n|cFFFFD200Cost: |r2250|Hcurrency:3056|h|TInterface\ICONS\INV_10_Tailoring_SilkRare_Color3.BLP:0|t|h
present,,,,1,4492,,222576,446440,,,7,2,2,|cFFFFD200Vendor: |rClutchmother Marn'tiq|n|cFFFFD200Zone: |rCity of Threads|n|cFFFFD200Cost: |r2250|Hcurrency:3056|h|TInterface\ICONS\INV_10_Tailoring_SilkRare_Color3.BLP:0|t|h
present,,,,1,4493,,222080,446452,,,8,34,-1,
present,,,,1,4495,,222079,446463,,,8,2,2,|cFFFFD200Vendor: |rWorld Vendors|n|cFFFFD200Cost: |r50|Hitem:163036|h|TInterface\ICONS\INV_Currency_PetBattle.BLP:0|t|h
present,,,,1,4496,,222078,446464,,,8,2,0,|cFFFFD200Drop:|r Kobyss Delve's Heavy Trunk|n
present,,,,1,4497,,222077,446465,,,8,154,10,|cFFFFD200Zone: |rHarandar
present,,,,1,4498,,222582,446490,,,4,26,4,"|cFFFFD200Pet Battle: |rAzj-Kahet, City of Threads, Hallowfall, Shadowvein Extraction Site, The Ringing Deeps"
present,,,,1,4499,,222584,446492,,,4,26,4,"|cFFFFD200Pet Battle: |rAzj-Kahet, City of Threads, Hallowfall, Shadowvein Extraction Site, The Ringing Deeps"
present,,,,1,4500,,222583,446493,,,4,82,5,|cFFFFD200Achievement: |rWorm Theory|n|cFFFFD200Category: |rWar Within
present,,,,1,4502,,222585,446491,,,4,34,2,|cFFFFD200Vendor:|r |n
present,,,,1,4503,,222588,446496,,,7,16416,-1,
present,,,,1,4504,,222589,446497,,,7,16416,-1,
present,,,,1,4505,,222591,446499,,,7,16416,-1,
present,,,,1,4506,,222590,446498,,,5,2,0,|cFFFFD200Drop:|r Fungarian Delve's Heavy Trunk|n
present,,,,1,4507,,222592,446500,,,5,26,4,|cFFFFD200Pet Battle: |rThe Ringing Deeps
present,,,,1,4508,,222593,446501,,,5,16402,2,|cFFFFD200Vendor: |rMaterialist Ophinell|n|cFFFFD200Zone: |rTwilight Highlands|n|cFFFFD200Cost: |r30|Hcurrency:3319|h|TInterface\ICONS\INV12_Twilight_ Blade_Cultist_Insignia.BLP:0|t|h
present,,,,1,4509,,222594,446502,,,7,16416,-1,
present,,,,1,4510,,222608,446510,,,2,26,4,"|cFFFFD200Pet Battle: |rAzj-Kahet, Hallowfall"
present,,,,1,4511,,222607,446512,,,2,2,2,|cFFFFD200Vendor: |rWorld Vendors|n|cFFFFD200Cost: |r50|Hitem:163036|h|TInterface\ICONS\INV_Currency_PetBattle.BLP:0|t|h
present,,,,1,4512,,222609,446513,,,2,16386,-1,
present,,,,1,4513,,222606,446514,,,2,82,0,|cFFFFD200Treasure: |rNest Egg|n|cFFFFD200Zone: |rAzj-Kahet
present,,,,1,4514,,222613,446583,,,2,26,4,"|cFFFFD200Pet Battle: |rDornogal, Hallowfall, Isle of Dorn, The Ringing Deeps"
present,,,,1,4515,,222614,446584,,,2,26,4,"|cFFFFD200Pet Battle: |rAzj-Kahet, City of Threads, Hallowfall, Shadowvein Extraction Site, The Ringing Deeps"
present,,,,1,4516,,222615,446585,,,2,26,4,"|cFFFFD200Pet Battle: |rAzj-Kahet, City of Threads, Hallowfall, Shadowvein Extraction Site, The Ringing Deeps"
present,,,,1,4517,,222711,446734,,,6,82,5,|cFFFFD200Achievement:|r Khaz Algar Safari|n
present,,,,1,4518,,222713,446744,,,6,26,4,"|cFFFFD200Pet Battle: |rDornogal, The Ringing Deeps"
present,,,,1,4519,,222714,446750,,,6,16386,-1,
present,,,,1,4520,,222717,446755,,,8,2,1,|cFFFFD200Quest:|r Return to the Sea|n|cFFFFD200Zone: |rHallowfall
present,,,,1,4521,,222736,446767,,,8,26,4,"|cFFFFD200Pet Battle: |rAzj-Kahet, City of Threads, Hallowfall, Isle of Dorn, The Ringing Deeps"
present,,,,1,4522,,222739,446768,,,8,26,4,"|cFFFFD200Pet Battle: |rAzj-Kahet, City of Threads, Deepforge Golemworks, Hallowfall, Isle of Dorn, The Ringing Deeps"
present,,,,1,4524,,222764,446791,,,8,2,2,|cFFFFD200Vendor: |rWorld Vendors|n|cFFFFD200Cost: |r50|Hitem:163036|h|TInterface\ICONS\INV_Currency_PetBattle.BLP:0|t|h
present,,,,1,4525,,222774,446796,,,4,26,4,|cFFFFD200Pet Battle: |rIsle of Dorn
present,,,,1,4527,,222782,446798,,,4,82,0,|cFFFFD200Treasure: |rMosswool Flower|n|cFFFFD200Zone: |rIsle of Dorn
present,,,,1,4528,,222777,446799,,,4,58,-1,
present,,,,1,4529,,222778,446800,,,4,26,4,|cFFFFD200Pet Battle: |rIsle of Dorn
present,,,,1,4530,,222779,446801,,,4,2,2,|cFFFFD200Vendor: |rAuditor Balwurz|n|cFFFFD200Zone: |rDornogal|n|cFFFFD200Cost: |r6500|Hcurrency:2815|h|TInterface\ICONS\SPELL_AZERITE_ESSENCE14.BLP:0|t|h
present,,,,1,4533,,222875,447008,,,6,26,4,"|cFFFFD200Pet Battle: |rHallowfall, Isle of Dorn, The Ringing Deeps"
present,,,,1,4534,,222880,447009,,,6,18,0,|cFFFFD200Treasure: |rNightfarm Growthling|n|cFFFFD200Zone: |rHallowfall
present,,,,1,4535,,222877,447010,,,6,26,4,"|cFFFFD200Pet Battle: |rHallowfall, Isle of Dorn, The Ringing Deeps"
present,,,,1,4536,,222879,447012,,,6,2,0,|cFFFFD200Treasure: |rDislodged Blockage|n|cFFFFD200Zone: |rThe Ringing Deeps
present,,,,1,4537,,222883,447016,,,0,2,0,|cFFFFD200Drop:|r Delve's Bountiful Coffer and Hidden Trove|n
present,,,,1,4538,,223094,447499,,,7,26,4,|cFFFFD200Pet Battle: |rIsle of Dorn
present,,,,1,4539,,223093,447501,,,7,26,4,|cFFFFD200Pet Battle: |rIsle of Dorn
present,,,,1,4540,,223092,447502,,,7,26,4,|cFFFFD200Pet Battle: |rIsle of Dorn
present,,,,1,4541,,223090,447503,,,7,26,4,"|cFFFFD200Pet Battle: |rDornogal, Isle of Dorn"
present,,,,1,4542,,223138,447900,,,8,82,1,"|cFFFFD200Quest:|r Grand, Gutsy Solutions|n|cFFFFD200Zone: |rAzj-Kahet"
present,,,,1,4543,,223135,447902,,,5,2,2,|cFFFFD200Vendor: |rSir Finley Mrrgglton|n|cFFFFD200Zone: |rDornogal|n|cFFFFD200Cost: |r10000|Hcurrency:2803|h|TInterface\ICONS\INV_Misc_ElvenCoins.blp:0|t|h
present,,,,1,4544,,223136,447903,,,5,26,4,|cFFFFD200Pet Battle: |rHallowfall
present,,,,1,4545,,223087,447933,,,7,16386,-1,
present,,,,1,4546,,223088,447934,,,7,2,2,|cFFFFD200Vendor: |rWorld Vendors|n|cFFFFD200Cost: |r50|Hitem:163036|h|TInterface\ICONS\INV_Currency_PetBattle.BLP:0|t|h
present,,,,1,4548,,223316,448355,,,0,16466,11,|cFFFFD200Trading Post|r
present,,,,1,4549,,223343,0,,,6,32,4,|cFFFFD200Pet Battle: |rIsle of Dorn
present,,,,1,4550,,223344,0,,,6,32,4,|cFFFFD200Pet Battle: |rIsle of Dorn
present,,,,1,4551,,223346,0,,,6,32,4,|cFFFFD200Pet Battle: |rIsle of Dorn
present,,,,1,4552,,223347,0,,,9,32,4,|cFFFFD200Pet Battle: |rHallowfall
present,,,,1,4553,,223366,0,,,4,32,4,|cFFFFD200Pet Battle: |rThe Ringing Deeps
present,,,,1,4554,,223367,0,,,4,32,4,|cFFFFD200Pet Battle: |rThe Ringing Deeps
present,,,,1,4555,,223368,0,,,7,32,4,|cFFFFD200Pet Battle: |rHallowfall
present,,,,1,4556,,223399,0,,,3,32,4,|cFFFFD200Pet Battle: |rCity of Threads
present,,,,1,4557,,223400,0,,,2,32,4,|cFFFFD200Pet Battle: |rCity of Threads
present,,,,1,4558,,223401,0,,,7,32,4,|cFFFFD200Pet Battle: |rCity of Threads
present,,,,1,4559,,223402,0,,,2,32,4,|cFFFFD200Pet Battle: |rHallowfall
present,,,,1,4560,,223406,0,,,7,33824,4,|cFFFFD200Pet Battle: |rAzj-Kahet
present,,,,1,4561,,223407,0,,,9,33824,4,|cFFFFD200Pet Battle: |rIsle of Dorn
present,,,,1,4562,,223409,0,,,6,33824,4,|cFFFFD200Pet Battle: |rHallowfall
present,,,,1,4564,,223435,0,,,7,32,4,|cFFFFD200Pet Battle: |rThe Ringing Deeps
present,,,,1,4565,,223600,449046,,,0,16466,11,|cFFFFD200Trading Post|r|n
present,,,,1,4566,,223645,449173,,,0,16466,11,|cFFFFD200Trading Post|r
present,,,,1,4568,,223691,0,,,2,16466,9,|cFFFFD200In-Game Shop|r
present,,,,1,4569,,223695,449286,,,5,16466,-1,
present,,,,1,4570,,223351,449511,,,6,2,1,|cFFFFD200Quest:|r Home Is Where the Candle Is|n|cFFFFD200Zone: |rThe Ringing Deeps
present,,,,1,4571,,223706,449369,,,7,26,4,"|cFFFFD200Pet Battle: |rAzj-Kahet, The Ringing Deeps"
present,,,,1,4573,,223712,449472,,,7,26,4,"|cFFFFD200Pet Battle: |rAzj-Kahet, The Ringing Deeps"
present,,,,1,4574,,223715,449473,,,7,10,4,|cFFFFD200Pet Battle: |rThe Ringing Deeps
present,,,,1,4575,,223718,449475,,,7,2,0,|cFFFFD200Drop:|r Kobold Delve's Heavy Trunk
present,,,,1,4576,,223717,449477,,,7,2,2,|cFFFFD200Vendor: |rWaxmonger Squick|n|cFFFFD200Zone: |rThe Ringing Deeps|n|cFFFFD200Cost: |r6500|Hcurrency:2815|h|TInterface\ICONS\SPELL_AZERITE_ESSENCE14.BLP:0|t|h
present,,,,1,4577,,223698,449513,,,6,26,4,|cFFFFD200Pet Battle: |rIsle of Dorn
present,,,,1,4579,,223785,449550,,,7,82,5,|cFFFFD200Achievement:|r Pandaria: Remix - Townlong Steppes|n
present,,,,1,4580,,223810,449626,,,1,82,5,|cFFFFD200Achievement:|r Pandaria: Remix - Timeless Isle|n
present,,,,1,4581,,223859,449807,,,7,82,5,|cFFFFD200Achievement: |rA Champion's Tour: The War Within|n|cFFFFD200Category: |rWorld
present,,,,1,4582,,223861,449808,,,7,2,1,|cFFFFD200Quest: |rPermanent Hire|n|cFFFFD200Zone: |rAzj-Kahet
present,,,,1,4583,,223863,449809,,,7,58,-1,
present,,,,1,4584,,223862,449810,,,7,58,-1,
present,,,,1,4586,,224090,451193,,,4,2,2,|cFFFFD200Vendor: |rWorld Vendors|n|cFFFFD200Cost: |r50|Hitem:163036|h|TInterface\ICONS\INV_Currency_PetBattle.BLP:0|t|h
present,,,,1,4589,,224717,452221,,,2,82,7,|cFFFFD200Promotion:|r The War Within Epic Edition|n
present,,,,1,4590,,224716,452222,,,2,82,7,|cFFFFD200Promotion:|r The War Within Epic Edition|n
present,,,,1,4591,,224718,452223,,,2,82,7,|cFFFFD200Promotion:|r The War Within Epic Edition|n
present,,,,1,4592,,224915,452706,,,7,82,2,|cFFFFD200Vendor: |rBobadormu|n|cFFFFD200Zone: |rTanaris|n|cFFFFD200Cost: |r2200|Hcurrency:1166|h|TInterface\ICONS\PVECurrency-Justice.blp:0|t|h|n|n|cFFFFD200Vendor: |rGrannadormu|n|cFFFFD200Zone: |rTanaris|n|cFFFFD200Cost: |r2200|Hcurrency:1166|h|TInterface\ICONS\PVECurrency-Justice.blp:0|t|h
present,,,,1,4593,,224916,452711,,,7,82,2,|cFFFFD200Vendor: |rBobadormu|n|cFFFFD200Zone: |rTanaris|n|cFFFFD200Cost: |r2200|Hcurrency:1166|h|TInterface\ICONS\PVECurrency-Justice.blp:0|t|h|n|n|cFFFFD200Vendor: |rGrannadormu|n|cFFFFD200Zone: |rTanaris|n|cFFFFD200Cost: |r2200|Hcurrency:1166|h|TInterface\ICONS\PVECurrency-Justice.blp:0|t|h
present,,,,1,4594,,225238,453076,,,8,82,10,|cFFFFD200Treasure:|r Dalaran Sewer Turtle|n|cFFFFD200Zone: |rIsle of Dorn
present,,,,1,4595,,225354,453266,,,5,16466,7,|cFFFFD200Promotion:|r Steelseries x World of Warcraft|n
present,,,,1,4596,,225537,453741,,,7,146,0,|cFFFFD200Treasure:|r Half-Buried Dog Bowl|n|cFFFFD200Zone: |rIsle of Dorn
present,,,,1,4597,,225632,453913,,,6,18,2,|cFFFFD200Vendor: |rGnawbles|n|cFFFFD200Zone: |rThe Ringing Deeps|n|cFFFFD200Cost: |r1|Hitem:224642|h|TInterface\ICONS\INV_Jewelcrafting_NobleTopaz_02.blp:0|t|h
present,,,,1,4598,,225554,453923,,,0,18,2,|cFFFFD200Vendor: |rGnawbles|n|cFFFFD200Zone: |rThe Ringing Deeps|n|cFFFFD200Cost: |r1|Hitem:224642|h|TInterface\ICONS\INV_Jewelcrafting_NobleTopaz_02.blp:0|t|h
present,,,,1,4599,,226125,455184,,,5,2,0,|cFFFFD200Treasure: |rMemory Cache|n|cFFFFD200Zone: |rAzj-Kahet
present,,,,1,4602,,227414,457689,,,8,16466,11,|cFFFFD200Trading Post|r |n
present,,,,1,4614,,229779,462942,,,4,90,6,|cFFFFD200World Event:|r WoW's Anniversary|n
present,,,,1,4615,,229846,463079,,,0,16466,11,|cFFFFD200Trading Post|r
present,,,,1,4616,,229860,463148,,,7,16450,7,|cFFFFD200Promotion|r |n
present,,,,1,4617,,229890,463242,,,9,16450,7,|cFFFFD200Promotion|r |n
present,,,,1,4618,,229901,463251,,,9,16450,7,|cFFFFD200Promotion|r |n
present,,,,1,4628,,230394,0,,,7,26,4,|cFFFFD200Pet Battle: |rSiren Isle
present,,,,1,4629,,198987,464798,,,0,16402,7,|cFFFFD200Promotion|r |n
present,,,,1,4630,,230834,464808,,,0,16466,7,|cFFFFD200Promotion|r
present,,,,1,4631,,231469,471902,,,7,82,5,|cFFFFD200Achievement: |rFamily Battler of Undermine|n|cFFFFD200Category: |rBattle
present,,,,1,4632,,231468,471904,,,7,2,2,|cFFFFD200Vendor: |rLab Assistant Laszly|n|cFFFFD200Zone: |rUndermine|n|cFFFFD200Cost: |r6500|Hcurrency:2815|h|TInterface\ICONS\SPELL_AZERITE_ESSENCE14.BLP:0|t|h
present,,,,1,4633,,231467,471901,,,7,16402,2,|cFFFFD200Vendor: |rMaterialist Ophinell|n|cFFFFD200Zone: |rTwilight Highlands|n|cFFFFD200Cost: |r30|Hcurrency:3319|h|TInterface\ICONS\INV12_Twilight_ Blade_Cultist_Insignia.BLP:0|t|h
present,,,,1,4634,,231465,471903,,,7,34,-1,
present,,,,1,4635,,231466,471900,,,7,2,6,|cFFFFD200World Event:|r Children's Week|n
present,,,,1,4636,,231464,471907,,,7,2,0,|cFFFFD200Drop:|r Shipping and Handling|n|cFFFFD200Zone: |rUndermine
present,,,,1,4637,,231457,471942,,,9,2,2,|cFFFFD200Vendor: |rBoatswain Hardee|n|cFFFFD200Zone: |rUndermine|n|cFFFFD200Cost: |r6500|Hcurrency:2815|h|TInterface\ICONS\SPELL_AZERITE_ESSENCE14.BLP:0|t|h
present,,,,1,4638,,231455,471939,,,9,2,2,|cFFFFD200Vendor: |rDitty Fuzeboy|n|cFFFFD200Zone: |rUndermine|n|cFFFFD200Cost: |r10|Hitem:234741|h|TInterface\ICONS\INV_Engineering_90_Toolbox_Orange.BLP:0|t|h
present,,,,1,4639,,231456,471944,,,9,2,0,|cFFFFD200Drop:|r Sifted Pile of Scrap|n|cFFFFD200Zone: |rUndermine
present,,,,1,4640,,231454,471933,,,9,18,2,|cFFFFD200Vendor: |rSnix Longpocket|n|cFFFFD200Zone: |rLiberation of Undermine
present,,,,1,4641,,231450,471918,,,9,2,2,|cFFFFD200Vendor: |rShredz the Scrapper|n|cFFFFD200Zone: |rUndermine|n|cFFFFD200Cost: |r6500|Hcurrency:2815|h|TInterface\ICONS\SPELL_AZERITE_ESSENCE14.BLP:0|t|h
present,,,,1,4642,,231451,471935,,,9,18,1,Quest: Mega-Mecha Gorilla|nZone: Undermine
present,,,,1,4643,,231448,471945,,,9,131090,2,|cFFFFD200Vendor: |rSkitto Screwjack|n|cFFFFD200Zone: |rLiberation of Undermine
present,,,,1,4644,,231453,471940,,,9,2,2,|cFFFFD200Vendor: |rDitty Fuzeboy|n|cFFFFD200Zone: |rUndermine|n|cFFFFD200Cost: |r8|Hitem:234741|h|TInterface\ICONS\INV_Engineering_90_Toolbox_Orange.BLP:0|t|h
present,,,,1,4645,,231458,471925,,,9,2,2,|cFFFFD200Vendor: |rRocco Razzboom|n|cFFFFD200Zone: |rUndermine|n|cFFFFD200Cost: |r6500|Hcurrency:2815|h|TInterface\ICONS\SPELL_AZERITE_ESSENCE14.BLP:0|t|h
present,,,,1,4646,,231463,471923,,,9,2,0,|cFFFFD200Drop:|r Shipping and Handling|n|cFFFFD200Zone: |rUndermine
present,,,,1,4647,,231462,471922,,,9,2,0,|cFFFFD200Drop:|r Goblin Delve's Heavy Trunk
present,,,,1,4648,,231461,471924,,,9,2,2,|cFFFFD200Vendor: |rDitty Fuzeboy|n|cFFFFD200Zone: |rUndermine|n|cFFFFD200Cost: |r5|Hitem:234741|h|TInterface\ICONS\INV_Engineering_90_Toolbox_Orange.BLP:0|t|h
present,,,,1,4649,,231459,471920,,,9,2,2,|cFFFFD200Vendor: |rDitty Fuzeboy|n|cFFFFD200Zone: |rUndermine|n|cFFFFD200Cost: |r5|Hitem:234741|h|TInterface\ICONS\INV_Engineering_90_Toolbox_Orange.BLP:0|t|h
present,,,,1,4650,,231460,471921,,,9,2,2,|cFFFFD200Vendor: |rDitty Fuzeboy|n|cFFFFD200Zone: |rUndermine|n|cFFFFD200Cost: |r5|Hitem:234741|h|TInterface\ICONS\INV_Engineering_90_Toolbox_Orange.BLP:0|t|h
present,,,,1,4651,,231477,471893,,,4,26,4,|cFFFFD200Pet Battle: |rUndermine
present,,,,1,4652,,231470,471896,,,4,26,4,|cFFFFD200Pet Battle: |rUndermine
present,,,,1,4653,,231479,471895,,,4,2,2,|cFFFFD200Vendor: |rAngelo Rustbin|n|cFFFFD200Zone: |rUndermine|n|cFFFFD200Cost: |r3|Hcurrency:3220|h|TInterface\ICONS\INV_Drink_21.blp:0|t|h
present,,,,1,4654,,231481,471897,,,4,26,4,|cFFFFD200Pet Battle: |rUndermine
present,,,,1,4655,,231548,471899,,,4,2,2,|cFFFFD200Vendor: |rAngelo Rustbin|n|cFFFFD200Zone: |rUndermine|n|cFFFFD200Cost: |r1|Hcurrency:3220|h|TInterface\ICONS\INV_Drink_21.blp:0|t|h
present,,,,1,4656,,231550,471909,,,8,26,4,|cFFFFD200Pet Battle: |rUndermine
present,,,,1,4657,,231567,471908,,,8,26,4,|cFFFFD200Pet Battle: |rUndermine
present,,,,1,4658,,231570,471910,,,8,26,4,|cFFFFD200Pet Battle: |rUndermine
present,,,,1,4659,,231572,471911,,,8,26,4,|cFFFFD200Pet Battle: |rZuldazar
present,,,,1,4660,,231574,471917,,,8,26,4,|cFFFFD200Pet Battle: |rUndermine
present,,,,1,4661,,231622,471941,,,9,2,2,|cFFFFD200Vendor: |rDitty Fuzeboy|n|cFFFFD200Zone: |rUndermine|n|cFFFFD200Cost: |r5|Hitem:234741|h|TInterface\ICONS\INV_Engineering_90_Toolbox_Orange.BLP:0|t|h
present,,,,1,4662,,231577,471932,,,9,26,4,|cFFFFD200Pet Battle: |rUndermine
present,,,,1,4663,,231579,471934,,,9,26,4,|cFFFFD200Pet Battle:|r Undermine|n
present,,,,1,4664,,231621,471946,,,9,82,5,"|cFFFFD200Achievement: |rHonored with the Cartels
|cFFFFD200Category: |rWar Within"
present,,,,1,4665,,231613,0,,,8,42,-1,
present,,,,1,4666,,231616,471912,,,8,26,4,|cFFFFD200Pet Battle: |rZuldazar
present,,,,1,4667,,231684,471943,,,9,26,4,|cFFFFD200Pet Battle:|r Undermine|n
present,,,,1,4668,,231686,471937,,,9,26,4,|cFFFFD200Pet Battle: |rUndermine
present,,,,1,4669,,231713,466179,,,5,16466,7,|cFFFFD200Trading Post|r |n
present,,,,1,4670,,231756,0,,,8,32,-1,
present,,,,1,4671,,231757,0,,,9,32,-1,
present,,,,1,4672,,231758,0,,,9,32,-1,
present,,,,1,4673,,231760,0,,,6,32,-1,
present,,,,1,4674,,231762,0,,,6,32,-1,
present,,,,1,4675,,231763,0,,,9,32,-1,
present,,,,1,4676,,231628,0,,,9,33824,-1,
present,,,,1,4677,,231627,0,,,8,33824,-1,
present,,,,1,4678,,231840,466575,,,0,82,2,|cFFFFD200Vendor: |rHistorian Ma'di|n|cFFFFD200Zone: |rTanaris|n|cFFFFD200Cost: |r10|Hcurrency:3100|h|TInterface\ICONS\INV_10_DungeonJewelry_Dragon_Necklace_1_Bronze.BLP:0|t|h
present,,,,1,4679,,231841,466576,,,0,2,0,|cFFFFD200Drop: |rLord Kazzak|n|cFFFFD200Zone: |rBlasted Lands
present,,,,1,4682,,232502,468186,,,7,82,9,|cFFFFD200In-Game Shop|r|n
present,,,,1,4684,,232533,468228,,,2,2,9,|cFFFFD200In-Game Shop|r
present,,,,1,4686,,232579,468317,,,7,82,2,|cFFFFD200Vendor: |rAuzin|n|cFFFFD200Zone: |rDalaran|n|cFFFFD200Cost: |r2200|Hcurrency:1166|h|TInterface\ICONS\PVECurrency-Justice.blp:0|t|h
present,,,,1,4689,,232585,468338,,,5,82,2,|cFFFFD200Vendor: |rCupri|n|cFFFFD200Zone: |rShattrath City|n|cFFFFD200Cost: |r2200|Hcurrency:1166|h|TInterface\ICONS\PVECurrency-Justice.blp:0|t|h
present,,,,1,4690,,233481,470914,,,0,16466,7,|cFFFFD200Promotion|r|n
present,,,,1,4691,,233564,471121,,,7,16386,1,|cFFFFD200Quest:|r You're A Mean One...|n|cFFFFD200World Event:|r Winter Veil|n
present,,,,1,4692,,233797,471479,,,8,16466,0,|cFFFFD200Special Event: |rPlunderstorm
present,,,,1,4693,,231728,471898,,,5,26,4,|cFFFFD200Pet Battle: |rUndermine
present,,,,1,4694,,233965,471751,,,5,147538,6,|cFFFFD200World Event:|r Winter Veil
present,,,,1,4961,,256269,1268690,,,7,210,0,|cFFFFD200Drop:|r Delve's End of Run Rewards|n
present,,,,1,4695,,233967,471798,,,2,16466,0,|cFFFFD200Special Event: |rPlunderstorm
present,,,,1,4701,,234071,472194,,,4,2,1,|cFFFFD200Quest:|r Unsolicited Feedback|n|cFFFFD200Zone: |rUndermine
present,,,,1,4702,,234097,0,,,7,26,4,|cFFFFD200Pet Battle: |rSiren Isle
present,,,,1,4703,,234101,0,,,7,26,4,|cFFFFD200Pet Battle: |rSiren Isle
present,,,,1,4704,,234131,472439,,,6,16386,6,|cFFFFD200World Event:|r Love is in the Air|n|cFFFFD200Cost: |r40 |Hitem:49927|h|TInterface\ICONS\INV_ValentinesCard01.BLP:0|t|h
present,,,,1,4708,,234365,472536,,,7,82,10,|cFFFFD200Discovery:|r Siren Isle|n
present,,,,1,4709,,234366,473127,,,7,16496,-1,
present,,,,1,4710,,234367,0,,,2,26,4,|cFFFFD200Pet Battle: |rSiren Isle
present,,,,1,4711,,234369,0,,,8,26,4,|cFFFFD200Pet Battle: |rSiren Isle
present,,,,1,4717,,234439,473300,,,0,16466,7,|cFFFFD200In-Game Shop|r
present,,,,1,4718,,234663,473942,,,9,16466,2,|cFFFFD200Trading Post|r
present,,,,1,4719,,234664,473945,,,9,16466,2,|cFFFFD200Trading Post|r
present,,,,1,4723,,234710,0,,,7,26,4,|cFFFFD200Pet Battle: |rSiren Isle
present,,,,1,4724,,234734,0,,,7,26,10,|cFFFFD200Pet Battle:|r Siren Isle
present,,,,1,4725,,234908,474730,,,9,16416,0,|cFFFFD200Zone: |rSiren Isle
present,,,,1,4726,,235124,1213821,,,7,2,10,|cFFFFD200Zone: |rSiren Isle|n|cFFFFD200Drop: |rStormtouched Pridetalon
present,,,,1,4727,,235130,1213831,,,7,18,2,|cFFFFD200Vendor: |rSoweezi|n|cFFFFD200Zone: |rSiren Isle|n|cFFFFD200Cost: |r750|Hcurrency:3090|h|TInterface\ICONS\INV_Siren_Isle_FlameBlessed_Iron.BLP:0|t|h
present,,,,1,4728,,235152,1213903,,,0,16466,11,|cFFFFD200Trading Post|r
present,,,,1,4729,,235159,1213933,,,0,16466,11,|cFFFFD200Trading Post|r
present,,,,1,4730,,236016,1215317,,,9,16466,9,|cFFFFD200In-Game Shop|r
present,,,,1,4731,,236040,0,,,8,26,4,|cFFFFD200Pet Battle: |rSiren Isle: Seafury Tempest
present,,,,1,4732,,236041,0,,,8,26,4,"|cFFFFD200Pet Battle:|r Siren Isle, Seafury Tempest|n"
present,,,,1,4733,,236783,1216564,,,6,147538,7,|cFFFFD200Promotion|r |n
present,,,,1,4737,,237701,0,,,9,33824,4,|cFFFFD200Pet Battle:|r Undermine|n
present,,,,1,4738,,237706,0,,,2,32802,-1,
present,,,,1,4739,,237707,0,,,4,32802,-1,
present,,,,1,4740,,237708,0,,,7,32802,-1,
present,,,,1,4741,,237713,0,,,8,32802,4,|cFFFFD200Pet Battle: |rUndermine
present,,,,1,4742,,237714,0,,,2,32802,4,|cFFFFD200Pet Battle: |rUndermine
present,,,,1,4743,,237715,0,,,9,32802,4,|cFFFFD200Pet Battle: |rUndermine
present,,,,1,4744,,237720,0,,,4,32802,4,|cFFFFD200Pet Battle: |rUndermine
present,,,,1,4745,,237721,0,,,4,32802,4,|cFFFFD200Pet Battle: |rUndermine
present,,,,1,4746,,237719,0,,,4,32802,4,|cFFFFD200Pet Battle: |rUndermine
present,,,,1,4747,,237850,1218378,,,5,2,0,|cFFFFD200Treasure:|r Valeera's Corrupted Chest|n|cFFFFD200Zone:|r Vision of Stormwind (Revisited)
present,,,,1,4828,,245475,1238271,,,5,2,0,|cFFFFD200Drop:|r Vibrating Box|n|cFFFFD200Zone: |rK'aresh
present,,,,1,4748,,237852,1218379,,,2,2,0,|cFFFFD200Treasure:|r Wyrmbane's Corrupted Chest|n|cFFFFD200Zone:|r Vision of Stormwind (Revisited)
present,,,,1,4749,,237855,1218381,,,7,2,2,|cFFFFD200Treasure:|r Garona's Corrupted Chest|n|cFFFFD200Zone:|r Vision of Orgrimmar (Revisited)|n
present,,,,1,4750,,237856,1218383,,,2,2,0,|cFFFFD200Treasure:|r Geya'rah's Corrupted Chest|n|cFFFFD200Zone:|r Vision of Orgrimmar (Revisited)|n
present,,,,1,4755,,237976,1219016,,,6,16416,0,|cFFFFD200Drop: |rGallagio Garbage|n|cFFFFD200Zone: |rUndermine
present,,,,1,4756,,238064,1219265,,,1,82,2,|cFFFFD200Vendor:|r Torie|n|cFFFFD200Zone:|r Dornogal|n|cFFFFD200Cost: |r5000|Hcurrency:3149|h|TInterface\ICONS\Archaeology_5_0_MoguCoin.blp:0|t|h
present,,,,1,4757,,238178,1219626,,,0,16466,11,|cFFFFD200Trading Post|r
present,,,,1,4759,,238393,1220834,,,8,2,0,|cFFFFD200Drop: |rSwampface|n|cFFFFD200Zone: |rOperation: Floodgate
present,,,,1,4761,,239362,1222968,,,7,16466,11,|cFFFFD200Trading Post|r
present,,,,1,4762,,240137,1224569,,,9,16466,9,|cFFFFD200In-Game Shop|r
present,,,,1,4790,,240014,1226298,,,7,154,10,|cFFFFD200Zone: |rVoidstorm
present,,,,1,4791,,198989,1226305,,,0,16466,7,|cFFFFD200Promotion|r |n
present,,,,1,4792,,240994,1226412,,,7,16466,11,|cFFFFD200Trading Post|r
present,,,,1,4793,,241150,1226743,,,7,82,11,|cFFFFD200Trading Post|r
present,,,,1,4794,,241297,1226942,,,7,18,2,|cFFFFD200Vendor: |rLars Bronsmaelt|n|cFFFFD200Zone: |rHallowfall|n|cFFFFD200Cost: |r6500|Hcurrency:2815|h|TInterface\ICONS\SPELL_AZERITE_ESSENCE14.BLP:0|t|h
present,,,,1,4795,,241439,1250138,,,5,154,10,|cFFFFD200Zone: |rVoidstorm
present,,,,1,4796,,241416,1227251,,,8,16466,7,|cFFFFD200Promotion|r
present,,,,1,4801,,242176,1229381,,,4,16466,6,|cFFFFD200World Event:|r WoW Remix: Legion
present,,,,1,4802,,242180,1229382,,,4,16466,6,|cFFFFD200World Event:|r WoW Remix: Legion
present,,,,1,4803,,242452,1230550,,,4,210,5,|cFFFFD200Achievement: |rMidnight Dungeon Hero|n|cFFFFD200Category: |rDungeons & Raids
present,,,,1,4804,,242652,1231110,,,7,18,2,|cFFFFD200Vendor: |rLars Bronsmaelt|n|cFFFFD200Zone: |rHallowfall|n|cFFFFD200Cost: |r6500|Hcurrency:2815|h|TInterface\ICONS\SPELL_AZERITE_ESSENCE14.BLP:0|t|h
present,,,,1,4806,,241346,1227066,,,9,16466,7,|cFFFFD200Promotion:|r Dastardly Duos
present,,,,1,4811,,244145,1234588,,,1,2,7,|cFFFFD200Promotion|r |n
present,,,,1,4812,,244146,1234591,,,1,2,7,|cFFFFD200Promotion|r 
present,,,,1,4813,,244263,1234822,,,5,18,0,|cFFFFD200Zone:|r K'aresh
present,,,,1,4816,,245043,1236986,,,4,146,1,|cFFFFD200Quest: |rFirst Step Into Parenthood|n|cFFFFD200Zone: |rEversong Woods
present,,,,1,4824,,245204,1237372,,,4,16418,-1,
present,,,,1,4825,,245215,1237377,,,4,2,0,|cFFFFD200Drop:|r Vibrating Box|n|cFFFFD200Zone: |rK'aresh
present,,,,1,4826,,245217,1237379,,,4,2,0,|cFFFFD200Drop:|r Vibrating Box|n|cFFFFD200Zone: |rK'aresh
present,,,,1,4827,,245474,1238270,,,5,2,0,|cFFFFD200Drop:|r Vibrating Box|n|cFFFFD200Zone: |rK'aresh
present,,,,1,4963,,256559,1269346,,,6,16466,11,|cFFFFD200Trading Post|r
present,,,,1,4829,,245476,1238272,,,5,18,2,|cFFFFD200Vendor: |rShad'anis|n|cFFFFD200Zone: |rK'aresh|n|cFFFFD200Cost: |r4|Hcurrency:3303|h|TInterface\ICONS\INV_Misc_Coin_08.blp:0|t|h
present,,,,1,4830,,245477,1238273,,,5,16402,2,|cFFFFD200Vendor: |rMaterialist Ophinell|n|cFFFFD200Zone: |rTwilight Highlands|n|cFFFFD200Cost: |r30|Hcurrency:3319|h|TInterface\ICONS\INV12_Twilight_ Blade_Cultist_Insignia.BLP:0|t|h
present,,,,1,4832,,245479,1238275,,,5,18,1,|cFFFFD200Faction: |rManaforge Vandals|n|cFFFFD200Renown: |r13|n|cFFFFD200Location: |rShadow Point
present,,,,1,4833,,245480,1238282,,,7,2,0,|cFFFFD200Drop:|r Vibrating Box|n|cFFFFD200Zone: |rK'aresh
present,,,,1,4834,,245481,1238283,,,7,18,0,|cFFFFD200Drop: |rMorgil the Netherspawn|n|cFFFFD200Zone: |rK'aresh
present,,,,1,4835,,245482,1238284,,,7,2,0,|cFFFFD200Drop:|r Vibrating Box|n|cFFFFD200Zone: |rK'aresh
present,,,,1,4836,,245494,1238328,,,7,2,0,|cFFFFD200Drop:|r Vibrating Box|n|cFFFFD200Zone: |rK'aresh
present,,,,1,4837,,245495,1238329,,,7,16418,9,"
"
present,,,,1,4838,,245496,1238330,,,7,18,0,|cFFFFD200Drop: |rMalek'ta|n|cFFFFD200Zone: |rK'aresh
present,,,,1,4839,,245497,1238331,,,7,2,0,|cFFFFD200Drop:|r Vibrating Box|n|cFFFFD200Zone: |rK'aresh
present,,,,1,4840,,245498,1238332,,,2,2,0,|cFFFFD200Drop:|r Vibrating Box|n|cFFFFD200Zone: |rK'aresh
present,,,,1,4841,,245499,1238333,,,2,82,-1,"|cFFFFD200Achievement: |rBounty Seeker
|cFFFFD200Category: |rWar Within"
present,,,,1,4842,,245500,1238336,,,2,18,0,|cFFFFD200Drop: |rThe Nightreaver|n|cFFFFD200Zone: |rK'aresh
present,,,,1,4843,,245501,1238334,,,2,2,0,|cFFFFD200Drop:|r Ethereal Delve's Heavy Trunk|n
present,,,,1,4844,,245502,1238335,,,2,2,0,|cFFFFD200Drop:|r Vibrating Box|n|cFFFFD200Zone: |rK'aresh
present,,,,1,4845,,245503,1238337,,,4,18,0,|cFFFFD200Treasure: |rAncient Coffer|n|cFFFFD200Zone: |rK'aresh
present,,,,1,4846,,245504,1238338,,,4,18,0,|cFFFFD200Drop: |rHeka'tamos|n|cFFFFD200Zone: |rK'aresh
present,,,,1,4847,,245505,1238341,,,4,2,0,|cFFFFD200Drop:|r Vibrating Box|n|cFFFFD200Zone: |rK'aresh
present,,,,1,4848,,245506,1238346,,,4,2,0,|cFFFFD200Drop:|r Vibrating Box|n|cFFFFD200Zone: |rK'aresh
present,,,,1,4849,,245545,1238913,,,9,82,2,|cFFFFD200Vendor: |rChurbro|n|cFFFFD200Zone: |rZuldazar|n|cFFFFD200Zone: |rBoralus Harbor|n|cFFFFD200World Event:|r Battle for Azeroth Timewalking
present,,,,1,4851,,245616,1238915,,,6,16466,6,|cFFFFD200World Event:|r Feast of Winter Veil|n
present,,,,1,4852,,245647,1239142,,,7,82,6,|cFFFFD200Vendor: |rChurbro|n|cFFFFD200Zone: |rZuldazar|n|cFFFFD200Zone: |rBoralus Harbor|n|cFFFFD200World Event:|r Battle for Azeroth Timewalking|n
present,,,,1,4853,,246660,1241750,,,7,16466,11,|cFFFFD200Trading Post|r
present,,,,1,4854,,246661,1241756,,,7,16466,11,|cFFFFD200Trading Post|r
present,,,,1,4855,,246662,1241760,,,7,16466,11,|cFFFFD200Trading Post|r
present,,,,1,4856,,246663,1241763,,,7,16466,11,|cFFFFD200Trading Post|r
present,,,,1,4858,,246983,1242265,,,0,16466,7,|cFFFFD200Promotion|r
present,,,,1,4859,,247463,1243337,,,7,2,1,|cFFFFD200Faction: |rManaforge Vandals|n|cFFFFD200Renown: |r8|n|cFFFFD200Location: |rShadow Point
present,,,,1,4860,,247465,1243343,,,7,82,-1,"|cFFFFD200Source: |r???
|cFFFFD200Zone: |rTazavesh, the Veiled Market"
present,,,,1,4862,,248495,1246166,,,7,16466,9,|cFFFFD200In-Game Shop|r
present,,,,1,4874,,249812,1250374,,,2,154,10,|cFFFFD200Zone: |rZul'Aman
present,,,,1,4875,,249815,1250373,,,7,154,10,|cFFFFD200Zone: |rHarandar
present,,,,1,4876,,249816,1250371,,,8,154,10,|cFFFFD200Zone: |rHarandar
present,,,,1,4877,,249817,1250370,,,4,154,10,|cFFFFD200Zone: |rEversong Woods
present,,,,1,4878,,249818,1250369,,,7,154,10,|cFFFFD200Zone: |rZul'Aman
present,,,,1,4879,,249819,1250360,,,7,154,10,|cFFFFD200Zone: |rVoidstorm
present,,,,1,4880,,249820,1250368,,,7,154,10,|cFFFFD200Zone: |rZul'Aman
present,,,,1,4881,,258803,1277679,,,7,146,0,|cFFFFD200Treasure: |rQuivering Egg|n|cFFFFD200Zone: |rVoidstorm
present,,,,1,4882,,249822,1250366,,,2,154,10,|cFFFFD200Zone: |rHarandar
present,,,,1,4883,,249824,1250365,,,2,154,10,|cFFFFD200Zone: |rZul'Aman
present,,,,1,4884,,249825,1250363,,,7,154,10,|cFFFFD200Zone: |rZul'Aman
present,,,,1,4885,,249826,1250362,,,8,154,10,|cFFFFD200Zone: |rZul'Aman
present,,,,1,4886,,249827,1250361,,,4,154,10,|cFFFFD200Zone: |rHarandar
present,,,,1,4887,,249488,1249256,,,4,146,-1,
present,,,,1,4888,,250583,1251593,,,4,146,2,|cFFFFD200Vendor: |rMagovu|n|cFFFFD200Zone: |rZul'Aman|n|cFFFFD200Cost: |r2500|Hcurrency:3316|h|TInterface\ICONS\INV_112_RaidTrinkets_VoidPrism.BLP:0|t|h
present,,,,1,4889,,250571,1251746,,,5,154,10,|cFFFFD200Zone: |rIsle of Quel'Danas
present,,,,1,4890,,250572,1251770,,,5,154,10,|cFFFFD200Zone: |rEversong Woods
present,,,,1,4891,,250573,1251771,,,5,154,10,|cFFFFD200Zone: |rIsle of Quel'Danas
present,,,,1,4892,,250680,1251782,,,5,154,10,|cFFFFD200Zone: |rVoidstorm
present,,,,1,4894,,251511,0,,,2,16466,9,|cFFFFD200In-Game Shop|r
present,,,,1,4895,,251804,1254162,,,8,16466,11,|cFFFFD200Trading Post|r
present,,,,1,4896,,251817,1254201,,,8,16466,11,|cFFFFD200Trading Post|r
present,,,,1,4897,,251819,1254207,,,8,16466,11,|cFFFFD200Trading Post|r
present,,,,1,4898,,251820,1254208,,,8,82,2,|cFFFFD200Achievement:|r Climate Strange: Val|n|cFFFFD200Vendor: |rKifaan|n|cFFFFD200Zone: |rNaigtal or Val|n|cFFFFD200Cost: |r50|Hitem:238365|h|TInterface\ICONS\INV_Misc_Fish_41.blp:0|t|h |n|n
present,,,,1,4899,,251821,1254212,,,8,16466,11,|cFFFFD200Trading Post|r
present,,,,1,4900,,251822,1254213,,,8,16466,11,|cFFFFD200Trading Post|r
present,,,,1,4901,,251889,1254381,,,2,16466,6,|cFFFFD200World Event:|r WoW Remix: Legion
present,,,,1,4902,,252686,1256380,,,4,16466,9,|cFFFFD200In-Game Shop|r
present,,,,1,4903,,252859,1257069,,,1,16466,7,|cFFFFD200Promotion|r 
present,,,,1,4906,,253399,1258975,,,4,146,0,|cFFFFD200Zone: |rZul'Aman
present,,,,1,4907,,254356,1261676,,,5,16466,9,|cFFFFD200Promotion|r 
present,,,,1,4964,,256560,1269350,,,6,16466,11,|cFFFFD200Trading Post|r
present,,,,1,4908,,254359,1261687,,,5,16466,9,|cFFFFD200Promotion|r 
present,,,,1,4910,,254689,1262925,,,7,82,5,|cFFFFD200Achievement: |rMidnight Safari
present,,,,1,4911,,253374,1258852,,,5,82,2,|cFFFFD200Vendor: |rCollector Ta'steld|n|cFFFFD200Zone: |rOribos|n|cFFFFD200Cost: |r2200|Hcurrency:1166|h|TInterface\ICONS\PVECurrency-Justice.blp:0|t|h
present,,,,1,4912,,254885,1263739,,,5,154,10,|cFFFFD200Zone: |rSilvermoon City
present,,,,1,4913,,254979,1263911,,,1,210,5,|cFFFFD200Achievement: |rFamily Battler of Kalimdor|n|cFFFFD200Category: |rBattle
present,,,,1,4914,,254986,1263916,,,6,242,-1,
present,,,,1,4927,,255119,1264236,,,8,210,0,|cFFFFD200Treasure: |rKemet's Simmering Cauldron|n|cFFFFD200Zone: |rHarandar
present,,,,1,4928,,255257,1264611,,,1,2,2,|cFFFFD200Vendor: |rCaeris Fairdawn|n|cFFFFD200Zone: |rEversong Woods|n|cFFFFD200Cost: |r2500|Hcurrency:3316|h|TInterface\ICONS\INV_112_RaidTrinkets_VoidPrism.BLP:0|t|h
present,,,,1,4929,,255295,1264733,,,7,18,2,|cFFFFD200Vendor: |rNaynar|n|cFFFFD200Zone: |rHarandar|n|cFFFFD200Cost: |r2500|Hcurrency:3316|h|TInterface\ICONS\INV_112_RaidTrinkets_VoidPrism.BLP:0|t|h
present,,,,1,4930,,255522,1265397,,,5,18,2,|cFFFFD200Vendor: |rConstruct E'nui|n|cFFFFD200Zone: |rSilvermoon City|n|cFFFFD200Cost: |r1200|Hcurrency:3392|h|TInterface\ICONS\INV_10_ElementalCombinedFoozles_Blood.BLP:0|t|h
present,,,,1,4942,,255689,1265969,,,6,210,1,|cFFFFD200Quest:|r The Empty Cradle
present,,,,1,4943,,255736,1266115,,,1,16466,9,|cFFFFD200In-Game Shop|r|n
present,,,,1,4944,,255750,1266148,,,5,16450,7,|cFFFFD200Promotion|r |n
present,,,,1,4945,,255832,1266364,,,6,242,1,|cFFFFD200Quest:|r Re-Hydra-ted|n
present,,,,1,4946,,255921,1266590,,,8,210,1,|cFFFFD200Quest:|r OK Bloomer|n
present,,,,1,4947,,256014,1266770,,,6,210,1,|cFFFFD200Quest:|r Re-Hydra-ted|n
present,,,,1,4948,,256059,1266834,,,2,210,0,|cFFFFD200Treasure: |rImpenatrably Sealed Gourd|n|cFFFFD200Zone: |rHarandar
present,,,,1,4949,,256080,1266976,,,6,18,2,|cFFFFD200Vendor: |rXydan|n|cFFFFD200Zone: |rValdrakken|n|cFFFFD200Cost: |r2200|Hcurrency:1166|h|TInterface\ICONS\PVECurrency-Justice.blp:0|t|h
present,,,,1,4950,,256107,1267050,,,7,210,1,|cFFFFD200Quest:|r Mighty and Superior|n
present,,,,1,4951,,256201,1267090,,,7,154,3,|cFFFFD200Profession:|r Fishing|n
present,,,,1,4952,,256271,1268696,,,7,10,1,|cFFFFD200Vendor: |rVoid Researcher Anomander|n|cFFFFD200Zone: |rVoidstorm|n|cFFFFD200Cost: |r2500|Hcurrency:3316|h|TInterface\ICONS\INV_112_RaidTrinkets_VoidPrism.BLP:0|t|h
present,,,,1,4953,,256264,1268686,,,2,210,0,|cFFFFD200Drop:|r Delve's End of Run Rewards
present,,,,1,4954,,256276,1268698,,,6,210,0,|cFFFFD200Drop:|r Delve's End of Run Rewards
present,,,,1,4955,,256272,1268693,,,7,210,2,|cFFFFD200Vendor: |rNaleidea Rivergleam|n|cFFFFD200Zone: |rSilvermoon City|n|cFFFFD200Cost: |r10000|Hcurrency:2803|h|TInterface\ICONS\INV_Misc_ElvenCoins.blp:0|t|h
present,,,,1,4956,,256237,1267219,,,6,210,0,|cFFFFD200Drop:|r Delve's End of Run Rewards
present,,,,1,4957,,256282,1268718,,,5,210,0,|cFFFFD200Drop:|r Delve's End of Run Rewards
present,,,,1,4958,,256265,1268687,,,6,210,0,|cFFFFD200Drop:|r Nullaeus
present,,,,1,4959,,256278,1268704,,,7,210,0,|cFFFFD200Drop:|r Delve's End of Run Rewards
present,,,,1,4960,,256238,1267222,,,7,210,0,|cFFFFD200Drop:|r Delve's End of Run Rewards
present,,,,1,4965,,256565,1269356,,,6,82,11,|cFFFFD200Zone: |rNaigtal|n|cFFFFD200Drop: |rSleeper's Grotto
present,,,,1,4966,,256566,1269358,,,6,16466,11,|cFFFFD200Trading Post|r
present,,,,1,4967,,256567,1269361,,,7,82,5,|cFFFFD200Zone: |rNexus-Point Xenas
present,,,,1,4968,,256663,1269535,,,7,16466,7,|cFFFFD200Promotion|r |n
present,,,,1,4969,,256698,1269627,,,7,16466,7,|cFFFFD200Promotion|r
present,,,,1,4971,,256759,1269889,,,7,210,1,"|cFFFFD200Quest: |rThief at Bark
|cFFFFD200Zone: |rEversong Woods"
present,,,,1,4972,,256985,1270553,,,7,210,0,|cFFFFD200Treasure: |rHalf-Digested Viscera|n|cFFFFD200Zone: |rVoidstorm
present,,,,1,4974,,246696,1241794,,,8,210,0,|cFFFFD200Treasure: |rBurbling Paint Pot|n|cFFFFD200Zone: |rEversong Woods
present,,,,1,4975,,257493,1271843,,,0,16466,7,|cFFFFD200Promotion|r|n
present,,,,1,4976,,257546,1271988,,,6,194,2,|cFFFFD200Vendor: |rConstruct E'nui|n|cFFFFD200Zone: |rSilvermoon City|n|cFFFFD200Cost: |r800|Hcurrency:3392|h|TInterface\ICONS\INV_10_ElementalCombinedFoozles_Blood.BLP:0|t|h
present,,,,1,4977,,257616,1272165,,,2,146,1,|cFFFFD200Quest:|r A Quiet Farewell|n|cFFFFD200Zone: |rZul'Aman
present,,,,1,4981,,257695,1272755,,,4,210,0,|cFFFFD200Drop:|r Slayer's Duellum Trove|n|cFFFFD200Zone:|r Masters' Perch
present,,,,1,4982,,257857,1272852,,,7,146,2,|cFFFFD200Vendor: |rApprentice Diell|n|cFFFFD200Zone: |rEversong Woods|n|cFFFFD200Cost: |r200|Hcurrency:3379|h|TInterface\ICONS\INV_Elemental_Primal_Mana.blp:0|t|h
present,,,,1,4983,,257908,1273131,,,7,18,6,|cFFFFD200Drop:|r Victorious Stormarion Cache|n|cFFFFD200Zone:|r Voidstorm
present,,,,1,4984,,257802,1272858,,,5,210,2,|cFFFFD200Vendor: |rThraxadar|n|cFFFFD200Zone: |rMasters' Perch|n|cFFFFD200Faction: |rSlayer's Duellum - Revered|n|cFFFFD200Cost: |r2500|Hcurrency:3316|h|TInterface\ICONS\INV_112_RaidTrinkets_VoidPrism.BLP:0|t|h
present,,,,1,4985,,258281,1276430,,,7,2,0,|cFFFFD200Drop: |rDame Bloodshed|n|cFFFFD200Zone: |rEversong Woods
present,,,,1,5003,,259728,1281048,,,1,210,0,|cFFFFD200Treasure: |rRookery Cache|n|cFFFFD200Zone: |rSilvermoon City
present,,,,1,5007,,260149,1282832,,,7,210,1,|cFFFFD200Quest: |rDead End|n|cFFFFD200Zone: |rZul'Aman|n|n
present,,,,1,5011,,260792,1283105,,,7,210,1,|cFFFFD200Quest: |rA Little Kindness|n|cFFFFD200Zone: |rThe Coiled Isle|n|n
present,,,,1,5012,,260899,1284800,,,7,210,5,|cFFFFD200Achievement: |rTreasures of Eversong Woods|n|cFFFFD200Category: |rMidnight
present,,,,1,5017,,261676,1286610,,,2,82,0,|cFFFFD200Ritual Site:|r Broken Throne 
present,,,,1,5019,,261684,1286634,,,7,82,0,|cFFFFD200Ritual Site:|r Broken Throne
present,,,,1,5020,,262066,1287339,,,5,2,0,|cFFFFD200Drop: |rMana-Gorged Greatwyrm|n|cFFFFD200Ritual Site: |rDaggerspine Point
present,,,,1,5021,,262089,1287374,,,8,82,0,|cFFFFD200Ritual Site: |rDaggerspine Point
present,,,,1,5022,,262090,1287376,,,4,82,10,|cFFFFD200Ritual Sites: |rDaggerspine Point
present,,,,1,5023,,262092,1287380,,,7,82,0,|cFFFFD200Ritual Sites: |rRustling Underbrush
present,,,,1,5026,,262210,1287493,,,0,82,5,|cFFFFD200Achievement: |rFamily Battler of Outland|n|cFFFFD200Category: |rBattle|n|n
present,,,,1,5027,,262220,1287534,,,1,82,5,|cFFFFD200Achievement: |rFamily Battler of Cataclysm|n|cFFFFD200Category: |rBattle|n|n
present,,,,1,5028,,262222,1287537,,,7,154,4,|cFFFFD200Zone:|r The Coiled Isle
present,,,,1,5029,,262226,1287600,,,7,154,4,|cFFFFD200Zone:|r The Coiled Isle
present,,,,1,5030,,262246,1287593,,,7,154,4,|cFFFFD200Zone:|r The Coiled Isle
present,,,,1,5031,,262247,1287592,,,7,154,4,|cFFFFD200Pet Battle: |rVaults of Atal'Utek
present,,,,1,5032,,262245,1287594,,,4,154,4,|cFFFFD200Zone:|r The Coiled Isle
present,,,,1,5033,,262244,1287598,,,4,154,4,|cFFFFD200Zone:|r The Coiled Isle
present,,,,1,5034,,262243,1287599,,,8,154,4,|cFFFFD200Zone:|r The Coiled Isle
present,,,,1,5035,,262248,1287603,,,7,154,4,|cFFFFD200Zone:|r The Coiled Isle
present,,,,1,5036,,262422,1287849,,,1,82,2,|cFFFFD200Vendor: |rSergeant Vornin|n|cFFFFD200Zone: |rSilvermoon City|n|cFFFFD200Renown: |rRitual Sites Rank 6|n|cFFFFD200Cost:|r 1800(INV_112_RaidTrinkets_VoidPrism.BLP)
present,,,,1,5037,,262427,1287856,,,5,82,2,|cFFFFD200Vendor: |rSergeant Vornin|n|cFFFFD200Zone: |rSilvermoon City|n|cFFFFD200Renown: |rRitual Sites Rank 6|n|cFFFFD200Cost:|r 1800(INV_112_RaidTrinkets_VoidPrism.BLP)|n
present,,,,1,5038,,262786,1288378,,,7,2,0,|cFFFFD200Drop: |rWriggling Field Pouch|n|cFFFFD200Hostile Activity: |rZul'Aman
present,,,,1,5039,,262787,1288380,,,7,82,0,|cFFFFD200Vendor: |rSergeant Vornin|n|cFFFFD200Zone: |rSilvermoon City|n|cFFFFD200Achievemnent: |rCosmic Exterminator|n|cFFFFD200Cost:|r 1800(INV_112_RaidTrinkets_VoidPrism.BLP)
present,,,,1,5040,,262788,1288381,,,7,2,0,|cFFFFD200Drop: |rWriggling Field Pouch|n|cFFFFD200Hostile Activity: |rEversong Woods
present,,,,1,5041,,262985,1288774,,,1,210,1,|cFFFFD200Quest: |rLike Dragonhawks to a Flame|n|cFFFFD200Zone: |rZul'Aman|n|n
present,,,,1,5042,,263232,1289296,,,2,16466,9,|cFFFFD200In-Game Shop|r
present,,,,1,5052,,263995,1291367,,,2,16466,9,|cFFFFD200In-Game Shop|r|n
present,,,,1,5060,,264163,1291667,,,2,16466,9,|cFFFFD200In-Game Shop|r
present,,,,1,5061,,264280,0,,,4,1056,-1,
present,,,,1,5064,,264863,1293301,,,0,82,7,|cFFFFD200Promotion:|r BlizzCon 2026
present,,,,1,5065,,264933,1293499,,,4,154,10,|cFFFFD200Vendor: |rDepthdiver Tu'nakit|n|cFFFFD200Zone: |rZul'Aman|n|cFFFFD200Cost: |r2400|Hcurrency:3373|h|TInterface\ICONS\Item_enchantedpearl.blp:0|t|h|n|n
present,,,,1,5070,,265786,1295938,,,6,210,2,|cFFFFD200Vendor:|r Second Mate Sluggs
present,,,,1,5071,,266464,1297094,,,7,210,2,|cFFFFD200Vendor: |rSkull of Er'inye|n|cFFFFD200Zone: |rVaults of Atal'Utek|n|cFFFFD200Cost: |r5000|Hcurrency:3448|h|TInterface\ICONS\INV_121_Ulatek_Currency.BLP:0|t|h
present,,,,1,5072,,266469,1297098,,,7,210,2,|cFFFFD200Vendor: |rSkull of Er'inye|n|cFFFFD200Zone: |rVaults of Atal'Utek|n|cFFFFD200Cost: |r5000|Hcurrency:3448|h|TInterface\ICONS\INV_121_Ulatek_Currency.BLP:0|t|h
present,,,,1,5073,,266577,1267050,,,7,82,5,|cFFFFD200Achievement:|r Ultradon Carnage|n|cFFFFD200Vendor: |rKifaan|n|cFFFFD200Zones: |rVal or Naigtal|n|cFFFFD200Cost: |r15|Hcurrency:3316|h|TInterface\ICONS\INV_112_RaidTrinkets_VoidPrism.BLP:0|t|h
present,,,,1,5074,,266580,1297418,,,6,82,5,|cFFFFD200Achievements:|r Showdown Success: Val and Showdown Success: Naigtal|n|cFFFFD200Vendor: |rKifaan|n|cFFFFD200Zones: |rVal or Naigtal|n|cFFFFD200Cost: |r15|Hcurrency:3316|h|TInterface\ICONS\INV_112_RaidTrinkets_VoidPrism.BLP:0|t|h
present,,,,1,5076,,266833,1297702,,,9,18,2,|cFFFFD200Vendor: |rConstruct V'anore|n|cFFFFD200Zone: |rSilvermoon City|n|cFFFFD200Cost: |r1200|Hcurrency:3392|h|TInterface\ICONS\INV_10_ElementalCombinedFoozles_Blood.BLP:0|t|h
present,,,,1,5077,,266834,1297703,,,9,32,-1,
present,,,,1,5078,,266835,1297704,,,9,18,2,|cFFFFD200Vendor: |rConstruct V'anore|n|cFFFFD200Zone: |rSilvermoon City|n|cFFFFD200Cost: |r1200|Hcurrency:3392|h|TInterface\ICONS\INV_10_ElementalCombinedFoozles_Blood.BLP:0|t|h
present,,,,1,5092,,267689,1299089,,,7,210,0,|cFFFFD200Drop: |rWriggling Venom-Soaked Satchel|n|cFFFFD200Zone: |rThe Coiled Isle
present,,,,1,5093,,267805,1299255,,,7,210,2,|cFFFFD200Vendor: |rJan'sari the Watchful|n|cFFFFD200Zone: |rThe Coiled Isle|n|cFFFFD200Cost: |r2500|Hcurrency:3316|h|TInterface\ICONS\INV_112_RaidTrinkets_VoidPrism.BLP:0|t|h|n|n
present,,,,1,5114,,268609,1301935,,,7,16466,11,|cFFFFD200Trading Post|r
present,,,,1,5115,,268636,1302008,,,7,16466,11,|cFFFFD200Trading Post|r
present,,,,1,5116,,268671,1302084,,,7,16466,11,|cFFFFD200Trading Post|r
present,,,,1,5117,,268672,1302088,,,7,16466,11,|cFFFFD200Trading Post|r
present,,,,1,5118,,268675,1302094,,,7,16466,11,|cFFFFD200Trading Post|r
present,,,,1,5119,,268676,1302095,,,7,16466,11,|cFFFFD200Trading Post|r
present,,,,1,5125,,269501,1304581,,,5,202,0,|cFFFFD200Drop: |rNek'zali the Soulcoiler|n|cFFFFD200Zone: |rThe Venomous Abyss
present,,,,1,5126,,269712,1305199,,,7,18,0,|cFFFFD200Drop:|r Ral'kala|n
present,,,,1,5129,,270147,1306197,,,7,194,5,|cFFFFD200Zone:|r Altar of Fangs
present,,,,1,5130,,270425,1306694,,,7,210,5,|cFFFFD200Achievement: |rNo Egg Scramble|n|cFFFFD200Category: |rMidnight Raid
present,,,,1,5131,,270857,1307328,,,8,210,5,|cFFFFD200Achievement: |rA Stack of Snacks|n|cFFFFD200Category: |rMidnight
present,,,,1,5132,,271086,1307843,,,7,210,5,|cFFFFD200Achievement: |rThe Coiled Isle Safari
present,,,,1,5133,,271106,1307875,,,7,210,0,|cFFFFD200Treasure: |rUnfortunate Scout's Satchel|n|cFFFFD200Zone: |rThe Coiled Isle
present,,,,1,5134,,271163,1307902,,,5,138,0,|cFFFFD200Discovery: |rOfi's Offerings
present,,,,1,5137,,271772,1309175,,,7,210,0,|cFFFFD200Drop:|r Big Mon|n|cFFFFD200Zone:|r The Coiled Isle|n
present,,,,1,5164,,273775,1313813,,,4,210,10,|cFFFFD200Discovery:|r Silvermoon City|n
present,,,,1,5123,,269373,1304105,,,8,82,7,|cFFFFD200Promotion:|r BlizzCon 2026
present,,,,1,5124,,269374,12243,,,8,82,7,|cFFFFD200Promotion:|r BlizzCon 2026
present,,,,1,5127,,269780,1305392,,,4,16466,7,|cFFFFD200Promotion|r|n
present,,,,1,5080,,266912,1297823,,,1,16466,9,|cFFFFD200Promotion|r|n
present,,,,1,5067,,265748,1295658,,,7,16466,9,|cFFFFD200In-Game Shop|r|n
present,,,,1,4893,,250776,1251934,,,0,16466,1,|cFFFFD200Promotion|r 
present,,,,1,4909,,254647,1262832,,,4,210,1,|cFFFFD200World Quest: |rThe Battle of the Bridge|n|cFFFFD200Zone: |rSilvermoon City
