"achievement_id","title","category_id","order_path","tree_id","description","criteria_id","criteria_type","asset_id","amount","operator"
"33","Nothing Boring About Borean","14863","0/0","63868","","39025","27","11794","1","0"
"33","Nothing Boring About Borean","14863","1/0","63870","","39026","27","11913","1","0"
"33","Nothing Boring About Borean","14863","1/1","63871","","39027","27","12035","1","0"
"33","Nothing Boring About Borean","14863","1/2","63872","","39028","27","11965","1","0"
"33","Nothing Boring About Borean","14863","2/0","63874","","347","27","11892","1","0"
"33","Nothing Boring About Borean","14863","3/0","63876","","39029","27","12728","1","0"
"33","Nothing Boring About Borean","14863","3/1","63877","","39030","27","11733","1","0"
"33","Nothing Boring About Borean","14863","3/2","63878","","39031","27","11969","1","0"
"33","Nothing Boring About Borean","14863","3/3","63879","","39032","27","11931","1","0"
"33","Nothing Boring About Borean","14863","3/4","63880","","39033","27","11914","1","0"
"33","Nothing Boring About Borean","14863","4/0","63882","","39034","27","11626","1","0"
"33","Nothing Boring About Borean","14863","4/1","63883","","39035","27","11968","1","0"
"33","Nothing Boring About Borean","14863","5/0","63885","","39036","27","11570","1","0"
"33","Nothing Boring About Borean","14863","5/1","63886","","39037","27","11569","1","0"
"33","Nothing Boring About Borean","14863","5/2","63887","","39038","27","11566","1","0"
"33","Nothing Boring About Borean","14863","5/3","63888","","39039","27","11564","1","0"
"33","Nothing Boring About Borean","14863","5/4","63889","","39040","27","11561","1","0"
"33","Nothing Boring About Borean","14863","6/0","63891","","39041","27","12088","1","0"
"33","Nothing Boring About Borean","14863","7/0","63893","","39042","27","12019","1","0"
"34","I've Toured the Fjord","14863","0/0","63719","","38976","27","11291","1","0"
"34","I've Toured the Fjord","14863","0/1","63720","","38977","27","11436","1","0"
"34","I've Toured the Fjord","14863","1/0","63722","","38975","27","11344","1","0"
"34","I've Toured the Fjord","14863","2/0","63724","","38978","27","11501","1","0"
"34","I've Toured the Fjord","14863","3/0","63726","","38979","27","11572","1","0"
"34","I've Toured the Fjord","14863","4/0","63728","","38980","27","11471","1","0"
"34","I've Toured the Fjord","14863","5/0","63730","","38981","27","11467","1","0"
"34","I've Toured the Fjord","14863","6/0","63732","","38982","27","11332","1","0"
"34","I've Toured the Fjord","14863","7/0","63734","","38983","27","11250","1","0"
"34","I've Toured the Fjord","14863","8/0","63736","","38984","27","11452","1","0"
"34","I've Toured the Fjord","14863","8/1","63737","","38985","27","11236","1","0"
"34","I've Toured the Fjord","14863","8/2","63738","","38986","27","11239","1","0"
"34","I've Toured the Fjord","14863","8/3","63739","","38987","27","11432","1","0"
"34","I've Toured the Fjord","14863","8/4","63740","","38988","27","11238","1","0"
"34","I've Toured the Fjord","14863","9/0","63742","","38989","27","11428","1","0"
"34","I've Toured the Fjord","14863","10/0","63744","","38990","27","11348","1","0"
"34","I've Toured the Fjord","14863","10/1","63745","","38991","27","11359","1","0"
"34","I've Toured the Fjord","14863","11/0","63747","","38992","27","11326","1","0"
"35","Might of Dragonblight","14863","0/0","63797","","39007","27","12169","1","0"
"35","Might of Dragonblight","14863","1/0","63799","","39008","27","12107","1","0"
"35","Might of Dragonblight","14863","2/0","63801","","39009","27","12123","1","0"
"35","Might of Dragonblight","14863","3/0","63803","","39010","27","12266","1","0"
"35","Might of Dragonblight","14863","3/1","63804","","39011","27","12459","1","0"
"35","Might of Dragonblight","14863","3/2","63805","","39012","27","12456","1","0"
"35","Might of Dragonblight","14863","3/3","63806","","39013","27","13343","1","0"
"35","Might of Dragonblight","14863","4/0","63808","","285","27","12499","1","0"
"35","Might of Dragonblight","14863","5/0","63810","","39014","27","12478","1","0"
"35","Might of Dragonblight","14863","6/0","63813","","39016","27","12078","1","0"
"35","Might of Dragonblight","14863","6/1","63814","","39017","27","12080","1","0"
"35","Might of Dragonblight","14863","7/0","63866","","39024","27","12032","1","0"
"36","The Empire of Zul'Drak","14863","0/0","63980","","39098","27","12516","1","0"
"36","The Empire of Zul'Drak","14863","1/0","64004","","39099","27","12685","1","0"
"36","The Empire of Zul'Drak","14863","2/0","64006","","39100","27","12730","1","0"
"36","The Empire of Zul'Drak","14863","3/0","64002","","5799","27","12948","1","0"
"36","The Empire of Zul'Drak","14863","4/0","63982","","39083","27","12859","1","0"
"36","The Empire of Zul'Drak","14863","4/1","63983","","39084","27","12861","1","0"
"36","The Empire of Zul'Drak","14863","4/2","63984","","39085","27","12883","1","0"
"36","The Empire of Zul'Drak","14863","5/0","63986","","39086","27","12903","1","0"
"36","The Empire of Zul'Drak","14863","5/1","63987","","39087","27","12901","1","0"
"36","The Empire of Zul'Drak","14863","5/2","63988","","39088","27","12904","1","0"
"36","The Empire of Zul'Drak","14863","5/3","63989","","39089","27","12919","1","0"
"36","The Empire of Zul'Drak","14863","6/0","63991","","5805","27","12713","1","0"
"36","The Empire of Zul'Drak","14863","7/0","63993","","39090","27","12504","1","0"
"36","The Empire of Zul'Drak","14863","7/1","63994","","39091","27","12508","1","0"
"36","The Empire of Zul'Drak","14863","7/2","63995","","39092","27","12584","1","0"
"36","The Empire of Zul'Drak","14863","7/3","63996","","39093","27","12554","1","0"
"36","The Empire of Zul'Drak","14863","7/4","63997","","39094","27","12555","1","0"
"36","The Empire of Zul'Drak","14863","7/5","63998","","39095","27","12506","1","0"
"36","The Empire of Zul'Drak","14863","7/6","63999","","39096","27","12512","1","0"
"36","The Empire of Zul'Drak","14863","7/7","64000","","39097","27","12596","1","0"
"37","Fo' Grizzle My Shizzle","14863","0/0","64027","","39108","27","12249","1","0"
"37","Fo' Grizzle My Shizzle","14863","1/0","64029","","39109","27","12153","1","0"
"37","Fo' Grizzle My Shizzle","14863","2/0","64031","","39110","27","12185","1","0"
"37","Fo' Grizzle My Shizzle","14863","3/0","64033","","39111","27","12068","1","0"
"37","Fo' Grizzle My Shizzle","14863","4/0","64035","","39112","27","12164","1","0"
"37","Fo' Grizzle My Shizzle","14863","5/0","64037","","39113","27","12152","1","0"
"38","The Summit of Storm Peaks","14863","0/0","63941","","39058","27","12822","1","0"
"38","The Summit of Storm Peaks","14863","0/1","63942","","39059","27","12824","1","0"
"38","The Summit of Storm Peaks","14863","1/0","63944","","39060","27","12867","1","0"
"38","The Summit of Storm Peaks","14863","1/1","63945","","39061","27","12868","1","0"
"38","The Summit of Storm Peaks","14863","2/0","63947","","39062","27","12872","1","0"
"38","The Summit of Storm Peaks","14863","2/1","63948","","39063","27","12928","1","0"
"38","The Summit of Storm Peaks","14863","3/0","63950","","39064","27","12965","1","0"
"38","The Summit of Storm Peaks","14863","3/1","63951","","39065","27","12978","1","0"
"38","The Summit of Storm Peaks","14863","3/2","63952","","39066","27","13007","1","0"
"38","The Summit of Storm Peaks","14863","4/0","63954","","39067","27","12973","1","0"
"38","The Summit of Storm Peaks","14863","4/1","63955","","39068","27","12876","1","0"
"38","The Summit of Storm Peaks","14863","5/0","63957","","39069","27","13426","1","0"
"38","The Summit of Storm Peaks","14863","6/0","63959","","39070","27","13058","1","0"
"38","The Summit of Storm Peaks","14863","7/0","63961","","39071","27","12972","1","0"
"38","The Summit of Storm Peaks","14863","8/0","63963","","39072","27","13064","1","0"
"38","The Summit of Storm Peaks","14863","9/0","63965","","39073","27","12976","1","0"
"38","The Summit of Storm Peaks","14863","9/1","63966","","39074","27","12987","1","0"
"38","The Summit of Storm Peaks","14863","9/2","63967","","39075","27","13001","1","0"
"38","The Summit of Storm Peaks","14863","10/0","63969","","39076","27","13047","1","0"
"39","Into the Basin","14863","0/0","63928","","39053","27","12595","1","0"
"39","Into the Basin","14863","1/0","63930","","2004","27","12614","1","0"
"39","Into the Basin","14863","2/0","63934","","39054","27","12540","1","0"
"39","Into the Basin","14863","3/0","63936","","39055","27","12581","1","0"
"39","Into the Basin","14863","4/0","63938","","39056","27","12805","1","0"
"39","Into the Basin","14863","4/1","63939","","39057","27","12561","1","0"
"39","Into the Basin","14863","5/0","65257","","39726","27","12546","1","0"
"40","Icecrown: The Final Goal","14863","0/0","64054","","39139","27","13083","1","0"
"40","Icecrown: The Final Goal","14863","1/0","64084","","39135","27","13219","1","0"
"40","Icecrown: The Final Goal","14863","2/0","64086","","39136","27","13235","1","0"
"40","Icecrown: The Final Goal","14863","3/0","64088","","39137","27","13403","1","0"
"40","Icecrown: The Final Goal","14863","3/1","64089","","39138","27","13364","1","0"
"40","Icecrown: The Final Goal","14863","4/0","64076","","39130","27","12898","1","0"
"40","Icecrown: The Final Goal","14863","4/1","64077","","39131","27","12899","1","0"
"40","Icecrown: The Final Goal","14863","5/0","64079","","39132","27","13172","1","0"
"40","Icecrown: The Final Goal","14863","5/1","64080","","39133","27","13174","1","0"
"40","Icecrown: The Final Goal","14863","6/0","64082","","39134","27","13164","1","0"
"40","Icecrown: The Final Goal","14863","7/0","64057","","39119","27","13157","1","0"
"40","Icecrown: The Final Goal","14863","8/0/0","64060","","39120","27","13298","1","0"
"40","Icecrown: The Final Goal","14863","8/0/1","64061","","39121","27","13295","1","0"
"40","Icecrown: The Final Goal","14863","8/1/0","64063","","39122","27","13278","1","0"
"40","Icecrown: The Final Goal","14863","8/1/1","64064","","39123","27","13279","1","0"
"40","Icecrown: The Final Goal","14863","9/0","64066","","39124","27","13350","1","0"
"40","Icecrown: The Final Goal","14863","9/1","64067","","39125","27","13367","1","0"
"40","Icecrown: The Final Goal","14863","10/0/0","64070","","39126","27","13338","1","0"
"40","Icecrown: The Final Goal","14863","10/0/1","64071","","39127","27","13339","1","0"
"40","Icecrown: The Final Goal","14863","10/1/0","64073","","39128","27","13316","1","0"
"40","Icecrown: The Final Goal","14863","10/1/1","64074","","39129","27","13328","1","0"
"41","Loremaster of Northrend","14863","0/0","5759","Nothing Boring About Borean","82","8","33","1","0"
"41","Loremaster of Northrend","14863","0/1","29123","Nothing Boring About Borean","5045","8","1358","1","0"
"41","Loremaster of Northrend","14863","1/0","5757","I've Toured the Fjord","83","8","34","1","0"
"41","Loremaster of Northrend","14863","1/1","29129","I've Toured the Fjord","5049","8","1356","1","0"
"41","Loremaster of Northrend","14863","2/0","5760","Might of Dragonblight","84","8","35","1","0"
"41","Loremaster of Northrend","14863","2/1","29125","Might of Dragonblight","5046","8","1359","1","0"
"41","Loremaster of Northrend","14863","3/0","5762","Fo' Grizzle My Shizzle","86","8","37","1","0"
"41","Loremaster of Northrend","14863","3/1","29127","Fo' Grizzle My Shizzle","5048","8","1357","1","0"
"41","Loremaster of Northrend","14863","4","5761","The Empire of Zul'Drak","85","8","36","1","0"
"41","Loremaster of Northrend","14863","5","5764","Into the Basin","88","8","39","1","0"
"41","Loremaster of Northrend","14863","6","5763","The Summit of Storm Peaks","87","8","38","1","0"
"41","Loremaster of Northrend","14863","7","5758","Icecrown: The Final Goal","89","8","40","1","0"
"477","Utgarde Keep","14806","1","4312","Prince Keleseth","5377","0","23953","1","0"
"477","Utgarde Keep","14806","2","4310","Skarvald the Constructor","5378","0","24200","1","0"
"477","Utgarde Keep","14806","3","4313","Dalronn the Controller","5379","0","24201","1","0"
"477","Utgarde Keep","14806","4","4311","Ingvar the Plunderer","5380","0","23980","1","0"
"478","The Nexus","14806","1","1733","Grand Magus Telestra","5381","0","26731","1","0"
"478","The Nexus","14806","2","1730","Anomalus","5382","0","26763","1","0"
"478","The Nexus","14806","3","1731","Ormorok the Tree-Shaper","5383","0","26794","1","0"
"478","The Nexus","14806","4","1732","Keristrasza","5384","0","26723","1","0"
"479","The Culling of Stratholme","14806","1","1705","Meathook","5467","0","26529","1","0"
"479","The Culling of Stratholme","14806","2","1708","Chrono-Lord Epoch","5468","0","26532","1","0"
"479","The Culling of Stratholme","14806","3","1706","Salramm the Fleshcrafter","5469","0","26530","1","0"
"479","The Culling of Stratholme","14806","4","1707","Mal'Ganis","6433","28","58630","1","0"
"480","Azjol-Nerub","14806","1","2173","Krik'thir the Gatewatcher","5436","0","28684","1","0"
"480","Azjol-Nerub","14806","2","2174","Hadronox","5437","0","28921","1","0"
"480","Azjol-Nerub","14806","3","2175","Anub'arak","5438","0","29120","1","0"
"481","Ahn'kahet: The Old Kingdom","14806","1","6282","Prince Taldaram","5439","0","29308","1","0"
"481","Ahn'kahet: The Old Kingdom","14806","2","6283","Elder Nadox","5440","0","29309","1","0"
"481","Ahn'kahet: The Old Kingdom","14806","3","6285","Jedoga Shadowseeker","5441","0","29310","1","0"
"481","Ahn'kahet: The Old Kingdom","14806","4","6284","Herald Volazj","5442","0","29311","1","0"
"482","Drak'Tharon Keep","14806","1","1749","Trollgore","5443","0","26630","1","0"
"482","Drak'Tharon Keep","14806","2","1750","Novos the Summoner","5444","0","26631","1","0"
"482","Drak'Tharon Keep","14806","3","1751","King Dred","5445","0","27483","1","0"
"482","Drak'Tharon Keep","14806","4","1752","The Prophet Tharon'ja","9098","69","61863","1","0"
"483","The Violet Hold","14806","1","1711","Cyanigosa","5447","0","31134","1","0"
"484","Gundrak","14806","1","1842","Slad'ran","5448","0","29304","1","0"
"484","Gundrak","14806","2","1843","Moorabi","5449","0","29305","1","0"
"484","Gundrak","14806","3","1840","Drakkari Colossus","5450","0","29307","1","0"
"484","Gundrak","14806","4","1841","Gal'darah","5451","0","29306","1","0"
"485","Halls of Stone","14806","1","902","Maiden of Grief","5452","0","27975","1","0"
"485","Halls of Stone","14806","2","905","The Tribunal of Ages","6935","28","59046","1","0"
"485","Halls of Stone","14806","3","903","Krystallus","5453","0","27977","1","0"
"485","Halls of Stone","14806","4","904","Sjonnir the Ironshaper","5454","0","27978","1","0"
"486","Halls of Lightning","14806","1","1012","General Bjarngrim","5455","0","28586","1","0"
"486","Halls of Lightning","14806","2","1013","Ionar","5456","0","28546","1","0"
"486","Halls of Lightning","14806","3","1015","Volkhan","5457","0","28587","1","0"
"486","Halls of Lightning","14806","4","1014","Loken","5458","0","28923","1","0"
"487","The Oculus","14806","1","2181","Drakos the Interrogator","5459","0","27654","1","0"
"487","The Oculus","14806","2","2180","Mage-Lord Urom","5460","0","27655","1","0"
"487","The Oculus","14806","3","2179","Varos Cloudstrider","5461","0","27447","1","0"
"487","The Oculus","14806","4","2178","Ley-Guardian Eregos","5462","0","27656","1","0"
"488","Utgarde Pinnacle","14806","1","3762","Skadi the Ruthless","5463","0","26693","1","0"
"488","Utgarde Pinnacle","14806","2","3761","Svala Sorrowgrave","5465","0","26668","1","0"
"488","Utgarde Pinnacle","14806","3","3764","Gortok Palehoof","5466","0","26687","1","0"
"488","Utgarde Pinnacle","14806","4","3763","King Ymiron","5464","0","26861","1","0"
"489","Heroic: Utgarde Keep","14806","1","2777","Prince Keleseth","3701","0","23953","1","0"
"489","Heroic: Utgarde Keep","14806","2","2778","Skarvald the Constructor","3702","0","24200","1","0"
"489","Heroic: Utgarde Keep","14806","3","2775","Dalronn the Controller","3703","0","24201","1","0"
"489","Heroic: Utgarde Keep","14806","4","2776","Ingvar the Plunderer","5608","0","23980","1","0"
"490","Heroic: The Nexus","14806","1","7612","Grand Magus Telestra","5245","0","26731","1","0"
"490","Heroic: The Nexus","14806","2","7615","Anomalus","5246","0","26763","1","0"
"490","Heroic: The Nexus","14806","3","7613","Ormorok the Tree-Shaper","5247","0","26794","1","0"
"490","Heroic: The Nexus","14806","4","7614","Keristrasza","5609","0","26723","1","0"
"491","Heroic: Azjol-Nerub","14806","1","897","Krik'thir the Gatewatcher","6848","0","28684","1","0"
"491","Heroic: Azjol-Nerub","14806","2","898","Hadronox","6849","0","28921","1","0"
"491","Heroic: Azjol-Nerub","14806","3","899","Anub'arak","5610","0","29120","1","0"
"492","Heroic: Ahn'kahet: The Old Kingdom","14806","1","9000","Prince Taldaram","6851","0","29308","1","0"
"492","Heroic: Ahn'kahet: The Old Kingdom","14806","2","9002","Elder Nadox","6852","0","29309","1","0"
"492","Heroic: Ahn'kahet: The Old Kingdom","14806","3","9003","Jedoga Shadowseeker","6853","0","29310","1","0"
"492","Heroic: Ahn'kahet: The Old Kingdom","14806","4","9004","Herald Volazj","5611","0","29311","1","0"
"492","Heroic: Ahn'kahet: The Old Kingdom","14806","5","9001","Amanitar","5054","0","30258","1","0"
"493","Heroic: Drak'Tharon Keep","14806","1","8385","Trollgore","6813","0","26630","1","0"
"493","Heroic: Drak'Tharon Keep","14806","2","8383","Novos the Summoner","6814","0","26631","1","0"
"493","Heroic: Drak'Tharon Keep","14806","3","8382","King Dred","6815","0","27483","1","0"
"493","Heroic: Drak'Tharon Keep","14806","4","8384","The Prophet Tharon'ja","9261","69","61863","1","0"
"494","Heroic: The Violet Hold","14806","1","121","Cyanigosa","5613","0","31134","1","0"
"495","Heroic: Gundrak","14806","1","14229","Slad'ran","6839","0","29304","1","0"
"495","Heroic: Gundrak","14806","2","14233","Moorabi","6840","0","29305","1","0"
"495","Heroic: Gundrak","14806","3","14231","Drakkari Colossus","6841","0","29307","1","0"
"495","Heroic: Gundrak","14806","4","14232","Gal'darah","5614","0","29306","1","0"
"495","Heroic: Gundrak","14806","5","14230","Eck the Ferocious","5053","0","29932","1","0"
"496","Heroic: Halls of Stone","14806","1","3138","Maiden of Grief","6856","0","27975","1","0"
"496","Heroic: Halls of Stone","14806","2","3140","Sjonnir the Ironshaper","5615","0","27978","1","0"
"496","Heroic: Halls of Stone","14806","3","3137","The Tribunal of Ages","6936","28","59046","1","0"
"496","Heroic: Halls of Stone","14806","4","3139","Krystallus","6857","0","27977","1","0"
"497","Heroic: Halls of Lightning","14806","1","2781","General Bjarngrim","6831","0","28586","1","0"
"497","Heroic: Halls of Lightning","14806","2","2783","Ionar","6832","0","28546","1","0"
"497","Heroic: Halls of Lightning","14806","3","2782","Volkhan","6833","0","28587","1","0"
"497","Heroic: Halls of Lightning","14806","4","2784","Loken","5616","0","28923","1","0"
"498","Heroic: The Oculus","14806","1","2790","Drakos the Interrogator","6859","0","27654","1","0"
"498","Heroic: The Oculus","14806","2","2787","Mage-Lord Urom","6860","0","27655","1","0"
"498","Heroic: The Oculus","14806","3","2788","Varos Cloudstrider","6861","0","27447","1","0"
"498","Heroic: The Oculus","14806","4","2789","Ley-Guardian Eregos","5617","0","27656","1","0"
"499","Heroic: Utgarde Pinnacle","14806","1","2186","Svala Sorrowgrave","6864","0","26668","1","0"
"499","Heroic: Utgarde Pinnacle","14806","2","2187","Gortok Palehoof","6865","0","26687","1","0"
"499","Heroic: Utgarde Pinnacle","14806","3","2185","Skadi the Ruthless","6863","0","26693","1","0"
"499","Heroic: Utgarde Pinnacle","14806","4","2184","King Ymiron","5618","0","26861","1","0"
"500","Heroic: The Culling of Stratholme","14806","1","5743","Meathook","6805","0","26529","1","0"
"500","Heroic: The Culling of Stratholme","14806","2","5745","Chrono-Lord Epoch","6806","0","26532","1","0"
"500","Heroic: The Culling of Stratholme","14806","3","5742","Salramm the Fleshcrafter","6807","0","26530","1","0"
"500","Heroic: The Culling of Stratholme","14806","4","5744","Mal'Ganis","6434","28","58630","1","0"
"547","Veteran of the Wrathgate","14863","1","8045","Return to Angrathar - Alliance","285","27","12499","1","0"
"547","Veteran of the Wrathgate","14863","2","8044","Return to Angrathar - Horde","286","27","12500","1","0"
"561","D.E.H.T.A's Little P.I.T.A.","14863","1","6470","Assassination of Harold Lane","347","27","11892","1","0"
"562","The Arachnid Quarter (10 player)","14922","1","1083","Anub'Rekhan","5100","0","15956","1","0"
"562","The Arachnid Quarter (10 player)","14922","2","1085","Grand Widow Faerlina","6430","0","15953","1","0"
"562","The Arachnid Quarter (10 player)","14922","3","1084","Maexxna","5102","0","15952","1","0"
"563","The Arachnid Quarter (25 player)","14922","1","1431","Anub'Rekhan","5111","0","15956","1","0"
"563","The Arachnid Quarter (25 player)","14922","2","1432","Grand Widow Faerlina","5126","0","15953","1","0"
"563","The Arachnid Quarter (25 player)","14922","3","1433","Maexxna","6405","0","15952","1","0"
"564","The Construct Quarter (10 player)","14922","1","5751","Patchwerk","5110","0","16028","1","0"
"564","The Construct Quarter (10 player)","14922","2","5754","Grobbulus","6425","0","15931","1","0"
"564","The Construct Quarter (10 player)","14922","3","5752","Gluth","5117","0","15932","1","0"
"564","The Construct Quarter (10 player)","14922","4","5753","Thaddius","5119","0","15928","1","0"
"565","The Construct Quarter (25 player)","14922","1","3084","Patchwerk","6403","0","16028","1","0"
"565","The Construct Quarter (25 player)","14922","2","3085","Grobbulus","6406","0","15931","1","0"
"565","The Construct Quarter (25 player)","14922","3","3086","Gluth","5124","0","15932","1","0"
"565","The Construct Quarter (25 player)","14922","4","3087","Thaddius","5134","0","15928","1","0"
"566","The Plague Quarter (10 player)","14922","1","8195","Noth the Plaguebringer","5104","0","15954","1","0"
"566","The Plague Quarter (10 player)","14922","2","8193","Heigan the Unclean","6426","0","15936","1","0"
"566","The Plague Quarter (10 player)","14922","3","8194","Loatheb","6428","0","16011","1","0"
"567","The Plague Quarter (25 player)","14922","1","3371","Noth the Plaguebringer","5133","0","15954","1","0"
"567","The Plague Quarter (25 player)","14922","2","3373","Heigan the Unclean","5128","0","15936","1","0"
"567","The Plague Quarter (25 player)","14922","3","3372","Loatheb","6409","0","16011","1","0"
"568","The Military Quarter (10 player)","14922","1","3205","Instructor Razuvious","5120","0","16061","1","0"
"568","The Military Quarter (10 player)","14922","2","3206","Gothik the Harvester","5108","0","16060","1","0"
"568","The Military Quarter (10 player)","14922","3","3207","The Four Horsemen","7805","28","59450","1","0"
"569","The Military Quarter (25 player)","14922","1","5807","Instructor Razuvious","6410","0","16061","1","0"
"569","The Military Quarter (25 player)","14922","2","5808","Gothik the Harvester","5125","0","16060","1","0"
"569","The Military Quarter (25 player)","14922","3","5809","The Four Horsemen","7806","28","59450","1","0"
"572","Sapphiron's Demise (10 player)","14922","1","5859","Sapphiron","5122","0","15989","1","0"
"573","Sapphiron's Demise (25 player)","14922","1","952","Sapphiron","5135","0","15989","1","0"
"574","Kel'Thuzad's Defeat (10 player)","14922","1","3878","Kel'Thuzad","5123","0","15990","1","0"
"575","Kel'Thuzad's Defeat (25 player)","14922","1","955","Kel'Thuzad","5136","0","15990","1","0"
"576","The Fall of Naxxramas (10 player)","14922","1","14874","The Arachnid Quarter","383","8","562","0","0"
"576","The Fall of Naxxramas (10 player)","14922","2","14878","The Construct Quarter","384","8","564","0","0"
"576","The Fall of Naxxramas (10 player)","14922","3","14875","The Plague Quarter","385","8","566","0","0"
"576","The Fall of Naxxramas (10 player)","14922","4","14876","The Military Quarter","386","8","568","0","0"
"576","The Fall of Naxxramas (10 player)","14922","5","14879","Sapphiron's Demise","387","8","572","0","0"
"576","The Fall of Naxxramas (10 player)","14922","6","14877","Kel'Thuzad's Defeat","388","8","574","0","0"
"577","The Fall of Naxxramas (25 player)","14922","1","8745","The Arachnid Quarter","389","8","563","0","0"
"577","The Fall of Naxxramas (25 player)","14922","2","8748","The Construct Quarter","390","8","565","0","0"
"577","The Fall of Naxxramas (25 player)","14922","3","8746","The Plague Quarter","391","8","567","0","0"
"577","The Fall of Naxxramas (25 player)","14922","4","8747","The Military Quarter","392","8","569","0","0"
"577","The Fall of Naxxramas (25 player)","14922","5","8750","Sapphiron's Demise","393","8","573","0","0"
"577","The Fall of Naxxramas (25 player)","14922","6","8749","Kel'Thuzad's Defeat","394","8","575","0","0"
"578","The Dedicated Few (10 player)","14922","1","4497","Kel'Thuzad","6802","0","15990","1","0"
"578","The Dedicated Few (10 player)","14922","2","4491","Gothik the Harvester","7157","0","16060","1","0"
"578","The Dedicated Few (10 player)","14922","3","4488","Anub'Rekhan","7146","0","15956","1","0"
"578","The Dedicated Few (10 player)","14922","4","4499","Grobbulus","7150","0","15931","1","0"
"578","The Dedicated Few (10 player)","14922","5","4489","Heigan the Unclean","7154","0","15936","1","0"
"578","The Dedicated Few (10 player)","14922","6","4500","Grand Widow Faerlina","7147","0","15953","1","0"
"578","The Dedicated Few (10 player)","14922","7","4501","Maexxna","7148","0","15952","1","0"
"578","The Dedicated Few (10 player)","14922","8","4492","Sapphiron","7158","0","15989","1","0"
"578","The Dedicated Few (10 player)","14922","9","4496","Loatheb","7155","0","16011","1","0"
"578","The Dedicated Few (10 player)","14922","10","4493","Gluth","7151","0","15932","1","0"
"578","The Dedicated Few (10 player)","14922","11","4494","Thaddius","7152","0","15928","1","0"
"578","The Dedicated Few (10 player)","14922","12","4498","Patchwerk","7149","0","16028","1","0"
"578","The Dedicated Few (10 player)","14922","13","4490","Instructor Razuvious","7156","0","16061","1","0"
"578","The Dedicated Few (10 player)","14922","14","4495","Noth the Plaguebringer","7153","0","15954","1","0"
"579","The Dedicated Few (25 player)","14922","1","4508","Anub'Rekhan","7159","0","15956","1","0"
"579","The Dedicated Few (25 player)","14922","2","4506","Heigan the Unclean","7167","0","15936","1","0"
"579","The Dedicated Few (25 player)","14922","3","4509","Grobbulus","7163","0","15931","1","0"
"579","The Dedicated Few (25 player)","14922","4","4505","Gothik the Harvester","7170","0","16060","1","0"
"579","The Dedicated Few (25 player)","14922","5","4514","Grand Widow Faerlina","7160","0","15953","1","0"
"579","The Dedicated Few (25 player)","14922","6","4516","Kel'Thuzad","7172","0","15990","1","0"
"579","The Dedicated Few (25 player)","14922","7","4507","Maexxna","7161","0","15952","1","0"
"579","The Dedicated Few (25 player)","14922","8","4515","Sapphiron","7171","0","15989","1","0"
"579","The Dedicated Few (25 player)","14922","9","4511","Loatheb","7168","0","16011","1","0"
"579","The Dedicated Few (25 player)","14922","10","4504","Gluth","7164","0","15932","1","0"
"579","The Dedicated Few (25 player)","14922","11","4517","Patchwerk","7162","0","16028","1","0"
"579","The Dedicated Few (25 player)","14922","12","4510","Thaddius","7165","0","15928","1","0"
"579","The Dedicated Few (25 player)","14922","13","4513","Instructor Razuvious","7169","0","16061","1","0"
"579","The Dedicated Few (25 player)","14922","14","4512","Noth the Plaguebringer","7166","0","15954","1","0"
"622","The Spellweaver's Downfall (10 player)","14922","1","7618","Malygos","5137","0","28859","1","0"
"623","The Spellweaver's Downfall (25 player)","14922","1","1582","Malygos","5140","0","28859","1","0"
"624","Less Is More (10 player)","14922","1","2267","Vesperon","7189","0","30449","1","0"
"624","Less Is More (10 player)","14922","2","2266","Tenebron","7190","0","30452","1","0"
"624","Less Is More (10 player)","14922","3","2268","Shadron","7191","0","30451","1","0"
"624","Less Is More (10 player)","14922","4","2269","Sartharion the Onyx Guardian","522","0","28860","1","0"
"625","Besting the Black Dragonflight (25 player)","14922","1","2272","Sartharion the Onyx Guardian","6398","0","28860","1","0"
"938","The Snows of Northrend","14863","1","6929","Post-partum Aggression","2004","27","12614","1","0"
"947","The Argent Crusade","14866","1","4304","Argent Crusade exalted","4737","46","1106","42000","0"
"949","Tuskarrmageddon","14866","1","3559","The Kalu'ak exalted","4738","46","1073","42000","0"
"950","Frenzyheart Tribe","14866","1","6217","Frenzyheart Tribe exalted","4739","46","1104","42000","0"
"951","The Oracles","14866","1","4307","The Oracles exalted","4740","46","1105","42000","0"
"952","Mercenary of Sholazar","14866","0","7355","The Oracles","2039","8","951","1","0"
"952","Mercenary of Sholazar","14866","1","7354","Frenzyheart Tribe","2040","8","950","1","0"
"961","Honorary Frenzyheart","14863","1","1196","Chicken Party!","2054","27","12702","1","0"
"961","Honorary Frenzyheart","14863","2","1202","Kartak's Rampage","2055","27","12703","1","0"
"961","Honorary Frenzyheart","14863","3","1197","Tools of War","2056","27","12759","1","0"
"961","Honorary Frenzyheart","14863","4","1199","Secret Strength of the Frenzyheart","2057","27","12760","1","0"
"961","Honorary Frenzyheart","14863","5","1201","The Heartblood's Strength","2058","27","12732","1","0"
"961","Honorary Frenzyheart","14863","6","1200","Strength of the Tempest","2059","27","12741","1","0"
"961","Honorary Frenzyheart","14863","7","1203","Rejek: First Blood","2060","27","12734","1","0"
"961","Honorary Frenzyheart","14863","8","1198","A Hero's Headgear","2061","27","12758","1","0"
"962","Savior of the Oracles","14863","1","4058","Appeasing the Great Rain Stone","2062","27","12704","1","0"
"962","Savior of the Oracles","14863","2","4051","Will of the Titans","2063","27","12705","1","0"
"962","Savior of the Oracles","14863","3","4052","Mastery of the Crystals","2064","27","12761","1","0"
"962","Savior of the Oracles","14863","4","4053","Power of the Great Ones","2065","27","12762","1","0"
"962","Savior of the Oracles","14863","5","4054","Song of Reflection","2066","27","12736","1","0"
"962","Savior of the Oracles","14863","6","4057","Song of Wind and Water","2067","27","12726","1","0"
"962","Savior of the Oracles","14863","7","4055","A Cleansing Song","2068","27","12735","1","0"
"962","Savior of the Oracles","14863","8","4056","Song of Fecundity","2069","27","12737","1","0"
"1007","The Wyrmrest Accord","14866","1","8379","Exalted with Wyrmrest Accord","4741","46","1091","42000","0"
"1008","The Kirin Tor","14866","1","664","Exalted with Kirin Tor","4742","46","1090","42000","0"
"1009","Knights of the Ebon Blade","14866","1","6675","Exalted with Knights of the Ebon Blade","4743","46","1098","42000","0"
"1010","Northrend Vanguard","14866","0","7010","The Argent Crusade","4737","46","1106","42000","0"
"1010","Northrend Vanguard","14866","1","7012","The Wyrmrest Accord","4741","46","1091","42000","0"
"1010","Northrend Vanguard","14866","2","7011","The Kirin Tor","4742","46","1090","42000","0"
"1010","Northrend Vanguard","14866","3","7009","Knights of the Ebon Blade","4743","46","1098","42000","0"
"1011","The Winds of the North","14866","0","4731","Exalted with Horde Expedition","2422","46","1052","42000","0"
"1012","The Winds of the North","14866","0","8072","Exalted with Alliance Vanguard","2425","46","1037","42000","0"
"1263","Explore Howling Fjord","14780","1","3646","Kamagua","4136","43","1559","0","0"
"1263","Explore Howling Fjord","14780","2","3650","Cauldros Isle","4137","43","1493","0","0"
"1263","Explore Howling Fjord","14780","3","3632","Camp Winterhoof","4138","43","1495","0","0"
"1263","Explore Howling Fjord","14780","4","3647","Apothecary Camp","4139","43","1496","0","0"
"1263","Explore Howling Fjord","14780","5","3648","Vengeance Landing","4140","43","1498","0","0"
"1263","Explore Howling Fjord","14780","6","3642","Steel Gate","4141","43","1500","0","0"
"1263","Explore Howling Fjord","14780","7","3643","Scalawag Point","4142","43","1502","0","0"
"1263","Explore Howling Fjord","14780","8","3634","Nifflevar","4143","43","1503","0","0"
"1263","Explore Howling Fjord","14780","9","3631","Gjalerbron","4144","43","1505","0","0"
"1263","Explore Howling Fjord","14780","10","3635","Ember Clutch","4146","43","1508","0","0"
"1263","Explore Howling Fjord","14780","11","3633","Giant's Run","4147","43","1509","0","0"
"1263","Explore Howling Fjord","14780","12","3649","Fort Wildervar","4148","43","1510","0","0"
"1263","Explore Howling Fjord","14780","13","3636","Ivald's Ruin","4149","43","1512","0","0"
"1263","Explore Howling Fjord","14780","14","3637","Halgrind","4150","43","1513","0","0"
"1263","Explore Howling Fjord","14780","15","3644","New Agamand","4151","43","1515","0","0"
"1263","Explore Howling Fjord","14780","16","3638","Skorn","4152","43","1517","0","0"
"1263","Explore Howling Fjord","14780","17","3639","The Twisted Glade","4153","43","1518","0","0"
"1263","Explore Howling Fjord","14780","18","3640","Utgarde Keep","4154","43","1520","0","0"
"1263","Explore Howling Fjord","14780","19","3630","Westguard Keep","4155","43","1522","0","0"
"1263","Explore Howling Fjord","14780","20","3645","Baelgun's Excavation Site","4157","43","1526","0","0"
"1263","Explore Howling Fjord","14780","21","3641","Baleheim","4158","43","1527","0","0"
"1264","Explore Borean Tundra","14780","1","228","Temple City of En'kilah","4122","43","1462","0","0"
"1264","Explore Borean Tundra","14780","2","234","Steeljaw's Caravan","4123","43","1464","0","0"
"1264","Explore Borean Tundra","14780","3","232","Riplash Strand","4124","43","1467","0","0"
"1264","Explore Borean Tundra","14780","4","235","Kaskala","4125","43","1469","0","0"
"1264","Explore Borean Tundra","14780","5","230","Garrosh's Landing","4126","43","1473","0","0"
"1264","Explore Borean Tundra","14780","6","236","Death's Stand","4127","43","1475","0","0"
"1264","Explore Borean Tundra","14780","7","240","Coldarra","4128","43","1476","0","0"
"1264","Explore Borean Tundra","14780","8","231","Bor'gorok Outpost","4129","43","1480","0","0"
"1264","Explore Borean Tundra","14780","9","237","Amber Ledge","4130","43","1483","0","0"
"1264","Explore Borean Tundra","14780","10","238","Warsong Hold","4131","43","1484","0","0"
"1264","Explore Borean Tundra","14780","11","239","Valiance Keep","4132","43","1485","0","0"
"1264","Explore Borean Tundra","14780","12","229","The Geyser Fields","4134","43","1487","0","0"
"1264","Explore Borean Tundra","14780","13","233","The Dens of the Dying","4135","43","1488","0","0"
"1265","Explore Dragonblight","14780","1","4738","Galakrond's Rest","4159","43","1501","0","0"
"1265","Explore Dragonblight","14780","2","4741","Lake Indu'le","4160","43","1497","0","0"
"1265","Explore Dragonblight","14780","3","4749","Obsidian Dragonshrine","4162","43","1490","0","0"
"1265","Explore Dragonblight","14780","4","4742","New Hearthglen","4163","43","1491","0","0"
"1265","Explore Dragonblight","14780","5","4743","Naxxramas","4164","43","1492","0","0"
"1265","Explore Dragonblight","14780","6","4744","Light's Trust","4165","43","1494","0","0"
"1265","Explore Dragonblight","14780","7","4737","Icemist Village","4166","43","1499","0","0"
"1265","Explore Dragonblight","14780","8","4740","Emerald Dragonshrine","4167","43","1504","0","0"
"1265","Explore Dragonblight","14780","9","4745","Coldwind Heights","4168","43","1506","0","0"
"1265","Explore Dragonblight","14780","10","4746","Angrathar the Wrath Gate","4170","43","1514","0","0"
"1265","Explore Dragonblight","14780","11","4734","Agmar's Hammer","4171","43","1516","0","0"
"1265","Explore Dragonblight","14780","12","4750","Wyrmrest Temple","4172","43","1519","0","0"
"1265","Explore Dragonblight","14780","13","4739","Westwind Refugee Camp","4173","43","1521","0","0"
"1265","Explore Dragonblight","14780","14","4747","Venomspite","4174","43","1523","0","0"
"1265","Explore Dragonblight","14780","15","4735","The Forgotten Shore","4175","43","1525","0","0"
"1265","Explore Dragonblight","14780","16","4736","The Crystal Vice","4176","43","1528","0","0"
"1265","Explore Dragonblight","14780","17","4748","Scarlet Point","4177","43","1529","0","0"
"1266","Explore Grizzly Hills","14780","1","499","Conquest Hold","4178","43","1463","0","0"
"1266","Explore Grizzly Hills","14780","2","496","Drak'Tharon Keep","4179","43","1465","0","0"
"1266","Explore Grizzly Hills","14780","3","500","Drakil'jin Ruins","4180","43","1466","0","0"
"1266","Explore Grizzly Hills","14780","4","501","Dun Argol","4181","43","1468","0","0"
"1266","Explore Grizzly Hills","14780","5","494","Granite Springs","4182","43","1470","0","0"
"1266","Explore Grizzly Hills","14780","6","502","Grizzlemaw","4183","43","1471","0","0"
"1266","Explore Grizzly Hills","14780","7","503","Rage Fang Shrine","4184","43","1472","0","0"
"1266","Explore Grizzly Hills","14780","8","504","Thor Modan","4185","43","1474","0","0"
"1266","Explore Grizzly Hills","14780","9","505","Venture Bay","4186","43","1477","0","0"
"1266","Explore Grizzly Hills","14780","10","493","Voldrune","4187","43","1478","0","0"
"1266","Explore Grizzly Hills","14780","11","497","Amberpine Lodge","4188","43","1479","0","0"
"1266","Explore Grizzly Hills","14780","12","498","Blue Sky Logging Grounds","4189","43","1481","0","0"
"1266","Explore Grizzly Hills","14780","13","495","Camp Oneqwah","4190","43","1482","0","0"
"1266","Explore Grizzly Hills","14780","14","506","Westfall Brigade Encampment","4191","43","1558","0","0"
"1267","Explore Zul'Drak","14780","1","4136","Gundrak","4192","43","1530","0","0"
"1267","Explore Zul'Drak","14780","2","4143","Drak'Sotra Fields","4193","43","1531","0","0"
"1267","Explore Zul'Drak","14780","3","4139","Ampitheater of Anguish","4194","43","1532","0","0"
"1267","Explore Zul'Drak","14780","4","4144","Altar of Sseratus","4195","43","1533","0","0"
"1267","Explore Zul'Drak","14780","5","4145","Altar of Rhunok","4196","43","1534","0","0"
"1267","Explore Zul'Drak","14780","6","4142","Altar of Quetz'lun","4197","43","1535","0","0"
"1267","Explore Zul'Drak","14780","7","4146","Altar of Mam'toth","4198","43","1536","0","0"
"1267","Explore Zul'Drak","14780","8","4138","Altar of Har'koa","4199","43","1537","0","0"
"1267","Explore Zul'Drak","14780","9","4140","Zim'Torga","4200","43","1538","0","0"
"1267","Explore Zul'Drak","14780","10","4141","Zeramas","4201","43","1539","0","0"
"1267","Explore Zul'Drak","14780","11","4137","Voltarus","4202","43","1540","0","0"
"1267","Explore Zul'Drak","14780","12","4147","Thrym's End","4203","43","1541","0","0"
"1267","Explore Zul'Drak","14780","13","4148","Light's Breach","4204","43","1542","0","0"
"1267","Explore Zul'Drak","14780","14","4149","Kolramas","4205","43","1543","0","0"
"1268","Explore Sholazar Basin","14780","1","5311","River's Heart","4206","43","1544","0","0"
"1268","Explore Sholazar Basin","14780","2","5315","The Savage Thicket","4207","43","1545","0","0"
"1268","Explore Sholazar Basin","14780","3","5316","The Mosslight Pillar","4208","43","1546","0","0"
"1268","Explore Sholazar Basin","14780","4","5314","Makers' Overlook","4209","43","1547","0","0"
"1268","Explore Sholazar Basin","14780","5","5313","Makers' Perch","4210","43","1548","0","0"
"1268","Explore Sholazar Basin","14780","6","5309","The Suntouched Pillar","4211","43","1549","0","0"
"1268","Explore Sholazar Basin","14780","7","5317","Rainspeaker Canopy","4212","43","1550","0","0"
"1268","Explore Sholazar Basin","14780","8","5308","The Lifeblood Pillar","4213","43","1551","0","0"
"1268","Explore Sholazar Basin","14780","9","5312","The Avalanche","4214","43","1552","0","0"
"1268","Explore Sholazar Basin","14780","10","5310","The Glimmering Pillar","4215","43","1553","0","0"
"1268","Explore Sholazar Basin","14780","11","5318","Kartak's Hold","4217","43","1555","0","0"
"1268","Explore Sholazar Basin","14780","12","5319","The Stormwright's Shelf","4218","43","1556","0","0"
"1269","Explore Storm Peaks","14780","1","6290","Brunnhildar Village","5843","43","1579","0","0"
"1269","Explore Storm Peaks","14780","2","6300","Narvir's Cradle","5844","43","1590","0","0"
"1269","Explore Storm Peaks","14780","3","6303","Dun Niffelem","5845","43","1576","0","0"
"1269","Explore Storm Peaks","14780","4","6293","Bor's Breath","5846","43","1580","0","0"
"1269","Explore Storm Peaks","14780","5","6291","Valkyrion","5847","43","1581","0","0"
"1269","Explore Storm Peaks","14780","6","6289","Terrace of the Makers","5848","43","1584","0","0"
"1269","Explore Storm Peaks","14780","7","6301","Sparksocket Minefield","5849","43","1587","0","0"
"1269","Explore Storm Peaks","14780","8","6294","Engine of the Makers","5850","43","1593","0","0"
"1269","Explore Storm Peaks","14780","9","6302","Temple of Life","5851","43","1577","0","0"
"1269","Explore Storm Peaks","14780","10","6295","Ulduar","5852","43","1582","0","0"
"1269","Explore Storm Peaks","14780","11","6296","Thunderfall","5853","43","1583","0","0"
"1269","Explore Storm Peaks","14780","12","6292","Temple of Storms","5854","43","1585","0","0"
"1269","Explore Storm Peaks","14780","13","6297","Snowdrift Plains","5855","43","1588","0","0"
"1269","Explore Storm Peaks","14780","14","6298","Garm's Bane","5856","43","1591","0","0"
"1269","Explore Storm Peaks","14780","15","6299","Frosthold","5857","43","1592","0","0"
"1269","Explore Storm Peaks","14780","16","6288","Nidavelir","5858","43","1589","0","0"
"1270","Explore Icecrown","14780","1","3484","The Bombardment","5859","43","1596","0","0"
"1270","Explore Icecrown","14780","2","3496","Icecrown Citadel","5860","43","1563","0","0"
"1270","Explore Icecrown","14780","3","3498","Onslaught Harbor","5861","43","1564","0","0"
"1270","Explore Icecrown","14780","4","3488","The Broken Front","5862","43","1568","0","0"
"1270","Explore Icecrown","14780","5","3489","The Fleshwerks","5863","43","1570","0","0"
"1270","Explore Icecrown","14780","6","3497","Aldur'thar: The Desolation Gate","5864","43","1572","0","0"
"1270","Explore Icecrown","14780","7","3486","Sindragosa's Fall","5865","43","1566","0","0"
"1270","Explore Icecrown","14780","8","3487","Valhalas","5866","43","1573","0","0"
"1270","Explore Icecrown","14780","9","3490","Valley of Echoes","5867","43","1574","0","0"
"1270","Explore Icecrown","14780","10","3491","Ymirheim","5868","43","1575","0","0"
"1270","Explore Icecrown","14780","11","3492","The Conflagration","5869","43","1594","0","0"
"1270","Explore Icecrown","14780","12","3485","Corp'rethar: The Horror Gate","5871","43","1561","0","0"
"1270","Explore Icecrown","14780","13","3493","Jotunheim","5872","43","1562","0","0"
"1270","Explore Icecrown","14780","14","3494","Scourgeholme","5873","43","1565","0","0"
"1270","Explore Icecrown","14780","15","3495","The Shadow Vault","5874","43","1571","0","0"
"1277","Rapid Defense","14863","1","4757","Defending Wyrmrest Temple","3924","27","12372","1","0"
"1296","Watch Him Die","14806","1","4445","Krik'thir the Gatewatcher","4240","0","28684","1","0"
"1297","Hadronox Denied","14806","1","10727","Hadronox","4244","0","28921","1","0"
"1356","I've Toured the Fjord","14863","0/0","63751","","38993","27","11234","1","0"
"1356","I've Toured the Fjord","14863","1/0","63753","","38994","27","12481","1","0"
"1356","I've Toured the Fjord","14863","2/0","63755","","38995","27","11307","1","0"
"1356","I've Toured the Fjord","14863","3/0","63771","","38979","27","11572","1","0"
"1356","I've Toured the Fjord","14863","4/0","63773","","38980","27","11471","1","0"
"1356","I've Toured the Fjord","14863","5/0","63775","","38981","27","11467","1","0"
"1356","I've Toured the Fjord","14863","6/0","63777","","38996","27","11310","1","0"
"1356","I've Toured the Fjord","14863","7/0","63779","","38989","27","11428","1","0"
"1356","I've Toured the Fjord","14863","8/0","63781","","38997","27","11352","1","0"
"1356","I've Toured the Fjord","14863","8/1","63782","","38998","27","11367","1","0"
"1356","I've Toured the Fjord","14863","9/0","63784","","38999","27","11261","1","0"
"1356","I've Toured the Fjord","14863","10/0","63786","","39001","27","11264","1","0"
"1356","I've Toured the Fjord","14863","10/1","63787","","39002","27","11268","1","0"
"1356","I've Toured the Fjord","14863","10/2","63790","","39003","27","11433","1","0"
"1356","I've Toured the Fjord","14863","10/3","63791","","39004","27","11453","1","0"
"1356","I've Toured the Fjord","14863","10/4","63792","","39005","27","11267","1","0"
"1356","I've Toured the Fjord","14863","11/0","63789","","39000","27","11324","1","0"
"1357","Fo' Grizzle My Shizzle","14863","0/0","64039","","39114","27","12236","1","0"
"1357","Fo' Grizzle My Shizzle","14863","1/0","64041","","39115","27","12431","1","0"
"1357","Fo' Grizzle My Shizzle","14863","2/0","64043","","39116","27","12199","1","0"
"1357","Fo' Grizzle My Shizzle","14863","3/0","64045","","39117","27","12203","1","0"
"1357","Fo' Grizzle My Shizzle","14863","4/0","64047","","39112","27","12164","1","0"
"1357","Fo' Grizzle My Shizzle","14863","5/0","64049","","39111","27","12068","1","0"
"1357","Fo' Grizzle My Shizzle","14863","6/0","64051","","39113","27","12152","1","0"
"1358","Nothing Boring About Borean","14863","0/0","63895","","39043","27","11638","1","0"
"1358","Nothing Boring About Borean","14863","1/0","63897","","39044","27","11652","1","0"
"1358","Nothing Boring About Borean","14863","2/0","63899","","39045","27","11705","1","0"
"1358","Nothing Boring About Borean","14863","3/0","63901","","347","27","11892","1","0"
"1358","Nothing Boring About Borean","14863","4/0","63903","","39029","27","12728","1","0"
"1358","Nothing Boring About Borean","14863","4/1","63904","","39030","27","11733","1","0"
"1358","Nothing Boring About Borean","14863","4/2","63905","","39031","27","11969","1","0"
"1358","Nothing Boring About Borean","14863","4/3","63906","","39032","27","11931","1","0"
"1358","Nothing Boring About Borean","14863","4/4","63907","","39033","27","11914","1","0"
"1358","Nothing Boring About Borean","14863","5/0","63909","","39034","27","11626","1","0"
"1358","Nothing Boring About Borean","14863","5/1","63910","","39035","27","11968","1","0"
"1358","Nothing Boring About Borean","14863","6/0","63912","","39036","27","11570","1","0"
"1358","Nothing Boring About Borean","14863","6/1","63913","","39037","27","11569","1","0"
"1358","Nothing Boring About Borean","14863","6/2","63914","","39038","27","11566","1","0"
"1358","Nothing Boring About Borean","14863","6/3","63915","","39039","27","11564","1","0"
"1358","Nothing Boring About Borean","14863","6/4","63916","","39040","27","11561","1","0"
"1358","Nothing Boring About Borean","14863","7/0","63918","","39046","27","11916","1","0"
"1358","Nothing Boring About Borean","14863","8/0","63920","","39047","27","11689","1","0"
"1358","Nothing Boring About Borean","14863","8/1","63921","","39048","27","11906","1","0"
"1358","Nothing Boring About Borean","14863","8/2","63922","","39049","27","11907","1","0"
"1358","Nothing Boring About Borean","14863","8/3","63923","","39050","27","11909","1","0"
"1358","Nothing Boring About Borean","14863","8/4","63924","","39051","27","11706","1","0"
"1358","Nothing Boring About Borean","14863","9/0","63926","","39052","27","11930","1","0"
"1359","Might of Dragonblight","14863","0/0","63818","","39018","27","12008","1","0"
"1359","Might of Dragonblight","14863","1/0","63855","","39021","27","12136","1","0"
"1359","Might of Dragonblight","14863","2/0","63820","","39019","27","12110","1","0"
"1359","Might of Dragonblight","14863","3/0","63854","","39022","27","12111","1","0"
"1359","Might of Dragonblight","14863","4/0","63853","","286","27","12500","1","0"
"1359","Might of Dragonblight","14863","5/0","63839","","39020","27","12124","1","0"
"1359","Might of Dragonblight","14863","6/0","63841","","39010","27","12266","1","0"
"1359","Might of Dragonblight","14863","6/1","63842","","39011","27","12459","1","0"
"1359","Might of Dragonblight","14863","6/2","63843","","39012","27","12456","1","0"
"1359","Might of Dragonblight","14863","6/3","63844","","39013","27","13343","1","0"
"1359","Might of Dragonblight","14863","7/0","63861","","39016","27","12078","1","0"
"1359","Might of Dragonblight","14863","7/1","63862","","39017","27","12080","1","0"
"1359","Might of Dragonblight","14863","8/0","63858","","39023","27","12285","1","0"
"1359","Might of Dragonblight","14863","9/0","63864","","39024","27","12032","1","0"
"1428","Mine Sweeper","14863","1","4939","Landmine Knockback","5258","29","57064","1","0"
"1457","Explore Crystalsong Forest","14780","1","5279","The Azure Front","5290","43","1597","0","0"
"1457","Explore Crystalsong Forest","14780","2","5276","The Decrepit Flow","5291","43","1598","0","0"
"1457","Explore Crystalsong Forest","14780","3","5278","Sunreaver's Command","5292","43","1599","0","0"
"1457","Explore Crystalsong Forest","14780","4","5277","Forlorn Woods","5293","43","1600","0","0"
"1457","Explore Crystalsong Forest","14780","5","5275","Windrunner's Overlook","5294","43","1601","0","0"
"1457","Explore Crystalsong Forest","14780","6","5273","The Great Tree","5295","43","1603","0","0"
"1457","Explore Crystalsong Forest","14780","7","5274","Violet Stand","5296","43","1602","0","0"
"1457","Explore Crystalsong Forest","14780","8","5272","The Unbound Thicket","5297","43","1604","0","0"
"1596","Guru of Drakuru","14863","0","5240","Cleansing Drak'Tharon","5804","27","30120","1","0"
"1596","Guru of Drakuru","14863","1","5241","Betrayal","5805","27","12713","1","0"
"1717","Wintergrasp Victory","14901","1","9685","Win Wintergrasp","6436","28","56902","1","0"
"1718","Wintergrasp Veteran","14901","1","3767","Win Wintergrasp 100 times","6436","28","56902","100","0"
"1721","Archavon the Stone Watcher (25 player)","14901","1","13723","Archavon the Stone Watcher","8745","0","31125","1","0"
"1722","Archavon the Stone Watcher (10 player)","14901","1","16415","Archavon the Stone Watcher","8744","0","31125","1","0"
"1723","Vehicular Gnomeslaughter","14901","1","14239","Vehicle","7704","70","0","100","0"
"1723","Vehicular Gnomeslaughter","14901","2","14236","Cannon","7705","70","0","100","0"
"1723","Vehicular Gnomeslaughter","14901","3","14240","Shredder","7706","70","0","100","0"
"1723","Vehicular Gnomeslaughter","14901","4","14237","Fighter","7707","70","0","100","0"
"1723","Vehicular Gnomeslaughter","14901","5","14238","Bomber","7708","70","0","100","0"
"1727","Leaning Tower","14901","1","7737","Destroy a tower","9060","28","20723","1","0"
"1727","Leaning Tower","14901","2","7736","Destroy a tower","9061","28","60676","1","0"
"1737","Destruction Derby","14901","1","14642","Wintergrasp Catapult","9178","0","27881","1","0"
"1737","Destruction Derby","14901","2","14645","Wintergrasp Demolisher","9179","0","28094","1","0"
"1737","Destruction Derby","14901","3","14643","Wintergrasp Siege Engine","6444","0","32627","1","0"
"1737","Destruction Derby","14901","4","14644","Wintergrasp Tower Cannon","9181","0","28366","1","0"
"1751","Didn't Stand a Chance","14901","1","12616","Kill 20 mounted players using a tower cannon","7703","70","0","20","0"
"1752","Master of Wintergrasp","14901","0","14247","Wintergrasp Veteran","9758","8","1718","0","0"
"1752","Master of Wintergrasp","14901","1","14249","Within Our Grasp","9759","8","1755","0","0"
"1752","Master of Wintergrasp","14901","2","14255","Wintergrasp Ranger","9760","8","2199","0","0"
"1752","Master of Wintergrasp","14901","3","14253","Black War Mammoth","9761","8","2080","0","0"
"1752","Master of Wintergrasp","14901","4","14250","Archavon the Stone Watcher","9765","8","1722","0","0"
"1752","Master of Wintergrasp","14901","5","14248","Heroic: Archavon the Stone Watcher","9766","8","1721","0","0"
"1752","Master of Wintergrasp","14901","6/0","14252","Destruction Derby","7732","8","1737","0","0"
"1752","Master of Wintergrasp","14901","6/1","29107","Destruction Derby","9767","8","2476","0","0"
"1752","Master of Wintergrasp","14901","7","14256","Vehicular Gnomeslaughter","9769","8","1723","0","0"
"1752","Master of Wintergrasp","14901","8","14254","Leaning Tower","9770","8","1727","0","0"
"1752","Master of Wintergrasp","14901","9","14251","Didn't Stand a Chance","9771","8","1751","0","0"
"1755","Within Our Grasp","14901","1","14262","Attack Wintergrasp and succeed in 10 minutes or less.","7666","28","56902","1","0"
"1816","Defenseless","14806","1","16972","Cyanigosa","6803","0","31134","1","0"
"1817","The Culling of Time","14806","1","14522","Infinite Corruptor","7494","0","32273","1","0"
"1834","Lightning Struck","14806","1","9100","General Bjarngrim","6835","0","28586","1","0"
"1856","Make Quick Werk of Him (10 player)","14922","1","1276","Patchwerk","7126","0","16028","1","0"
"1857","Make Quick Werk of Him (25 player)","14922","1","9734","Patchwerk","7127","0","16028","1","0"
"1858","Arachnophobia (10 player)","14922","1","6651","Kill Maexxna within 20 minutes of Anub'Rekhan's death.","7128","0","15952","1","0"
"1859","Arachnophobia (25 player)","14922","1","10724","Kill Maexxna within 20 minutes of Anub'Rekhan's death.","7129","0","15952","1","0"
"1860","Gotta Go!","14806","1","16571","Kill Anub'arak in 4 minutes or less.","7130","0","29120","1","0"
"1862","Volazj's Quick Demise","14806","1","14987","Kill Herald Volazj on Heroic Difficulty in 2 minutes or less.","7133","0","29311","1","0"
"1864","What the Eck?","14806","1","11274","Kill Gal'darah while under the effects of Eck Residue.","7136","0","29306","1","0"
"1865","Lockdown!","14806","1","10999","Xevozz","7137","0","29266","1","0"
"1865","Lockdown!","14806","2","11002","Lavanthor","7138","0","29312","1","0"
"1865","Lockdown!","14806","3","11000","Ichoron","7139","0","29313","1","0"
"1865","Lockdown!","14806","4","10997","Zuramat the Obliterator","7140","0","29314","1","0"
"1865","Lockdown!","14806","5","11001","Erekem","7141","0","29315","1","0"
"1865","Lockdown!","14806","6","10998","Moragg","7142","0","29316","1","0"
"1866","Good Grief","14806","1","8854","Kill the Maiden of Grief in 1 minute or less.","7143","0","27975","1","0"
"1867","Timely Death","14806","1","12967","Kill Loken on Heroic Difficulty in 2 minutes or less.","7144","0","28923","1","0"
"1868","Make It Count","14806","1","11214","Kill Ley-Guardian Eregos within 20 minutes of Drakos the Interrogator's death.","7145","0","27656","1","0"
"1869","A Poke in the Eye (10 player)","14922","1","11005","Defeat Malygos with fewer than 9","7174","0","28859","1","0"
"1870","A Poke in the Eye (25 player)","14922","1","13993","Defeat Malygos with fewer than 21","7175","0","28859","1","0"
"1871","Experienced Drake Rider","14806","1","10558","Amber Drake","7177","0","27656","1","0"
"1871","Experienced Drake Rider","14806","2","10559","Emerald Drake","7178","0","27656","1","0"
"1871","Experienced Drake Rider","14806","3","10557","Ruby Drake","7179","0","27656","1","0"
"1872","Zombiefest!","14806","0","13754","Kill 100 Risen Zombies in 1 minute","7180","0","27737","100","0"
"1873","Lodi Dodi We Loves the Skadi","14806","1","9013","Kill Skadi the Ruthless on Heroic Difficulty within 3 minutes of starting the guantlet event","7181","0","26693","1","0"
"1874","You Don't Have an Eternity (10 player)","14922","1","9043","Malygos","7182","0","28859","1","0"
"1875","You Don't Have an Eternity (25 player)","14922","1","16975","Malygos","7183","0","28859","1","0"
"1876","Besting the Black Dragonflight (10 player)","14922","1","8989","Sartharion the Onyx Guardian","5138","0","28860","1","0"
"1877","Less Is More (25 player)","14922","1","10135","Vesperon","7185","0","30449","1","0"
"1877","Less Is More (25 player)","14922","2","10136","Tenebron","7188","0","30452","1","0"
"1877","Less Is More (25 player)","14922","3","10134","Shadron","7187","0","30451","1","0"
"1877","Less Is More (25 player)","14922","4","10137","Sartharion the Onyx Guardian","7186","0","28860","1","0"
"1919","On The Rocks","14806","1","9865","Defeat Prince Keleseth on Heroic Difficulty without shattering any Frost Tombs","7231","0","23953","1","0"
"1956","Higher Learning","14780","1","9035","The Schools of Arcane Magic - Introduction","7236","68","192708","1","0"
"1956","Higher Learning","14780","2","9030","The Schools of Arcane Magic - Abjuration","7237","68","192709","1","0"
"1956","Higher Learning","14780","3","9037","The Schools of Arcane Magic - Conjuration","7238","68","192710","1","0"
"1956","Higher Learning","14780","4","9034","The Schools of Arcane Magic - Divination","7239","68","192711","1","0"
"1956","Higher Learning","14780","5","9031","The Schools of Arcane Magic - Enchantment","7240","68","192713","1","0"
"1956","Higher Learning","14780","6","9032","The Schools of Arcane Magic - Illusion","7241","68","192865","1","0"
"1956","Higher Learning","14780","7","9033","The Schools of Arcane Magic - Necromancy","7242","68","192866","1","0"
"1956","Higher Learning","14780","8","9036","The Schools of Arcane Magic - Transmutation","7243","68","192867","1","0"
"1996","The Safety Dance (10 player)","14922","1","15197","Defeat Heigan the Unclean without anyone in the raid dying.","7264","0","15936","1","0"
"1997","Momma Said Knock You Out (10 player)","14922","1","8742","Defeat Grand Widow Faerlina without dispelling or preventing frenzy.","7265","0","15953","1","0"
"2036","Intense Cold","14806","1","9016","Keristrasza","7315","0","26723","1","0"
"2037","Chaos Theory","14806","1","10125","Anomalus","7316","0","26763","1","0"
"2038","Respect Your Elders","14806","1","8739","Elder Nadox","7317","0","29309","1","0"
"2039","Better Off Dred","14806","1","12625","King Dred","7318","0","27483","1","0"
"2040","Less-rabi","14806","1","14322","Moorabi","7319","0","29305","1","0"
"2041","Dehydration","14806","1","14951","Ichoron","7320","0","29313","1","0"
"2042","Shatter Resistant","14806","1","16875","Volkhan","7321","0","28587","1","0"
"2043","The Incredible Hulk","14806","0","14677","Scourge Hulk","7322","0","26555","1","0"
"2043","The Incredible Hulk","14806","1","43420","","27942","28","182814","1","0"
"2044","Ruby Void","14806","1","8753","Ley-Guardian Eregos","7323","0","27656","1","0"
"2045","Emerald Void","14806","1","14721","Ley-Guardian Eregos","7324","0","27656","1","0"
"2046","Amber Void","14806","1","5104","Ley-Guardian Eregos","7325","0","27656","1","0"
"2047","Gonna Go When the Volcano Blows (10 player)","14922","1","6211","Sartharion the Onyx Guardian","7326","0","28860","1","0"
"2048","Gonna Go When the Volcano Blows (25 player)","14922","1","13734","Sartharion the Onyx Guardian","7327","0","28860","1","0"
"2049","Twilight Assist (10 player)","14922","1","5568","Sartharion the Onyx Guardian","7328","0","28860","1","0"
"2050","Twilight Duo (10 player)","14922","1","8851","Sartharion the Onyx Guardian","7329","0","28860","1","0"
"2051","The Twilight Zone (10 player)","14922","1","12654","Sartharion the Onyx Guardian","7330","0","28860","1","0"
"2052","Twilight Assist (25 player)","14922","1","14671","Sartharion the Onyx Guardian","7331","0","28860","1","0"
"2053","Twilight Duo (25 player)","14922","1","8839","Sartharion the Onyx Guardian","7332","0","28860","1","0"
"2054","The Twilight Zone (25 player)","14922","1","14972","Sartharion the Onyx Guardian","7333","0","28860","1","0"
"2056","Volunteer Work","14806","1","9946","Jedoga Shadowseeker","7359","0","29310","1","0"
"2057","Oh Novos!","14806","1","9007","Novos the Summoner","7361","0","26631","1","0"
"2058","Snakes. Why'd It Have To Be Snakes?","14806","1","12409","Slad'ran","7363","0","29304","1","0"
"2080","Black War Mammoth","14901","1","11045","Black War Mammoth","7387","34","59788","0","0"
"2080","Black War Mammoth","14901","2","11044","Black War Mammoth","7388","34","59785","0","0"
"2082","Ice Mammoth","14866","1","10343","Ice Mammoth","7393","36","44080","1","0"
"2082","Ice Mammoth","14866","2","10344","Ice Mammoth","7394","36","43958","1","0"
"2082","Ice Mammoth","14866","3","10345","Ice Mammoth","7395","34","59799","0","0"
"2082","Ice Mammoth","14866","4","10342","Ice Mammoth","7396","34","59797","0","0"
"2083","Grand Ice Mammoth","14866","1","126","Grand Ice Mammoth","7397","36","44086","1","0"
"2083","Grand Ice Mammoth","14866","2","127","Grand Ice Mammoth","7398","36","43961","1","0"
"2083","Grand Ice Mammoth","14866","3","124","Grand Ice Mammoth","7399","34","59804","0","0"
"2083","Grand Ice Mammoth","14866","4","125","Grand Ice Mammoth","7400","34","59802","0","0"
"2139","The Safety Dance (25 player)","14922","1","9731","Defeat Heigan the Unclean without anyone in the raid dying.","7548","0","15936","1","0"
"2140","Momma Said Knock You Out (25 player)","14922","1","10609","Defeat Grand Widow Faerlina without dispelling or preventing frenzy.","7549","0","15953","1","0"
"2146","The Hundred Club (10 player)","14922","1","13777","The Hundred Club","7567","0","15989","1","0"
"2147","The Hundred Club (25 player)","14922","1","14733","Sapphiron","7568","0","15989","1","0"
"2148","Denyin' the Scion (10 player)","14922","1","10685","Deliver a killing blow to a Scion of Eternity while riding on a hover disk","7573","56","0","1","0"
"2149","Denyin' the Scion (25 player)","14922","1","14652","Deliver a killing blow to a Scion of Eternity while riding on a hover disk","7574","56","0","1","0"
"2150","Split Personality","14806","1","9801","Grand Magus Telestra","7577","0","26731","1","0"
"2151","Consumption Junction","14806","1","13068","Trollgore","7579","0","26630","1","0"
"2152","Share The Love","14806","1","10612","Gal'darah","7583","0","29306","1","0"
"2153","A Void Dance","14806","1","10541","Zuramat the Obliterator","7587","0","29314","1","0"
"2154","Brann Spankin' New","14806","1","8986","The Tribunal of Ages","7590","28","59046","1","0"
"2155","Abuse the Ooze","14806","1","10048","Sjonnir the Ironshaper","7593","0","27978","1","0"
"2156","My Girl Loves to Skadi All the Time","14806","1","10714","Kill Skadi the Ruthless on Heroic Difficulty","7595","0","26693","1","0"
"2157","King's Bane","14806","1","14655","King Ymiron","7598","0","26861","1","0"
"2176","And They Would All Go Down Together (10 player)","14922","1","13109","The Four Horsemen","7600","28","59450","1","0"
"2177","And They Would All Go Down Together (25 player)","14922","1","13180","The Four Horsemen","7601","28","59450","1","0"
"2178","Shocking! (10 player)","14922","1","10615","Thaddius","7604","0","15928","1","0"
"2179","Shocking! (25 player)","14922","1","15138","Thaddius","7605","0","15928","1","0"
"2180","Subtraction (10 player)","14922","1","11180","Thaddius","7152","0","15928","1","0"
"2181","Subtraction (25 player)","14922","1","11208","Thaddius","7165","0","15928","1","0"
"2182","Spore Loser (10 player)","14922","1","9804","Loatheb","7612","0","16011","1","0"
"2183","Spore Loser (25 player)","14922","1","9807","Loatheb","7613","0","16011","1","0"
"2184","Just Can't Get Enough (10 player)","14922","1","9958","Kel'Thuzad","7614","0","15990","1","0"
"2185","Just Can't Get Enough (25 player)","14922","1","14668","Kel'Thuzad","7615","0","15990","1","0"
"2199","Wintergrasp Ranger","14901","1","10469","Wintergrasp Fortress","7709","70","0","10","0"
"2199","Wintergrasp Ranger","14901","2","10470","Eastspark Workshop","7710","70","0","10","0"
"2199","Wintergrasp Ranger","14901","3","10474","Flamewatch Tower","7714","70","0","10","0"
"2199","Wintergrasp Ranger","14901","4","10471","The Broken Temple","7711","70","0","10","0"
"2199","Wintergrasp Ranger","14901","5","10468","Shadowsight Tower","7715","70","0","10","0"
"2199","Wintergrasp Ranger","14901","6","10476","The Cauldron of Flames","7718","70","0","10","0"
"2199","Wintergrasp Ranger","14901","7","10472","The Sunken Ring","7712","70","0","10","0"
"2199","Wintergrasp Ranger","14901","8","10475","Winter's Edge Tower","7716","70","0","10","0"
"2199","Wintergrasp Ranger","14901","9","10473","Westspark Workshop","7713","70","0","10","0"
"2199","Wintergrasp Ranger","14901","10","10477","The Chilled Quagmire","7719","70","0","10","0"
"2256","Northern Exposure","14780","1","9829","Loque'nahak","8100","0","32517","1","0"
"2256","Northern Exposure","14780","2","9830","High Thane Jorfus","8101","0","32501","1","0"
"2256","Northern Exposure","14780","3","9831","Hildana Deathstealer","8102","0","32495","1","0"
"2256","Northern Exposure","14780","4","9844","Old Crystalbark","8103","0","32357","1","0"
"2256","Northern Exposure","14780","5","9840","Fumblub Gearwind","8104","0","32358","1","0"
"2256","Northern Exposure","14780","6","9832","Icehorn","8105","0","32361","1","0"
"2256","Northern Exposure","14780","7","9825","Perobas the Bloodthirster","8106","0","32377","1","0"
"2256","Northern Exposure","14780","8","9822","Vigdis the War Maiden","8107","0","32386","1","0"
"2256","Northern Exposure","14780","9","9823","King Ping","8108","0","32398","1","0"
"2256","Northern Exposure","14780","10","9824","Tukemuth","8109","0","32400","1","0"
"2256","Northern Exposure","14780","11","9841","Crazed Indu'le Survivor","8110","0","32409","1","0"
"2256","Northern Exposure","14780","12","9843","Scarlet Highlord Daion","8111","0","32417","1","0"
"2256","Northern Exposure","14780","13","9826","Grocklar","8112","0","32422","1","0"
"2256","Northern Exposure","14780","14","9827","Seething Hate","8113","0","32429","1","0"
"2256","Northern Exposure","14780","15","9833","Syreian the Bonecarver","8114","0","32438","1","0"
"2256","Northern Exposure","14780","16","9842","Zul'drak Sentinel","8115","0","32447","1","0"
"2256","Northern Exposure","14780","17","9834","Griegen","8116","0","32471","1","0"
"2256","Northern Exposure","14780","18","9835","Terror Spinner","8117","0","32475","1","0"
"2256","Northern Exposure","14780","19","9828","Aotona","8118","0","32481","1","0"
"2256","Northern Exposure","14780","20","9836","King Krush","8119","0","32485","1","0"
"2256","Northern Exposure","14780","21","9837","Vyragosa","8120","0","32630","1","0"
"2256","Northern Exposure","14780","22","9838","Dirkee","8121","0","32500","1","0"
"2256","Northern Exposure","14780","23","9839","Putridus the Ancient","8122","0","32487","1","0"
"2257","Frostbitten","14780","0","8950","Loque'nahak","8100","0","32517","1","0"
"2257","Frostbitten","14780","1","8951","High Thane Jorfus","8101","0","32501","1","0"
"2257","Frostbitten","14780","2","8952","Hildana Deathstealer","8102","0","32495","1","0"
"2257","Frostbitten","14780","3","8965","Old Crystalbark","8103","0","32357","1","0"
"2257","Frostbitten","14780","4","8961","Fumblub Gearwind","8104","0","32358","1","0"
"2257","Frostbitten","14780","5","8953","Icehorn","8105","0","32361","1","0"
"2257","Frostbitten","14780","6","8946","Perobas the Bloodthirster","8106","0","32377","1","0"
"2257","Frostbitten","14780","7","8943","Vigdis the War Maiden","8107","0","32386","1","0"
"2257","Frostbitten","14780","8","8944","King Ping","8108","0","32398","1","0"
"2257","Frostbitten","14780","9","8945","Tukemuth","8109","0","32400","1","0"
"2257","Frostbitten","14780","10","8962","Crazed Indu'le Survivor","8110","0","32409","1","0"
"2257","Frostbitten","14780","11","8964","Scarlet Highlord Daion","8111","0","32417","1","0"
"2257","Frostbitten","14780","12","8947","Grocklar","8112","0","32422","1","0"
"2257","Frostbitten","14780","13","8948","Seething Hate","8113","0","32429","1","0"
"2257","Frostbitten","14780","14","8954","Syreian the Bonecarver","8114","0","32438","1","0"
"2257","Frostbitten","14780","15","8963","Zul'drak Sentinel","8115","0","32447","1","0"
"2257","Frostbitten","14780","16","8955","Griegen","8116","0","32471","1","0"
"2257","Frostbitten","14780","17","8956","Terror Spinner","8117","0","32475","1","0"
"2257","Frostbitten","14780","18","8949","Aotona","8118","0","32481","1","0"
"2257","Frostbitten","14780","19","8957","King Krush","8119","0","32485","1","0"
"2257","Frostbitten","14780","20","8958","Vyragosa","8120","0","32630","1","0"
"2257","Frostbitten","14780","21","8959","Dirkee","8121","0","32500","1","0"
"2257","Frostbitten","14780","22","8960","Putridus the Ancient","8122","0","32487","1","0"
"2476","Destruction Derby","14901","1","9971","Wintergrasp Catapult","9178","0","27881","1","0"
"2476","Destruction Derby","14901","2","9972","Wintergrasp Demolisher","9179","0","28094","1","0"
"2476","Destruction Derby","14901","3","9973","Wintergrasp Siege Engine","9180","0","28312","1","0"
"2476","Destruction Derby","14901","4","9974","Wintergrasp Tower Cannon","9181","0","28366","1","0"
"2756","Argent Aspiration","14941","1","10433","","9698","27","13667","1","0"
"2756","Argent Aspiration","14941","2","10434","","9699","27","13668","1","0"
"2758","Argent Valor","14941","1","8417","","9746","27","13691","1","0"
"2758","Argent Valor","14941","2","8407","","9756","27","13707","1","0"
"2758","Argent Valor","14941","3","8408","","9757","27","13693","1","0"
"2758","Argent Valor","14941","4","8405","","9754","27","13708","1","0"
"2758","Argent Valor","14941","5","8406","","9755","27","13696","1","0"
"2758","Argent Valor","14941","6","8403","","9752","27","13711","1","0"
"2758","Argent Valor","14941","7","8404","","9753","27","13694","1","0"
"2758","Argent Valor","14941","8","8401","","9750","27","13709","1","0"
"2758","Argent Valor","14941","9","8402","","9751","27","13695","1","0"
"2758","Argent Valor","14941","10","8419","","9748","27","13710","1","0"
"2758","Argent Valor","14941","11","8400","","9749","27","13689","1","0"
"2758","Argent Valor","14941","12","8418","","9747","27","13706","1","0"
"2758","Argent Valor","14941","13","8415","","9744","27","13690","1","0"
"2758","Argent Valor","14941","14","8416","","9745","27","13705","1","0"
"2758","Argent Valor","14941","15","8411","","9740","27","13685","1","0"
"2758","Argent Valor","14941","16","8412","","9741","27","13703","1","0"
"2758","Argent Valor","14941","17","8413","","9742","27","13688","1","0"
"2758","Argent Valor","14941","18","8414","","9743","27","13704","1","0"
"2758","Argent Valor","14941","19","8409","","9738","27","13684","1","0"
"2758","Argent Valor","14941","20","8410","","9739","27","13593","1","0"
"2760","Exalted Champion of Darnassus","14941","1","7112","Exalted with Darnassus","5328","46","69","42000","0"
"2760","Exalted Champion of Darnassus","14941","2","7111","Champion of Darnassus","11320","27","13725","1","0"
"2761","Exalted Champion of the Exodar","14941","1","7898","Exalted with Exodar","5332","46","930","42000","0"
"2761","Exalted Champion of the Exodar","14941","2","7897","Champion of the Exodar","11321","27","13724","1","0"
"2762","Exalted Champion of Gnomeregan","14941","1","6993","Exalted with Gnomeregan Exiles","5329","46","54","42000","0"
"2762","Exalted Champion of Gnomeregan","14941","2","6992","Champion of Gnomeregan","11322","27","13723","1","0"
"2763","Exalted Champion of Ironforge","14941","1","11151","Exalted with Ironforge","5330","46","47","42000","0"
"2763","Exalted Champion of Ironforge","14941","2","11150","Champion of Ironforge","11323","27","13713","1","0"
"2764","Exalted Champion of Stormwind","14941","1","10358","Exalted with Stormwind","5331","46","72","42000","0"
"2764","Exalted Champion of Stormwind","14941","2","10357","Champion of Stormwind","11324","27","13699","1","0"
"2765","Exalted Champion of Orgrimmar","14941","1","7901","Exalted with Orgrimmar","5314","46","76","42000","0"
"2765","Exalted Champion of Orgrimmar","14941","2","7902","Champion of Orgrimmar","9783","27","13726","1","0"
"2766","Exalted Champion of Sen'jin","14941","1","14358","Exalted with Darkspear Trolls","5313","46","530","42000","0"
"2766","Exalted Champion of Sen'jin","14941","2","14357","Champion of Sen'jin","11326","27","13727","1","0"
"2767","Exalted Champion of Silvermoon City","14941","1","8473","Exalted with Silvermoon City","5317","46","911","42000","0"
"2767","Exalted Champion of Silvermoon City","14941","2","8472","Champion of Silvermoon City","9785","27","13731","1","0"
"2768","Exalted Champion of Thunder Bluff","14941","1","8561","Exalted with Thunder Bluff","5315","46","81","42000","0"
"2768","Exalted Champion of Thunder Bluff","14941","2","8560","Champion of Thunder Bluff","11328","27","13728","1","0"
"2769","Exalted Champion of the Undercity","14941","1","8066","Exalted with Undercity","5316","46","68","42000","0"
"2769","Exalted Champion of the Undercity","14941","2","8065","Champion of the Undercity","11329","27","13729","1","0"
"2770","Exalted Champion of the Alliance","14941","1","8505","Champion of Darnassus","9668","8","2760","0","0"
"2770","Exalted Champion of the Alliance","14941","2","8509","Champion of the Exodar","9669","8","2761","0","0"
"2770","Exalted Champion of the Alliance","14941","3","8506","Champion of Gnomeregan","9670","8","2762","0","0"
"2770","Exalted Champion of the Alliance","14941","4","8507","Champion of Stormwind","9671","8","2764","0","0"
"2770","Exalted Champion of the Alliance","14941","5","8508","Champion of Ironforge","9672","8","2763","0","0"
"2771","Exalted Champion of the Horde","14941","1","8564","Champion of Orgrimmar","9673","8","2765","0","0"
"2771","Exalted Champion of the Horde","14941","2","8565","Champion of Sen'jin","9674","8","2766","0","0"
"2771","Exalted Champion of the Horde","14941","3","8568","Champion of Silvermoon City","9675","8","2767","0","0"
"2771","Exalted Champion of the Horde","14941","4","8566","Champion of the Undercity","9676","8","2769","0","0"
"2771","Exalted Champion of the Horde","14941","5","8567","Champion of Thunder Bluff","9677","8","2768","0","0"
"2772","Tilted!","14941","1","8502","","9798","76","0","1","0"
"2773","It's Just a Flesh Wound","14941","1","7643","","10222","27","13664","1","0"
"2777","Champion of Darnassus","14941","1","8075","Champion of Darnassus","11320","27","13725","1","0"
"2778","Champion of the Exodar","14941","1","10440","Champion of the Exodar","11321","27","13724","1","0"
"2779","Champion of Gnomeregan","14941","1","7646","Champion of Gnomeregan","11322","27","13723","1","0"
"2780","Champion of Ironforge","14941","1","7707","Champion of Ironforge","11323","27","13713","1","0"
"2781","Champion of Stormwind","14941","1","8602","Champion of Stormwind","11324","27","13699","1","0"
"2782","Champion of the Alliance","14941","1","2160","Champion of Darnassus","9778","8","2777","0","0"
"2782","Champion of the Alliance","14941","2","2161","Champion of the Exodar","9779","8","2778","0","0"
"2782","Champion of the Alliance","14941","3","2162","Champion of Gnomeregan","9780","8","2779","0","0"
"2782","Champion of the Alliance","14941","4","2163","Champion of Stormwind","9781","8","2781","0","0"
"2782","Champion of the Alliance","14941","5","2164","Champion of Ironforge","9782","8","2780","0","0"
"2783","Champion of Orgrimmar","14941","1","4812","Champion of Orgrimmar","9783","27","13726","1","0"
"2784","Champion of Sen'jin","14941","1","8062","Champion of Sen'jin","11326","27","13727","1","0"
"2785","Champion of Silvermoon City","14941","1","2167","Champion of Silvermoon City","9785","27","13731","1","0"
"2786","Champion of Thunder Bluff","14941","1","8512","Champion of Thunder Bluff","11328","27","13728","1","0"
"2787","Champion of the Undercity","14941","1","8992","Champion of the Undercity","11329","27","13729","1","0"
"2788","Champion of the Horde","14941","1","3426","Champion of Orgrimmar","9788","8","2783","0","0"
"2788","Champion of the Horde","14941","2","3427","Champion of Sen'jin","9789","8","2784","0","0"
"2788","Champion of the Horde","14941","3","3428","Champion of Silvermoon City","9790","8","2785","0","0"
"2788","Champion of the Horde","14941","4","3429","Champion of the Undercity","9791","8","2787","0","0"
"2788","Champion of the Horde","14941","5","3430","Champion of Thunder Bluff","9792","8","2786","0","0"
"2816","Exalted Argent Champion of the Horde","14941","1","10315","The Argent Crusade","2024","8","947","0","0"
"2816","Exalted Argent Champion of the Horde","14941","2","10316","Champion of Orgrimmar","9673","8","2765","0","0"
"2816","Exalted Argent Champion of the Horde","14941","3","10317","Champion of Sen'jin","9674","8","2766","0","0"
"2816","Exalted Argent Champion of the Horde","14941","4","10318","Champion of Silvermoon City","9675","8","2767","0","0"
"2816","Exalted Argent Champion of the Horde","14941","5","10319","Champion of the Undercity","9676","8","2769","0","0"
"2816","Exalted Argent Champion of the Horde","14941","6","10320","Champion of Thunder Bluff","9677","8","2768","0","0"
"2817","Exalted Argent Champion of the Alliance","14941","1","10739","The Argent Crusade","2024","8","947","0","0"
"2817","Exalted Argent Champion of the Alliance","14941","2","10740","Champion of Darnassus","9668","8","2760","0","0"
"2817","Exalted Argent Champion of the Alliance","14941","3","10741","Champion of the Exodar","9669","8","2761","0","0"
"2817","Exalted Argent Champion of the Alliance","14941","4","10736","Champion of Gnomeregan","9670","8","2762","0","0"
"2817","Exalted Argent Champion of the Alliance","14941","5","10737","Champion of Stormwind","9671","8","2764","0","0"
"2817","Exalted Argent Champion of the Alliance","14941","6","10738","Champion of Ironforge","9672","8","2763","0","0"
"2836","Lance a Lot","14941","1","8518","Darnassus","9918","28","64805","1","0"
"2836","Lance a Lot","14941","2","8520","The Exodar","10224","28","64808","1","0"
"2836","Lance a Lot","14941","3","8521","Gnomeregan","10225","28","64809","1","0"
"2836","Lance a Lot","14941","4","8522","Ironforge","10226","28","64810","1","0"
"2836","Lance a Lot","14941","5","8523","Orgrimmar","10227","28","64811","1","0"
"2836","Lance a Lot","14941","6","8515","Sen'jin","9919","28","64812","1","0"
"2836","Lance a Lot","14941","7","8519","Silvermoon City","9920","28","64813","1","0"
"2836","Lance a Lot","14941","8","8524","Stormwind","10228","28","64814","1","0"
"2836","Lance a Lot","14941","9","8517","Thunder Bluff","9921","28","64815","1","0"
"2836","Lance a Lot","14941","10","8516","The Undercity","9922","28","64816","1","0"
"3136","Emalon the Storm Watcher (10 player)","14901","1","7658","Emalon the Storm Watcher","9996","0","33993","1","0"
"3137","Emalon the Storm Watcher (25 player)","14901","1","7661","Emalon the Storm Watcher","10542","0","33993","1","0"
"3676","A Silver Confidant","14941","1","8281","Exalted with The Silver Covenant","4749","46","1094","42000","0"
"3676","A Silver Confidant","14941","2","8282","Argent Tournament Rank: Champion","11330","8","3696","0","0"
"3677","The Sunreavers","14941","1","8331","Exalted with The Sunreavers","5327","46","1124","42000","0"
"3677","The Sunreavers","14941","2","8332","Argent Tournament Rank: Champion","11330","8","3696","0","0"
"3736","Pony Up!","14941","1","10593","","11358","29","67056","1","0"
"3778","Trial of the Champion","14806","1","8556","Marshal Jacob Alerius","11420","28","68572","1","0"
"3778","Trial of the Champion","14806","2","8552","Lana Stouthammer","12298","28","68572","1","0"
"3778","Trial of the Champion","14806","3","8553","Colosos","12299","28","68572","1","0"
"3778","Trial of the Champion","14806","4","8554","Ambrose Boltspark","12300","28","68572","1","0"
"3778","Trial of the Champion","14806","5","8555","Jaelyne Evensong","12301","28","68572","1","0"
"3778","Trial of the Champion","14806","6","8557","Argent Confessor Paletress","13312","28","68574","1","0"
"3778","Trial of the Champion","14806","7","8551","Eadric the Pure","13313","28","68575","1","0"
"3778","Trial of the Champion","14806","8","8550","The Black Knight","13314","28","68663","1","0"
"3797","Upper Back Pain (10 player)","14922","1","7147","Icehowl","11779","0","34797","1","0"
"3797","Upper Back Pain (10 player)","14922","2","7148","Icehowl","11802","0","34797","1","0"
"3798","Resilience Will Fix It (10 player)","14922","1","7246","Faction Champions","11803","28","68620","1","0"
"3798","Resilience Will Fix It (10 player)","14922","2","7247","Faction Champions","11804","28","68620","1","0"
"3799","Salt and Pepper (10 player)","14922","1","7396","Val'kyr Twins","11778","0","34497","1","0"
"3799","Salt and Pepper (10 player)","14922","2","7395","Val'kyr Twins","12258","0","34497","1","0"
"3800","The Traitor King (10 player)","14922","1","7673","Swarm Scarabs Slain","12116","28","68186","25","0"
"3802","Argent Confessor","14806","1","7553","Hogger","11863","28","68206","1","0"
"3802","Argent Confessor","14806","2","7537","VanCleef","11904","28","68206","1","0"
"3802","Argent Confessor","14806","3","7554","Mutanus","11905","28","68206","1","0"
"3802","Argent Confessor","14806","4","7555","Herod","11906","28","68206","1","0"
"3802","Argent Confessor","14806","5","7538","Lucifron","11907","28","68206","1","0"
"3802","Argent Confessor","14806","6","7556","Thunderaan","11908","28","68206","1","0"
"3802","Argent Confessor","14806","7","7539","Chromaggus","11909","28","68206","1","0"
"3802","Argent Confessor","14806","8","7540","Hakkar","11910","28","68206","1","0"
"3802","Argent Confessor","14806","9","7541","Vek'nilash","11911","28","68206","1","0"
"3802","Argent Confessor","14806","10","7557","Kalithresh","11912","28","68206","1","0"
"3802","Argent Confessor","14806","11","7542","Malchezaar","11913","28","68206","1","0"
"3802","Argent Confessor","14806","12","7543","Gruul","11914","28","68206","1","0"
"3802","Argent Confessor","14806","13","7558","Vashj","11915","28","68206","1","0"
"3802","Argent Confessor","14806","14","7544","Archimonde","11916","28","68206","1","0"
"3802","Argent Confessor","14806","15","7545","Illidan","11917","28","68206","1","0"
"3802","Argent Confessor","14806","16","7546","Delrissa","11918","28","68206","1","0"
"3802","Argent Confessor","14806","17","7559","M'uru","11919","28","68206","1","0"
"3802","Argent Confessor","14806","18","7547","Ingvar","11920","28","68206","1","0"
"3802","Argent Confessor","14806","19","7548","Cyanigosa","11921","28","68206","1","0"
"3802","Argent Confessor","14806","20","7560","Eck","11922","28","68206","1","0"
"3802","Argent Confessor","14806","21","7549","Onyxia","11923","28","68206","1","0"
"3802","Argent Confessor","14806","22","7550","Heigan","11924","28","68206","1","0"
"3802","Argent Confessor","14806","23","7551","Ignis","11925","28","68206","1","0"
"3802","Argent Confessor","14806","24","7561","Vezax","11926","28","68206","1","0"
"3802","Argent Confessor","14806","25","7552","Algalon","11927","28","68206","1","0"
"3803","The Faceroller","14806","1","11168","Defeat Eadric with his own hammer.","11858","28","68197","1","0"
"3804","I've Had Worse","14806","1","7500","Ghoul Explode","11789","28","68663","1","0"
"3812","Call of the Grand Crusade (25 player)","14922","1","9670","Defeat the Beasts of Northrend","12231","0","34797","1","0"
"3812","Call of the Grand Crusade (25 player)","14922","2","9671","Defeat Lord Jaraxxus","12235","0","34780","1","0"
"3812","Call of the Grand Crusade (25 player)","14922","3","9668","Defeat the Faction Champions","12239","28","68184","1","0"
"3812","Call of the Grand Crusade (25 player)","14922","4","9672","Defeat the Twin Val'kyr","12243","0","34496","1","0"
"3812","Call of the Grand Crusade (25 player)","14922","5","9669","Complete the Trial of the Grand Crusader","12247","0","34564","1","0"
"3813","Upper Back Pain (25 player)","14922","1","7121","Icehowl","11780","0","34797","1","0"
"3813","Upper Back Pain (25 player)","14922","2","7122","Icehowl","11801","0","34797","1","0"
"3815","Salt and Pepper (25 player)","14922","1","7250","Val'kyr Twins","11818","0","34497","1","0"
"3815","Salt and Pepper (25 player)","14922","2","7251","Val'kyr Twins","11860","0","34497","1","0"
"3816","The Traitor King (25 player)","14922","1","7905","Swarm Scarabs Slain","16246","28","68515","25","0"
"3836","Koralon the Flame Watcher (10 player)","14901","1","7200","Koralon the Flame Watcher","13325","0","35013","1","0"
"3837","Koralon the Flame Watcher (25 player)","14901","1","7125","Koralon the Flame Watcher","13344","0","35013","1","0"
"3916","Call of the Crusade (25 player)","14922","0","4342","Defeat the Beasts of Northrend","12230","0","34797","1","0"
"3916","Call of the Crusade (25 player)","14922","1","4343","Defeat Lord Jaraxxus","13347","0","34780","1","0"
"3916","Call of the Crusade (25 player)","14922","2","4344","Defeat the Faction Champions","13348","28","68184","1","0"
"3916","Call of the Crusade (25 player)","14922","3","4345","Defeat the Twin Val'kyr","12242","0","34496","1","0"
"3916","Call of the Crusade (25 player)","14922","4","4346","Complete the Trial of the Crusader","12246","0","34564","1","0"
"3917","Call of the Crusade (10 player)","14922","0","7421","Defeat the Beasts of Northrend","13326","0","34797","1","0"
"3917","Call of the Crusade (10 player)","14922","1","7422","Defeat Lord Jaraxxus","13327","0","34780","1","0"
"3917","Call of the Crusade (10 player)","14922","2","7423","Defeat the Faction Champions","12236","28","68184","1","0"
"3917","Call of the Crusade (10 player)","14922","3","7424","Defeat the Twin Val'kyr","12240","0","34496","1","0"
"3917","Call of the Crusade (10 player)","14922","4","7425","Complete the Trial of the Crusader","12244","0","34564","1","0"
"3918","Call of the Grand Crusade (10 player)","14922","1","7634","Defeat the Beasts of Northrend","12229","0","34797","1","0"
"3918","Call of the Grand Crusade (10 player)","14922","2","7635","Defeat Lord Jaraxxus","12233","0","34780","1","0"
"3918","Call of the Grand Crusade (10 player)","14922","3","7636","Defeat the Faction Champions","12237","28","68184","1","0"
"3918","Call of the Grand Crusade (10 player)","14922","4","7637","Defeat the Twin Val'kyr","12241","0","34496","1","0"
"3918","Call of the Grand Crusade (10 player)","14922","5","7638","Complete the Trial of the Grand Crusader","12245","0","34564","1","0"
"3936","Not One, But Two Jormungars (10 player)","14922","1","10596","Kill Acidmaw & Dreadscale within 10sec","12280","28","68523","1","0"
"3936","Not One, But Two Jormungars (10 player)","14922","2","10597","Kill Acidmaw & Dreadscale within 10sec","12281","28","68523","1","0"
"3937","Not One, But Two Jormungars (25 player)","14922","1","8142","Kill Acidmaw & Dreadscale within 10sec","12278","28","68523","1","0"
"3937","Not One, But Two Jormungars (25 player)","14922","2","8143","Kill Acidmaw & Dreadscale within 10sec","12279","28","68523","1","0"
"3996","Three Sixty Pain Spike (10 player)","14922","1","8149","Lord Jaraxxus","11838","0","34780","1","0"
"3996","Three Sixty Pain Spike (10 player)","14922","2","8150","Lord Jaraxxus","11861","0","34780","1","0"
"3997","Three Sixty Pain Spike (25 player)","14922","1","8476","Lord Jaraxxus","11839","0","34780","1","0"
"3997","Three Sixty Pain Spike (25 player)","14922","2","8477","Lord Jaraxxus","11862","0","34780","1","0"
"4016","Earth, Wind & Fire (10 player)","14922","1","7505","Earth, Wind and Fire","12018","28","68308","1","0"
"4017","Earth, Wind & Fire (25 player)","14922","1","10430","Earth, Wind and Fire","12019","28","68308","1","0"
"4296","Trial of the Champion","14806","1","9860","Mokra the Skullcrusher","11420","28","68572","1","0"
"4296","Trial of the Champion","14806","2","9857","Deathstalker Visceri","12298","28","68572","1","0"
"4296","Trial of the Champion","14806","3","9855","Runok Wildmane","12299","28","68572","1","0"
"4296","Trial of the Champion","14806","4","9858","Eressea Dawnsinger","12300","28","68572","1","0"
"4296","Trial of the Champion","14806","5","9859","Zul'tore","12301","28","68572","1","0"
"4296","Trial of the Champion","14806","6","9861","Argent Confessor Paletress","13312","28","68574","1","0"
"4296","Trial of the Champion","14806","7","9862","Eadric the Pure","13313","28","68575","1","0"
"4296","Trial of the Champion","14806","8","9856","The Black Knight","13314","28","68663","1","0"
"4297","Heroic: Trial of the Champion","14806","1","7573","Marshal Jacob Alerius","12539","28","68572","1","0"
"4297","Heroic: Trial of the Champion","14806","2","7574","Lana Stouthammer","12545","28","68572","1","0"
"4297","Heroic: Trial of the Champion","14806","3","7575","Colosos","12320","28","68572","1","0"
"4297","Heroic: Trial of the Champion","14806","4","7576","Ambrose Boltspark","12543","28","68572","1","0"
"4297","Heroic: Trial of the Champion","14806","5","7577","Jaelyne Evensong","12541","28","68572","1","0"
"4297","Heroic: Trial of the Champion","14806","6","7578","Argent Confessor Paletress","12549","28","68574","1","0"
"4297","Heroic: Trial of the Champion","14806","7","7579","Eadric the Pure","12551","28","68575","1","0"
"4297","Heroic: Trial of the Champion","14806","8","7580","The Black Knight","12553","28","68663","1","0"
"4298","Heroic: Trial of the Champion","14806","1","7002","Mokra the Skullcrusher","12539","28","68572","1","0"
"4298","Heroic: Trial of the Champion","14806","2","6996","Deathstalker Visceri","12545","28","68572","1","0"
"4298","Heroic: Trial of the Champion","14806","3","6997","Runok Wildmane","12320","28","68572","1","0"
"4298","Heroic: Trial of the Champion","14806","4","6998","Eressea Dawnsinger","12543","28","68572","1","0"
"4298","Heroic: Trial of the Champion","14806","5","6999","Zul'tore","12541","28","68572","1","0"
"4298","Heroic: Trial of the Champion","14806","6","7000","Argent Confessor Paletress","12549","28","68574","1","0"
"4298","Heroic: Trial of the Champion","14806","7","7001","Eadric the Pure","12551","28","68575","1","0"
"4298","Heroic: Trial of the Champion","14806","8","7003","The Black Knight","12553","28","68663","1","0"
"4396","Onyxia's Lair (10 player)","14922","1","888","Onyxia","12558","0","10184","1","0"
"4397","Onyxia's Lair (25 player)","14922","1","891","Onyxia","13345","0","10184","1","0"
"4402","More Dots! (10 player)","14922","1","7564","Onyxia","12564","0","10184","1","0"
"4403","Many Whelps! Handle It! (10 player)","14922","1","10744","Onyxia","12565","0","10184","1","0"
"4404","She Deep Breaths More (10 player)","14922","1","7851","Onyxia","12566","0","10184","1","0"
"4405","More Dots! (25 player)","14922","1","11236","Onyxia","12567","0","10184","1","0"
"4406","Many Whelps! Handle It! (25 player)","14922","1","8584","Onyxia","12568","0","10184","1","0"
"4407","She Deep Breaths More (25 player)","14922","1","14361","Onyxia","12569","0","10184","1","0"
"4516","The Forge of Souls","14806","1","14577","Bronjahm","13315","0","36497","1","0"
"4516","The Forge of Souls","14806","2","14578","Devourer of Souls","13316","0","36502","1","0"
"4517","The Pit of Saron","14806","1","14176","Forgemaster Garfrost","13317","0","36494","1","0"
"4517","The Pit of Saron","14806","2","14177","Ick and Krick","13318","0","36476","1","0"
"4517","The Pit of Saron","14806","3","14175","Scourgelord Tyrannus and Rimefang","13319","0","36658","1","0"
"4518","The Halls of Reflection","14806","1","8656","Falric","13320","0","38112","1","0"
"4518","The Halls of Reflection","14806","2","8654","Marwyn","13321","0","38113","1","0"
"4518","The Halls of Reflection","14806","3","8655","Survive the encounter with the Lich King","13323","28","72830","1","0"
"4519","Heroic: The Forge of Souls","14806","1","17501","Bronjahm","13167","0","36497","1","0"
"4519","Heroic: The Forge of Souls","14806","2","17500","Devourer of Souls","13168","0","36502","1","0"
"4520","Heroic: The Pit of Saron","14806","1","15241","Forgemaster Garfrost","13182","0","36494","1","0"
"4520","Heroic: The Pit of Saron","14806","2","15240","Ick and Krick","13173","0","36476","1","0"
"4520","Heroic: The Pit of Saron","14806","3","15239","Scourgelord Tyrannus and Rimefang","13175","0","36658","1","0"
"4521","Heroic: The Halls of Reflection","14806","1","14182","Falric","13177","0","38112","1","0"
"4521","Heroic: The Halls of Reflection","14806","2","14181","Marwyn","13179","0","38113","1","0"
"4521","Heroic: The Halls of Reflection","14806","3","14180","Survive the encounter with the Lich King","13181","28","72830","1","0"
"4522","Soul Power","14806","1","10769","Bronjahm","12752","0","36497","1","0"
"4523","Three Faced","14806","1","17836","Devourer of Souls","12976","0","36502","1","0"
"4524","Doesn't Go to Eleven","14806","1","17396","","12993","0","36494","1","0"
"4525","Don't Look Up","14806","1","14698","","12994","28","72845","1","0"
"4526","We're Not Retreating; We're Advancing in a Different Direction.","14806","1","17497","Ghoul Explode","12756","28","72830","1","0"
"4527","The Frostwing Halls (10 player)","14922","1","14702","Rescue Valithria Dreamwalker","12757","28","72706","1","0"
"4527","The Frostwing Halls (10 player)","14922","2","14701","Sindragosa","12758","0","36853","1","0"
"4528","The Plagueworks (10 player)","14922","1","7195","Festergut","12759","0","36626","1","0"
"4528","The Plagueworks (10 player)","14922","2","7196","Rotface","12760","0","36627","1","0"
"4528","The Plagueworks (10 player)","14922","3","7197","Professor Putricide","12761","0","36678","1","0"
"4529","The Crimson Hall (10 player)","14922","1","15131","Defeat the Blood Prince Council","12762","0","37970","1","0"
"4529","The Crimson Hall (10 player)","14922","2","15130","Defeat Blood-Queen Lana'thel","12763","0","37955","1","0"
"4530","The Frozen Throne (10 player)","14922","1","16795","The Lich King","12764","0","36597","1","0"
"4531","Storming the Citadel (10 player)","14922","1","12590","Lord Marrowgar","12770","0","36612","1","0"
"4531","Storming the Citadel (10 player)","14922","2","12591","Lady Deathwhisper","12773","0","36855","1","0"
"4531","Storming the Citadel (10 player)","14922","3","12589","Claim victory in the Gunship Battle","12771","28","72959","1","0"
"4531","Storming the Citadel (10 player)","14922","4","12588","The Deathbringer","12772","28","72928","1","0"
"4532","Fall of the Lich King (10 player)","14922","1","17159","Storming the Citadel","12765","8","4531","0","0"
"4532","Fall of the Lich King (10 player)","14922","2","17158","The Plagueworks","12767","8","4528","0","0"
"4532","Fall of the Lich King (10 player)","14922","3","17161","The Crimson Hall","12768","8","4529","0","0"
"4532","Fall of the Lich King (10 player)","14922","4","17160","The Frostwing Halls","12766","8","4527","0","0"
"4532","Fall of the Lich King (10 player)","14922","5","17162","The Frozen Throne","12769","8","4530","0","0"
"4534","Boned (10 player)","14922","1","18708","Lord Marrowgar slain","12775","0","36612","1","0"
"4534","Boned (10 player)","14922","2","18707","Lord Marrowgar slain","13393","0","36612","1","0"
"4535","Full House (10 player)","14922","1","12430","Lady Deathwhisper","12776","28","72827","1","0"
"4535","Full House (10 player)","14922","2","12429","Lady Deathwhisper","12995","28","72827","1","0"
"4536","I'm on a Boat (10 player)","14922","1","16625","Gunship Battle","12777","28","72959","1","0"
"4536","I'm on a Boat (10 player)","14922","2","16624","Gunship Battle","13079","28","72959","1","0"
"4537","I've Gone and Made a Mess (10 player)","14922","1","14551","Deathbringer","12778","28","72928","1","0"
"4537","I've Gone and Made a Mess (10 player)","14922","2","14552","Deathbringer","13035","28","72928","1","0"
"4538","Dances with Oozes (10 player)","14922","1","14417","Rotface","12984","0","36627","1","0"
"4538","Dances with Oozes (10 player)","14922","2","14416","Rotface","12985","0","36627","1","0"
"4539","Once Bitten, Twice Shy (10 player)","14922","1","15569","Defeat Blood-Queen Lana'thel without becoming a vampire","12780","0","37955","1","0"
"4539","Once Bitten, Twice Shy (10 player)","14922","2","15570","Defeat Blood-Queen Lana'thel while a vampire","13011","0","37955","1","0"
"4577","Flu Shot Shortage (10 player)","14922","1","15383","Festergut","12977","0","36626","1","0"
"4577","Flu Shot Shortage (10 player)","14922","2","15382","Festergut","12986","0","36626","1","0"
"4578","Nausea, Heartburn, Indigestion... (10 player)","14922","1","15796","Professor Putricide","12987","0","36678","1","0"
"4578","Nausea, Heartburn, Indigestion... (10 player)","14922","2","15795","Professor Putricide","12988","0","36678","1","0"
"4579","Portal Jockey (10 player)","14922","1","15360","Valithria","12978","28","72706","1","0"
"4579","Portal Jockey (10 player)","14922","2","15361","Valithria","12979","28","72706","1","0"
"4580","All You Can Eat (10 player)","14922","1","17347","Sindragosa","12822","0","36853","1","0"
"4580","All You Can Eat (10 player)","14922","2","17346","Sindragosa","12996","0","36853","1","0"
"4581","Neck-Deep in Vile (10 player)","14922","1","12847","Vile Spirits","12823","0","36597","1","0"
"4581","Neck-Deep in Vile (10 player)","14922","2","12846","Vile Spirits","13163","0","36597","1","0"
"4582","The Orb Whisperer (10 player)","14922","1","12609","Prince Valanar","13033","0","37970","1","0"
"4582","The Orb Whisperer (10 player)","14922","2","12610","Prince Valanar","13034","0","37970","1","0"
"4583","Bane of the Fallen King","14922","1","16631","The Lich King","13137","0","36597","1","0"
"4584","The Light of Dawn","14922","1","12850","The Lich King","13138","0","36597","1","0"
"4585","Toravon the Ice Watcher (10 player)","14901","1","12853","Toravon the Ice Watcher","13324","0","38433","1","0"
"4586","Toravon the Ice Watcher (25 player)","14901","1","15386","Toravon the Ice Watcher","13343","0","38433","1","0"
"4596","The Sword in the Skull","14941","1","17424","","12902","27","24795","0","0"
"4596","The Sword in the Skull","14941","2","17425","","12903","27","24796","0","0"
"4596","The Sword in the Skull","14941","3","17426","","12904","27","24798","0","0"
"4596","The Sword in the Skull","14941","4","17427","","12905","27","24799","0","0"
"4596","The Sword in the Skull","14941","5","17428","","12906","27","24800","0","0"
"4596","The Sword in the Skull","14941","6","17429","","12907","27","24801","0","0"
"4597","The Frozen Throne (25 player)","14922","1","16659","The Lich King","12909","0","36597","1","0"
"4598","The Ashen Verdict","14866","1","15476","Ashen Verdict Exalted","12911","46","1156","42000","0"
"4601","Been Waiting a Long Time for This (10 player)","14922","1","14850","Allow Necrotic Plague to stack to 30 before defeating the Lich King in 10-player mode.","13246","0","36597","1","0"
"4601","Been Waiting a Long Time for This (10 player)","14922","2","14851","Allow Necrotic Plague to stack to 30 before defeating the Lich King in 10-player mode.","13247","0","36597","1","0"
"4604","Storming the Citadel (25 player)","14922","1","13908","Lord Marrowgar","12945","0","36612","1","0"
"4604","Storming the Citadel (25 player)","14922","2","13911","Lady Deathwhisper","12948","0","36855","1","0"
"4604","Storming the Citadel (25 player)","14922","3","13910","Claim victory in the Gunship Battle","12947","28","72959","1","0"
"4604","Storming the Citadel (25 player)","14922","4","13909","The Deathbringer","12946","28","72928","1","0"
"4605","The Plagueworks (25 player)","14922","1","15021","Festergut","12949","0","36626","1","0"
"4605","The Plagueworks (25 player)","14922","2","15022","Rotface","12950","0","36627","1","0"
"4605","The Plagueworks (25 player)","14922","3","15023","Professor Putricide","12951","0","36678","1","0"
"4606","The Crimson Hall (25 player)","14922","1","12797","Defeat the Blood Prince Council","12952","0","37970","1","0"
"4606","The Crimson Hall (25 player)","14922","2","12798","Defeat Blood-Queen Lana'thel","12953","0","37955","1","0"
"4607","The Frostwing Halls (25 player)","14922","1","15026","Rescue Valithria Dreamwalker","12954","28","72706","1","0"
"4607","The Frostwing Halls (25 player)","14922","2","15027","Sindragosa","12955","0","36853","1","0"
"4608","Fall of the Lich King (25 player)","14922","1","13852","Storming the Citadel","12956","8","4604","0","0"
"4608","Fall of the Lich King (25 player)","14922","2","13855","The Plagueworks","12959","8","4605","0","0"
"4608","Fall of the Lich King (25 player)","14922","3","13856","The Crimson Hall","12960","8","4606","0","0"
"4608","Fall of the Lich King (25 player)","14922","4","13854","The Frostwing Halls","12958","8","4607","0","0"
"4608","Fall of the Lich King (25 player)","14922","5","13853","The Frozen Throne","12957","8","4597","0","0"
"4610","Boned (25 player)","14922","1","13915","Lord Marrowgar slain","12962","0","36612","1","0"
"4610","Boned (25 player)","14922","2","13914","Lord Marrowgar slain","13394","0","36612","1","0"
"4611","Full House (25 player)","14922","1","13101","Lady Deathwhisper","12997","28","72827","1","0"
"4611","Full House (25 player)","14922","2","13102","Lady Deathwhisper","12998","28","72827","1","0"
"4612","I'm on a Boat (25 player)","14922","1","16655","Gunship Battle","13080","28","72959","1","0"
"4612","I'm on a Boat (25 player)","14922","2","16656","Gunship Battle","13081","28","72959","1","0"
"4613","I've Gone and Made a Mess (25 player)","14922","1","15121","Deathbringer","13036","28","72928","1","0"
"4613","I've Gone and Made a Mess (25 player)","14922","2","15122","Deathbringer","13037","28","72928","1","0"
"4614","Dances with Oozes (25 player)","14922","1","15075","Rotface","12966","0","36627","1","0"
"4614","Dances with Oozes (25 player)","14922","2","15076","Rotface","12983","0","36627","1","0"
"4615","Flu Shot Shortage (25 player)","14922","1","14332","Festergut","12967","0","36626","1","0"
"4615","Flu Shot Shortage (25 player)","14922","2","14331","Festergut","12982","0","36626","1","0"
"4616","Nausea, Heartburn, Indigestion... (25 player)","14922","1","14143","Professor Putricide","12968","0","36678","1","0"
"4616","Nausea, Heartburn, Indigestion... (25 player)","14922","2","14142","Professor Putricide","12981","0","36678","1","0"
"4617","The Orb Whisperer (25 player)","14922","1","15633","Prince Valanar","12969","0","37970","1","0"
"4617","The Orb Whisperer (25 player)","14922","2","15634","Prince Valanar","13032","0","37970","1","0"
"4618","Once Bitten, Twice Shy (25 player)","14922","1","17059","Defeat Blood-Queen Lana'thel without becoming a vampire","13012","0","37955","1","0"
"4618","Once Bitten, Twice Shy (25 player)","14922","2","17060","Defeat Blood-Queen Lana'thel while a vampire","13013","0","37955","1","0"
"4619","Portal Jockey (25 player)","14922","1","14147","Valithria","12971","28","72706","1","0"
"4619","Portal Jockey (25 player)","14922","2","14146","Valithria","12980","28","72706","1","0"
"4620","All You Can Eat (25 player)","14922","1","14206","Sindragosa","12972","0","36853","1","0"
"4620","All You Can Eat (25 player)","14922","2","14205","Sindragosa","12989","0","36853","1","0"
"4621","Been Waiting a Long Time for This (25 player)","14922","1","15365","Allow Necrotic Plague to stack to 30 before defeating the Lich King in 25-player mode.","13244","0","36597","1","0"
"4621","Been Waiting a Long Time for This (25 player)","14922","2","15364","Allow Necrotic Plague to stack to 30 before defeating the Lich King in 25-player mode.","13245","0","36597","1","0"
"4622","Neck-Deep in Vile (25 player)","14922","1","15300","Vile Spirits","13243","0","36597","1","0"
"4622","Neck-Deep in Vile (25 player)","14922","2","15301","Vile Spirits","13164","0","36597","1","0"
"4628","Heroic: Storming the Citadel (10 player)","14922","1","14545","Lord Marrowgar","13090","0","36612","1","0"
"4628","Heroic: Storming the Citadel (10 player)","14922","2","14546","Lady Deathwhisper","13104","0","36855","1","0"
"4628","Heroic: Storming the Citadel (10 player)","14922","3","14547","Claim victory in the Gunship Battle","13110","28","72959","1","0"
"4628","Heroic: Storming the Citadel (10 player)","14922","4","14548","The Deathbringer","13113","28","72928","1","0"
"4629","Heroic: The Plagueworks (10 player)","14922","1","15522","Festergut","13116","0","36626","1","0"
"4629","Heroic: The Plagueworks (10 player)","14922","2","15523","Rotface","13119","0","36627","1","0"
"4629","Heroic: The Plagueworks (10 player)","14922","3","15524","Professor Putricide","13128","0","36678","1","0"
"4630","Heroic: The Crimson Hall (10 player)","14922","1","14555","Defeat the Blood Prince Council","13122","0","37970","1","0"
"4630","Heroic: The Crimson Hall (10 player)","14922","2","14556","Defeat Blood-Queen Lana'thel","13131","0","37955","1","0"
"4631","Heroic: The Frostwing Halls (10 player)","14922","1","14348","Rescue Valithria Dreamwalker","13125","28","72706","1","0"
"4631","Heroic: The Frostwing Halls (10 player)","14922","2","14347","Sindragosa","13134","0","36853","1","0"
"4632","Heroic: Storming the Citadel (25 player)","14922","1","16801","Lord Marrowgar","13091","0","36612","1","0"
"4632","Heroic: Storming the Citadel (25 player)","14922","2","16798","Lady Deathwhisper","13106","0","36855","1","0"
"4632","Heroic: Storming the Citadel (25 player)","14922","3","16800","Claim victory in the Gunship Battle","13111","28","72959","1","0"
"4632","Heroic: Storming the Citadel (25 player)","14922","4","16799","The Deathbringer","13114","28","72928","1","0"
"4633","Heroic: The Plagueworks (25 player)","14922","1","18153","Festergut","13117","0","36626","1","0"
"4633","Heroic: The Plagueworks (25 player)","14922","2","18154","Rotface","13120","0","36627","1","0"
"4633","Heroic: The Plagueworks (25 player)","14922","3","18155","Professor Putricide","13129","0","36678","1","0"
"4634","Heroic: The Crimson Hall (25 player)","14922","1","17442","Defeat the Blood Prince Council","13123","0","37970","1","0"
"4634","Heroic: The Crimson Hall (25 player)","14922","2","17441","Defeat Blood-Queen Lana'thel","13132","0","37955","1","0"
"4635","Heroic: The Frostwing Halls (25 player)","14922","1","17446","Rescue Valithria Dreamwalker","13126","28","72706","1","0"
"4635","Heroic: The Frostwing Halls (25 player)","14922","2","17445","Sindragosa","13135","0","36853","1","0"
"4636","Heroic: Fall of the Lich King (10 player)","14922","1","18716","Storming the Citadel","13071","8","4628","0","0"
"4636","Heroic: Fall of the Lich King (10 player)","14922","2","18717","The Plagueworks","13072","8","4629","0","0"
"4636","Heroic: Fall of the Lich King (10 player)","14922","3","18718","The Crimson Hall","13073","8","4630","0","0"
"4636","Heroic: Fall of the Lich King (10 player)","14922","4","18714","The Frostwing Halls","13074","8","4631","0","0"
"4636","Heroic: Fall of the Lich King (10 player)","14922","5","18715","Bane of the Fallen King","13065","8","4583","0","0"
"4637","Heroic: Fall of the Lich King (25 player)","14922","1","17314","Storming the Citadel","13075","8","4632","0","0"
"4637","Heroic: Fall of the Lich King (25 player)","14922","2","17310","The Plagueworks","13076","8","4633","0","0"
"4637","Heroic: Fall of the Lich King (25 player)","14922","3","17311","The Crimson Hall","13077","8","4634","0","0"
"4637","Heroic: Fall of the Lich King (25 player)","14922","4","17312","The Frostwing Halls","13078","8","4635","0","0"
"4637","Heroic: Fall of the Lich King (25 player)","14922","5","17313","The Light of Dawn","13070","8","4584","0","0"
"4815","The Twilight Destroyer (25 player)","14922","1","12594","Halion","13451","0","39863","1","0"
"4816","Heroic: The Twilight Destroyer (25 player)","14922","1","12597","Halion","13467","0","39863","1","0"
"4817","The Twilight Destroyer (10 player)","14922","1","15670","Halion","13453","0","39863","1","0"
"4818","Heroic: The Twilight Destroyer (10 player)","14922","1","15673","Halion","13468","0","39863","1","0"
"12297","The Siege of Ulduar","14922","0/0","64350","Flame Leviathan","39267","165","1132","1","0"
"12297","The Siege of Ulduar","14922","0/1","64353","","10027","8","2886","1","0"
"12297","The Siege of Ulduar","14922","0/2","64354","","10031","8","2887","1","0"
"12297","The Siege of Ulduar","14922","1/0","64352","Razorscale","39268","165","1139","1","0"
"12297","The Siege of Ulduar","14922","1/1","64357","","10027","8","2886","1","0"
"12297","The Siege of Ulduar","14922","1/2","64358","","10031","8","2887","1","0"
"12297","The Siege of Ulduar","14922","2/0","64361","","10027","8","2886","1","0"
"12297","The Siege of Ulduar","14922","2/1","64360","","10031","8","2887","1","0"
"12297","The Siege of Ulduar","14922","2/2","64349","Ignis the Furnace Master","39270","165","1136","1","0"
"12297","The Siege of Ulduar","14922","3/0","64364","","10027","8","2886","1","0"
"12297","The Siege of Ulduar","14922","3/1","64351","XT-002 Deconstructor","39269","165","1142","1","0"
"12297","The Siege of Ulduar","14922","3/2","64363","","10031","8","2887","1","0"
"12302","The Antechamber of Ulduar","14922","0/0","64386","Assembly of Iron","39285","165","1140","1","0"
"12302","The Antechamber of Ulduar","14922","0/1","64387","","10028","8","2888","1","0"
"12302","The Antechamber of Ulduar","14922","0/2","64388","","10032","8","2889","1","0"
"12302","The Antechamber of Ulduar","14922","1/0","64389","Kologarn","39287","165","1137","1","0"
"12302","The Antechamber of Ulduar","14922","1/1","64393","","10028","8","2888","1","0"
"12302","The Antechamber of Ulduar","14922","1/2","64392","","10032","8","2889","1","0"
"12302","The Antechamber of Ulduar","14922","2/0","64390","Auriaya","39286","165","1131","1","0"
"12302","The Antechamber of Ulduar","14922","2/1","64396","","10028","8","2888","1","0"
"12302","The Antechamber of Ulduar","14922","2/2","64395","","10032","8","2889","1","0"
"12309","The Keepers of Ulduar","14922","0/0","64401","Hodir","39289","165","1135","1","0"
"12309","The Keepers of Ulduar","14922","0/1","64402","","10029","8","2890","1","0"
"12309","The Keepers of Ulduar","14922","0/2","64403","","10033","8","2891","1","0"
"12309","The Keepers of Ulduar","14922","1/0","64405","Thorim","39291","165","1141","1","0"
"12309","The Keepers of Ulduar","14922","1/1","64406","","10029","8","2890","1","0"
"12309","The Keepers of Ulduar","14922","1/2","64407","","10033","8","2891","1","0"
"12309","The Keepers of Ulduar","14922","2/0","64409","Freya","39292","165","1133","1","0"
"12309","The Keepers of Ulduar","14922","2/1","64410","","10029","8","2890","1","0"
"12309","The Keepers of Ulduar","14922","2/2","64411","","10033","8","2891","1","0"
"12309","The Keepers of Ulduar","14922","3/0","64413","Mimiron","39293","165","1138","1","0"
"12309","The Keepers of Ulduar","14922","3/1","64414","","10029","8","2890","1","0"
"12309","The Keepers of Ulduar","14922","3/2","64415","","10033","8","2891","1","0"
"12310","The Descent into Madness","14922","0/0","64419","General Vezax","39294","165","1134","1","0"
"12310","The Descent into Madness","14922","0/1","64420","","10030","8","2892","1","0"
"12310","The Descent into Madness","14922","0/2","64421","","10034","8","2893","1","0"
"12310","The Descent into Madness","14922","1/0","64423","Yogg-Saron","39295","165","1143","1","0"
"12310","The Descent into Madness","14922","1/1","64424","","10030","8","2892","1","0"
"12310","The Descent into Madness","14922","1/2","64425","","10034","8","2893","1","0"
"12311","The Secrets of Ulduar","14922","0","64427","","39296","8","12297","1","0"
"12311","The Secrets of Ulduar","14922","1","64430","","39300","8","12302","1","0"
"12311","The Secrets of Ulduar","14922","2","64428","","39299","8","12309","1","0"
"12311","The Secrets of Ulduar","14922","3","64429","","39298","8","12310","1","0"
"12312","Dwarfageddon","14922","0","64442","Steelforged Defenders slain","39302","28","65387","100","0"
"12312","Dwarfageddon","14922","1","64443","","39304","8","3097","1","0"
"12312","Dwarfageddon","14922","2","64444","","39305","8","3098","1","0"
"12313","Unbroken","14922","0","64446","Flame Leviathan","39306","165","1132","1","0"
"12313","Unbroken","14922","1","64447","","39307","8","2905","1","0"
"12313","Unbroken","14922","2","64448","","39308","8","2906","1","0"
"12314","Three Car Garage","14922","0/0","64451","Salvaged Chopper","39309","165","1132","1","0"
"12314","Three Car Garage","14922","0/1","64452","","39312","8","2907","1","0"
"12314","Three Car Garage","14922","0/2","64453","","39313","8","2908","1","0"
"12314","Three Car Garage","14922","1/0","64455","Salvaged Siege Engine","39310","165","1132","1","0"
"12314","Three Car Garage","14922","1/1","64456","","39312","8","2907","1","0"
"12314","Three Car Garage","14922","1/2","64457","","39313","8","2908","1","0"
"12314","Three Car Garage","14922","2/0","64459","Salvaged Demolisher","39311","165","1132","1","0"
"12314","Three Car Garage","14922","2/1","64460","","39312","8","2907","1","0"
"12314","Three Car Garage","14922","2/2","64461","","39313","8","2908","1","0"
"12315","Take Out Those Turrets","14922","0","64463","Leviathan Turret","39314","56","0","1","0"
"12315","Take Out Those Turrets","14922","1","64464","","39315","8","2909","1","0"
"12315","Take Out Those Turrets","14922","2","64465","","39316","8","2910","1","0"
"12316","Shutout","14922","0","64467","Flame Leviathan","39317","165","1132","1","0"
"12316","Shutout","14922","1","64468","","39318","8","2911","0","0"
"12316","Shutout","14922","2","64469","","39319","8","2912","0","0"
"12317","Orbital Bombardment","14922","0","64471","Flame Leviathan","39320","165","1132","1","0"
"12317","Orbital Bombardment","14922","1","64472","","39321","8","2913","1","0"
"12317","Orbital Bombardment","14922","2","64473","","39322","8","2918","1","0"
"12318","Orbital Devastation","14922","0","64478","Flame Leviathan","39326","165","1132","1","0"
"12318","Orbital Devastation","14922","1","64479","","39327","8","2914","1","0"
"12318","Orbital Devastation","14922","2","64480","","39328","8","2916","1","0"
"12319","Nuked from Orbit","14922","0","64484","Flame Leviathan","39330","165","1132","1","0"
"12319","Nuked from Orbit","14922","1","64485","","39331","8","2915","1","0"
"12319","Nuked from Orbit","14922","2","64486","","39332","8","2917","1","0"
"12320","Orbit-uary","14922","0","64488","Flame Leviathan","39333","165","1132","1","0"
"12320","Orbit-uary","14922","1","64489","","10100","8","3056","1","0"
"12320","Orbit-uary","14922","2","64490","","10365","8","3057","1","0"
"12321","A Quick Shave","14922","0","64492","Razorscale","39334","165","1139","1","0"
"12321","A Quick Shave","14922","1","64493","","39335","8","2919","1","0"
"12321","A Quick Shave","14922","2","64494","","39336","8","2921","1","0"
"12322","Iron Dwarf, Medium Rare","14922","0","64498","Razorscale","39338","28","226732","25","0"
"12322","Iron Dwarf, Medium Rare","14922","1","64499","","10101","8","2923","1","0"
"12322","Iron Dwarf, Medium Rare","14922","2","64500","","10366","8","2924","1","0"
"12323","Shattered","14922","0","64508","","39345","165","1136","1","0"
"12323","Shattered","14922","1","64509","","39346","8","2925","1","0"
"12323","Shattered","14922","2","64510","","39347","8","2926","1","0"
"12324","Hot Pocket","14922","0","64512","Slag Pot","39348","69","63536","1","0"
"12324","Hot Pocket","14922","1","64513","","39349","8","2927","1","0"
"12324","Hot Pocket","14922","2","64514","","39350","8","2928","1","0"
"12325","Stokin' the Furnace","14922","0","64516","","39351","165","1136","1","0"
"12325","Stokin' the Furnace","14922","1","64517","","10102","8","2930","1","0"
"12325","Stokin' the Furnace","14922","2","64518","","10367","8","2929","1","0"
"12326","Nerf Engineering","14922","0","64523","","39354","165","1142","1","0"
"12326","Nerf Engineering","14922","1","64524","","39355","8","2931","1","0"
"12326","Nerf Engineering","14922","2","64525","","39356","8","2932","1","0"
"12327","Nerf Scrapbots","14922","0","64527","Kill 20 XS-013 Scrapbots with an XE-321 Boombot","39357","28","65037","20","0"
"12327","Nerf Scrapbots","14922","1","64528","","39358","8","2933","1","0"
"12327","Nerf Scrapbots","14922","2","64529","","39359","8","2935","1","0"
"12328","Nerf Gravity Bombs","14922","0","64531","","39360","165","1142","1","0"
"12328","Nerf Gravity Bombs","14922","1","64532","","39361","8","2934","1","0"
"12328","Nerf Gravity Bombs","14922","2","64533","","39362","8","2936","1","0"
"12329","Must Deconstruct Faster","14922","0","64535","","39363","165","1142","1","0"
"12329","Must Deconstruct Faster","14922","1","64536","","39364","8","2937","1","0"
"12329","Must Deconstruct Faster","14922","2","64537","","39365","8","2938","1","0"
"12330","Heartbreaker","14922","0","64542","","39366","165","1142","1","0"
"12330","Heartbreaker","14922","1","64543","","10103","8","3058","1","0"
"12330","Heartbreaker","14922","2","64544","","10368","8","3059","1","0"
"12332","I Choose You, Runemaster Molgeim","14922","0","64548","","39371","0","32927","1","0"
"12332","I Choose You, Runemaster Molgeim","14922","1","64549","","39372","8","2939","1","0"
"12332","I Choose You, Runemaster Molgeim","14922","2","64550","","39373","8","2942","1","0"
"12333","I Choose You, Stormcaller Brundir","14922","0","64552","","39374","0","32857","1","0"
"12333","I Choose You, Stormcaller Brundir","14922","1","64553","","39375","8","2940","1","0"
"12333","I Choose You, Stormcaller Brundir","14922","2","64554","","39376","8","2943","1","0"
"12334","I Choose You, Steelbreaker","14922","0","64558","","39377","0","32867","1","0"
"12334","I Choose You, Steelbreaker","14922","1","64559","","10104","8","2941","1","0"
"12334","I Choose You, Steelbreaker","14922","2","64560","","10369","8","2944","1","0"
"12335","But I'm On Your Side","14922","0","64565","","39380","165","1140","1","0"
"12335","But I'm On Your Side","14922","1","64566","","39382","8","2945","1","0"
"12335","But I'm On Your Side","14922","2","64567","","39383","8","2946","1","0"
"12336","Can't Do That While Stunned","14922","0","64570","","39384","165","1140","1","0"
"12336","Can't Do That While Stunned","14922","1","64571","","39385","8","2947","1","0"
"12336","Can't Do That While Stunned","14922","2","64572","","39386","8","2948","1","0"
"12337","With Open Arms","14922","0","64574","","39388","165","1137","1","0"
"12337","With Open Arms","14922","1","64575","","39389","8","2951","1","0"
"12337","With Open Arms","14922","2","64576","","39390","8","2952","1","0"
"12338","Disarmed","14922","0","64584","","39394","165","1137","1","0"
"12338","Disarmed","14922","1","64585","","10105","8","2953","1","0"
"12338","Disarmed","14922","2","64586","","10370","8","2954","1","0"
"12339","If Looks Could Kill","14922","0","64589","","39397","165","1137","1","0"
"12339","If Looks Could Kill","14922","1","64590","","39398","8","2955","1","0"
"12339","If Looks Could Kill","14922","2","64591","","39399","8","2956","1","0"
"12340","Rubble and Roll","14922","0","64593","","39400","165","1137","1","0"
"12340","Rubble and Roll","14922","1","64594","","39402","8","2959","1","0"
"12340","Rubble and Roll","14922","2","64595","","39403","8","2960","1","0"
"12341","Crazy Cat Lady","14922","0","64599","","39404","165","1131","1","0"
"12341","Crazy Cat Lady","14922","1","64600","","10111","8","3006","1","0"
"12341","Crazy Cat Lady","14922","2","64601","","10376","8","3007","1","0"
"12342","Nine Lives","14922","0","64603","","39406","165","1131","1","0"
"12342","Nine Lives","14922","1","64604","","39407","8","3076","1","0"
"12342","Nine Lives","14922","2","64605","","39408","8","3077","1","0"
"12343","Cheese the Freeze","14922","0","64607","","39409","165","1135","1","0"
"12343","Cheese the Freeze","14922","1","64608","","39410","8","2961","1","0"
"12343","Cheese the Freeze","14922","2","64609","","39411","8","2962","1","0"
"12344","I Have the Coolest Friends","14922","0","64611","Hodir","39412","165","1135","1","0"
"12344","I Have the Coolest Friends","14922","1","64612","","39413","8","2963","1","0"
"12344","I Have the Coolest Friends","14922","2","64613","","39414","8","2965","1","0"
"12345","Getting Cold in Here","14922","0","64615","","39415","165","1135","1","0"
"12345","Getting Cold in Here","14922","1","64616","","39416","8","2967","1","0"
"12345","Getting Cold in Here","14922","2","64617","","39418","8","2968","1","0"
"12346","Staying Buffed All Winter","14922","0","64625","Hodir","39420","69","62821","1","0"
"12346","Staying Buffed All Winter","14922","1","64626","Hodir","39421","69","62807","1","0"
"12346","Staying Buffed All Winter","14922","2","64627","Hodir","39422","69","65134","1","0"
"12346","Staying Buffed All Winter","14922","3","64628","","39423","8","2969","1","0"
"12346","Staying Buffed All Winter","14922","4","64629","","39424","8","2970","1","0"
"12347","I Could Say That This Cache Was Rare","14922","0","64619","","39419","165","1135","1","0"
"12347","I Could Say That This Cache Was Rare","14922","1","64620","","10106","8","3182","1","0"
"12347","I Could Say That This Cache Was Rare","14922","2","64621","","10371","8","3184","1","0"
"12348","Don't Stand in the Lightning","14922","0","64658","Avoid Thorim's Lightning Charge.","39435","165","1141","1","0"
"12348","Don't Stand in the Lightning","14922","1","64659","","39436","8","2971","1","0"
"12348","Don't Stand in the Lightning","14922","2","64660","","39437","8","2972","1","0"
"12349","I'll Take You All On","14922","0/0","8102","Defeat Thorim","39291","165","1141","1","0"
"12349","I'll Take You All On","14922","0/1","64664","","39440","8","2973","1","0"
"12349","I'll Take You All On","14922","0/2","64665","","39441","8","2974","1","0"
"12349","I'll Take You All On","14922","1/0","8103","Participate in slaying Runic Colossus","39438","0","32872","1","0"
"12349","I'll Take You All On","14922","1/1","64666","","39440","8","2973","1","0"
"12349","I'll Take You All On","14922","1/2","64667","","39441","8","2974","1","0"
"12349","I'll Take You All On","14922","2/0","8104","Participate in slaying Ancient Rune Giant","39439","0","32873","1","0"
"12349","I'll Take You All On","14922","2/1","64668","","39440","8","2973","1","0"
"12349","I'll Take You All On","14922","2/2","64669","","39441","8","2974","1","0"
"12350","Who Needs Bloodlust?","14922","0","64671","Defeat Thorim while buffed with Aura of Celerity.","39442","165","1141","1","0"
"12350","Who Needs Bloodlust?","14922","1","64672","","39443","8","2975","1","0"
"12350","Who Needs Bloodlust?","14922","2","64673","","39444","8","2976","1","0"
"12351","Siffed","14922","0","64675","Force Thorim to enter the arena while Sif is present","39445","28","64980","1","0"
"12351","Siffed","14922","1","64676","","39446","8","2977","1","0"
"12351","Siffed","14922","2","64677","","39447","8","2978","1","0"
"12352","Lose Your Illusion","14922","0","64679","Force Thorim to enter the arena while Sif is present","39448","165","1141","1","0"
"12352","Lose Your Illusion","14922","1","64680","","10107","8","3176","1","0"
"12352","Lose Your Illusion","14922","2","64681","","39447","8","2978","1","0"
"12360","Lumberjacked","14922","0","64692","Lumberjacked","39458","28","65296","1","0"
"12360","Lumberjacked","14922","1","64693","","39459","8","2979","1","0"
"12360","Lumberjacked","14922","2","64694","","39460","8","3118","1","0"
"12361","Con-speed-atory","14922","0","64696","Freya","39461","28","65074","1","0"
"12361","Con-speed-atory","14922","1","64697","","39462","8","2980","1","0"
"12361","Con-speed-atory","14922","2","64698","","39463","8","2981","1","0"
"12362","Deforestation","14922","0","64700","Freya","39464","29","65015","1","0"
"12362","Deforestation","14922","1","64701","Freya","39465","28","65015","1","0"
"12362","Deforestation","14922","2","64702","","39466","8","2985","1","0"
"12362","Deforestation","14922","3","64703","","39467","8","2984","1","0"
"12363","Getting Back to Nature","14922","0","8278","Freya","39468","165","1133","1","0"
"12363","Getting Back to Nature","14922","1","64704","","39469","8","2982","1","0"
"12363","Getting Back to Nature","14922","2","64705","","39470","8","2983","1","0"
"12364","Knock on Wood","14922","0","64707","Freya","39471","165","1133","1","0"
"12364","Knock on Wood","14922","1","64708","","39472","8","3177","1","0"
"12364","Knock on Wood","14922","2","64709","","39473","8","3185","1","0"
"12365","Knock, Knock on Wood","14922","0","64711","Freya","39474","165","1133","1","0"
"12365","Knock, Knock on Wood","14922","1","64712","","39475","8","3178","1","0"
"12365","Knock, Knock on Wood","14922","2","64713","","39476","8","3186","1","0"
"12366","Knock, Knock, Knock on Wood","14922","0","64715","Freya","39477","165","1133","1","0"
"12366","Knock, Knock, Knock on Wood","14922","1","64716","","10108","8","3179","1","0"
"12366","Knock, Knock, Knock on Wood","14922","2","64717","","10373","8","3187","1","0"
"12367","Set Up Us the Bomb","14922","0/0","64720","A Proximity Mine","39478","165","1138","1","0"
"12367","Set Up Us the Bomb","14922","0/1","64721","","39481","8","2989","1","0"
"12367","Set Up Us the Bomb","14922","0/2","64722","","39482","8","3237","1","0"
"12367","Set Up Us the Bomb","14922","1/0","64724","A Rocket Strike","39479","165","1138","1","0"
"12367","Set Up Us the Bomb","14922","1/1","64725","","39481","8","2989","1","0"
"12367","Set Up Us the Bomb","14922","1/2","64726","","39482","8","3237","1","0"
"12367","Set Up Us the Bomb","14922","2/0","64728","A Bomb Bot","39480","165","1138","1","0"
"12367","Set Up Us the Bomb","14922","2/1","64729","","39481","8","2989","1","0"
"12367","Set Up Us the Bomb","14922","2/2","64730","","39482","8","3237","1","0"
"12368","Not-So-Friendly Fire","14922","0","64732","Assault Bot Destroyed","39483","28","65040","1","0"
"12368","Not-So-Friendly Fire","14922","1","64733","","39484","8","3138","1","0"
"12368","Not-So-Friendly Fire","14922","2","64734","","39485","8","2995","1","0"
"12369","Firefighter","14922","0","64736","Mimiron","39486","165","1138","1","0"
"12369","Firefighter","14922","1","64737","","10464","8","3180","1","0"
"12369","Firefighter","14922","2","64738","","10465","8","3189","1","0"
"12372","Shadowdodger","14922","0","64740","","39487","165","1134","1","0"
"12372","Shadowdodger","14922","1","64741","","39488","8","2996","1","0"
"12372","Shadowdodger","14922","2","64742","","39489","8","2997","1","0"
"12373","I Love the Smell of Saronite in the Morning","14922","0","64744","Vezax","39490","165","1134","1","0"
"12373","I Love the Smell of Saronite in the Morning","14922","1","64745","","10110","8","3181","1","0"
"12373","I Love the Smell of Saronite in the Morning","14922","2","64746","","10375","8","3188","1","0"
"12384","Kiss and Make Up","14922","0","64748","Sara","39491","54","58","1","0"
"12384","Kiss and Make Up","14922","1","64749","","39492","8","3009","1","0"
"12384","Kiss and Make Up","14922","2","64750","","39493","8","3011","1","0"
"12385","Three Lights in the Darkness","14922","0","64752","Yogg-Saron","39494","165","1143","1","0"
"12385","Three Lights in the Darkness","14922","1","64753","","39495","8","3157","1","0"
"12385","Three Lights in the Darkness","14922","2","64754","","39496","8","3161","1","0"
"12386","Two Lights in the Darkness","14922","0","64756","Yogg-Saron","39497","165","1143","1","0"
"12386","Two Lights in the Darkness","14922","1","64757","","39498","8","3141","1","0"
"12386","Two Lights in the Darkness","14922","2","64758","","39499","8","3162","1","0"
"12387","One Light in the Darkness","14922","0","64760","Yogg-Saron","39500","165","1143","1","0"
"12387","One Light in the Darkness","14922","1","64761","","10112","8","3158","1","0"
"12387","One Light in the Darkness","14922","2","64762","","10377","8","3163","1","0"
"12388","Alone in the Darkness","14922","0","64764","Yogg-Saron","39501","165","1143","1","0"
"12388","Alone in the Darkness","14922","1","64765","","39502","8","3159","1","0"
"12388","Alone in the Darkness","14922","2","64766","","39503","8","3164","1","0"
"12395","Drive Me Crazy","14922","0","64768","Yogg-Saron","39504","165","1143","1","0"
"12395","Drive Me Crazy","14922","1","64769","","39505","8","3008","1","0"
"12395","Drive Me Crazy","14922","2","64770","","39506","8","3010","1","0"
"12396","He's Not Getting Any Older","14922","0","64772","Yogg-Saron","39507","165","1143","1","0"
"12396","He's Not Getting Any Older","14922","1","64773","","39508","8","3012","1","0"
"12396","He's Not Getting Any Older","14922","2","64774","","39509","8","3013","1","0"
"12397","They're Coming Out of the Walls","14922","0","64776","Kill 9 Guardians of Yogg-Saron in 12 seconds..","39510","0","33136","9","0"
"12397","They're Coming Out of the Walls","14922","1","64777","","39511","8","3014","1","0"
"12397","They're Coming Out of the Walls","14922","2","64778","","39512","8","3017","1","0"
"12398","In His House He Waits Dreaming","14922","0/0","64781","The Assassination of King Llane","10321","69","63988","1","0"
"12398","In His House He Waits Dreaming","14922","0/1","64782","","39515","8","3015","1","0"
"12398","In His House He Waits Dreaming","14922","0/2","64783","","39516","8","3016","1","0"
"12398","In His House He Waits Dreaming","14922","1/0","64785","The Forging of the Demon Soul","39513","69","63988","1","0"
"12398","In His House He Waits Dreaming","14922","1/1","64786","","39515","8","3015","1","0"
"12398","In His House He Waits Dreaming","14922","1/2","64787","","39516","8","3016","1","0"
"12398","In His House He Waits Dreaming","14922","2/0","64789","The Tortured Champion","39514","69","63988","1","0"
"12398","In His House He Waits Dreaming","14922","2/1","64790","","39515","8","3015","1","0"
"12398","In His House He Waits Dreaming","14922","2/2","64791","","39516","8","3016","1","0"
"12399","Observed","14922","0","64793","Algalon the Observer","39517","165","1130","1","0"
"12399","Observed","14922","1","64794","","39518","8","3036","1","0"
"12399","Observed","14922","2","64795","","39519","8","3037","1","0"
"12400","Supermassive","14922","0/0","64798","Close 3 Black Holes within 10 seconds","39522","28","65312","3","0"
"12400","Supermassive","14922","0/1","64799","","39520","8","3003","1","0"
"12400","Supermassive","14922","0/2","64800","","39521","8","3002","1","0"
"12400","Supermassive","14922","1/0","64802","Defeat Algalon the Observer","39523","165","1130","1","0"
"12400","Supermassive","14922","1/1","64803","","39521","8","3002","1","0"
"12400","Supermassive","14922","1/2","64804","","39520","8","3003","1","0"
