"status","current_ability_exists","current_spell_name_exists","profession","profession_id","recipe_spell_id","name","skill_line_ability_id","trade_category_id","trade_category_name","house_decor_recipe","acquire_method","supercedes_spell_id"
"named_recipe","True","True","Alchemy","171","53771","Transmute: Eternal Life to Shadow","18351","629","Transmutation","False","0","0"
"named_recipe","True","True","Alchemy","171","53773","Transmute: Eternal Life to Fire","18350","629","Transmutation","False","0","0"
"named_recipe","True","True","Alchemy","171","53774","Transmute: Eternal Fire to Water","18349","629","Transmutation","False","0","0"
"named_recipe","True","True","Alchemy","171","53775","Transmute: Eternal Fire to Life","18348","629","Transmutation","False","0","0"
"named_recipe","True","True","Alchemy","171","53776","Transmute: Eternal Air to Water","18345","629","Transmutation","False","0","0"
"named_recipe","True","True","Alchemy","171","53777","Transmute: Eternal Air to Earth","18344","629","Transmutation","False","0","0"
"named_recipe","True","True","Alchemy","171","53779","Transmute: Eternal Shadow to Earth","18352","629","Transmutation","False","0","0"
"named_recipe","True","True","Alchemy","171","53780","Transmute: Eternal Shadow to Life","18353","629","Transmutation","False","0","0"
"named_recipe","True","True","Alchemy","171","53781","Transmute: Eternal Earth to Air","18346","629","Transmutation","False","0","0"
"named_recipe","True","True","Alchemy","171","53782","Transmute: Eternal Earth to Shadow","18347","629","Transmutation","False","0","0"
"named_recipe","True","True","Alchemy","171","53783","Transmute: Eternal Water to Air","18354","629","Transmutation","False","0","0"
"named_recipe","True","True","Alchemy","171","53784","Transmute: Eternal Water to Fire","18355","629","Transmutation","False","0","0"
"named_recipe","True","True","Alchemy","171","53812","Pygmy Oil","18323","631","Oils","False","0","0"
"named_recipe","True","True","Alchemy","171","53836","Runic Healing Potion","18325","626","Potions","False","0","0"
"named_recipe","True","True","Alchemy","171","53837","Runic Mana Potion","18326","626","Potions","False","0","0"
"named_recipe","True","True","Alchemy","171","53838","Resurgent Healing Potion","18327","626","Potions","False","1","0"
"named_recipe","True","True","Alchemy","171","53839","Icy Mana Potion","18343","626","Potions","False","1","0"
"named_recipe","True","True","Alchemy","171","53840","Elixir of Mighty Agility","18328","627","Elixirs","False","0","0"
"named_recipe","True","True","Alchemy","171","53841","Wrath Elixir","18342","627","Elixirs","False","0","0"
"named_recipe","True","True","Alchemy","171","53842","Spellpower Elixir","18329","627","Elixirs","False","0","0"
"named_recipe","True","True","Alchemy","171","53847","Elixir of Versatility","18330","627","Elixirs","False","0","0"
"named_recipe","True","True","Alchemy","171","53848","Guru's Elixir","18340","627","Elixirs","False","0","0"
"named_recipe","True","True","Alchemy","171","53895","Crazy Alchemist's Potion","18331","626","Potions","False","0","0"
"named_recipe","True","True","Alchemy","171","53898","Elixir of Mighty Fortitude","18332","627","Elixirs","False","0","0"
"named_recipe","True","True","Alchemy","171","53899","Lesser Flask of Toughness","18339","628","Flasks","False","0","0"
"named_recipe","True","True","Alchemy","171","53900","Potion of Nightmares","18333","626","Potions","False","0","0"
"named_recipe","True","True","Alchemy","171","53901","Flask of the Frost Wyrm","18338","628","Flasks","False","0","0"
"named_recipe","True","True","Alchemy","171","53902","Flask of Stoneblood","18337","628","Flasks","False","0","0"
"named_recipe","True","True","Alchemy","171","53903","Flask of Endless Rage","18336","628","Flasks","False","0","0"
"named_recipe","True","True","Alchemy","171","53904","Powerful Rejuvenation Potion","18335","626","Potions","False","0","0"
"named_recipe","True","True","Alchemy","171","53905","Indestructible Potion","18334","626","Potions","False","0","0"
"named_recipe","True","True","Alchemy","171","53936","Mighty Arcane Protection Potion","18357","626","Potions","False","0","0"
"named_recipe","True","True","Alchemy","171","53937","Mighty Frost Protection Potion","18358","626","Potions","False","0","0"
"named_recipe","True","True","Alchemy","171","53938","Mighty Shadow Protection Potion","18359","626","Potions","False","0","0"
"named_recipe","True","True","Alchemy","171","53939","Mighty Fire Protection Potion","18360","626","Potions","False","0","0"
"named_recipe","True","True","Alchemy","171","53942","Mighty Nature Protection Potion","18356","626","Potions","False","0","0"
"named_recipe","True","True","Alchemy","171","54020","Transmute: Eternal Might","18487","629","Transmutation","False","0","0"
"named_recipe","True","True","Alchemy","171","54213","Flask of Pure Mojo","18531","628","Flasks","False","0","0"
"named_recipe","True","True","Alchemy","171","54218","Elixir of Mighty Strength","18532","627","Elixirs","False","0","0"
"named_recipe","True","True","Alchemy","171","54220","Elixir of Protection","18533","627","Elixirs","False","0","0"
"named_recipe","True","True","Alchemy","171","54221","Potion of Speed","18534","626","Potions","False","0","0"
"named_recipe","True","True","Alchemy","171","54222","Potion of Wild Magic","18535","626","Potions","False","0","0"
"named_recipe","True","True","Alchemy","171","56519","Elixir of Mighty Mageblood","19577","627","Elixirs","False","0","0"
"named_recipe","True","True","Alchemy","171","57425","Transmute: Skyflare Diamond","19710","629","Transmutation","False","0","0"
"named_recipe","True","True","Alchemy","171","57427","Transmute: Earthsiege Diamond","19711","629","Transmutation","False","0","0"
"named_recipe","True","True","Alchemy","171","58868","Endless Mana Potion","20096","626","Potions","False","0","0"
"named_recipe","True","True","Alchemy","171","58871","Endless Healing Potion","20097","626","Potions","False","0","0"
"named_recipe","True","True","Alchemy","171","60350","Transmute: Titanium","20282","629","Transmutation","False","0","0"
"named_recipe","True","True","Alchemy","171","60354","Elixir of Accuracy","20275","627","Elixirs","False","0","0"
"named_recipe","True","True","Alchemy","171","60355","Elixir of Deadly Strikes","20276","627","Elixirs","False","0","0"
"named_recipe","True","True","Alchemy","171","60356","Elixir of Mighty Defense","20277","627","Elixirs","False","0","0"
"named_recipe","True","True","Alchemy","171","60357","Elixir of Mighty Intellect","20278","627","Elixirs","False","0","0"
"named_recipe","True","True","Alchemy","171","60365","Elixir of Armor Piercing","20279","627","Elixirs","False","0","0"
"named_recipe","True","True","Alchemy","171","60366","Elixir of Lightning Speed","20280","627","Elixirs","False","0","0"
"named_recipe","True","True","Alchemy","171","60367","Elixir of Mighty Thoughts","20281","627","Elixirs","False","0","0"
"named_recipe","True","True","Alchemy","171","60396","Mercurial Alchemist Stone","20273","630","Trinkets","False","0","0"
"named_recipe","True","True","Alchemy","171","60403","Indestructible Alchemist Stone","20272","630","Trinkets","False","0","0"
"named_recipe","True","True","Alchemy","171","60405","Mighty Alchemist Stone","20274","630","Trinkets","False","0","0"
"named_recipe","True","True","Alchemy","171","60893","Northrend Alchemy Research","20381","625","Research","False","0","0"
"named_recipe","True","True","Alchemy","171","62409","Ethereal Oil","20768","631","Oils","False","0","0"
"named_recipe","True","True","Alchemy","171","62410","Elixir of Water Walking","20769","627","Elixirs","False","0","0"
"named_recipe","True","True","Alchemy","171","66658","Transmute: Ametrine","21177","629","Transmutation","False","0","0"
"named_recipe","True","True","Alchemy","171","66659","Transmute: Cardinal Ruby","21178","629","Transmutation","False","0","0"
"named_recipe","True","True","Alchemy","171","66660","Transmute: King's Amber","21179","629","Transmutation","False","0","0"
"named_recipe","True","True","Alchemy","171","66662","Transmute: Dreadstone","21180","629","Transmutation","False","0","0"
"named_recipe","True","True","Alchemy","171","66663","Transmute: Majestic Zircon","21181","629","Transmutation","False","0","0"
"named_recipe","True","True","Alchemy","171","66664","Transmute: Eye of Zul","21176","629","Transmutation","False","0","0"
"named_recipe","True","True","Alchemy","171","1263558","San'layn Blood Orb","56367","2336","House Decor","True","0","0"
"named_recipe","True","True","Alchemy","171","1263559","Icecrown Plague Canister","56368","2336","House Decor","True","0","0"
"named_recipe","True","True","Blacksmithing","164","52567","Cobalt Legplates","17886","579","Armor","False","0","0"
"named_recipe","True","True","Blacksmithing","164","52568","Cobalt Belt","17883","579","Armor","False","0","0"
"named_recipe","True","True","Blacksmithing","164","52569","Cobalt Boots","17884","579","Armor","False","0","0"
"named_recipe","True","True","Blacksmithing","164","52570","Cobalt Chestpiece","17885","579","Armor","False","0","0"
"named_recipe","True","True","Blacksmithing","164","52571","Cobalt Helm","17887","579","Armor","False","1","0"
"named_recipe","True","True","Blacksmithing","164","52572","Cobalt Shoulders","17888","579","Armor","False","0","0"
"named_recipe","True","True","Blacksmithing","164","54550","Cobalt Triangle Shield","18896","580","Shields","False","0","0"
"named_recipe","True","True","Blacksmithing","164","54551","Tempered Saronite Belt","18897","579","Armor","False","0","0"
"named_recipe","True","True","Blacksmithing","164","54552","Tempered Saronite Boots","18898","579","Armor","False","0","0"
"named_recipe","True","True","Blacksmithing","164","54553","Tempered Saronite Breastplate","18899","579","Armor","False","0","0"
"named_recipe","True","True","Blacksmithing","164","54554","Tempered Saronite Legplates","18900","579","Armor","False","0","0"
"named_recipe","True","True","Blacksmithing","164","54555","Tempered Saronite Helm","18901","579","Armor","False","0","0"
"named_recipe","True","True","Blacksmithing","164","54556","Tempered Saronite Shoulders","18902","579","Armor","False","0","0"
"named_recipe","True","True","Blacksmithing","164","54557","Saronite Defender","18903","580","Shields","False","0","0"
"named_recipe","True","True","Blacksmithing","164","54917","Spiked Cobalt Helm","19163","579","Armor","False","0","0"
"named_recipe","True","True","Blacksmithing","164","54918","Spiked Cobalt Boots","19164","579","Armor","False","0","0"
"named_recipe","True","True","Blacksmithing","164","54941","Spiked Cobalt Shoulders","19165","579","Armor","False","0","0"
"named_recipe","True","True","Blacksmithing","164","54944","Spiked Cobalt Chestpiece","19166","579","Armor","False","0","0"
"named_recipe","True","True","Blacksmithing","164","54945","Spiked Cobalt Gauntlets","19167","579","Armor","False","0","0"
"named_recipe","True","True","Blacksmithing","164","54946","Spiked Cobalt Belt","19168","579","Armor","False","0","0"
"named_recipe","True","True","Blacksmithing","164","54947","Spiked Cobalt Legplates","19169","579","Armor","False","0","0"
"named_recipe","True","True","Blacksmithing","164","54948","Spiked Cobalt Bracers","19170","579","Armor","False","0","0"
"named_recipe","True","True","Blacksmithing","164","54949","Horned Cobalt Helm","19171","579","Armor","False","0","0"
"named_recipe","True","True","Blacksmithing","164","54978","Reinforced Cobalt Shoulders","19172","579","Armor","False","0","0"
"named_recipe","True","True","Blacksmithing","164","54979","Reinforced Cobalt Helm","19173","579","Armor","False","0","0"
"named_recipe","True","True","Blacksmithing","164","54980","Reinforced Cobalt Legplates","19174","579","Armor","False","0","0"
"named_recipe","True","True","Blacksmithing","164","54981","Reinforced Cobalt Chestpiece","19175","579","Armor","False","0","0"
"named_recipe","True","True","Blacksmithing","164","55013","Saronite Protector","19176","580","Shields","False","0","0"
"named_recipe","True","True","Blacksmithing","164","55014","Saronite Bulwark","19178","580","Shields","False","0","0"
"named_recipe","True","True","Blacksmithing","164","55015","Tempered Saronite Gauntlets","19179","579","Armor","False","0","0"
"named_recipe","True","True","Blacksmithing","164","55017","Tempered Saronite Bracers","19177","579","Armor","False","0","0"
"named_recipe","True","True","Blacksmithing","164","55055","Brilliant Saronite Legplates","19185","579","Armor","False","0","0"
"named_recipe","True","True","Blacksmithing","164","55056","Brilliant Saronite Gauntlets","19186","579","Armor","False","0","0"
"named_recipe","True","True","Blacksmithing","164","55057","Brilliant Saronite Boots","19187","579","Armor","False","0","0"
"named_recipe","True","True","Blacksmithing","164","55058","Brilliant Saronite Breastplate","19188","579","Armor","False","0","0"
"named_recipe","True","True","Blacksmithing","164","55174","Honed Cobalt Cleaver","19214","581","Weapons","False","0","0"
"named_recipe","True","True","Blacksmithing","164","55177","Savage Cobalt Slicer","19215","581","Weapons","False","0","0"
"named_recipe","True","True","Blacksmithing","164","55179","Saronite Ambusher","19216","581","Weapons","False","0","0"
"named_recipe","True","True","Blacksmithing","164","55181","Saronite Shiv","19217","581","Weapons","False","0","0"
"named_recipe","True","True","Blacksmithing","164","55182","Furious Saronite Beatstick","19218","581","Weapons","False","0","0"
"named_recipe","True","True","Blacksmithing","164","55183","Corroded Saronite Edge","19219","581","Weapons","False","0","0"
"named_recipe","True","True","Blacksmithing","164","55184","Corroded Saronite Woundbringer","19220","581","Weapons","False","0","0"
"named_recipe","True","True","Blacksmithing","164","55185","Saronite Mindcrusher","19221","581","Weapons","False","0","0"
"named_recipe","True","True","Blacksmithing","164","55186","Chestplate of Conquest","19222","579","Armor","False","0","0"
"named_recipe","True","True","Blacksmithing","164","55187","Legplates of Conquest","19223","579","Armor","False","0","0"
"named_recipe","True","True","Blacksmithing","164","55200","Sturdy Cobalt Quickblade","19239","581","Weapons","False","0","0"
"named_recipe","True","True","Blacksmithing","164","55201","Cobalt Tenderizer","19240","581","Weapons","False","0","0"
"named_recipe","True","True","Blacksmithing","164","55203","Forged Cobalt Claymore","19241","581","Weapons","False","0","0"
"named_recipe","True","True","Blacksmithing","164","55204","Notched Cobalt War Axe","19242","581","Weapons","False","0","0"
"named_recipe","True","True","Blacksmithing","164","55206","Deadly Saronite Dirk","19244","581","Weapons","False","0","0"
"named_recipe","True","True","Blacksmithing","164","55298","Vengeance Bindings","19273","579","Armor","False","0","0"
"named_recipe","True","True","Blacksmithing","164","55300","Righteous Gauntlets","19274","579","Armor","False","0","0"
"named_recipe","True","True","Blacksmithing","164","55301","Daunting Handguards","19275","579","Armor","False","0","0"
"named_recipe","True","True","Blacksmithing","164","55302","Helm of Command","19276","579","Armor","False","0","0"
"named_recipe","True","True","Blacksmithing","164","55303","Daunting Legplates","19277","579","Armor","False","0","0"
"named_recipe","True","True","Blacksmithing","164","55304","Righteous Greaves","19278","579","Armor","False","0","0"
"named_recipe","True","True","Blacksmithing","164","55305","Savage Saronite Bracers","19279","579","Armor","False","0","0"
"named_recipe","True","True","Blacksmithing","164","55306","Savage Saronite Pauldrons","19280","579","Armor","False","0","0"
"named_recipe","True","True","Blacksmithing","164","55307","Savage Saronite Waistguard","19281","579","Armor","False","0","0"
"named_recipe","True","True","Blacksmithing","164","55308","Savage Saronite Walkers","19282","579","Armor","False","0","0"
"named_recipe","True","True","Blacksmithing","164","55309","Savage Saronite Gauntlets","19283","579","Armor","False","0","0"
"named_recipe","True","True","Blacksmithing","164","55310","Savage Saronite Legplates","19285","579","Armor","False","0","0"
"named_recipe","True","True","Blacksmithing","164","55311","Savage Saronite Hauberk","19284","579","Armor","False","0","0"
"named_recipe","True","True","Blacksmithing","164","55312","Savage Saronite Skullshield","19286","579","Armor","False","0","0"
"named_recipe","True","True","Blacksmithing","164","55369","Titansteel Destroyer","19304","581","Weapons","False","0","0"
"named_recipe","True","True","Blacksmithing","164","55370","Titansteel Bonecrusher","19305","581","Weapons","False","0","0"
"named_recipe","True","True","Blacksmithing","164","55371","Titansteel Guardian","19297","581","Weapons","False","0","0"
"named_recipe","True","True","Blacksmithing","164","55372","Spiked Titansteel Helm","19298","579","Armor","False","0","0"
"named_recipe","True","True","Blacksmithing","164","55373","Tempered Titansteel Helm","19299","579","Armor","False","0","0"
"named_recipe","True","True","Blacksmithing","164","55374","Brilliant Titansteel Helm","19301","579","Armor","False","0","0"
"named_recipe","True","True","Blacksmithing","164","55375","Spiked Titansteel Treads","19302","579","Armor","False","0","0"
"named_recipe","True","True","Blacksmithing","164","55376","Tempered Titansteel Treads","19303","579","Armor","False","0","0"
"named_recipe","True","True","Blacksmithing","164","55377","Brilliant Titansteel Treads","19306","579","Armor","False","0","0"
"named_recipe","True","True","Blacksmithing","164","55656","Eternal Belt Buckle","19380","578","Equipment Mods","False","0","0"
"named_recipe","True","True","Blacksmithing","164","55834","Cobalt Bracers","19415","579","Armor","False","1","0"
"named_recipe","True","True","Blacksmithing","164","55835","Cobalt Gauntlets","19416","579","Armor","False","0","0"
"named_recipe","True","True","Blacksmithing","164","55839","Titanium Weapon Chain","19421","578","Equipment Mods","False","0","0"
"named_recipe","True","True","Blacksmithing","164","56234","Titansteel Shanker","19533","581","Weapons","False","0","0"
"named_recipe","True","True","Blacksmithing","164","56280","Cudgel of Saronite Justice","19536","581","Weapons","False","0","0"
"named_recipe","True","True","Blacksmithing","164","56357","Titanium Shield Spike","19540","578","Equipment Mods","False","0","0"
"named_recipe","True","True","Blacksmithing","164","56400","Titansteel Shield Wall","19546","580","Shields","False","0","0"
"named_recipe","True","True","Blacksmithing","164","56549","Ornate Saronite Bracers","19580","579","Armor","False","0","0"
"named_recipe","True","True","Blacksmithing","164","56550","Ornate Saronite Pauldrons","19581","579","Armor","False","0","0"
"named_recipe","True","True","Blacksmithing","164","56551","Ornate Saronite Waistguard","19582","579","Armor","False","0","0"
"named_recipe","True","True","Blacksmithing","164","56552","Ornate Saronite Walkers","19583","579","Armor","False","0","0"
"named_recipe","True","True","Blacksmithing","164","56553","Ornate Saronite Gauntlets","19584","579","Armor","False","0","0"
"named_recipe","True","True","Blacksmithing","164","56554","Ornate Saronite Legplates","19585","579","Armor","False","0","0"
"named_recipe","True","True","Blacksmithing","164","56555","Ornate Saronite Hauberk","19586","579","Armor","False","0","0"
"named_recipe","True","True","Blacksmithing","164","56556","Ornate Saronite Skullshield","19587","579","Armor","False","0","0"
"named_recipe","True","True","Blacksmithing","164","59405","Cobalt Skeleton Key","20157","582","Skeleton Keys","False","1","0"
"named_recipe","True","True","Blacksmithing","164","59406","Titanium Skeleton Key","20158","582","Skeleton Keys","False","0","0"
"named_recipe","True","True","Blacksmithing","164","59436","Brilliant Saronite Belt","20164","579","Armor","False","0","0"
"named_recipe","True","True","Blacksmithing","164","59438","Brilliant Saronite Bracers","20165","579","Armor","False","0","0"
"named_recipe","True","True","Blacksmithing","164","59440","Brilliant Saronite Pauldrons","20166","579","Armor","False","0","0"
"named_recipe","True","True","Blacksmithing","164","59441","Brilliant Saronite Helm","20167","579","Armor","False","0","0"
"named_recipe","True","True","Blacksmithing","164","59442","Saronite Spellblade","20168","581","Weapons","False","0","0"
"named_recipe","True","True","Blacksmithing","164","61008","Icebane Chestguard","20408","579","Armor","False","0","0"
"named_recipe","True","True","Blacksmithing","164","61009","Icebane Girdle","20409","579","Armor","False","0","0"
"named_recipe","True","True","Blacksmithing","164","61010","Icebane Treads","20410","579","Armor","False","0","0"
"named_recipe","True","True","Blacksmithing","164","62202","Titanium Plating","20752","578","Equipment Mods","False","0","0"
"named_recipe","True","True","Blacksmithing","164","63182","Titansteel Spellblade","20815","581","Weapons","False","0","0"
"named_recipe","True","True","Blacksmithing","164","63187","Belt of the Titans","20819","579","Armor","False","0","0"
"named_recipe","True","True","Blacksmithing","164","63188","Battlelord's Plate Boots","20820","579","Armor","False","0","0"
"named_recipe","True","True","Blacksmithing","164","63189","Plate Girdle of Righteousness","20818","579","Armor","False","0","0"
"named_recipe","True","True","Blacksmithing","164","63190","Treads of Destiny","20816","579","Armor","False","0","0"
"named_recipe","True","True","Blacksmithing","164","63191","Indestructible Plate Girdle","20817","579","Armor","False","0","0"
"named_recipe","True","True","Blacksmithing","164","63192","Spiked Deathdealers","20821","579","Armor","False","0","0"
"named_recipe","True","True","Blacksmithing","164","67091","Breastplate of the White Knight","21197","579","Armor","False","0","0"
"named_recipe","True","True","Blacksmithing","164","67092","Saronite Swordbreakers","21198","579","Armor","False","0","0"
"named_recipe","True","True","Blacksmithing","164","67093","Titanium Razorplate","21199","579","Armor","False","0","0"
"named_recipe","True","True","Blacksmithing","164","67094","Titanium Spikeguards","21200","579","Armor","False","0","0"
"named_recipe","True","True","Blacksmithing","164","67095","Sunforged Breastplate","21201","579","Armor","False","0","0"
"named_recipe","True","True","Blacksmithing","164","67096","Sunforged Bracers","21202","579","Armor","False","0","0"
"named_recipe","True","True","Blacksmithing","164","67130","Breastplate of the White Knight","21208","579","Armor","False","0","0"
"named_recipe","True","True","Blacksmithing","164","67131","Saronite Swordbreakers","21203","579","Armor","False","0","0"
"named_recipe","True","True","Blacksmithing","164","67132","Titanium Razorplate","21204","579","Armor","False","0","0"
"named_recipe","True","True","Blacksmithing","164","67133","Titanium Spikeguards","21205","579","Armor","False","0","0"
"named_recipe","True","True","Blacksmithing","164","67134","Sunforged Breastplate","21206","579","Armor","False","0","0"
"named_recipe","True","True","Blacksmithing","164","67135","Sunforged Bracers","21207","579","Armor","False","0","0"
"named_recipe","True","True","Blacksmithing","164","70562","Puresteel Legplates","21348","579","Armor","False","0","0"
"named_recipe","True","True","Blacksmithing","164","70563","Protectors of Life","21349","579","Armor","False","0","0"
"named_recipe","True","True","Blacksmithing","164","70565","Legplates of Painful Death","21350","579","Armor","False","0","0"
"named_recipe","True","True","Blacksmithing","164","70566","Hellfrozen Bonegrinders","21354","579","Armor","False","0","0"
"named_recipe","True","True","Blacksmithing","164","70567","Pillars of Might","21352","579","Armor","False","0","0"
"named_recipe","True","True","Blacksmithing","164","70568","Boots of Kingly Upheaval","21353","579","Armor","False","0","0"
"named_recipe","True","True","Blacksmithing","164","1261327","Dalaran Runic Anvil","56089","2337","House Decor","True","0","0"
"named_recipe","True","True","Blacksmithing","164","1272614","Dalaran Sun Sconce","56997","2337","House Decor","True","0","0"
"named_recipe","True","True","Blacksmithing","164","1272662","Dalaran Sewer Gate","56998","2337","House Decor","True","0","0"
"named_recipe","True","True","Cooking","185","45549","Mammoth Meal","19721","1025","Everyday Cooking","False","0","0"
"named_recipe","True","True","Cooking","185","45550","Shoveltusk Steak","19722","1025","Everyday Cooking","False","0","0"
"named_recipe","True","True","Cooking","185","45551","Worm Delight","19723","1025","Everyday Cooking","False","0","0"
"named_recipe","True","True","Cooking","185","45552","Roasted Worg","19724","1025","Everyday Cooking","False","0","0"
"named_recipe","True","True","Cooking","185","45553","Rhino Dogs","19725","1025","Everyday Cooking","False","0","0"
"named_recipe","True","True","Cooking","185","45554","Great Feast","19726","1025","Everyday Cooking","False","0","0"
"named_recipe","True","True","Cooking","185","45555","Mega Mammoth Meal","19728","1025","Everyday Cooking","False","0","0"
"named_recipe","True","True","Cooking","185","45556","Tender Shoveltusk Steak","19729","1025","Everyday Cooking","False","0","0"
"named_recipe","True","True","Cooking","185","45557","Spiced Worm Burger","19730","1025","Everyday Cooking","False","0","0"
"named_recipe","True","True","Cooking","185","45558","Very Burnt Worg","19731","1025","Everyday Cooking","False","0","0"
"named_recipe","True","True","Cooking","185","45559","Mighty Rhino Dogs","19732","1025","Everyday Cooking","False","0","0"
"named_recipe","True","True","Cooking","185","45560","Smoked Rockfin","19712","1025","Everyday Cooking","False","0","0"
"named_recipe","True","True","Cooking","185","45561","Grilled Bonescale","19713","1025","Everyday Cooking","False","0","0"
"named_recipe","True","True","Cooking","185","45562","Sauteed Goby","19714","1025","Everyday Cooking","False","0","0"
"named_recipe","True","True","Cooking","185","45563","Grilled Sculpin","19715","1025","Everyday Cooking","False","0","0"
"named_recipe","True","True","Cooking","185","45564","Smoked Salmon","19716","1025","Everyday Cooking","False","0","0"
"named_recipe","True","True","Cooking","185","45565","Poached Nettlefish","19717","1025","Everyday Cooking","False","0","0"
"named_recipe","True","True","Cooking","185","45566","Pickled Fangtooth","19719","1025","Everyday Cooking","False","0","0"
"named_recipe","True","True","Cooking","185","45567","Poached Northern Sculpin","19733","1025","Everyday Cooking","False","0","0"
"named_recipe","True","True","Cooking","185","45568","Firecracker Salmon","19734","1025","Everyday Cooking","False","0","0"
"named_recipe","True","True","Cooking","185","45569","Baked Manta Ray","19718","1025","Everyday Cooking","False","0","0"
"named_recipe","True","True","Cooking","185","45570","Imperial Manta Steak","19736","1025","Everyday Cooking","False","0","0"
"named_recipe","True","True","Cooking","185","45571","Spicy Blue Nettlefish","19735","1025","Everyday Cooking","False","0","0"
"named_recipe","True","True","Cooking","185","53056","Kungaloosh","17986","1025","Everyday Cooking","False","0","0"
"named_recipe","True","True","Cooking","185","57421","Northern Stew","19720","1025","Everyday Cooking","False","0","0"
"named_recipe","True","True","Cooking","185","57423","Fish Feast","19727","1025","Everyday Cooking","False","0","0"
"named_recipe","True","True","Cooking","185","57433","Spicy Fried Herring","19737","1025","Everyday Cooking","False","0","0"
"named_recipe","True","True","Cooking","185","57434","Rhinolicious Wormsteak","19738","1025","Everyday Cooking","False","0","0"
"named_recipe","True","True","Cooking","185","57435","Critter Bites","19739","1025","Everyday Cooking","False","0","0"
"named_recipe","True","True","Cooking","185","57436","Hearty Rhino","19740","1025","Everyday Cooking","False","0","0"
"named_recipe","True","True","Cooking","185","57437","Snapper Extreme","19741","1025","Everyday Cooking","False","0","0"
"named_recipe","True","True","Cooking","185","57438","Blackened Worg Steak","19742","1025","Everyday Cooking","False","0","0"
"named_recipe","True","True","Cooking","185","57439","Cuttlesteak","19743","1025","Everyday Cooking","False","0","0"
"named_recipe","True","True","Cooking","185","57440","Spiced Mammoth Treats","19744","1025","Everyday Cooking","False","0","0"
"named_recipe","True","True","Cooking","185","57441","Blackened Dragonfin","19745","1025","Everyday Cooking","False","0","0"
"named_recipe","True","True","Cooking","185","57442","Dragonfin Filet","19746","1025","Everyday Cooking","False","0","0"
"named_recipe","True","True","Cooking","185","57443","Tracker Snacks","19747","1025","Everyday Cooking","False","0","0"
"named_recipe","True","True","Cooking","185","58065","Dalaran Clam Chowder","19969","1025","Everyday Cooking","False","0","0"
"named_recipe","True","True","Cooking","185","58512","Tasty Cupcake","20021","1025","Everyday Cooking","False","0","0"
"named_recipe","True","True","Cooking","185","58521","Last Week's Mammoth","20022","1025","Everyday Cooking","False","0","0"
"named_recipe","True","True","Cooking","185","58523","Bad Clams","20023","1025","Everyday Cooking","False","0","0"
"named_recipe","True","True","Cooking","185","58525","Haunted Herring","20024","1025","Everyday Cooking","False","0","0"
"named_recipe","True","True","Cooking","185","58527","Gigantic Feast","20025","1025","Everyday Cooking","False","0","0"
"named_recipe","True","True","Cooking","185","58528","Small Feast","20026","1025","Everyday Cooking","False","0","0"
"named_recipe","True","True","Cooking","185","62350","Worg Tartare","20760","1025","Everyday Cooking","False","0","0"
"named_recipe","True","True","Cooking","185","64358","Black Jelly","20993","1025","Everyday Cooking","False","0","0"
"named_recipe","True","True","Enchanting","333","27958","Exceptional Mana","13880","675","Chest Enchantments","False","0","0"
"named_recipe","True","True","Enchanting","333","44484","Haste","16086","674","Glove Enchantments","False","0","0"
"named_recipe","True","True","Enchanting","333","44488","Precision","16088","674","Glove Enchantments","False","0","0"
"named_recipe","True","True","Enchanting","333","44489","Dodge","16089","679","Shield Enchantments","False","0","0"
"named_recipe","True","True","Enchanting","333","44492","Mighty Health","16090","675","Chest Enchantments","False","0","0"
"named_recipe","True","True","Enchanting","333","44500","Superior Agility","16095","676","Cloak Enchantments","False","0","0"
"named_recipe","True","True","Enchanting","333","44506","Gatherer","16096","674","Glove Enchantments","False","0","0"
"named_recipe","True","True","Enchanting","333","44508","Greater Versatility","16094","673","Boot Enchantments","False","0","0"
"named_recipe","True","True","Enchanting","333","44509","Greater Versatility","16097","675","Chest Enchantments","False","0","0"
"named_recipe","True","True","Enchanting","333","44510","Exceptional Versatility","16098","678","Weapon Enchantments","False","0","0"
"named_recipe","True","True","Enchanting","333","44513","Greater Assault","16102","674","Glove Enchantments","False","0","0"
"named_recipe","True","True","Enchanting","333","44524","Icebreaker","16103","678","Weapon Enchantments","False","0","0"
"named_recipe","True","True","Enchanting","333","44528","Greater Fortitude","16099","673","Boot Enchantments","False","0","0"
"named_recipe","True","True","Enchanting","333","44529","Major Agility","16106","674","Glove Enchantments","False","0","0"
"named_recipe","True","True","Enchanting","333","44555","Exceptional Intellect","16104","677","Bracer Enchantments","False","0","0"
"named_recipe","True","True","Enchanting","333","44575","Greater Assault","16107","677","Bracer Enchantments","False","0","0"
"named_recipe","True","True","Enchanting","333","44576","Lifeward","16109","678","Weapon Enchantments","False","0","0"
"named_recipe","True","True","Enchanting","333","44582","Minor Power","16111","676","Cloak Enchantments","False","0","0"
"named_recipe","True","True","Enchanting","333","44584","Greater Vitality","16110","673","Boot Enchantments","False","0","0"
"named_recipe","True","True","Enchanting","333","44588","Exceptional Armor","16114","675","Chest Enchantments","False","0","0"
"named_recipe","True","True","Enchanting","333","44589","Superior Agility","16113","673","Boot Enchantments","False","0","0"
"named_recipe","True","True","Enchanting","333","44591","Superior Dodge","16117","676","Cloak Enchantments","False","0","0"
"named_recipe","True","True","Enchanting","333","44592","Exceptional Spellpower","16119","674","Glove Enchantments","False","0","0"
"named_recipe","True","True","Enchanting","333","44593","Major Versatility","16116","677","Bracer Enchantments","False","0","0"
"named_recipe","True","True","Enchanting","333","44595","Scourgebane","16120","678","Weapon Enchantments","False","0","0"
"named_recipe","True","True","Enchanting","333","44598","Haste","16121","677","Bracer Enchantments","False","0","0"
"named_recipe","True","True","Enchanting","333","44612","Greater Blasting","16118","674","Glove Enchantments","False","0","0"
"named_recipe","True","True","Enchanting","333","44616","Greater Stats","16125","677","Bracer Enchantments","False","0","0"
"named_recipe","True","True","Enchanting","333","44621","Giant Slayer","16126","678","Weapon Enchantments","False","0","0"
"named_recipe","True","True","Enchanting","333","44623","Super Stats","16127","675","Chest Enchantments","False","1","0"
"named_recipe","True","True","Enchanting","333","44625","Armsman","16128","674","Glove Enchantments","False","0","0"
"named_recipe","True","True","Enchanting","333","44629","Exceptional Spellpower","16130","678","Weapon Enchantments","False","0","0"
"named_recipe","True","True","Enchanting","333","44630","Greater Savagery","16129","678","Weapon Enchantments","False","0","0"
"named_recipe","True","True","Enchanting","333","44631","Shadow Armor","16131","676","Cloak Enchantments","False","0","0"
"named_recipe","True","True","Enchanting","333","44633","Exceptional Agility","16132","678","Weapon Enchantments","False","0","0"
"named_recipe","True","True","Enchanting","333","44635","Greater Spellpower","16135","677","Bracer Enchantments","False","0","0"
"named_recipe","True","True","Enchanting","333","47672","Mighty Stamina","16429","676","Cloak Enchantments","False","0","0"
"named_recipe","True","True","Enchanting","333","47766","Greater Dodge","19404","675","Chest Enchantments","False","0","0"
"named_recipe","True","True","Enchanting","333","47898","Greater Speed","16490","676","Cloak Enchantments","False","0","0"
"named_recipe","True","True","Enchanting","333","47899","Wisdom","16491","676","Cloak Enchantments","False","0","0"
"named_recipe","True","True","Enchanting","333","47900","Super Health","20434","675","Chest Enchantments","False","0","0"
"named_recipe","True","True","Enchanting","333","47901","Tuskarr's Vitality","16492","673","Boot Enchantments","False","0","0"
"named_recipe","True","True","Enchanting","333","59619","Accuracy","20444","678","Weapon Enchantments","False","0","0"
"named_recipe","True","True","Enchanting","333","59621","Berserking","20442","678","Weapon Enchantments","False","0","0"
"named_recipe","True","True","Enchanting","333","59625","Black Magic","20443","678","Weapon Enchantments","False","0","0"
"named_recipe","True","True","Enchanting","333","60606","Assault","20427","673","Boot Enchantments","False","0","0"
"named_recipe","True","True","Enchanting","333","60609","Speed","20425","676","Cloak Enchantments","False","1","0"
"named_recipe","True","True","Enchanting","333","60616","Assault","20426","677","Bracer Enchantments","False","0","0"
"named_recipe","True","True","Enchanting","333","60621","Greater Potency","20429","678","Weapon Enchantments","False","0","0"
"named_recipe","True","True","Enchanting","333","60623","Icewalker","20430","673","Boot Enchantments","False","0","0"
"named_recipe","True","True","Enchanting","333","60653","Greater Intellect","20431","679","Shield Enchantments","False","0","0"
"named_recipe","True","True","Enchanting","333","60663","Major Agility","20433","676","Cloak Enchantments","False","0","0"
"named_recipe","True","True","Enchanting","333","60668","Crusher","20435","674","Glove Enchantments","False","0","0"
"named_recipe","True","True","Enchanting","333","60691","Massacre","20437","678","Weapon Enchantments","False","0","0"
"named_recipe","True","True","Enchanting","333","60692","Powerful Stats","20440","675","Chest Enchantments","False","0","0"
"named_recipe","True","True","Enchanting","333","60707","Superior Potency","20438","678","Weapon Enchantments","False","0","0"
"named_recipe","True","True","Enchanting","333","60714","Mighty Spellpower","20439","678","Weapon Enchantments","False","0","0"
"named_recipe","True","True","Enchanting","333","60763","Greater Assault","20441","673","Boot Enchantments","False","0","0"
"named_recipe","True","True","Enchanting","333","60767","Superior Spellpower","20445","677","Bracer Enchantments","False","0","0"
"named_recipe","True","True","Enchanting","333","62256","Major Stamina","20755","677","Bracer Enchantments","False","0","0"
"named_recipe","True","True","Enchanting","333","62257","Titanguard","20756","678","Weapon Enchantments","False","0","0"
"named_recipe","True","True","Enchanting","333","62948","Greater Spellpower","20807","678","Weapon Enchantments","False","0","0"
"named_recipe","True","True","Enchanting","333","62959","Spellpower","20808","678","Weapon Enchantments","False","0","0"
"named_recipe","True","True","Enchanting","333","64441","Blade Ward","20996","678","Weapon Enchantments","False","0","0"
"named_recipe","True","True","Enchanting","333","64579","Blood Draining","21004","678","Weapon Enchantments","False","0","0"
"named_recipe","True","True","Enchanting","333","69412","Abyssal Shatter","21320","672","Reagents","False","0","0"
"named_recipe","True","True","Enchanting","333","71692","Angler","21373","674","Glove Enchantments","False","0","0"
"named_recipe","True","True","Enchanting","333","1262824","Mark of the Mages' Eye","56266","2339","House Decor","True","0","0"
"named_recipe","True","True","Enchanting","333","1262825","Stampwhistle's Postal Portal","56267","2339","House Decor","True","0","0"
"named_recipe","True","True","Engineering","202","30349","Titanium Toolbox","14369","746","Devices","False","0","0"
"named_recipe","True","True","Engineering","202","53281","Volatile Blasting Trigger","18024","743","Reagents","False","1","0"
"named_recipe","True","True","Engineering","202","54353","Mark ""S"" Boomstick","18537","747","Weapons","False","0","0"
"named_recipe","True","True","Engineering","202","54736","EMP Generator","19539","742","Tinkers","False","0","0"
"named_recipe","True","True","Engineering","202","54793","Frag Belt","19544","742","Tinkers","False","0","0"
"named_recipe","True","True","Engineering","202","55002","Flexweave Underlay","19543","742","Tinkers","False","0","0"
"named_recipe","True","True","Engineering","202","55016","Nitro Boosts","19545","742","Tinkers","False","0","0"
"named_recipe","True","True","Engineering","202","55252","Scrapbot Construction Kit","19261","746","Devices","False","0","0"
"named_recipe","True","True","Engineering","202","56349","Handful of Cobalt Bolts","19538","743","Reagents","False","1","0"
"named_recipe","True","True","Engineering","202","56459","Hammer Pick","19554","746","Devices","False","0","0"
"named_recipe","True","True","Engineering","202","56460","Cobalt Frag Bomb","19553","744","Explosives","False","0","0"
"named_recipe","True","True","Engineering","202","56461","Bladed Pickaxe","19555","746","Devices","False","0","0"
"named_recipe","True","True","Engineering","202","56462","Gnomish Army Knife","19570","746","Devices","False","0","0"
"named_recipe","True","True","Engineering","202","56463","Explosive Decoy","19557","744","Explosives","False","0","0"
"named_recipe","True","True","Engineering","202","56464","Overcharged Capacitor","19556","743","Reagents","False","0","0"
"named_recipe","True","True","Engineering","202","56465","Mechanized Snow Goggles","19559","745","Goggles","False","0","0"
"named_recipe","True","True","Engineering","202","56466","Sonic Booster","19561","746","Devices","False","0","0"
"named_recipe","True","True","Engineering","202","56467","Noise Machine","19562","746","Devices","False","0","0"
"named_recipe","True","True","Engineering","202","56468","Box of Bombs","19563","744","Explosives","False","0","0"
"named_recipe","True","True","Engineering","202","56469","Gnomish Lightning Generator","19573","746","Devices","False","0","0"
"named_recipe","True","True","Engineering","202","56470","Sun Scope","19564","748","Scopes","False","0","0"
"named_recipe","True","True","Engineering","202","56471","Froststeel Tube","19560","743","Reagents","False","0","0"
"named_recipe","True","True","Engineering","202","56472","MOLL-E","19565","746","Devices","False","0","0"
"named_recipe","True","True","Engineering","202","56473","Gnomish X-Ray Specs","19567","745","Goggles","False","0","0"
"named_recipe","True","True","Engineering","202","56476","Healing Injector Kit","19571","746","Devices","False","0","0"
"named_recipe","True","True","Engineering","202","56477","Mana Injector Kit","19572","746","Devices","False","0","0"
"named_recipe","True","True","Engineering","202","56478","Heartseeker Scope","19574","748","Scopes","False","0","0"
"named_recipe","True","True","Engineering","202","56479","Armor Plated Combat Shotgun","19575","747","Weapons","False","0","0"
"named_recipe","True","True","Engineering","202","56480","Armored Titanium Goggles","19576","745","Goggles","False","0","0"
"named_recipe","True","True","Engineering","202","56481","Weakness Spectralizers","19588","745","Goggles","False","0","0"
"named_recipe","True","True","Engineering","202","56483","Charged Titanium Specs","19590","745","Goggles","False","0","0"
"named_recipe","True","True","Engineering","202","56484","Visage Liquification Goggles","19591","745","Goggles","False","0","0"
"named_recipe","True","True","Engineering","202","56486","Greensight Gogs","19592","745","Goggles","False","0","0"
"named_recipe","True","True","Engineering","202","56487","Electroflux Sight Enhancers","19593","745","Goggles","False","0","0"
"named_recipe","True","True","Engineering","202","56514","Global Thermal Sapper Charge","19566","744","Explosives","False","0","0"
"named_recipe","True","True","Engineering","202","56574","Truesight Ice Blinders","19589","745","Goggles","False","0","0"
"named_recipe","True","True","Engineering","202","60866","Mechano-Hog","20290","749","Mounts","False","0","0"
"named_recipe","True","True","Engineering","202","60867","Mekgineer's Chopper","20289","749","Mounts","False","0","0"
"named_recipe","True","True","Engineering","202","60874","Nesingwary 4000","20291","747","Weapons","False","0","0"
"named_recipe","True","True","Engineering","202","61471","Diamond-cut Refractor Scope","20650","748","Scopes","False","0","0"
"named_recipe","True","True","Engineering","202","61481","Mechanized Snow Goggles","20653","745","Goggles","False","0","0"
"named_recipe","True","True","Engineering","202","61482","Mechanized Snow Goggles","20654","745","Goggles","False","0","0"
"named_recipe","True","True","Engineering","202","61483","Mechanized Snow Goggles","20655","745","Goggles","False","0","0"
"named_recipe","True","True","Engineering","202","62271","Unbreakable Healing Amplifiers","20759","745","Goggles","False","0","0"
"named_recipe","True","True","Engineering","202","67326","Goblin Beam Welder","21233","746","Devices","False","0","0"
"named_recipe","True","True","Engineering","202","67839","Mind Amplification Dish","21258","742","Tinkers","False","0","0"
"named_recipe","True","True","Engineering","202","67920","Wormhole Generator: Northrend","21251","746","Devices","False","0","0"
"named_recipe","True","True","Engineering","202","68067","Jeeves","21254","746","Devices","False","0","0"
"named_recipe","True","True","Engineering","202","1272676","Joybuzz's Joyful Wall of Trains","56999","2340","House Decor","True","0","0"
"named_recipe","True","True","Engineering","202","1272688","Home Defense Gadget","57000","2340","House Decor","True","0","0"
"named_recipe","True","True","Engineering","202","1272707","Resizable All-Purpose Gear","57001","2340","House Decor","True","0","0"
"named_recipe","True","True","Inscription","773","50603","Scroll of Intellect VII","17498","795","Scrolls & Research","False","0","0"
"named_recipe","True","True","Inscription","773","50604","Scroll of Intellect VIII","17499","795","Scrolls & Research","False","0","0"
"named_recipe","True","True","Inscription","773","50610","Scroll of Versatility VII","17505","795","Scrolls & Research","False","1","0"
"named_recipe","True","True","Inscription","773","50611","Scroll of Versatility VIII","17506","795","Scrolls & Research","False","0","0"
"named_recipe","True","True","Inscription","773","50619","Scroll of Stamina VII","17491","795","Scrolls & Research","False","0","0"
"named_recipe","True","True","Inscription","773","50620","Scroll of Stamina VIII","17492","795","Scrolls & Research","False","0","0"
"named_recipe","True","True","Inscription","773","56948","Glyph of the Orca","19800","794","Glyphs","False","0","0"
"named_recipe","True","True","Inscription","773","57715","Ink of the Sea","19788","793","Inks","False","1","0"
"named_recipe","True","True","Inscription","773","57716","Snowfall Ink","19789","793","Inks","False","1","0"
"named_recipe","True","True","Inscription","773","58482","Scroll of Agility VII","20019","795","Scrolls & Research","False","0","0"
"named_recipe","True","True","Inscription","773","58483","Scroll of Agility VIII","20020","795","Scrolls & Research","False","0","0"
"named_recipe","True","True","Inscription","773","58490","Scroll of Strength VII","20011","795","Scrolls & Research","False","0","0"
"named_recipe","True","True","Inscription","773","58491","Scroll of Strength VIII","20012","795","Scrolls & Research","False","0","0"
"named_recipe","True","True","Inscription","773","59497","Iron-bound Tome","20599","797","Off-Hands","False","0","0"
"named_recipe","True","True","Inscription","773","59498","Faces of Doom","20600","797","Off-Hands","False","0","0"
"named_recipe","True","True","Inscription","773","59504","Darkmoon Card of the North","20269","796","Cards","False","0","0"
"named_recipe","True","True","Inscription","773","60337","Scroll of Recall III","20598","795","Scrolls & Research","False","0","0"
"named_recipe","True","True","Inscription","773","61117","Master's Inscription of the Axe","20421","798","Shoulder Inscription","False","0","0"
"named_recipe","True","True","Inscription","773","61118","Master's Inscription of the Crag","20424","798","Shoulder Inscription","False","0","0"
"named_recipe","True","True","Inscription","773","61119","Master's Inscription of the Pinnacle","20422","798","Shoulder Inscription","False","0","0"
"named_recipe","True","True","Inscription","773","61120","Master's Inscription of the Storm","20423","798","Shoulder Inscription","False","0","0"
"named_recipe","True","True","Inscription","773","64051","Rituals of the New Moon","20911","797","Off-Hands","False","0","0"
"named_recipe","True","True","Inscription","773","64053","Twilight Tome","20912","797","Off-Hands","False","0","0"
"named_recipe","True","True","Inscription","773","69385","Runescroll of Fortitude","21317","795","Scrolls & Research","False","0","0"
"named_recipe","True","True","Inscription","773","1263562","Silver Dalaran Bench","56369","2341","House Decor","True","0","0"
"named_recipe","True","True","Inscription","773","1263564","Dalaran Street Sign","56370","2341","House Decor","True","0","0"
"named_recipe","True","True","Inscription","773","1263570","Dalaran Scholar's Bookcase","56371","2341","House Decor","True","0","0"
"named_recipe","True","True","Inscription","773","1263574","Kirin Tor Crate","56372","2341","House Decor","True","0","0"
"named_recipe","True","True","Inscription","773","1263575","Dalaran Post","56373","2341","House Decor","True","0","0"
"named_recipe","True","True","Jewelcrafting","755","53830","Bold Scarlet Ruby","18434","850","Red Gems","False","0","0"
"named_recipe","True","True","Jewelcrafting","755","53831","Bold Bloodstone","18362","850","Red Gems","False","0","0"
"named_recipe","True","True","Jewelcrafting","755","53832","Delicate Bloodstone","18363","850","Red Gems","False","0","0"
"named_recipe","True","True","Jewelcrafting","755","53843","Subtle Sun Crystal","18366","851","Yellow Gems","False","0","0"
"named_recipe","True","True","Jewelcrafting","755","53844","Flashing Bloodstone","18367","850","Red Gems","False","0","0"
"named_recipe","True","True","Jewelcrafting","755","53845","Smooth Sun Crystal","18368","851","Yellow Gems","False","0","0"
"named_recipe","True","True","Jewelcrafting","755","53852","Brilliant Bloodstone","18374","850","Red Gems","False","0","0"
"named_recipe","True","True","Jewelcrafting","755","53854","Rigid Chalcedony","18376","846","Blue Gems","False","0","0"
"named_recipe","True","True","Jewelcrafting","755","53856","Quick Sun Crystal","18379","851","Yellow Gems","False","0","0"
"named_recipe","True","True","Jewelcrafting","755","53857","Mystic Sun Crystal","18378","851","Yellow Gems","False","0","0"
"named_recipe","True","True","Jewelcrafting","755","53859","Sovereign Shadow Crystal","18380","849","Purple Gems","False","0","0"
"named_recipe","True","True","Jewelcrafting","755","53860","Shifting Shadow Crystal","18381","849","Purple Gems","False","0","0"
"named_recipe","True","True","Jewelcrafting","755","53861","Glinting Shadow Crystal","18382","849","Purple Gems","False","0","0"
"named_recipe","True","True","Jewelcrafting","755","53865","Mysterious Shadow Crystal","18386","849","Purple Gems","False","1","0"
"named_recipe","True","True","Jewelcrafting","755","53869","Defender's Shadow Crystal","18390","849","Purple Gems","False","0","0"
"named_recipe","True","True","Jewelcrafting","755","53870","Jagged Dark Jade","18391","847","Green Gems","False","0","0"
"named_recipe","True","True","Jewelcrafting","755","53871","Guardian's Shadow Crystal","18392","849","Purple Gems","False","0","0"
"named_recipe","True","True","Jewelcrafting","755","53872","Inscribed Huge Citrine","18393","848","Orange Gems","False","0","0"
"named_recipe","True","True","Jewelcrafting","755","53873","Etched Shadow Crystal","18394","849","Purple Gems","False","0","0"
"named_recipe","True","True","Jewelcrafting","755","53874","Champion's Huge Citrine","18395","848","Orange Gems","False","0","0"
"named_recipe","True","True","Jewelcrafting","755","53875","Resplendent Huge Citrine","18396","848","Orange Gems","False","0","0"
"named_recipe","True","True","Jewelcrafting","755","53876","Fierce Huge Citrine","18397","848","Orange Gems","False","0","0"
"named_recipe","True","True","Jewelcrafting","755","53877","Deadly Huge Citrine","18398","848","Orange Gems","False","0","0"
"named_recipe","True","True","Jewelcrafting","755","53879","Lucent Huge Citrine","18400","848","Orange Gems","False","0","0"
"named_recipe","True","True","Jewelcrafting","755","53880","Deft Huge Citrine","18401","848","Orange Gems","False","0","0"
"named_recipe","True","True","Jewelcrafting","755","53882","Potent Huge Citrine","18403","848","Orange Gems","False","0","0"
"named_recipe","True","True","Jewelcrafting","755","53883","Veiled Shadow Crystal","18404","849","Purple Gems","False","0","0"
"named_recipe","True","True","Jewelcrafting","755","53884","Willful Huge Citrine","18405","848","Orange Gems","False","0","0"
"named_recipe","True","True","Jewelcrafting","755","53885","Reckless Huge Citrine","18406","848","Orange Gems","False","0","0"
"named_recipe","True","True","Jewelcrafting","755","53891","Stalwart Huge Citrine","18412","848","Orange Gems","False","0","0"
"named_recipe","True","True","Jewelcrafting","755","53892","Accurate Shadow Crystal","18413","849","Purple Gems","False","0","0"
"named_recipe","True","True","Jewelcrafting","755","53893","Resolute Huge Citrine","18414","848","Orange Gems","False","0","0"
"named_recipe","True","True","Jewelcrafting","755","53894","Timeless Shadow Crystal","18415","849","Purple Gems","False","0","0"
"named_recipe","True","True","Jewelcrafting","755","53917","Nimble Dark Jade","18417","847","Green Gems","False","0","0"
"named_recipe","True","True","Jewelcrafting","755","53918","Regal Dark Jade","18418","847","Green Gems","False","0","0"
"named_recipe","True","True","Jewelcrafting","755","53919","Steady Dark Jade","18419","847","Green Gems","False","0","0"
"named_recipe","True","True","Jewelcrafting","755","53920","Forceful Dark Jade","18420","847","Green Gems","False","0","0"
"named_recipe","True","True","Jewelcrafting","755","53921","Purified Shadow Crystal","18421","849","Purple Gems","False","0","0"
"named_recipe","True","True","Jewelcrafting","755","53922","Misty Dark Jade","18422","847","Green Gems","False","0","0"
"named_recipe","True","True","Jewelcrafting","755","53923","Lightning Dark Jade","18423","847","Green Gems","False","0","0"
"named_recipe","True","True","Jewelcrafting","755","53924","Turbid Dark Jade","18424","847","Green Gems","False","0","0"
"named_recipe","True","True","Jewelcrafting","755","53925","Energized Dark Jade","18425","847","Green Gems","False","0","0"
"named_recipe","True","True","Jewelcrafting","755","53932","Radiant Dark Jade","18432","847","Green Gems","False","0","0"
"named_recipe","True","True","Jewelcrafting","755","53933","Shattered Dark Jade","18433","847","Green Gems","False","0","0"
"named_recipe","True","True","Jewelcrafting","755","53934","Solid Chalcedony","18370","846","Blue Gems","False","0","0"
"named_recipe","True","True","Jewelcrafting","755","53941","Sparkling Chalcedony","18372","846","Blue Gems","False","0","0"
"named_recipe","True","True","Jewelcrafting","755","53943","Stormy Chalcedony","18373","846","Blue Gems","False","1","0"
"named_recipe","True","True","Jewelcrafting","755","53945","Delicate Scarlet Ruby","18435","850","Red Gems","False","0","0"
"named_recipe","True","True","Jewelcrafting","755","53946","Brilliant Scarlet Ruby","18436","850","Red Gems","False","0","0"
"named_recipe","True","True","Jewelcrafting","755","53948","Subtle Autumn's Glow","18438","851","Yellow Gems","False","0","0"
"named_recipe","True","True","Jewelcrafting","755","53949","Flashing Scarlet Ruby","18439","850","Red Gems","False","0","0"
"named_recipe","True","True","Jewelcrafting","755","53951","Precise Scarlet Ruby","18441","850","Red Gems","False","0","0"
"named_recipe","True","True","Jewelcrafting","755","53952","Solid Sky Sapphire","18442","846","Blue Gems","False","0","0"
"named_recipe","True","True","Jewelcrafting","755","53954","Sparkling Sky Sapphire","18444","846","Blue Gems","False","0","0"
"named_recipe","True","True","Jewelcrafting","755","53955","Stormy Sky Sapphire","18445","846","Blue Gems","False","0","0"
"named_recipe","True","True","Jewelcrafting","755","53957","Smooth Autumn's Glow","18447","851","Yellow Gems","False","0","0"
"named_recipe","True","True","Jewelcrafting","755","53958","Rigid Sky Sapphire","18448","846","Blue Gems","False","0","0"
"named_recipe","True","True","Jewelcrafting","755","53960","Mystic Autumn's Glow","18450","851","Yellow Gems","False","0","0"
"named_recipe","True","True","Jewelcrafting","755","53961","Quick Autumn's Glow","18451","851","Yellow Gems","False","0","0"
"named_recipe","True","True","Jewelcrafting","755","53962","Sovereign Twilight Opal","18452","849","Purple Gems","False","0","0"
"named_recipe","True","True","Jewelcrafting","755","53963","Shifting Twilight Opal","18453","849","Purple Gems","False","0","0"
"named_recipe","True","True","Jewelcrafting","755","53965","Timeless Twilight Opal","18455","849","Purple Gems","False","0","0"
"named_recipe","True","True","Jewelcrafting","755","53966","Purified Twilight Opal","18456","849","Purple Gems","False","0","0"
"named_recipe","True","True","Jewelcrafting","755","53968","Mysterious Twilight Opal","18458","849","Purple Gems","False","0","0"
"named_recipe","True","True","Jewelcrafting","755","53972","Defender's Twilight Opal","18462","849","Purple Gems","False","0","0"
"named_recipe","True","True","Jewelcrafting","755","53974","Guardian's Twilight Opal","18464","849","Purple Gems","False","0","0"
"named_recipe","True","True","Jewelcrafting","755","53975","Inscribed Monarch Topaz","18465","848","Orange Gems","False","0","0"
"named_recipe","True","True","Jewelcrafting","755","53976","Etched Twilight Opal","18466","849","Purple Gems","False","0","0"
"named_recipe","True","True","Jewelcrafting","755","53977","Champion's Monarch Topaz","18467","848","Orange Gems","False","0","0"
"named_recipe","True","True","Jewelcrafting","755","53978","Resplendent Monarch Topaz","18468","848","Orange Gems","False","0","0"
"named_recipe","True","True","Jewelcrafting","755","53980","Glinting Twilight Opal","18471","849","Purple Gems","False","0","0"
"named_recipe","True","True","Jewelcrafting","755","53981","Lucent Monarch Topaz","18472","848","Orange Gems","False","0","0"
"named_recipe","True","True","Jewelcrafting","755","53984","Potent Monarch Topaz","18475","848","Orange Gems","False","0","0"
"named_recipe","True","True","Jewelcrafting","755","53985","Veiled Twilight Opal","18476","849","Purple Gems","False","0","0"
"named_recipe","True","True","Jewelcrafting","755","53986","Willful Monarch Topaz","18477","848","Orange Gems","False","0","0"
"named_recipe","True","True","Jewelcrafting","755","53987","Reckless Monarch Topaz","18478","848","Orange Gems","False","0","0"
"named_recipe","True","True","Jewelcrafting","755","53988","Deadly Monarch Topaz","18479","848","Orange Gems","False","0","0"
"named_recipe","True","True","Jewelcrafting","755","53991","Deft Monarch Topaz","18482","848","Orange Gems","False","0","0"
"named_recipe","True","True","Jewelcrafting","755","53993","Stalwart Monarch Topaz","18484","848","Orange Gems","False","0","0"
"named_recipe","True","True","Jewelcrafting","755","53994","Accurate Twilight Opal","18485","849","Purple Gems","False","0","0"
"named_recipe","True","True","Jewelcrafting","755","53996","Jagged Forest Emerald","18497","847","Green Gems","False","0","0"
"named_recipe","True","True","Jewelcrafting","755","53997","Nimble Forest Emerald","18498","847","Green Gems","False","0","0"
"named_recipe","True","True","Jewelcrafting","755","53998","Regal Forest Emerald","18499","847","Green Gems","False","0","0"
"named_recipe","True","True","Jewelcrafting","755","54000","Steady Forest Emerald","18500","847","Green Gems","False","0","0"
"named_recipe","True","True","Jewelcrafting","755","54001","Forceful Forest Emerald","18501","847","Green Gems","False","0","0"
"named_recipe","True","True","Jewelcrafting","755","54003","Misty Forest Emerald","18503","847","Green Gems","False","0","0"
"named_recipe","True","True","Jewelcrafting","755","54005","Turbid Forest Emerald","18505","847","Green Gems","False","0","0"
"named_recipe","True","True","Jewelcrafting","755","54009","Lightning Forest Emerald","18509","847","Green Gems","False","0","0"
"named_recipe","True","True","Jewelcrafting","755","54011","Energized Forest Emerald","18492","847","Green Gems","False","0","0"
"named_recipe","True","True","Jewelcrafting","755","54012","Radiant Forest Emerald","18493","847","Green Gems","False","0","0"
"named_recipe","True","True","Jewelcrafting","755","54014","Shattered Forest Emerald","18495","847","Green Gems","False","0","0"
"named_recipe","True","True","Jewelcrafting","755","54017","Precise Bloodstone","18369","850","Red Gems","False","0","0"
"named_recipe","True","True","Jewelcrafting","755","54019","Fierce Monarch Topaz","18489","848","Orange Gems","False","0","0"
"named_recipe","True","True","Jewelcrafting","755","54023","Resolute Monarch Topaz","18490","848","Orange Gems","False","0","0"
"named_recipe","True","True","Jewelcrafting","755","55384","Shielded Skyflare Diamond","19308","852","Meta Gems","False","0","0"
"named_recipe","True","True","Jewelcrafting","755","55386","Tireless Skyflare Diamond","19309","852","Meta Gems","False","0","0"
"named_recipe","True","True","Jewelcrafting","755","55387","Forlorn Skyflare Diamond","19310","852","Meta Gems","False","0","0"
"named_recipe","True","True","Jewelcrafting","755","55388","Impassive Skyflare Diamond","19311","852","Meta Gems","False","0","0"
"named_recipe","True","True","Jewelcrafting","755","55389","Chaotic Skyflare Diamond","19361","852","Meta Gems","False","0","0"
"named_recipe","True","True","Jewelcrafting","755","55390","Destructive Skyflare Diamond","19313","852","Meta Gems","False","0","0"
"named_recipe","True","True","Jewelcrafting","755","55392","Ember Skyflare Diamond","19314","852","Meta Gems","False","0","0"
"named_recipe","True","True","Jewelcrafting","755","55393","Enigmatic Skyflare Diamond","19315","852","Meta Gems","False","0","0"
"named_recipe","True","True","Jewelcrafting","755","55394","Swift Skyflare Diamond","19316","852","Meta Gems","False","0","0"
"named_recipe","True","True","Jewelcrafting","755","55395","Thundering Skyflare Diamond","19317","852","Meta Gems","False","0","0"
"named_recipe","True","True","Jewelcrafting","755","55396","Insightful Earthsiege Diamond","19319","852","Meta Gems","False","0","0"
"named_recipe","True","True","Jewelcrafting","755","55397","Bracing Earthsiege Diamond","19320","852","Meta Gems","False","0","0"
"named_recipe","True","True","Jewelcrafting","755","55398","Eternal Earthsiege Diamond","19321","852","Meta Gems","False","0","0"
"named_recipe","True","True","Jewelcrafting","755","55399","Powerful Earthsiege Diamond","19322","852","Meta Gems","False","0","0"
"named_recipe","True","True","Jewelcrafting","755","55400","Relentless Earthsiege Diamond","19323","852","Meta Gems","False","0","0"
"named_recipe","True","True","Jewelcrafting","755","55401","Austere Earthsiege Diamond","19324","852","Meta Gems","False","0","0"
"named_recipe","True","True","Jewelcrafting","755","55402","Persistent Earthsiege Diamond","19325","852","Meta Gems","False","0","0"
"named_recipe","True","True","Jewelcrafting","755","55403","Trenchant Earthsiege Diamond","19326","852","Meta Gems","False","0","0"
"named_recipe","True","True","Jewelcrafting","755","55404","Invigorating Earthsiege Diamond","19327","852","Meta Gems","False","0","0"
"named_recipe","True","True","Jewelcrafting","755","55405","Beaming Earthsiege Diamond","19328","852","Meta Gems","False","0","0"
"named_recipe","True","True","Jewelcrafting","755","55407","Revitalizing Skyflare Diamond","19318","852","Meta Gems","False","0","0"
"named_recipe","True","True","Jewelcrafting","755","56049","Bold Dragon's Eye","19495","850","Red Gems","False","0","0"
"named_recipe","True","True","Jewelcrafting","755","56052","Delicate Dragon's Eye","19496","850","Red Gems","False","0","0"
"named_recipe","True","True","Jewelcrafting","755","56053","Brilliant Dragon's Eye","19497","850","Red Gems","False","0","0"
"named_recipe","True","True","Jewelcrafting","755","56055","Subtle Dragon's Eye","19500","851","Yellow Gems","False","0","0"
"named_recipe","True","True","Jewelcrafting","755","56056","Flashing Dragon's Eye","19501","850","Red Gems","False","0","0"
"named_recipe","True","True","Jewelcrafting","755","56079","Mystic Dragon's Eye","19505","851","Yellow Gems","False","0","0"
"named_recipe","True","True","Jewelcrafting","755","56081","Precise Dragon's Eye","19506","850","Red Gems","False","0","0"
"named_recipe","True","True","Jewelcrafting","755","56083","Quick Dragon's Eye","19507","851","Yellow Gems","False","0","0"
"named_recipe","True","True","Jewelcrafting","755","56084","Rigid Dragon's Eye","19508","846","Blue Gems","False","0","0"
"named_recipe","True","True","Jewelcrafting","755","56085","Smooth Dragon's Eye","19509","851","Yellow Gems","False","0","0"
"named_recipe","True","True","Jewelcrafting","755","56086","Solid Dragon's Eye","19513","846","Blue Gems","False","0","0"
"named_recipe","True","True","Jewelcrafting","755","56087","Sparkling Dragon's Eye","19510","846","Blue Gems","False","0","0"
"named_recipe","True","True","Jewelcrafting","755","56088","Stormy Dragon's Eye","19511","846","Blue Gems","False","0","0"
"named_recipe","True","True","Jewelcrafting","755","56193","Bloodstone Band","19515","854","Rings","False","0","0"
"named_recipe","True","True","Jewelcrafting","755","56194","Sun Rock Ring","19516","854","Rings","False","0","0"
"named_recipe","True","True","Jewelcrafting","755","56195","Jade Dagger Pendant","19517","853","Necklaces","False","0","0"
"named_recipe","True","True","Jewelcrafting","755","56196","Blood Sun Necklace","19518","853","Necklaces","False","0","0"
"named_recipe","True","True","Jewelcrafting","755","56197","Dream Signet","19519","854","Rings","False","0","0"
"named_recipe","True","True","Jewelcrafting","755","56199","Figurine - Ruby Hare","19520","856","Pets and Projects","False","0","0"
"named_recipe","True","True","Jewelcrafting","755","56201","Figurine - Twilight Serpent","19521","856","Pets and Projects","False","0","0"
"named_recipe","True","True","Jewelcrafting","755","56202","Figurine - Sapphire Owl","19522","856","Pets and Projects","False","0","0"
"named_recipe","True","True","Jewelcrafting","755","56203","Figurine - Emerald Boar","19523","856","Pets and Projects","False","0","0"
"named_recipe","True","True","Jewelcrafting","755","56205","Dark Jade Focusing Lens","19524","856","Pets and Projects","False","0","0"
"named_recipe","True","True","Jewelcrafting","755","56206","Shadow Crystal Focusing Lens","19525","856","Pets and Projects","False","0","0"
"named_recipe","True","True","Jewelcrafting","755","56208","Shadow Jade Focusing Lens","19526","856","Pets and Projects","False","0","0"
"named_recipe","True","True","Jewelcrafting","755","56496","Titanium Impact Band","19547","854","Rings","False","0","0"
"named_recipe","True","True","Jewelcrafting","755","56497","Titanium Earthguard Ring","19548","854","Rings","False","0","0"
"named_recipe","True","True","Jewelcrafting","755","56498","Titanium Spellshock Ring","19549","854","Rings","False","0","0"
"named_recipe","True","True","Jewelcrafting","755","56499","Titanium Impact Choker","19550","853","Necklaces","False","0","0"
"named_recipe","True","True","Jewelcrafting","755","56500","Titanium Earthguard Chain","19551","853","Necklaces","False","0","0"
"named_recipe","True","True","Jewelcrafting","755","56501","Titanium Spellshock Necklace","19552","853","Necklaces","False","0","0"
"named_recipe","True","True","Jewelcrafting","755","56530","Enchanted Pearl","19578","855","Prismatic Gems","False","0","0"
"named_recipe","True","True","Jewelcrafting","755","56531","Enchanted Tear","19579","855","Prismatic Gems","False","0","0"
"named_recipe","True","True","Jewelcrafting","755","58141","Crystal Citrine Necklace","19970","853","Necklaces","False","0","0"
"named_recipe","True","True","Jewelcrafting","755","58142","Crystal Chalcedony Amulet","19971","853","Necklaces","False","0","0"
"named_recipe","True","True","Jewelcrafting","755","58143","Earthshadow Ring","19972","854","Rings","False","0","0"
"named_recipe","True","True","Jewelcrafting","755","58144","Jade Ring of Slaying","19973","854","Rings","False","0","0"
"named_recipe","True","True","Jewelcrafting","755","58145","Stoneguard Band","19974","854","Rings","False","0","0"
"named_recipe","True","True","Jewelcrafting","755","58146","Shadowmight Ring","19975","854","Rings","False","0","0"
"named_recipe","True","True","Jewelcrafting","755","58147","Ring of Earthen Might","19976","854","Rings","False","0","0"
"named_recipe","True","True","Jewelcrafting","755","58148","Ring of Scarlet Shadows","19977","854","Rings","False","0","0"
"named_recipe","True","True","Jewelcrafting","755","58149","Windfire Band","19978","854","Rings","False","0","0"
"named_recipe","True","True","Jewelcrafting","755","58150","Ring of Northern Tears","19979","854","Rings","False","0","0"
"named_recipe","True","True","Jewelcrafting","755","58492","Savage Titanium Ring","20099","854","Rings","False","0","0"
"named_recipe","True","True","Jewelcrafting","755","58507","Savage Titanium Band","20098","854","Rings","False","0","0"
"named_recipe","True","True","Jewelcrafting","755","58954","Titanium Frostguard Ring","20112","854","Rings","False","0","0"
"named_recipe","True","True","Jewelcrafting","755","59759","Figurine - Monarch Crab","20206","856","Pets and Projects","False","0","0"
"named_recipe","True","True","Jewelcrafting","755","62242","Icy Prism","20754","856","Pets and Projects","False","0","0"
"named_recipe","True","True","Jewelcrafting","755","64725","Emerald Choker","21014","853","Necklaces","False","0","0"
"named_recipe","True","True","Jewelcrafting","755","64726","Sky Sapphire Amulet","21015","853","Necklaces","False","0","0"
"named_recipe","True","True","Jewelcrafting","755","64727","Runed Mana Band","21016","854","Rings","False","0","0"
"named_recipe","True","True","Jewelcrafting","755","64728","Scarlet Signet","21017","854","Rings","False","0","0"
"named_recipe","True","True","Jewelcrafting","755","66338","Regal Eye of Zul","21175","847","Green Gems","False","0","0"
"named_recipe","True","True","Jewelcrafting","755","66428","Steady Eye of Zul","21103","847","Green Gems","False","0","0"
"named_recipe","True","True","Jewelcrafting","755","66429","Nimble Eye of Zul","21104","847","Green Gems","False","0","0"
"named_recipe","True","True","Jewelcrafting","755","66431","Jagged Eye of Zul","21106","847","Green Gems","False","0","0"
"named_recipe","True","True","Jewelcrafting","755","66432","Timeless Dreadstone","21107","849","Purple Gems","False","0","0"
"named_recipe","True","True","Jewelcrafting","755","66434","Forceful Eye of Zul","21109","847","Green Gems","False","0","0"
"named_recipe","True","True","Jewelcrafting","755","66435","Misty Eye of Zul","21110","847","Green Gems","False","0","0"
"named_recipe","True","True","Jewelcrafting","755","66439","Lightning Eye of Zul","21114","847","Green Gems","False","0","0"
"named_recipe","True","True","Jewelcrafting","755","66441","Radiant Eye of Zul","21116","847","Green Gems","False","0","0"
"named_recipe","True","True","Jewelcrafting","755","66442","Energized Eye of Zul","21117","847","Green Gems","False","0","0"
"named_recipe","True","True","Jewelcrafting","755","66443","Shattered Eye of Zul","21118","847","Green Gems","False","0","0"
"named_recipe","True","True","Jewelcrafting","755","66445","Turbid Eye of Zul","21120","847","Green Gems","False","0","0"
"named_recipe","True","True","Jewelcrafting","755","66446","Brilliant Cardinal Ruby","21121","850","Red Gems","False","0","0"
"named_recipe","True","True","Jewelcrafting","755","66447","Bold Cardinal Ruby","21122","850","Red Gems","False","0","0"
"named_recipe","True","True","Jewelcrafting","755","66448","Delicate Cardinal Ruby","21123","850","Red Gems","False","0","0"
"named_recipe","True","True","Jewelcrafting","755","66450","Precise Cardinal Ruby","21125","850","Red Gems","False","0","0"
"named_recipe","True","True","Jewelcrafting","755","66452","Subtle King's Amber","21127","851","Yellow Gems","False","0","0"
"named_recipe","True","True","Jewelcrafting","755","66453","Flashing Cardinal Ruby","21128","850","Red Gems","False","0","0"
"named_recipe","True","True","Jewelcrafting","755","66497","Solid Majestic Zircon","21129","846","Blue Gems","False","0","0"
"named_recipe","True","True","Jewelcrafting","755","66498","Sparkling Majestic Zircon","21130","846","Blue Gems","False","0","0"
"named_recipe","True","True","Jewelcrafting","755","66499","Stormy Majestic Zircon","21131","846","Blue Gems","False","0","0"
"named_recipe","True","True","Jewelcrafting","755","66501","Rigid Majestic Zircon","21133","846","Blue Gems","False","0","0"
"named_recipe","True","True","Jewelcrafting","755","66502","Smooth King's Amber","21134","851","Yellow Gems","False","0","0"
"named_recipe","True","True","Jewelcrafting","755","66505","Mystic King's Amber","21137","851","Yellow Gems","False","0","0"
"named_recipe","True","True","Jewelcrafting","755","66506","Quick King's Amber","21138","851","Yellow Gems","False","0","0"
"named_recipe","True","True","Jewelcrafting","755","66554","Sovereign Dreadstone","21140","849","Purple Gems","False","0","0"
"named_recipe","True","True","Jewelcrafting","755","66556","Purified Dreadstone","21142","849","Purple Gems","False","0","0"
"named_recipe","True","True","Jewelcrafting","755","66557","Shifting Dreadstone","21143","849","Purple Gems","False","0","0"
"named_recipe","True","True","Jewelcrafting","755","66560","Defender's Dreadstone","21146","849","Purple Gems","False","0","0"
"named_recipe","True","True","Jewelcrafting","755","66561","Guardian's Dreadstone","21147","849","Purple Gems","False","0","0"
"named_recipe","True","True","Jewelcrafting","755","66562","Mysterious Dreadstone","21148","849","Purple Gems","False","0","0"
"named_recipe","True","True","Jewelcrafting","755","66567","Inscribed Ametrine","21153","848","Orange Gems","False","0","0"
"named_recipe","True","True","Jewelcrafting","755","66568","Deadly Ametrine","21154","848","Orange Gems","False","0","0"
"named_recipe","True","True","Jewelcrafting","755","66569","Potent Ametrine","21155","848","Orange Gems","False","0","0"
"named_recipe","True","True","Jewelcrafting","755","66570","Veiled Dreadstone","21156","849","Purple Gems","False","0","0"
"named_recipe","True","True","Jewelcrafting","755","66571","Willful Ametrine","21157","848","Orange Gems","False","0","0"
"named_recipe","True","True","Jewelcrafting","755","66572","Etched Dreadstone","21158","849","Purple Gems","False","0","0"
"named_recipe","True","True","Jewelcrafting","755","66573","Glinting Dreadstone","21159","849","Purple Gems","False","0","0"
"named_recipe","True","True","Jewelcrafting","755","66574","Reckless Ametrine","21160","848","Orange Gems","False","0","0"
"named_recipe","True","True","Jewelcrafting","755","66576","Accurate Dreadstone","21162","849","Purple Gems","False","0","0"
"named_recipe","True","True","Jewelcrafting","755","66579","Champion's Ametrine","21165","848","Orange Gems","False","0","0"
"named_recipe","True","True","Jewelcrafting","755","66581","Stalwart Ametrine","21167","848","Orange Gems","False","0","0"
"named_recipe","True","True","Jewelcrafting","755","66582","Resplendent Ametrine","21168","848","Orange Gems","False","0","0"
"named_recipe","True","True","Jewelcrafting","755","66583","Fierce Ametrine","21169","848","Orange Gems","False","0","0"
"named_recipe","True","True","Jewelcrafting","755","66584","Deft Ametrine","21170","848","Orange Gems","False","0","0"
"named_recipe","True","True","Jewelcrafting","755","66585","Lucent Ametrine","21171","848","Orange Gems","False","0","0"
"named_recipe","True","True","Jewelcrafting","755","66586","Resolute Ametrine","21172","848","Orange Gems","False","0","0"
"named_recipe","True","True","Jewelcrafting","755","68253","Nightmare Tear","21259","855","Prismatic Gems","False","0","0"
"named_recipe","True","True","Jewelcrafting","755","1263577","Kirin Tor Glass Table","56374","2342","House Decor","True","0","0"
"named_recipe","True","True","Jewelcrafting","755","1263605","Kirin Tor Sun Chandelier","56375","2342","House Decor","True","0","0"
"named_recipe","True","True","Leatherworking","165","50936","Heavy Borean Leather","17558","914","Materials","False","0","0"
"named_recipe","True","True","Leatherworking","165","50938","Iceborne Chestguard","20308","919","Chests","False","0","0"
"named_recipe","True","True","Leatherworking","165","50939","Iceborne Leggings","20307","923","Pants","False","0","0"
"named_recipe","True","True","Leatherworking","165","50940","Iceborne Shoulderpads","20311","918","Shoulders","False","0","0"
"named_recipe","True","True","Leatherworking","165","50941","Iceborne Gloves","20306","921","Gloves","False","0","0"
"named_recipe","True","True","Leatherworking","165","50942","Iceborne Boots","20309","924","Boots","False","0","0"
"named_recipe","True","True","Leatherworking","165","50943","Iceborne Belt","17583","922","Belts","False","0","0"
"named_recipe","True","True","Leatherworking","165","50944","Arctic Chestpiece","17674","919","Chests","False","0","0"
"named_recipe","True","True","Leatherworking","165","50945","Arctic Leggings","17675","923","Pants","False","0","0"
"named_recipe","True","True","Leatherworking","165","50946","Arctic Shoulderpads","17677","918","Shoulders","False","0","0"
"named_recipe","True","True","Leatherworking","165","50947","Arctic Gloves","17676","921","Gloves","False","0","0"
"named_recipe","True","True","Leatherworking","165","50948","Arctic Boots","17673","924","Boots","False","0","0"
"named_recipe","True","True","Leatherworking","165","50949","Arctic Belt","17581","922","Belts","False","0","0"
"named_recipe","True","True","Leatherworking","165","50950","Frostscale Chestguard","20297","919","Chests","False","0","0"
"named_recipe","True","True","Leatherworking","165","50951","Frostscale Leggings","20296","923","Pants","False","0","0"
"named_recipe","True","True","Leatherworking","165","50952","Frostscale Shoulders","20298","918","Shoulders","False","0","0"
"named_recipe","True","True","Leatherworking","165","50953","Frostscale Gloves","20299","921","Gloves","False","0","0"
"named_recipe","True","True","Leatherworking","165","50954","Frostscale Boots","20300","924","Boots","False","0","0"
"named_recipe","True","True","Leatherworking","165","50955","Frostscale Belt","17582","922","Belts","False","0","0"
"named_recipe","True","True","Leatherworking","165","50956","Nerubian Chestguard","20319","919","Chests","False","0","0"
"named_recipe","True","True","Leatherworking","165","50957","Nerubian Legguards","20317","923","Pants","False","0","0"
"named_recipe","True","True","Leatherworking","165","50958","Nerubian Shoulders","20322","918","Shoulders","False","0","0"
"named_recipe","True","True","Leatherworking","165","50959","Nerubian Gloves","20318","921","Gloves","False","0","0"
"named_recipe","True","True","Leatherworking","165","50960","Nerubian Boots","20321","924","Boots","False","0","0"
"named_recipe","True","True","Leatherworking","165","50961","Nerubian Belt","20320","922","Belts","False","0","0"
"named_recipe","True","True","Leatherworking","165","50962","Borean Armor Kit","17580","915","Armor Kits","False","1","0"
"named_recipe","True","True","Leatherworking","165","50963","Heavy Borean Armor Kit","17672","915","Armor Kits","False","0","0"
"named_recipe","True","True","Leatherworking","165","50964","Jormungar Leg Armor","20332","915","Armor Kits","False","0","0"
"named_recipe","True","True","Leatherworking","165","50965","Frosthide Leg Armor","20287","915","Armor Kits","False","0","0"
"named_recipe","True","True","Leatherworking","165","50966","Nerubian Leg Armor","20331","915","Armor Kits","False","0","0"
"named_recipe","True","True","Leatherworking","165","50967","Icescale Leg Armor","20286","915","Armor Kits","False","0","0"
"named_recipe","True","True","Leatherworking","165","50970","Trapper's Traveling Pack","20334","916","Bags","False","0","0"
"named_recipe","True","True","Leatherworking","165","50971","Mammoth Mining Bag","20335","916","Bags","False","0","0"
"named_recipe","True","True","Leatherworking","165","51568","Black Chitinguard Boots","20295","924","Boots","False","0","0"
"named_recipe","True","True","Leatherworking","165","51569","Dark Arctic Leggings","20294","923","Pants","False","0","0"
"named_recipe","True","True","Leatherworking","165","51570","Dark Arctic Chestpiece","20293","919","Chests","False","0","0"
"named_recipe","True","True","Leatherworking","165","51571","Arctic Wristguards","17690","920","Bracers","False","0","0"
"named_recipe","True","True","Leatherworking","165","51572","Arctic Helm","20292","917","Helms","False","0","0"
"named_recipe","True","True","Leatherworking","165","55199","Cloak of Tormented Skies","19238","925","Cloaks","False","0","0"
"named_recipe","True","True","Leatherworking","165","60599","Frostscale Bracers","20301","920","Bracers","False","0","0"
"named_recipe","True","True","Leatherworking","165","60600","Frostscale Helm","20302","917","Helms","False","0","0"
"named_recipe","True","True","Leatherworking","165","60601","Dark Frostscale Leggings","20303","923","Pants","False","0","0"
"named_recipe","True","True","Leatherworking","165","60604","Dark Frostscale Breastplate","20304","919","Chests","False","0","0"
"named_recipe","True","True","Leatherworking","165","60605","Dragonstompers","20305","924","Boots","False","0","0"
"named_recipe","True","True","Leatherworking","165","60607","Iceborne Wristguards","20312","920","Bracers","False","0","0"
"named_recipe","True","True","Leatherworking","165","60608","Iceborne Helm","20313","917","Helms","False","0","0"
"named_recipe","True","True","Leatherworking","165","60611","Dark Iceborne Leggings","20314","923","Pants","False","0","0"
"named_recipe","True","True","Leatherworking","165","60613","Dark Iceborne Chestguard","20315","919","Chests","False","0","0"
"named_recipe","True","True","Leatherworking","165","60620","Bugsquashers","20316","924","Boots","False","0","0"
"named_recipe","True","True","Leatherworking","165","60622","Nerubian Bracers","20323","920","Bracers","False","0","0"
"named_recipe","True","True","Leatherworking","165","60624","Nerubian Helm","20324","917","Helms","False","0","0"
"named_recipe","True","True","Leatherworking","165","60627","Dark Nerubian Leggings","20325","923","Pants","False","0","0"
"named_recipe","True","True","Leatherworking","165","60629","Dark Nerubian Chestpiece","20326","919","Chests","False","0","0"
"named_recipe","True","True","Leatherworking","165","60630","Scaled Icewalkers","20327","924","Boots","False","0","0"
"named_recipe","True","True","Leatherworking","165","60631","Cloak of Harsh Winds","20328","925","Cloaks","False","0","0"
"named_recipe","True","True","Leatherworking","165","60637","Ice Striker's Cloak","20329","925","Cloaks","False","0","0"
"named_recipe","True","True","Leatherworking","165","60640","Durable Nerubhide Cape","20330","925","Cloaks","False","0","0"
"named_recipe","True","True","Leatherworking","165","60643","Pack of Endless Pockets","20336","916","Bags","False","0","0"
"named_recipe","True","True","Leatherworking","165","60649","Razorstrike Breastplate","20339","919","Chests","False","0","0"
"named_recipe","True","True","Leatherworking","165","60651","Virulent Spaulders","20340","918","Shoulders","False","0","0"
"named_recipe","True","True","Leatherworking","165","60652","Eaglebane Bracers","20341","920","Bracers","False","0","0"
"named_recipe","True","True","Leatherworking","165","60655","Nightshock Hood","20342","917","Helms","False","0","0"
"named_recipe","True","True","Leatherworking","165","60658","Nightshock Girdle","20343","922","Belts","False","0","0"
"named_recipe","True","True","Leatherworking","165","60660","Leggings of Visceral Strikes","20344","923","Pants","False","0","0"
"named_recipe","True","True","Leatherworking","165","60665","Seafoam Gauntlets","20345","921","Gloves","False","0","0"
"named_recipe","True","True","Leatherworking","165","60666","Jormscale Footpads","20346","924","Boots","False","0","0"
"named_recipe","True","True","Leatherworking","165","60669","Wildscale Breastplate","20347","919","Chests","False","0","0"
"named_recipe","True","True","Leatherworking","165","60671","Purehorn Spaulders","20348","918","Shoulders","False","0","0"
"named_recipe","True","True","Leatherworking","165","60697","Eviscerator's Facemask","20349","917","Helms","False","0","0"
"named_recipe","True","True","Leatherworking","165","60702","Eviscerator's Shoulderpads","20350","918","Shoulders","False","0","0"
"named_recipe","True","True","Leatherworking","165","60703","Eviscerator's Chestguard","20351","919","Chests","False","0","0"
"named_recipe","True","True","Leatherworking","165","60704","Eviscerator's Bindings","20352","920","Bracers","False","0","0"
"named_recipe","True","True","Leatherworking","165","60705","Eviscerator's Gauntlets","20353","921","Gloves","False","0","0"
"named_recipe","True","True","Leatherworking","165","60706","Eviscerator's Waistguard","20354","922","Belts","False","0","0"
"named_recipe","True","True","Leatherworking","165","60711","Eviscerator's Legguards","20355","923","Pants","False","0","0"
"named_recipe","True","True","Leatherworking","165","60712","Eviscerator's Treads","20356","924","Boots","False","0","0"
"named_recipe","True","True","Leatherworking","165","60715","Overcast Headguard","20357","917","Helms","False","0","0"
"named_recipe","True","True","Leatherworking","165","60716","Overcast Spaulders","20358","918","Shoulders","False","0","0"
"named_recipe","True","True","Leatherworking","165","60718","Overcast Chestguard","20359","919","Chests","False","0","0"
"named_recipe","True","True","Leatherworking","165","60720","Overcast Bracers","20360","920","Bracers","False","0","0"
"named_recipe","True","True","Leatherworking","165","60721","Overcast Handwraps","20361","921","Gloves","False","0","0"
"named_recipe","True","True","Leatherworking","165","60723","Overcast Belt","20362","922","Belts","False","0","0"
"named_recipe","True","True","Leatherworking","165","60725","Overcast Leggings","20363","923","Pants","False","0","0"
"named_recipe","True","True","Leatherworking","165","60727","Overcast Boots","20364","924","Boots","False","0","0"
"named_recipe","True","True","Leatherworking","165","60728","Swiftarrow Helm","20365","917","Helms","False","0","0"
"named_recipe","True","True","Leatherworking","165","60729","Swiftarrow Shoulderguards","20366","918","Shoulders","False","0","0"
"named_recipe","True","True","Leatherworking","165","60730","Swiftarrow Hauberk","20367","919","Chests","False","0","0"
"named_recipe","True","True","Leatherworking","165","60731","Swiftarrow Bracers","20368","920","Bracers","False","0","0"
"named_recipe","True","True","Leatherworking","165","60732","Swiftarrow Gauntlets","20369","921","Gloves","False","0","0"
"named_recipe","True","True","Leatherworking","165","60734","Swiftarrow Belt","20370","922","Belts","False","0","0"
"named_recipe","True","True","Leatherworking","165","60735","Swiftarrow Leggings","20371","923","Pants","False","0","0"
"named_recipe","True","True","Leatherworking","165","60737","Swiftarrow Boots","20372","924","Boots","False","0","0"
"named_recipe","True","True","Leatherworking","165","60743","Stormhide Crown","20373","917","Helms","False","0","0"
"named_recipe","True","True","Leatherworking","165","60746","Stormhide Shoulders","20374","918","Shoulders","False","0","0"
"named_recipe","True","True","Leatherworking","165","60747","Stormhide Hauberk","20375","919","Chests","False","0","0"
"named_recipe","True","True","Leatherworking","165","60748","Stormhide Wristguards","20376","920","Bracers","False","0","0"
"named_recipe","True","True","Leatherworking","165","60749","Stormhide Grips","20377","921","Gloves","False","0","0"
"named_recipe","True","True","Leatherworking","165","60750","Stormhide Belt","20378","922","Belts","False","0","0"
"named_recipe","True","True","Leatherworking","165","60751","Stormhide Legguards","20379","923","Pants","False","0","0"
"named_recipe","True","True","Leatherworking","165","60752","Stormhide Stompers","20380","924","Boots","False","0","0"
"named_recipe","True","True","Leatherworking","165","60754","Giantmaim Legguards","20382","923","Pants","False","0","0"
"named_recipe","True","True","Leatherworking","165","60755","Giantmaim Bracers","20383","920","Bracers","False","0","0"
"named_recipe","True","True","Leatherworking","165","60756","Revenant's Breastplate","20384","919","Chests","False","0","0"
"named_recipe","True","True","Leatherworking","165","60757","Revenant's Treads","20385","924","Boots","False","0","0"
"named_recipe","True","True","Leatherworking","165","60758","Trollwoven Spaulders","20386","918","Shoulders","False","0","0"
"named_recipe","True","True","Leatherworking","165","60759","Trollwoven Girdle","20387","922","Belts","False","0","0"
"named_recipe","True","True","Leatherworking","165","60760","Earthgiving Legguards","20389","923","Pants","False","0","0"
"named_recipe","True","True","Leatherworking","165","60761","Earthgiving Boots","20388","924","Boots","False","0","0"
"named_recipe","True","True","Leatherworking","165","60996","Polar Vest","20402","919","Chests","False","0","0"
"named_recipe","True","True","Leatherworking","165","60997","Polar Cord","20401","922","Belts","False","0","0"
"named_recipe","True","True","Leatherworking","165","60998","Polar Boots","20400","924","Boots","False","0","0"
"named_recipe","True","True","Leatherworking","165","60999","Icy Scale Chestguard","20405","919","Chests","False","0","0"
"named_recipe","True","True","Leatherworking","165","61000","Icy Scale Belt","20403","922","Belts","False","0","0"
"named_recipe","True","True","Leatherworking","165","61002","Icy Scale Boots","20404","924","Boots","False","0","0"
"named_recipe","True","True","Leatherworking","165","62176","Windripper Boots","20750","924","Boots","False","0","0"
"named_recipe","True","True","Leatherworking","165","62177","Windripper Leggings","20751","923","Pants","False","0","0"
"named_recipe","True","True","Leatherworking","165","62448","Earthen Leg Armor","20770","915","Armor Kits","False","0","0"
"named_recipe","True","True","Leatherworking","165","63194","Belt of Dragons","20822","922","Belts","False","0","0"
"named_recipe","True","True","Leatherworking","165","63195","Boots of Living Scale","20823","924","Boots","False","0","0"
"named_recipe","True","True","Leatherworking","165","63196","Blue Belt of Chaos","20824","922","Belts","False","0","0"
"named_recipe","True","True","Leatherworking","165","63197","Lightning Grounded Boots","20829","924","Boots","False","0","0"
"named_recipe","True","True","Leatherworking","165","63198","Death-warmed Belt","20826","922","Belts","False","0","0"
"named_recipe","True","True","Leatherworking","165","63199","Footpads of Silence","20827","924","Boots","False","0","0"
"named_recipe","True","True","Leatherworking","165","63200","Belt of Arctic Life","20828","922","Belts","False","0","0"
"named_recipe","True","True","Leatherworking","165","63201","Boots of Wintry Endurance","20825","924","Boots","False","0","0"
"named_recipe","True","True","Leatherworking","165","64661","Borean Leather","21009","914","Materials","False","1","0"
"named_recipe","True","True","Leatherworking","165","67080","Ensorcelled Nerubian Breastplate","21209","919","Chests","False","0","0"
"named_recipe","True","True","Leatherworking","165","67081","Black Chitin Bracers","21210","920","Bracers","False","0","0"
"named_recipe","True","True","Leatherworking","165","67082","Crusader's Dragonscale Breastplate","21216","919","Chests","False","0","0"
"named_recipe","True","True","Leatherworking","165","67083","Crusader's Dragonscale Bracers","21215","920","Bracers","False","0","0"
"named_recipe","True","True","Leatherworking","165","67084","Lunar Eclipse Robes","21214","919","Chests","False","0","0"
"named_recipe","True","True","Leatherworking","165","67085","Moonshadow Armguards","21213","920","Bracers","False","0","0"
"named_recipe","True","True","Leatherworking","165","67086","Knightbane Carapace","21212","919","Chests","False","0","0"
"named_recipe","True","True","Leatherworking","165","67087","Bracers of Swift Death","21211","920","Bracers","False","0","0"
"named_recipe","True","True","Leatherworking","165","67136","Ensorcelled Nerubian Breastplate","21217","919","Chests","False","0","0"
"named_recipe","True","True","Leatherworking","165","67137","Black Chitin Bracers","21223","920","Bracers","False","0","0"
"named_recipe","True","True","Leatherworking","165","67138","Crusader's Dragonscale Breastplate","21222","919","Chests","False","0","0"
"named_recipe","True","True","Leatherworking","165","67139","Bracers of Swift Death","21221","920","Bracers","False","0","0"
"named_recipe","True","True","Leatherworking","165","67140","Lunar Eclipse Robes","21220","919","Chests","False","0","0"
"named_recipe","True","True","Leatherworking","165","67141","Moonshadow Armguards","21219","920","Bracers","False","0","0"
"named_recipe","True","True","Leatherworking","165","67142","Knightbane Carapace","21218","919","Chests","False","0","0"
"named_recipe","True","True","Leatherworking","165","67143","Crusader's Dragonscale Bracers","21224","920","Bracers","False","0","0"
"named_recipe","True","True","Leatherworking","165","69386","Drums of Forgotten Kings","21315","926","Drums","False","0","0"
"named_recipe","True","True","Leatherworking","165","69388","Drums of the Wild","21316","926","Drums","False","0","0"
"named_recipe","True","True","Leatherworking","165","70554","Legwraps of Unleashed Nature","21355","923","Pants","False","0","0"
"named_recipe","True","True","Leatherworking","165","70555","Blessed Cenarion Boots","21356","924","Boots","False","0","0"
"named_recipe","True","True","Leatherworking","165","70556","Bladeborn Leggings","21357","923","Pants","False","0","0"
"named_recipe","True","True","Leatherworking","165","70557","Footpads of Impending Death","21358","924","Boots","False","0","0"
"named_recipe","True","True","Leatherworking","165","70558","Lightning-Infused Leggings","21359","923","Pants","False","0","0"
"named_recipe","True","True","Leatherworking","165","70559","Earthsoul Boots","21360","924","Boots","False","0","0"
"named_recipe","True","True","Leatherworking","165","70560","Draconic Bonesplinter Legguards","21361","923","Pants","False","0","0"
"named_recipe","True","True","Leatherworking","165","70561","Rock-Steady Treads","21362","924","Boots","False","0","0"
"named_recipe","True","True","Leatherworking","165","1263613","Wolvar Postbag","56376","2343","House Decor","True","0","0"
"named_recipe","True","True","Leatherworking","165","1269499","Snowfall Tribe Scare-Totem","56859","2343","House Decor","True","0","0"
"named_recipe","True","True","Tailoring","197","45545","Frostweave Bandage","39378","1091","Bandages","False","0","0"
"named_recipe","True","True","Tailoring","197","45546","Heavy Frostweave Bandage","39380","1091","Bandages","False","0","0"
"named_recipe","True","True","Tailoring","197","55898","Frostweave Net","19422","999","Nets","False","0","0"
"named_recipe","True","True","Tailoring","197","55899","Bolt of Frostweave","19423","985","Materials","False","1","0"
"named_recipe","True","True","Tailoring","197","55900","Bolt of Imbued Frostweave","19424","985","Materials","False","0","0"
"named_recipe","True","True","Tailoring","197","55901","Duskweave Leggings","19436","994","Pants","False","0","0"
"named_recipe","True","True","Tailoring","197","55902","Frostwoven Shoulders","19426","989","Shoulders","False","0","0"
"named_recipe","True","True","Tailoring","197","55903","Frostwoven Robe","19427","990","Robes & Tunics","False","0","0"
"named_recipe","True","True","Tailoring","197","55904","Frostwoven Gloves","19428","993","Gloves","False","0","0"
"named_recipe","True","True","Tailoring","197","55906","Frostwoven Boots","19430","995","Boots","False","0","0"
"named_recipe","True","True","Tailoring","197","55907","Frostwoven Cowl","19431","988","Hats & Hoods","False","0","0"
"named_recipe","True","True","Tailoring","197","55908","Frostwoven Belt","19432","992","Belts","False","0","0"
"named_recipe","True","True","Tailoring","197","55910","Mystic Frostwoven Shoulders","19433","989","Shoulders","False","0","0"
"named_recipe","True","True","Tailoring","197","55911","Mystic Frostwoven Robe","19434","990","Robes & Tunics","False","0","0"
"named_recipe","True","True","Tailoring","197","55913","Mystic Frostwoven Wristwraps","19435","991","Bracers","False","0","0"
"named_recipe","True","True","Tailoring","197","55914","Duskweave Belt","19437","992","Belts","False","0","0"
"named_recipe","True","True","Tailoring","197","55919","Duskweave Cowl","19440","988","Hats & Hoods","False","0","0"
"named_recipe","True","True","Tailoring","197","55920","Duskweave Wristwraps","19443","991","Bracers","False","0","0"
"named_recipe","True","True","Tailoring","197","55921","Duskweave Robe","19438","990","Robes & Tunics","False","0","0"
"named_recipe","True","True","Tailoring","197","55922","Duskweave Gloves","19439","993","Gloves","False","0","0"
"named_recipe","True","True","Tailoring","197","55923","Duskweave Shoulders","19444","989","Shoulders","False","0","0"
"named_recipe","True","True","Tailoring","197","55924","Duskweave Boots","19441","995","Boots","False","0","0"
"named_recipe","True","True","Tailoring","197","55925","Black Duskweave Leggings","19442","994","Pants","False","0","0"
"named_recipe","True","True","Tailoring","197","55941","Black Duskweave Robe","19445","990","Robes & Tunics","False","0","0"
"named_recipe","True","True","Tailoring","197","55943","Black Duskweave Wristwraps","19446","991","Bracers","False","0","0"
"named_recipe","True","True","Tailoring","197","55993","Red Lumberjack Shirt","19447","997","Shirts","False","0","0"
"named_recipe","True","True","Tailoring","197","55994","Blue Lumberjack Shirt","19448","997","Shirts","False","0","0"
"named_recipe","True","True","Tailoring","197","55995","Yellow Lumberjack Shirt","19449","997","Shirts","False","0","0"
"named_recipe","True","True","Tailoring","197","55996","Green Lumberjack Shirt","19450","997","Shirts","False","0","0"
"named_recipe","True","True","Tailoring","197","55997","Red Workman's Shirt","19451","997","Shirts","False","0","0"
"named_recipe","True","True","Tailoring","197","55998","Blue Workman's Shirt","19452","997","Shirts","False","0","0"
"named_recipe","True","True","Tailoring","197","55999","Rustic Workman's Shirt","19453","997","Shirts","False","0","0"
"named_recipe","True","True","Tailoring","197","56000","Green Workman's Shirt","19454","997","Shirts","False","0","0"
"named_recipe","True","True","Tailoring","197","56001","Moonshroud","19456","985","Materials","False","0","0"
"named_recipe","True","True","Tailoring","197","56002","Ebonweave","19455","985","Materials","False","0","0"
"named_recipe","True","True","Tailoring","197","56003","Spellweave","19457","985","Materials","False","0","0"
"named_recipe","True","True","Tailoring","197","56004","Abyssal Bag","19458","987","Bags","False","0","0"
"named_recipe","True","True","Tailoring","197","56005","Glacial Bag","19459","987","Bags","False","0","0"
"named_recipe","True","True","Tailoring","197","56006","Mysterious Bag","19460","987","Bags","False","0","0"
"named_recipe","True","True","Tailoring","197","56007","Frostweave Bag","19461","987","Bags","False","0","0"
"named_recipe","True","True","Tailoring","197","56008","Shining Spellthread","19462","986","Spellthread","False","0","0"
"named_recipe","True","True","Tailoring","197","56009","Brilliant Spellthread","19463","986","Spellthread","False","0","0"
"named_recipe","True","True","Tailoring","197","56010","Azure Spellthread","19464","986","Spellthread","False","0","0"
"named_recipe","True","True","Tailoring","197","56011","Sapphire Spellthread","19465","986","Spellthread","False","0","0"
"named_recipe","True","True","Tailoring","197","56014","Cloak of the Moon","19468","996","Cloaks","False","0","0"
"named_recipe","True","True","Tailoring","197","56015","Cloak of Frozen Spirits","19469","996","Cloaks","False","0","0"
"named_recipe","True","True","Tailoring","197","56016","Wispcloak","19471","996","Cloaks","False","0","0"
"named_recipe","True","True","Tailoring","197","56017","Deathchill Cloak","19470","996","Cloaks","False","0","0"
"named_recipe","True","True","Tailoring","197","56018","Hat of Wintry Doom","19472","988","Hats & Hoods","False","0","0"
"named_recipe","True","True","Tailoring","197","56019","Silky Iceshard Boots","19473","995","Boots","False","0","0"
"named_recipe","True","True","Tailoring","197","56020","Deep Frozen Cord","19475","992","Belts","False","0","0"
"named_recipe","True","True","Tailoring","197","56021","Frostmoon Pants","19476","994","Pants","False","0","0"
"named_recipe","True","True","Tailoring","197","56022","Light Blessed Mittens","19477","993","Gloves","False","0","0"
"named_recipe","True","True","Tailoring","197","56023","Aurora Slippers","19478","995","Boots","False","0","0"
"named_recipe","True","True","Tailoring","197","56024","Moonshroud Robe","19479","990","Robes & Tunics","False","0","0"
"named_recipe","True","True","Tailoring","197","56025","Moonshroud Gloves","19480","993","Gloves","False","0","0"
"named_recipe","True","True","Tailoring","197","56026","Ebonweave Robe","19481","990","Robes & Tunics","False","0","0"
"named_recipe","True","True","Tailoring","197","56027","Ebonweave Gloves","19482","993","Gloves","False","0","0"
"named_recipe","True","True","Tailoring","197","56028","Spellweave Robe","19483","990","Robes & Tunics","False","0","0"
"named_recipe","True","True","Tailoring","197","56029","Spellweave Gloves","19484","993","Gloves","False","0","0"
"named_recipe","True","True","Tailoring","197","56030","Frostwoven Leggings","19429","994","Pants","False","0","0"
"named_recipe","True","True","Tailoring","197","56031","Frostwoven Wristwraps","19485","991","Bracers","False","1","0"
"named_recipe","True","True","Tailoring","197","59582","Frostsavage Belt","20192","992","Belts","False","0","0"
"named_recipe","True","True","Tailoring","197","59583","Frostsavage Bracers","20193","991","Bracers","False","0","0"
"named_recipe","True","True","Tailoring","197","59584","Frostsavage Shoulders","20194","989","Shoulders","False","0","0"
"named_recipe","True","True","Tailoring","197","59585","Frostsavage Boots","20195","995","Boots","False","0","0"
"named_recipe","True","True","Tailoring","197","59586","Frostsavage Gloves","20196","993","Gloves","False","0","0"
"named_recipe","True","True","Tailoring","197","59587","Frostsavage Robe","20197","990","Robes & Tunics","False","0","0"
"named_recipe","True","True","Tailoring","197","59588","Frostsavage Leggings","20198","994","Pants","False","0","0"
"named_recipe","True","True","Tailoring","197","59589","Frostsavage Cowl","20199","988","Hats & Hoods","False","0","0"
"named_recipe","True","True","Tailoring","197","60969","Flying Carpet","20391","998","Mounts","False","0","0"
"named_recipe","True","True","Tailoring","197","60971","Magnificent Flying Carpet","20392","998","Mounts","False","0","0"
"named_recipe","True","True","Tailoring","197","60990","Glacial Waistband","20399","992","Belts","False","0","0"
"named_recipe","True","True","Tailoring","197","60993","Glacial Robe","20397","990","Robes & Tunics","False","0","0"
"named_recipe","True","True","Tailoring","197","60994","Glacial Slippers","20398","995","Boots","False","0","0"
"named_recipe","True","True","Tailoring","197","63203","Sash of Ancient Power","21013","992","Belts","False","0","0"
"named_recipe","True","True","Tailoring","197","63204","Spellslinger's Slippers","21012","995","Boots","False","0","0"
"named_recipe","True","True","Tailoring","197","63205","Cord of the White Dawn","21011","992","Belts","False","0","0"
"named_recipe","True","True","Tailoring","197","63206","Savior's Slippers","21010","995","Boots","False","0","0"
"named_recipe","True","True","Tailoring","197","63924","Emerald Bag","20886","987","Bags","False","0","0"
"named_recipe","True","True","Tailoring","197","64729","Frostguard Drape","21018","996","Cloaks","False","0","0"
"named_recipe","True","True","Tailoring","197","64730","Cloak of Crimson Snow","21019","996","Cloaks","False","0","0"
"named_recipe","True","True","Tailoring","197","67064","Royal Moonshroud Robe","21225","990","Robes & Tunics","False","0","0"
"named_recipe","True","True","Tailoring","197","67065","Royal Moonshroud Bracers","21226","991","Bracers","False","0","0"
"named_recipe","True","True","Tailoring","197","67066","Merlin's Robe","21227","990","Robes & Tunics","False","0","0"
"named_recipe","True","True","Tailoring","197","67079","Bejeweled Wizard's Bracers","21228","991","Bracers","False","0","0"
"named_recipe","True","True","Tailoring","197","67144","Royal Moonshroud Robe","21229","990","Robes & Tunics","False","0","0"
"named_recipe","True","True","Tailoring","197","67145","Bejeweled Wizard's Bracers","21230","991","Bracers","False","0","0"
"named_recipe","True","True","Tailoring","197","67146","Merlin's Robe","21231","990","Robes & Tunics","False","0","0"
"named_recipe","True","True","Tailoring","197","67147","Royal Moonshroud Bracers","21232","991","Bracers","False","0","0"
"named_recipe","True","True","Tailoring","197","70550","Leggings of Woven Death","21363","994","Pants","False","0","0"
"named_recipe","True","True","Tailoring","197","70551","Deathfrost Boots","21364","995","Boots","False","0","0"
"named_recipe","True","True","Tailoring","197","70552","Lightweave Leggings","21365","994","Pants","False","0","0"
"named_recipe","True","True","Tailoring","197","70553","Sandals of Consecration","21366","995","Boots","False","0","0"
"named_recipe","True","True","Tailoring","197","75597","Frosty Flying Carpet","21729","998","Mounts","False","0","0"
"named_recipe","True","True","Tailoring","197","1263620","Gilded Dalaran Banner","56377","2344","House Decor","True","0","0"
"named_recipe","True","True","Tailoring","197","1263627","Kirin Tor Skyline Banner","56378","2344","House Decor","True","0","0"
